{"type": "FeatureCollection", "crs": {"type": "name", "properties": {"name": "EPSG:4326"}}, "features": [{"type": "Feature", "geometry": {"type": "MultiPolygon", "coordinates": [[[[-123.679766691293, 41.1115382080328], [-123.679761549894, 41.1115522097417], [-123.679752902882, 41.1115757580702], [-123.679734968519, 41.1116155088943], [-123.679704516002, 41.1116574243211], [-123.679672026403, 41.1116996508222], [-123.67963900491, 41.1117452791615], [-123.679607109613, 41.1117869337345], [-123.679573355393, 41.111829198294], [-123.679542580951, 41.1118729477984], [-123.679514751195, 41.1119150098473], [-123.679494628303, 41.1119614268321], [-123.679484446319, 41.1120082355826], [-123.679477177103, 41.1120574196719], [-123.679475492533, 41.1120706623252], [-123.679470123695, 41.112112864833], [-123.679459300699, 41.1121676259994], [-123.679445741233, 41.1122197864854], [-123.679433659394, 41.1122721346292], [-123.679423075005, 41.1123090333677], [-123.679418393286, 41.1123253519027], [-123.679404901917, 41.1123745348448], [-123.679396716193, 41.1124346465022], [-123.67937667777, 41.1124984069221], [-123.679359333812, 41.1125534191173], [-123.679341880031, 41.112606215094], [-123.679329337302, 41.112659737879], [-123.679316995399, 41.1127116002089], [-123.679316739861, 41.1127637614996], [-123.67932439797, 41.1128135196412], [-123.679338978623, 41.1128561224636], [-123.679358906187, 41.1128875391781], [-123.679371398802, 41.1129025160374], [-123.679383061723, 41.1129164988035], [-123.679404222238, 41.1129426169542], [-123.679495005463, 41.1130071101321], [-123.67958516072, 41.1130574689242], [-123.679706154409, 41.1131809616198], [-123.679753525548, 41.1132527819639], [-123.679879272173, 41.1135071764408], [-123.679891738027, 41.1135367373104], [-123.680017558385, 41.1138351054141], [-123.680178473817, 41.1141770719458], [-123.680180012239, 41.1141845277708], [-123.680186072057, 41.1141962564073], [-123.680201754973, 41.1142414775244], [-123.680209785612, 41.1142895101683], [-123.68021262598, 41.1143329739845], [-123.680216113721, 41.1143745350973], [-123.68020665257, 41.1144200803215], [-123.68019252313, 41.114468818508], [-123.680190317209, 41.114510702392], [-123.680186168184, 41.1145561216668], [-123.680186500604, 41.1146034412881], [-123.680213187131, 41.114644872638], [-123.680245609744, 41.1146798177018], [-123.680287455917, 41.1147061846689], [-123.680329588698, 41.114725237256], [-123.680367063953, 41.1147459847086], [-123.680416836937, 41.1147692348987], [-123.680473376177, 41.1147938305288], [-123.680525152584, 41.1148205333048], [-123.680565131444, 41.1148539473273], [-123.680592469806, 41.1148870720882], [-123.680617236276, 41.1149218938248], [-123.680635867501, 41.1149597217309], [-123.680648463625, 41.1149998733141], [-123.680657125016, 41.1150395112672], [-123.680663801325, 41.1150847296759], [-123.68067136172, 41.1151360862972], [-123.680675134473, 41.1151851421401], [-123.680669317521, 41.1152279589691], [-123.68066501172, 41.1152746619164], [-123.680653735036, 41.1155657661895], [-123.680677092853, 41.1157141750362], [-123.680713894742, 41.1159480026925], [-123.680835855699, 41.1164531443947], [-123.680882050904, 41.116627171997], [-123.680959015421, 41.1168222639059], [-123.681003920249, 41.1169001984578], [-123.681030115085, 41.1169456608695], [-123.681069677275, 41.1170143226449], [-123.681075619925, 41.1170283876872], [-123.681098041387, 41.1170814598016], [-123.681132387962, 41.1171584397192], [-123.681138533083, 41.1171609778649], [-123.681208738394, 41.1171899683802], [-123.681208900993, 41.1171900268714], [-123.681242454324, 41.1172021342539], [-123.681316418999, 41.117228824358], [-123.681353944947, 41.1172412892514], [-123.681476282083, 41.1172819266493], [-123.681590155045, 41.1173094308316], [-123.681640101741, 41.1173214942566], [-123.681655201825, 41.1173260971639], [-123.68171948921, 41.1173456919396], [-123.68179954827, 41.1173700936772], [-123.681982214263, 41.1174320673797], [-123.681998411067, 41.1174381302469], [-123.682049541319, 41.1174572685518], [-123.682100671591, 41.1174764059329], [-123.682169205068, 41.1175165342017], [-123.682199300143, 41.1175335206793], [-123.682256069633, 41.1175655636429], [-123.682361083526, 41.1176054766536], [-123.682392878061, 41.117605288332], [-123.682433662823, 41.1176050467478], [-123.682524344648, 41.1175909976004], [-123.68254663559, 41.1175945443927], [-123.68266080823, 41.1176127089794], [-123.682806808731, 41.1176568817904], [-123.682920800484, 41.1177012468641], [-123.682934009597, 41.117707037253], [-123.682960178927, 41.1177185078031], [-123.683012042582, 41.1177412418157], [-123.683062661662, 41.1177769726726], [-123.683068581557, 41.1177845439007], [-123.683086564512, 41.1178075373077], [-123.683094423077, 41.1178175850401], [-123.683120263432, 41.1178506261804], [-123.683122267295, 41.1178531869738], [-123.683150719769, 41.117883001278], [-123.683171279719, 41.1179045471235], [-123.683182102193, 41.1179158870321], [-123.683241704888, 41.1179560694192], [-123.683267204397, 41.1179649603863], [-123.683282336739, 41.117970236684], [-123.683297469075, 41.1179755120789], [-123.683343368219, 41.1179915154327], [-123.683371271847, 41.1180012433695], [-123.683419532083, 41.1180180686267], [-123.68343081653, 41.1180246756878], [-123.683476409746, 41.1180513705572], [-123.68353376085, 41.1180849497981], [-123.683693910446, 41.1182011039626], [-123.683785835565, 41.1182802861019], [-123.683813349562, 41.1183039857973], [-123.683868940087, 41.118340162407], [-123.68395051749, 41.1183932494054], [-123.684009841751, 41.1184244241763], [-123.684069166068, 41.1184555989161], [-123.68410866841, 41.1184748539876], [-123.684121852225, 41.1184812803517], [-123.684170425945, 41.11850495579], [-123.684206099624, 41.1185223445944], [-123.684347730156, 41.1185755520609], [-123.68449317632, 41.1186017109837], [-123.684556651718, 41.118617014895], [-123.684620803034, 41.1186324814018], [-123.684624458891, 41.1186337586251], [-123.684685048618, 41.1186549528073], [-123.684734752046, 41.1186723391372], [-123.684775883084, 41.1186901087936], [-123.684772464348, 41.1187202418415], [-123.68477179217, 41.1187261667725], [-123.684746791859, 41.1187514872273], [-123.684740478413, 41.1187578807725], [-123.684641719482, 41.1187748090664], [-123.684666234295, 41.1187977886261], [-123.684692283571, 41.1188021062675], [-123.684693773095, 41.1188239381273], [-123.684709761554, 41.1188464594013], [-123.684721298513, 41.118866104764], [-123.684726271258, 41.1188897922797], [-123.684751616921, 41.1188973506513], [-123.684769236305, 41.1189101471326], [-123.684777372484, 41.1189283011667], [-123.68478695217, 41.118946207008], [-123.684810003638, 41.118951699965], [-123.684834758104, 41.1189595626983], [-123.684825533693, 41.118987755712], [-123.684835704186, 41.1190115024046], [-123.684863878719, 41.1190181224202], [-123.684863511236, 41.1190413264197], [-123.684845844484, 41.1190590438147], [-123.684835628448, 41.1190777861621], [-123.684854307425, 41.1190899502777], [-123.684835330064, 41.1191080970347], [-123.684817107717, 41.1191206111243], [-123.684834792762, 41.1191407486958], [-123.684844612636, 41.1191582648605], [-123.684825350243, 41.1191731722445], [-123.684795147823, 41.1191622692763], [-123.68477490486, 41.1191482750212], [-123.684760626023, 41.1191681954309], [-123.684765667193, 41.1191890648457], [-123.684739154759, 41.1191921175886], [-123.684754944961, 41.1192148075812], [-123.684786327791, 41.1192113790783], [-123.684805052974, 41.1192274127484], [-123.684829181914, 41.1192283745958], [-123.684860140786, 41.1192294246505], [-123.684891277108, 41.1192410129604], [-123.684916364126, 41.1192406350143], [-123.684915591439, 41.1192606093644], [-123.684941178184, 41.1192590303826], [-123.684948602549, 41.1192777975738], [-123.684963995276, 41.119293411442], [-123.684991430438, 41.1193072701179], [-123.684975865469, 41.119322064562], [-123.684966569881, 41.1193397439125], [-123.684993435459, 41.119325283133], [-123.685016206926, 41.119341981819], [-123.685023874524, 41.1193613411835], [-123.685023797434, 41.1193726006964], [-123.685023733418, 41.1193819099072], [-123.68501543629, 41.1193901042438], [-123.685007139151, 41.119398297679], [-123.685031980724, 41.1194027197095], [-123.685045612265, 41.1194112808939], [-123.685050102553, 41.11941410071], [-123.685055688744, 41.119417609424], [-123.685060081899, 41.1194203667614], [-123.685067373893, 41.1194408327327], [-123.685084880013, 41.1194548594247], [-123.685099947297, 41.1194702130777], [-123.685115284555, 41.1194893052297], [-123.685144782075, 41.1194932284307], [-123.685146702717, 41.119519273445], [-123.685165126354, 41.1195327532893], [-123.685182075402, 41.1195480741206], [-123.685196752292, 41.1195680349536], [-123.685214352964, 41.1195829006054], [-123.685221753385, 41.11960439373], [-123.685229944189, 41.1196252597025], [-123.685210835361, 41.1196405058367], [-123.685211972364, 41.1196596914417], [-123.685227234101, 41.1196807919024], [-123.685240262359, 41.1197023488375], [-123.685277607109, 41.1197218082049], [-123.68529248053, 41.1197405013362], [-123.685313357517, 41.1197596505875], [-123.685337086396, 41.1197750382591], [-123.685356762069, 41.1197894330393], [-123.685374915675, 41.1198051123987], [-123.685375408688, 41.1198056715626], [-123.685393693373, 41.1198263927972], [-123.685409885728, 41.1198477417209], [-123.685416865117, 41.1198666547535], [-123.685434781263, 41.1198794286463], [-123.685440250248, 41.1199014340897], [-123.68545665994, 41.1199163058886], [-123.685463438775, 41.1199173149829], [-123.685482168271, 41.1199201041062], [-123.685510440285, 41.1199234561935], [-123.685506024727, 41.1199415614497], [-123.685492861027, 41.1199625247397], [-123.685525593115, 41.1199739133127], [-123.68555497193, 41.1199840345929], [-123.685580172338, 41.1199952130436], [-123.685606107134, 41.1200008409155], [-123.685619271666, 41.1200193351886], [-123.685617760539, 41.1200383834125], [-123.685591280671, 41.1200475705807], [-123.685566824247, 41.1200498528083], [-123.685537477397, 41.1200710817549], [-123.685512703757, 41.1200670341615], [-123.685485389278, 41.1200581752144], [-123.685450968072, 41.1200565207764], [-123.685423883003, 41.1200698254438], [-123.685398141874, 41.1200635784325], [-123.685364559546, 41.1200665310549], [-123.685339976529, 41.1200639740089], [-123.685310195823, 41.1200486556685], [-123.685273142499, 41.1200417723986], [-123.685247382463, 41.1200427525548], [-123.685207902338, 41.1200421343243], [-123.685182597985, 41.1200344722183], [-123.685179383565, 41.1200334995593], [-123.685173840163, 41.1200318201146], [-123.685139456729, 41.1200300158266], [-123.685134452723, 41.120029346568], [-123.685118178723, 41.1200271751446], [-123.685112677309, 41.1200264403825], [-123.685102698782, 41.1200232406423], [-123.685086702552, 41.1200181120498], [-123.685058724137, 41.1200110360223], [-123.68502290788, 41.1200084457173], [-123.684996569313, 41.1200002969843], [-123.684971117051, 41.1200070475516], [-123.684931097266, 41.1200096302618], [-123.684899897553, 41.1200079069623], [-123.684888165049, 41.1200069453002], [-123.684865618044, 41.1200050975868], [-123.684826378305, 41.1200018186456], [-123.684795962586, 41.1199986232604], [-123.684774116196, 41.1200127235667], [-123.68475017377, 41.1200367252693], [-123.684727806013, 41.1200478839625], [-123.684732348456, 41.1200726811093], [-123.684733394507, 41.1200951623713], [-123.68473447231, 41.1201213862532], [-123.684754122102, 41.1201447541214], [-123.684749437784, 41.1201589127556], [-123.684744714166, 41.1201671128556], [-123.684732757242, 41.1201821533564], [-123.684731396702, 41.1202058586913], [-123.684726533339, 41.1202329340059], [-123.684735508261, 41.1202506281513], [-123.684709790187, 41.1202589782533], [-123.684686414235, 41.120270789702], [-123.684697026907, 41.1202749459581], [-123.684703812188, 41.1202776044167], [-123.684707639581, 41.1202791022132], [-123.684706662742, 41.1202978932248], [-123.684706595123, 41.1202991808646], [-123.684709753191, 41.1203147882081], [-123.68471047392, 41.1203183465738], [-123.684711350738, 41.1203158344465], [-123.684717287168, 41.1202988245584], [-123.684718994206, 41.1203208352787], [-123.684719397148, 41.120326023272], [-123.684722439064, 41.1203326323506], [-123.684727897745, 41.1203444967232], [-123.68473368663, 41.120346069337], [-123.684750249318, 41.1203505667562], [-123.684751421199, 41.1203508858791], [-123.684769648387, 41.1203629851306], [-123.684745719036, 41.1203640750001], [-123.684734736616, 41.120364573559], [-123.684743110152, 41.1203718526681], [-123.68475250064, 41.1203800166195], [-123.684737055532, 41.1203942238984], [-123.684733364747, 41.1203976184163], [-123.684734575377, 41.1204190862038], [-123.684734712667, 41.1204215220417], [-123.68473571549, 41.1204310185812], [-123.684737395843, 41.1204447304233], [-123.68472008404, 41.1204601918935], [-123.684747976711, 41.1204696619277], [-123.684750485966, 41.120470979291], [-123.684774620287, 41.1204836460634], [-123.684772298607, 41.1205030107685], [-123.684784009954, 41.1205226712965], [-123.684779533502, 41.1205409002946], [-123.684759638418, 41.1205539981227], [-123.684746475472, 41.1205726615886], [-123.684738336679, 41.1205806351684], [-123.684730199065, 41.1205886078399], [-123.684709682932, 41.120601093206], [-123.684702780577, 41.1206212138783], [-123.684698435386, 41.120644166769], [-123.684688713359, 41.1206666859038], [-123.68468267101, 41.1206770611538], [-123.684678550296, 41.1206841343744], [-123.684684357456, 41.1206969758428], [-123.684687433541, 41.1207037765884], [-123.684695264936, 41.1207018689994], [-123.684711132092, 41.1206980039622], [-123.684699579652, 41.1207103675904], [-123.684697329477, 41.1207127752802], [-123.684703009727, 41.1207207405911], [-123.684705647389, 41.1207244406989], [-123.684708689997, 41.1207287077031], [-123.684705029287, 41.1207327055747], [-123.684693585455, 41.1207452045769], [-123.684673317841, 41.1207655614182], [-123.684655433988, 41.1207802038509], [-123.684662158139, 41.1207989824231], [-123.684663762618, 41.1208213261456], [-123.684657648181, 41.1208397819645], [-123.684644676657, 41.1208571579434], [-123.68464602683, 41.1208776124061], [-123.684648482329, 41.1208863643619], [-123.684652920717, 41.1209021775853], [-123.684660328692, 41.1209244003411], [-123.684674931149, 41.1209465830414], [-123.684685748489, 41.1209626276903], [-123.684688446518, 41.1209651437934], [-123.684705188051, 41.1209807595835], [-123.684704463102, 41.1210055637118], [-123.684716649724, 41.1210278517449], [-123.684719020385, 41.1210465480922], [-123.68471641223, 41.1210573785526], [-123.684714211718, 41.1210665139941], [-123.684736957923, 41.1210791259672], [-123.684729768781, 41.121098934867], [-123.684734841589, 41.1211204274389], [-123.684765649572, 41.1211341508141], [-123.684770189806, 41.1211587263719], [-123.684762849463, 41.1211838148377], [-123.684764964705, 41.1211881359952], [-123.684767509548, 41.1211933328754], [-123.684774224037, 41.1212070490227], [-123.684786449308, 41.1212276631386], [-123.684758096504, 41.1212471879744], [-123.68474135128, 41.1212784424395], [-123.684714815996, 41.1213001219756], [-123.684692585386, 41.1213119104025], [-123.684669056001, 41.1213800576471], [-123.684667652099, 41.1213841213747], [-123.684627361841, 41.1214474156428], [-123.684560129576, 41.1215333925976], [-123.68443371859, 41.1216197193091], [-123.684397482216, 41.1216431616125], [-123.684370483605, 41.121660628996], [-123.684261656089, 41.1216837962371], [-123.684112205273, 41.1217027006336], [-123.683975639275, 41.1217080145961], [-123.683916514282, 41.1217083674118], [-123.683885309768, 41.1217085517541], [-123.683853173796, 41.1217087434188], [-123.683760812422, 41.1217289407047], [-123.68372615268, 41.121736520329], [-123.68370777871, 41.1217417458971], [-123.683705038817, 41.1217425413462], [-123.683611315944, 41.1217697565876], [-123.683593075999, 41.121781356276], [-123.683554224235, 41.1218082170408], [-123.683560505424, 41.1218668684379], [-123.683562645971, 41.1218879839089], [-123.683581695307, 41.1219202869256], [-123.683596496132, 41.1219363440696], [-123.683600317304, 41.1219590466785], [-123.683597517541, 41.1219824281399], [-123.683591116128, 41.1220066732168], [-123.683609333255, 41.1220217966801], [-123.683638597048, 41.1220347782534], [-123.683654561954, 41.1220505114015], [-123.683634497119, 41.1220679789013], [-123.683650976624, 41.1220900235762], [-123.683675317182, 41.1221023236276], [-123.683697271057, 41.1220903415674], [-123.683725078484, 41.1220907422362], [-123.683737658003, 41.1221098085922], [-123.683751340448, 41.1221304664129], [-123.683772610404, 41.1221417676693], [-123.683786478184, 41.122156637672], [-123.683791305938, 41.1221786433885], [-123.683797522984, 41.1222002201869], [-123.683785707822, 41.12221657941], [-123.6837590964, 41.1222348920001], [-123.683738549568, 41.1222615874303], [-123.683718533205, 41.1222789087276], [-123.6837007944, 41.1222943869881], [-123.683681437262, 41.1223147400491], [-123.683671236496, 41.1223361809785], [-123.683674680705, 41.1223631889229], [-123.683680598768, 41.122390737977], [-123.68369496909, 41.1224138535965], [-123.683703479775, 41.1224332999166], [-123.683701311976, 41.1224530654361], [-123.683702287363, 41.12247381759], [-123.683729098313, 41.1224740295994], [-123.68371274383, 41.1224879160461], [-123.683728236672, 41.1224876511451], [-123.683466218152, 41.122598304015], [-123.683152313415, 41.1228753149052], [-123.682503430098, 41.1230099150596], [-123.682609165947, 41.1230658765971], [-123.682632979713, 41.1230784799528], [-123.682789960226, 41.1231695488514], [-123.682905565663, 41.1233028047621], [-123.68302915502, 41.1234031711013], [-123.683031836473, 41.1234053486411], [-123.683132967258, 41.1234847847106], [-123.683133922483, 41.1234845394346], [-123.683427083572, 41.1234091732231], [-123.683490827244, 41.1234834331965], [-123.683497739164, 41.123651539239], [-123.683494629208, 41.1236807407717], [-123.683519286654, 41.1236834590083], [-123.68363342717, 41.1237413316621], [-123.683678524431, 41.1237704660134], [-123.683666922015, 41.1238378846654], [-123.683669728679, 41.1239058393552], [-123.683686870316, 41.1239725802752], [-123.683717907421, 41.1240363886068], [-123.683720316348, 41.1240396207779], [-123.683762039134, 41.1240956224375], [-123.683818129874, 41.1241487580411], [-123.683884737106, 41.124194425746], [-123.684260725665, 41.1244809972343], [-123.684375671547, 41.1245686059268], [-123.684385138957, 41.1245746030308], [-123.684494215458, 41.1246460186381], [-123.684570388943, 41.1247041168306], [-123.684653441584, 41.1247669708257], [-123.684723851722, 41.1247221359245], [-123.685087977968, 41.1244902754359], [-123.685890657052, 41.1242149218763], [-123.686260536506, 41.1244544259941], [-123.686376937102, 41.1245297966201], [-123.686711341441, 41.124746326851], [-123.686712199592, 41.1247461397749], [-123.686860968859, 41.1248425910427], [-123.686860278327, 41.1247791106937], [-123.686938723794, 41.1247786429597], [-123.686942000176, 41.124845046284], [-123.687025968933, 41.124847591145], [-123.687121969582, 41.1248875913229], [-123.68713496958, 41.1250205910065], [-123.687188968581, 41.1250555909048], [-123.687198779707, 41.1252098314391], [-123.687208030614, 41.1253552448126], [-123.687318133188, 41.1270860021239], [-123.687180085443, 41.1273217818687], [-123.68743896944, 41.1277455909674], [-123.687431968839, 41.127855590993], [-123.687367969227, 41.1280725906615], [-123.687361969264, 41.1282115912062], [-123.687297213796, 41.1282623707353], [-123.687541322249, 41.128235261265], [-123.687574106988, 41.128269408403], [-123.687651535441, 41.128350051123], [-123.687679992487, 41.1285274252374], [-123.687892314597, 41.1287191168821], [-123.687886381435, 41.1287283323112], [-123.68795533979, 41.1287225860181], [-123.687940314719, 41.1289930313116], [-123.688030465007, 41.129263477236], [-123.68825583573, 41.1295339233012], [-123.688345983762, 41.1297743193518], [-123.688526280703, 41.1299546169093], [-123.688511257219, 41.1302701370703], [-123.688676528205, 41.1304203835904], [-123.688751652903, 41.1305706328952], [-123.688871849871, 41.1307960037311], [-123.689217422993, 41.1309312268409], [-123.689427767761, 41.1311716234324], [-123.689517917582, 41.1313969950254], [-123.689487866261, 41.1315622670916], [-123.689397719557, 41.1319078378803], [-123.689367669016, 41.1321632586921], [-123.689298587361, 41.1322857215916], [-123.689304968818, 41.1324005914316], [-123.68927696866, 41.1324825907275], [-123.689246968765, 41.1326315913477], [-123.689145969285, 41.1327445912995], [-123.689046969489, 41.1329095910591], [-123.688943969252, 41.132993590918], [-123.688828055038, 41.1330329578842], [-123.688826775747, 41.1330346950586], [-123.688649571709, 41.1332212280396], [-123.688541306687, 41.1333351905972], [-123.688210760842, 41.1336206619406], [-123.687895241099, 41.1337859334162], [-123.687671999467, 41.1338919998022], [-123.68764699953, 41.1339639999774], [-123.687508000047, 41.1339969996802], [-123.687473001268, 41.1340479998252], [-123.687522999562, 41.134118000307], [-123.687507999476, 41.1341890003391], [-123.687427999435, 41.1342699997393], [-123.687291999642, 41.1343809999541], [-123.687212000243, 41.1344830003107], [-123.687197001462, 41.1345480001019], [-123.687153998786, 41.1346210002423], [-123.687051000463, 41.1346520001668], [-123.687043999779, 41.1346879998146], [-123.686989998285, 41.134733000352], [-123.686825999046, 41.1348510004082], [-123.686785000296, 41.1349669995709], [-123.686750000129, 41.135011000329], [-123.686714999689, 41.1350760003864], [-123.686709000034, 41.1351469997977], [-123.686713000021, 41.135210999882], [-123.686687998255, 41.1352839997279], [-123.686690998247, 41.1353330003474], [-123.686672001161, 41.1355120004465], [-123.686601999791, 41.1356210002883], [-123.686578999481, 41.1357220001633], [-123.686613000253, 41.1358280002053], [-123.686606000471, 41.1358920000899], [-123.686553999725, 41.1359719996444], [-123.686549000121, 41.1360650003702], [-123.686496999475, 41.1361519999648], [-123.686333000032, 41.1362640000134], [-123.686236999575, 41.1364029996188], [-123.68616600024, 41.1364969997049], [-123.686115000093, 41.1366059995536], [-123.685777451749, 41.1367617912182], [-123.685702193288, 41.1370229730512], [-123.685540847865, 41.1371979585729], [-123.68554852926, 41.137468459021], [-123.685350649031, 41.1376756812933], [-123.685274578338, 41.1379059055676], [-123.685324897618, 41.1382040256009], [-123.684991515447, 41.1384492515565], [-123.68485848178, 41.138545357303], [-123.685030673128, 41.1386567020407], [-123.685099999702, 41.1388470003347], [-123.685334424451, 41.1390498788178], [-123.685363241472, 41.139289992197], [-123.685214000013, 41.1394070003945], [-123.685154000276, 41.1395300002852], [-123.684983000109, 41.1396919998025], [-123.684810000109, 41.1398119997554], [-123.684690999754, 41.1398720000437], [-123.684573999871, 41.1399830002424], [-123.684492999421, 41.140063000005], [-123.684429000544, 41.1401010001007], [-123.684301000365, 41.1401620001906], [-123.684094000302, 41.1401820003975], [-123.68395600011, 41.1400579996264], [-123.683845000376, 41.1399039996258], [-123.683762000177, 41.1397570000309], [-123.683708000536, 41.1396229996502], [-123.683699000386, 41.1394589996845], [-123.683589857805, 41.1393162744368], [-123.68355030391, 41.1393401901079], [-123.683457684552, 41.139375223833], [-123.683263847751, 41.1394485425774], [-123.683160000086, 41.1394180000478], [-123.683058639115, 41.1393037202395], [-123.683057977589, 41.139303009833], [-123.683003941056, 41.1393276840847], [-123.682938904317, 41.1393571959303], [-123.682838789188, 41.1394026237131], [-123.682580148533, 41.1394509050376], [-123.682369845441, 41.1394901626636], [-123.682074426282, 41.1393267445587], [-123.681578146321, 41.1394274649143], [-123.681540405155, 41.13951721897], [-123.681528408823, 41.1396743477753], [-123.681408374168, 41.1396883310662], [-123.68141096927, 41.1397055911307], [-123.681387968592, 41.1397635914478], [-123.681264968541, 41.1398145913165], [-123.681108968565, 41.1399625908343], [-123.681125514215, 41.1400973174437], [-123.681271733643, 41.1401521497312], [-123.681305478679, 41.1402196402671], [-123.681364532634, 41.1404136740656], [-123.681411070477, 41.1404927893016], [-123.681471969335, 41.1405335907965], [-123.681665968869, 41.1404945907281], [-123.681756497426, 41.1404761499194], [-123.681774655317, 41.1404908478915], [-123.681864646167, 41.1405429026557], [-123.681964798573, 41.1405829715902], [-123.682159714964, 41.1406819172392], [-123.682563624248, 41.1408689992888], [-123.682661560783, 41.1409040813412], [-123.682764477083, 41.1409297511331], [-123.682893660145, 41.1409476975579], [-123.683024939371, 41.1409508403854], [-123.683155363593, 41.1409391070313], [-123.68317009994, 41.1409383233237], [-123.683203768954, 41.1409398189338], [-123.683363566436, 41.1409393295842], [-123.683423147867, 41.1409436323145], [-123.683435968814, 41.1409815913386], [-123.683425968971, 41.1409855907354], [-123.683430969129, 41.1409915909794], [-123.683330968683, 41.1410235912787], [-123.683207969534, 41.1410695911034], [-123.683067969207, 41.1410495914113], [-123.682923968856, 41.1410635913781], [-123.683049020293, 41.1411733403285], [-123.683160969416, 41.1412715907528], [-123.683269583844, 41.1412209561469], [-123.683308540204, 41.1413369246764], [-123.683372968861, 41.1413365911222], [-123.683506969307, 41.1414955913859], [-123.683436969553, 41.1416115910685], [-123.683404759197, 41.1417034630779], [-123.683367441517, 41.1418099032737], [-123.683464792713, 41.1418225169245], [-123.683445079964, 41.1418921516802], [-123.683374600179, 41.1418704742653], [-123.68334896955, 41.1418625912403], [-123.683266097977, 41.1419518775874], [-123.683395978211, 41.1419556228091], [-123.683406055263, 41.1420700402993], [-123.683394784652, 41.1422966836111], [-123.683336450915, 41.1423866378433], [-123.683340288235, 41.1424966451309], [-123.683172571682, 41.1425451765667], [-123.682821391181, 41.1424954577707], [-123.682828968621, 41.1425365908001], [-123.682834354253, 41.1426389078644], [-123.682836969212, 41.1426885909082], [-123.682820968679, 41.1428605912622], [-123.682662969524, 41.1429805909084], [-123.682652735685, 41.1429889478583], [-123.68249396841, 41.1431185912071], [-123.682414969221, 41.1433025912636], [-123.682305177166, 41.143450387934], [-123.68220373775, 41.1435595405652], [-123.682203676788, 41.143559637311], [-123.682047470553, 41.1438029178873], [-123.682036273861, 41.1438286585757], [-123.681976760008, 41.1440184863721], [-123.681926224145, 41.1441617863877], [-123.681814394818, 41.144323325416], [-123.681777507955, 41.1443565812118], [-123.681706626636, 41.1444204876731], [-123.68155622513, 41.1445107533942], [-123.681283459029, 41.1446589430181], [-123.681193028355, 41.1447090574442], [-123.680980601121, 41.1448267814249], [-123.680794412809, 41.1449299615817], [-123.680784398316, 41.1449363046968], [-123.68068619017, 41.14499851369], [-123.680338651591, 41.1452186559091], [-123.680247196941, 41.1452684189245], [-123.679929401076, 41.145441338568], [-123.679778497095, 41.145523450052], [-123.679694349464, 41.1455692366462], [-123.679045700619, 41.145860114151], [-123.679039992763, 41.1458626736204], [-123.678884594376, 41.1459279385821], [-123.678795405137, 41.1459928159007], [-123.678753616927, 41.1460681377878], [-123.678716706678, 41.146157730097], [-123.678707949392, 41.1462257077505], [-123.678708686617, 41.1462972029048], [-123.678728451017, 41.1463793116831], [-123.678776554102, 41.1464576782265], [-123.678809347446, 41.1464811145694], [-123.678886616487, 41.146536338083], [-123.678946350817, 41.1465790285812], [-123.679018173183, 41.1465991586109], [-123.679124345842, 41.1466390665592], [-123.679227213158, 41.1466835005635], [-123.679332364906, 41.146732423163], [-123.679366145046, 41.1467489084172], [-123.679435092702, 41.1467921739751], [-123.679493126259, 41.1468437866575], [-123.679538501769, 41.1469021956959], [-123.679566507396, 41.1469588677724], [-123.679569858102, 41.1469656489867], [-123.679586254396, 41.1470322424125], [-123.679587196836, 41.1470999737294], [-123.679556271568, 41.1473110811852], [-123.6795344718, 41.1474899602961], [-123.679526970064, 41.1476794807847], [-123.679556564098, 41.1477972811506], [-123.679619448485, 41.1479327604184], [-123.679672726342, 41.1480539962564], [-123.679774257695, 41.1482678973517], [-123.679884546081, 41.148413822437], [-123.67990450262, 41.1484348417319], [-123.679911309085, 41.1485646795559], [-123.680044664849, 41.1486894816686], [-123.679962969288, 41.1488625908232], [-123.67972996913, 41.1489645907527], [-123.679649969505, 41.1491195909595], [-123.679654969044, 41.1492145914085], [-123.679794969474, 41.1492485907943], [-123.68000696872, 41.1492045905968], [-123.680225969348, 41.1492025913265], [-123.680261968817, 41.1492545913367], [-123.680390968669, 41.1493075914091], [-123.68057996904, 41.1493215910736], [-123.680675570549, 41.1493423740544], [-123.6807267815, 41.1493633715536], [-123.680899002817, 41.1494438501053], [-123.680940140044, 41.1494793377413], [-123.681015738034, 41.1495509505666], [-123.681094639375, 41.1496180452546], [-123.681173216867, 41.14968964396], [-123.681245832657, 41.1497612760676], [-123.681283969212, 41.1498088240103], [-123.681306954044, 41.149837481875], [-123.681311513131, 41.1498453791749], [-123.681353599443, 41.1499182763344], [-123.681388371407, 41.150003644969], [-123.681401917728, 41.1500535876054], [-123.681412765462, 41.1500935816449], [-123.681427851462, 41.1501835697753], [-123.681413142303, 41.1502737350633], [-123.681386145844, 41.1503639748343], [-123.681355379894, 41.1504497311346], [-123.681306691004, 41.1505310903778], [-123.681242685293, 41.1506080362279], [-123.681173792224, 41.1506805051834], [-123.681101177433, 41.1507529988057], [-123.681026698702, 41.1508255034017], [-123.680952173178, 41.150893501565], [-123.680875040137, 41.1509615177948], [-123.68079418292, 41.1510295541818], [-123.680712534151, 41.1510930912311], [-123.680692571963, 41.1511075777241], [-123.680647293216, 41.1511657229474], [-123.680641850329, 41.1511765402873], [-123.680618781406, 41.1512223899704], [-123.680615564256, 41.1512287847827], [-123.680598283104, 41.1512949770698], [-123.680595942848, 41.1513624232552], [-123.680608608348, 41.1514292087744], [-123.680635920428, 41.1514934413799], [-123.680677104721, 41.1515533006336], [-123.680730993618, 41.1516070864209], [-123.680773180771, 41.1516370343339], [-123.680796059038, 41.1516532764101], [-123.680959313724, 41.1516840057626], [-123.68109615555, 41.1516929784081], [-123.681233300595, 41.1516872607912], [-123.681368007759, 41.1516669727162], [-123.681406448323, 41.1516567510422], [-123.681457969254, 41.1516815909487], [-123.681352969236, 41.1518375914132], [-123.68139496926, 41.1519215912956], [-123.681436968883, 41.1520165907282], [-123.681432968814, 41.152178591108], [-123.681411968601, 41.1522555906824], [-123.681357106722, 41.1522999305845], [-123.681350976267, 41.1522955601754], [-123.681311919624, 41.1522933932868], [-123.68127248731, 41.1523133034014], [-123.681251045398, 41.1523173819883], [-123.681223476725, 41.1523226272984], [-123.681195934008, 41.1523492617407], [-123.681185556265, 41.1523786438725], [-123.681160708044, 41.1523995144217], [-123.681148692272, 41.1524099652955], [-123.681131714544, 41.1524247350779], [-123.681106387775, 41.1524219419524], [-123.681091527225, 41.1524203030047], [-123.681062916054, 41.1524437774507], [-123.681035238673, 41.1524642052969], [-123.681016038508, 41.1524976571039], [-123.680982012132, 41.1525116016447], [-123.680958590118, 41.152533946421], [-123.68093506026, 41.1525638377596], [-123.680924204045, 41.1525914517397], [-123.680893603691, 41.1526075577183], [-123.680858376981, 41.1526247152343], [-123.680829622839, 41.1526436027364], [-123.680799203501, 41.1526615434327], [-123.680768443779, 41.1526811435889], [-123.680729877839, 41.1526964786822], [-123.680689967744, 41.152711717214], [-123.680668096673, 41.1527390746775], [-123.680636294026, 41.1527559056229], [-123.680597298386, 41.1527500971334], [-123.680586152322, 41.1527794324044], [-123.680563460021, 41.1528081702086], [-123.680531911543, 41.1528327590401], [-123.680501693339, 41.1528518415735], [-123.680502695821, 41.1528803258801], [-123.680472429842, 41.1529073536678], [-123.680470296743, 41.1529373382997], [-123.680470032404, 41.15294104932], [-123.680459714332, 41.1529695572642], [-123.680430040685, 41.1529910596903], [-123.680393582505, 41.1529915011468], [-123.68037380473, 41.1530163933341], [-123.680346136705, 41.1530393837095], [-123.680309713425, 41.1530604953922], [-123.680284534043, 41.1530820090703], [-123.680269191102, 41.1531086550112], [-123.680260440732, 41.153136184427], [-123.68022396337, 41.1531435404175], [-123.680188887807, 41.1531625668782], [-123.680158477597, 41.1531803929501], [-123.680122103553, 41.1531872555654], [-123.680079767589, 41.1531906033506], [-123.680050032059, 41.1532107521545], [-123.680033511849, 41.1532354710152], [-123.67999500897, 41.1532449620563], [-123.679951456259, 41.1532356338357], [-123.679936400221, 41.1532676863893], [-123.679932817235, 41.153279522318], [-123.679914208638, 41.1533047885588], [-123.679906838626, 41.1533121744113], [-123.679869395856, 41.1533061574355], [-123.679848670455, 41.1533288716067], [-123.679837564571, 41.1533642139432], [-123.679838389319, 41.1533932866185], [-123.679824642802, 41.1534233613975], [-123.679814471799, 41.153451372979], [-123.679773174826, 41.1534571367475], [-123.679733762127, 41.1534432917668], [-123.679694497898, 41.1534629724473], [-123.679652650514, 41.1534619492558], [-123.679630854732, 41.1534865073174], [-123.679586113226, 41.153503907046], [-123.679561208479, 41.1535259720306], [-123.679531521461, 41.153548078734], [-123.679487033807, 41.1535646770238], [-123.679459400517, 41.1535826576799], [-123.67943060858, 41.1536001569348], [-123.679411038122, 41.1536249810736], [-123.679401097021, 41.1536591193449], [-123.679384599093, 41.153684299185], [-123.679349848162, 41.1537064230974], [-123.679327975814, 41.1537148096472], [-123.679307289366, 41.1537227406051], [-123.67927860418, 41.1537300404335], [-123.679283320392, 41.1537410329013], [-123.679285218104, 41.1537454554047], [-123.679292032603, 41.1537484355709], [-123.679292841184, 41.1537833535784], [-123.679270130988, 41.1538061739324], [-123.679262945432, 41.1538335192886], [-123.679232517511, 41.1538539557124], [-123.679212450159, 41.1538850378412], [-123.679180945238, 41.1539041303158], [-123.67914606532, 41.1539179316159], [-123.679109243889, 41.1539351925808], [-123.679072774709, 41.1539455910313], [-123.6790358551, 41.1539645442374], [-123.679027664, 41.1539982857191], [-123.67900268521, 41.1540253386991], [-123.678986129137, 41.1540526455918], [-123.678960319661, 41.1540782009393], [-123.67895431626, 41.1541076291428], [-123.678948088274, 41.154135158901], [-123.678932728554, 41.1541638351428], [-123.678918784833, 41.1541892908151], [-123.678899827539, 41.1542136284272], [-123.678879103972, 41.1542380818385], [-123.678836867148, 41.1542375948161], [-123.678794122697, 41.1542376935814], [-123.678803856101, 41.1542644861053], [-123.678771370934, 41.1542854002389], [-123.678739159048, 41.1543005738124], [-123.678709835427, 41.1543200730728], [-123.678675633238, 41.1543386029935], [-123.678646837949, 41.1543594115777], [-123.678614362521, 41.1543765413858], [-123.678578228669, 41.1543811185929], [-123.67857432554, 41.154412559381], [-123.678555407859, 41.1544379830566], [-123.678526587558, 41.1544608815933], [-123.678511442413, 41.1544883161245], [-123.678472731763, 41.1544887297071], [-123.678442222682, 41.154510248249], [-123.678410144925, 41.1545288547562], [-123.678370497053, 41.154543099167], [-123.678333307345, 41.1545675809921], [-123.678297636737, 41.154575602711], [-123.678259275539, 41.1545935048259], [-123.678239572381, 41.1546214823132], [-123.678269928692, 41.1546435206788], [-123.678257244897, 41.1546730746566], [-123.678248516502, 41.1547034151538], [-123.678225554655, 41.1547316027939], [-123.678211174376, 41.1547609938033], [-123.678185321787, 41.1547870473664], [-123.678156833895, 41.1548134317159], [-123.678112706273, 41.1548508572475], [-123.678084315972, 41.1548749205664], [-123.678054653945, 41.1548921570622], [-123.678035383482, 41.1549202733906], [-123.678028110747, 41.1549247616048], [-123.678017194068, 41.1549559157676], [-123.678006421655, 41.1549773603536], [-123.677990604845, 41.1550093891993], [-123.677967330835, 41.1550315919667], [-123.677944432311, 41.1550591234011], [-123.677930073384, 41.1550953485503], [-123.677914667857, 41.1551247329443], [-123.677885030084, 41.1551539407665], [-123.677851721773, 41.1551836421961], [-123.677835813898, 41.155217139845], [-123.67782296664, 41.1552483251663], [-123.677791281969, 41.1552769126538], [-123.677761010528, 41.155292632124], [-123.677735376749, 41.1553124274024], [-123.677709528755, 41.1553385033498], [-123.677685269033, 41.155360719966], [-123.677650200638, 41.1553844468361], [-123.677616079298, 41.1554095211124], [-123.677617467503, 41.1554371537188], [-123.677595259636, 41.1554675473364], [-123.677559668037, 41.1554850338739], [-123.677536425026, 41.1555100459379], [-123.677513015421, 41.1555417986954], [-123.677488836287, 41.1555689619399], [-123.677459250396, 41.1555885452948], [-123.67744358216, 41.155621616305], [-123.677425447057, 41.1556479972333], [-123.677420209792, 41.1556778316054], [-123.677401106982, 41.1557057261451], [-123.677400818563, 41.1557337424412], [-123.677401310991, 41.1557698810814], [-123.677382211832, 41.1558006806469], [-123.677368161897, 41.155828066245], [-123.677342725528, 41.1558479665672], [-123.677322343895, 41.1558785340536], [-123.677313482437, 41.1559094355491], [-123.677286133481, 41.1559399079783], [-123.677278348886, 41.1559722624203], [-123.677263473725, 41.1559997258212], [-123.677252023623, 41.1560272771769], [-123.677230906528, 41.1560579606687], [-123.677204206032, 41.1560854413416], [-123.677186319479, 41.1561122540498], [-123.677163362788, 41.1561443923119], [-123.677125826289, 41.1561463091672], [-123.6771079928, 41.1561760824509], [-123.677099223347, 41.156202850559], [-123.67707868896, 41.1562264710984], [-123.67708634339, 41.1562536110736], [-123.677082400539, 41.1562848610684], [-123.677071932777, 41.1563129128752], [-123.677056917106, 41.1563493228286], [-123.6770405951, 41.1563859593503], [-123.67701015319, 41.1564106614095], [-123.676989743072, 41.1564426621604], [-123.676982856038, 41.1564814168287], [-123.676965159409, 41.156517093068], [-123.676964363849, 41.1565475012374], [-123.676949823175, 41.1565866485897], [-123.676946766454, 41.156616689013], [-123.676953444664, 41.1566503078157], [-123.676956798765, 41.1566835759288], [-123.67693434078, 41.1567195008388], [-123.676901748636, 41.1567329718335], [-123.676876258486, 41.1567560332416], [-123.676841186025, 41.1567732084337], [-123.676804527276, 41.1567971128356], [-123.676783486061, 41.1568319727634], [-123.67677341447, 41.1568453753541], [-123.676737032084, 41.1568892027029], [-123.676713845195, 41.1569239211885], [-123.676689501774, 41.1569506042033], [-123.676662429428, 41.1569703779642], [-123.676627150739, 41.1569903476546], [-123.676586721838, 41.157010649351], [-123.676559879428, 41.1570291444157], [-123.676529839008, 41.1570484284334], [-123.676499738324, 41.1570688081589], [-123.676461907494, 41.1570899115698], [-123.676461203344, 41.1571273786938], [-123.676445864613, 41.1571573407986], [-123.676440224693, 41.1571938559469], [-123.676434660195, 41.1572228688662], [-123.676436727722, 41.1572552942007], [-123.676436036772, 41.1572852360399], [-123.676428612736, 41.1573174739002], [-123.676442752996, 41.1573455243577], [-123.676434641856, 41.1573843132005], [-123.67642963587, 41.1574157162398], [-123.67640527719, 41.1574472041002], [-123.676386181828, 41.1574792762885], [-123.676353821806, 41.157502273428], [-123.676334331743, 41.157527026298], [-123.676312363087, 41.1575539159807], [-123.676303114181, 41.1575883543686], [-123.676278926955, 41.1576234317468], [-123.676247969876, 41.1576415797697], [-123.676209861166, 41.1576656050915], [-123.676177817775, 41.1576920566562], [-123.676153205845, 41.1577181754347], [-123.676109754257, 41.1577371336109], [-123.676084536487, 41.1577598572474], [-123.676055172603, 41.157780535196], [-123.676020717685, 41.1577996549224], [-123.675988429788, 41.1578235514251], [-123.675956591544, 41.1578379680609], [-123.675918007874, 41.1578476870126], [-123.675873219646, 41.1578512917592], [-123.675819619944, 41.1578475932317], [-123.675777582442, 41.1578435277833], [-123.675740547741, 41.1578556408976], [-123.675696886664, 41.1578477223539], [-123.675649753968, 41.1578340302716], [-123.675611888184, 41.1578259155593], [-123.675572939034, 41.1578295282774], [-123.675534804878, 41.1578443771699], [-123.675495857245, 41.1578570779306], [-123.675458483891, 41.1578721997797], [-123.675437795703, 41.1579002185839], [-123.675415423124, 41.1579365723688], [-123.675400576644, 41.1579626517394], [-123.675371589398, 41.1579835921376], [-123.67537101932, 41.1580135134415], [-123.675357219214, 41.1580433024325], [-123.675346245254, 41.1580733441881], [-123.675319006025, 41.158096102929], [-123.67528964361, 41.1581134783747], [-123.675277441984, 41.1581401538598], [-123.67523064665, 41.1581361188075], [-123.675197119189, 41.1581468185645], [-123.67517421942, 41.1581796722168], [-123.675150145922, 41.1582038437174], [-123.675110381848, 41.1582270262292], [-123.675083021435, 41.1582472814262], [-123.675055258661, 41.1582700260577], [-123.675022239749, 41.1582875516773], [-123.674992737579, 41.1583086310165], [-123.67496406105, 41.158334326566], [-123.674946532857, 41.15836380406], [-123.674917936032, 41.158394136401], [-123.674912009675, 41.1584226892569], [-123.674901185505, 41.1584502790396], [-123.67487913131, 41.158478676871], [-123.674865702069, 41.1585111876193], [-123.674849535062, 41.158536611672], [-123.674833190018, 41.1585648985771], [-123.674804702732, 41.1585872150126], [-123.674785900854, 41.1585915318532], [-123.674764993087, 41.1585963312399], [-123.67475247624, 41.1585619682397], [-123.674714256673, 41.1585480929487], [-123.674692829289, 41.1585805577454], [-123.674678522316, 41.1586164011333], [-123.674688153585, 41.1586418163753], [-123.67468863747, 41.1586430926636], [-123.674684998379, 41.1586760766101], [-123.674643804452, 41.1586878363022], [-123.674602265459, 41.1587015139821], [-123.674578682372, 41.1587271723973], [-123.674562936056, 41.1587540027818], [-123.674546026436, 41.1587851340454], [-123.674509858363, 41.1587932637969], [-123.674490220546, 41.1588167299868], [-123.674465890782, 41.1588397849622], [-123.674436827785, 41.1588608435703], [-123.674415741909, 41.1588864161674], [-123.674376331092, 41.158891452632], [-123.674337273286, 41.158896975245], [-123.674318133735, 41.1589324334156], [-123.674278011544, 41.1589436552361], [-123.674247526801, 41.1589632304099], [-123.674216593549, 41.1589803301259], [-123.674172034288, 41.1589977564037], [-123.674138660011, 41.1590228838189], [-123.674119542099, 41.1590491843925], [-123.674102124706, 41.1590770838227], [-123.674066551221, 41.1590891734337], [-123.674033639021, 41.1591071755632], [-123.673993575154, 41.1591208479944], [-123.673954434383, 41.1591217787329], [-123.673917023411, 41.1591196024195], [-123.67387663493, 41.1591408010128], [-123.673837427088, 41.1591436796131], [-123.673799653217, 41.1591451734038], [-123.673783346919, 41.1591753236671], [-123.673754875069, 41.1592004880511], [-123.673721831089, 41.1592197186398], [-123.67369511608, 41.1592390653364], [-123.673655669139, 41.1592487480435], [-123.673616911485, 41.1592550919795], [-123.673600099082, 41.1592808736398], [-123.673569018032, 41.1593046398959], [-123.673532980848, 41.1593347920031], [-123.673508385859, 41.159355508973], [-123.673481568533, 41.1593807068525], [-123.673454695213, 41.1594033477089], [-123.673420868283, 41.1594300620523], [-123.673385373967, 41.1594543422888], [-123.67335266432, 41.1594741202988], [-123.673313434481, 41.15948372235], [-123.673278166744, 41.1595109324012], [-123.673260519626, 41.1595368125724], [-123.673226232027, 41.1595594066328], [-123.673188054201, 41.1595814361038], [-123.673152599675, 41.1595955262936], [-123.673104734673, 41.1596080711768], [-123.673067111099, 41.1596295262675], [-123.673053366145, 41.159664024888], [-123.67308147024, 41.1596887305893], [-123.673085414356, 41.1597171653147], [-123.673072243934, 41.1597555123597], [-123.673037391282, 41.1597855718135], [-123.673021510687, 41.1598129936872], [-123.673001018361, 41.159842958412], [-123.67298901227, 41.1598741887046], [-123.672951733213, 41.1598771404089], [-123.672911734831, 41.159880153027], [-123.672876762349, 41.1598699586077], [-123.672874641152, 41.1598695323142], [-123.672836872811, 41.1598619367816], [-123.672795308681, 41.1598593961243], [-123.672775018483, 41.1598851277146], [-123.672778237635, 41.1599180922555], [-123.672765675159, 41.1599540197936], [-123.672736750849, 41.1599759203004], [-123.672690465383, 41.1599879414345], [-123.672653183084, 41.1599994433641], [-123.672611018028, 41.1599999219963], [-123.672565566539, 41.1600066649829], [-123.672525484516, 41.1600004556628], [-123.672475262917, 41.1599824727432], [-123.672437410838, 41.1599895424373], [-123.672417435619, 41.1600128733205], [-123.672390428982, 41.1600380414227], [-123.672366734173, 41.160063978378], [-123.67232456626, 41.1600672142416], [-123.672292984997, 41.1600865511824], [-123.672256165503, 41.1600957658776], [-123.672211552132, 41.1601077878699], [-123.672190549956, 41.1601451752361], [-123.672174347362, 41.1601730889012], [-123.672169308736, 41.1602061818177], [-123.672148487721, 41.1602337738242], [-123.672140562695, 41.1602683104345], [-123.672116812078, 41.160296269037], [-123.672081576059, 41.1603183908704], [-123.672062674454, 41.1603498810919], [-123.672044066385, 41.1603756874116], [-123.672034012539, 41.160405442428], [-123.672043332734, 41.1604324495948], [-123.672043543163, 41.1604516487144], [-123.672031986235, 41.1604565452803], [-123.67199250679, 41.1604739933212], [-123.671950074707, 41.1604663301246], [-123.671905533445, 41.1604548661702], [-123.671854195401, 41.16044627573], [-123.671809054404, 41.1604450608264], [-123.671773306567, 41.1604370378972], [-123.671764013867, 41.1604372254105], [-123.671722436224, 41.1604380624097], [-123.671682081403, 41.1604345711716], [-123.671650025163, 41.1604555204177], [-123.671630863994, 41.1604816911127], [-123.67163022062, 41.1604816002812], [-123.67159485547, 41.1604766206375], [-123.67156753396, 41.1604973810126], [-123.671566983936, 41.1605275688049], [-123.671534456932, 41.1605422251394], [-123.671497163111, 41.160558487439], [-123.671468536272, 41.1605867112423], [-123.671457946966, 41.1606133138606], [-123.671464748726, 41.1606444388548], [-123.671494139698, 41.1606651514403], [-123.671528539135, 41.1606836422948], [-123.67155666574, 41.1607092814517], [-123.671521044973, 41.1607159369837], [-123.67148423927, 41.1607186071096], [-123.671449445771, 41.1607302923142], [-123.671404682628, 41.1607403088065], [-123.671366801636, 41.1607490375733], [-123.671324681335, 41.1607360792853], [-123.671278786502, 41.1607437080237], [-123.671244337268, 41.1607578314012], [-123.671228268012, 41.1607603166436], [-123.671205722488, 41.1607638025679], [-123.671186367363, 41.1607684184047], [-123.671169416439, 41.160772458136], [-123.671125589551, 41.1607786839433], [-123.671087699411, 41.1607917797033], [-123.671045944705, 41.160802273963], [-123.671009682492, 41.1608178022559], [-123.670976105313, 41.1608396051155], [-123.670940864635, 41.1608516359726], [-123.670909343304, 41.1608666411836], [-123.670849530955, 41.160921570246], [-123.670816405345, 41.1609457043766], [-123.670799724208, 41.1609578568018], [-123.670762088709, 41.1609641464013], [-123.670720506445, 41.160971111143], [-123.670679689168, 41.1609805089542], [-123.670634635608, 41.1609888405588], [-123.670591417084, 41.1609941969613], [-123.670551735914, 41.1609967177847], [-123.670509774796, 41.1609936471491], [-123.670453398753, 41.1609959867779], [-123.670382327344, 41.1609990262479], [-123.6703347979, 41.1609780955577], [-123.670303601937, 41.1609627024396], [-123.670281532367, 41.1609500927934], [-123.670270221838, 41.1609436305838], [-123.670237977687, 41.160926783366], [-123.670208870464, 41.1609086243517], [-123.670179978853, 41.1608912702828], [-123.67015034336, 41.160873669214], [-123.670099645239, 41.1608385117626], [-123.670067207799, 41.1608202315627], [-123.670038790052, 41.1608023504413], [-123.670006666923, 41.1607859042067], [-123.669977708866, 41.1607684522868], [-123.669944394713, 41.1607474099234], [-123.669907799013, 41.1607248273676], [-123.66986741386, 41.1607030307084], [-123.669825678607, 41.1606815004129], [-123.669791202507, 41.1606580083063], [-123.669751299832, 41.1606362961771], [-123.66970858598, 41.160620024038], [-123.669664689298, 41.1606056972609], [-123.669620316104, 41.160590105825], [-123.669576959735, 41.1605811986316], [-123.66953416033, 41.1605732601373], [-123.669496750861, 41.1605649741211], [-123.669456879109, 41.1605577644357], [-123.669412873972, 41.1605525659023], [-123.669350380266, 41.1605398081657], [-123.669297760516, 41.1605252959319], [-123.669256384912, 41.1605160077839], [-123.669221877863, 41.1605036224318], [-123.66917351113, 41.1604815106838], [-123.669139543894, 41.160465359569], [-123.669105574701, 41.1604497174022], [-123.669070064806, 41.1604351732304], [-123.669049126085, 41.1604265968226], [-123.669013203913, 41.1604105389976], [-123.669000334623, 41.1604047856301], [-123.668964933115, 41.1603958554233], [-123.668925329399, 41.1603804098708], [-123.668885308074, 41.1603701949178], [-123.668808243241, 41.1603635180636], [-123.668758037287, 41.1603685765536], [-123.668681121026, 41.1603982096165], [-123.668664399688, 41.1604017414024], [-123.668642616148, 41.1604078428012], [-123.668630094901, 41.1604113511013], [-123.668560567145, 41.1604245522118], [-123.668524438795, 41.1604314745962], [-123.668454950632, 41.1604465823867], [-123.668399280043, 41.1604569618754], [-123.668349340716, 41.1604626987369], [-123.668342000813, 41.1604652761506], [-123.668316061756, 41.1604743868192], [-123.668269387907, 41.1604772708124], [-123.668232488214, 41.1604835958523], [-123.668169755016, 41.1604956970782], [-123.668114292839, 41.1605113493485], [-123.668040499699, 41.1605192223891], [-123.667972613403, 41.1605147383138], [-123.667929530794, 41.1605176238627], [-123.667874066032, 41.1605143612337], [-123.66781709492, 41.1605097128878], [-123.667754325374, 41.1605014508283], [-123.667695426137, 41.1604970757302], [-123.66763775862, 41.1604919232865], [-123.667577719412, 41.1604853838306], [-123.667512806956, 41.1604791302109], [-123.667449867308, 41.1604683107261], [-123.667391590962, 41.1604598882143], [-123.667327958052, 41.1604519281856], [-123.667267033576, 41.1604424769367], [-123.667199346307, 41.1604330414084], [-123.667139430445, 41.1604217304226], [-123.66707578373, 41.1604187499043], [-123.667012132869, 41.1604073659], [-123.666956398092, 41.1603997941096], [-123.666893507072, 41.1603829378414], [-123.666836371152, 41.1603690676706], [-123.666785005161, 41.1603514158807], [-123.66674158461, 41.1603322416803], [-123.666698476404, 41.1603097777699], [-123.666655022938, 41.16028182192], [-123.666617326022, 41.1602514681629], [-123.66657942595, 41.1602290578393], [-123.666544791802, 41.1602000636423], [-123.666509177735, 41.1601688150214], [-123.666463499403, 41.1601379444029], [-123.666419457729, 41.1601067319051], [-123.666378804575, 41.1600836249178], [-123.666376417731, 41.160082268624], [-123.666329597584, 41.1600578623253], [-123.666273576047, 41.1600365322857], [-123.666226610922, 41.1600153399035], [-123.666176181223, 41.1599905274449], [-123.666119455299, 41.1599742521368], [-123.66606723441, 41.1599501643157], [-123.666013769235, 41.1599351456191], [-123.66599081632, 41.1599273522775], [-123.665959151575, 41.1599166015608], [-123.665906449352, 41.1599012370034], [-123.665859201217, 41.1598826800185], [-123.665810168762, 41.1598648242346], [-123.665748820898, 41.1598438472097], [-123.665696268789, 41.1598213978704], [-123.665642572352, 41.1598040013493], [-123.665588287542, 41.1597807539644], [-123.665522505989, 41.1597422280122], [-123.665484934525, 41.1597208945739], [-123.665436582446, 41.1596963976734], [-123.6653984528, 41.1596804433501], [-123.665360038699, 41.1596668849588], [-123.665323330535, 41.1596575990599], [-123.665297500413, 41.1596374183108], [-123.665259266629, 41.159620942084], [-123.665246949761, 41.1596139005773], [-123.665219487955, 41.1595981989578], [-123.665167593386, 41.1595655351155], [-123.665113621397, 41.1595289828215], [-123.665063726209, 41.1594963632358], [-123.665015581359, 41.1594660404477], [-123.664967568433, 41.1594324920469], [-123.664919958668, 41.159401680603], [-123.664876380044, 41.159370051373], [-123.664827915893, 41.1593370108613], [-123.66477767479, 41.1593049264148], [-123.664733235465, 41.1592750388219], [-123.664690123483, 41.1592459299424], [-123.664647379638, 41.1592191609782], [-123.664607426237, 41.1591894591369], [-123.664566498528, 41.1591606456778], [-123.664522796257, 41.1591303123627], [-123.664484950146, 41.159104141131], [-123.664443240393, 41.1590767175552], [-123.664396524304, 41.1590489003704], [-123.664357385585, 41.1590149888504], [-123.66432068541, 41.1589848429709], [-123.664288784468, 41.1589512175713], [-123.664259475168, 41.1589181068819], [-123.664232457809, 41.1588843956523], [-123.664203765223, 41.1588495581789], [-123.664176250219, 41.1588127096484], [-123.664149424833, 41.1587736844272], [-123.664124510918, 41.1587373397414], [-123.664100413695, 41.1586966476286], [-123.664079526645, 41.1586554028338], [-123.664052330463, 41.1586161175963], [-123.664031709929, 41.1585781276147], [-123.664008520386, 41.1585389057441], [-123.663986957052, 41.1584991376229], [-123.663962370128, 41.1584553739027], [-123.663948115047, 41.1584144980106], [-123.663925336779, 41.1583792885765], [-123.663899469554, 41.1583426998149], [-123.66386952757, 41.1583031844419], [-123.663840252047, 41.158262031185], [-123.663815600794, 41.1582228591336], [-123.663794573243, 41.1581814772719], [-123.663766493949, 41.1581423988294], [-123.663738324016, 41.1580998852853], [-123.663716467332, 41.1580573542727], [-123.663696345768, 41.1580163310908], [-123.663679323996, 41.1579699600642], [-123.663661411275, 41.1579222258665], [-123.663620106035, 41.1578702792225], [-123.663599631018, 41.1578386325905], [-123.663554705401, 41.1578007924487], [-123.663515237447, 41.1577694542881], [-123.663482502149, 41.1577458889928], [-123.663419498722, 41.1577131712334], [-123.663345167584, 41.1576736942822], [-123.663307954649, 41.157656643121], [-123.663263943487, 41.1576288522278], [-123.663214570427, 41.1576000265547], [-123.663162329525, 41.1575755519779], [-123.663115847408, 41.1575508037132], [-123.663073471985, 41.1575250571333], [-123.66303369954, 41.157497408397], [-123.662999159668, 41.1574670622862], [-123.662956714748, 41.1574390217479], [-123.66291809167, 41.1574047788705], [-123.662879309251, 41.1573647718339], [-123.662830714143, 41.1573178932665], [-123.662784202964, 41.1572683408493], [-123.662736010013, 41.1572171199152], [-123.66268179791, 41.1571665776554], [-123.662633825445, 41.1571117900775], [-123.662589106892, 41.1570624515637], [-123.662556696526, 41.1570076455953], [-123.662519248121, 41.1569579193309], [-123.662485876478, 41.1569200843715], [-123.662465546999, 41.1568699002131], [-123.662449975926, 41.1568220127257], [-123.662434673219, 41.1567707096938], [-123.66241679916, 41.1567231408137], [-123.66238560249, 41.1566666847704], [-123.662376754214, 41.1566200440402], [-123.66237628011, 41.156561228702], [-123.662374632783, 41.1565112487649], [-123.66237136494, 41.1564545600448], [-123.662375451473, 41.1563915433116], [-123.662370603525, 41.1563310938652], [-123.662361791377, 41.1562769069947], [-123.662335877106, 41.1562230427608], [-123.66231753832, 41.1561734479507], [-123.662296047978, 41.1561291471927], [-123.662257638578, 41.1560911555637], [-123.662220236433, 41.1560603977906], [-123.662176827483, 41.1560301186269], [-123.662129413636, 41.1560060824324], [-123.662075342216, 41.1559851282591], [-123.662014122086, 41.1559582438007], [-123.661961489826, 41.155930945136], [-123.661907375217, 41.155891942876], [-123.661872668852, 41.1558587715908], [-123.661803517744, 41.1557928346428], [-123.661769067913, 41.1557440394268], [-123.661734407061, 41.1557048316342], [-123.661703583594, 41.1556673646354], [-123.661675362834, 41.1556261939363], [-123.661641159937, 41.155584988231], [-123.661605177099, 41.1555420659217], [-123.661573216422, 41.1554949624463], [-123.661548321834, 41.1554499595605], [-123.661520804436, 41.155406772414], [-123.661501418191, 41.155369912565], [-123.661481461382, 41.1553308301333], [-123.661464778794, 41.1552841838663], [-123.661437310073, 41.1552402541667], [-123.661407608768, 41.1552012718154], [-123.661352318619, 41.1551696075799], [-123.661305802586, 41.1551305740136], [-123.661250985419, 41.1550981701659], [-123.661210876361, 41.1550572000107], [-123.661163223425, 41.1550187530217], [-123.661082141002, 41.154889787269], [-123.66105184872, 41.1548440225521], [-123.661037994806, 41.1547825518727], [-123.661020542136, 41.1547129460763], [-123.661016715605, 41.1546976816026], [-123.660999454324, 41.1546421405641], [-123.660986952705, 41.1545880936466], [-123.660956579165, 41.1545405070668], [-123.660909840719, 41.1544904155929], [-123.660863925391, 41.1544386132777], [-123.660831928173, 41.1544144655688], [-123.660808767319, 41.154396987064], [-123.660752151018, 41.1543499491253], [-123.660691819065, 41.1543177820205], [-123.660639915486, 41.1542823921547], [-123.660600732715, 41.1542391032342], [-123.660589268956, 41.1541973416191], [-123.660587626627, 41.1541675420403], [-123.660593022468, 41.1541343529547], [-123.660602919239, 41.1541031297061], [-123.660600783983, 41.1540724285592], [-123.660606717277, 41.1540399480155], [-123.660608899857, 41.1540332191956], [-123.660618859045, 41.1540025171455], [-123.660636307867, 41.1539605707948], [-123.660653116523, 41.1539202720576], [-123.660667413784, 41.153874132576], [-123.660678575296, 41.1538415157472], [-123.660683101244, 41.1538282877845], [-123.660690853416, 41.1537780268846], [-123.660694755189, 41.1537346827288], [-123.660693066202, 41.1536607121938], [-123.660686745927, 41.1536219999882], [-123.66068048347, 41.1535738516568], [-123.66066929832, 41.1535233904016], [-123.660670976726, 41.1534897136831], [-123.660666362676, 41.153440272267], [-123.660663970397, 41.1534303853857], [-123.660654858786, 41.1533927223948], [-123.660646818542, 41.1533404514233], [-123.660630845843, 41.1532903283938], [-123.660615690383, 41.1532304351907], [-123.660597845757, 41.1531746461012], [-123.660586654557, 41.1531305732846], [-123.660574250192, 41.1530748718957], [-123.660559496312, 41.1530241050043], [-123.660551000256, 41.1529781782111], [-123.660534863078, 41.1529331428796], [-123.660529273886, 41.1528884100791], [-123.660530111157, 41.1528796874143], [-123.660533755758, 41.1528417053443], [-123.660535031681, 41.152798677109], [-123.66054073408, 41.1527595860735], [-123.660547619213, 41.1527179318077], [-123.660544541168, 41.1526790217374], [-123.660528945622, 41.1526339157373], [-123.66050509173, 41.1526041939723], [-123.66048104408, 41.152557540227], [-123.660449226587, 41.1525222197503], [-123.660425529173, 41.1525014320259], [-123.660414380844, 41.1524916520897], [-123.660374481602, 41.152462351979], [-123.660332871256, 41.1524355712698], [-123.660288298139, 41.1524039162286], [-123.660286906384, 41.1524029900852], [-123.66025218195, 41.1523798667247], [-123.660212143144, 41.1523492332841], [-123.660162530909, 41.1523247845858], [-123.660108397451, 41.152304409034], [-123.660046230693, 41.1522879970332], [-123.659986142087, 41.1522716703772], [-123.659916020453, 41.1522468364395], [-123.65985425076, 41.1522323362429], [-123.659788888311, 41.1522184718329], [-123.659725781171, 41.1522037008832], [-123.659676889899, 41.1521911058711], [-123.659638458052, 41.1521863977285], [-123.659620703852, 41.1521842230971], [-123.659562257053, 41.1521680687776], [-123.659495789576, 41.1521525017258], [-123.65935822289, 41.1521257088136], [-123.659304279662, 41.1521254689988], [-123.659197279257, 41.1521311132115], [-123.659155517691, 41.1521027304306], [-123.659122072034, 41.1520880001958], [-123.659066253501, 41.1520797197211], [-123.659015940938, 41.1520716743532], [-123.658971012746, 41.152061599303], [-123.65892231095, 41.152051596266], [-123.658877267306, 41.1520366530586], [-123.658833952322, 41.1520318852018], [-123.658788052031, 41.1520206527175], [-123.658742092539, 41.1520060047501], [-123.65868876513, 41.152001078808], [-123.658643563321, 41.1519898521806], [-123.65859720845, 41.1519676064334], [-123.65855762145, 41.1519542704425], [-123.658516502162, 41.1519398937751], [-123.658473564208, 41.151931706022], [-123.658435580997, 41.1519182130911], [-123.658379494731, 41.1518806472618], [-123.658354034983, 41.1518596809148], [-123.65833235684, 41.1518352708401], [-123.658314124585, 41.1518093592647], [-123.658298202682, 41.1517836362602], [-123.658284922705, 41.1517528861481], [-123.658299808473, 41.1517098197829], [-123.65833355489, 41.1515579677582], [-123.65855289751, 41.1514567332311], [-123.658746930584, 41.1513892425764], [-123.658839730567, 41.1513217532489], [-123.658940964693, 41.1512373897023], [-123.6590928175, 41.1512120806322], [-123.659286851404, 41.1511699004213], [-123.659388086439, 41.1510349200631], [-123.659590557162, 41.1510011747052], [-123.659767718264, 41.1510096112281], [-123.659885825483, 41.1510939739688], [-123.659953262491, 41.1511184963255], [-123.659963968887, 41.1511135914254], [-123.660065968823, 41.1510055911211], [-123.660203968504, 41.150882590689], [-123.660332456815, 41.1507969329076], [-123.660352306482, 41.1507650932151], [-123.660557197553, 41.1506635566788], [-123.660703670845, 41.1506510270483], [-123.661023792699, 41.1506888577295], [-123.661292420791, 41.1506958607839], [-123.661271969203, 41.1506845912792], [-123.661360969598, 41.1504525911351], [-123.661364969562, 41.1504095913727], [-123.661202138725, 41.1502917251751], [-123.661104181633, 41.1503055182563], [-123.66092481355, 41.1502742559598], [-123.660901746776, 41.1501675048028], [-123.660867030213, 41.1500609258698], [-123.660802968679, 41.1500205910872], [-123.660682968782, 41.1500005909263], [-123.660534969266, 41.1499475912361], [-123.660527525235, 41.1499405392822], [-123.660345844483, 41.1499135933269], [-123.660080343274, 41.149863227616], [-123.659582691749, 41.1496119872664], [-123.659299149766, 41.1496121962493], [-123.6591245869, 41.1496356519977], [-123.658856146528, 41.1495405236877], [-123.658605948109, 41.1495132201088], [-123.658354250808, 41.1495282185589], [-123.658138002343, 41.1495488051219], [-123.657818463684, 41.1496129552927], [-123.657586938322, 41.1497138418267], [-123.657340923598, 41.1498159626941], [-123.65710920403, 41.1498759398882], [-123.656573218084, 41.1499470465804], [-123.656481353296, 41.1499249422615], [-123.65613954889, 41.1500210567806], [-123.655957773217, 41.1499916056436], [-123.655758221167, 41.1500373202529], [-123.655503565106, 41.1500240228195], [-123.655455203088, 41.1499999487005], [-123.655392039604, 41.1499600615927], [-123.655332828264, 41.1499358807023], [-123.65529472881, 41.149912088629], [-123.655249835155, 41.149882534989], [-123.655239709841, 41.1498558066215], [-123.655215033682, 41.1498058746351], [-123.655203943589, 41.1497730912201], [-123.655188981288, 41.1497340540075], [-123.655178328152, 41.1496972766927], [-123.655171309728, 41.1496661185651], [-123.655163155132, 41.1496329986676], [-123.655152077968, 41.1495928890276], [-123.655131729975, 41.1495493865822], [-123.655120854283, 41.1495147877421], [-123.6551100064, 41.1494779529756], [-123.65509743578, 41.1494467939901], [-123.655094990809, 41.1494407329501], [-123.655082184326, 41.1494052722182], [-123.655065170965, 41.1493713568471], [-123.655042763373, 41.1493415806632], [-123.655017965499, 41.149302733574], [-123.654998376803, 41.1492794666927], [-123.654975925426, 41.1492482783014], [-123.65495647044, 41.1492188050926], [-123.654936885726, 41.1491895866413], [-123.654919596127, 41.1491523290758], [-123.65490646269, 41.1491324989325], [-123.654897281988, 41.1491186365855], [-123.654882050453, 41.1490911922577], [-123.654866186182, 41.1490663881447], [-123.654838863799, 41.1490313071679], [-123.654800626205, 41.1489890080268], [-123.654760520499, 41.1489659198857], [-123.654726614146, 41.1489404382193], [-123.654678913385, 41.1489260642482], [-123.654657888495, 41.148902156899], [-123.65463217223, 41.1488822423971], [-123.654605751942, 41.1488611563559], [-123.654582337213, 41.1488297697805], [-123.654557996257, 41.1487983542331], [-123.654527347934, 41.1487700885601], [-123.654523912593, 41.148765451883], [-123.654502383739, 41.1487363939334], [-123.65448749959, 41.1487075459439], [-123.654471057131, 41.148679580575], [-123.654459945573, 41.1486641158426], [-123.654448653966, 41.1486484008109], [-123.654415640194, 41.1486306797134], [-123.654400304218, 41.1486056437311], [-123.654401387585, 41.1485979835412], [-123.654400780597, 41.1485943468863], [-123.654401128862, 41.1485831093208], [-123.654401150404, 41.1485823993738], [-123.654393459244, 41.1485264398859], [-123.654387370033, 41.1484821347601], [-123.654368062274, 41.14841120523], [-123.65434678019, 41.1483850139714], [-123.654319859563, 41.1483860920066], [-123.654240072625, 41.1483989301938], [-123.654193511596, 41.1483841928322], [-123.654159165849, 41.1483951424486], [-123.654113669745, 41.148393066855], [-123.654064642703, 41.1483871622053], [-123.65402043675, 41.1484021880052], [-123.65397715285, 41.1483868401286], [-123.653940732421, 41.1483873666759], [-123.653897067325, 41.1483986591753], [-123.653861832057, 41.1484211988477], [-123.653825603201, 41.1484371728661], [-123.653792139675, 41.1484706011515], [-123.653759253277, 41.1484854716236], [-123.653715237649, 41.1485007160195], [-123.653681936416, 41.1485200171206], [-123.653642014722, 41.1485191086622], [-123.653618839934, 41.1484915443915], [-123.653579395886, 41.1485050116542], [-123.653574859771, 41.1484730421355], [-123.653541285954, 41.1484548141152], [-123.653505771027, 41.1484488442752], [-123.653474025022, 41.1484347873453], [-123.653443449036, 41.1484378694581], [-123.653442839169, 41.1484667054909], [-123.653426705078, 41.1484938757435], [-123.653427715009, 41.1485222593976], [-123.653426195116, 41.1485548614016], [-123.653417154232, 41.1485824102842], [-123.653404749133, 41.1486082775526], [-123.65339505463, 41.1486349311497], [-123.653372947966, 41.1486620154668], [-123.653343598364, 41.1486830073634], [-123.653318534339, 41.1487054603534], [-123.653307952714, 41.1487375921906], [-123.653323617928, 41.1487498541118], [-123.653335863773, 41.1487594393524], [-123.653312381074, 41.1487815275587], [-123.653298315977, 41.1488096895407], [-123.653276781722, 41.148833100763], [-123.653251915006, 41.148853228574], [-123.653258056385, 41.1488805310012], [-123.653254151349, 41.1489090073853], [-123.653241841447, 41.1489403959539], [-123.653213272137, 41.1489598151116], [-123.653180496493, 41.1489809597113], [-123.653163228515, 41.1490070157686], [-123.653164565392, 41.1490394142031], [-123.653161730605, 41.1490671836981], [-123.653135579584, 41.1490928847634], [-123.653112214199, 41.149121769644], [-123.653092079227, 41.1491548257907], [-123.653094105374, 41.1491884742206], [-123.653095121283, 41.1492053439094], [-123.653095871907, 41.1492178174328], [-123.653113103611, 41.1492339718327], [-123.653120392042, 41.1492408035555], [-123.653120423669, 41.1492408682333], [-123.653152008827, 41.1493032897245], [-123.653153785988, 41.1493068026475], [-123.653111070219, 41.1493206441134], [-123.653108974581, 41.1493210649552], [-123.65307507567, 41.1493278725723], [-123.653023963052, 41.1493396780786], [-123.652951933234, 41.1493535190195], [-123.652933885921, 41.1493580973572], [-123.652912178505, 41.149363604437], [-123.652848682508, 41.1493822450079], [-123.652790677856, 41.1493792507154], [-123.652735923047, 41.1493883932735], [-123.652694197516, 41.1493911852564], [-123.652654282823, 41.1493966828539], [-123.652609849854, 41.1493975687558], [-123.652556732314, 41.149395160998], [-123.652487850282, 41.1493960808633], [-123.652418096001, 41.149400135882], [-123.652350650087, 41.1493997431836], [-123.652312801221, 41.1493852223599], [-123.652271548936, 41.1493858649211], [-123.652202472578, 41.1494021694521], [-123.652139751875, 41.1494165724183], [-123.652108646756, 41.1494325754394], [-123.652041220458, 41.1494526898931], [-123.651976120528, 41.1494735424011], [-123.651939071015, 41.1494907482502], [-123.651898777794, 41.1495169965849], [-123.651861354386, 41.1495367645775], [-123.65182490345, 41.1495520852469], [-123.651785404112, 41.1495658467666], [-123.651752603033, 41.1495783624109], [-123.651712878326, 41.1495936781473], [-123.651673985327, 41.1495949025703], [-123.651625036914, 41.1496067573671], [-123.651584294609, 41.1496164344493], [-123.651533075047, 41.1496320529543], [-123.651478588938, 41.1496493572782], [-123.65141111935, 41.149664176749], [-123.65133985735, 41.149681374098], [-123.651297577769, 41.1496904634467], [-123.651253151885, 41.149692809871], [-123.651206790605, 41.1496870844078], [-123.651162915483, 41.1496861974415], [-123.651115834991, 41.1496886011564], [-123.651065698876, 41.1496918454473], [-123.651014405987, 41.1496916363097], [-123.650963211838, 41.1496920121065], [-123.650912496743, 41.1496932292161], [-123.65086867437, 41.1497033396163], [-123.650821863985, 41.1497177546548], [-123.650783354071, 41.1497360358227], [-123.650747176748, 41.1497580934345], [-123.650712275725, 41.1497818364143], [-123.650688184404, 41.1498078225492], [-123.650662715778, 41.1498308312322], [-123.65064031901, 41.1498653707192], [-123.650619185257, 41.1498975997412], [-123.650593721235, 41.1499313269134], [-123.650577350455, 41.1499644856677], [-123.650559466746, 41.1499960162241], [-123.650545048082, 41.1500268930505], [-123.650525797124, 41.1500600815749], [-123.650513332784, 41.1500907077493], [-123.650487297856, 41.1501233562693], [-123.650457066133, 41.1501536467866], [-123.650434487661, 41.1501762139238], [-123.650404700016, 41.1501981443666], [-123.650371367456, 41.150215304402], [-123.650309503327, 41.1502293150953], [-123.650246050541, 41.1502208869739], [-123.650181112974, 41.1502012514306], [-123.650152999462, 41.1501817881486], [-123.650128978609, 41.1501589688285], [-123.650105364747, 41.1501263168574], [-123.650080621484, 41.1500867018231], [-123.650057007494, 41.1500517393093], [-123.650032525526, 41.1500132352683], [-123.650001016796, 41.1499779560756], [-123.649972153744, 41.1499424349458], [-123.649936702488, 41.1499137582709], [-123.649897424528, 41.1498888144405], [-123.649853460303, 41.1498710709467], [-123.649820009644, 41.1498570775782], [-123.649783974047, 41.1498433167734], [-123.649741640423, 41.1498339278977], [-123.649683315475, 41.1498265217656], [-123.649631857545, 41.1498230043321], [-123.649587913801, 41.1498142063924], [-123.64953754004, 41.1498036530174], [-123.649486643133, 41.1497875455805], [-123.649435344739, 41.1497767622672], [-123.649375508306, 41.1497655658582], [-123.649314406911, 41.1497549170242], [-123.649249396134, 41.1497474762958], [-123.649185780225, 41.1497375522914], [-123.649132499752, 41.1497318109404], [-123.649067710007, 41.1497286521327], [-123.649011116443, 41.1497227798623], [-123.648956734256, 41.1497179463307], [-123.648911192221, 41.1497175741431], [-123.648873277604, 41.1497184462046], [-123.648815683297, 41.1497232403562], [-123.648802218626, 41.1497181114164], [-123.648801836386, 41.1497181423947], [-123.648694681255, 41.1496773184377], [-123.648212179322, 41.1496129922532], [-123.648059714533, 41.1495545446351], [-123.648031828149, 41.1495135172794], [-123.647988178642, 41.1494455980486], [-123.647909540521, 41.1493844874244], [-123.647774255469, 41.1493225549113], [-123.647429888252, 41.1492788243648], [-123.647221036137, 41.1491149322676], [-123.647189034824, 41.149043421576], [-123.646947547364, 41.1489043409047], [-123.646773432828, 41.1489356033125], [-123.646716461379, 41.1489804448671], [-123.646702466147, 41.1489767139874], [-123.646573023378, 41.1489795286709], [-123.646472511448, 41.1490900327679], [-123.64627989754, 41.1491294666518], [-123.646196975657, 41.1491212437123], [-123.64612416643, 41.1491087428746], [-123.645971321578, 41.1490689383221], [-123.645927464076, 41.1489924502253], [-123.645895505938, 41.1488059437148], [-123.64582478703, 41.1487321986707], [-123.645505357588, 41.1485859609409], [-123.645392026165, 41.1485425868346], [-123.645252597251, 41.1485632268254], [-123.645190583379, 41.1485921860709], [-123.645118774329, 41.1485903389763], [-123.645075705632, 41.1485098150806], [-123.644944657396, 41.148423499861], [-123.644852212591, 41.1483632337106], [-123.644787179278, 41.1483444216769], [-123.644638493672, 41.148398180848], [-123.644473229443, 41.1484763458849], [-123.644398827444, 41.1484763306484], [-123.644385873416, 41.1484882413357], [-123.644252049742, 41.1485602209801], [-123.644181828505, 41.1485277320564], [-123.644061778015, 41.1484914212997], [-123.64399878158, 41.1484621509366], [-123.643835737602, 41.1484273702355], [-123.643673076657, 41.1484882765967], [-123.643433191618, 41.1486914475634], [-123.643391592615, 41.1487153464527], [-123.642996304578, 41.1488064934271], [-123.64285012798, 41.1488376182751], [-123.642750957909, 41.1488361106624], [-123.642674833568, 41.1488573401163], [-123.642560646136, 41.1488915406823], [-123.642519338956, 41.1489219395519], [-123.642340112118, 41.1490170566646], [-123.642303948456, 41.1490269661646], [-123.642246393497, 41.1490392000639], [-123.642188805986, 41.1490477336587], [-123.642135575561, 41.1490619044194], [-123.642071659993, 41.1490750798865], [-123.641995971899, 41.1490913593055], [-123.64193518016, 41.1491082402637], [-123.641862293965, 41.1491244220083], [-123.641805724059, 41.1491390661251], [-123.64173479368, 41.1491552756259], [-123.641674606178, 41.149170706407], [-123.641618684637, 41.1491858548674], [-123.641564253809, 41.149200381558], [-123.641512674997, 41.1492146896612], [-123.641457641375, 41.1492256975584], [-123.641399021345, 41.149236042598], [-123.641339960526, 41.1492486060125], [-123.641275006936, 41.1492619354478], [-123.641213346416, 41.1492773822955], [-123.641152634832, 41.1492948226878], [-123.641092607072, 41.1493157912511], [-123.64098999639, 41.1493501942652], [-123.640925434205, 41.1493753424304], [-123.640867369337, 41.1493997653048], [-123.640806577032, 41.149426194075], [-123.640749808112, 41.1494474992429], [-123.640695021817, 41.1494739080572], [-123.640641520622, 41.1495001196309], [-123.640595074299, 41.1495302383199], [-123.640549905205, 41.1495625343104], [-123.640517701423, 41.1495989279599], [-123.64048716683, 41.1496418944125], [-123.640461958641, 41.1496871273627], [-123.640437069509, 41.1497340448174], [-123.640417963696, 41.149790870362], [-123.640396825258, 41.1498374597843], [-123.640383973996, 41.1498720360987], [-123.640378730596, 41.1498861437394], [-123.64037220954, 41.1499241222857], [-123.640369521918, 41.1499397722875], [-123.640357237566, 41.1499926873897], [-123.640347059336, 41.1500428208442], [-123.64035095813, 41.1500890602846], [-123.640353125731, 41.1501370550848], [-123.640351841153, 41.1501812821428], [-123.640351401717, 41.1502295715816], [-123.64035311046, 41.1502737648837], [-123.640356134298, 41.150329288252], [-123.640356870225, 41.1503392730516], [-123.640360627169, 41.1503902829754], [-123.640363026152, 41.150402898753], [-123.640370255877, 41.150440929665], [-123.64037999307, 41.1504919459761], [-123.640387819449, 41.1505438944199], [-123.640388955065, 41.1505888295553], [-123.640394050506, 41.1506321365624], [-123.640398191385, 41.1506797321452], [-123.640400755373, 41.150729387599], [-123.64040252066, 41.1507774269668], [-123.640403746437, 41.1508270943636], [-123.640400335805, 41.1508803844014], [-123.64038879559, 41.1509239334236], [-123.640367344195, 41.1509601996867], [-123.640343626267, 41.1509902405563], [-123.640317731924, 41.1510187855924], [-123.640288779251, 41.151045955898], [-123.640247134222, 41.1510683333644], [-123.640203587489, 41.1510884207607], [-123.640150438917, 41.1511006831696], [-123.640096108679, 41.1511104317026], [-123.64004432429, 41.1511191058313], [-123.639998656338, 41.1511215674169], [-123.639949896577, 41.1511190863973], [-123.6399360262, 41.1510763613925], [-123.639972161765, 41.151064758402], [-123.639954769433, 41.1510376871235], [-123.639918617129, 41.1510441358661], [-123.639885041411, 41.1510241122028], [-123.639864320298, 41.1509992204035], [-123.63984755305, 41.1509737985907], [-123.639836313534, 41.1509458409664], [-123.639856478557, 41.1509092513563], [-123.639845437216, 41.1508767931725], [-123.639845668797, 41.1508456983247], [-123.639846473067, 41.1508086640719], [-123.639850279269, 41.1507762792499], [-123.639827165689, 41.150751558371], [-123.639808774449, 41.1507257978659], [-123.639784776019, 41.150701872789], [-123.639816094291, 41.1506858493896], [-123.639835772327, 41.150661201593], [-123.639869363249, 41.1506495929514], [-123.639876677598, 41.1506147222698], [-123.639905496118, 41.1505861358641], [-123.639905795342, 41.1505551370238], [-123.639889883093, 41.1505239976378], [-123.639868171045, 41.1504909384492], [-123.639863291488, 41.1504631797021], [-123.639855765088, 41.1504318676173], [-123.639841122876, 41.1503998275826], [-123.639824818867, 41.1503649142396], [-123.639830381442, 41.1503336078177], [-123.639830052631, 41.1503051806248], [-123.639826434706, 41.1502724722174], [-123.639815758956, 41.1502432827748], [-123.639806576546, 41.1502104242146], [-123.639812568297, 41.1501803594037], [-123.639787389773, 41.1501556499835], [-123.639760415028, 41.1501235550249], [-123.639746360706, 41.150094360018], [-123.639737102449, 41.150064604203], [-123.639725243759, 41.1500354537491], [-123.639715219793, 41.150003425881], [-123.639693911152, 41.1499802100812], [-123.639713533393, 41.1499476320327], [-123.639693078894, 41.1499184950817], [-123.639679214029, 41.1498910060157], [-123.639697162884, 41.1498600037411], [-123.639704581954, 41.1498325955527], [-123.639691605424, 41.1498046655707], [-123.639686829809, 41.1497727517788], [-123.639687430763, 41.1497393128126], [-123.639683609983, 41.1497022754127], [-123.639706172095, 41.1496723897222], [-123.639713820024, 41.1496421688869], [-123.639711540043, 41.1496116194486], [-123.639724850851, 41.149581132957], [-123.63973254162, 41.1495482104043], [-123.639737011725, 41.1495185350801], [-123.639746912049, 41.1494841526806], [-123.639751219896, 41.1494542143245], [-123.639758381283, 41.1494191841517], [-123.639776789024, 41.1493844058923], [-123.639781182257, 41.1493464581106], [-123.63978301947, 41.1493131924338], [-123.639798021444, 41.1492859141717], [-123.639822382674, 41.1492551510003], [-123.639859097601, 41.1492387643172], [-123.639846241748, 41.1492104931797], [-123.63983973633, 41.1491799897324], [-123.639855832287, 41.1491525927864], [-123.639873936637, 41.1491229038739], [-123.639891360966, 41.1490928953513], [-123.639902243053, 41.1490641437439], [-123.639926897197, 41.1490328780814], [-123.639937097862, 41.1490039086609], [-123.63996882915, 41.1489712515818], [-123.639992925009, 41.1489503517287], [-123.639989578488, 41.1489193271946], [-123.640024561209, 41.1488999567472], [-123.640046911972, 41.1488771794175], [-123.640059968482, 41.148851209972], [-123.640074923408, 41.1488219348754], [-123.640081909479, 41.1487885081641], [-123.640087225336, 41.1487582038737], [-123.64009391667, 41.1487259642426], [-123.640114568195, 41.148696471021], [-123.640136526414, 41.1486658139159], [-123.640157045976, 41.1486394201477], [-123.640179208037, 41.1486160015748], [-123.640189702373, 41.148589185195], [-123.640194648404, 41.1485610520636], [-123.640196298695, 41.148533340804], [-123.640204782412, 41.1485025847187], [-123.640238653327, 41.1484826366707], [-123.640266497171, 41.1484585856716], [-123.640289396343, 41.1484304653442], [-123.640310798012, 41.1484079076261], [-123.640334184722, 41.1483804169362], [-123.64035519685, 41.1483578775894], [-123.640383268881, 41.1483316904137], [-123.640409665525, 41.1483031939042], [-123.640430806256, 41.1482806493246], [-123.640454170987, 41.1482565430116], [-123.640476854408, 41.1482280653301], [-123.640492594431, 41.1482008810561], [-123.640511870899, 41.1481683786509], [-123.640535132914, 41.1481367864011], [-123.640520588633, 41.1481076869847], [-123.640515902191, 41.1480732081645], [-123.640502209257, 41.1480475837753], [-123.640505599358, 41.1480190223951], [-123.640478485489, 41.1479944959285], [-123.640439514863, 41.1479708902299], [-123.640393325005, 41.1479671303908], [-123.640392391237, 41.1479669392091], [-123.640349326697, 41.147958104925], [-123.640305581223, 41.1479679622636], [-123.640267561473, 41.1479756988212], [-123.640229252368, 41.1479620206183], [-123.640194607526, 41.1479447666075], [-123.640156681297, 41.147919357926], [-123.640120807049, 41.1479119455843], [-123.640078038382, 41.1479008098295], [-123.640040391332, 41.1478827797562], [-123.640006100539, 41.1478631996748], [-123.639976277461, 41.1478466862835], [-123.639948414255, 41.147821911632], [-123.639957358261, 41.1477948597677], [-123.639921129258, 41.1478079450807], [-123.6399371074, 41.1477781508607], [-123.639947651359, 41.1477674719327], [-123.639963292059, 41.1477516319687], [-123.64000592019, 41.1477304345773], [-123.640031263788, 41.1477055417703], [-123.640066413204, 41.1476954143205], [-123.640104831232, 41.1476747294167], [-123.640143601524, 41.1476691911811], [-123.640188608481, 41.1476572154338], [-123.640212047698, 41.1476356345776], [-123.640247859215, 41.1476215444066], [-123.640286278078, 41.1476096529805], [-123.64033053304, 41.1476022123472], [-123.640293453455, 41.1475926466569], [-123.640334632961, 41.1475821757338], [-123.640367250989, 41.1475646865694], [-123.640408607123, 41.1475506934374], [-123.640416871897, 41.1475239128483], [-123.640443228328, 41.1475001358068], [-123.640467971599, 41.1474768901884], [-123.640415927935, 41.1474545777398], [-123.64045438273, 41.1474362273705], [-123.640490712679, 41.1474288937935], [-123.64053178094, 41.1474204754253], [-123.640571580585, 41.1474172553682], [-123.640606753968, 41.1474049621133], [-123.640619030445, 41.1473754252918], [-123.640627136456, 41.1473449550202], [-123.640622276202, 41.147316982695], [-123.640607740585, 41.1472909621483], [-123.64060827498, 41.147257345177], [-123.640635494538, 41.1472289692452], [-123.640652890765, 41.1471967718279], [-123.640657115836, 41.1471673230182], [-123.640675904588, 41.1471411928019], [-123.640683104866, 41.1471072946398], [-123.640698291591, 41.147078150582], [-123.640735420191, 41.1470687820976], [-123.64077340339, 41.1470562488647], [-123.640775237044, 41.1470280600505], [-123.640742671519, 41.1470158940251], [-123.64076765774, 41.146991438125], [-123.640803638537, 41.1469955176402], [-123.640778923386, 41.1469746171002], [-123.640748954208, 41.1469582533497], [-123.640781413691, 41.146943861876], [-123.640823653142, 41.1469371682132], [-123.640854446085, 41.1469156219812], [-123.640853649259, 41.1468876360653], [-123.640862161941, 41.1468596623129], [-123.640858788317, 41.1468267408736], [-123.640863345781, 41.1467966830707], [-123.64085957195, 41.1467670859832], [-123.640872157949, 41.1467404776905], [-123.640872782319, 41.1467091392215], [-123.640881564522, 41.1466814342054], [-123.64091888314, 41.1466742274092], [-123.640940830832, 41.1466461446677], [-123.640970480119, 41.146630036551], [-123.640974629136, 41.1466022185861], [-123.640979520185, 41.1465747288846], [-123.641006789218, 41.1465539255566], [-123.641019386892, 41.1465279144079], [-123.641027237274, 41.1464976554116], [-123.641049427894, 41.1464759281954], [-123.641071720695, 41.146446952623], [-123.641101411286, 41.1464260439147], [-123.641137885193, 41.1464116552196], [-123.641157358253, 41.1463882874496], [-123.641190631791, 41.1463670984462], [-123.641220148156, 41.1463448268759], [-123.641243299952, 41.1463224484026], [-123.641264428827, 41.1462995145872], [-123.641278338815, 41.1462685336331], [-123.641306320942, 41.1462504926], [-123.641340327352, 41.1462338403723], [-123.641342137834, 41.1462311846622], [-123.641359435492, 41.1462058102914], [-123.641371797132, 41.1461768764419], [-123.641389931817, 41.1461472735858], [-123.641417285086, 41.1461224278307], [-123.641425666594, 41.1460920334315], [-123.641468327823, 41.146081360181], [-123.641502979883, 41.1460555270266], [-123.641520753152, 41.1460278547608], [-123.641517653108, 41.1459996789941], [-123.641534718482, 41.1459690695779], [-123.64156472978, 41.1459518810412], [-123.641599626296, 41.1459365893818], [-123.641599214864, 41.1459044054246], [-123.641610973561, 41.1458779367749], [-123.641619789852, 41.1458512043663], [-123.641635949297, 41.145823754559], [-123.641652051446, 41.1457893284234], [-123.64164441216, 41.1457583233295], [-123.641637020333, 41.1457291094353], [-123.641636949316, 41.145695419256], [-123.641641337534, 41.1456588009806], [-123.641629987228, 41.1456296064325], [-123.641617760394, 41.1455999762774], [-123.641613737924, 41.1455622581394], [-123.641630589755, 41.1455368970182], [-123.641614225202, 41.1455112687142], [-123.6416079833, 41.1455086992872], [-123.641548664793, 41.1455463171137], [-123.641527826483, 41.1455224900781], [-123.641556918448, 41.1455041635556], [-123.641598127071, 41.1454978122467], [-123.641637756947, 41.1454890366739], [-123.641674501177, 41.1454748165518], [-123.641713306525, 41.1454770541429], [-123.641757943895, 41.1454816211101], [-123.641806748769, 41.145487928594], [-123.641859274715, 41.145485266841], [-123.64189585935, 41.1454791258534], [-123.641930869215, 41.1454704804162], [-123.641968830873, 41.1454633093311], [-123.642004244866, 41.1454429531061], [-123.642032179753, 41.1454223241787], [-123.642056099728, 41.1453926322199], [-123.642041022394, 41.1453645979885], [-123.642026362842, 41.1453393223585], [-123.642015900935, 41.145312157788], [-123.64201136624, 41.1452832765989], [-123.641990010807, 41.1452534766641], [-123.641961930445, 41.1452274155636], [-123.641943608101, 41.1451998461963], [-123.641919978285, 41.1451728991245], [-123.641897916206, 41.1451494455969], [-123.641878716998, 41.1451184688993], [-123.641861460739, 41.1450898702764], [-123.641861844654, 41.1450593402449], [-123.641859398589, 41.1450283395535], [-123.641896977458, 41.1450228767279], [-123.641942251795, 41.1450286381305], [-123.641979407127, 41.1450315550181], [-123.641980579241, 41.1450289415893], [-123.641978071489, 41.1450130034127], [-123.642000997489, 41.1449857527488], [-123.64203369631, 41.1449700038912], [-123.642066565252, 41.1449566709052], [-123.64210622531, 41.1449551824225], [-123.642143387701, 41.1449573605672], [-123.64218110477, 41.1449584969927], [-123.642222533045, 41.1449633410996], [-123.642258364746, 41.1449561529686], [-123.642238190682, 41.1449299415584], [-123.642230055072, 41.1448968160958], [-123.64221988139, 41.1448686599627], [-123.642203806081, 41.1448395845918], [-123.642173357114, 41.1448136745673], [-123.642144348421, 41.1447965140206], [-123.642115927401, 41.1447765622347], [-123.642124548785, 41.1447445441121], [-123.642122541809, 41.1447141012708], [-123.642141137947, 41.1446868017495], [-123.642165149151, 41.1446611186885], [-123.64216941852, 41.1446329973347], [-123.642181059911, 41.1445973600978], [-123.642194505653, 41.1445662654112], [-123.642218862293, 41.1445437503055], [-123.64223931505, 41.1445203732816], [-123.642259669584, 41.144494380897], [-123.642259533525, 41.1444655364429], [-123.642261679577, 41.1444617420452], [-123.642282855863, 41.1444471833519], [-123.642319230887, 41.1444490550569], [-123.642359634101, 41.1444309481061], [-123.642378690753, 41.1444050656282], [-123.642413629002, 41.1443814546581], [-123.642450617415, 41.1443782928694], [-123.642491756351, 41.1443648830108], [-123.642544146732, 41.1443640539169], [-123.642590026917, 41.1443639259015], [-123.642637238293, 41.1443633238302], [-123.642682268082, 41.144359334316], [-123.642724482887, 41.1443606796768], [-123.642764843316, 41.1443715234285], [-123.642812262361, 41.1443857192648], [-123.642854772601, 41.144397424758], [-123.642897293965, 41.1444078276258], [-123.642933323542, 41.1444027586486], [-123.642969903111, 41.1443876310313], [-123.643021749915, 41.144372630767], [-123.643069469488, 41.1443685486184], [-123.643108599716, 41.1443732430937], [-123.643152425826, 41.144363144628], [-123.643193911141, 41.144360564628], [-123.643235730766, 41.1443539057545], [-123.643276421156, 41.1443519255882], [-123.643314232516, 41.1443488436012], [-123.643364394095, 41.1443373638876], [-123.643407882103, 41.1443274266535], [-123.643443788181, 41.1443143645641], [-123.643478658105, 41.1442970952399], [-123.643527191919, 41.1442867199132], [-123.643573811325, 41.1442717702224], [-123.643615525906, 41.1442631525718], [-123.643661417623, 41.1442534873634], [-123.643701219475, 41.1442450992623], [-123.643750707751, 41.1442381397221], [-123.643794421789, 41.1442226936269], [-123.643826912761, 41.1442077065919], [-123.643791383882, 41.1441873148212], [-123.643753544184, 41.1441683574058], [-123.643716092519, 41.1441572734481], [-123.643676020436, 41.144152522287], [-123.643642827346, 41.1441308022596], [-123.643611281627, 41.1441119384427], [-123.643565849662, 41.1440960986942], [-123.64352931624, 41.1440688664227], [-123.643491210373, 41.1440564321534], [-123.643450453874, 41.1440434622926], [-123.643414368636, 41.1440269640402], [-123.643379223772, 41.1440047521949], [-123.643342331734, 41.1439921444497], [-123.643324747115, 41.1439633902361], [-123.643304448863, 41.14393801744], [-123.643307639807, 41.1439001951115], [-123.643290596064, 41.143873741201], [-123.643253501848, 41.1438393371506], [-123.643229390312, 41.1438089483962], [-123.643225673936, 41.1437753209008], [-123.643214845195, 41.1437453948456], [-123.643198798273, 41.14370936262], [-123.64321717641, 41.143677753841], [-123.643219835902, 41.1436474894375], [-123.64320492643, 41.1436124966822], [-123.643172419967, 41.1435846607971], [-123.643128859231, 41.1435662512713], [-123.643080366976, 41.1435558277723], [-123.643054332144, 41.1435350539792], [-123.643016542752, 41.1435088653664], [-123.642976004412, 41.1434893948911], [-123.642941301488, 41.1434756632172], [-123.642905834524, 41.1434648363528], [-123.642870057531, 41.1434461779053], [-123.642858857842, 41.1434093601102], [-123.642831003402, 41.1433917446947], [-123.64280671668, 41.1433475278407], [-123.642779403357, 41.1433268701148], [-123.642783770729, 41.1432986914355], [-123.642775617212, 41.1432688639082], [-123.642764656936, 41.1432395934186], [-123.64276465292, 41.1432112355519], [-123.642735997822, 41.1431715299102], [-123.642736547493, 41.1431417862353], [-123.642762923144, 41.1431142612401], [-123.64277061441, 41.1430862558825], [-123.642775039545, 41.1430548412287], [-123.642774697034, 41.1430268419642], [-123.642795910878, 41.1430023985538], [-123.642841232012, 41.1429956374115], [-123.642860022143, 41.1429677826967], [-123.642828395378, 41.1429526195735], [-123.64280237497, 41.1429276767665], [-123.642806353823, 41.1429002280939], [-123.642833250711, 41.1428806992223], [-123.642860242363, 41.1428620904269], [-123.642876164871, 41.1428242934362], [-123.642912784777, 41.1428052093228], [-123.642951235857, 41.1427935366176], [-123.642964470041, 41.1427463458274], [-123.642961911393, 41.1427178914197], [-123.64294918403, 41.1426813055523], [-123.642942392389, 41.1426393862827], [-123.642938205016, 41.1426114382027], [-123.642946052761, 41.1425843390572], [-123.642923747303, 41.1425598268388], [-123.64287276541, 41.1425509926329], [-123.642828858465, 41.1425411019273], [-123.642785460608, 41.142521231171], [-123.642743659047, 41.1425131500899], [-123.642722987595, 41.1425400424272], [-123.642690546708, 41.1425565620259], [-123.642667288753, 41.1425838714385], [-123.642632676347, 41.1425992528219], [-123.642593749372, 41.1425703464105], [-123.64256230771, 41.1425415261449], [-123.64253396182, 41.1425206381089], [-123.642530601317, 41.1425152466851], [-123.642515647303, 41.1424912527747], [-123.642498582423, 41.1424602426417], [-123.642464914975, 41.1424341110219], [-123.642425406832, 41.1424086398186], [-123.642381675695, 41.1423876862121], [-123.64235456003, 41.1423665921954], [-123.64233441466, 41.1423376251004], [-123.642354349051, 41.1423052826345], [-123.642389291498, 41.1422911281765], [-123.642417171763, 41.1422717659681], [-123.642452961196, 41.1422484330817], [-123.642468795387, 41.1422200139008], [-123.642495874993, 41.1421889458173], [-123.642536176653, 41.1421674172503], [-123.642571825384, 41.1421577573622], [-123.6426013441, 41.1421391399339], [-123.642623248254, 41.1420970578578], [-123.64265304766, 41.1420692363391], [-123.642686002947, 41.1420496511805], [-123.642709523261, 41.1420225051435], [-123.642735738357, 41.1420107998887], [-123.642744870214, 41.1420067223873], [-123.642788742063, 41.1419910902259], [-123.642789747504, 41.1419570156865], [-123.642810180188, 41.1419319289577], [-123.642836178804, 41.1419116051904], [-123.642858822306, 41.141882782233], [-123.642884255665, 41.1418498486917], [-123.642893808201, 41.1418211321149], [-123.6428959947, 41.1417935502109], [-123.642914313776, 41.1417643514241], [-123.642950971617, 41.1417566549222], [-123.642990925239, 41.1417506524217], [-123.643021217802, 41.1417678614487], [-123.643024261033, 41.1417959114007], [-123.643054063693, 41.1418179802347], [-123.643096909147, 41.1418312322402], [-123.643131879783, 41.1418395206814], [-123.64317113508, 41.1418582677288], [-123.643208576855, 41.1418664099327], [-123.643245690869, 41.1418750313754], [-123.643269090226, 41.1418518773173], [-123.64330235255, 41.1418389885717], [-123.643314774256, 41.1418124682874], [-123.643337278771, 41.1417872500888], [-123.643368499808, 41.1417515556124], [-123.643399663482, 41.1417185295995], [-123.64344599197, 41.1417177645834], [-123.64348232274, 41.1417094085566], [-123.643513094262, 41.1416945411075], [-123.643539935967, 41.1416711452677], [-123.643557279794, 41.1416420464102], [-123.64356466267, 41.1416116781319], [-123.64360367761, 41.1415968222549], [-123.643587720189, 41.1415649143054], [-123.643597782659, 41.1415348859666], [-123.643609714676, 41.1415081449884], [-123.643664140248, 41.1414676952034], [-123.643687572758, 41.1414435743219], [-123.643716254369, 41.1414214247669], [-123.643726823662, 41.1413927862117], [-123.643711230287, 41.1413643542097], [-123.643729065399, 41.1413396943952], [-123.643734558751, 41.1413115634266], [-123.643740066769, 41.1412718941045], [-123.643737561368, 41.1412370924147], [-123.643735288043, 41.1412043333296], [-123.643751295131, 41.1411735709379], [-123.643788398185, 41.1411517391231], [-123.643814809737, 41.1411181414263], [-123.643834634644, 41.1410915292624], [-123.643870850475, 41.1410714616306], [-123.643908820195, 41.1410461469667], [-123.643945093292, 41.1410563024348], [-123.643986759341, 41.1410513412432], [-123.644031861506, 41.1410508485821], [-123.644067362467, 41.1410399315483], [-123.644095292476, 41.141012117403], [-123.644137624221, 41.1410189330198], [-123.644183754359, 41.141009151868], [-123.644213505421, 41.1409881969661], [-123.644245791114, 41.1409566669711], [-123.644273611331, 41.1409781583614], [-123.644309954186, 41.1409530706563], [-123.644327600493, 41.140920598316], [-123.644361294939, 41.1409025011576], [-123.644406711286, 41.140895283966], [-123.644430530212, 41.1408706383096], [-123.64446074769, 41.140850723854], [-123.644469775991, 41.1408143073853], [-123.644468494553, 41.1408025709016], [-123.644469304116, 41.1407701215698], [-123.644443635647, 41.1407420315816], [-123.644413674176, 41.140716517553], [-123.644391981981, 41.1406835554336], [-123.644344877619, 41.1406647491107], [-123.644308527826, 41.1406482021613], [-123.644272592145, 41.1406273353779], [-123.644232930252, 41.1406009675541], [-123.64422506601, 41.1405957400876], [-123.644183140264, 41.1405837498715], [-123.644143337835, 41.1405631064485], [-123.644102803465, 41.1405406006588], [-123.644063531173, 41.1405244474052], [-123.644038521302, 41.1404982444098], [-123.643872887836, 41.1404320584552], [-123.64368988059, 41.1404353404061], [-123.643523450812, 41.1404068557337], [-123.643457447074, 41.1403955591522], [-123.643456729275, 41.1403951442924], [-123.643423244276, 41.140375784094], [-123.643396592181, 41.140360374439], [-123.643282472165, 41.1403127418161], [-123.643244144246, 41.1402967433496], [-123.64312910946, 41.1402668099831], [-123.643020955636, 41.1402386667041], [-123.642869550978, 41.1402055436982], [-123.64272680614, 41.1401635750192], [-123.642534310555, 41.1401040362358], [-123.642387960423, 41.1400532666672], [-123.642213036272, 41.1399588091523], [-123.642011711263, 41.1398683674224], [-123.641833490067, 41.1397855344365], [-123.64165179526, 41.1396962726353], [-123.641522145849, 41.1396086547222], [-123.641444732464, 41.1395420243714], [-123.641424806925, 41.1395105399582], [-123.641419105298, 41.1394506031202], [-123.641416652753, 41.1393738835054], [-123.641430511094, 41.1393080357368], [-123.641462505397, 41.1392502139451], [-123.641471928441, 41.1392361856473], [-123.641491626403, 41.1391949150556], [-123.641510659045, 41.139135503463], [-123.641552234175, 41.1390254515727], [-123.6415523489, 41.1389005179466], [-123.641530270462, 41.13882306088], [-123.641485724048, 41.1387648726113], [-123.641413192567, 41.1387068401496], [-123.641309030816, 41.1386852542267], [-123.641184906461, 41.138678372195], [-123.640931884085, 41.138686346141], [-123.640749470318, 41.1387034806363], [-123.640733366226, 41.1387058717403], [-123.640503645713, 41.1387399805027], [-123.640488635044, 41.1387422096555], [-123.640467366363, 41.1387452870174], [-123.640334897248, 41.1387644546015], [-123.640101374614, 41.1387982440971], [-123.640054637175, 41.1388061299171], [-123.640015246988, 41.1388163728129], [-123.640003111126, 41.138817710358], [-123.639885617147, 41.1388472002045], [-123.639691747642, 41.1389088905039], [-123.639532550677, 41.1389400807588], [-123.639382542131, 41.1389687606256], [-123.639387557404, 41.1390038610727], [-123.639396245585, 41.1390646642209], [-123.639399676405, 41.1390810216222], [-123.639425516337, 41.1391101242886], [-123.639462296448, 41.1391177020882], [-123.639480945141, 41.1391434567728], [-123.639519505408, 41.1391420770803], [-123.639543969953, 41.1391692956868], [-123.639571647204, 41.1392019417536], [-123.6396065117, 41.1392159293865], [-123.639623399065, 41.1392455762512], [-123.639625506851, 41.1392732892], [-123.63962346574, 41.1393083657596], [-123.639604774553, 41.1393409215623], [-123.639608846401, 41.1393777522568], [-123.639606384535, 41.1394068057375], [-123.639572288959, 41.1394226724698], [-123.639553811132, 41.1394514392384], [-123.639529178033, 41.1394737319364], [-123.639548487969, 41.1395117328408], [-123.639537059748, 41.1395378481639], [-123.639549015462, 41.139570695015], [-123.639542030004, 41.139600560902], [-123.639561410594, 41.1396292715183], [-123.639575874324, 41.1396650392297], [-123.639590785948, 41.1396951501658], [-123.639601808594, 41.1397249160693], [-123.639594983449, 41.1397557061846], [-123.639609544073, 41.1397847624347], [-123.639594098676, 41.1398168426077], [-123.639624867853, 41.1398392627876], [-123.639629023486, 41.139874410329], [-123.639623230243, 41.1399031174836], [-123.639628615511, 41.1399391184558], [-123.639627381601, 41.1399677498497], [-123.639666848426, 41.1399909486523], [-123.639702147994, 41.1400175377524], [-123.639724035381, 41.1400524580063], [-123.639763038419, 41.1400460691577], [-123.639794070037, 41.1400622498328], [-123.639832058069, 41.1400677741986], [-123.639876042307, 41.1400852205873], [-123.639916443414, 41.1400940707658], [-123.639958152413, 41.1400797074006], [-123.639994419419, 41.1400907018891], [-123.640033297536, 41.1401040662611], [-123.640069597953, 41.1401113862001], [-123.640110114565, 41.1401219399717], [-123.64015217263, 41.1401355127327], [-123.640201524873, 41.1401382462185], [-123.640240031262, 41.140132493227], [-123.640276274722, 41.1401349329137], [-123.640301547529, 41.1401628557861], [-123.640340516295, 41.1401841816712], [-123.640377577711, 41.1402109292176], [-123.640395825084, 41.1402443562425], [-123.640425825849, 41.1402773990409], [-123.640452781615, 41.1403024191716], [-123.640456276622, 41.1403309747367], [-123.640467003003, 41.1403634283691], [-123.640505980682, 41.1403707107648], [-123.640530994847, 41.1404000762944], [-123.640542399332, 41.1404342502689], [-123.640565174821, 41.1404619248369], [-123.640598168969, 41.1404898236225], [-123.640644734124, 41.1405035458923], [-123.640674636423, 41.1405249761321], [-123.640684004867, 41.1405534206538], [-123.640696601565, 41.1405909560508], [-123.640713648382, 41.1406239212871], [-123.640728565703, 41.1406621319797], [-123.640707688965, 41.1406898727534], [-123.6407191316, 41.1407286864874], [-123.640757568892, 41.1407500827441], [-123.64078051476, 41.1407718588203], [-123.640794922451, 41.1407987142238], [-123.640812512067, 41.1408267148502], [-123.640837533515, 41.1408468813595], [-123.64083950805, 41.1408482386813], [-123.640866290204, 41.1408666451462], [-123.640883408419, 41.140891750529], [-123.640868521965, 41.1409262508928], [-123.640874617926, 41.1409614911781], [-123.640888723341, 41.1410123679272], [-123.640824085918, 41.1410294444594], [-123.640598180857, 41.1411067531905], [-123.640575687346, 41.1411144503506], [-123.64039960356, 41.1411471418436], [-123.640393127134, 41.1411483443761], [-123.640369935689, 41.1411526493821], [-123.640357508563, 41.1411549569376], [-123.640328239402, 41.1411520866649], [-123.640271213456, 41.14114649533], [-123.640228899549, 41.1411344977253], [-123.64016868533, 41.141117424521], [-123.640157511724, 41.1411126232276], [-123.640103191539, 41.1410997653798], [-123.640066414844, 41.1410881260895], [-123.640014142144, 41.1410740758818], [-123.639975917684, 41.1410553238282], [-123.639934614161, 41.1410364429381], [-123.639876059282, 41.1410114531907], [-123.639825332029, 41.1409932218337], [-123.639784181032, 41.1409859810056], [-123.639736931948, 41.140978410108], [-123.639683791187, 41.1409727437584], [-123.639622023605, 41.1409683188375], [-123.63956838882, 41.1409584070322], [-123.639508677748, 41.1409573999562], [-123.639446263252, 41.1409551917838], [-123.639377766365, 41.1409589319523], [-123.639309334564, 41.14096728919], [-123.639248992941, 41.1409754645719], [-123.639180548225, 41.1409864223978], [-123.639117875755, 41.1409977787374], [-123.639063089094, 41.1410080310605], [-123.638996740769, 41.1410325422071], [-123.638940709575, 41.141056863674], [-123.638877811464, 41.1410775182317], [-123.638811753397, 41.1410728905724], [-123.638757813697, 41.1410924621744], [-123.638702829218, 41.1410968314353], [-123.638664816733, 41.1411067707688], [-123.638616100154, 41.141107111116], [-123.638564901985, 41.1411077444452], [-123.638488073203, 41.1411119554461], [-123.638419509286, 41.1411212163843], [-123.638354881789, 41.14113263539], [-123.63834444362, 41.1411363243345], [-123.6382898362, 41.1411556246753], [-123.638267614149, 41.1411506700279], [-123.638241600662, 41.1411448707196], [-123.637841920928, 41.1408714144089], [-123.637785604261, 41.1408215285631], [-123.63771725277, 41.1407978359517], [-123.637667790323, 41.140759408039], [-123.637596200238, 41.14071824256], [-123.637525017248, 41.140711600427], [-123.637452621413, 41.1406870076271], [-123.637397429619, 41.1406748613483], [-123.637175174349, 41.1405707484277], [-123.637044478601, 41.140509525443], [-123.636987379856, 41.1404827777276], [-123.636915068657, 41.1404412681029], [-123.636856121582, 41.1404301295973], [-123.636808388946, 41.1404263245893], [-123.636752959169, 41.140426743596], [-123.636715506579, 41.1404360432314], [-123.636695754515, 41.1404400330271], [-123.636657177998, 41.1404478264218], [-123.636589926588, 41.1404555026272], [-123.635969484829, 41.1403413939857], [-123.635847126614, 41.1403188901949], [-123.635513114937, 41.1402574579658], [-123.635471046259, 41.1402524474207], [-123.635360441248, 41.1402399996013], [-123.635323792085, 41.1402434148681], [-123.635268636171, 41.1402414526518], [-123.635177187647, 41.1402445404066], [-123.635129659467, 41.1402590638408], [-123.635070281844, 41.1402803229647], [-123.634969380143, 41.1402761959609], [-123.634876053239, 41.1402569991684], [-123.634787239593, 41.1402446793167], [-123.634721860827, 41.1402227683285], [-123.634651818157, 41.140208995553], [-123.63460122653, 41.1401907755547], [-123.634555232902, 41.140174260632], [-123.634501264126, 41.1401572428365], [-123.634448632172, 41.1401369964119], [-123.634409457809, 41.1401219563068], [-123.634375413359, 41.1401029847957], [-123.634295307691, 41.1400808727152], [-123.634257398493, 41.1400681478399], [-123.634243961962, 41.1400636376766], [-123.634178091328, 41.1400378799918], [-123.634176117654, 41.1400374611784], [-123.634108525524, 41.1400231106834], [-123.634030254208, 41.1399988092986], [-123.633959222174, 41.1399906498928], [-123.633894550575, 41.1399734465974], [-123.633832676314, 41.1399565665727], [-123.633772804866, 41.1399387972212], [-123.633714946283, 41.1399204402567], [-123.633656795585, 41.1399042891141], [-123.633600407148, 41.1398855303578], [-123.633543767227, 41.1398656469637], [-123.633492948415, 41.139842456241], [-123.633446778682, 41.1398198443641], [-123.633405545537, 41.1398013156501], [-123.633358970805, 41.1397788347783], [-123.633303640473, 41.139753863584], [-123.633248428585, 41.1397276990598], [-123.633194820704, 41.1396930005725], [-123.633138253611, 41.1396703763605], [-123.633092559901, 41.1396418534126], [-123.633047863319, 41.1396155364175], [-123.63299872644, 41.1395936153603], [-123.632951959008, 41.1395729982247], [-123.63290697614, 41.1395497364411], [-123.632860087442, 41.1395208362271], [-123.632822856873, 41.139489149026], [-123.632785421292, 41.1394630298494], [-123.632760319276, 41.1394448311605], [-123.632749455338, 41.1394369548342], [-123.632721215282, 41.1394155809572], [-123.632716554622, 41.1394120538222], [-123.632714983461, 41.1394108643951], [-123.632680702684, 41.1393835784422], [-123.632648630051, 41.1393642478803], [-123.632597863039, 41.1393316179488], [-123.632570143949, 41.1393119977229], [-123.632539567656, 41.139285318338], [-123.632509692942, 41.1392609681508], [-123.632479101556, 41.1392364336245], [-123.632445745667, 41.1392100225988], [-123.632408506923, 41.1391781893776], [-123.632378511441, 41.1391534128421], [-123.632336809785, 41.1391213861045], [-123.632155720251, 41.1387423176053], [-123.632148198252, 41.1387265715546], [-123.632141412357, 41.1386755535485], [-123.632176395726, 41.138627906803], [-123.632177745852, 41.1386080647941], [-123.632179620005, 41.1385805037015], [-123.632171566795, 41.1385376016052], [-123.632175993412, 41.1384976531879], [-123.632159454889, 41.1384568118328], [-123.632140598121, 41.138424083143], [-123.632115148703, 41.1383953298016], [-123.631950815282, 41.1383314525737], [-123.63191096218, 41.1383046158236], [-123.631780151149, 41.138305646792], [-123.631772357032, 41.1383102034205], [-123.631729942023, 41.1383350034066], [-123.631701880572, 41.1383514094305], [-123.631662889299, 41.1383852075731], [-123.631639135854, 41.1384087638889], [-123.631612027348, 41.1384560736373], [-123.631599818691, 41.138482376224], [-123.631579278699, 41.1385151201303], [-123.631561075841, 41.1385561214163], [-123.631544079699, 41.138596969254], [-123.631530464547, 41.1386390020154], [-123.631516187666, 41.1386876997799], [-123.631504315056, 41.1387263125759], [-123.631480878484, 41.1387637934077], [-123.631462716329, 41.1388007282661], [-123.631441182505, 41.1388508728411], [-123.63142292084, 41.1389002968563], [-123.631403979482, 41.1389565030738], [-123.631386770471, 41.1390114548946], [-123.631365552482, 41.1390585143026], [-123.631351960376, 41.1391027232336], [-123.631348555033, 41.1391504443808], [-123.631351284439, 41.1391747553823], [-123.631354828201, 41.1392063286311], [-123.631374695989, 41.1392564066142], [-123.631402565556, 41.1393050508088], [-123.631445808824, 41.1393514983627], [-123.631485855802, 41.1393915443588], [-123.631533155853, 41.1394333395558], [-123.631572656728, 41.139465883094], [-123.631605467189, 41.1395178096677], [-123.631628896179, 41.1395701831202], [-123.63164196031, 41.1396294261103], [-123.631633619491, 41.1396866822104], [-123.631609832651, 41.1397443157583], [-123.631572855928, 41.1398006479049], [-123.631534440483, 41.1398443867114], [-123.63149260726, 41.1398749205766], [-123.631457962216, 41.1399116223992], [-123.63143557579, 41.139960122283], [-123.631419646097, 41.1400184090349], [-123.631418170082, 41.1400673924241], [-123.631418991852, 41.1400817618983], [-123.631421541411, 41.1401263246419], [-123.631441041097, 41.140188178908], [-123.631462616548, 41.1402618384138], [-123.63148486815, 41.1403151758873], [-123.63149288603, 41.1403786406486], [-123.631491485345, 41.140451869407], [-123.631478201692, 41.1405150879191], [-123.631462230892, 41.1405713345974], [-123.631445367201, 41.1406221994165], [-123.631445161057, 41.140622820293], [-123.631429403449, 41.1406775713791], [-123.631425556583, 41.140690937735], [-123.63139146308, 41.1407424563802], [-123.631347771158, 41.1407936970297], [-123.63129437097, 41.1408586802392], [-123.631255215487, 41.1409159151003], [-123.631220058271, 41.140970604013], [-123.631180990026, 41.1410277545961], [-123.631139880323, 41.1410881132698], [-123.631086709813, 41.1411442862537], [-123.631054519792, 41.1411960366816], [-123.631015921365, 41.1412577264385], [-123.630992908954, 41.1413123559579], [-123.630977993891, 41.1413815943411], [-123.63096987739, 41.1414424442188], [-123.630972013784, 41.1415003671045], [-123.630980643935, 41.1415525325747], [-123.63097159256, 41.1416015033921], [-123.630931903474, 41.1416421763535], [-123.630887128061, 41.1416865172673], [-123.630840203182, 41.1417346109333], [-123.630780993404, 41.1417815053334], [-123.630715199415, 41.1418289582137], [-123.630640456526, 41.1418749205906], [-123.630574666346, 41.1419290113223], [-123.630515126434, 41.1419728266756], [-123.630450726104, 41.1420206402006], [-123.630389576693, 41.1420610241639], [-123.630313977165, 41.1421053074314], [-123.630229960697, 41.1421372039363], [-123.630133753309, 41.1421761085877], [-123.630036040429, 41.1422177111643], [-123.629948213823, 41.142260281996], [-123.629898267896, 41.1422884031721], [-123.629869462532, 41.1423046209408], [-123.62978460899, 41.1423391222907], [-123.629706602614, 41.1423724133141], [-123.629620694276, 41.1423996824275], [-123.62953091428, 41.1424270672188], [-123.629451248645, 41.1424553398044], [-123.629373644091, 41.1424888139702], [-123.629301726007, 41.1425210661688], [-123.629244274125, 41.1425568343718], [-123.629196348131, 41.1425936305677], [-123.629185561538, 41.142601337227], [-123.629140975947, 41.1426331887111], [-123.629129663463, 41.1426430997783], [-123.629083222311, 41.1426837855539], [-123.629039335482, 41.1427378954098], [-123.629004408278, 41.1427959981894], [-123.628977009259, 41.1428539427498], [-123.628966375733, 41.1428775520736], [-123.628950451702, 41.1429129096143], [-123.628929475738, 41.1429723909786], [-123.628909958567, 41.1430330263985], [-123.628905035178, 41.1430913094366], [-123.628873428807, 41.1431559103879], [-123.628856466805, 41.1432209592508], [-123.628835607548, 41.1432821983081], [-123.628822235957, 41.1433310456995], [-123.628814102202, 41.1433746029588], [-123.62879949932, 41.1434289059717], [-123.628764939161, 41.1434906891153], [-123.628730596132, 41.1435508838638], [-123.628698429062, 41.1436097191378], [-123.628666047571, 41.1436728100229], [-123.628627358957, 41.143748274394], [-123.628601315832, 41.1437942966549], [-123.628570951309, 41.1438506205498], [-123.628530527469, 41.143905991335], [-123.628514312273, 41.1439540858243], [-123.628495217334, 41.1440108382406], [-123.628475726699, 41.1440685845863], [-123.628446217078, 41.1441192440933], [-123.628428604668, 41.1441805157995], [-123.628420180173, 41.1442174970138], [-123.628414614952, 41.1442419298826], [-123.62838871931, 41.1443014397762], [-123.628381717207, 41.1443452466506], [-123.628370703749, 41.1443905193787], [-123.628353733155, 41.144421920846], [-123.628347885408, 41.1444327397515], [-123.62834494625, 41.1444472837884], [-123.628338147306, 41.1444809195875], [-123.628332197786, 41.1445323855716], [-123.628321755495, 41.1445874414033], [-123.62830239971, 41.1446196485708], [-123.628295668386, 41.1446632440758], [-123.628289652274, 41.1447016209833], [-123.628264827513, 41.1447330274409], [-123.628249419718, 41.1447737408821], [-123.628234584962, 41.1448047028043], [-123.628213540775, 41.1448430553718], [-123.628203488047, 41.1448626547195], [-123.628181585317, 41.1448603708458], [-123.628086710018, 41.1448637085763], [-123.628049698911, 41.1448572255814], [-123.62800657872, 41.1448490418519], [-123.627966668856, 41.1448319930078], [-123.62792189207, 41.14481416537], [-123.627890839852, 41.1447930083375], [-123.627850189516, 41.14477965224], [-123.627803560363, 41.1447697553328], [-123.627763598985, 41.1447735339545], [-123.627721321109, 41.1447895642724], [-123.627718129907, 41.1447909400594], [-123.627696277965, 41.1447808567429], [-123.627690547175, 41.1447782126125], [-123.627665465972, 41.1447477673252], [-123.627641447468, 41.1447841551499], [-123.627611610402, 41.1448068213499], [-123.627582748266, 41.1448263825988], [-123.627523737642, 41.1448368263008], [-123.627488806963, 41.1448460677607], [-123.627484421514, 41.1448791724043], [-123.627447833543, 41.1448805706591], [-123.627445928969, 41.1448817862954], [-123.627419331249, 41.144898761601], [-123.627375833119, 41.1449035556298], [-123.627350184841, 41.1449313803148], [-123.627307946571, 41.1449387085962], [-123.627265437764, 41.1449471598237], [-123.627222113757, 41.1449539742278], [-123.62719314852, 41.1449248399236], [-123.627168012806, 41.1449024127917], [-123.627127996157, 41.1449090325979], [-123.627090807152, 41.1449081351854], [-123.627053979011, 41.1449093427534], [-123.6270222103, 41.1448940076148], [-123.626991381549, 41.1448905299061], [-123.626971833846, 41.1448909056394], [-123.626941363724, 41.1449004334293], [-123.626897537826, 41.1449112301504], [-123.62686525603, 41.1449463719452], [-123.626824128477, 41.1449714873866], [-123.626813769081, 41.1450058549963], [-123.626817996932, 41.145046513644], [-123.626804112286, 41.1450782169699], [-123.626786461556, 41.145104364872], [-123.626766178861, 41.1451315557985], [-123.626763909171, 41.1451617582543], [-123.626767436634, 41.1451903113418], [-123.626748711682, 41.1452144040662], [-123.626724258156, 41.1452448479246], [-123.626653077349, 41.1452274462963], [-123.626616757557, 41.1452375102669], [-123.626617873123, 41.1452679474275], [-123.62657721945, 41.1452840387518], [-123.626539711339, 41.1453019685882], [-123.626495321984, 41.1453023036986], [-123.626455755955, 41.1452935739957], [-123.626418646347, 41.1453044222866], [-123.626416389684, 41.1453050822292], [-123.626385482054, 41.1453303986631], [-123.626385449905, 41.1453585765701], [-123.626385440708, 41.1453660000622], [-123.626404033992, 41.145376387799], [-123.626420376198, 41.1453855176549], [-123.626433932732, 41.145411844399], [-123.626436013508, 41.145443664435], [-123.626421739485, 41.1454780559978], [-123.626412448706, 41.1455069130066], [-123.626390485409, 41.1455340940879], [-123.626365050474, 41.1455634946815], [-123.626342638365, 41.1455883469395], [-123.626315382636, 41.1456072379522], [-123.626318069382, 41.145637248603], [-123.626290884489, 41.1456587028838], [-123.62624543857, 41.1456681272474], [-123.626222158794, 41.1456935994409], [-123.62618441301, 41.145718397204], [-123.626150265934, 41.1457058573081], [-123.626106606281, 41.1457224251109], [-123.626082340774, 41.1457483818561], [-123.626061426645, 41.1457801494183], [-123.626025092952, 41.1457933039011], [-123.625993364761, 41.1458104418771], [-123.625932162431, 41.1457980471391], [-123.625895051237, 41.1457828262975], [-123.625853169939, 41.1457968161784], [-123.625817733772, 41.1457896933553], [-123.625782507644, 41.145756906666], [-123.625743061718, 41.1457302439646], [-123.625696105784, 41.1457331437576], [-123.625660566029, 41.1457544829296], [-123.625636320958, 41.1457755886954], [-123.625588858085, 41.1457712947564], [-123.625548490755, 41.1457654129005], [-123.625512681562, 41.1457421047446], [-123.625472488277, 41.1457243134228], [-123.625442640653, 41.1457072396971], [-123.625410686929, 41.145728871897], [-123.625364677458, 41.1457286676856], [-123.625354632924, 41.1456951730509], [-123.625333644328, 41.1456646996367], [-123.625316444051, 41.1456368629956], [-123.625285125444, 41.145610573085], [-123.625265993286, 41.1455784456321], [-123.625274077135, 41.1455437869478], [-123.625252350401, 41.1455162622196], [-123.625251936688, 41.1455157384016], [-123.625251367639, 41.1455156721292], [-123.625209713547, 41.1455107979204], [-123.625180641822, 41.1454902077194], [-123.625138699215, 41.1454784160531], [-123.625098393226, 41.1454767115879], [-123.625059959876, 41.145479708099], [-123.625017385303, 41.1454826811266], [-123.6249739105, 41.1454756836315], [-123.624929255186, 41.1454622023045], [-123.624891747921, 41.1454512836767], [-123.624872494047, 41.1454223771555], [-123.624824412767, 41.1454173043662], [-123.624786636131, 41.1454292240912], [-123.624745766958, 41.1454471508555], [-123.624705102173, 41.1454292348096], [-123.6246511988, 41.1454205534138], [-123.624613394083, 41.1454379311445], [-123.624582999336, 41.1454638793741], [-123.624565251035, 41.1454397856868], [-123.624546751019, 41.1453975027383], [-123.624530440948, 41.1453672416191], [-123.624496745165, 41.1453499660135], [-123.624467619973, 41.1453322503546], [-123.624430287414, 41.1453117200589], [-123.62438728292, 41.1452968738775], [-123.624363215048, 41.1452755050839], [-123.624332919654, 41.1452560229709], [-123.624317613377, 41.1452225261331], [-123.624292200295, 41.1451868455948], [-123.624282858059, 41.1451511923573], [-123.624265453153, 41.1451199372511], [-123.6242323052, 41.1451010984231], [-123.624190763274, 41.1450871567461], [-123.624148340706, 41.1450786155814], [-123.624111256645, 41.14507082016], [-123.624074337552, 41.1450630787813], [-123.624027089075, 41.1450623546836], [-123.623981579426, 41.1450649216565], [-123.623972801758, 41.1450679382203], [-123.623939150864, 41.1450795038276], [-123.623921780087, 41.1451060145978], [-123.623886164751, 41.1451273257097], [-123.6238570263, 41.1451479144277], [-123.623819987773, 41.1451518397967], [-123.623779759048, 41.1451637967927], [-123.623745688994, 41.1451774148202], [-123.623699155348, 41.1451676274329], [-123.623656608448, 41.1451394224286], [-123.623636156913, 41.1451030221718], [-123.623612509827, 41.1450797475644], [-123.623581554585, 41.1450636630164], [-123.623541046634, 41.1450367080426], [-123.623508744883, 41.1450211280018], [-123.623466854524, 41.1449999437641], [-123.623457718154, 41.1449717587271], [-123.62345329813, 41.1449585256646], [-123.623448661004, 41.1449446398005], [-123.623446619014, 41.1449385263539], [-123.623444733274, 41.1449197207753], [-123.623442725038, 41.1448996826726], [-123.623432086, 41.1448647002671], [-123.623412428436, 41.144832465447], [-123.623396296351, 41.1448069611936], [-123.623380504434, 41.1447791229414], [-123.623369855516, 41.1447488796601], [-123.623371301559, 41.1447288084499], [-123.623372060823, 41.1447182587456], [-123.62336076875, 41.1447113278895], [-123.62337223961, 41.1447073158332], [-123.623395551887, 41.1446991617991], [-123.623428446768, 41.1446850358811], [-123.623430566495, 41.1446840083134], [-123.62344043086, 41.1446792248571], [-123.62346139678, 41.1446690576227], [-123.62346505737, 41.1446672830636], [-123.623471811534, 41.1446640072522], [-123.62353005682, 41.1446466858999], [-123.623565951195, 41.1446350965567], [-123.623601646635, 41.144624270351], [-123.623622172711, 41.1446196282366], [-123.623603028173, 41.1445919892237], [-123.623578467682, 41.1445692582265], [-123.623546118051, 41.1445523741039], [-123.623515066279, 41.1445323607951], [-123.62348006251, 41.1445140506504], [-123.6234436133, 41.1444902039306], [-123.623421773422, 41.1444566540511], [-123.623399310678, 41.1444254045629], [-123.623365714315, 41.1444059616746], [-123.623337831973, 41.1443865310947], [-123.623320823429, 41.144356291593], [-123.623318048913, 41.1443280613073], [-123.623314000137, 41.1442941250803], [-123.623314259063, 41.1442623229458], [-123.623323593953, 41.1442324615546], [-123.623347336089, 41.14420654785], [-123.623348619281, 41.144178088424], [-123.623353177391, 41.1441501661652], [-123.623332533153, 41.1441197914013], [-123.623316031152, 41.1440875412863], [-123.623287740487, 41.1440605867676], [-123.623258732845, 41.1440326632634], [-123.623240751115, 41.1440152869486], [-123.623230847526, 41.1440040878102], [-123.623157297773, 41.1439146990578], [-123.623137093055, 41.1438910841413], [-123.623105320658, 41.143869294648], [-123.623093556808, 41.1438323950932], [-123.623069840289, 41.1438062481112], [-123.62304131917, 41.143781486409], [-123.623022646898, 41.1437555985868], [-123.622999678504, 41.1437248904259], [-123.622963390223, 41.1437160949502], [-123.622929639633, 41.1437012053793], [-123.622894844099, 41.1436772585586], [-123.622863700114, 41.1436622954209], [-123.622828192071, 41.1436544730453], [-123.622782720133, 41.1436532451946], [-123.622749227385, 41.1436383956132], [-123.622738347347, 41.143607099587], [-123.622708689219, 41.1435897259564], [-123.622681670953, 41.1435691204113], [-123.62266830353, 41.1435235341124], [-123.622650243722, 41.1434877936337], [-123.62260237351, 41.143478159852], [-123.622546014914, 41.143460534138], [-123.62251876925, 41.1434367887135], [-123.622487023805, 41.1434183084195], [-123.622456270321, 41.1434032854096], [-123.622436312801, 41.1433761550334], [-123.622391243687, 41.1433534868489], [-123.622345634105, 41.1433385593892], [-123.622312737897, 41.1433170793134], [-123.622297702261, 41.1432868434081], [-123.622268758071, 41.1432688289445], [-123.622256878791, 41.1432312543274], [-123.622254226672, 41.1432010434027], [-123.622258861188, 41.1431730937453], [-123.622263148132, 41.1431319484282], [-123.622258231598, 41.1431006913019], [-123.622231812094, 41.1430770845712], [-123.622206267673, 41.1430506229945], [-123.622159079023, 41.1430253106242], [-123.62212012991, 41.1429994438863], [-123.62208401635, 41.1429706234313], [-123.622055414185, 41.1429380898645], [-123.62202643061, 41.1429097047061], [-123.622000230204, 41.1428868209768], [-123.621994045091, 41.1428568606249], [-123.621956593564, 41.1428662626522], [-123.621906323394, 41.1428323462131], [-123.621876803399, 41.1428059465607], [-123.621838468426, 41.1428107565654], [-123.621795167156, 41.1428343974465], [-123.621765084676, 41.1428126561068], [-123.621729972779, 41.1427983932751], [-123.621706870819, 41.142774639703], [-123.621682228577, 41.1427524474083], [-123.621643021362, 41.1427380769371], [-123.621602714988, 41.1427230205736], [-123.621602186429, 41.1427228225486], [-123.621602079366, 41.1427219583638], [-123.621598458976, 41.1426927759481], [-123.621579025265, 41.1426647751276], [-123.621561061352, 41.1426382193542], [-123.621546340325, 41.1426287566697], [-123.621530329311, 41.1426184650063], [-123.621518538616, 41.1425917299895], [-123.621475438605, 41.1425758482126], [-123.621436701648, 41.1425679806705], [-123.621400806078, 41.1425586619216], [-123.621363629511, 41.1425552727944], [-123.621319022555, 41.1425406926279], [-123.621278957525, 41.1425349004198], [-123.621242810985, 41.1425382526483], [-123.621205811317, 41.1425345400317], [-123.62116964134, 41.1425220230687], [-123.621134851019, 41.1425043037738], [-123.621090672205, 41.1424954358498], [-123.621048916654, 41.1424980129491], [-123.620996721231, 41.1424909618731], [-123.620956495224, 41.1424706243923], [-123.620912142982, 41.1424532187042], [-123.620866784397, 41.1424579797673], [-123.620839686482, 41.1424792314281], [-123.620803606022, 41.1424917379363], [-123.620767929816, 41.1425152715816], [-123.620725696119, 41.14252818055], [-123.62068889028, 41.1425231578686], [-123.620665774311, 41.1425499387279], [-123.620638487052, 41.1425732361647], [-123.620634777412, 41.1426094906062], [-123.620625124977, 41.1426362367518], [-123.620620804211, 41.1426664429482], [-123.620623783661, 41.1427049133364], [-123.620645388198, 41.1427392460167], [-123.620671178842, 41.1427696584005], [-123.620701566029, 41.1427949421099], [-123.620712912966, 41.1428267123391], [-123.620714870183, 41.1428552101328], [-123.6207122399, 41.1428880240301], [-123.62069381968, 41.1429217283185], [-123.620699901703, 41.1429585101111], [-123.620724682189, 41.1429923572487], [-123.620721265432, 41.1430352795934], [-123.620712696512, 41.1430643394513], [-123.620707829334, 41.1430923263335], [-123.620716187126, 41.1431202374501], [-123.620705928456, 41.143148409221], [-123.620716192153, 41.1431652537182], [-123.620723957695, 41.1431779968474], [-123.620689549657, 41.1431956639658], [-123.620652913374, 41.1432120765626], [-123.620616881956, 41.1432324854158], [-123.620578549674, 41.1432468443073], [-123.620545087847, 41.1432580800184], [-123.620512712757, 41.1432666606298], [-123.620505629631, 41.1432685382061], [-123.620503895123, 41.1432696005778], [-123.620474075423, 41.1432878509522], [-123.620439768879, 41.1433060588265], [-123.620403732358, 41.1433284674036], [-123.620372700833, 41.143345464067], [-123.620329725477, 41.1433595253964], [-123.62029476868, 41.1433768953872], [-123.620254225855, 41.1433774758142], [-123.620219416046, 41.1433540426125], [-123.620211607207, 41.143325060163], [-123.620181962562, 41.1433022035728], [-123.620143852543, 41.1432750282], [-123.620119005148, 41.1432425333913], [-123.620096457226, 41.1432179694031], [-123.620059772513, 41.1432038298312], [-123.620019819368, 41.143214122969], [-123.619991831112, 41.1432328840204], [-123.619946569956, 41.1432478015539], [-123.61991506607, 41.14326741294], [-123.619861845723, 41.1432773567487], [-123.619824517146, 41.1432776008472], [-123.619779357436, 41.1432929222258], [-123.619738703071, 41.1432802577917], [-123.619732498587, 41.1433135728191], [-123.619687549315, 41.1433183420257], [-123.619644540178, 41.1433156629199], [-123.619640000351, 41.1433144208234], [-123.619610078101, 41.143306232312], [-123.619561078179, 41.1432981770293], [-123.619553977891, 41.1432960821365], [-123.619518892413, 41.1432980246801], [-123.619504754318, 41.1433078175831], [-123.619461908533, 41.1433064139561], [-123.619430976828, 41.1433258122479], [-123.619394854086, 41.1433295970511], [-123.619388876876, 41.1433302228137], [-123.619352333495, 41.143326789098], [-123.619323125484, 41.1433097805979], [-123.619283776417, 41.1433104587573], [-123.619231878219, 41.1432985707223], [-123.619188958496, 41.1433167956996], [-123.619163038073, 41.1432924262119], [-123.61911329663, 41.1432848350301], [-123.619064774951, 41.1432794757455], [-123.619023884123, 41.1432620516316], [-123.61898382906, 41.143261780442], [-123.618964463781, 41.1432265103042], [-123.618936731778, 41.1431766192847], [-123.618899126154, 41.1431536006567], [-123.618861278386, 41.1431376509497], [-123.618836212105, 41.1431162773447], [-123.618823631055, 41.1431195706756], [-123.618791044416, 41.1431281005948], [-123.618733897785, 41.1431205634398], [-123.618692314952, 41.1431192554332], [-123.618652675472, 41.1431299751907], [-123.618605215828, 41.1431226039394], [-123.618610129165, 41.1431552268459], [-123.618581794569, 41.1431777502319], [-123.618542919712, 41.1431870389873], [-123.618535682496, 41.1431906576047], [-123.618502739036, 41.1432071289597], [-123.618471439917, 41.1432221979481], [-123.618463312314, 41.1432307369762], [-123.618447448837, 41.1432474021653], [-123.61841842231, 41.1432679483789], [-123.618403723424, 41.1433104060599], [-123.618402134487, 41.1433505611921], [-123.618413668329, 41.1433696087247], [-123.618421568565, 41.143382654854], [-123.618455995556, 41.1434100532496], [-123.618486761688, 41.1434452892842], [-123.618495744919, 41.1434569180488], [-123.618520111866, 41.1434780513664], [-123.618558548819, 41.1435197877617], [-123.618600226055, 41.1435612941557], [-123.618618378378, 41.1435869494829], [-123.618625511142, 41.1435947823186], [-123.61864155263, 41.1436123967776], [-123.618647536011, 41.1436187638866], [-123.618648885174, 41.1436217067422], [-123.618651969079, 41.1436234809591], [-123.618683276234, 41.143656796243], [-123.618716082602, 41.1436976043797], [-123.618743277107, 41.1437479883668], [-123.618758459796, 41.1437861707534], [-123.618759173172, 41.1438269476792], [-123.618763954846, 41.143863043844], [-123.618770457449, 41.1439131074879], [-123.618776452511, 41.1439243892604], [-123.618775184384, 41.1439249978029], [-123.618723358145, 41.1439296819666], [-123.618677393326, 41.1439479131992], [-123.618646236177, 41.1439656955641], [-123.618606370722, 41.1439682742395], [-123.618561900523, 41.143969426448], [-123.618536458894, 41.1439310847339], [-123.618499654468, 41.1439354097903], [-123.618458489815, 41.1439179130832], [-123.618421836709, 41.1439042250204], [-123.618386191874, 41.143892327717], [-123.618360804312, 41.1438634061796], [-123.618323400143, 41.1438650266115], [-123.618307972762, 41.1438900803376], [-123.618274394247, 41.1439008944436], [-123.618236092424, 41.1438631468488], [-123.618192567023, 41.1438536167296], [-123.618146873046, 41.1438498146712], [-123.618106329564, 41.143839698315], [-123.618070600827, 41.1438210129782], [-123.618034050125, 41.1438022257466], [-123.617967552254, 41.1437789411545], [-123.617944997633, 41.1437558829103], [-123.61791630928, 41.1437309974238], [-123.617879827323, 41.143709748804], [-123.617834474874, 41.1437057574243], [-123.617810124509, 41.1437278944282], [-123.617771440527, 41.1437496957337], [-123.617734052405, 41.1437441320537], [-123.617689652082, 41.1437613519191], [-123.617647885183, 41.1437515167037], [-123.617616186823, 41.1437320835749], [-123.617577469867, 41.1437458048674], [-123.617529603219, 41.1437455110955], [-123.617492464528, 41.1437448129914], [-123.617445562954, 41.1437316731886], [-123.617402127444, 41.1437266237399], [-123.617359168547, 41.1437046710178], [-123.617352235918, 41.1437059656806], [-123.617337758054, 41.1437086699864], [-123.617316922102, 41.1437125613801], [-123.617266139903, 41.1437158601771], [-123.617245198539, 41.1437048250602], [-123.617206175323, 41.1436538627301], [-123.617172400682, 41.1436382996061], [-123.617156314715, 41.1436256863903], [-123.617145966888, 41.1436175734259], [-123.617135307411, 41.1435978256691], [-123.617132952386, 41.1435934631278], [-123.617125875197, 41.1435803539493], [-123.617117204556, 41.1435745893759], [-123.617109484793, 41.1435694565694], [-123.617107067427, 41.1435678498913], [-123.617087053398, 41.1435545460811], [-123.617062471974, 41.14353463959], [-123.617102464615, 41.143485779756], [-123.61714101078, 41.1434708785963], [-123.617179715587, 41.1434551064063], [-123.617195848444, 41.1434250649539], [-123.617192109787, 41.1433956470256], [-123.617197717364, 41.1433594077499], [-123.617172210435, 41.1433385207711], [-123.617146726101, 41.1433180083959], [-123.617124049596, 41.1432933409218], [-123.617089704019, 41.1432741803558], [-123.617065426272, 41.1432504294485], [-123.617037675542, 41.1432292797165], [-123.617017370497, 41.1432060191701], [-123.616982642363, 41.1431787084316], [-123.61694953128, 41.1431496180601], [-123.616911892719, 41.1431320370542], [-123.616873421678, 41.143122513596], [-123.616834916135, 41.1431071450547], [-123.616805019477, 41.1430806569388], [-123.616770202731, 41.1430560814217], [-123.61674483235, 41.1430357512074], [-123.616714199543, 41.143008648163], [-123.616702794773, 41.1429746997264], [-123.616693026174, 41.142946102256], [-123.616674246896, 41.1429218561174], [-123.616640730575, 41.1428995967475], [-123.616596596614, 41.1428978989852], [-123.616550451624, 41.1428816127938], [-123.616510772868, 41.1428708570853], [-123.616500269657, 41.142900207133], [-123.616480372407, 41.1429342024062], [-123.616448617832, 41.1429586955935], [-123.616407210405, 41.1429769952172], [-123.616366656675, 41.1429896242612], [-123.616344334456, 41.1430237522914], [-123.616326495801, 41.1430559241246], [-123.616289016274, 41.1430719804302], [-123.616254927067, 41.143054073049], [-123.616213497821, 41.1430350474015], [-123.616173340376, 41.1430310789215], [-123.616172987272, 41.1430306556353], [-123.616148439756, 41.1431164236627], [-123.616152788645, 41.1431459068235], [-123.616144511556, 41.1431819189163], [-123.616127696443, 41.1432067158443], [-123.616121405749, 41.1432372530918], [-123.616100228862, 41.1432649306646], [-123.61608265524, 41.1432894082573], [-123.616072799094, 41.1433182782834], [-123.616055671473, 41.1433436858088], [-123.616036006668, 41.1433713615883], [-123.616040863763, 41.1434051117997], [-123.616035936016, 41.1434417392298], [-123.616015030865, 41.1434651032303], [-123.615971518588, 41.1434600968901], [-123.615939566062, 41.1434753254231], [-123.615909706186, 41.1434945215671], [-123.615881377919, 41.1434797540708], [-123.615841392817, 41.1434557680025], [-123.615823333199, 41.1434309864109], [-123.615785545952, 41.14342246332], [-123.615756976544, 41.1434021653035], [-123.615711230816, 41.1434028467089], [-123.615669803514, 41.1434137218258], [-123.61562965038, 41.1434180080137], [-123.615629869286, 41.1434490599288], [-123.615624770585, 41.1434839965633], [-123.61559380449, 41.1435113155956], [-123.615561213991, 41.1435313495679], [-123.615513914423, 41.143533828176], [-123.615472076616, 41.1435071828253], [-123.615438181507, 41.1434970363119], [-123.615388706926, 41.1434825266972], [-123.615353621336, 41.1434747934412], [-123.615317853164, 41.1434666998996], [-123.615276872698, 41.1434656000302], [-123.615237942551, 41.1434570567411], [-123.61518782646, 41.1434514196878], [-123.615147384738, 41.1434378363887], [-123.615103945275, 41.1434313042868], [-123.61506632949, 41.1434166357257], [-123.615030116046, 41.1434039855515], [-123.614989562533, 41.1433807255593], [-123.614945384254, 41.1433672981574], [-123.61490960996, 41.1433517765707], [-123.614872980673, 41.1433345300112], [-123.614834589641, 41.1433218166327], [-123.614798259207, 41.1433097714428], [-123.614763075478, 41.143298275011], [-123.614729894189, 41.1432801983888], [-123.614681656297, 41.1432672915894], [-123.614640900728, 41.1432546574221], [-123.614596455151, 41.1432437256118], [-123.614559207106, 41.1432358757378], [-123.61451131198, 41.1432278952846], [-123.614473772789, 41.1432094058511], [-123.614430358727, 41.1431929330923], [-123.614391165473, 41.1431814498256], [-123.614361665661, 41.1431638020569], [-123.614321993104, 41.1431482001882], [-123.614274668913, 41.1431298826774], [-123.614243175762, 41.1431126364524], [-123.614210779748, 41.1430974722648], [-123.614189331842, 41.1430738335728], [-123.614159364438, 41.1430548460611], [-123.614115150821, 41.1430513840172], [-123.614073706162, 41.1430406035539], [-123.614031099315, 41.1430485612919], [-123.614015719135, 41.1430766588828], [-123.614022936897, 41.1431050386742], [-123.614026936604, 41.1431412626216], [-123.614050911006, 41.1431720888269], [-123.614067252547, 41.1432000398443], [-123.614082097165, 41.1432317938862], [-123.614091492837, 41.1432630680251], [-123.614090766207, 41.1432942628074], [-123.614065721285, 41.1433207508605], [-123.614061853216, 41.1433480781627], [-123.6140640788, 41.143378314976], [-123.614044835337, 41.1434029633031], [-123.614039949239, 41.1434374041997], [-123.613997658236, 41.143434154359], [-123.613997856982, 41.1434697707112], [-123.613977959029, 41.143499248071], [-123.613947000755, 41.1435180252874], [-123.613904575341, 41.1435136564415], [-123.613864180532, 41.1434985627102], [-123.613826358579, 41.1434866782973], [-123.613795714111, 41.1434680591221], [-123.613743290772, 41.1434663422809], [-123.613703934636, 41.1434675572471], [-123.613670170563, 41.1434477881294], [-123.613631656018, 41.1434457115886], [-123.613587282113, 41.1434098657357], [-123.613546406041, 41.1432628332906], [-123.613606301054, 41.1432061740719], [-123.61358996841, 41.1431705914106], [-123.613604969294, 41.1430875906716], [-123.613870969114, 41.1430005907776], [-123.613916969128, 41.1429125911339], [-123.613887968727, 41.1428275908772], [-123.613666969294, 41.1427005907485], [-123.613573968881, 41.1426075908776], [-123.613480507611, 41.1425691923449], [-123.613444969072, 41.1425545905571], [-123.613347290524, 41.1425207579819], [-123.613205904055, 41.1425458816991], [-123.613132969501, 41.1426105911605], [-123.613120433873, 41.142611745141], [-123.612969969343, 41.142625591196], [-123.612942969213, 41.1426775909067], [-123.612844969093, 41.1426575913178], [-123.612683969094, 41.1427005914158], [-123.612699969367, 41.1427665913057], [-123.612841968745, 41.1428385913199], [-123.612873791261, 41.1428568387616], [-123.612984969552, 41.1429205909535], [-123.61304567585, 41.1429337545953], [-123.613036157802, 41.1430821111568], [-123.613001254464, 41.1430880106387], [-123.613009968777, 41.1431775906154], [-123.612778345474, 41.143167977411], [-123.612727555243, 41.143299309575], [-123.612540659091, 41.1432655256687], [-123.61247139327, 41.1433134577175], [-123.612450969409, 41.1433275907761], [-123.612377969418, 41.143386590866], [-123.612293005542, 41.1434794207822], [-123.612277483002, 41.1434677055835], [-123.61224060034, 41.1434633796279], [-123.612224759013, 41.1434515958545], [-123.612223292197, 41.1434521153014], [-123.612209731668, 41.1434785175933], [-123.612175697818, 41.1434644163685], [-123.612166144338, 41.1434670767399], [-123.612148716976, 41.1434962974412], [-123.612110325397, 41.1435003946843], [-123.612073940464, 41.1435144845749], [-123.612055953928, 41.1435420120373], [-123.61201108073, 41.1435368411814], [-123.611979218677, 41.1435569054027], [-123.611962952054, 41.1435837129864], [-123.611921351618, 41.1435918096257], [-123.611910928538, 41.1436182186361], [-123.611875421378, 41.1436257334064], [-123.611846013821, 41.1436491138894], [-123.611805183391, 41.1436628814019], [-123.61180447561, 41.143632884202], [-123.611770173743, 41.1436208443982], [-123.611730907852, 41.1436074212021], [-123.611748742288, 41.1436364698946], [-123.611786863099, 41.1436541292967], [-123.611789833028, 41.1436669948841], [-123.611795158294, 41.1436900638719], [-123.611758122757, 41.1436991739231], [-123.61170215744, 41.1436938294484], [-123.611661913171, 41.1436733500968], [-123.611622063761, 41.1436861313702], [-123.611598030414, 41.1437020850305], [-123.611588924197, 41.1437081299664], [-123.611554825551, 41.1437263016652], [-123.611519182693, 41.143734869174], [-123.61148183671, 41.1437482802763], [-123.611462764065, 41.1437769376023], [-123.611446614569, 41.1438029130575], [-123.611445223281, 41.1438051508095], [-123.611432717982, 41.1438175517647], [-123.611421753558, 41.1438284248998], [-123.611412985502, 41.1438651076483], [-123.611376811854, 41.1438702936457], [-123.611355050057, 41.1438621731785], [-123.611337292379, 41.143857287829], [-123.611342630079, 41.1438296177238], [-123.611347826007, 41.1437986154312], [-123.611343344367, 41.1437909230106], [-123.611336551083, 41.1437792640489], [-123.61133404085, 41.1437749571606], [-123.611332237784, 41.1437718625919], [-123.611321688911, 41.1437357390663], [-123.611303269401, 41.1437087274066], [-123.611284590932, 41.1436846248825], [-123.611254359251, 41.1436680440404], [-123.611225720349, 41.1436421765561], [-123.611192989007, 41.1436158767777], [-123.6111655691, 41.14359487791], [-123.611131760497, 41.1435805058442], [-123.611090719835, 41.1435840898368], [-123.61104183264, 41.1435685771574], [-123.610998468039, 41.143573542652], [-123.610962205287, 41.1435633371166], [-123.610939647702, 41.1435416133895], [-123.610913251546, 41.1435163816032], [-123.610944874049, 41.1434980781983], [-123.610933342165, 41.1434705372137], [-123.610925966762, 41.1434640653865], [-123.610899007786, 41.1434394311058], [-123.610874385207, 41.1434204053865], [-123.610855569315, 41.1433957216067], [-123.610813688717, 41.1433702881571], [-123.61079903105, 41.1433401514286], [-123.610764069962, 41.1433199563235], [-123.610737826618, 41.1432951236383], [-123.610702399947, 41.1432770154212], [-123.610687215821, 41.1432684753154], [-123.610652375163, 41.1432541896505], [-123.610645987402, 41.1432444787171], [-123.610667899624, 41.1432169513801], [-123.610673359073, 41.1431874799687], [-123.610635673827, 41.1431531270647], [-123.610667713831, 41.1431333397147], [-123.610661633465, 41.1430997308744], [-123.610656886969, 41.1430642440124], [-123.610631797667, 41.1430424111355], [-123.610590416915, 41.1430236849718], [-123.61055731477, 41.1429942179792], [-123.610525177983, 41.1429828806569], [-123.610501565274, 41.1429591329432], [-123.610460006941, 41.1429438631214], [-123.610407241272, 41.1429489953163], [-123.610384850594, 41.1429758153141], [-123.610355928611, 41.1429949158741], [-123.610332479532, 41.1430173428896], [-123.610292985284, 41.1430041528157], [-123.610288114411, 41.1429820911382], [-123.610232742566, 41.1429870857269], [-123.610193771072, 41.1429850365795], [-123.610158697176, 41.1429775710146], [-123.610128549543, 41.1429932630973], [-123.610089300609, 41.143008207973], [-123.610053820753, 41.1430158274307], [-123.610011832283, 41.1430065977513], [-123.609989790555, 41.1429823641922], [-123.60997252372, 41.1429464391541], [-123.60997832306, 41.142913751939], [-123.609947073064, 41.1428990813232], [-123.609912157442, 41.1428812962428], [-123.609877451168, 41.1428718288815], [-123.609837213482, 41.1428532306127], [-123.609796865972, 41.1428400115558], [-123.609757840641, 41.1428296950526], [-123.609718305601, 41.1428218539153], [-123.609679886549, 41.142804045871], [-123.609641646815, 41.1427877132671], [-123.609593160004, 41.1427632214317], [-123.609566656745, 41.1427433199006], [-123.609528834363, 41.1427199336301], [-123.60949052865, 41.1427030293202], [-123.609452630739, 41.1426858949389], [-123.609427790614, 41.1426562947284], [-123.609393917391, 41.1426353638047], [-123.609352019058, 41.1426326173268], [-123.609315380261, 41.1426279180153], [-123.609279198587, 41.1426214957567], [-123.609204547383, 41.1426136726237], [-123.609162867059, 41.1426007450434], [-123.609123183259, 41.1425868493461], [-123.609076168996, 41.1425737535656], [-123.609024746501, 41.1425691026015], [-123.608984857873, 41.1425624287094], [-123.608943914436, 41.1425286761857], [-123.608928409359, 41.1425208212461], [-123.608910930093, 41.142511966949], [-123.608866974021, 41.1424928646327], [-123.608844949263, 41.1424667940413], [-123.608816571066, 41.1424492434113], [-123.608854037425, 41.1424495120025], [-123.608871278861, 41.1424447655655], [-123.608891091182, 41.1424393119249], [-123.60887960862, 41.1424075853751], [-123.608866041616, 41.1423707965656], [-123.608885275574, 41.1423401759771], [-123.608906473613, 41.1423729753639], [-123.608920599722, 41.1423342980373], [-123.608907294634, 41.1422952945951], [-123.608917359527, 41.1422778470464], [-123.608934239737, 41.1422520896708], [-123.60894147562, 41.1422248357096], [-123.608947479074, 41.1421945850131], [-123.608926240925, 41.1421660763301], [-123.608881540274, 41.1421516053364], [-123.608843606804, 41.1421322495804], [-123.608826579356, 41.142110391711], [-123.608820894693, 41.1421030937902], [-123.608817312829, 41.142093566098], [-123.608816218592, 41.1420827046933], [-123.608824884064, 41.1420701009153], [-123.608830275348, 41.1420499288488], [-123.608834438906, 41.142034353721], [-123.608833065678, 41.1420134256078], [-123.608832625899, 41.1420067170111], [-123.608820434999, 41.1419785289153], [-123.608836901165, 41.1419674026481], [-123.608848465965, 41.1419595883836], [-123.608881083313, 41.1419329146014], [-123.608897413258, 41.1419195595784], [-123.608885235788, 41.1418903769407], [-123.608876604535, 41.1418584929906], [-123.608868021615, 41.1418282266117], [-123.608894917323, 41.1418045628961], [-123.608925680521, 41.1417829190307], [-123.608937831887, 41.1417569785659], [-123.608942091161, 41.1417507252529], [-123.608955648399, 41.1417308189851], [-123.608956311171, 41.1416987706069], [-123.608965294738, 41.1416838500934], [-123.608954059663, 41.1416560668189], [-123.608956063345, 41.1416531718819], [-123.608933684221, 41.1416248340744], [-123.608945216006, 41.1415927183315], [-123.608961210755, 41.1415643920591], [-123.608971465827, 41.1415367302866], [-123.608971742145, 41.1415076043271], [-123.608972678876, 41.1414727115908], [-123.608978798254, 41.1414504926638], [-123.608966782742, 41.1414263175953], [-123.608958683664, 41.1413988897701], [-123.608971416401, 41.1413723012577], [-123.608934037986, 41.1413573844133], [-123.608925024851, 41.1413304568543], [-123.608920744093, 41.1412998596632], [-123.608919562048, 41.1412707450147], [-123.608925440363, 41.1412392113433], [-123.608905982789, 41.1412275831433], [-123.608894071477, 41.1412204640667], [-123.608859199025, 41.1412126304137], [-123.60882778255, 41.1411869301347], [-123.608853768372, 41.1411572890566], [-123.60887640164, 41.1411291258813], [-123.608917520833, 41.1411350861854], [-123.608943377542, 41.141154615659], [-123.608945866939, 41.1411543791024], [-123.60898516519, 41.1411506528519], [-123.609014903036, 41.141133746257], [-123.60904058134, 41.1411029474393], [-123.609065425133, 41.1410706901372], [-123.609086178769, 41.141042741339], [-123.609113766575, 41.1410228329276], [-123.609130851268, 41.1409867648392], [-123.609136023757, 41.1409692368442], [-123.609141736919, 41.1409498737731], [-123.609142229897, 41.1409395354453], [-123.609143126977, 41.1409207148972], [-123.609165302356, 41.1408978183312], [-123.609204434468, 41.1408983041008], [-123.609245051431, 41.1408821965679], [-123.609273762565, 41.1408826086143], [-123.609284403505, 41.140882760417], [-123.609323443028, 41.1408845726061], [-123.609356377982, 41.14086705809], [-123.609386283037, 41.1408386320494], [-123.609386674009, 41.1408382606553], [-123.609415181577, 41.1408209316863], [-123.609451507196, 41.1408100578815], [-123.609456299924, 41.1408117566466], [-123.609487303852, 41.1408227489572], [-123.609522266383, 41.1408103392803], [-123.609558682691, 41.1408165980816], [-123.609595330899, 41.1408038903076], [-123.609625628073, 41.1407774186564], [-123.609649643966, 41.1407674918111], [-123.609667526492, 41.1407600998299], [-123.609704843594, 41.1407406244117], [-123.609722040013, 41.1407153759921], [-123.609753053316, 41.1407322692894], [-123.609789033459, 41.1407385249219], [-123.609760794104, 41.1407570091844], [-123.609770272609, 41.140768927874], [-123.609783260636, 41.1407852580947], [-123.609821583617, 41.1407813709753], [-123.609837257907, 41.1408066255574], [-123.609882603547, 41.1408003735859], [-123.609925240425, 41.1408041194488], [-123.60995830706, 41.1407905504461], [-123.609999430584, 41.140773842738], [-123.610046643955, 41.1407664962544], [-123.610085845815, 41.1407659013023], [-123.610103103586, 41.1407421451184], [-123.610104267206, 41.1407405436478], [-123.61013978938, 41.140726951679], [-123.610180722292, 41.1407220849643], [-123.610219837616, 41.1407080433581], [-123.61026154616, 41.1407032986173], [-123.610303757324, 41.1406990448341], [-123.610352017565, 41.1406960218996], [-123.610390937935, 41.1406842206446], [-123.610397000124, 41.1406854514369], [-123.610432362036, 41.1406926235503], [-123.61046790151, 41.1406770523423], [-123.61049190497, 41.1406593776501], [-123.610496082678, 41.1406563018149], [-123.610527272207, 41.1406347453394], [-123.61056855087, 41.1406368470057], [-123.610616812761, 41.1406415879032], [-123.610631841928, 41.1406500603841], [-123.610649370969, 41.1406599419665], [-123.610678969632, 41.1406689497481], [-123.610695579559, 41.1406667105953], [-123.610713678794, 41.1406476285879], [-123.610715727323, 41.1406454693316], [-123.61073564504, 41.1406195973964], [-123.61077350082, 41.1406139171531], [-123.610800365382, 41.1406025634184], [-123.61084322316, 41.140617283056], [-123.610866950415, 41.1406435658408], [-123.610869176497, 41.1406460312222], [-123.610895011502, 41.1406657486399], [-123.610927341691, 41.1406841749965], [-123.610960581708, 41.1407058808166], [-123.611001259447, 41.1407169232021], [-123.61102427276, 41.1407183964439], [-123.611017802714, 41.1406951767416], [-123.611013833865, 41.1406627232353], [-123.611009489862, 41.1406397904185], [-123.611008117906, 41.1406325508003], [-123.611004497873, 41.140603786], [-123.610994731106, 41.1405718703925], [-123.61098875284, 41.1405523350333], [-123.610974813543, 41.1405272578699], [-123.610955434915, 41.140495391436], [-123.610956211594, 41.1404831698349], [-123.610957432061, 41.1404639431], [-123.61098638736, 41.1404330345857], [-123.610989712888, 41.1403929630993], [-123.610985461683, 41.1403678291462], [-123.610976233072, 41.1403698868662], [-123.61093575552, 41.1403758990613], [-123.610898851737, 41.1403859224466], [-123.610860604753, 41.1403851262881], [-123.610822713038, 41.1403840931256], [-123.610777831323, 41.1403890638785], [-123.610740498277, 41.1403913516603], [-123.610703555374, 41.1403836745693], [-123.610666696126, 41.1403665170565], [-123.61063603857, 41.1403484168548], [-123.610605839051, 41.1403184183183], [-123.610581915295, 41.1402955919691], [-123.610559729484, 41.1402679515627], [-123.610535650847, 41.1402428109814], [-123.610514533129, 41.1402197130191], [-123.610499649971, 41.1401926653552], [-123.610485216596, 41.1401627219519], [-123.610470194394, 41.140135454326], [-123.610456022352, 41.1401070913299], [-123.610433496323, 41.1400791140021], [-123.610409312171, 41.1400466928262], [-123.610382949159, 41.1400109808754], [-123.610375104646, 41.1399764823553], [-123.610351679198, 41.1399552017829], [-123.610335632183, 41.1399284286998], [-123.610332463566, 41.1398957520321], [-123.61034841106, 41.1398637217416], [-123.610351125386, 41.1398359565664], [-123.61035535134, 41.1397973468171], [-123.610361447415, 41.1397639409606], [-123.610357930427, 41.1397444555801], [-123.610355311588, 41.1397299522422], [-123.610377087517, 41.1397021013815], [-123.610389677582, 41.1396669036625], [-123.610414530808, 41.1396361782659], [-123.610419082613, 41.1396040597175], [-123.610424354636, 41.1395701988177], [-123.610427036234, 41.1395525308253], [-123.610386196332, 41.1395381750675], [-123.610350101954, 41.1395203035707], [-123.610329014782, 41.1394951984377], [-123.610315803428, 41.1394629902413], [-123.610279690594, 41.1394522477125], [-123.610259937565, 41.1394291523789], [-123.61023528289, 41.1394040382026], [-123.610239445303, 41.1393710380426], [-123.610225660105, 41.1393360458148], [-123.610212198292, 41.1393044460683], [-123.610212480743, 41.1392941674001], [-123.610213157019, 41.1392695567965], [-123.610197569929, 41.1392383871755], [-123.610176874585, 41.1392108027509], [-123.610154329832, 41.1391843586161], [-123.610121260927, 41.1391681474009], [-123.610102280964, 41.1391392243036], [-123.610079316813, 41.1391167629888], [-123.610072401051, 41.1391094257051], [-123.610070043662, 41.1391069258719], [-123.610053457661, 41.1390893320001], [-123.610046469284, 41.1390778865725], [-123.610044234602, 41.1390742267655], [-123.610037497903, 41.139063195271], [-123.610008625346, 41.1390421893877], [-123.609995496606, 41.1390096113881], [-123.609992135311, 41.1389967541212], [-123.609984969304, 41.1389693493406], [-123.609961489567, 41.1389439568417], [-123.609948326749, 41.1389175990076], [-123.609949216233, 41.1388821660218], [-123.609951798285, 41.1388501407901], [-123.610031960643, 41.1378439351124], [-123.610036463937, 41.1377874115764], [-123.610075395216, 41.1377803098167], [-123.610070566936, 41.1377442756463], [-123.610090302784, 41.1377209594297], [-123.61010865703, 41.137689989262], [-123.61014427828, 41.1376597500636], [-123.610174419498, 41.1375963140417], [-123.610212680274, 41.1375706188656], [-123.610212480473, 41.1375390326315], [-123.610245695523, 41.1374967931391], [-123.610243539228, 41.137465204658], [-123.61025327826, 41.1374317416624], [-123.61023712331, 41.137396979069], [-123.610197121121, 41.1373783688459], [-123.610170060804, 41.1373550978045], [-123.610167336417, 41.1373246896698], [-123.61018491455, 41.1372969016054], [-123.610197789662, 41.1372789985573], [-123.610219535556, 41.1372487571638], [-123.610214626127, 41.1372024282345], [-123.610173329268, 41.1371654720532], [-123.610129202872, 41.1371467998765], [-123.61009815535, 41.1371346558424], [-123.61008986461, 41.1371314127481], [-123.610065013666, 41.1371019892569], [-123.610033542269, 41.1370699407703], [-123.610018566884, 41.1370355394218], [-123.610003255778, 41.1370101694232], [-123.609978111404, 41.1369701559126], [-123.609953277199, 41.1369358391863], [-123.609944159415, 41.1369037659955], [-123.609939934193, 41.1368718497605], [-123.609938848211, 41.1368400231976], [-123.609937364145, 41.1368103696596], [-123.609953565278, 41.1367830113921], [-123.609952478893, 41.136748312194], [-123.609966119192, 41.1367205369033], [-123.609977503497, 41.1366902657417], [-123.609990226785, 41.1366602252986], [-123.609989593416, 41.1366246544337], [-123.609988427382, 41.136593448942], [-123.609964484653, 41.1365557990556], [-123.609959610369, 41.1365146531013], [-123.609957420708, 41.1364856176405], [-123.609990405621, 41.136458959594], [-123.610004876838, 41.1364174796972], [-123.61001269687, 41.1363798282693], [-123.609998503079, 41.1363272717433], [-123.609981173885, 41.1363002423495], [-123.609948403529, 41.1362786688585], [-123.609907780842, 41.1362605194197], [-123.609875536722, 41.136226934615], [-123.609857171309, 41.1361874589897], [-123.609845689956, 41.1361527040196], [-123.609838097083, 41.1361181482573], [-123.609829927018, 41.1360912550154], [-123.609805163417, 41.1360651603405], [-123.609793061545, 41.1360301690374], [-123.60980447719, 41.1359911924341], [-123.609802702819, 41.1359566860386], [-123.609816672769, 41.1359180724449], [-123.609791861085, 41.1358893513004], [-123.60977238509, 41.1358642564356], [-123.60976253529, 41.1358297927838], [-123.609759551347, 41.1357822645809], [-123.60975387288, 41.1357450935763], [-123.609738583688, 41.1357190865576], [-123.609705442444, 41.1356889438865], [-123.60968357325, 41.1356578425549], [-123.609681153994, 41.1356039940793], [-123.609655934809, 41.1355762812493], [-123.609640904468, 41.1355468236999], [-123.609621109454, 41.1355183975517], [-123.609580382647, 41.1355122354342], [-123.60956366884, 41.1354759605523], [-123.609564569819, 41.1354444522545], [-123.609529922515, 41.135416727129], [-123.609527631331, 41.1353886695548], [-123.609503213608, 41.1353588382817], [-123.609480774886, 41.1353318331389], [-123.609444738295, 41.1353172246186], [-123.60940594574, 41.1353050502037], [-123.609390427876, 41.1352752934324], [-123.609381871933, 41.1352411760117], [-123.609400730417, 41.1351941772186], [-123.609393137557, 41.1351637047281], [-123.609364268366, 41.1351402791105], [-123.609327712318, 41.1351175472215], [-123.609293631946, 41.1350942770628], [-123.609271230478, 41.1350705064385], [-123.609261700616, 41.1350430222142], [-123.609246991233, 41.135017444442], [-123.609228174703, 41.1349823174327], [-123.609207889381, 41.1349540442361], [-123.609166109212, 41.1349258054318], [-123.609133427809, 41.1349123275851], [-123.609153955018, 41.1348809767389], [-123.609185577095, 41.1348572239831], [-123.609169132214, 41.1348293700584], [-123.609138108673, 41.1347948228384], [-123.609155887971, 41.1347518410322], [-123.609159839006, 41.1347237810659], [-123.609151975777, 41.1346896941918], [-123.609177380239, 41.1346660166526], [-123.609174539414, 41.1346270803594], [-123.609144473943, 41.1345985913307], [-123.609114322019, 41.1345827787511], [-123.609096888459, 41.1345506881944], [-123.609054795067, 41.1345148302699], [-123.609056245308, 41.1344760829728], [-123.609065891426, 41.1344486567849], [-123.609083889036, 41.1344192344152], [-123.609116182622, 41.1343941638652], [-123.609129358289, 41.1343662767182], [-123.609118666969, 41.1343319705865], [-123.609096324345, 41.1343060250919], [-123.609060838692, 41.1342823821545], [-123.609049958148, 41.1342504127803], [-123.609042021404, 41.1342115853951], [-123.609030780769, 41.1341851235874], [-123.609027770899, 41.1341541773405], [-123.60900109584, 41.1341332100096], [-123.608972788215, 41.1341147870433], [-123.608982998485, 41.1340816297167], [-123.608976356595, 41.1340520448541], [-123.608974472586, 41.134021217864], [-123.608971746731, 41.1339859363838], [-123.608942404317, 41.1339652488737], [-123.608927149516, 41.1339198176918], [-123.608910034143, 41.1338910556636], [-123.608864218323, 41.1339120566687], [-123.608841628593, 41.1338839712363], [-123.608851483701, 41.1338542775562], [-123.60881945044, 41.1338282345907], [-123.608818332426, 41.1337982899318], [-123.608821239193, 41.1337656486378], [-123.608807187963, 41.1337344022184], [-123.608798823882, 41.1337071928363], [-123.608796436367, 41.1336773089333], [-123.608772307944, 41.1336429665809], [-123.608780365643, 41.1336026277882], [-123.608777650131, 41.1335663896005], [-123.608769461088, 41.1335311748164], [-123.608756547437, 41.1335009249639], [-123.608750832767, 41.1334703217897], [-123.608751083584, 41.1334425498214], [-123.608737419519, 41.1334168286306], [-123.608726012692, 41.1333861510407], [-123.608699302691, 41.1333536257062], [-123.608695549497, 41.1333262811532], [-123.608690053909, 41.133287150782], [-123.608646915207, 41.1332953489543], [-123.608614717158, 41.1332776067349], [-123.60857930348, 41.1332954494292], [-123.608525781854, 41.1332887392826], [-123.608497106368, 41.1332673283967], [-123.608452101415, 41.1332698036873], [-123.608404831696, 41.1332575944324], [-123.60839306351, 41.1332282771174], [-123.608360053645, 41.1332089275895], [-123.608311155663, 41.1332074625831], [-123.608274168778, 41.133209389217], [-123.60824833467, 41.1332102606727], [-123.608249735197, 41.133194588433], [-123.608255065645, 41.1331650484048], [-123.608262173016, 41.1331368528905], [-123.608268808987, 41.1330796803514], [-123.608290208983, 41.1330419681224], [-123.608305936513, 41.133015987185], [-123.608318953864, 41.1329886234217], [-123.608320813321, 41.1329847149568], [-123.608346766372, 41.1329317281946], [-123.608378227575, 41.1328935970934], [-123.608423418804, 41.1328467052902], [-123.608458004561, 41.1328092972183], [-123.608488144795, 41.1327763715585], [-123.608585167679, 41.1327829960477], [-123.608673243184, 41.132845584654], [-123.608757592265, 41.1329081937848], [-123.608822338547, 41.1329844192974], [-123.60887149106, 41.1330652302724], [-123.608921011829, 41.1331460392784], [-123.608972807014, 41.1332313411202], [-123.60903676641, 41.1333030666863], [-123.609112638521, 41.1333747292282], [-123.609191452326, 41.1334418703809], [-123.609272865905, 41.1335090004311], [-123.609355360239, 41.1335716189241], [-123.609438636267, 41.1336387381027], [-123.609524105794, 41.1337013398325], [-123.609613259262, 41.1337594198245], [-123.609708324527, 41.1338129635769], [-123.609745607644, 41.1338291003784], [-123.609756250565, 41.1338337065654], [-123.609811129183, 41.133857460123], [-123.609855008727, 41.1338757139719], [-123.609918026346, 41.1339019304052], [-123.61002376446, 41.1339419081501], [-123.610125824902, 41.1339864074538], [-123.610177077403, 41.134013159874], [-123.61020587272, 41.1340258076603], [-123.610278394608, 41.1340576602759], [-123.610379005519, 41.1341066701118], [-123.610477755652, 41.1341556924225], [-123.610574684324, 41.1342092246784], [-123.610669009968, 41.1342627715515], [-123.610715467611, 41.1342940522265], [-123.610806113361, 41.1343521233751], [-123.610896009892, 41.1344101993254], [-123.610984462683, 41.1344727850397], [-123.611034338492, 41.1345146777475], [-123.611042359929, 41.1345214145898], [-123.611064390091, 41.1345399189865], [-123.611080026686, 41.1345568583816], [-123.611130586921, 41.1346116324003], [-123.611156333359, 41.1346483725929], [-123.611187188552, 41.1346924028397], [-123.611235638855, 41.134777719579], [-123.611277017132, 41.1348630756245], [-123.611313554857, 41.1349484591424], [-123.61134711413, 41.1350338548505], [-123.611377319687, 41.135119269247], [-123.611404966296, 41.1352092011945], [-123.61152200041, 41.1352849998948], [-123.611779999534, 41.1352770001777], [-123.61192900039, 41.1352400004006], [-123.612074999631, 41.135137999644], [-123.612221999881, 41.1350690003401], [-123.612410000353, 41.1349489996301], [-123.61249599978, 41.134930000433], [-123.612752000578, 41.1348900002885], [-123.612814999638, 41.134855999732], [-123.613117999695, 41.1348799998057], [-123.613226995221, 41.134870723367], [-123.613288021891, 41.1349469661322], [-123.613348723702, 41.1350277145722], [-123.613410867008, 41.1351039513244], [-123.613477068109, 41.1351756597516], [-123.613512070487, 41.1352160100525], [-123.613579932092, 41.1352763991845], [-123.613587537148, 41.1352831659906], [-123.61362770892, 41.1353189856435], [-123.613711323606, 41.135381594118], [-123.613742439212, 41.1354014440272], [-123.613802344, 41.1354396599942], [-123.613905898556, 41.1354841479679], [-123.613993236897, 41.1355467372921], [-123.614074990062, 41.1356093581232], [-123.614116282204, 41.1356451689282], [-123.614201011745, 41.135707771099], [-123.614301631653, 41.1357567783385], [-123.614402991581, 41.1358057815425], [-123.614474362541, 41.1358729596351], [-123.614522073359, 41.1359582816129], [-123.614605320366, 41.1360208913902], [-123.614695596607, 41.1360789614223], [-123.614784443977, 41.1361340492681], [-123.614789222087, 41.1361370117071], [-123.614883553906, 41.1361905559686], [-123.614897210199, 41.1361981560517], [-123.614979743304, 41.1362440893347], [-123.615078913812, 41.1362976067026], [-123.615181353021, 41.1363421003754], [-123.615238944224, 41.1363688166756], [-123.615302075244, 41.1363910002807], [-123.615361442136, 41.1364086945761], [-123.615441611095, 41.1363812433383], [-123.615478750327, 41.1363284006262], [-123.615495626117, 41.1363043898364], [-123.615517175037, 41.1362592349244], [-123.615535699684, 41.1362095921901], [-123.615551617448, 41.1361599615806], [-123.615576135265, 41.136074257696], [-123.615592417484, 41.1359840920352], [-123.615602372007, 41.1358939583838], [-123.615607485786, 41.1358038524004], [-123.615609995114, 41.1357137603335], [-123.615609152967, 41.1356236843736], [-123.61560458648, 41.1355336301164], [-123.615597413205, 41.1354435906886], [-123.615590630431, 41.1353537716687], [-123.615590612828, 41.1353535456631], [-123.615586048781, 41.1352634922887], [-123.615585950136, 41.1351734141501], [-123.615591434404, 41.1350833043749], [-123.615601762934, 41.1349931714136], [-123.615614697027, 41.1349030236252], [-123.61562874502, 41.1348128671789], [-123.615641679052, 41.134722720286], [-123.615654609476, 41.1346325734095], [-123.615667543406, 41.1345424229084], [-123.61568126406, 41.134456774881], [-123.615696056521, 41.1343666171435], [-123.615712341756, 41.1342764514241], [-123.615730856021, 41.1341862719855], [-123.615752766135, 41.134100581073], [-123.615776866727, 41.1340103735663], [-123.615800640009, 41.133924668179], [-123.615822880741, 41.1338344724036], [-123.615841395955, 41.1337442956382], [-123.615858794762, 41.1336541212337], [-123.615875122915, 41.1335684583302], [-123.615889544416, 41.1334783034389], [-123.615902102559, 41.1333881576058], [-123.61591168341, 41.1332980258866], [-123.61591563314, 41.1331628862752], [-123.615905481306, 41.1330728618543], [-123.615898317692, 41.1330233563742], [-123.615885558011, 41.1329333467925], [-123.615880622029, 41.1328432917779], [-123.615891358903, 41.1327576596534], [-123.615922685615, 41.1326726335763], [-123.615922950548, 41.132671916027], [-123.615972078181, 41.1325905826074], [-123.616031675777, 41.132513695357], [-123.616063313188, 41.1324729921493], [-123.61609532343, 41.1324322842363], [-123.616156782831, 41.1323553869624], [-123.616212779904, 41.1322920344183], [-123.616254914831, 41.1322676469735], [-123.616362015905, 41.1322056604156], [-123.61650991185, 41.1320562358598], [-123.616549032654, 41.1319794624234], [-123.6164957383, 41.1318941693052], [-123.616457420287, 41.1318178093871], [-123.616393410984, 41.1317415851211], [-123.616383765756, 41.1317314433192], [-123.616355057463, 41.1317012527004], [-123.616313393722, 41.1316654446595], [-123.616270572774, 41.131625137912], [-123.616227419949, 41.1315893378053], [-123.616166436385, 41.1315176003044], [-123.616126093486, 41.131463768304], [-123.616056260919, 41.1314416245655], [-123.615990636593, 41.1314244667097], [-123.61583680465, 41.1313842443857], [-123.615567579439, 41.1313001103515], [-123.615467209708, 41.1311970541558], [-123.615466676261, 41.1311399744453], [-123.615465945812, 41.1310619423637], [-123.615473643575, 41.130850215902], [-123.615442300688, 41.1306837360248], [-123.615422456601, 41.1304792000147], [-123.615420463255, 41.1304586562911], [-123.61540609194, 41.1304439014512], [-123.61532009506, 41.1303556008423], [-123.615150197572, 41.1303024613028], [-123.615090125644, 41.130248735174], [-123.614956791224, 41.130163872245], [-123.614858811465, 41.1299977496848], [-123.614965382194, 41.1295693042919], [-123.614961189978, 41.1294792470144], [-123.614955511029, 41.1293891976717], [-123.614944242511, 41.1292991781645], [-123.614925902485, 41.1292091982031], [-123.614903471567, 41.1291192373707], [-123.614877728084, 41.1290337999978], [-123.614850083021, 41.1289438696843], [-123.614821362645, 41.128858449085], [-123.614792597895, 41.1287685220281], [-123.61476536796, 41.1286830916563], [-123.614736605774, 41.1285931672712], [-123.614703045469, 41.12850776886], [-123.614683264363, 41.1284628372739], [-123.614635602116, 41.1283820198693], [-123.614576065602, 41.1283057697747], [-123.614543299956, 41.1282654078122], [-123.61447524395, 41.1281937088959], [-123.614407521316, 41.1281175023746], [-123.614375126356, 41.1280771383857], [-123.614331602395, 41.1280199618106], [-123.614317079545, 41.12800088291], [-123.614272021034, 41.1279200523635], [-123.61424293254, 41.1278346299625], [-123.614224221034, 41.127744651845], [-123.614209979226, 41.1276546489918], [-123.614202443466, 41.1276051453411], [-123.61418302953, 41.1275196740419], [-123.614163201958, 41.1274296991571], [-123.614144120191, 41.1273397220931], [-123.614123177731, 41.1272497558443], [-123.614097808884, 41.1271643162696], [-123.614064625403, 41.1270789156401], [-123.614024367141, 41.1269935554106], [-123.614001981672, 41.1269486366745], [-123.614001669567, 41.1269481275861], [-123.61395245944, 41.1268678288762], [-123.613908760604, 41.1268037781767], [-123.613897349155, 41.126787051734], [-123.613834836827, 41.1267108179899], [-123.613756405251, 41.1266436742913], [-123.613670152113, 41.126576576707], [-123.613642561943, 41.1265528579558], [-123.613462704379, 41.126209106028], [-123.613450782791, 41.1261273483067], [-123.613444740435, 41.1260778384413], [-123.613432938595, 41.1260103405982], [-123.613518467058, 41.1259198054301], [-123.613593442508, 41.1258158144477], [-123.613662568354, 41.125603761614], [-123.613701843376, 41.1254639270287], [-123.613731530648, 41.1253736909562], [-123.613770219098, 41.1251708072624], [-123.61380902358, 41.1249408972101], [-123.613848380679, 41.1248100718976], [-123.613923521083, 41.1247240966519], [-123.61400942505, 41.1246740949824], [-123.614108947294, 41.1244483669726], [-123.614265529505, 41.1243529466592], [-123.614402765746, 41.1243387037763], [-123.614532444959, 41.1243920590431], [-123.614739015359, 41.1244675247247], [-123.614947190263, 41.124475420768], [-123.615256816084, 41.1244242228446], [-123.615302683498, 41.1243924499692], [-123.615383903793, 41.1243199523557], [-123.615448003856, 41.1242475479477], [-123.615503081957, 41.12416618193], [-123.61555183343, 41.1240848505902], [-123.615596863449, 41.1240035382138], [-123.615639243737, 41.1239177377933], [-123.615660040509, 41.1238725840822], [-123.615702091074, 41.1237912893862], [-123.615745589611, 41.1237054811458], [-123.615792436471, 41.1236196522882], [-123.615821050936, 41.1235744630641], [-123.61582395328, 41.1235666097109], [-123.61586391334, 41.1234584877668], [-123.615963450993, 41.1231891603399], [-123.615981166954, 41.1231412260618], [-123.616010768467, 41.1230825159436], [-123.61603589824, 41.1230183555825], [-123.616062034366, 41.122951626164], [-123.616144033598, 41.1228430928336], [-123.616210934508, 41.1227121193621], [-123.616224810797, 41.1226039503284], [-123.616218759752, 41.1225564980497], [-123.616211597918, 41.1225003256852], [-123.616208741438, 41.1224779237143], [-123.616163514526, 41.1223882209716], [-123.616131740962, 41.1223252035535], [-123.616088580898, 41.1222028763452], [-123.615992163614, 41.1219295998662], [-123.615937487513, 41.1216956847901], [-123.61597991096, 41.1214162133605], [-123.616030705035, 41.1211952481014], [-123.61609424401, 41.1210237558359], [-123.616170641774, 41.1208341806011], [-123.616357772515, 41.120702563899], [-123.616537412148, 41.1205664838921], [-123.616649431382, 41.1204442784363], [-123.616822091305, 41.1203577783271], [-123.617017582768, 41.1202846658479], [-123.617092223764, 41.1202257150976], [-123.617129641629, 41.1201669636992], [-123.617294565975, 41.1200895113961], [-123.617406964037, 41.1200078381761], [-123.617537894725, 41.1199575916353], [-123.617645506864, 41.1199209837351], [-123.617878430119, 41.119870189958], [-123.618198878037, 41.119665790424], [-123.618265325902, 41.1196068828744], [-123.618364152702, 41.1195072655869], [-123.618485896958, 41.1194300451347], [-123.618507301511, 41.1193308424366], [-123.618573377118, 41.1192719349039], [-123.618594612362, 41.1191547189361], [-123.618624395358, 41.1187987437596], [-123.618655142927, 41.1185058192479], [-123.618762629569, 41.1180998864072], [-123.618903832612, 41.117756827298], [-123.619042403012, 41.1174903482013], [-123.619062934303, 41.1174695024022], [-123.61910802735, 41.1174237184262], [-123.619012248779, 41.1173590882499], [-123.618974075148, 41.1173457939869], [-123.618944517445, 41.1173253109928], [-123.618923482318, 41.1173024104039], [-123.618880837294, 41.1172933126292], [-123.618840841253, 41.1172920636785], [-123.618825714702, 41.1172872211663], [-123.618801057754, 41.1172793283931], [-123.618773647243, 41.1172606921689], [-123.618763787453, 41.1172336013673], [-123.61874126884, 41.1172070848003], [-123.618722765794, 41.1171831274506], [-123.6186967432, 41.1171560108442], [-123.618672698533, 41.1171327651505], [-123.61865243099, 41.1171085046875], [-123.618619273886, 41.1170829487238], [-123.618610559487, 41.1170763494256], [-123.618586394505, 41.1170580443379], [-123.618576188576, 41.1170572568898], [-123.618547134697, 41.1170550149574], [-123.61850839949, 41.1170330047262], [-123.618462832478, 41.1170184122989], [-123.618417809613, 41.1170002425646], [-123.618383801684, 41.1169854214102], [-123.618348157719, 41.1169706612731], [-123.618310732279, 41.1169653420456], [-123.618273079731, 41.1169525753224], [-123.618228491128, 41.1169425932426], [-123.618185041001, 41.1169315673168], [-123.618149998004, 41.1169121692854], [-123.618117898304, 41.1168926419513], [-123.618081610846, 41.1168747927427], [-123.618048869832, 41.1168571145657], [-123.618030018455, 41.1168479221573], [-123.617993619114, 41.1168488722841], [-123.617958105973, 41.11683356544], [-123.617917907691, 41.1168330739238], [-123.617884553296, 41.1168138703348], [-123.617851296574, 41.1167996188022], [-123.617807903911, 41.1168037240381], [-123.617774218626, 41.1167897504257], [-123.617743588779, 41.1167646139399], [-123.617703131918, 41.116742507274], [-123.617669021171, 41.1167305365852], [-123.617639132457, 41.116711518825], [-123.61759424062, 41.1166869487922], [-123.61756286885, 41.1166633412867], [-123.6175349605, 41.1166419771131], [-123.617508091275, 41.1166148134271], [-123.617469637628, 41.1166039721369], [-123.617431515351, 41.1165996373273], [-123.617404585833, 41.1165795073747], [-123.617363759739, 41.1165825492586], [-123.617333819742, 41.1165599483168], [-123.61729735346, 41.1165750969683], [-123.617261309869, 41.1165627662863], [-123.617213121277, 41.116573933131], [-123.617173408469, 41.1165661215674], [-123.617135652422, 41.1165675642211], [-123.617091652866, 41.1165681593239], [-123.617048791863, 41.1165630129277], [-123.617009156261, 41.1165731105703], [-123.616962104993, 41.1165711582947], [-123.616923033308, 41.1165554873475], [-123.61688349845, 41.1165425050482], [-123.616860740005, 41.1165149471691], [-123.616840911096, 41.1165461011607], [-123.616812898608, 41.1165264335725], [-123.616782843106, 41.1165086487743], [-123.616749087469, 41.1164925916904], [-123.616712909096, 41.1164986783842], [-123.616696732897, 41.1164734092974], [-123.616660652905, 41.1164795711152], [-123.61664076291, 41.1164539327537], [-123.616635252651, 41.116442849095], [-123.616626037304, 41.1164243104403], [-123.616610797388, 41.1163981508447], [-123.61658981611, 41.116373630801], [-123.616544418996, 41.1163685725561], [-123.616519707497, 41.116344599429], [-123.616482456721, 41.1163461823916], [-123.61645451473, 41.1163280456956], [-123.616421691253, 41.1163149732776], [-123.616401546056, 41.1162915792278], [-123.616374504397, 41.1162726567027], [-123.616327658357, 41.1162658783924], [-123.616305923609, 41.1162431801384], [-123.616274849798, 41.1162285615561], [-123.616258517196, 41.1162537884088], [-123.616222389129, 41.1162587495821], [-123.616210353524, 41.1162308054265], [-123.616181397327, 41.1162557745987], [-123.616181396297, 41.1162854694297], [-123.616157397904, 41.1163067845633], [-123.616143518541, 41.1163347691355], [-123.616109696739, 41.1163541568397], [-123.616084308215, 41.1163783979794], [-123.616050710066, 41.116364508971], [-123.616011502259, 41.1163613793591], [-123.615984718082, 41.1163375000728], [-123.615954123359, 41.1163194657168], [-123.615930950153, 41.1162910667221], [-123.615897802021, 41.1163069637714], [-123.615862455754, 41.1163166912818], [-123.615856196019, 41.1163462177905], [-123.615822786432, 41.1163610361583], [-123.615790423075, 41.1163756462446], [-123.615755882459, 41.1163665634439], [-123.615730487482, 41.116387451768], [-123.615691169555, 41.1163896184306], [-123.615659185493, 41.1163703789462], [-123.6155843687, 41.1163574045775], [-123.61555210433, 41.1163782809238], [-123.615516908149, 41.1163903135706], [-123.615499604719, 41.1164186298367], [-123.615461705132, 41.1164122240505], [-123.6154237958, 41.1163969949818], [-123.615381569819, 41.1163957927727], [-123.615365040012, 41.1163676770612], [-123.615328853738, 41.1163721590404], [-123.615293485707, 41.1163808442685], [-123.615283409273, 41.1164076851311], [-123.615257460661, 41.1163912409087], [-123.615240651047, 41.1163743569295], [-123.615362213624, 41.1160405500242], [-123.615252782229, 41.1159644449844], [-123.615072074684, 41.1159815026515], [-123.615079790762, 41.1158163873976], [-123.615115473371, 41.1157940921894], [-123.615129318208, 41.1157656917532], [-123.615113843013, 41.1157382360615], [-123.615105637807, 41.1157077824291], [-123.615119061216, 41.1156754522575], [-123.615146435975, 41.1156548435522], [-123.615160247545, 41.1156281151718], [-123.615184310009, 41.1156047235602], [-123.615196708994, 41.1155754543585], [-123.615216664297, 41.1155503857651], [-123.615230338266, 41.1155219375851], [-123.615222476918, 41.115494380894], [-123.61524460063, 41.1154652966656], [-123.615273501814, 41.115444384316], [-123.615271008442, 41.1154127084329], [-123.615303483489, 41.1153930047781], [-123.615333209716, 41.1153748615664], [-123.615363747996, 41.1153523532427], [-123.615395352042, 41.1153381076498], [-123.615416438914, 41.1153055320254], [-123.615451629898, 41.1152863714152], [-123.615496108536, 41.1152903567439], [-123.61552303704, 41.1152647211727], [-123.615543129569, 41.1152377898376], [-123.615566546215, 41.115216059966], [-123.61559910833, 41.1151965161045], [-123.615634941368, 41.1151902487434], [-123.615671641718, 41.1151790304502], [-123.615706689039, 41.1151672003292], [-123.61572016284, 41.115134824776], [-123.615743775569, 41.1151112724052], [-123.615751615991, 41.1150778108663], [-123.615735963254, 41.1150483185971], [-123.615754998948, 41.1150155052516], [-123.615766777741, 41.1149838927201], [-123.615775572402, 41.1149536383272], [-123.615776582897, 41.1149211834508], [-123.615792952354, 41.114887552011], [-123.615797876859, 41.1148568886209], [-123.615814607186, 41.1148320506485], [-123.615805542234, 41.1148039374284], [-123.615819593624, 41.1147784471831], [-123.615829868666, 41.1147517502339], [-123.615804192689, 41.1147246581303], [-123.615828988817, 41.1146964774163], [-123.61583160212, 41.1146678054329], [-123.615835484883, 41.1146387249073], [-123.6158646056, 41.1146212243608], [-123.615895998194, 41.1146010984441], [-123.615899620783, 41.1145736227289], [-123.615901860227, 41.114541911645], [-123.615899901615, 41.1145096221707], [-123.615923437238, 41.1144828209916], [-123.615927022192, 41.1144499190638], [-123.615950878672, 41.1144246988671], [-123.61599039572, 41.1144024216183], [-123.615992154379, 41.1143712697962], [-123.615998754433, 41.1143375284144], [-123.616026065476, 41.1143183467028], [-123.616061502823, 41.1143068846159], [-123.616085858812, 41.1142863089413], [-123.616126252724, 41.1142769354048], [-123.616169507312, 41.1142598861606], [-123.616187669782, 41.1142355097887], [-123.616210471194, 41.1142113527185], [-123.616237412813, 41.114185285424], [-123.616275999782, 41.114182027115], [-123.616309487019, 41.1141651967129], [-123.616340546404, 41.1141475595625], [-123.616375338236, 41.1141361188482], [-123.616412236791, 41.1141425999565], [-123.616428260454, 41.114117768376], [-123.61646162248, 41.1141000387014], [-123.616477967547, 41.1140672963795], [-123.616497275326, 41.1140384269503], [-123.616503807716, 41.114004740849], [-123.616541301088, 41.1140171342798], [-123.616542406155, 41.113987954191], [-123.616565593174, 41.1139614961475], [-123.616570903927, 41.1139339690366], [-123.616591755004, 41.1139109267073], [-123.616565626404, 41.113887268335], [-123.61653779205, 41.1138688139925], [-123.616561894722, 41.1138383830297], [-123.616592659884, 41.1138079100992], [-123.616637328114, 41.113794706731], [-123.616640206521, 41.1137545661357], [-123.61667379806, 41.1137352957051], [-123.61671248645, 41.1137325961034], [-123.616748087536, 41.1137381661361], [-123.616762307771, 41.1137096535885], [-123.616750592235, 41.1136826653126], [-123.616783507855, 41.1136658855742], [-123.616806106225, 41.1136404404282], [-123.616842534544, 41.113632594007], [-123.616864196797, 41.1136093229855], [-123.616868733298, 41.1135781166379], [-123.616912677502, 41.1135683869171], [-123.616951163273, 41.1135426575925], [-123.616976345315, 41.1135217007704], [-123.616987242547, 41.1134869805678], [-123.617026591684, 41.1134875733458], [-123.617047732608, 41.1134630808956], [-123.617031371749, 41.1134349410833], [-123.617032182823, 41.1134023719543], [-123.617018420168, 41.113374153367], [-123.617044414959, 41.1133527435789], [-123.617049036666, 41.1133800013256], [-123.61708803298, 41.1133761208029], [-123.617123233496, 41.1133643714015], [-123.617158171428, 41.1133518018672], [-123.617193841773, 41.1133301942854], [-123.61719016948, 41.1133002858115], [-123.617225812362, 41.1133088127966], [-123.617254432178, 41.1132871483843], [-123.617277065381, 41.113264437784], [-123.617279767571, 41.1132361724468], [-123.617301936367, 41.1132139849915], [-123.617327757222, 41.1131894088616], [-123.617358562601, 41.1131692739795], [-123.617379905097, 41.1131428013317], [-123.617419201234, 41.1131499628866], [-123.617454186954, 41.1131290371944], [-123.617484556288, 41.1131102954491], [-123.617494809058, 41.1130799223037], [-123.617532374377, 41.1130644416039], [-123.617566820372, 41.11305329244], [-123.617606837378, 41.1130390092478], [-123.617611105503, 41.1130240700359], [-123.617636537019, 41.1130034684474], [-123.617651100991, 41.1129748350392], [-123.617664620654, 41.1129433075556], [-123.617675310702, 41.1129147417545], [-123.617707819431, 41.1128900711308], [-123.617703861767, 41.1128623963816], [-123.617702521431, 41.1128308422703], [-123.617717701032, 41.1128051223397], [-123.61770227698, 41.1127779522614], [-123.617701548157, 41.1127479757734], [-123.617726441539, 41.112726142054], [-123.617747018076, 41.1126916842563], [-123.617751927139, 41.1126598678328], [-123.617768267545, 41.1126310537313], [-123.617755329893, 41.1125998860924], [-123.617745227871, 41.1125634777119], [-123.61773627342, 41.1125305609802], [-123.617711767239, 41.112502588343], [-123.617724449709, 41.1124695619049], [-123.61770239243, 41.1124394358363], [-123.617707094131, 41.1124070980616], [-123.617678293586, 41.1123809599481], [-123.61767697211, 41.1123495093247], [-123.617660397781, 41.1123250243822], [-123.617640996773, 41.1122954218373], [-123.617636507071, 41.1122644746292], [-123.617628394463, 41.1122344458404], [-123.617641437549, 41.1122067285888], [-123.617625093946, 41.1121814397915], [-123.617641135346, 41.1121505933041], [-123.617638564789, 41.1121143463139], [-123.617615996874, 41.1120805522074], [-123.617596590711, 41.1120529314395], [-123.617589066348, 41.1120194521348], [-123.617576620149, 41.1119925354117], [-123.617596458451, 41.1119679021072], [-123.617614070462, 41.1119404504226], [-123.617611443594, 41.1119081050937], [-123.61761481835, 41.1118716866062], [-123.617620944823, 41.1118327698635], [-123.617638118973, 41.1118079121215], [-123.617622226188, 41.1117826767546], [-123.617599697567, 41.1117528081152], [-123.617617499313, 41.1117245113632], [-123.61762594585, 41.1116977871112], [-123.617634338765, 41.11167042538], [-123.617626873291, 41.1116390329118], [-123.617647719734, 41.1116124349542], [-123.617632864728, 41.1115803731722], [-123.617624295007, 41.1115460401085], [-123.617619063842, 41.1115109513921], [-123.617630043877, 41.1114841198742], [-123.61761845199, 41.1114574841266], [-123.617622044251, 41.1114220364326], [-123.617629718342, 41.1113913068621], [-123.617643729598, 41.1113632105846], [-123.617650183062, 41.1113314858674], [-123.61766452103, 41.1113050831399], [-123.617664679041, 41.1112755585948], [-123.617660242307, 41.1112440291817], [-123.617654184753, 41.1112064181534], [-123.617639727786, 41.1111770404196], [-123.617643836698, 41.1111423304106], [-123.617642485545, 41.111112918448], [-123.617671506825, 41.1110950639564], [-123.617641964067, 41.1110727807234], [-123.617625348447, 41.1110386430252], [-123.617633934501, 41.110997966441], [-123.617617731507, 41.1109601972086], [-123.617621615917, 41.1109451231267], [-123.617638927347, 41.1109176541285], [-123.617629653074, 41.1108864190841], [-123.617607969754, 41.1108629641054], [-123.61759469466, 41.1108324720452], [-123.617585782876, 41.1108017863429], [-123.617548750529, 41.110792278734], [-123.617525906614, 41.1107681246344], [-123.617510174079, 41.1107417831073], [-123.617506752861, 41.1107091789933], [-123.617513776981, 41.1106819191868], [-123.617497341391, 41.1106498172102], [-123.617510804095, 41.1106234381068], [-123.61748229282, 41.1105975731282], [-123.61746150973, 41.1105655656098], [-123.617441979578, 41.1105404190676], [-123.617413558511, 41.1105113359324], [-123.6174149782, 41.1104782806947], [-123.617412062111, 41.1104478456969], [-123.617415512977, 41.1104204365945], [-123.617411101044, 41.1103892466354], [-123.617425918026, 41.1103591922277], [-123.617453387287, 41.1103380482798], [-123.617423517217, 41.1103219732497], [-123.617443058273, 41.1102901946151], [-123.617433987309, 41.1102585206731], [-123.617451643702, 41.1102335585779], [-123.617440790499, 41.1102069179465], [-123.617472745416, 41.1101853040581], [-123.617461242365, 41.1101585840377], [-123.617468158342, 41.110128175616], [-123.617456384881, 41.1100992879188], [-123.617462554313, 41.1100645812795], [-123.617445162403, 41.1100383143916], [-123.617461756182, 41.1100116816008], [-123.617480640818, 41.10998676066], [-123.617461263617, 41.1099612682923], [-123.617455989846, 41.10992478625], [-123.617447700737, 41.1098915137017], [-123.617472315812, 41.1098710975765], [-123.617486702656, 41.1098383691885], [-123.617489315205, 41.1098086945592], [-123.617455006147, 41.1097924568611], [-123.61744046557, 41.1097660611891], [-123.617428188664, 41.1097389822883], [-123.617421621161, 41.1097116178632], [-123.617413862037, 41.1096771948522], [-123.617420336371, 41.1096491011501], [-123.617387953598, 41.1096208202275], [-123.617402365262, 41.1095927767743], [-123.61739265944, 41.1095659155963], [-123.617388918981, 41.1095369794372], [-123.617407229065, 41.1095089664379], [-123.617421669434, 41.1094731840585], [-123.617421467481, 41.1094446342969], [-123.617413876308, 41.1094145324209], [-123.617414288217, 41.10941413206], [-123.617416877701, 41.1094116157617], [-123.61743308502, 41.1093921833333], [-123.617461132376, 41.1093574017794], [-123.617488792318, 41.1093375872791], [-123.617540432182, 41.1093254370591], [-123.617586696733, 41.1093198626418], [-123.6176185107, 41.1092860544406], [-123.617640306897, 41.1092632761787], [-123.617671476692, 41.1092455029472], [-123.617717087188, 41.1092232680915], [-123.617748971625, 41.1091902557829], [-123.617785425261, 41.1091663251484], [-123.617812475599, 41.1091448978043], [-123.617801434427, 41.109118275325], [-123.617789809281, 41.1090897048438], [-123.617790895284, 41.109058301648], [-123.617797529178, 41.1090304818104], [-123.617795210994, 41.1089999337112], [-123.617768897515, 41.1088945073896], [-123.617803451542, 41.1088826675589], [-123.617813463445, 41.1088489167563], [-123.617839881755, 41.1088228446676], [-123.617857805315, 41.108793914851], [-123.617870813502, 41.1087653509937], [-123.617878964047, 41.1087370852278], [-123.617890377192, 41.1087077282105], [-123.617885706789, 41.1086754028375], [-123.617882937804, 41.1086469524161], [-123.617889833577, 41.1086173475835], [-123.617892897091, 41.1085894306833], [-123.617907375225, 41.1085550577872], [-123.617920530967, 41.1085283929186], [-123.617931257252, 41.108490312632], [-123.617927921689, 41.1084554200273], [-123.617924042232, 41.1084273007505], [-123.617921485982, 41.1083906726283], [-123.617922823766, 41.1083527228661], [-123.617929520639, 41.1083249008783], [-123.617937606524, 41.1082922872925], [-123.61795351069, 41.1082625422563], [-123.617960004164, 41.1082343691446], [-123.617971962242, 41.108203951655], [-123.617999674485, 41.1081733974135], [-123.618001510767, 41.1081370483987], [-123.618029365027, 41.1081163094036], [-123.618062133718, 41.1080909220342], [-123.618101496904, 41.1080786239304], [-123.618136287512, 41.1080664097987], [-123.618171432106, 41.1080474954097], [-123.618194026358, 41.1080193313792], [-123.618207029061, 41.1079894523424], [-123.618245321434, 41.1079721983296], [-123.618261699938, 41.1079432731344], [-123.618299519401, 41.1079365510906], [-123.618333695964, 41.107918181426], [-123.618357215696, 41.1078951172288], [-123.618383435305, 41.1078750949495], [-123.618399220881, 41.1078496247819], [-123.618427408785, 41.1078282956767], [-123.61845138686, 41.1077973497035], [-123.618461110704, 41.1077683638151], [-123.618483367951, 41.107739719608], [-123.618525439595, 41.1077273455651], [-123.618555949927, 41.1077093297133], [-123.618584226707, 41.1076917717413], [-123.618621133382, 41.107691359191], [-123.618659461811, 41.1076718861765], [-123.618701860461, 41.1076559134194], [-123.618742880057, 41.1076506090192], [-123.61878438802, 41.1076519093485], [-123.618825458092, 41.1076545190755], [-123.618865978101, 41.1076404029882], [-123.618886788245, 41.107603529562], [-123.618888279092, 41.1075748382841], [-123.618902804519, 41.1075472291104], [-123.618925485369, 41.1075241530881], [-123.618960010715, 41.1074992118299], [-123.618996902719, 41.1074961076481], [-123.619046463475, 41.107475551749], [-123.619077075247, 41.107456444345], [-123.619117535742, 41.1074436184343], [-123.619142151877, 41.1074194095729], [-123.61916460607, 41.1073862917033], [-123.619198808132, 41.1073657480141], [-123.61923332813, 41.1073365810499], [-123.619266192092, 41.1073205368215], [-123.619287110688, 41.1072977755708], [-123.619284066506, 41.1072675989223], [-123.619276006382, 41.1072387310728], [-123.619302312029, 41.1072194305622], [-123.619355543017, 41.1072175049626], [-123.619410064134, 41.1072162471016], [-123.619439160207, 41.107195304713], [-123.619441030467, 41.1071939587713], [-123.619479687676, 41.1071644127724], [-123.619482618356, 41.1071201596309], [-123.619449905764, 41.1071050264218], [-123.619419887547, 41.1070841072924], [-123.619392001507, 41.1070542263442], [-123.619369105372, 41.1070255877913], [-123.619337929774, 41.10699910972], [-123.619326576109, 41.1069596625667], [-123.619313607023, 41.1069295419703], [-123.6192916989, 41.106898562316], [-123.619273845625, 41.1068733737247], [-123.619269630357, 41.1068413792482], [-123.619263813205, 41.1068093789685], [-123.619254996898, 41.1067782298501], [-123.619251583641, 41.1067380472937], [-123.619233175308, 41.1067071397971], [-123.619231519013, 41.106676242251], [-123.619243824643, 41.1066434860795], [-123.619246127618, 41.1066135347124], [-123.619265281662, 41.1065823496574], [-123.619285282498, 41.1065567468094], [-123.619263834097, 41.1065262610173], [-123.619272605822, 41.1064967667166], [-123.619286155304, 41.1064622950363], [-123.619306333407, 41.1064346491176], [-123.619310177685, 41.1064016825925], [-123.619323631078, 41.1063748601171], [-123.619351592219, 41.1063497756648], [-123.619381452343, 41.1063324900324], [-123.619392043175, 41.1063023004335], [-123.619398259466, 41.1062746250636], [-123.619393972424, 41.1062472881106], [-123.619364449939, 41.1062249628514], [-123.619388729103, 41.1061965093731], [-123.61938063673, 41.1061650870299], [-123.619385900901, 41.1061312697188], [-123.619401541741, 41.1060999873226], [-123.619397498525, 41.1060691935889], [-123.619411573538, 41.1060435171809], [-123.619428237002, 41.1060111825531], [-123.619434736066, 41.1059791313744], [-123.61943420948, 41.1059418527912], [-123.61942159808, 41.1059135327794], [-123.619411568834, 41.1058786428607], [-123.619402995252, 41.105850631732], [-123.619389236091, 41.1058132153013], [-123.619358088071, 41.1057899916716], [-123.619345658859, 41.1057559586975], [-123.619356745899, 41.1057295353794], [-123.619369295736, 41.1056954167678], [-123.619376096468, 41.1056607426404], [-123.619391721484, 41.1056331103706], [-123.619408770596, 41.1055916377549], [-123.619408988838, 41.1055632811938], [-123.619428743687, 41.1055321973695], [-123.619454020417, 41.1055052482524], [-123.619463398636, 41.1054709944465], [-123.619466222772, 41.1054378397239], [-123.619471107687, 41.1054052423259], [-123.61950285269, 41.1053893607819], [-123.619540344431, 41.1053740419547], [-123.619589117535, 41.1053689558918], [-123.619624475587, 41.1053563491106], [-123.619664437256, 41.1053436896339], [-123.619701172766, 41.1053239446863], [-123.619732044171, 41.1053011640451], [-123.619744444902, 41.1052686955578], [-123.619779378261, 41.1052612138643], [-123.619814083701, 41.1052502653055], [-123.619843700161, 41.1052276499263], [-123.619880853079, 41.1052035473065], [-123.619917304135, 41.1051910543611], [-123.619952702779, 41.1051805010852], [-123.619995592807, 41.1051762031784], [-123.620039419042, 41.1051662233743], [-123.620072874818, 41.1051503063431], [-123.620102767976, 41.1051250896985], [-123.620113606664, 41.1050907928464], [-123.620114533041, 41.1050567222979], [-123.620128660324, 41.1050143744073], [-123.620168209798, 41.1049892012556], [-123.620205525357, 41.104970766391], [-123.620240199456, 41.1049510683996], [-123.620277379072, 41.1049384408019], [-123.620324791503, 41.1049314286359], [-123.620374158105, 41.1049279469738], [-123.620411573851, 41.1049108032506], [-123.620446858855, 41.1048830136218], [-123.620488579987, 41.1048650116464], [-123.620529310511, 41.104852603556], [-123.62056899466, 41.1048408766873], [-123.620605709661, 41.1048292576801], [-123.620642419006, 41.1048180512582], [-123.6206827196, 41.1047967950669], [-123.62071628541, 41.104773123167], [-123.620752804059, 41.1047466041326], [-123.62079626491, 41.1047289773141], [-123.620829418706, 41.1047048121609], [-123.620859412831, 41.1046817693067], [-123.620893181292, 41.104655096598], [-123.620924144423, 41.1046265797463], [-123.620942095948, 41.1046020190647], [-123.620971502217, 41.1045737240804], [-123.62101159721, 41.1045486215637], [-123.621054364789, 41.1045277122648], [-123.621090674667, 41.1045078826903], [-123.621135227009, 41.1044914848569], [-123.621174303175, 41.1044775784182], [-123.621208516051, 41.1044605561965], [-123.621240151327, 41.1044458872416], [-123.621279940054, 41.1044396094058], [-123.621319342243, 41.104435534296], [-123.621364892226, 41.104436546166], [-123.62140761945, 41.1044131444391], [-123.621440609183, 41.1043920814497], [-123.621456473617, 41.1043444921751], [-123.621475581762, 41.1043148077243], [-123.621502602648, 41.1042924878679], [-123.621513457118, 41.1042589456662], [-123.621543386491, 41.1042343869352], [-123.621571438006, 41.104203663341], [-123.621599127959, 41.1041731191482], [-123.621622775124, 41.1041436236733], [-123.621642553098, 41.1041098432441], [-123.621640767442, 41.1040696330438], [-123.621636715665, 41.1040319663189], [-123.621637047666, 41.1040028929975], [-123.621635504203, 41.1039598241508], [-123.621666912692, 41.1039346547709], [-123.621692882085, 41.1039059259428], [-123.621718021986, 41.1038777645851], [-123.621755583043, 41.1038563039051], [-123.62179909418, 41.1038300846016], [-123.621832740569, 41.1038045707031], [-123.621861934832, 41.1037831677561], [-123.621886912998, 41.1037571889726], [-123.621900092167, 41.1037211587845], [-123.621917781128, 41.1036943302491], [-123.621942523777, 41.1036519779747], [-123.621952580724, 41.1036226755972], [-123.621965959408, 41.1035937876711], [-123.621983224782, 41.1035590532849], [-123.622017358068, 41.1035341735691], [-123.622030497885, 41.1034992857923], [-123.622059844997, 41.1034740355513], [-123.622071522084, 41.1034437875828], [-123.622085652415, 41.1034019312637], [-123.622088546922, 41.1033699453265], [-123.622101868042, 41.1033391335846], [-123.622099385142, 41.1033055777611], [-123.622099236851, 41.1032703041164], [-123.622098304483, 41.1032421735488], [-123.622122945247, 41.1032160596124], [-123.622129142888, 41.1031887039677], [-123.622146333932, 41.1031512873726], [-123.622163071272, 41.1031264934395], [-123.622169843886, 41.1030877602796], [-123.622173877085, 41.1030450765885], [-123.622170955703, 41.1030176810049], [-123.622173877925, 41.1029857354499], [-123.622176509886, 41.1029578612788], [-123.622177891372, 41.1029245566283], [-123.622160074327, 41.1028966460523], [-123.622163320535, 41.1028653383157], [-123.622149186409, 41.1028392671022], [-123.622142495288, 41.1028058754262], [-123.622121987702, 41.1027822140354], [-123.622118830057, 41.1027497175906], [-123.622075718632, 41.1027284788857], [-123.622051748084, 41.1026970001153], [-123.622017757145, 41.1026711631035], [-123.622015758335, 41.1026350121566], [-123.621995805929, 41.102608209356], [-123.621999915152, 41.1025771077507], [-123.62199300413, 41.1025559915602], [-123.621941547571, 41.1025262078208], [-123.621931499669, 41.1025068444022], [-123.621937368176, 41.1024766620273], [-123.62192766755, 41.1024457619819], [-123.621923105487, 41.1024085430067], [-123.621922306534, 41.1023696768723], [-123.62191791643, 41.1023423531638], [-123.62191938385, 41.1023093083802], [-123.621923608824, 41.1022750740674], [-123.621926854368, 41.1022410360109], [-123.621894710312, 41.1022189390238], [-123.621894923357, 41.1021778991984], [-123.621900194932, 41.1021480641517], [-123.6219043596, 41.1021176621701], [-123.621914539501, 41.1020903066558], [-123.621966777562, 41.1020855738161], [-123.622013657753, 41.1020697188669], [-123.622059287145, 41.1020641740097], [-123.622096527723, 41.1020720972599], [-123.622135257115, 41.1020925362903], [-123.622174051391, 41.1021103842545], [-123.622222135604, 41.1021168706819], [-123.622240665324, 41.1021418299838], [-123.622279052836, 41.1021497595918], [-123.622316089746, 41.1021502288447], [-123.622355246314, 41.1021436243591], [-123.622380696216, 41.1021690858372], [-123.622421386921, 41.1021839544345], [-123.622458370651, 41.1021799244298], [-123.622500896932, 41.1021746591962], [-123.622546606951, 41.102180044926], [-123.622584266701, 41.1021909798321], [-123.622609401137, 41.1022112723684], [-123.622639213721, 41.1022394234249], [-123.622676586726, 41.1022386548471], [-123.62271074575, 41.102249125802], [-123.622753661528, 41.1022423540329], [-123.622792762788, 41.1022367009431], [-123.622827833658, 41.1022472579151], [-123.622856019549, 41.1022266231414], [-123.622889727856, 41.102200103301], [-123.622918835029, 41.1021782906886], [-123.622945500824, 41.1021504207735], [-123.622987734559, 41.1021207578563], [-123.62302791113, 41.1021023831707], [-123.62306927826, 41.1020814581718], [-123.623109029139, 41.1020753771845], [-123.623155460664, 41.1020537878992], [-123.623195280334, 41.1020587656395], [-123.623234164837, 41.1020648410957], [-123.623274466891, 41.1020588678684], [-123.623314476835, 41.1020672171357], [-123.62335547323, 41.1020776238854], [-123.623404455177, 41.1020954154148], [-123.6234347875, 41.1020669247137], [-123.623472717297, 41.1020751770856], [-123.623521608191, 41.1020756583724], [-123.623568933074, 41.1020810475686], [-123.623607302448, 41.102083144148], [-123.623651313612, 41.1021101074045], [-123.623691933766, 41.1021239120891], [-123.623731077424, 41.1021168405913], [-123.623742784126, 41.1020876885621], [-123.623757916018, 41.1020556696567], [-123.623796466701, 41.1020403049732], [-123.623818606403, 41.1020152905773], [-123.623860965886, 41.1020104175932], [-123.623897458442, 41.1019980456702], [-123.623915646139, 41.1019742200933], [-123.623959007722, 41.101957836621], [-123.623995838231, 41.1019454430189], [-123.624039224832, 41.1019235293659], [-123.624083796807, 41.1019187758334], [-123.624123232725, 41.1019227176094], [-123.624155785285, 41.1019441262524], [-123.624182512735, 41.1019642134413], [-123.62421196748, 41.1019873395622], [-123.624241955948, 41.1020049525864], [-123.624268630671, 41.102039084423], [-123.624304632022, 41.1020575935765], [-123.624339874458, 41.1020445040437], [-123.624368794112, 41.1020268402683], [-123.624379027208, 41.101990499664], [-123.624378552688, 41.1019580013494], [-123.624365234266, 41.1019269679777], [-123.624377416544, 41.101900282401], [-123.62436613553, 41.1018686020227], [-123.624383733347, 41.101842743759], [-123.624394757132, 41.1018036361117], [-123.624388027379, 41.1017730633765], [-123.624410753331, 41.1017451009718], [-123.624426703208, 41.1017201506311], [-123.624446085486, 41.1016820363012], [-123.624464566706, 41.1016562894398], [-123.624489789135, 41.1016307690709], [-123.624521344115, 41.1016053296739], [-123.624546029687, 41.1015760657725], [-123.624588448592, 41.1015646794102], [-123.62462153745, 41.101552198696], [-123.624653044767, 41.1015369457752], [-123.624679057662, 41.1015017329676], [-123.624707546436, 41.1014785963756], [-123.624743425899, 41.1014720737049], [-123.624780640702, 41.101464964567], [-123.624820735266, 41.101463413054], [-123.624856075661, 41.101472261832], [-123.624892803287, 41.1014684080913], [-123.624942829519, 41.1014495118002], [-123.624981087625, 41.1014411619409], [-123.625017599359, 41.1014269744453], [-123.625041088334, 41.1014054250802], [-123.625062131351, 41.101371323711], [-123.625090060091, 41.1013395063439], [-123.625114348045, 41.1013043901735], [-123.62512196607, 41.1012668530117], [-123.625142876523, 41.1012418882672], [-123.625159406626, 41.1012155024022], [-123.625186906473, 41.1011924674426], [-123.625207162269, 41.1011527231979], [-123.625226231299, 41.1011258434189], [-123.625250300549, 41.1011051006813], [-123.625283157298, 41.1010894042769], [-123.625315180956, 41.1010664807564], [-123.625349834061, 41.1010505953242], [-123.625374280267, 41.1010233998804], [-123.625397710537, 41.1009980746035], [-123.625435880338, 41.1009783164309], [-123.625472681969, 41.1009568154173], [-123.625507581576, 41.1009393080588], [-123.625546363817, 41.1009197185776], [-123.625577521232, 41.1009050438153], [-123.625611497171, 41.1008810619806], [-123.625631306604, 41.1008573129001], [-123.625637896952, 41.1008199398232], [-123.625634887908, 41.1007899721084], [-123.625645523746, 41.1007622822907], [-123.625639215107, 41.1007308335605], [-123.625632032432, 41.1007010200252], [-123.625624831783, 41.1006686843447], [-123.625644656589, 41.1006439271817], [-123.625658054941, 41.1006009060453], [-123.625677695393, 41.1005756742546], [-123.625686819581, 41.1005370235898], [-123.625699870158, 41.1005052949739], [-123.625717414599, 41.1004787990248], [-123.625752743569, 41.10044972658], [-123.625764623033, 41.1004224650825], [-123.62577688232, 41.1003938187914], [-123.625806825177, 41.1003731638407], [-123.625843360813, 41.1003575607942], [-123.625854198209, 41.1003307976855], [-123.625848625123, 41.100324528658], [-123.625833718613, 41.1003077592477], [-123.625801214937, 41.1002863282868], [-123.625772434605, 41.1002664841228], [-123.625734706685, 41.1002468002451], [-123.625697854233, 41.1002401849233], [-123.625668983819, 41.1002230147994], [-123.625628776342, 41.1002095742904], [-123.625592227369, 41.1002006773599], [-123.625550788017, 41.1001965884203], [-123.625514190447, 41.1001928596234], [-123.625466946037, 41.1001934412938], [-123.625426730702, 41.1001715089069], [-123.625396747654, 41.100152780063], [-123.625379471957, 41.1001251327704], [-123.625383767375, 41.1000844671213], [-123.625381301387, 41.1000532317237], [-123.62539648342, 41.1000224878559], [-123.62542510926, 41.1000052316673], [-123.62544330481, 41.0999800897302], [-123.625476146176, 41.0999568104103], [-123.625518939222, 41.0999173338002], [-123.625536503018, 41.0998848537506], [-123.625550351254, 41.0998503490531], [-123.625560929482, 41.0998160972171], [-123.625574413482, 41.0997803567935], [-123.625595478233, 41.0997336944325], [-123.625599200894, 41.099700452681], [-123.625606660364, 41.0996708505932], [-123.625602360044, 41.0996407052186], [-123.625604092579, 41.0996251317726], [-123.625608809754, 41.0995964273593], [-123.6256252924, 41.0995832987664], [-123.625647333955, 41.0995605239352], [-123.625688933307, 41.0995513990238], [-123.625710230018, 41.0995288173936], [-123.625751011735, 41.0995112122558], [-123.625751986407, 41.0994718770913], [-123.625792610033, 41.0994652220332], [-123.625819961053, 41.09944668002], [-123.625839500226, 41.0994137063631], [-123.625848261692, 41.0993849169152], [-123.625851033677, 41.0993564149277], [-123.6258821382, 41.099325716019], [-123.625911555074, 41.0992949929403], [-123.625902840867, 41.0992608954177], [-123.625896753198, 41.0992325244308], [-123.625881364881, 41.0991987198902], [-123.625888049487, 41.0991655368031], [-123.625862366522, 41.0991328538297], [-123.625862717798, 41.0991021183923], [-123.625878442069, 41.0990757295867], [-123.625920904999, 41.0990582611851], [-123.625935379997, 41.0990212028645], [-123.625978589791, 41.0990179360164], [-123.626017964813, 41.0989978269926], [-123.626023289367, 41.0989617534095], [-123.626028827434, 41.0989332426921], [-123.62602988284, 41.0989011738451], [-123.626029471722, 41.0988730512684], [-123.626032454714, 41.0988445841597], [-123.62605053484, 41.0988171258895], [-123.626049386241, 41.0987825692945], [-123.626059694701, 41.098748544974], [-123.626057299546, 41.0987200314201], [-123.62606344905, 41.09868619004], [-123.626061205154, 41.0986461418067], [-123.626040630121, 41.0986209050614], [-123.626027899303, 41.098591442371], [-123.626028676838, 41.0985574491192], [-123.626035181199, 41.0985264919783], [-123.626036771993, 41.0984917403366], [-123.626045542348, 41.0984570109385], [-123.62607181118, 41.0984334050347], [-123.626099674689, 41.098402924553], [-123.62610419391, 41.0983738455556], [-123.626135432327, 41.0983573064405], [-123.626155637076, 41.0983282611047], [-123.626175742515, 41.0983036815761], [-123.626209079866, 41.0982765691405], [-123.626251235819, 41.09825730969], [-123.626283011979, 41.0982340836674], [-123.626322889086, 41.0982141132342], [-123.626357918772, 41.0982042067666], [-123.626389553794, 41.0982246658337], [-123.626426517155, 41.0982277753181], [-123.626465914389, 41.0982167100622], [-123.626511077, 41.0982039676794], [-123.626561037753, 41.0982035509718], [-123.626595893405, 41.09817057496], [-123.626622386356, 41.0981443968246], [-123.626669862254, 41.0981380068595], [-123.626674133158, 41.0981655184188], [-123.626708523184, 41.0981523418123], [-123.626752167812, 41.0981442737418], [-123.626789653794, 41.0981486242733], [-123.626818298402, 41.0981255745805], [-123.626856971446, 41.0981360458816], [-123.626895375448, 41.098138633921], [-123.626937232576, 41.098131934815], [-123.626973590821, 41.0981302686665], [-123.627018733681, 41.0981438899394], [-123.627051484698, 41.0981560896113], [-123.627080288099, 41.0981761630425], [-123.627133530894, 41.0981681335695], [-123.627175067972, 41.098165595118], [-123.627209521768, 41.0981459889974], [-123.627247864869, 41.0981555665668], [-123.627266518424, 41.0981581647159], [-123.627287002289, 41.0981610186336], [-123.627321652757, 41.0981468180171], [-123.627363071991, 41.0981494174085], [-123.627407758555, 41.0981428585638], [-123.627442508784, 41.0981323875853], [-123.627474812054, 41.0981186780303], [-123.627500288189, 41.098095930077], [-123.627534145764, 41.0980796294433], [-123.627555566167, 41.0980551461041], [-123.627592860056, 41.0980473221923], [-123.627589428581, 41.0980129609068], [-123.627614628908, 41.0979911449578], [-123.627636709826, 41.0979665030675], [-123.62764987852, 41.0979403279157], [-123.627677365381, 41.097917538342], [-123.627714884321, 41.0979115994423], [-123.627748888057, 41.097896407736], [-123.627790222421, 41.0978857314289], [-123.627811368715, 41.0978562383782], [-123.627838005901, 41.0978361422873], [-123.627871046001, 41.0978132998867], [-123.627904633408, 41.0977881610542], [-123.627931195916, 41.0977648557939], [-123.62796156691, 41.0977433385794], [-123.627972923886, 41.0977138754311], [-123.627996371431, 41.0976893404242], [-123.62797873417, 41.0976650347512], [-123.62801143522, 41.0976359894392], [-123.628041889046, 41.097608425574], [-123.628071109872, 41.0975896836625], [-123.62811718009, 41.0975732928624], [-123.628146300918, 41.0975993050825], [-123.628185485674, 41.0976033783612], [-123.628225082331, 41.0976088140945], [-123.62826739401, 41.0976067538556], [-123.628304356659, 41.0976013186427], [-123.628348168449, 41.0976032281319], [-123.62839142641, 41.0975972541105], [-123.628427782977, 41.0975953217762], [-123.628474218195, 41.0976092371998], [-123.628505918992, 41.0976239410103], [-123.628546200736, 41.097642403886], [-123.628579919222, 41.0976541582556], [-123.628620454438, 41.0976711009716], [-123.6286461587, 41.0976920719047], [-123.628683453386, 41.097710717678], [-123.628704268213, 41.0977416700307], [-123.628750680941, 41.0977535847855], [-123.628789888234, 41.0977651271785], [-123.628831389073, 41.0977719323385], [-123.628878997848, 41.0977760287661], [-123.628929280389, 41.0977780486451], [-123.62896874837, 41.0977890769983], [-123.629009638522, 41.0978046358101], [-123.629056322947, 41.0978084480534], [-123.629100432783, 41.0978247297128], [-123.629152951416, 41.0978263481388], [-123.629200112216, 41.0978225522585], [-123.629245065124, 41.0978218590657], [-123.629282435297, 41.0978129550308], [-123.62932088881, 41.0978120072478], [-123.629361800397, 41.097802231686], [-123.629400107313, 41.0978065102248], [-123.629442996701, 41.0978004675596], [-123.62948839962, 41.0977993907745], [-123.629528836637, 41.0977939172701], [-123.629560490023, 41.0977724439739], [-123.629617624884, 41.0977666594032], [-123.629661067692, 41.0977511137838], [-123.629698916533, 41.0977470794313], [-123.629742919176, 41.0977397829606], [-123.62977970967, 41.0977239340536], [-123.629826267385, 41.097721339279], [-123.629873144536, 41.0977099265986], [-123.629912289187, 41.0977096594489], [-123.629947624208, 41.097721575732], [-123.629985624474, 41.0977315235935], [-123.630027202599, 41.0977361875965], [-123.63006722788, 41.0977342409894], [-123.630103839685, 41.0977404481711], [-123.630133871194, 41.0977234803866], [-123.630177953119, 41.097707292409], [-123.630194667806, 41.0977116086078], [-123.630241859967, 41.0977159670824], [-123.630251239569, 41.0976661113814], [-123.630369844422, 41.0976770639607], [-123.63037317553, 41.0977210795977], [-123.630499725424, 41.097711607048], [-123.630504795804, 41.0976478503237], [-123.630825493684, 41.0976578837145], [-123.630947213318, 41.0976140418297], [-123.631024953832, 41.0975860407631], [-123.631149135194, 41.0975124101016], [-123.63118395436, 41.097497295789], [-123.631227819914, 41.0974961132398], [-123.631275600035, 41.0974972170788], [-123.631312484045, 41.0975072309725], [-123.631361408857, 41.097513219854], [-123.6314036579, 41.0975114749879], [-123.631439454167, 41.0975184437884], [-123.631474529596, 41.097525617407], [-123.631515466926, 41.0975292736862], [-123.631553919266, 41.0975285972066], [-123.631594156931, 41.0975437434082], [-123.631632272751, 41.0975693433144], [-123.631664698281, 41.097586414091], [-123.6317108432, 41.0975961843136], [-123.631740359535, 41.0976158509135], [-123.631764992836, 41.0976364261648], [-123.631799874852, 41.0976516142713], [-123.631836408317, 41.0976507527457], [-123.631880494869, 41.0976564679716], [-123.631917713364, 41.0976536524289], [-123.631955778034, 41.0976499179198], [-123.631995139193, 41.0976770881773], [-123.632001238283, 41.0976812983964], [-123.632027604421, 41.0976550548578], [-123.63204534865, 41.0976548368132], [-123.632063377497, 41.0976450561016], [-123.632117391044, 41.0976394036179], [-123.632157469834, 41.0976328664096], [-123.63219550584, 41.0976291256731], [-123.632239434901, 41.0976355523578], [-123.63227468324, 41.0976191427117], [-123.632310876611, 41.0976131177084], [-123.632341452146, 41.0976142020208], [-123.632351141313, 41.0976145460974], [-123.632354079209, 41.09761506595], [-123.632390990789, 41.0976215986511], [-123.632429986893, 41.0976278253364], [-123.632473416429, 41.0976269888122], [-123.632509164073, 41.0976358222051], [-123.632552198064, 41.0976353364325], [-123.632555533096, 41.0976352983054], [-123.632559878065, 41.0976385029222], [-123.632585594086, 41.0976574677266], [-123.632619436369, 41.097663060555], [-123.632627045688, 41.0976643204324], [-123.632637267537, 41.0976704140759], [-123.632657740016, 41.0976826219204], [-123.632663249758, 41.0976811287656], [-123.632696611063, 41.0976720870956], [-123.632736196272, 41.0976679737498], [-123.632783096393, 41.0976730318086], [-123.63281540769, 41.0976877175665], [-123.632817087068, 41.097688500147], [-123.632847045551, 41.0977024592607], [-123.632885518761, 41.0977242932407], [-123.632910327465, 41.0977451123005], [-123.632939854246, 41.0977655748426], [-123.632975143539, 41.0977770094194], [-123.633021611137, 41.0977680145581], [-123.633076946245, 41.0977671745502], [-123.633128099721, 41.097758814186], [-123.63318138875, 41.0977646395886], [-123.633227802703, 41.0977658095781], [-123.63325871357, 41.097755553421], [-123.633267142503, 41.0977527560473], [-123.633309246217, 41.0977473999697], [-123.633344795083, 41.0977258519772], [-123.633383660275, 41.0977374009917], [-123.633425870988, 41.0977450437432], [-123.633467533523, 41.0977625577687], [-123.633469699959, 41.0977638376063], [-123.633498431275, 41.0977808092703], [-123.633530986908, 41.0978016927963], [-123.633576990009, 41.0978084327554], [-123.633615104452, 41.0978209064384], [-123.63365896289, 41.0978328431695], [-123.633695307616, 41.09784603639], [-123.633737758586, 41.0978427365762], [-123.633795570631, 41.0978495808446], [-123.633833081311, 41.0978428445914], [-123.633869398053, 41.0978393739926], [-123.633906691298, 41.0978525060783], [-123.633955180613, 41.0978588502678], [-123.633993934324, 41.0978707987441], [-123.634032163004, 41.0978754509058], [-123.634076632411, 41.0978850330248], [-123.634121846604, 41.0978934318791], [-123.634158981268, 41.0978868489239], [-123.634196876817, 41.097887443855], [-123.634198476198, 41.0978597282138], [-123.634198547627, 41.0978584883185], [-123.634205031555, 41.0978587426865], [-123.63424018273, 41.0978601237952], [-123.634275932022, 41.0978667388576], [-123.634302268993, 41.0978442341864], [-123.634343728764, 41.097843117743], [-123.634349200843, 41.0978315240331], [-123.63435724035, 41.0978144933652], [-123.634385208799, 41.0977896520226], [-123.634433687607, 41.0977731238299], [-123.634474931197, 41.0977747911041], [-123.634519355808, 41.0977742744188], [-123.634556197335, 41.097773496811], [-123.63456461181, 41.0977771212326], [-123.634594623896, 41.0977900499802], [-123.634630851844, 41.097808166426], [-123.634669277833, 41.0978180995867], [-123.634706868722, 41.0978131506973], [-123.634745100603, 41.0978029195705], [-123.634789672544, 41.0977997698288], [-123.634832635363, 41.0977967064047], [-123.634870652824, 41.0978149138048], [-123.634901193832, 41.0978425721583], [-123.634940021437, 41.0978564890598], [-123.634981549676, 41.0978731159877], [-123.635008270199, 41.0978971372147], [-123.635021555522, 41.0979268976216], [-123.635062753927, 41.0979429011819], [-123.635124257617, 41.097947145442], [-123.635180629718, 41.0979407110386], [-123.63523025032, 41.0979340616067], [-123.635271096383, 41.0979383323006], [-123.635306114791, 41.0979291411148], [-123.635346429944, 41.097915388781], [-123.635355436076, 41.0979146644181], [-123.635378411261, 41.0979128135887], [-123.635393322704, 41.0979116125625], [-123.635419627939, 41.0979003092718], [-123.635422814716, 41.0979067567455], [-123.635426283624, 41.0979141836355], [-123.635437302096, 41.0979292644317], [-123.635449433151, 41.0979458668492], [-123.635484933229, 41.0979719501204], [-123.635510399974, 41.098000532595], [-123.63554428322, 41.098027749866], [-123.63558078294, 41.0980559832097], [-123.635617749692, 41.0980763328577], [-123.635679565783, 41.0980823325602], [-123.635724533119, 41.0980838662417], [-123.635773233279, 41.0980832669298], [-123.635778984719, 41.0980815272745], [-123.635797878768, 41.0980758146276], [-123.635817829572, 41.0980904074058], [-123.635964173372, 41.0981391428793], [-123.636004510561, 41.0981532294468], [-123.636158215748, 41.0981399678508], [-123.636216173648, 41.0981010358988], [-123.636256034379, 41.0980742601749], [-123.636333567153, 41.0979833330302], [-123.636374332839, 41.0979811162082], [-123.636413117382, 41.0979740000488], [-123.636460233303, 41.0979741001115], [-123.636496783765, 41.0979696833542], [-123.636535333399, 41.0979640160385], [-123.636587766633, 41.09794886674], [-123.636630733453, 41.0979468331396], [-123.636670499879, 41.0979513831461], [-123.63670956675, 41.0979467497358], [-123.63674131669, 41.0979628832779], [-123.636786617217, 41.0979600836527], [-123.63682583311, 41.097952016427], [-123.636863533773, 41.0979607836242], [-123.636898316509, 41.0979707325751], [-123.63693506647, 41.0979813003003], [-123.636975982965, 41.0979873004387], [-123.637013316293, 41.0979887325939], [-123.637053182755, 41.0979905669011], [-123.637094217488, 41.0979903165868], [-123.637138549259, 41.0979833839005], [-123.637193850419, 41.0980015670183], [-123.637277132809, 41.0980286105623], [-123.637293599992, 41.0980230336023], [-123.637336316105, 41.0980275832778], [-123.637364116791, 41.0980473326889], [-123.637400417322, 41.0980366501556], [-123.637446267324, 41.0980452333548], [-123.637486066453, 41.098046133754], [-123.637530616485, 41.0980489661928], [-123.637566666931, 41.0980610662459], [-123.637604084114, 41.0980401335614], [-123.637637699918, 41.0980290163107], [-123.63767388421, 41.0980262667874], [-123.637714516852, 41.0980291334471], [-123.637741216764, 41.0980496833659], [-123.637780783459, 41.0980500669894], [-123.637817217292, 41.0980556331344], [-123.637839166084, 41.0980328663953], [-123.637867783806, 41.0980155666251], [-123.63790211648, 41.098052949854], [-123.63791173392, 41.0980851326676], [-123.637923010156, 41.098108700945], [-123.637924150176, 41.0981110835571], [-123.637956532984, 41.0981284662731], [-123.63799861708, 41.0981156832892], [-123.638014892947, 41.0981071985996], [-123.638035033699, 41.0980966999339], [-123.638037333132, 41.0980661833798], [-123.638073866642, 41.098051899744], [-123.638107533482, 41.098040034409], [-123.638126184142, 41.0980643166959], [-123.638168165998, 41.0980713662487], [-123.638195699608, 41.098051316852], [-123.638220766552, 41.0980719333557], [-123.638259782459, 41.0980732332777], [-123.638294983007, 41.0980526333337], [-123.638325300158, 41.0980273672611], [-123.638342633978, 41.0980022163515], [-123.638383017087, 41.0980018160522], [-123.638441100176, 41.0979923168589], [-123.638478833088, 41.0980088167239], [-123.638463633658, 41.0980337666584], [-123.638495366404, 41.0980491827737], [-123.638536299157, 41.0980283167818], [-123.638551416742, 41.0980010666459], [-123.638582483471, 41.0979796833073], [-123.638616834051, 41.0979671168141], [-123.638639249615, 41.0979441338457], [-123.638675216896, 41.0979312836296], [-123.638712066631, 41.0979352833959], [-123.638740200331, 41.0979536001567], [-123.638777317109, 41.0979373493184], [-123.638815816868, 41.0979293835734], [-123.638851949325, 41.0979394838923], [-123.638898333158, 41.0979311330008], [-123.638924066422, 41.0979030159316], [-123.638975266443, 41.0979062829547], [-123.639005183318, 41.0978820161096], [-123.639045149828, 41.0978778336243], [-123.639084283277, 41.0978624002386], [-123.639107983101, 41.0978398667616], [-123.639149783862, 41.0978238168231], [-123.639177433921, 41.0977948161879], [-123.639218816114, 41.0977961504007], [-123.639258950431, 41.0977820166635], [-123.639294616619, 41.0977704344506], [-123.639329916358, 41.0977618332087], [-123.639367049891, 41.0977349337197], [-123.639410695198, 41.0977158287437], [-123.639434483989, 41.0977127997477], [-123.639472366906, 41.0976917170413], [-123.639511265856, 41.0976793835671], [-123.639559633373, 41.0976839325787], [-123.639602849378, 41.0976915332552], [-123.639639044286, 41.0977116318712], [-123.63963721447, 41.0977184268619], [-123.639627689628, 41.0977538073491], [-123.639621666742, 41.0977644999619], [-123.639651049431, 41.0977854831438], [-123.63968153347, 41.0978060827679], [-123.639708666799, 41.0978270667128], [-123.639750867234, 41.0978274332353], [-123.639790967153, 41.0978114825885], [-123.639830049385, 41.0977993830983], [-123.639874099953, 41.0977889170795], [-123.639913817022, 41.0977805163268], [-123.639950349785, 41.0977581167851], [-123.639994100111, 41.0977430997404], [-123.640031050806, 41.0977281844078], [-123.640068549672, 41.0977126994143], [-123.640108116522, 41.0977014664104], [-123.640151266939, 41.0977046344042], [-123.640177233475, 41.0976758329519], [-123.640214349672, 41.0976669330902], [-123.640260933143, 41.0976686325783], [-123.640302933101, 41.0976641834304], [-123.640348366562, 41.0976515674406], [-123.640391399489, 41.0976259671191], [-123.64041718355, 41.0975971504124], [-123.640446816711, 41.097575250273], [-123.64047043403, 41.097548817407], [-123.64049181694, 41.0975195161957], [-123.640492810802, 41.0975159155744], [-123.640601473466, 41.0974766860282], [-123.640617934475, 41.0974703942925], [-123.64062219982, 41.0974702669848], [-123.640666233171, 41.0974587999691], [-123.640709183058, 41.0974431835668], [-123.64072486988, 41.0974295230654], [-123.640733183842, 41.0974222839359], [-123.640768667461, 41.097395883206], [-123.640810683084, 41.0973724836368], [-123.640848966755, 41.0973536160206], [-123.640889500842, 41.09732701601], [-123.640915683823, 41.0973076670922], [-123.640953400251, 41.0972811674079], [-123.640983216498, 41.0972655167691], [-123.641018916841, 41.0972380328941], [-123.641060667642, 41.0972127673464], [-123.641103099912, 41.0971930514295], [-123.641150132405, 41.0971860985695], [-123.641198566043, 41.0971881666208], [-123.641235100554, 41.0971891667674], [-123.64128863287, 41.0971920666695], [-123.641341516452, 41.0971973167442], [-123.641390452804, 41.0971914476617], [-123.641391683828, 41.097191300284], [-123.641444467038, 41.0971905164046], [-123.641480832882, 41.0971845830466], [-123.641533116082, 41.0971750001844], [-123.641582399568, 41.0971621001379], [-123.641628699442, 41.0971481501372], [-123.641677699796, 41.0971360164066], [-123.641721049736, 41.0971181165711], [-123.641765916424, 41.0971011667231], [-123.6418075335, 41.0970798174314], [-123.641825408449, 41.0970734753093], [-123.64187170547, 41.0970614457345], [-123.641880304355, 41.0970604961287], [-123.64190258364, 41.0970580335293], [-123.641946233243, 41.0970595496049], [-123.641986984142, 41.0970499001732], [-123.64203173346, 41.0970352163901], [-123.642082100578, 41.0970203832783], [-123.642128682853, 41.0970045173009], [-123.642173050313, 41.0969859666509], [-123.642176883353, 41.0969846148043], [-123.642218516343, 41.096969933004], [-123.642264066256, 41.0969490660744], [-123.642299132499, 41.0969385834513], [-123.642332182846, 41.0969271328854], [-123.642363833382, 41.0969123166146], [-123.642400450734, 41.0969071670627], [-123.642449050234, 41.0968999995531], [-123.642484834081, 41.0968939997619], [-123.642537533695, 41.096894683253], [-123.642575724147, 41.0968972429354], [-123.642577065835, 41.0968973327392], [-123.642616483943, 41.0968994000296], [-123.642655683855, 41.0968994831582], [-123.642697299676, 41.0969091994749], [-123.642731883334, 41.0969277666398], [-123.642767167292, 41.0969371831546], [-123.642803933668, 41.0969375500489], [-123.642843432911, 41.0969359667635], [-123.642884316532, 41.0969414164004], [-123.642927332808, 41.0969488169676], [-123.642964233292, 41.096952434053], [-123.642967188207, 41.0969529841672], [-123.642980663648, 41.0969554906631], [-123.643002933435, 41.0969596325766], [-123.643041266339, 41.096964949562], [-123.643094582973, 41.0969574671973], [-123.643127216203, 41.0969408670511], [-123.643156183357, 41.0969216155843], [-123.643190349292, 41.0969079668965], [-123.643228499969, 41.0968948499455], [-123.643265065762, 41.0968853999829], [-123.64330348423, 41.0968800833491], [-123.643344082519, 41.0968716665853], [-123.643379383443, 41.0968536498257], [-123.643407982871, 41.0968344327778], [-123.643453883548, 41.0968170999639], [-123.643492816613, 41.0967910655743], [-123.643531783449, 41.0967652003334], [-123.643563499734, 41.0967326339838], [-123.643578866271, 41.0967067329972], [-123.643592649502, 41.0966802661417], [-123.643605283452, 41.0966526833062], [-123.64361988233, 41.0966167003334], [-123.64365781722, 41.0965890671368], [-123.643690766406, 41.0965574162841], [-123.643720750619, 41.0965283339563], [-123.643754033196, 41.0964981504291], [-123.643782050503, 41.0964783672338], [-123.643813249532, 41.0964643169667], [-123.643850266904, 41.0964434655591], [-123.643892816542, 41.0964307832145], [-123.643934816555, 41.096414984452], [-123.643981799845, 41.0964000334002], [-123.644021533532, 41.0963743330572], [-123.644066115949, 41.0963580162645], [-123.644101383746, 41.096330683384], [-123.644138983395, 41.0963114329549], [-123.644175683136, 41.0962941666048], [-123.644219467331, 41.0962758670484], [-123.644257133941, 41.0962534832204], [-123.644297483365, 41.096236466664], [-123.644343999862, 41.0962222666404], [-123.64438853408, 41.0962092000825], [-123.644434866296, 41.0962036838739], [-123.644487565986, 41.0961982167051], [-123.644537949818, 41.0961899663808], [-123.644586483643, 41.0961869996734], [-123.644636816647, 41.0961790333426], [-123.644688633589, 41.0961771832328], [-123.644740300074, 41.0961787002351], [-123.644789767256, 41.0961769325902], [-123.644826533523, 41.0961706338137], [-123.64487998349, 41.0961707832648], [-123.644931132577, 41.0961665163316], [-123.644982349635, 41.0961620165886], [-123.645034500732, 41.0961563495603], [-123.645070916884, 41.0961516335718], [-123.645109633242, 41.0961481000558], [-123.645163183235, 41.096142166607], [-123.645201783175, 41.0961427999166], [-123.645238433357, 41.0961461825674], [-123.645275916667, 41.096144899796], [-123.645331916908, 41.0961425836752], [-123.645379699018, 41.0961467668986], [-123.645420082827, 41.0961523985966], [-123.64547166631, 41.0961506674474], [-123.645523482593, 41.0961531336043], [-123.645575200329, 41.0961524664034], [-123.645623217042, 41.0961410832706], [-123.645672916491, 41.0961328831267], [-123.645723766855, 41.0961259655576], [-123.645761133091, 41.0961239167029], [-123.645813432639, 41.096117733232], [-123.645865182742, 41.0961206166771], [-123.645915132939, 41.0961230669951], [-123.645959766849, 41.0961131655869], [-123.646006783093, 41.096101282554], [-123.646058550346, 41.0961030001796], [-123.646109133163, 41.0961037830868], [-123.646145533572, 41.0961019674262], [-123.64619381698, 41.0961057826762], [-123.646194514491, 41.096106119267], [-123.646235167555, 41.0961257332039], [-123.646273450029, 41.0961462170849], [-123.646318332903, 41.0961456833726], [-123.646355967029, 41.096121766779], [-123.646396633307, 41.0961134494483], [-123.646434666938, 41.0961107327406], [-123.646477716063, 41.0961109325977], [-123.646519232614, 41.0960918161546], [-123.646566066274, 41.0960882834425], [-123.646603483254, 41.0960893499006], [-123.646658899263, 41.0960886659626], [-123.646708233446, 41.0960750500052], [-123.646747516665, 41.0960620669581], [-123.646786599175, 41.0960524170871], [-123.646833367435, 41.0960493836773], [-123.64687493349, 41.0960543839732], [-123.646921432638, 41.0960474668839], [-123.64696626643, 41.096034049939], [-123.647010966425, 41.0960152514422], [-123.647059217126, 41.0959983832216], [-123.647106766849, 41.0959801001562], [-123.647155299938, 41.0959631339238], [-123.647187016584, 41.0959492663019], [-123.647217266566, 41.0959327666623], [-123.647259300012, 41.0959077504056], [-123.647302732715, 41.0958876014075], [-123.647329682949, 41.0958691502245], [-123.647370382969, 41.0958411327433], [-123.647418633811, 41.0958229672179], [-123.647464866333, 41.0958033501132], [-123.647510582854, 41.0957900000601], [-123.647547033672, 41.0957698163409], [-123.647591950027, 41.0957585335869], [-123.647638633303, 41.095755116587], [-123.647681616491, 41.0957580827251], [-123.647728999599, 41.0957626329428], [-123.647778949546, 41.0957625331877], [-123.647830433397, 41.0957511836906], [-123.647878066564, 41.0957414331257], [-123.647927000212, 41.0957298844354], [-123.647975416878, 41.0957254666703], [-123.648019966456, 41.0957278833924], [-123.648064183366, 41.0957288003332], [-123.648118132995, 41.0957215498959], [-123.64815428279, 41.0957177667605], [-123.648190733473, 41.0957172166974], [-123.648243349581, 41.0957091332562], [-123.648293417015, 41.0957050006318], [-123.64834356704, 41.0957064831144], [-123.648389683498, 41.0957060992943], [-123.648424333362, 41.0956947325641], [-123.648451733504, 41.095720133183], [-123.648479332372, 41.0957445499029], [-123.648510733861, 41.0957675669874], [-123.648548183352, 41.0957654167716], [-123.648586766496, 41.0957580670445], [-123.648625132775, 41.0957395666089], [-123.64866615017, 41.0957242661939], [-123.648696733728, 41.0957083155782], [-123.648734849673, 41.0957093999292], [-123.648778133197, 41.0957126333067], [-123.648827333106, 41.0957004503727], [-123.648878884349, 41.0956976666453], [-123.648927633348, 41.0956847997976], [-123.648982666471, 41.0956882002298], [-123.649020967285, 41.0956827832649], [-123.649071615934, 41.0956860498111], [-123.649121899697, 41.0956884166888], [-123.649171416972, 41.0956926336045], [-123.649221583446, 41.0956980836406], [-123.649271450787, 41.0957042325604], [-123.649319516373, 41.0957123004098], [-123.649360533373, 41.0957118503551], [-123.649403633441, 41.0957191831759], [-123.649412891717, 41.0957000979695], [-123.649418452111, 41.0956987253364], [-123.649421500362, 41.0956966624361], [-123.649378183377, 41.095677700603], [-123.649335199985, 41.0956680655684], [-123.649292183312, 41.0956394499276], [-123.649301817265, 41.0956126832842], [-123.649300666722, 41.095572266323], [-123.649283416459, 41.0955439828967], [-123.649262316565, 41.095515583338], [-123.649251083059, 41.095487649743], [-123.64925553356, 41.0954555498427], [-123.649273289864, 41.0953805598897], [-123.649365523746, 41.0952827238643], [-123.649457754828, 41.0952173940867], [-123.649455825416, 41.0951942615814], [-123.649447363823, 41.0951664375909], [-123.649465578421, 41.0951222911531], [-123.649485964524, 41.0950986572239], [-123.649494809574, 41.0950884039906], [-123.649511208304, 41.0950735185938], [-123.649507162069, 41.0950494521806], [-123.649513353554, 41.0950315237654], [-123.64952105422, 41.0950107466164], [-123.649520215815, 41.0949992499144], [-123.649540690844, 41.0949760667752], [-123.649574564611, 41.0949537863646], [-123.649608388657, 41.0949424158263], [-123.649620680547, 41.0949328565842], [-123.649594487344, 41.0949255510336], [-123.649582624339, 41.0949124085681], [-123.649623960496, 41.0948908616609], [-123.649655243259, 41.0948604949305], [-123.649648120832, 41.0948267109087], [-123.649672700843, 41.0948277613724], [-123.649689001459, 41.0947996653539], [-123.649747219641, 41.0947981660218], [-123.649785295261, 41.0947878389052], [-123.64978541639, 41.0947878057932], [-123.649824290809, 41.0947796360816], [-123.649856344788, 41.0947949166464], [-123.649894750123, 41.0947926741256], [-123.649880785286, 41.0947646560059], [-123.649897750163, 41.0947568503595], [-123.649932950111, 41.0947366170901], [-123.649967333833, 41.0947120997002], [-123.649999000351, 41.0946927844417], [-123.650035433424, 41.0946639334263], [-123.650063066335, 41.0946348996432], [-123.650090716459, 41.0946120830856], [-123.650124933623, 41.094598583386], [-123.650158832555, 41.0945761170959], [-123.650193783669, 41.0945567499196], [-123.65021826612, 41.0945336665535], [-123.65023102748, 41.094527296135], [-123.65024988395, 41.0945178826411], [-123.650253832009, 41.0945177207356], [-123.650286916217, 41.094516366578], [-123.650324533352, 41.0945018333279], [-123.650360966449, 41.0944841170119], [-123.650389799989, 41.0944672155692], [-123.650421783894, 41.0944512502836], [-123.650453417017, 41.0944337664171], [-123.650484200071, 41.0944114671541], [-123.650516050073, 41.0943938829578], [-123.650553100319, 41.0943758514194], [-123.650595433189, 41.094366567447], [-123.650637849279, 41.0943541337882], [-123.650675582995, 41.0943353831147], [-123.650712416683, 41.0943266661312], [-123.650752900035, 41.0943126498281], [-123.650780482851, 41.0942920999003], [-123.650812183568, 41.0942754496952], [-123.650848216408, 41.0942868160499], [-123.650883316082, 41.0942991830501], [-123.650923432889, 41.0942854335932], [-123.650950276479, 41.0942697368137], [-123.650954216482, 41.0942674337254], [-123.650959686506, 41.0942646418658], [-123.650977878454, 41.0942553572183], [-123.650988766366, 41.0942497999144], [-123.651027233442, 41.0942432337228], [-123.651047961184, 41.0942410204383], [-123.651064216491, 41.0942392828228], [-123.651100218688, 41.0942323485953], [-123.651100917862, 41.0942322500602], [-123.651142284042, 41.094229633675], [-123.651165840851, 41.0942142679978], [-123.651170417101, 41.0942112830031], [-123.651177826584, 41.094206419139], [-123.651199766366, 41.0941920174429], [-123.651237150342, 41.0941715174046], [-123.651275083072, 41.0941540166227], [-123.651316933326, 41.0941425497696], [-123.651354316449, 41.0941358328568], [-123.651396933456, 41.0941291827279], [-123.651439149932, 41.0941244166215], [-123.651476999829, 41.0941139668123], [-123.651511233317, 41.0941019331128], [-123.651544433113, 41.0940908501889], [-123.651581183461, 41.0940855339235], [-123.651618982941, 41.0940756500558], [-123.651647699943, 41.0940583327869], [-123.651683949843, 41.094040333336], [-123.651721533135, 41.0940329161504], [-123.651759333716, 41.0940242329984], [-123.651795484067, 41.0940156825792], [-123.651831799588, 41.0940092670138], [-123.651866783768, 41.0939983837889], [-123.651907283921, 41.0939899663653], [-123.651945333264, 41.0939809169204], [-123.65198181628, 41.0939612171457], [-123.652012549755, 41.0939410832804], [-123.652046516905, 41.0939203167607], [-123.652093732606, 41.0939259831273], [-123.652133400251, 41.0939244164249], [-123.652174933983, 41.0939130005956], [-123.6522012836, 41.0938941165834], [-123.6522351337, 41.0938747667301], [-123.652268933669, 41.0938594995816], [-123.652308316419, 41.0938431000377], [-123.652345999739, 41.0938329337376], [-123.652381800707, 41.093826517309], [-123.652420415736, 41.0938078655667], [-123.652452783307, 41.0937868332401], [-123.652490066235, 41.0937736325593], [-123.652526167453, 41.093765916331], [-123.652559933733, 41.0937530328079], [-123.652594983693, 41.0937316168216], [-123.652634149341, 41.0937109828286], [-123.652669983685, 41.093697000292], [-123.652709350187, 41.0936818663287], [-123.652746683111, 41.0936695174395], [-123.652778715978, 41.0936537836285], [-123.652819466261, 41.0936440844287], [-123.652858900104, 41.0936421332585], [-123.652895933342, 41.0936239344144], [-123.652930650353, 41.0936031832021], [-123.652951200599, 41.0935762165636], [-123.652966665563, 41.0935676758039], [-123.652977540903, 41.0935228785807], [-123.653011253424, 41.0934973732029], [-123.653006695044, 41.0934665574048], [-123.6530062612, 41.0934636286563], [-123.653011351248, 41.0934595155757], [-123.653041988432, 41.0934347635728], [-123.653074958792, 41.0934140393315], [-123.653109118002, 41.0933940911382], [-123.653160689632, 41.0933691627862], [-123.653191842928, 41.0933468787154], [-123.653229564831, 41.0933306729358], [-123.653259551412, 41.0933104546929], [-123.653295661777, 41.0932829034286], [-123.653324331125, 41.0932553267854], [-123.653362028872, 41.0932556796283], [-123.653399261051, 41.0932414916625], [-123.653448551914, 41.0932285459626], [-123.65345496305, 41.093225458589], [-123.65349250205, 41.0932073909036], [-123.653506458675, 41.0931928872144], [-123.653521909716, 41.093176830173], [-123.653519141509, 41.0931480130269], [-123.653547495354, 41.0931304271027], [-123.653575788091, 41.0931077582965], [-123.653604071786, 41.0930748086896], [-123.653624654161, 41.0930488452396], [-123.653637610467, 41.0930133125978], [-123.653654293349, 41.0929884396143], [-123.653674053586, 41.0929641067656], [-123.653694647484, 41.092935348051], [-123.65372934878, 41.0929088693912], [-123.653762523632, 41.092891284886], [-123.653808568636, 41.0928883401291], [-123.653843305174, 41.0928791133816], [-123.653882203926, 41.0928750029752], [-123.653931796208, 41.0928594700581], [-123.653978231397, 41.0928548105957], [-123.654028558292, 41.0928503217954], [-123.654072190445, 41.0928332858824], [-123.654101250225, 41.0928077903818], [-123.654129354171, 41.0927782457935], [-123.654146615006, 41.0927539243505], [-123.65416879899, 41.0927277643429], [-123.654184949895, 41.0926957437412], [-123.654192654006, 41.0926670869459], [-123.654210176134, 41.0926364629041], [-123.654241375741, 41.0926016346262], [-123.654253638463, 41.0925747247188], [-123.654263035608, 41.0925406580006], [-123.654286341595, 41.0925015858174], [-123.654316393979, 41.0924765494384], [-123.65435940397, 41.0924602033599], [-123.654392873558, 41.0924327631326], [-123.654416147959, 41.0923939991762], [-123.654424761782, 41.0923658380428], [-123.654436049368, 41.0923318650651], [-123.654436255036, 41.0922979973682], [-123.65444042557, 41.092266515894], [-123.654442021047, 41.0922372352906], [-123.654442447099, 41.0922294148153], [-123.654454294951, 41.0921931100813], [-123.654476521081, 41.0921558708166], [-123.654498602335, 41.0921216725751], [-123.654526339433, 41.0921035602404], [-123.654550941213, 41.0920811067321], [-123.654576318957, 41.0920535800007], [-123.654589451701, 41.0920464494144], [-123.654610772688, 41.09203487009], [-123.65463865793, 41.0920111773223], [-123.654674001573, 41.0919886807721], [-123.654687211579, 41.0919567119377], [-123.65470932864, 41.0919213406081], [-123.654723564074, 41.0918879606924], [-123.65473457943, 41.0918679669661], [-123.654739804065, 41.0918584842669], [-123.654761411818, 41.0918381402883], [-123.654768919146, 41.0918310722759], [-123.654802497127, 41.0918106404477], [-123.654825789143, 41.0917853279732], [-123.654865027787, 41.0917718712902], [-123.654902565732, 41.0917447068559], [-123.654918640562, 41.0917186336706], [-123.654961989549, 41.0916887698141], [-123.655000540206, 41.0916588008008], [-123.655040089963, 41.0916277685536], [-123.655095597841, 41.0915954871322], [-123.655163518432, 41.09156044441], [-123.655194445483, 41.0915386718344], [-123.655242686469, 41.091504708431], [-123.655345008378, 41.091496074233], [-123.655602233759, 41.0912984487814], [-123.655667555198, 41.0912482627633], [-123.655750237244, 41.091184737925], [-123.655762820564, 41.0911750700711], [-123.655808205295, 41.0911584207774], [-123.65587892495, 41.0911364908832], [-123.655922596363, 41.0911277540291], [-123.655967173602, 41.091121624326], [-123.656009222077, 41.0911199463514], [-123.656049997648, 41.0911186197154], [-123.656090321363, 41.0911209438841], [-123.656105489836, 41.0911238697913], [-123.656158859244, 41.0911341638066], [-123.656212139157, 41.0911524538211], [-123.656260583212, 41.0911772670341], [-123.656306464026, 41.0912029415804], [-123.656355491448, 41.0912275019082], [-123.656409036369, 41.0912458470719], [-123.656462514204, 41.0912617559249], [-123.656521020517, 41.0912642934294], [-123.656582245212, 41.0912705456327], [-123.656649923088, 41.091273541562], [-123.656688843418, 41.0912726675665], [-123.656730697729, 41.091275038637], [-123.656763174142, 41.0912744040251], [-123.65677303932, 41.0912742108711], [-123.656788905511, 41.0912739006353], [-123.656845476857, 41.0912708045827], [-123.656881220713, 41.091261228872], [-123.656894664439, 41.0912576273916], [-123.656944946196, 41.0912499451356], [-123.656987564679, 41.0912379502777], [-123.657034385993, 41.0912323865815], [-123.6570791381, 41.0912228981639], [-123.657119257024, 41.0912209110034], [-123.657170680166, 41.0912142625652], [-123.657225663456, 41.0912064245566], [-123.657287785433, 41.0911955434273], [-123.657352567071, 41.0911812898038], [-123.657390470336, 41.0911700072078], [-123.657431161119, 41.0911525309977], [-123.657467447549, 41.0911417386297], [-123.657502640589, 41.0911342557287], [-123.657570862617, 41.0911142163197], [-123.657607420079, 41.0911032647205], [-123.657646351535, 41.091094204755], [-123.657686636479, 41.0910879808809], [-123.657722980983, 41.091081825427], [-123.657792859969, 41.0910661696369], [-123.657858848341, 41.091049969414], [-123.657898789619, 41.0910385425968], [-123.657944741469, 41.0910274832014], [-123.657988577327, 41.0910186752639], [-123.658025470131, 41.0910055452808], [-123.658080875106, 41.0909830772412], [-123.658118560849, 41.0909656512811], [-123.658160827234, 41.0909475262446], [-123.658210757494, 41.0909331768107], [-123.658262041346, 41.0909369419467], [-123.658311039823, 41.0909326660511], [-123.658360099984, 41.0909402947748], [-123.658404397173, 41.0909444330647], [-123.658450635298, 41.0909383298432], [-123.658489956675, 41.0909430622386], [-123.65853522705, 41.0909453329597], [-123.658594725408, 41.0909407591203], [-123.658596534257, 41.0909405433983], [-123.658651385915, 41.0909339909057], [-123.65870403985, 41.0909191194381], [-123.658710364684, 41.0909173330224], [-123.658742928683, 41.0909029574269], [-123.658800665938, 41.0908819296009], [-123.658829800515, 41.0908712218353], [-123.658857902997, 41.0908608937966], [-123.6589158848, 41.0908378935607], [-123.658980685946, 41.0908168450656], [-123.659050735942, 41.0907909562313], [-123.659089926144, 41.090777801957], [-123.659131463268, 41.090766329552], [-123.659174354576, 41.0907550178347], [-123.659215980099, 41.0907450068944], [-123.659258242296, 41.0907330582753], [-123.659297796336, 41.0907199802182], [-123.659358836725, 41.0907006771635], [-123.659419980699, 41.0906780432205], [-123.659471867878, 41.0906548776066], [-123.659522651918, 41.0906228462896], [-123.659570428737, 41.0905870487982], [-123.659615536692, 41.0905553634108], [-123.65966480065, 41.0905194573776], [-123.659696136261, 41.0904994459243], [-123.659726722165, 41.0904816195956], [-123.65975766481, 41.0904643443083], [-123.659786857923, 41.0904459539297], [-123.659813441087, 41.0904326797287], [-123.659818868374, 41.0904299696656], [-123.659852837834, 41.0904125968481], [-123.65988544463, 41.0903929095583], [-123.659920850087, 41.0903724531601], [-123.659953675488, 41.0903540311258], [-123.659986558141, 41.0903375247592], [-123.660019706525, 41.0903237778177], [-123.660088270409, 41.0903174739851], [-123.660123764992, 41.0903236564182], [-123.660157014888, 41.090336112272], [-123.660191964238, 41.0903501518965], [-123.66022253932, 41.0903678972503], [-123.660249581319, 41.0903870275558], [-123.660293704766, 41.0904244993756], [-123.660326907334, 41.0904497008919], [-123.660351740182, 41.0904748413701], [-123.660373932655, 41.0905019327981], [-123.660378757844, 41.0905078234091], [-123.660403168085, 41.0905378423365], [-123.660427659749, 41.0905665969674], [-123.660455903744, 41.0905926709182], [-123.660484354924, 41.0906120858505], [-123.660514385835, 41.0906295694094], [-123.660548564111, 41.090647556153], [-123.660582195836, 41.090666607164], [-123.660616483669, 41.0906856616097], [-123.660650000613, 41.0907047799181], [-123.660686173811, 41.0907261430965], [-123.660722923759, 41.0907479074159], [-123.660767172869, 41.0907673289716], [-123.660819973043, 41.09078184795], [-123.660876528625, 41.0907945879005], [-123.660927982036, 41.090803506164], [-123.660977511617, 41.0908110256865], [-123.661027028251, 41.090819746931], [-123.661080599422, 41.0908280242172], [-123.661126575323, 41.0908336849928], [-123.661168370964, 41.0908367484053], [-123.661213079323, 41.090840677873], [-123.661255369565, 41.090844975216], [-123.661304885566, 41.0908492337742], [-123.661355782869, 41.0908557607079], [-123.661406412853, 41.0908643627985], [-123.661456946651, 41.0908738202795], [-123.661508707085, 41.0908880494475], [-123.661554209851, 41.0909022046237], [-123.661598444965, 41.09091770385], [-123.661644158106, 41.0909321739638], [-123.661689820778, 41.090947189334], [-123.661734240366, 41.0909625559316], [-123.661776001707, 41.0909764289372], [-123.661817013759, 41.0909900269831], [-123.661862553988, 41.0910051727033], [-123.661911473477, 41.0910177208991], [-123.661956286052, 41.0910273902866], [-123.661994103151, 41.091039044679], [-123.662053942693, 41.0910424986385], [-123.662098789142, 41.0910388160976], [-123.662157687309, 41.0910367399881], [-123.662212769732, 41.0910329202081], [-123.662262628375, 41.0910239706366], [-123.662303107624, 41.0910167504483], [-123.662340369167, 41.0910011802977], [-123.662376571238, 41.0909882420616], [-123.662399203746, 41.0909778410135], [-123.662439481443, 41.0909593312913], [-123.66248175373, 41.0909493803113], [-123.662529414829, 41.0909449869017], [-123.662572311382, 41.0909497694097], [-123.662593622466, 41.0909537337955], [-123.662618166307, 41.0909583002385], [-123.662659193885, 41.0909658436089], [-123.662701815872, 41.0909672352297], [-123.66274649443, 41.0909570442117], [-123.662778682767, 41.0909434055926], [-123.662782597186, 41.0909422904038], [-123.662860234944, 41.0909201750071], [-123.662898568457, 41.0909137812784], [-123.662935965346, 41.0909131166179], [-123.662967905797, 41.0909169909513], [-123.663012719944, 41.0909224261523], [-123.663051385688, 41.090928235419], [-123.663109699267, 41.0909345828783], [-123.663145937343, 41.0909364930035], [-123.663186324151, 41.0909384476991], [-123.663228232194, 41.0909429636104], [-123.663266582963, 41.0909447993813], [-123.663305299934, 41.0909464645815], [-123.663351422866, 41.0909481312705], [-123.663400180625, 41.0909451697669], [-123.663444179981, 41.0909452362111], [-123.663492932222, 41.090945159066], [-123.66354830188, 41.0909464715615], [-123.66360569608, 41.0909465229587], [-123.66366354503, 41.0909466843082], [-123.663720403857, 41.0909483160352], [-123.663777436825, 41.0909519888476], [-123.663830029037, 41.090957123094], [-123.663879232155, 41.0909625660009], [-123.663895043378, 41.090965322332], [-123.663925773636, 41.0909706788852], [-123.663940286043, 41.090974046231], [-123.663945043154, 41.0909751502255], [-123.663966975265, 41.0909802385817], [-123.663989769121, 41.0909868344132], [-123.663999822956, 41.0909906030792], [-123.663994239308, 41.0910081630494], [-123.664003610885, 41.0910478812235], [-123.664027328701, 41.0910703204216], [-123.664054552243, 41.09108865878], [-123.664048488459, 41.0911002762309], [-123.664060406143, 41.0911258452522], [-123.66404583662, 41.0911351381127], [-123.664051382459, 41.0911685727213], [-123.664105648978, 41.0911767842379], [-123.664135387787, 41.0911962367835], [-123.664095338892, 41.0912232457396], [-123.664073021554, 41.0912380862542], [-123.664068397504, 41.0912485432831], [-123.664056622746, 41.0912797401363], [-123.664065177771, 41.0912900320294], [-123.664091562559, 41.0913110280722], [-123.664111891517, 41.0913259858113], [-123.664120451302, 41.0913892456893], [-123.664120937627, 41.091395091789], [-123.664122902142, 41.0914187292018], [-123.664108710376, 41.0914554898274], [-123.664092455072, 41.0914850298113], [-123.664096629992, 41.0915159311567], [-123.664072215757, 41.0915403475635], [-123.664049258148, 41.0915689469983], [-123.664014015264, 41.0915766312619], [-123.664010991385, 41.0916080127865], [-123.664027513384, 41.0916416111399], [-123.664010291923, 41.0916690974477], [-123.663983239956, 41.0916874540327], [-123.663950496843, 41.0917054875896], [-123.663921103563, 41.0917280616909], [-123.663897632758, 41.0917496945528], [-123.663864302176, 41.0917626014071], [-123.663861866331, 41.0917953937968], [-123.663851239923, 41.0918315122935], [-123.663826351072, 41.0918694803329], [-123.663823478199, 41.0919130344087], [-123.663807790182, 41.0919383913646], [-123.663822878713, 41.0919641961647], [-123.663804100005, 41.0919889953144], [-123.663768444465, 41.0920030253222], [-123.663739412999, 41.0920289158435], [-123.663721398986, 41.0920577695846], [-123.663734114376, 41.092087113802], [-123.663752835414, 41.0921126535681], [-123.663769662963, 41.0921393455544], [-123.663772593741, 41.092170388295], [-123.663746854534, 41.0921925008079], [-123.663725953782, 41.0922177589658], [-123.663729425254, 41.0922460943874], [-123.663731843012, 41.0922822422216], [-123.663748335352, 41.0923121808268], [-123.663749029601, 41.0923422365618], [-123.663728044852, 41.0923656602714], [-123.663699376778, 41.0924007008276], [-123.66368211394, 41.092431325713], [-123.663673939303, 41.0924591949433], [-123.663657358233, 41.0924842120138], [-123.66363139133, 41.092506668116], [-123.663631558251, 41.0925385185815], [-123.663631269353, 41.0925734668247], [-123.663636666577, 41.0926071680375], [-123.663666138115, 41.0926267510524], [-123.663684217949, 41.0926576596919], [-123.663662269285, 41.0926842264309], [-123.663667807343, 41.092714645212], [-123.663628196873, 41.092717651432], [-123.66361546179, 41.0927477673982], [-123.663581635952, 41.0927733981349], [-123.663577710842, 41.0928139288643], [-123.663588702949, 41.0928445324297], [-123.663603182511, 41.092855364043], [-123.663572859014, 41.0928774993147], [-123.66358388043, 41.0929065182022], [-123.663550729751, 41.0929308595978], [-123.66351802432, 41.0929531842286], [-123.663503420186, 41.0929809778698], [-123.66348847751, 41.0930125216918], [-123.663479939002, 41.093043649397], [-123.663465388373, 41.0930717940373], [-123.663435451013, 41.093101908146], [-123.663422645597, 41.0931371212264], [-123.663436374655, 41.0931655480238], [-123.663448748154, 41.0931923819015], [-123.663470206208, 41.093220936243], [-123.663479775975, 41.0932544332724], [-123.66348454901, 41.0932870454111], [-123.663504887252, 41.0933201561398], [-123.66351639167, 41.0933517314257], [-123.663511976212, 41.0933695701926], [-123.663508005866, 41.0933856129013], [-123.663475087172, 41.0934123274491], [-123.663491862422, 41.093444449799], [-123.663528922418, 41.0934429410316], [-123.663585765126, 41.0934406274049], [-123.663676141133, 41.0934369432533], [-123.663768943669, 41.0934353754462], [-123.663834938725, 41.0934353645651], [-123.663862800136, 41.0934353607785], [-123.663887745322, 41.093436877225], [-123.663948565958, 41.0934405731628], [-123.66402597721, 41.0934476226229], [-123.664032130491, 41.09344818259], [-123.664091109078, 41.0934600332101], [-123.664108228049, 41.0934634728866], [-123.664189406021, 41.0934698582547], [-123.664277812881, 41.0934859422498], [-123.664368303898, 41.0934909532246], [-123.664457035973, 41.0935006638416], [-123.664544457473, 41.0935147832625], [-123.664618737039, 41.0935189714264], [-123.664687023335, 41.0935323318417], [-123.66473195172, 41.0935418220156], [-123.6647787718, 41.0935490321399], [-123.664854424857, 41.0935576441677], [-123.664894933915, 41.0935678984355], [-123.664934352785, 41.0935830431232], [-123.664976420008, 41.0935987967677], [-123.665024572496, 41.093617098771], [-123.665067658884, 41.0936341382481], [-123.665120067131, 41.0936602409038], [-123.665170263883, 41.0936828828142], [-123.665180835187, 41.0936882076735], [-123.665224730125, 41.0937103193375], [-123.665270866027, 41.0937326675672], [-123.665327188342, 41.0937519275647], [-123.665383635699, 41.0937710679067], [-123.665463468092, 41.0937836504502], [-123.665541597212, 41.0937796590326], [-123.665617838675, 41.0937814120646], [-123.66568725227, 41.0937620221621], [-123.665719246431, 41.0937562028002], [-123.66572558335, 41.0937992451865], [-123.665730578058, 41.0938311731392], [-123.665739669514, 41.0938392251144], [-123.665759396311, 41.0938566965655], [-123.665750524385, 41.0938850140589], [-123.665750649314, 41.0938917270058], [-123.665751120087, 41.0939170097657], [-123.665738862964, 41.0939500480976], [-123.665700717335, 41.093961517698], [-123.665682807509, 41.0939885091782], [-123.665660443708, 41.094016850565], [-123.665657179956, 41.0940471669561], [-123.665676063998, 41.0940716208928], [-123.665683519034, 41.0941021627118], [-123.665678017445, 41.0941294833575], [-123.665675699501, 41.0941593646021], [-123.665670619863, 41.0942080786301], [-123.665626231479, 41.0942530868562], [-123.665618959519, 41.0942597911891], [-123.665609198302, 41.0942687916301], [-123.665593145489, 41.0942835926399], [-123.665592200646, 41.0943098402268], [-123.665605120045, 41.094339922603], [-123.665611693827, 41.0943594824489], [-123.665614929744, 41.0943691077285], [-123.66561838925, 41.0943860200954], [-123.665621053428, 41.094399047399], [-123.665650976704, 41.0944200703707], [-123.665659431751, 41.0944267622156], [-123.665663245146, 41.0944297785854], [-123.665666854512, 41.0944326357911], [-123.665676293832, 41.0944401074465], [-123.665714079785, 41.094449243048], [-123.665763826802, 41.0944582779958], [-123.665806735499, 41.0944633060412], [-123.665810479567, 41.0944780881654], [-123.665787537703, 41.0944927047114], [-123.665774605237, 41.0945230193218], [-123.665745366648, 41.094558617663], [-123.665745305488, 41.0945586927828], [-123.665709869319, 41.0945790970865], [-123.665723893659, 41.0946051527899], [-123.665755346787, 41.0946190631795], [-123.665738866209, 41.0946535365654], [-123.665722002081, 41.0946717220844], [-123.665711968656, 41.0946825428231], [-123.665705400581, 41.0947117946405], [-123.665690569436, 41.0947370991472], [-123.665657621511, 41.0947598347433], [-123.665614688935, 41.0947518692697], [-123.66558825361, 41.0947778398319], [-123.665552631806, 41.0947924917449], [-123.66552008415, 41.0948189101653], [-123.665476006374, 41.0948569902788], [-123.665516333253, 41.0949000723558], [-123.665493832741, 41.0949289450678], [-123.665461119215, 41.0949453078901], [-123.665492478764, 41.0949607898874], [-123.66552952831, 41.0949685479732], [-123.665558012684, 41.094987965944], [-123.665597435065, 41.0950059542067], [-123.665626002672, 41.0950285415972], [-123.665660487168, 41.0950428803953], [-123.665710567164, 41.0950579623172], [-123.665717322287, 41.0950582034363], [-123.665746827565, 41.0950592571435], [-123.665756353487, 41.0950592570502], [-123.66578731275, 41.0950592583176], [-123.665826814159, 41.0950631286967], [-123.665866909884, 41.0950661867085], [-123.665906534648, 41.0950733100393], [-123.665907118933, 41.0951014539809], [-123.665893865704, 41.0951313759047], [-123.665859155162, 41.09514972944], [-123.665854088302, 41.0951802454191], [-123.665886825203, 41.0951983857182], [-123.66591582831, 41.0952204525586], [-123.665938525689, 41.0952466887107], [-123.6658984159, 41.0952549835959], [-123.665900762816, 41.0952849288597], [-123.665910149068, 41.0953133065823], [-123.665920746257, 41.0953419142159], [-123.665909899143, 41.0953716844115], [-123.665908289472, 41.0954000040765], [-123.665904663187, 41.0954277850073], [-123.665902598175, 41.0954283491327], [-123.665862151776, 41.0954394042022], [-123.665864938264, 41.0954685434113], [-123.665845815596, 41.095497035447], [-123.665867370781, 41.0955254788684], [-123.665845379982, 41.0955509445748], [-123.665838212581, 41.0955813402725], [-123.665815160306, 41.0956075831925], [-123.665828877255, 41.0956366610387], [-123.665849421142, 41.0956658913009], [-123.665859486812, 41.0956935084269], [-123.665877945183, 41.0957265764361], [-123.665911504312, 41.0957452209264], [-123.665949556795, 41.0957612154038], [-123.665979346907, 41.0957804176349], [-123.666013119331, 41.0957905834285], [-123.665996012386, 41.0958184666051], [-123.665967500207, 41.0958452716858], [-123.665959051968, 41.0958762954442], [-123.665943389163, 41.095901093131], [-123.665900767142, 41.0959065055626], [-123.66589239471, 41.0959415023089], [-123.665904969124, 41.0959751087661], [-123.66591246344, 41.0960024326732], [-123.665908370775, 41.0960408673621], [-123.665894607262, 41.0960668530301], [-123.665870757902, 41.0961028508307], [-123.665836352116, 41.0960922391569], [-123.665795366334, 41.0961126548351], [-123.665760133354, 41.0961276720899], [-123.665728709953, 41.0961561694212], [-123.665722708039, 41.0961846630903], [-123.665730731829, 41.0962138377965], [-123.665730951913, 41.0962420045564], [-123.665695790435, 41.0962584509486], [-123.66566728042, 41.0962763010833], [-123.665633837917, 41.0962954156051], [-123.6656283494, 41.0963255835932], [-123.665616564723, 41.0963556933701], [-123.665588698379, 41.0963824621954], [-123.665575342446, 41.0964122756732], [-123.665583749545, 41.0964403807258], [-123.665612459649, 41.096458266913], [-123.66563873761, 41.0964863542964], [-123.665663272608, 41.0965229634069], [-123.665696212839, 41.0965395982434], [-123.665724967362, 41.0965684811173], [-123.665768542346, 41.0965756780535], [-123.665781013892, 41.0965755050984], [-123.665798246649, 41.0965752658945], [-123.665812236208, 41.0965750715528], [-123.665849545598, 41.0965898362576], [-123.665881188755, 41.0966017142032], [-123.665883225547, 41.0966024789219], [-123.665895619247, 41.0966055627978], [-123.665910565231, 41.0966092822993], [-123.665921386745, 41.0966119753036], [-123.665945060146, 41.0966368257799], [-123.665969826429, 41.0966569344265], [-123.665997405207, 41.096685401552], [-123.666031777965, 41.0966997832167], [-123.666069185765, 41.0967028242644], [-123.666083379626, 41.096707763271], [-123.666105110173, 41.0967153250738], [-123.666127048702, 41.096728621967], [-123.666138794935, 41.0967357406418], [-123.666140594062, 41.0967519932905], [-123.666142453413, 41.0967687851705], [-123.666136092951, 41.0967994932967], [-123.666137017947, 41.0968193893319], [-123.666137378577, 41.0968271512455], [-123.666137570394, 41.0968312866119], [-123.666137648027, 41.0968329598501], [-123.6661393368, 41.0968610370426], [-123.66611170052, 41.0968792254391], [-123.666129370704, 41.0969094289079], [-123.666108576837, 41.0969166798611], [-123.666101989081, 41.0969185267539], [-123.666099917053, 41.0969191080386], [-123.666089106261, 41.0969227863504], [-123.666087825993, 41.096931962098], [-123.666109077124, 41.0969355550423], [-123.666125301755, 41.0969382987629], [-123.666127335945, 41.0969385689528], [-123.666167424872, 41.0969439041196], [-123.66619193123, 41.096960543436], [-123.666192587078, 41.0969609882425], [-123.666194482697, 41.0969622753353], [-123.666193736932, 41.0969635380654], [-123.666193405614, 41.0969640993782], [-123.666177176701, 41.0969915757427], [-123.666182602191, 41.0970106998927], [-123.666184867961, 41.0970186868002], [-123.666186297244, 41.0970186037697], [-123.666199402393, 41.0970178442878], [-123.666193640967, 41.0970348883148], [-123.666188167578, 41.0970383664241], [-123.66617584992, 41.0970421111079], [-123.666143838978, 41.0970518446709], [-123.666127020862, 41.0970809981216], [-123.666092726966, 41.0970927149195], [-123.666053557055, 41.0970908983454], [-123.666004359543, 41.0970745746809], [-123.665957721235, 41.0970832649412], [-123.66592173886, 41.0970777753511], [-123.665874928009, 41.0970723294143], [-123.665843817134, 41.09709372666], [-123.665807334849, 41.0970896730966], [-123.665787587197, 41.0970988906989], [-123.665772707458, 41.0971115302345], [-123.665743306609, 41.0971422561692], [-123.665779543941, 41.0971515304054], [-123.665794480679, 41.0971774357866], [-123.665807077424, 41.0971897679161], [-123.665810317421, 41.0971929407288], [-123.665817701808, 41.0972001702174], [-123.66580928015, 41.0972275996112], [-123.665835249849, 41.0972497668653], [-123.66583318657, 41.0972808131619], [-123.665817678812, 41.0973159313004], [-123.665803045931, 41.097343587556], [-123.665778519749, 41.0973654385695], [-123.665779531661, 41.0973935980457], [-123.665779612622, 41.0974224889463], [-123.665755602015, 41.0974478780214], [-123.665729268863, 41.0974679108406], [-123.665722750537, 41.0974725128586], [-123.665701667973, 41.0974873996887], [-123.665668624911, 41.0975041491107], [-123.665646405281, 41.0975324977541], [-123.665626686442, 41.0975580313575], [-123.665614613006, 41.0975858628709], [-123.665618044449, 41.097615193823], [-123.665639024262, 41.0976398986752], [-123.665610705409, 41.0976599951852], [-123.665603040152, 41.0976876994403], [-123.665582096683, 41.0977159028758], [-123.665602316654, 41.097747199676], [-123.665607701701, 41.0977747132372], [-123.665608092175, 41.0977767080557], [-123.66560498746, 41.097805929035], [-123.665604941733, 41.0978063535761], [-123.665596346758, 41.0978158048807], [-123.665583941836, 41.0978294425936], [-123.665580392401, 41.0978332482604], [-123.665557093064, 41.0978582242207], [-123.665544648584, 41.097888235103], [-123.665516771634, 41.0979108341621], [-123.665521281529, 41.0979398913484], [-123.665552794649, 41.0979424855835], [-123.665558353137, 41.0979429444109], [-123.665559285658, 41.0979437830739], [-123.665560241003, 41.0979446414228], [-123.665561437901, 41.0979457181715], [-123.665580935531, 41.0979632540184], [-123.665583360571, 41.0979654352597], [-123.665583441023, 41.0979682146645], [-123.665584015019, 41.0979881532641], [-123.665584170888, 41.0979935670738], [-123.665592048634, 41.097997523821], [-123.665616727943, 41.0980099203889], [-123.665641658095, 41.0980318288535], [-123.665664401202, 41.0980555488462], [-123.665659182136, 41.098073849029], [-123.665656105645, 41.0980846340681], [-123.665662796899, 41.0980887796268], [-123.665686429584, 41.0981034207149], [-123.665687253521, 41.0981169747992], [-123.665688178753, 41.0981321875721], [-123.665670218835, 41.0981411182785], [-123.665652854892, 41.0981497527789], [-123.665635918882, 41.0981745902001], [-123.66563907113, 41.0982039804127], [-123.665642877306, 41.0982156958499], [-123.665648680565, 41.0982335558175], [-123.665649183445, 41.0982340636659], [-123.665657760059, 41.0982427221509], [-123.665667881386, 41.0982529382023], [-123.665672368793, 41.0982574676227], [-123.665658748399, 41.0982750371514], [-123.66564868502, 41.09828801727], [-123.665654149871, 41.0982960649744], [-123.665667631285, 41.0983159172901], [-123.665669683004, 41.0983442211888], [-123.665679610342, 41.0983563336432], [-123.665671039349, 41.0983586126432], [-123.665668736405, 41.0983589727566], [-123.665635206374, 41.0983642136554], [-123.665664144155, 41.0983818021437], [-123.665657236671, 41.0984108514197], [-123.665682620727, 41.0984354767669], [-123.665698838661, 41.0984484906074], [-123.665701158082, 41.0984503517713], [-123.665700969344, 41.0984515905612], [-123.665706685588, 41.0984565830978], [-123.665717034414, 41.0984656213849], [-123.665720967894, 41.0984913570376], [-123.665718869979, 41.0984962199681], [-123.665711463838, 41.0985133851694], [-123.665709132032, 41.0985187890303], [-123.665683324696, 41.0985392854125], [-123.665687778801, 41.098553723826], [-123.6656919498, 41.098567248662], [-123.665688702475, 41.0985916619925], [-123.665688101525, 41.0985961838781], [-123.665694666707, 41.0986279369844], [-123.665692766608, 41.098630573795], [-123.665676759051, 41.0986527899323], [-123.665658140654, 41.0986839120485], [-123.665663121105, 41.0987156887246], [-123.665678679048, 41.0987408158361], [-123.665701446868, 41.098764834741], [-123.665695697571, 41.0987990290015], [-123.665701036784, 41.0988094888705], [-123.665711330122, 41.0988296550616], [-123.66570615481, 41.0988581898821], [-123.665675122619, 41.0988753204335], [-123.665649709546, 41.0989039802821], [-123.665637179688, 41.0989310928878], [-123.66559402529, 41.0989416473469], [-123.66555867672, 41.0989611746085], [-123.665520500157, 41.0989757673974], [-123.66551147719, 41.098976220372], [-123.665478771436, 41.0989778595695], [-123.665460383668, 41.0989876070369], [-123.665446556123, 41.09899493744], [-123.665442193766, 41.0990263978553], [-123.665434681088, 41.0990563811368], [-123.665413343374, 41.0990909969062], [-123.665401474804, 41.0991196946778], [-123.665389675712, 41.0991472543364], [-123.665366445378, 41.0991690905668], [-123.665334482743, 41.099182190815], [-123.665291034347, 41.0991867610419], [-123.665267095128, 41.0992075050718], [-123.665234049698, 41.0992239976516], [-123.665196812346, 41.0992432996976], [-123.665162953769, 41.0992615841389], [-123.665131462445, 41.0992823402118], [-123.665106953458, 41.0993049260303], [-123.665085855797, 41.0993342058144], [-123.66508289156, 41.0993629800655], [-123.665092632847, 41.0993797814056], [-123.665100978007, 41.0993941730568], [-123.665121335046, 41.099404323761], [-123.665132471639, 41.0994098768601], [-123.665132648779, 41.0994099659175], [-123.665160891112, 41.09943070774], [-123.665176631486, 41.0994333165652], [-123.66520191083, 41.0994375097715], [-123.665203967688, 41.0994393112066], [-123.665209897989, 41.0994445061119], [-123.665225847097, 41.0994584782181], [-123.665222605744, 41.0994608444175], [-123.665192393209, 41.0994828911759], [-123.66518667823, 41.099512374926], [-123.665222313179, 41.0995308679932], [-123.665256717248, 41.0995479854285], [-123.665226501028, 41.0995648309977], [-123.665209944421, 41.0995967545556], [-123.665193210833, 41.09960169657], [-123.665175238904, 41.0996070042497], [-123.665190957553, 41.0996329493226], [-123.665184906594, 41.0996442415545], [-123.665174091572, 41.0996644278644], [-123.665174278827, 41.0996652834441], [-123.665180235245, 41.0996924216873], [-123.665184410206, 41.0997203872405], [-123.665177756916, 41.0997544821964], [-123.665174284413, 41.0997831575917], [-123.665151952485, 41.0998070811486], [-123.665153457542, 41.0998401156037], [-123.665143389906, 41.0998695857437], [-123.665143885837, 41.0998976139733], [-123.66512959635, 41.0999264590078], [-123.665099648432, 41.0999446595988], [-123.665081072783, 41.0999724087743], [-123.665059769328, 41.1000014960667], [-123.665023802116, 41.1000174937957], [-123.664998293086, 41.1000471007909], [-123.664996179853, 41.1000753656766], [-123.664994383763, 41.1001052033299], [-123.665002646031, 41.1001278981376], [-123.665005427481, 41.1001355388828], [-123.665030595861, 41.1001596359401], [-123.665032398327, 41.1001872152356], [-123.665038426358, 41.1002227521285], [-123.665044249813, 41.1002554797061], [-123.665030886742, 41.1002861020623], [-123.665004168773, 41.1003083754174], [-123.664995350125, 41.1003416171889], [-123.664992157757, 41.1003736374307], [-123.664993568611, 41.1004041862209], [-123.664986770371, 41.1004332537338], [-123.66498308185, 41.1004643724354], [-123.664966098054, 41.1004891595807], [-123.664947662237, 41.1005185140516], [-123.664929405577, 41.100548985378], [-123.664929034816, 41.1005772816409], [-123.664923466562, 41.1006078734106], [-123.66491918345, 41.1006125120256], [-123.664902186478, 41.1006309215742], [-123.664875720384, 41.1006511477285], [-123.664864801167, 41.1006594926931], [-123.66483083468, 41.1006736519934], [-123.664802245756, 41.1006946344408], [-123.664789221744, 41.100723354123], [-123.664819617437, 41.1007431368583], [-123.664820738836, 41.1007482955738], [-123.664826278362, 41.1007737751609], [-123.664821794, 41.1007733380257], [-123.664785944158, 41.1007698452972], [-123.664764546295, 41.1007951587252], [-123.664725539944, 41.100793952404], [-123.66472807954, 41.1008308723459], [-123.664753439328, 41.1008519686929], [-123.664738516658, 41.1008806488785], [-123.66471449366, 41.1009029642672], [-123.664693503937, 41.1009072290405], [-123.664679121781, 41.100910151333], [-123.664693266444, 41.1009374144101], [-123.664659114656, 41.1009510477606], [-123.664662249712, 41.1009699023313], [-123.664662881024, 41.1009736982629], [-123.664663864814, 41.1009796189493], [-123.664602280222, 41.101005260557], [-123.664584047578, 41.1010279839092], [-123.664578388329, 41.1010350382869], [-123.66457498671, 41.101071013331], [-123.664587309755, 41.101098078843], [-123.664609489272, 41.1011174460134], [-123.664613930953, 41.1011213253589], [-123.664646143884, 41.1011401500143], [-123.664681335106, 41.1011529464421], [-123.66468824095, 41.1011544920095], [-123.664720914224, 41.1011618053704], [-123.664716818094, 41.1011708207856], [-123.664705215929, 41.101196361438], [-123.66469489408, 41.1012070360109], [-123.664679100176, 41.101223371249], [-123.664668838792, 41.1012575248161], [-123.664659841446, 41.1012831107902], [-123.6646568188, 41.101291707444], [-123.664635625376, 41.1013166494382], [-123.664615478489, 41.1013399171103], [-123.664604661937, 41.1013673196773], [-123.664594453777, 41.1013937647868], [-123.664621216384, 41.1014169690472], [-123.664663098816, 41.1014257147192], [-123.664698312632, 41.1014493584406], [-123.664709459696, 41.1014771783858], [-123.66470750939, 41.1015057918299], [-123.664717364715, 41.1015296286836], [-123.66471966927, 41.1015352039492], [-123.664688081891, 41.1015620264342], [-123.664683774672, 41.1015949908253], [-123.664710756877, 41.1016133889315], [-123.664750593681, 41.1016363195552], [-123.664784553432, 41.1016501382562], [-123.664800830132, 41.1016764756037], [-123.664801496516, 41.1017068935652], [-123.664805871356, 41.1017344886413], [-123.664800272591, 41.1017617151878], [-123.664789767493, 41.1017924867653], [-123.664800343218, 41.1018205604187], [-123.664827590178, 41.1018441798053], [-123.664852539981, 41.1018742936946], [-123.664853541429, 41.1019054600873], [-123.664890457779, 41.1019123831889], [-123.664903514838, 41.1019406442918], [-123.664945310892, 41.1019496443837], [-123.664987075679, 41.1019586131129], [-123.665026030967, 41.1019614176573], [-123.665031635177, 41.1019886867445], [-123.665038690642, 41.1020168590635], [-123.665008114339, 41.1020383817989], [-123.664986963736, 41.1020632110076], [-123.664977605454, 41.1020919726031], [-123.664971583357, 41.1021242145493], [-123.664963872325, 41.1021513524034], [-123.664982562003, 41.10217510041], [-123.665000853368, 41.1022052842232], [-123.665013912614, 41.1022361125781], [-123.665015982576, 41.1022673007247], [-123.664988337057, 41.1022974587177], [-123.664996032931, 41.1023267821667], [-123.665010221057, 41.1023521712835], [-123.665035484112, 41.1023722285973], [-123.665034513109, 41.1024068906635], [-123.665017167854, 41.1024368567903], [-123.6649950926, 41.1024618814048], [-123.664980095585, 41.102488882953], [-123.664973013649, 41.1025186529145], [-123.66495987527, 41.1025456248158], [-123.664954631864, 41.1025747878356], [-123.664960205635, 41.1026029326761], [-123.664963004674, 41.1026329671937], [-123.664933286152, 41.1026530202568], [-123.664906653602, 41.1026721709179], [-123.664880656905, 41.1026952120598], [-123.664870810624, 41.1027253114448], [-123.664846991011, 41.1027471905954], [-123.664847298601, 41.1027760360239], [-123.664839079471, 41.1028042892861], [-123.664832378065, 41.1028322428316], [-123.664854436625, 41.1028519493465], [-123.664865479826, 41.1028530278341], [-123.664871756893, 41.1028684889655], [-123.6648499425, 41.1028750006158], [-123.66482787183, 41.1028984929104], [-123.664791063991, 41.102894708451], [-123.664787131356, 41.1029021140949], [-123.664777352901, 41.1029205243056], [-123.664757018391, 41.1029480214322], [-123.664739916511, 41.1029749864486], [-123.664705449684, 41.1029926743244], [-123.664675612007, 41.1030093193825], [-123.664679314418, 41.1030404954111], [-123.664712991975, 41.1030610978757], [-123.664714183775, 41.1030911867098], [-123.664701553548, 41.1031182628428], [-123.664713909051, 41.1031501564287], [-123.664727607509, 41.103178587699], [-123.664731967361, 41.1032107120769], [-123.664751920641, 41.1032352716526], [-123.664735766317, 41.1032653939069], [-123.664753948367, 41.1032897961524], [-123.664761061666, 41.1033179141005], [-123.664781815785, 41.1033412259466], [-123.664785575982, 41.1033710396278], [-123.664795211907, 41.1033981242137], [-123.664822524675, 41.1034187570641], [-123.664814395643, 41.1034577239099], [-123.664812761444, 41.103492411414], [-123.664847752392, 41.1035052954157], [-123.664854116432, 41.1035340968833], [-123.66486388025, 41.1035635840573], [-123.664856797462, 41.1035918685933], [-123.66486525946, 41.1036265329668], [-123.664859206084, 41.1036549836149], [-123.664849170762, 41.1036876081241], [-123.66487256513, 41.1037109083195], [-123.664890224359, 41.1037380069485], [-123.664915864005, 41.1037583954053], [-123.664930374011, 41.1037840258835], [-123.66492554697, 41.1038138629933], [-123.664905130844, 41.1038387203704], [-123.664886373062, 41.1038642302613], [-123.664895083082, 41.1038964412238], [-123.664907881627, 41.1039318552535], [-123.66490484548, 41.1039594291274], [-123.664901958093, 41.1039869931345], [-123.664896295811, 41.1040159648902], [-123.664870874256, 41.1040428302026], [-123.664866343392, 41.104071927845], [-123.664842450515, 41.1040960368915], [-123.664819453117, 41.1041177779693], [-123.664803771699, 41.1041442690805], [-123.664781726767, 41.10416846744], [-123.664773690375, 41.104197028611], [-123.664752413569, 41.1042224097862], [-123.664742796046, 41.1042494766434], [-123.664724335965, 41.104274292975], [-123.66469254293, 41.1042913600806], [-123.66467476599, 41.1043179074023], [-123.664663064971, 41.104346100561], [-123.66468296716, 41.1043695767765], [-123.664651214207, 41.1043853095557], [-123.664647714204, 41.1044150813445], [-123.664625310786, 41.1044379926975], [-123.664614483105, 41.1044659934466], [-123.664597164811, 41.104491972408], [-123.664587300893, 41.1045207152583], [-123.66455077694, 41.1045242697003], [-123.66451122893, 41.1045216485777], [-123.664473905478, 41.1045254003776], [-123.664467784953, 41.1045528848309], [-123.664462117553, 41.1045741655685], [-123.664427182986, 41.1045848829686], [-123.664397433442, 41.1046024336473], [-123.664409016322, 41.1046297331329], [-123.664417432977, 41.1046619169937], [-123.664448399757, 41.1046768664316], [-123.664459983889, 41.1047080672658], [-123.664465416541, 41.1047384000744], [-123.664490666647, 41.1047759997364], [-123.664490183103, 41.1048123831026], [-123.664498500194, 41.1048547672798], [-123.664520883119, 41.1049072998045], [-123.664555649665, 41.1049310497238], [-123.664564383513, 41.1049581836639], [-123.664546216709, 41.1049838837582], [-123.66456571687, 41.1050200338518], [-123.664579016728, 41.1050484674293], [-123.664610033115, 41.1050642993194], [-123.6646224663, 41.105090517421], [-123.664592432688, 41.1051061330694], [-123.664575466066, 41.105135116864], [-123.66457944927, 41.1051669668641], [-123.664597121712, 41.105173496607], [-123.664610219498, 41.1051933413251], [-123.664599315425, 41.1052096438317], [-123.664578616354, 41.1052125160729], [-123.664537317168, 41.1052164998119], [-123.664480983436, 41.1051681167134], [-123.66440214241, 41.1051594192743], [-123.66435986447, 41.105167672977], [-123.664316572078, 41.105156214921], [-123.664283167188, 41.105155791381], [-123.664250676189, 41.105165221809], [-123.664237049918, 41.1051757667543], [-123.664244966427, 41.1052087831442], [-123.66429316627, 41.1052394666126], [-123.664379433283, 41.1054230844182], [-123.664436333587, 41.1054350332785], [-123.664530983746, 41.105452750192], [-123.664613683322, 41.1053647875561], [-123.66465322442, 41.1053678536769], [-123.66465498449, 41.1053935892624], [-123.664681651792, 41.1054157986566], [-123.664692116698, 41.1054181830514], [-123.664728116455, 41.1054260167884], [-123.664790082964, 41.1054524832486], [-123.664773383186, 41.1054918661572], [-123.664816883798, 41.1054941833313], [-123.664826733241, 41.1055225674258], [-123.664848132871, 41.1055505326562], [-123.664860434248, 41.1055835002769], [-123.664874583526, 41.1056101669523], [-123.664902432949, 41.10563125068], [-123.664935982314, 41.105645499571], [-123.664964416082, 41.1056673663086], [-123.664978983192, 41.105694716968], [-123.664963350205, 41.1057213168115], [-123.664953382936, 41.1057483163367], [-123.664951300457, 41.1057771674369], [-123.664957895069, 41.1057897216457], [-123.664943354687, 41.1059658334046], [-123.664747969014, 41.1061805907798], [-123.664581969204, 41.106147591016], [-123.664205969498, 41.1061875910358], [-123.663979968504, 41.1062035911535], [-123.663913903774, 41.1061951161154], [-123.663675969022, 41.106164590576], [-123.663543969569, 41.1060535914419], [-123.663483659999, 41.1059817334176], [-123.662980385786, 41.1059241319865], [-123.662931968501, 41.1059185914261], [-123.662856103759, 41.1058945811383], [-123.662835599595, 41.1058814537537], [-123.662817177071, 41.1058743542476], [-123.662726969053, 41.1058395906777], [-123.662312968458, 41.1058705906296], [-123.662175529824, 41.1059195634686], [-123.661956397246, 41.1059348391366], [-123.661658479717, 41.1059607152725], [-123.661338538317, 41.1059142234511], [-123.661145462906, 41.1058958625969], [-123.661109310264, 41.1059077975553], [-123.661088912207, 41.1059313389806], [-123.661087836355, 41.1059602689123], [-123.66109863407, 41.1059868156597], [-123.661119695206, 41.1060183398802], [-123.661147946213, 41.1060402617563], [-123.661176061413, 41.1060620591936], [-123.661203730343, 41.1060843627318], [-123.661237874589, 41.1061001523545], [-123.661281083729, 41.1061049650469], [-123.661317227089, 41.1061228411328], [-123.661328918431, 41.10615772683], [-123.661366725415, 41.1061627677737], [-123.661413809739, 41.1061829906606], [-123.661436613731, 41.1062048122184], [-123.661481610523, 41.1062213700001], [-123.661518620675, 41.1062195144472], [-123.661557122892, 41.1062376939946], [-123.661592853019, 41.1062630327838], [-123.661627391415, 41.1062805783866], [-123.661657862118, 41.1063030431822], [-123.661699836809, 41.1063189282217], [-123.661729788887, 41.1063458405191], [-123.661757809906, 41.1063717477989], [-123.661737610042, 41.1064003119548], [-123.661773322757, 41.1064176138582], [-123.661785192935, 41.1064221235368], [-123.661830309205, 41.1064261233567], [-123.661846780871, 41.1064372418816], [-123.661827671058, 41.1064524346361], [-123.661821972071, 41.1064627229699], [-123.661843431464, 41.1064861799134], [-123.661851978579, 41.1065142582627], [-123.661891789024, 41.1065344840033], [-123.661906690163, 41.1065672163049], [-123.661931447265, 41.1065932729084], [-123.661957467356, 41.1066181998544], [-123.661993456679, 41.1066317203468], [-123.662031732769, 41.1066458465368], [-123.662034496914, 41.1066795160311], [-123.662045567243, 41.1067058827608], [-123.662075959082, 41.1067276948175], [-123.662107404901, 41.1067575656621], [-123.662132041049, 41.1067853191208], [-123.662148838967, 41.1068132509405], [-123.662153984489, 41.106841170457], [-123.662176817534, 41.1068754389376], [-123.662206801614, 41.1069003943884], [-123.662222326129, 41.1069335086057], [-123.662237701511, 41.1069597199549], [-123.662260663057, 41.1069913600491], [-123.662294457113, 41.1070159620819], [-123.662315639642, 41.1070450171897], [-123.662352717078, 41.1070449544721], [-123.662407786509, 41.1070451495203], [-123.662440044059, 41.1070645122897], [-123.662464582386, 41.1070780047897], [-123.662472545076, 41.1070823837286], [-123.66250997623, 41.10710127714], [-123.662539035595, 41.1071214176455], [-123.662545635938, 41.1071506871813], [-123.662558125406, 41.1071789914237], [-123.662599725788, 41.107174387812], [-123.662633075316, 41.1071899347682], [-123.662666939709, 41.1072110844246], [-123.662688430558, 41.1072437751149], [-123.662719661702, 41.1072655092066], [-123.662756186994, 41.1072772058609], [-123.66279486922, 41.1072854769682], [-123.662796773102, 41.1073098281206], [-123.662797143497, 41.1073145659933], [-123.662816406929, 41.1073382146429], [-123.662845635056, 41.1073674188377], [-123.662863533597, 41.1073924805779], [-123.662892970127, 41.1074222708821], [-123.662916960588, 41.1074459220428], [-123.662958008098, 41.1074586834795], [-123.662994889085, 41.1074607349592], [-123.663039721067, 41.1074582988309], [-123.663050716147, 41.1074628071084], [-123.663050890743, 41.1074628781675], [-123.663137573122, 41.1074726249601], [-123.663119777002, 41.1074905460909], [-123.663105935302, 41.1075044845477], [-123.663055979745, 41.1075111812406], [-123.663084004402, 41.1075316662617], [-123.663123908921, 41.1075403094595], [-123.663165766374, 41.1075504655538], [-123.663191258424, 41.1075710029599], [-123.663230906412, 41.1075774649616], [-123.663254689615, 41.1076091433614], [-123.663291929873, 41.1076284240577], [-123.663338065896, 41.1076337812231], [-123.663373096279, 41.1076378493153], [-123.6633841383, 41.1076381415521], [-123.663415134547, 41.1076534171775], [-123.663445321829, 41.1076759975262], [-123.663481594097, 41.1076942307011], [-123.663519056168, 41.107693535734], [-123.663562573751, 41.1076921933352], [-123.663603971759, 41.1076897028995], [-123.663644021351, 41.1076858879347], [-123.663686886078, 41.1076907944873], [-123.663720975053, 41.1077002438637], [-123.663760247029, 41.1077086184432], [-123.663806782235, 41.1077044084396], [-123.663852120051, 41.1077002710749], [-123.663857109827, 41.1077280202552], [-123.663872671844, 41.1077569516187], [-123.66388905943, 41.1077850765119], [-123.663922756924, 41.1078004643479], [-123.663958713349, 41.10782007291], [-123.664002026706, 41.1078251686298], [-123.664046439142, 41.1078148777608], [-123.664082254789, 41.1078198004729], [-123.664094624129, 41.1078534794017], [-123.664097341468, 41.1078822748854], [-123.664137660932, 41.1078967236892], [-123.664150640543, 41.1079056271287], [-123.664170457142, 41.1079192194456], [-123.664211898016, 41.1079298342649], [-123.664249274617, 41.1079387267537], [-123.664290040728, 41.1079538809566], [-123.664297595132, 41.1079872092891], [-123.664327568252, 41.108006220774], [-123.664363939513, 41.1080160369362], [-123.664400630117, 41.1080268132983], [-123.664438160046, 41.1080379117981], [-123.664475502556, 41.1080435318082], [-123.664513056525, 41.108059847571], [-123.664535194253, 41.1080829875142], [-123.664572088988, 41.1080906152534], [-123.664608038748, 41.1080966540183], [-123.664618490521, 41.1080993474676], [-123.664652366553, 41.1081080780573], [-123.664696143536, 41.1081124745234], [-123.664742062304, 41.1081247045718], [-123.664778488884, 41.1081441254998], [-123.664811005727, 41.1081649850322], [-123.664825588576, 41.1081924292907], [-123.664846458173, 41.1082161701173], [-123.664877151902, 41.1082365789423], [-123.66489470339, 41.1082633818063], [-123.664924584528, 41.1082816279865], [-123.664952150284, 41.1083012774545], [-123.66498072759, 41.1083278121869], [-123.665013980514, 41.1083461830099], [-123.665027773171, 41.1083760369351], [-123.665055052379, 41.108404106896], [-123.665064449807, 41.1084252916794], [-123.665067530685, 41.1084322361674], [-123.66508258329, 41.1084664417768], [-123.665098624106, 41.1084951864429], [-123.665125173876, 41.1085198889083], [-123.66515128029, 41.1085468008835], [-123.665190334764, 41.1085657723227], [-123.665207498139, 41.1085952824761], [-123.665241823663, 41.1086194860156], [-123.665277248893, 41.1086450271862], [-123.665295961732, 41.1086708729381], [-123.665317397742, 41.1087022014357], [-123.66532347968, 41.1087309459274], [-123.665342358785, 41.1087582743264], [-123.665345389338, 41.1088008132515], [-123.665437050139, 41.1088875072974], [-123.665466390855, 41.1089986873362], [-123.665444717303, 41.1091155965454], [-123.665467680475, 41.1091395026199], [-123.665495378516, 41.1091642983526], [-123.665517958981, 41.1091862744146], [-123.665528819979, 41.1092254621682], [-123.665555621653, 41.1092462869394], [-123.665583684892, 41.1092733901879], [-123.665614961982, 41.1092913461701], [-123.665645095711, 41.1093123660597], [-123.665678415043, 41.1093411351204], [-123.66571726598, 41.1093520391013], [-123.665756212663, 41.1093602761523], [-123.665775440754, 41.1093523190852], [-123.665790479741, 41.1093460950379], [-123.665829468861, 41.1093278807728], [-123.665862948728, 41.1093487182225], [-123.665890630617, 41.109370359356], [-123.665924482443, 41.1093841566995], [-123.665944646916, 41.1094073438023], [-123.665950804595, 41.1094374210007], [-123.665959274879, 41.1094491968211], [-123.665968328604, 41.1094617826893], [-123.666005649345, 41.1094854273028], [-123.666028593454, 41.1095075317767], [-123.666060096527, 41.1095269663423], [-123.666100359597, 41.1095369891558], [-123.666141233265, 41.1095489757686], [-123.666176482861, 41.1095590599716], [-123.666203302527, 41.1095797457632], [-123.666222931085, 41.1096104611851], [-123.666259847809, 41.1096168613653], [-123.666298805478, 41.109627223152], [-123.666319071849, 41.1096193554744], [-123.666332935498, 41.1096139731942], [-123.666339881805, 41.1096216672745], [-123.666356111129, 41.1096396425239], [-123.666387304002, 41.1096557098075], [-123.66642089683, 41.1096696634392], [-123.666455906119, 41.1096901288462], [-123.666473667754, 41.1097141729016], [-123.666490890813, 41.1097388983709], [-123.666532979272, 41.1097457982143], [-123.666559042297, 41.109768550227], [-123.666587772959, 41.1097935162753], [-123.666633605887, 41.109812769585], [-123.666672455281, 41.1098271278127], [-123.666703573249, 41.1098476652047], [-123.666719405106, 41.1098740165236], [-123.666747235946, 41.1099044447751], [-123.666791480399, 41.109906531692], [-123.666826154742, 41.1099158812705], [-123.666865630509, 41.1099210386562], [-123.666901455447, 41.1099294528289], [-123.666902437988, 41.1099296840515], [-123.666940175296, 41.1099385294343], [-123.666973406368, 41.1099509581448], [-123.66700461093, 41.1099693276327], [-123.667049219579, 41.1099695017487], [-123.667085760742, 41.1099783062669], [-123.667122836019, 41.1099904577497], [-123.667142940571, 41.1100136657045], [-123.667179135626, 41.1100096898689], [-123.667211036635, 41.1100256690526], [-123.667243610648, 41.1100407138051], [-123.667275280486, 41.1100565609916], [-123.667304854296, 41.1100759505383], [-123.667328947999, 41.1101026052299], [-123.667371174586, 41.1101146457226], [-123.66738850091, 41.1101318830216], [-123.66740173056, 41.1101450436156], [-123.667424007648, 41.1101690730745], [-123.667433840977, 41.1101973300008], [-123.667445190535, 41.1102264158846], [-123.667449173765, 41.1102600970772], [-123.667447444883, 41.1102989522172], [-123.667457720157, 41.1103329761935], [-123.66747087606, 41.1103607229317], [-123.667478706, 41.1103928459755], [-123.667502226032, 41.1104178753094], [-123.667516988737, 41.1104520975792], [-123.667543563599, 41.1104718188168], [-123.667582343048, 41.1104762746652], [-123.667611258009, 41.1104957328064], [-123.667630518613, 41.1105228361116], [-123.667642654803, 41.1105518453518], [-123.667652814885, 41.1105843602385], [-123.66768015198, 41.1106148857047], [-123.667702042886, 41.1106475596036], [-123.667722688351, 41.1106812081735], [-123.667755987331, 41.1106994644265], [-123.667791753084, 41.1107129159268], [-123.667818148303, 41.1107354594412], [-123.667834127091, 41.1107674298298], [-123.667862235166, 41.1107950394027], [-123.667880050864, 41.1108204593413], [-123.667928279574, 41.1108383740687], [-123.667956834805, 41.1108596826448], [-123.667968964411, 41.1108871992641], [-123.667981060171, 41.110914900742], [-123.668010837927, 41.1109403693085], [-123.668011228609, 41.11097444694], [-123.66801444319, 41.1110074641726], [-123.668026452364, 41.1110337870251], [-123.668011842768, 41.111060064243], [-123.667994051934, 41.1110905729369], [-123.667982787747, 41.1111208284962], [-123.668000528486, 41.1111460074352], [-123.668011194217, 41.111172449777], [-123.668016077363, 41.1112089839584], [-123.668027575812, 41.1112446078093], [-123.668020664922, 41.111276281208], [-123.668037476839, 41.1113041751269], [-123.668058228264, 41.1113333172257], [-123.66807758345, 41.1113690027072], [-123.668100128637, 41.1113947401892], [-123.66813308704, 41.1114154232536], [-123.668154342183, 41.1114443137929], [-123.668177704093, 41.1114745946522], [-123.668189278275, 41.1115029909428], [-123.668228144076, 41.1115181304369], [-123.668253641747, 41.1115519516402], [-123.66825455436, 41.1115815780989], [-123.66827325284, 41.1116103897617], [-123.668308172494, 41.1116368904628], [-123.66834509258, 41.1116459563128], [-123.668380600938, 41.1116524036138], [-123.668418852212, 41.1116668304735], [-123.668435817212, 41.111703214366], [-123.66846322543, 41.1117358552009], [-123.668496155732, 41.1117577318801], [-123.668538932269, 41.1117544704952], [-123.668576984326, 41.1117652177973], [-123.668589106214, 41.1117975662716], [-123.668622768392, 41.1118177316548], [-123.668650719943, 41.1118380544814], [-123.66866340826, 41.1118663568786], [-123.668703737671, 41.1118895453541], [-123.668741843496, 41.1119044071345], [-123.66877724287, 41.1119171154913], [-123.668813710646, 41.1119259532115], [-123.668815987665, 41.111925810278], [-123.668864856043, 41.1119227395078], [-123.668908465734, 41.1119338453805], [-123.668948517643, 41.111936019764], [-123.668988688784, 41.1119446593693], [-123.669028095216, 41.1119319400762], [-123.669066685799, 41.1119388151614], [-123.669258644101, 41.1119250854517], [-123.669275031691, 41.1119239128998], [-123.669303931655, 41.1119218461287], [-123.6693260702, 41.1119202627253], [-123.66932607224, 41.1119204635914], [-123.669331223384, 41.111920099469], [-123.669333407251, 41.1119321277479], [-123.66933357381, 41.1119330473958], [-123.669334728441, 41.1119343873807], [-123.669344033001, 41.1119451870384], [-123.669348599712, 41.1119504878259], [-123.6693555673, 41.111958576146], [-123.669378061832, 41.1119745670343], [-123.669398177842, 41.1119827005654], [-123.66942625092, 41.1119852920903], [-123.66946126589, 41.1119814818353], [-123.669490179447, 41.1119733651794], [-123.669528902338, 41.111959375959], [-123.669566349495, 41.1119419765124], [-123.669615065338, 41.1119015078812], [-123.669662961496, 41.1118576218621], [-123.669688158733, 41.1118338988135], [-123.66971820796, 41.1118085054], [-123.669753470468, 41.1117845292545], [-123.669794250393, 41.111762949573], [-123.669832587625, 41.1117501740658], [-123.669879253215, 41.1117289051404], [-123.669892226342, 41.1117227250003], [-123.669931048523, 41.1117042319781], [-123.669979809946, 41.1116850388746], [-123.670030139187, 41.1116608516163], [-123.670083616301, 41.1116386548069], [-123.67013902623, 41.1116164377221], [-123.670144496996, 41.1116142439851], [-123.670208566861, 41.1115849935079], [-123.670273543179, 41.1115580978122], [-123.670336729677, 41.1115319403385], [-123.670401907367, 41.1115106832951], [-123.67046377221, 41.1114917155049], [-123.670528117344, 41.1114730395174], [-123.670594461565, 41.1114612078317], [-123.670653446969, 41.1114513097199], [-123.670715638779, 41.1114475120322], [-123.670774606984, 41.1114471606158], [-123.670830594436, 41.1114583162038], [-123.67088256899, 41.1114662819859], [-123.670933799563, 41.1114792010613], [-123.670980197406, 41.1114886576674], [-123.671028713261, 41.1115015393638], [-123.671079465417, 41.111509460831], [-123.671137445147, 41.1115149602647], [-123.671195845256, 41.1115188159662], [-123.671248477481, 41.1115170887682], [-123.67130021905, 41.1115152685488], [-123.671342650055, 41.1115127251717], [-123.671361239811, 41.1115237191806], [-123.671364488388, 41.1115267026098], [-123.671387272889, 41.1115476241863], [-123.67139975801, 41.1115917625932], [-123.671403666612, 41.1116379021081], [-123.671395447737, 41.1116750097337], [-123.671380226344, 41.1116998046223], [-123.671355681207, 41.1117137010387], [-123.671324230141, 41.1117308454322], [-123.671284550706, 41.1117382226665], [-123.671215670169, 41.1117428784559], [-123.671157613816, 41.1117304604794], [-123.671064577533, 41.1117386024595], [-123.671053226612, 41.1117412637738], [-123.67100366657, 41.1117528826683], [-123.670943202283, 41.1117704445529], [-123.670890497394, 41.111793835325], [-123.670833559549, 41.1118203900012], [-123.670800350908, 41.1118402838121], [-123.670781328027, 41.1118516797666], [-123.670732120895, 41.1118867514665], [-123.67068141233, 41.1119228110531], [-123.670632110142, 41.1119560429332], [-123.670606669849, 41.1119989239708], [-123.670568561842, 41.112044877491], [-123.67052292881, 41.1120856870991], [-123.670495154444, 41.1121308417977], [-123.670464836593, 41.1121781659998], [-123.670438764908, 41.1122256186196], [-123.670415745367, 41.1122729066424], [-123.670391665217, 41.1123252930424], [-123.670383653685, 41.1123780462453], [-123.670361452456, 41.1124286273156], [-123.670338605174, 41.1124844313631], [-123.670314226638, 41.1125482452014], [-123.670302082297, 41.1126150739879], [-123.670284424962, 41.1126717585338], [-123.670256933601, 41.1127348238894], [-123.670232134039, 41.112793210148], [-123.67020832608, 41.1128517807007], [-123.670179709512, 41.1129188764457], [-123.67015376668, 41.1129769396443], [-123.670134102734, 41.1130360211488], [-123.670107846624, 41.1131020546154], [-123.670085272874, 41.1131658263739], [-123.670074687259, 41.1132214059096], [-123.670054108169, 41.1132689823272], [-123.670031838714, 41.1133212238943], [-123.670013979513, 41.1133803525301], [-123.669994907325, 41.1134422491618], [-123.669967319561, 41.1134971789967], [-123.669956939126, 41.1135633480042], [-123.669912201792, 41.113618943252], [-123.669863079987, 41.1136761746013], [-123.66981355773, 41.1137255388888], [-123.669763813685, 41.1137768780918], [-123.669725002637, 41.113817919756], [-123.669716766705, 41.1138266297029], [-123.669655068122, 41.1138727425608], [-123.669521460494, 41.1139574409965], [-123.669500001993, 41.1139717460548], [-123.669466389818, 41.1139941541462], [-123.669410970073, 41.1140310999019], [-123.66934463349, 41.1141124382091], [-123.669331167625, 41.1142331530629], [-123.669380534734, 41.1143408043158], [-123.66949304149, 41.114465548808], [-123.669594425554, 41.114528453223], [-123.669618630819, 41.1145350063654], [-123.669692465515, 41.1145480234018], [-123.669830069304, 41.1144874897569], [-123.669860447579, 41.1144095229554], [-123.66991171548, 41.1143865418713], [-123.669912158897, 41.1143863402167], [-123.669962323933, 41.1143636051351], [-123.670076781293, 41.114365913917], [-123.670188801337, 41.1143733406826], [-123.670278212849, 41.1144012109614], [-123.67041185448, 41.1144539101096], [-123.670504983849, 41.1145672559742], [-123.670593095964, 41.1146442522569], [-123.670686560667, 41.1147132515583], [-123.670719269678, 41.1147359864342], [-123.670682310923, 41.114799857351], [-123.670619544151, 41.1149383546195], [-123.670684971844, 41.1150611704147], [-123.670819385958, 41.1151723857905], [-123.670992001568, 41.1151564462546], [-123.671138943189, 41.1150435923992], [-123.671314396325, 41.1148223089782], [-123.671539024752, 41.114582071429], [-123.671798998618, 41.1144200246453], [-123.671936330753, 41.1143544429027], [-123.672064454886, 41.1143052668888], [-123.672256626616, 41.1142332718514], [-123.672428662036, 41.1141868974034], [-123.672689011106, 41.1140920738398], [-123.672902456573, 41.1140315017328], [-123.673090528497, 41.1139817032827], [-123.673274885029, 41.1139526427806], [-123.673489519529, 41.1139300753939], [-123.673657560172, 41.1139294289321], [-123.673893494485, 41.1139456380879], [-123.67407032701, 41.1139810174392], [-123.674262183478, 41.1140097066462], [-123.674416532701, 41.114047802336], [-123.674633707584, 41.1140894439085], [-123.67490041253, 41.1140589563298], [-123.674966434338, 41.114063729318], [-123.675328126141, 41.1141123336302], [-123.675500922856, 41.1141560361887], [-123.675612938454, 41.1142015749503], [-123.675721458573, 41.1141616457227], [-123.675924991577, 41.1141010676071], [-123.676073200472, 41.1140550869373], [-123.676338811758, 41.1139879841294], [-123.676555193665, 41.11396087787], [-123.676731245692, 41.1139246389134], [-123.676897144508, 41.113915856197], [-123.677114425189, 41.1138644058608], [-123.677280226742, 41.1138444415656], [-123.677397801667, 41.1138313391265], [-123.67751366649, 41.113828811177], [-123.677666601042, 41.1138267253541], [-123.677815242424, 41.1138340851265], [-123.67794462503, 41.1138399158832], [-123.677957318117, 41.1138373450802], [-123.678042477549, 41.1135098373171], [-123.678102731294, 41.1133564470978], [-123.678152673593, 41.1132481853424], [-123.678237098213, 41.1129783643044], [-123.678362870781, 41.1127092203552], [-123.678430343344, 41.1125627803331], [-123.678626885488, 41.1123082148977], [-123.678764581178, 41.1121275333535], [-123.678794863872, 41.1120720585688], [-123.678819740876, 41.111783991817], [-123.678833995535, 41.1117418144486], [-123.678845423257, 41.1117121838322], [-123.678871356585, 41.1116832406259], [-123.678899424895, 41.1116569052535], [-123.678938917702, 41.1116400564106], [-123.678966173332, 41.1116132249675], [-123.678990202267, 41.1115892689642], [-123.679025372504, 41.1115676587273], [-123.679059699703, 41.1115449157409], [-123.679046215634, 41.1115140212848], [-123.679050348803, 41.1114860748946], [-123.679067695964, 41.111458768555], [-123.679087108154, 41.1114301700071], [-123.679124392802, 41.1114077933087], [-123.679156510637, 41.1113858713321], [-123.679187228565, 41.1113585924476], [-123.679218611807, 41.1113416706089], [-123.679252241755, 41.1113238662457], [-123.679287927224, 41.1113011908497], [-123.679314334247, 41.1112738670862], [-123.679328501059, 41.1112529030597], [-123.679364046589, 41.1112618338576], [-123.679460806505, 41.1112682282167], [-123.679556258201, 41.1112588671498], [-123.679633285706, 41.1112618556328], [-123.679669401501, 41.1112667167711], [-123.679741021533, 41.1112922029801], [-123.679770713406, 41.111318934624], [-123.679789166349, 41.1113526750239], [-123.679796394574, 41.1113903001345], [-123.679791792739, 41.1114292426529], [-123.679785307043, 41.1114670657851], [-123.679780858448, 41.1115029681067], [-123.679766691293, 41.1115382080328]]], [[[-123.64896164769, 41.0951037446835], [-123.648912694859, 41.0951048085967], [-123.648875718661, 41.095086043267], [-123.648804030893, 41.0950922985703], [-123.648800257546, 41.0950940043161], [-123.648771583257, 41.0950581769725], [-123.648801012068, 41.0949887973085], [-123.648790448371, 41.0949501259478], [-123.648844024409, 41.0949142993591], [-123.648876474176, 41.0948995128295], [-123.648975327403, 41.0949575198612], [-123.649004756159, 41.095047372054], [-123.64899117415, 41.0951031027515], [-123.64896164769, 41.0951037446835]]], [[[-123.648100543012, 41.0951173617633], [-123.647985088197, 41.0950661799367], [-123.647948866522, 41.0950206850978], [-123.647929246424, 41.0950229600572], [-123.647894534778, 41.095016135308], [-123.647885479431, 41.0949547155581], [-123.648040929126, 41.0949456179352], [-123.648122426723, 41.0950667487645], [-123.648206188519, 41.0950718670341], [-123.648203901698, 41.0950908237467], [-123.648196333624, 41.0951170165793], [-123.648172985575, 41.0951952726053], [-123.648113371098, 41.0951969780738], [-123.648100543012, 41.0951173617633]]], [[[-123.648542916002, 41.0951550564283], [-123.648603283967, 41.0951442511074], [-123.648653843092, 41.0952136308361], [-123.648646764671, 41.0952461274491], [-123.648646297576, 41.095247184016], [-123.648644311526, 41.0952503425957], [-123.648639505878, 41.0952579886253], [-123.648532351831, 41.0951999829917], [-123.648525560039, 41.0951846283315], [-123.648542916002, 41.0951550564283]]], [[[-123.6422793602, 41.0957099541841], [-123.642203432977, 41.0955496645723], [-123.642270923442, 41.095499047992], [-123.642591500858, 41.0955581024485], [-123.642675863684, 41.0956340279608], [-123.642718044838, 41.0957774443317], [-123.642608373411, 41.0958702431397], [-123.642456521054, 41.0958618072084], [-123.6422793602, 41.0957099541841]]], [[[-123.62658605719, 41.0975723550311], [-123.626583454171, 41.0975709810523], [-123.626585784046, 41.0975681722948], [-123.626589201699, 41.0975698111829], [-123.626587890669, 41.0975733224295], [-123.626586403056, 41.0975725369137], [-123.62658605719, 41.0975723550311]]], [[[-123.683300187269, 41.1171514182673], [-123.683174243612, 41.1171155991353], [-123.683204774572, 41.1170151711067], [-123.683320115327, 41.1170269459705], [-123.683384965604, 41.117103319107], [-123.683300187269, 41.1171514182673]]], [[[-123.624039427507, 41.1455158727059], [-123.624018635056, 41.1455418426323], [-123.623979384937, 41.1455386376386], [-123.623938208561, 41.1455397749828], [-123.623899188325, 41.1455340437914], [-123.623885838324, 41.1455217337836], [-123.623874699098, 41.1455114620076], [-123.623875935088, 41.1455062072885], [-123.623878059948, 41.1454971698257], [-123.623880932805, 41.1454849512117], [-123.623883543364, 41.1454738501018], [-123.623899760473, 41.145437631426], [-123.623925588675, 41.1454155391867], [-123.623951447352, 41.1454131318255], [-123.62396721092, 41.1454116646217], [-123.623968889672, 41.145411508699], [-123.624013106522, 41.1454061661817], [-123.624049500413, 41.1454153039526], [-123.624080725871, 41.145432962398], [-123.62408106656, 41.1454463976946], [-123.624081511542, 41.1454639202288], [-123.624083727273, 41.145470251615], [-123.624084855346, 41.1454734748494], [-123.624085417557, 41.145475082423], [-123.624082945753, 41.1454761803704], [-123.624059956675, 41.1454863929075], [-123.624041444936, 41.1455129774348], [-123.624039427507, 41.1455158727059]]], [[[-123.624057414683, 41.1456682454318], [-123.6240701473, 41.1456647011892], [-123.624085161685, 41.1456659061795], [-123.624090135876, 41.1456675628141], [-123.624118425802, 41.1456769876823], [-123.624151942589, 41.1457093103268], [-123.624106961264, 41.1457117168482], [-123.624066557446, 41.1457210733998], [-123.624035706645, 41.1457093869868], [-123.624027771505, 41.1457063816874], [-123.624029642501, 41.1456759733627], [-123.624057414683, 41.1456682454318]]]]}, "properties": {"poly_IncidentName": "MP18", "poly_GISAcres": 7601.046827559204, "poly_DateCurrent": 1787447730000}}, {"type": "Feature", "geometry": {"type": "Polygon", "coordinates": [[[-121.1481560143, 39.3497632994492], [-121.148315698275, 39.3497546526492], [-121.148422569636, 39.3497488655024], [-121.14885799977, 39.3496110002648], [-121.148984437563, 39.3495969520796], [-121.149389000137, 39.3495520002464], [-121.149613000251, 39.3495609997094], [-121.150132000491, 39.3495779996816], [-121.150539000078, 39.3496170000978], [-121.150863000316, 39.3497550002219], [-121.151115000134, 39.3497530001695], [-121.151620000175, 39.3497699995858], [-121.151759999791, 39.3497790001781], [-121.151913999688, 39.3497889999935], [-121.15233400035, 39.3497849997254], [-121.152613999834, 39.34974999996], [-121.153089000579, 39.3496689998674], [-121.153326000236, 39.3496239997334], [-121.153620000586, 39.349610000358], [-121.153690000515, 39.3496090000993], [-121.154163000202, 39.3493550000193], [-121.154330000091, 39.3493210002044], [-121.154528000206, 39.3494059995924], [-121.154670999963, 39.349610999657], [-121.154757999453, 39.3497729997911], [-121.154873000089, 39.3499669996043], [-121.155058000096, 39.3501609999159], [-121.155202000514, 39.3504309995798], [-121.155250000385, 39.3508209997491], [-121.155254000262, 39.351071000364], [-121.15513200032, 39.3513319998949], [-121.155010999875, 39.3516160000461], [-121.154984999639, 39.3517350003635], [-121.154987999982, 39.3519739999517], [-121.154963000356, 39.3521260000529], [-121.155048999792, 39.3522560002433], [-121.155038000187, 39.3524300000436], [-121.155053999429, 39.3525810002792], [-121.15497899985, 39.3526870003661], [-121.15499999984, 39.3527450002271], [-121.155170000024, 39.3528519999105], [-121.155243999556, 39.3530899998718], [-121.155121999558, 39.3533730000671], [-121.154973000575, 39.3536679999639], [-121.154809000219, 39.3539409995525], [-121.154435000552, 39.354193999937], [-121.154420999669, 39.3542160002193], [-121.154282999679, 39.3543040001124], [-121.154113999583, 39.3542839998096], [-121.153887000153, 39.3541120000262], [-121.153896999659, 39.3538299997858], [-121.153893999435, 39.3536559997491], [-121.153610999534, 39.3534740003556], [-121.153456999871, 39.3534430001438], [-121.153219000232, 39.3534889998396], [-121.152997000332, 39.3535890003468], [-121.153070000167, 39.3538049998113], [-121.153268999605, 39.3539659997363], [-121.153316000409, 39.3542800003029], [-121.153301999981, 39.3543130002317], [-121.15314999988, 39.3544120000984], [-121.152982999834, 39.3545009998799], [-121.152858999748, 39.3546540000915], [-121.152761999424, 39.3547310000126], [-121.152720999669, 39.3548069997972], [-121.15265300026, 39.3548839999744], [-121.15255600023, 39.3549820003835], [-121.152502000531, 39.3551129999928], [-121.152478000514, 39.3553300000304], [-121.15244999994, 39.3553630003571], [-121.152255999855, 39.3555170003952], [-121.152132000292, 39.3556050001056], [-121.151924999988, 39.3558459999316], [-121.151731999805, 39.3560539996597], [-121.151596000415, 39.3562610000433], [-121.151512999741, 39.356381999579], [-121.15139000034, 39.3565449997329], [-121.151322999514, 39.3567420002897], [-121.151256000215, 39.356915999609], [-121.151216999838, 39.3571659996765], [-121.151149000565, 39.3572639997363], [-121.150954999638, 39.357375000226], [-121.150593000004, 39.357530000162], [-121.150551000044, 39.3575300000476], [-121.150229000433, 39.3575550001317], [-121.150162655489, 39.3575482471202], [-121.149835999454, 39.3575149999451], [-121.149652999769, 39.3574519996121], [-121.149480190703, 39.357414819333], [-121.149165985314, 39.3573472157366], [-121.148535399462, 39.3573949472335], [-121.147844092134, 39.3573554430058], [-121.147611640798, 39.3573283561229], [-121.147460403643, 39.3573009400444], [-121.147415533423, 39.3572703476103], [-121.147256782813, 39.357113587976], [-121.147197034978, 39.3570395713827], [-121.147195794561, 39.3569601439087], [-121.146920052498, 39.3569250995177], [-121.146566624571, 39.3567528087052], [-121.146146435254, 39.3564515297219], [-121.145951362342, 39.3563990041703], [-121.145532966603, 39.3562561660227], [-121.145030018028, 39.3561591563184], [-121.145069786202, 39.3561081255811], [-121.145466132689, 39.3555995254944], [-121.145680572322, 39.3551649060217], [-121.145610122255, 39.3547003039711], [-121.144982953728, 39.3536613776521], [-121.143715858541, 39.351990699582], [-121.143254279908, 39.3510437011045], [-121.143434525236, 39.3503446579509], [-121.143627879324, 39.3501697524732], [-121.143837630984, 39.3500509052112], [-121.144137935031, 39.3499411099189], [-121.145247779904, 39.3497301249006], [-121.145937262578, 39.3496768618989], [-121.147008187095, 39.3497370362686], [-121.147327671349, 39.3497507574866], [-121.147727603797, 39.3497864966175], [-121.1481560143, 39.3497632994492]]]}, "properties": {"poly_IncidentName": "CHUTE", "poly_GISAcres": 162.81649794305062, "poly_DateCurrent": 1784899536000}}, {"type": "Feature", "geometry": {"type": "MultiPolygon", "coordinates": [[[[-121.145734878314, 40.9706793485653], [-121.145498132678, 40.9705667075915], [-121.145491912506, 40.9705497770468], [-121.145447930565, 40.9705378860229], [-121.14541191575, 40.9705107931563], [-121.145381275064, 40.9705070852831], [-121.145159557954, 40.9703750271097], [-121.145158751838, 40.9703733982711], [-121.145135221058, 40.9703407668584], [-121.145097048961, 40.9703121187214], [-121.145104084264, 40.9702876135616], [-121.145135095393, 40.9702537299455], [-121.145115341987, 40.9702338482852], [-121.14509963357, 40.9702016073972], [-121.14507424553, 40.9701706850892], [-121.145022243678, 40.9701647690074], [-121.145003249906, 40.9701251663665], [-121.144964340592, 40.9701073388221], [-121.144931416766, 40.9700791732427], [-121.144890738441, 40.9700553963285], [-121.144848569945, 40.970030058999], [-121.144833050153, 40.9699983930009], [-121.144839229515, 40.9699561413937], [-121.144824515816, 40.9699213271063], [-121.144805196333, 40.9698967643104], [-121.144775285162, 40.9698703794125], [-121.14476324198, 40.9698427910442], [-121.144734336339, 40.9698166852473], [-121.144738223209, 40.9697787929971], [-121.144719204266, 40.9697446812877], [-121.144712783671, 40.9697085737592], [-121.144676559455, 40.9696824566149], [-121.144627965792, 40.9696685379593], [-121.144582260542, 40.9696980059593], [-121.144540812271, 40.9696995542428], [-121.144496591542, 40.9696976148884], [-121.144468625235, 40.9696875482347], [-121.144437759519, 40.9697084828883], [-121.14443086059, 40.9696898457147], [-121.144379791374, 40.9696890088062], [-121.144336785057, 40.969635390132], [-121.144281260076, 40.9696451303458], [-121.144227586446, 40.9696642069152], [-121.144214293901, 40.9697037079748], [-121.144255017962, 40.9697440478568], [-121.144247837588, 40.9697849039228], [-121.144228752346, 40.9698220082036], [-121.144174377704, 40.9698308413356], [-121.144145260316, 40.969817763177], [-121.144113955817, 40.9698072377646], [-121.144077266204, 40.9698084422852], [-121.144036513799, 40.9698101444083], [-121.144014942423, 40.969778667077], [-121.143981502304, 40.9697905817998], [-121.143944483908, 40.9697922433983], [-121.143910518177, 40.9697652079535], [-121.143870801512, 40.969738025126], [-121.143840956451, 40.9696995668393], [-121.143789984758, 40.9696865661287], [-121.143734452187, 40.9696985244431], [-121.143691883707, 40.9696869775795], [-121.143646813519, 40.9696639477649], [-121.143599504726, 40.9696374677526], [-121.14361914232, 40.9695866136905], [-121.143586870174, 40.9695515121849], [-121.143536372116, 40.969541180321], [-121.143499698993, 40.9695094257614], [-121.143444376672, 40.9695008391092], [-121.143383825689, 40.969525186058], [-121.143334023266, 40.9695072162358], [-121.14328458841, 40.9694943652437], [-121.143241876222, 40.9694692062635], [-121.143232476482, 40.9694311977843], [-121.143254001288, 40.9693957418155], [-121.143295153136, 40.9693602368993], [-121.143294780763, 40.9693199230474], [-121.143259472772, 40.9692849871018], [-121.143255169836, 40.9692662639519], [-121.143246824397, 40.9692421402277], [-121.143242677458, 40.9692180645845], [-121.143233452586, 40.9691933731654], [-121.14319443394, 40.9691662152925], [-121.143231992494, 40.9691389361154], [-121.143221077553, 40.9691095929577], [-121.14318703487, 40.9691006168779], [-121.143154699315, 40.9690857082736], [-121.143129377925, 40.969063012079], [-121.143096257725, 40.9690449057663], [-121.143079679273, 40.9690168749184], [-121.143087092512, 40.9689887678407], [-121.143098316527, 40.9689599997016], [-121.143102943844, 40.9689339787089], [-121.143101773129, 40.968908729763], [-121.143079568222, 40.9688838967012], [-121.143061681336, 40.9688592358692], [-121.143046231076, 40.9688326272983], [-121.143037838895, 40.9688048071791], [-121.143036731511, 40.9687839905975], [-121.143047162385, 40.9687601609206], [-121.143072599199, 40.9687384924237], [-121.143098479809, 40.968718374094], [-121.143125055433, 40.9686883401571], [-121.143122895568, 40.9686585339786], [-121.143100541816, 40.9686451035948], [-121.143080093524, 40.9686341866954], [-121.143062187225, 40.9686077771991], [-121.143026568928, 40.9685858662671], [-121.14298165927, 40.9685858112812], [-121.142946139192, 40.9685704533316], [-121.142946322663, 40.9685518819611], [-121.142968187134, 40.9685308606525], [-121.142997311747, 40.9684982553919], [-121.143012366559, 40.9684583572686], [-121.143052051591, 40.9684393749752], [-121.143104287155, 40.9684169711633], [-121.143133487385, 40.9683728413429], [-121.143123213293, 40.9683354688991], [-121.143095092446, 40.9683008357026], [-121.143075847934, 40.9682610486445], [-121.143061272675, 40.9682250066882], [-121.143026531387, 40.9681890762352], [-121.143030131135, 40.9681415081544], [-121.143029836889, 40.9680959380849], [-121.143028299082, 40.9680577478007], [-121.143014358508, 40.9680212900841], [-121.142995127689, 40.967989382176], [-121.142980560774, 40.9679514678598], [-121.142964829321, 40.9679122298103], [-121.142970163685, 40.9678727900463], [-121.142982213588, 40.9678410789254], [-121.142992650141, 40.9678016961041], [-121.142982704474, 40.9677571081365], [-121.14299451698, 40.9677185290401], [-121.142984645136, 40.967680679004], [-121.142967892491, 40.9676506306291], [-121.142960297136, 40.9676250449465], [-121.142953961486, 40.9676019885695], [-121.142944133471, 40.9675789271985], [-121.142926911009, 40.967562354917], [-121.142910115021, 40.9675491565929], [-121.142889686507, 40.9675381178613], [-121.14286502232, 40.9675277485725], [-121.142847260048, 40.9675453616695], [-121.142817863443, 40.9675700198041], [-121.142781311388, 40.967564265148], [-121.142743441419, 40.9675564268019], [-121.142690207386, 40.9675577290782], [-121.142669191469, 40.9675276502814], [-121.14265718545, 40.9674908135528], [-121.142654187561, 40.967450023734], [-121.142656105128, 40.9674083005745], [-121.142618926225, 40.9673782515581], [-121.142607760517, 40.9673416107728], [-121.142582553653, 40.9673084321022], [-121.142574231887, 40.9672679027107], [-121.142555442692, 40.9672340193306], [-121.142564057813, 40.9671938116906], [-121.142545836353, 40.9671591131188], [-121.142528282418, 40.9671219577145], [-121.142519757871, 40.9670787506003], [-121.142509773835, 40.9670349369436], [-121.14250955494, 40.9669938658448], [-121.142524073946, 40.9669528320716], [-121.142517881548, 40.9669046156895], [-121.142503183447, 40.9668631967633], [-121.142516865051, 40.9668360541987], [-121.142574222289, 40.9668189629636], [-121.142598516579, 40.9667884193646], [-121.142648574915, 40.9667632002277], [-121.142683341684, 40.9667297749393], [-121.142721220573, 40.9666872228582], [-121.142730998742, 40.9666497508452], [-121.142713110895, 40.9666222212436], [-121.142689341799, 40.9666163010042], [-121.142674556469, 40.9665946599046], [-121.142655952467, 40.9665763892371], [-121.142645167616, 40.9665538510918], [-121.142601576367, 40.9665317598287], [-121.142573650844, 40.9665086161813], [-121.142537133521, 40.966489836262], [-121.142491828806, 40.9664690112224], [-121.142448226301, 40.966434391579], [-121.142428304017, 40.9664274648373], [-121.142311739648, 40.9663964909765], [-121.142285285417, 40.9663501609501], [-121.142248469645, 40.9661502255609], [-121.14222658895, 40.9660313960743], [-121.142242398256, 40.9657001100947], [-121.142249230136, 40.9656850459648], [-121.142266179576, 40.9656476706456], [-121.142260596378, 40.9656496921791], [-121.142474036465, 40.9649858031821], [-121.14251992934, 40.9648430551628], [-121.142520557877, 40.9648407626758], [-121.142503379932, 40.9648262730952], [-121.142482337011, 40.9648072237525], [-121.142468917037, 40.9647794145522], [-121.142448916466, 40.9647638659713], [-121.14240848361, 40.9647586693021], [-121.142370781675, 40.9647461378338], [-121.142341642265, 40.9647210537159], [-121.14232905453, 40.964697344555], [-121.142318519982, 40.9646746176327], [-121.142285763598, 40.9646580458878], [-121.142263975713, 40.9646296130986], [-121.142213785588, 40.9646266292314], [-121.142220102014, 40.9646090209013], [-121.142255972679, 40.964605835888], [-121.142298265235, 40.964568953306], [-121.142263543907, 40.9645413983101], [-121.142234824588, 40.9645515880947], [-121.142223551468, 40.9645859165512], [-121.142171298945, 40.964585779762], [-121.142121356426, 40.9645832071536], [-121.14212562499, 40.9645548533001], [-121.142076486866, 40.964528902277], [-121.142047525685, 40.9645527290649], [-121.142034361393, 40.9645814011919], [-121.142016125372, 40.9646081077433], [-121.142007269633, 40.9646390668691], [-121.141976160772, 40.9646673317787], [-121.141949106052, 40.9646791641238], [-121.141922707539, 40.964692690653], [-121.141898783179, 40.9647146459471], [-121.141867930603, 40.9647187409569], [-121.141826974483, 40.9647225408658], [-121.141801816827, 40.9647094386781], [-121.141763510449, 40.9646950997397], [-121.141738951515, 40.9647042332605], [-121.141716581525, 40.9647137017678], [-121.141684919079, 40.9647308866575], [-121.14166126701, 40.964736261012], [-121.141635326614, 40.9647472343646], [-121.1416090153, 40.9647658119399], [-121.141582619177, 40.9647732097715], [-121.141554860582, 40.9647849151148], [-121.141529176167, 40.9647881519197], [-121.141515518387, 40.9647679312164], [-121.141507714027, 40.9647482787229], [-121.141493552669, 40.9647314918262], [-121.14148293942, 40.9647005709566], [-121.141460979444, 40.9646670354349], [-121.141435103249, 40.9646257798791], [-121.141429025464, 40.9645898170221], [-121.141379134434, 40.9645689344231], [-121.141333492489, 40.9645597611295], [-121.141299991519, 40.9645736272113], [-121.141262485434, 40.9645839754237], [-121.141239128469, 40.9645948521128], [-121.141233017974, 40.9646254563381], [-121.141222176729, 40.9646568002489], [-121.14121154389, 40.964675384093], [-121.141183800278, 40.9646701459067], [-121.141152177311, 40.9646723106256], [-121.141126426325, 40.9646751668325], [-121.141081071454, 40.9646723410728], [-121.141047372473, 40.9646616025809], [-121.141021606502, 40.9646477183198], [-121.141005953464, 40.9646180273547], [-121.140993879779, 40.9645972028788], [-121.141010196804, 40.9645685912713], [-121.141016149734, 40.9645489338473], [-121.141053747974, 40.964553227921], [-121.141087768378, 40.9645190324024], [-121.141060031743, 40.9644916971006], [-121.141085306439, 40.964475660924], [-121.141114658631, 40.9644492187935], [-121.141096954728, 40.9644177914292], [-121.141053977417, 40.9644229150937], [-121.141015379925, 40.9644292060845], [-121.140994416449, 40.9644425332115], [-121.140959167418, 40.964460279553], [-121.140914917581, 40.9644700702574], [-121.140889456693, 40.9644855990342], [-121.140853218608, 40.9645028272929], [-121.140815000819, 40.9644888891065], [-121.140786424368, 40.9644826412095], [-121.140760759103, 40.9644698588027], [-121.140743719681, 40.9644489508033], [-121.140732458006, 40.9644273602508], [-121.140708364035, 40.9644074104495], [-121.140675046462, 40.9643852941568], [-121.140672368508, 40.9643642280011], [-121.140657589392, 40.964346131199], [-121.140635901869, 40.9643216598225], [-121.140630929261, 40.9643010038484], [-121.140632169792, 40.9642816642755], [-121.140627097308, 40.9642633959623], [-121.140609397623, 40.964244949202], [-121.140619824929, 40.9642247049501], [-121.140610385628, 40.9642049646263], [-121.140600679152, 40.9641825273463], [-121.14059385542, 40.9641616468053], [-121.140576888956, 40.9641463063027], [-121.140572647911, 40.964171639684], [-121.140556335262, 40.9641557472038], [-121.140556258899, 40.9641307848048], [-121.140532150485, 40.9641279640126], [-121.140512168165, 40.9641154008835], [-121.140499551582, 40.9640985150927], [-121.140501739248, 40.9640742798578], [-121.140501828566, 40.964054299377], [-121.140489744174, 40.9640348814246], [-121.140462710822, 40.9640224466246], [-121.140440315429, 40.9640052932963], [-121.140431868906, 40.9639866791614], [-121.140405790137, 40.963968470141], [-121.140396428102, 40.9639406399288], [-121.14040335751, 40.9639227260785], [-121.14039183325, 40.9638981168543], [-121.14036853402, 40.9638767505836], [-121.140347372961, 40.9638676481178], [-121.140338382896, 40.9638630566887], [-121.140207233044, 40.9637473571026], [-121.14018089142, 40.9637330067165], [-121.14014126858, 40.9637211084106], [-121.140113758439, 40.9637158138053], [-121.140070118657, 40.9637026393777], [-121.140030789335, 40.9637053642786], [-121.140014614726, 40.9637255167522], [-121.139979856629, 40.9637265808306], [-121.139922996612, 40.9637466828464], [-121.139896358335, 40.9637351885719], [-121.139875900555, 40.9637259516701], [-121.139859603788, 40.9637033266979], [-121.139833522729, 40.9636999453295], [-121.139824089315, 40.9636786101373], [-121.139803197429, 40.9636637810792], [-121.139783496102, 40.963644580321], [-121.1397757591, 40.9636255443172], [-121.139770071192, 40.9636042389244], [-121.139761334529, 40.9635846101728], [-121.139785399985, 40.9635635243937], [-121.139777970588, 40.9635412699199], [-121.139757485814, 40.9635308493348], [-121.139763545577, 40.9635095250719], [-121.13978366051, 40.9634848371], [-121.139784293681, 40.9634590005851], [-121.139786552534, 40.9634371460711], [-121.139801387482, 40.9634136775649], [-121.139781203083, 40.9633996556554], [-121.139742227442, 40.9633887955827], [-121.139711809996, 40.96340331425], [-121.139690246448, 40.9634171340591], [-121.139664122333, 40.963424219053], [-121.139636979512, 40.9634234386035], [-121.139616802179, 40.9634003417427], [-121.13962819708, 40.9633771569163], [-121.139630613487, 40.9633542269797], [-121.139683018411, 40.9633119516173], [-121.139663846738, 40.9632809807751], [-121.139609831393, 40.9632812599482], [-121.139561533596, 40.9632619956424], [-121.139534535367, 40.963246877161], [-121.139513765039, 40.9632581506884], [-121.139492927205, 40.9632746830567], [-121.13946103826, 40.9632844578087], [-121.139427734269, 40.9632843569968], [-121.139403545068, 40.9633012289573], [-121.139371185954, 40.9633026106659], [-121.139335875769, 40.9632930189844], [-121.139305270101, 40.9632828347834], [-121.139274176201, 40.9632796089351], [-121.139226127724, 40.9632740581301], [-121.139195479412, 40.9632808995627], [-121.139182517786, 40.9632973825873], [-121.139165499121, 40.9633112563692], [-121.139145286945, 40.9633295885762], [-121.139118686815, 40.963334883006], [-121.139101532976, 40.9633477200614], [-121.139115485261, 40.9633707025696], [-121.139114924734, 40.9633950679843], [-121.13910686938, 40.9634196531009], [-121.139100346677, 40.9634422726805], [-121.139098391129, 40.9634630486223], [-121.139076439816, 40.9634725596799], [-121.139046319601, 40.9634709151594], [-121.139011854953, 40.9634684578934], [-121.138978947455, 40.9634672316028], [-121.138950891603, 40.963469305583], [-121.138919072498, 40.9634535767885], [-121.138896647426, 40.9634234139473], [-121.13887108185, 40.9634117078584], [-121.138834733522, 40.9634059169003], [-121.138822273549, 40.9634227431015], [-121.138790218684, 40.9634108699961], [-121.138764421838, 40.9633967792481], [-121.138746376694, 40.9633800932437], [-121.138721305132, 40.9633655381694], [-121.138709722902, 40.9633418753871], [-121.138681124997, 40.963335206451], [-121.138651867298, 40.9633114578837], [-121.138616267507, 40.9633068187255], [-121.138582908063, 40.9633033646767], [-121.138548291252, 40.963314844417], [-121.13852077848, 40.9633278974263], [-121.138485845104, 40.9633421839419], [-121.138452977895, 40.9633540783901], [-121.138425302534, 40.9633372007832], [-121.138391071751, 40.9633231796015], [-121.138353943616, 40.9633306087551], [-121.138313900173, 40.9633186596517], [-121.138298785483, 40.9633328826735], [-121.138273461453, 40.9633415368331], [-121.138240462034, 40.9633528071366], [-121.138208696146, 40.963343730654], [-121.138169231913, 40.9633484266822], [-121.138146602458, 40.9633577085918], [-121.138141132994, 40.963381925003], [-121.138151542521, 40.9634005979776], [-121.138085137779, 40.9633950860112], [-121.138054088134, 40.9633976591843], [-121.13802241371, 40.963407424406], [-121.138003472209, 40.9634190324128], [-121.137975752813, 40.9634262379008], [-121.137947193136, 40.9634216830921], [-121.13791296466, 40.9634230427059], [-121.137885624483, 40.963428175126], [-121.137860866435, 40.9634380854455], [-121.137836689907, 40.9634471516343], [-121.137811721919, 40.9634533985934], [-121.137779963653, 40.9634521606202], [-121.13775026861, 40.963449618125], [-121.13773155855, 40.9634354716385], [-121.137708548115, 40.963424497983], [-121.137693796022, 40.9634069240904], [-121.13768542029, 40.9633841023811], [-121.137659057573, 40.9633833189036], [-121.137631955059, 40.9633694668651], [-121.13760249292, 40.9633644552805], [-121.137584028609, 40.9633475999362], [-121.137555817965, 40.9633318496568], [-121.137533831252, 40.9633243390983], [-121.137505757755, 40.9633136565771], [-121.137490661202, 40.9632858576641], [-121.137464647045, 40.9632775287141], [-121.137436239516, 40.9632750059586], [-121.137398096696, 40.9632597172792], [-121.137373184897, 40.963253144232], [-121.137342407356, 40.963240556353], [-121.137312818467, 40.963210473772], [-121.137280891495, 40.9631818828976], [-121.137248896744, 40.9631550117379], [-121.137248782435, 40.9631549163716], [-121.137215289892, 40.9631337198105], [-121.137204153726, 40.9631174347181], [-121.137183551804, 40.9630907833019], [-121.137163533829, 40.9630655429374], [-121.137144663458, 40.9630477010339], [-121.13714254458, 40.9630376723869], [-121.137137684312, 40.963014664584], [-121.137119506786, 40.9629964091205], [-121.137100969258, 40.9629830214205], [-121.13707255811, 40.9629641103614], [-121.13706190685, 40.9629332769344], [-121.137030377451, 40.962910293804], [-121.137012941803, 40.9628845830245], [-121.136983013424, 40.9628634287552], [-121.136977364152, 40.9628436852389], [-121.136976733351, 40.9628238320818], [-121.136989395037, 40.9627988628242], [-121.137011374545, 40.9627837693003], [-121.137026293512, 40.96276541805], [-121.137049565543, 40.9627406018006], [-121.137038618804, 40.9627093259753], [-121.137030505439, 40.9626852062182], [-121.136996314146, 40.9626709419412], [-121.136968520365, 40.962665314966], [-121.13694181062, 40.9626603619771], [-121.13690992839, 40.9626550884447], [-121.136882255561, 40.9626492251894], [-121.136843152663, 40.9626458112325], [-121.136807147736, 40.9626454108433], [-121.136772418545, 40.9626238524172], [-121.13673693857, 40.9626091826343], [-121.136716931609, 40.9625843953149], [-121.136695894045, 40.9625540483027], [-121.136668176845, 40.9625344767244], [-121.136644824537, 40.9625090512914], [-121.136633408234, 40.9624911036655], [-121.136618853121, 40.962456133214], [-121.136602125216, 40.9624235719748], [-121.136573534721, 40.9624192901438], [-121.13654082084, 40.9624146529818], [-121.136504937431, 40.9624161498033], [-121.136473323634, 40.9624189151237], [-121.136437641015, 40.9624113253407], [-121.136414354501, 40.9623971977799], [-121.136384158498, 40.9623855360225], [-121.136381578305, 40.962405602182], [-121.136359019527, 40.962412137777], [-121.136332049094, 40.9624143508631], [-121.136322447555, 40.9623889102278], [-121.13628191546, 40.9623872390118], [-121.13625181953, 40.9623834149912], [-121.136229419679, 40.9623981337789], [-121.136228630351, 40.9623967975701], [-121.136185418583, 40.9623653682197], [-121.136151495195, 40.9623296287106], [-121.136101160706, 40.9623203908023], [-121.136069091094, 40.9623325611729], [-121.136049158248, 40.9623464330816], [-121.136036559768, 40.9623673750976], [-121.136007781368, 40.962353972247], [-121.13598596531, 40.9623380652826], [-121.135963417226, 40.962344000644], [-121.135942006921, 40.96232243262], [-121.135913922413, 40.962322969078], [-121.135890791452, 40.9623379359181], [-121.135867023987, 40.962330262871], [-121.135836639452, 40.9623219940516], [-121.135816377575, 40.9622885566383], [-121.135782010186, 40.9622722862173], [-121.135785680739, 40.9622914152611], [-121.135766551928, 40.9622792049496], [-121.135740581046, 40.9622624500345], [-121.135728506065, 40.9622441290007], [-121.135707559664, 40.9622154622696], [-121.135715414158, 40.9621952373615], [-121.135689787344, 40.9621958370227], [-121.135671205416, 40.9621823143799], [-121.135646999934, 40.9621753210223], [-121.135629827063, 40.9621554578618], [-121.135602494621, 40.9621726432495], [-121.135630438069, 40.9621908542927], [-121.135605746085, 40.9621914778753], [-121.135582432392, 40.9621720029931], [-121.135550828419, 40.9621653814013], [-121.135530901497, 40.9621445026076], [-121.135501871376, 40.962140190292], [-121.135481373944, 40.9621310089172], [-121.135459866525, 40.962113881814], [-121.135441332553, 40.9620986540161], [-121.135415967664, 40.9621030579541], [-121.135387721544, 40.9620917692742], [-121.135380360376, 40.9620559116123], [-121.135355282296, 40.9620315413903], [-121.135360399979, 40.9620117657495], [-121.1353110935, 40.9619779642146], [-121.13528510256, 40.9619591722399], [-121.135304743508, 40.9619355290957], [-121.135332399786, 40.9619247955768], [-121.135321757417, 40.961902819663], [-121.135295423553, 40.961891263111], [-121.135319773439, 40.9618697963309], [-121.135315059773, 40.961844223822], [-121.135266441888, 40.9618430636422], [-121.13523648459, 40.9618121910958], [-121.135195320126, 40.9618022514232], [-121.13515771035, 40.9617869527459], [-121.135119868904, 40.9617933918107], [-121.135119777488, 40.9618196548983], [-121.135084887642, 40.9618350401633], [-121.135095544782, 40.9618617200658], [-121.135089017734, 40.9618802218732], [-121.135090486391, 40.96190768263], [-121.135098945644, 40.9619363124385], [-121.135088711186, 40.9619572671079], [-121.13509931458, 40.9619803137808], [-121.135066711214, 40.961989510043], [-121.13503488488, 40.9619979108649], [-121.135018754028, 40.9620166107435], [-121.135011727104, 40.9620380498362], [-121.134972500457, 40.9620343661249], [-121.13495292416, 40.9620527080648], [-121.134929102634, 40.9620698947449], [-121.134905665634, 40.9620802970235], [-121.134888083164, 40.9620663678486], [-121.134860890296, 40.9620571093408], [-121.134827809451, 40.9620349119321], [-121.134792085358, 40.9620458961163], [-121.134784662045, 40.9620644159622], [-121.134774141515, 40.9620810168849], [-121.134753894089, 40.9621105615808], [-121.134710380225, 40.9621045669257], [-121.134703415484, 40.9621296535747], [-121.134667591589, 40.962153285026], [-121.13463474286, 40.9621397809793], [-121.134632616431, 40.9621169032513], [-121.134645514919, 40.962083868181], [-121.134657270573, 40.9620609589836], [-121.134656168551, 40.9620348265628], [-121.134654933457, 40.9620143346915], [-121.134646076687, 40.9619890223292], [-121.134635863298, 40.9619608823451], [-121.134597771305, 40.9619612309857], [-121.134567475069, 40.9619615529686], [-121.134533859968, 40.9619641206341], [-121.134525208399, 40.9619821587709], [-121.134528530206, 40.9620130012676], [-121.134494015463, 40.9620265115916], [-121.134443037582, 40.9620292278866], [-121.134440396013, 40.962078264309], [-121.134410853479, 40.9620668259033], [-121.134412153564, 40.9620466416761], [-121.134374317588, 40.9620291184498], [-121.134321303425, 40.9620049539191], [-121.134316527452, 40.96197902244], [-121.1342934638, 40.9619608451936], [-121.134265820358, 40.9619553838461], [-121.134251892732, 40.9619395725575], [-121.134236747487, 40.9619125783367], [-121.13419345343, 40.9619056787099], [-121.134167464421, 40.9619215577495], [-121.134134679477, 40.9619349828928], [-121.13409412881, 40.9619311343308], [-121.134080800523, 40.9619124407004], [-121.134070281653, 40.9618859973214], [-121.134057580106, 40.9618565202766], [-121.134054099057, 40.9618337152099], [-121.134022170534, 40.9618183871476], [-121.13402177043, 40.961794361196], [-121.134022390662, 40.9617745786879], [-121.134003298203, 40.9617608802413], [-121.133981073674, 40.9617380020343], [-121.133943208991, 40.9617535175933], [-121.133930827861, 40.9617320853344], [-121.133926102578, 40.9617012240364], [-121.13389765986, 40.961694537301], [-121.133907644919, 40.9616754428562], [-121.133917981009, 40.9616493913333], [-121.133911353513, 40.9616219143261], [-121.133886751768, 40.9615997757762], [-121.133872752216, 40.9615748713473], [-121.13383948703, 40.9615726603692], [-121.133831063576, 40.9615544790223], [-121.133840096578, 40.9615188986835], [-121.133827263742, 40.9614949432245], [-121.133836177559, 40.9614666422188], [-121.133809958465, 40.9614506649335], [-121.133768054049, 40.9614441498935], [-121.133740358709, 40.9614355309134], [-121.133733540866, 40.9614113397628], [-121.133721723369, 40.9613882949995], [-121.133703371783, 40.9613763926844], [-121.133668127226, 40.9613636228279], [-121.13364178821, 40.9613720536867], [-121.133624308432, 40.9613887266566], [-121.133590144963, 40.9613992782682], [-121.133578324263, 40.9613819800756], [-121.133558268386, 40.9613701229361], [-121.133566002469, 40.9613496839396], [-121.133535774988, 40.9613330275779], [-121.133487271828, 40.9613086794315], [-121.13347787248, 40.9612638950968], [-121.133466442237, 40.9612450751755], [-121.133446549494, 40.9612228442725], [-121.133418777754, 40.9611992693815], [-121.133375671713, 40.9612138430179], [-121.133329526929, 40.9612252312529], [-121.133293857427, 40.9612308508759], [-121.1332598891, 40.961238261555], [-121.133290886623, 40.961268984556], [-121.133267323786, 40.9612946117931], [-121.133224007326, 40.9612916872372], [-121.133212375165, 40.9613088891498], [-121.133190522909, 40.9613220571984], [-121.133167878607, 40.9613091386761], [-121.133153147416, 40.9612800538835], [-121.133130472166, 40.9612585356275], [-121.133124937751, 40.9612361339008], [-121.133080711028, 40.9612200413845], [-121.133053720222, 40.9612142287759], [-121.133051561511, 40.9611930371037], [-121.133023056015, 40.9611669667153], [-121.132992689818, 40.9611530243842], [-121.132971588275, 40.9611332649916], [-121.132940810015, 40.9611144168582], [-121.132924517544, 40.9611000306361], [-121.132888023361, 40.96110145898], [-121.132848707754, 40.9611121426995], [-121.132848044594, 40.96108548644], [-121.132827773993, 40.9610623930134], [-121.132812196087, 40.9610479156049], [-121.132790963981, 40.9610162398958], [-121.13275353226, 40.9610069116026], [-121.13274935653, 40.9609818098766], [-121.132734999528, 40.9609501574198], [-121.132701008858, 40.9609378192208], [-121.132658776496, 40.9609291516071], [-121.132628616367, 40.9608886937218], [-121.13256513285, 40.9608754110218], [-121.132583264884, 40.9609213542043], [-121.13260747478, 40.9609633662028], [-121.13259021898, 40.9609951043428], [-121.132552478421, 40.9609914974102], [-121.132496582482, 40.9609826247402], [-121.132496667818, 40.9609556130133], [-121.132496396466, 40.960926760182], [-121.132467447824, 40.9609054050005], [-121.132452385096, 40.9608903093025], [-121.132428616357, 40.9608727706297], [-121.132393512674, 40.9608775946926], [-121.132374439067, 40.9608647571957], [-121.13236382056, 40.9608464172655], [-121.132362653474, 40.960822207278], [-121.1323906665, 40.9608091700462], [-121.132414260539, 40.9607929076544], [-121.132419354025, 40.9607736612693], [-121.132400676355, 40.9607469781936], [-121.132397938309, 40.9607235158584], [-121.132381488444, 40.9607005508191], [-121.132399420736, 40.960671206838], [-121.132395686278, 40.9606366406576], [-121.132340605535, 40.9606181370021], [-121.132347567529, 40.9605913242472], [-121.13234279461, 40.9605547483498], [-121.132327272089, 40.9605351013777], [-121.132331017897, 40.9605101179645], [-121.132340391439, 40.9604694305524], [-121.132330830791, 40.960433883742], [-121.132305643289, 40.9604317288942], [-121.132272802596, 40.9604262006998], [-121.13224342908, 40.9604228710378], [-121.132226153763, 40.9604388860176], [-121.132190190239, 40.9604540197958], [-121.132162452554, 40.9604558767359], [-121.132129626812, 40.9604795919729], [-121.13210100097, 40.960476014936], [-121.13206833112, 40.960482475585], [-121.132036372278, 40.9604893009929], [-121.132001180736, 40.9604739677733], [-121.131982358044, 40.9604431089453], [-121.131962844306, 40.9604218312533], [-121.131945294029, 40.9604014340612], [-121.131928863286, 40.960376501025], [-121.131896031563, 40.9603709357103], [-121.131872244857, 40.9603590274253], [-121.131850728929, 40.9603383273756], [-121.131819713954, 40.9603226562384], [-121.131790577457, 40.960331294044], [-121.131758194458, 40.9603205889563], [-121.131724024597, 40.9603059626983], [-121.13169086835, 40.9603011246703], [-121.131662444193, 40.9603032679273], [-121.131629366531, 40.9603011609884], [-121.131601238581, 40.9602906587854], [-121.131591834578, 40.960268518217], [-121.131566208522, 40.9602479121118], [-121.131525570687, 40.9602441130769], [-121.131493583506, 40.960238866169], [-121.131471626566, 40.9602110278647], [-121.131452534089, 40.9601883623565], [-121.131428878385, 40.9601626549673], [-121.131429027062, 40.9601242442069], [-121.131397811403, 40.9601041806355], [-121.131346271664, 40.9601070269005], [-121.131305211812, 40.9601190449781], [-121.131269451357, 40.96011462686], [-121.131237727338, 40.960092358613], [-121.131217395201, 40.9600663580025], [-121.131188692511, 40.9600451940369], [-121.131157502662, 40.960027596197], [-121.131111091525, 40.9600208084443], [-121.131076839451, 40.960019211145], [-121.13103777928, 40.9600270141959], [-121.13100961058, 40.9600390569246], [-121.130968591631, 40.9600512610262], [-121.130927728944, 40.960046140273], [-121.130888744843, 40.9600313663625], [-121.130832539476, 40.9600152860063], [-121.130795950313, 40.9600426668547], [-121.130798938233, 40.9600765469469], [-121.130789197898, 40.9601246193902], [-121.130779262532, 40.9601661010207], [-121.130772472232, 40.9601867997683], [-121.130732366124, 40.9602192435895], [-121.130721107848, 40.9602417523277], [-121.130707355581, 40.9602675470411], [-121.130698887313, 40.9602960113319], [-121.130700823748, 40.9603198016981], [-121.130690381656, 40.9603455916806], [-121.130686982758, 40.9603642027616], [-121.130671057308, 40.9603892206623], [-121.130678652432, 40.9604167809387], [-121.130685124491, 40.9604358892334], [-121.13068696614, 40.9604559152024], [-121.130684694508, 40.9604806014046], [-121.13067809995, 40.9605038617129], [-121.130665977427, 40.96053627931], [-121.130636586292, 40.9605512423352], [-121.130602192975, 40.9605569163114], [-121.130578294562, 40.9605809548954], [-121.130556311839, 40.9605946768629], [-121.130533661193, 40.9606011806909], [-121.130501678676, 40.9606160319853], [-121.130469639701, 40.9606122548044], [-121.130430699944, 40.9606118773423], [-121.130390792964, 40.9605979270171], [-121.130353574885, 40.9605887861906], [-121.13033640278, 40.9605689295524], [-121.130317470162, 40.9605417610466], [-121.130308450892, 40.9605189952118], [-121.130295458269, 40.960489015017], [-121.130286060861, 40.9604602420648], [-121.130280762412, 40.9604354928138], [-121.130268224547, 40.960416923211], [-121.130253173042, 40.9604025812918], [-121.130247271574, 40.9603841129268], [-121.130246166502, 40.9603655426051], [-121.130237365892, 40.9603437685889], [-121.13022770907, 40.9603254612383], [-121.130208641516, 40.9603123701883], [-121.130195658796, 40.9602857361957], [-121.130189014943, 40.9602673979826], [-121.130178345514, 40.9602511414446], [-121.130164643324, 40.9602348636872], [-121.130136558448, 40.9602229308888], [-121.13011324187, 40.9602027586014], [-121.130086227519, 40.96019699423], [-121.130056651312, 40.9601832422809], [-121.130030424591, 40.96017508584], [-121.13000800756, 40.9601595689468], [-121.130004377514, 40.9601321800044], [-121.12998627357, 40.9601071077901], [-121.12996461796, 40.9600968268918], [-121.129929260626, 40.9601088460966], [-121.129895660621, 40.9600990993854], [-121.129869045309, 40.9600761764201], [-121.129851456383, 40.9600403470602], [-121.129821827412, 40.960032452001], [-121.129793511882, 40.9600220781338], [-121.12975832165, 40.9600297674], [-121.129725704641, 40.9600043587757], [-121.129683100789, 40.9600006318833], [-121.129665204853, 40.9600251674099], [-121.129631061968, 40.9600223550874], [-121.129612397528, 40.9600050562665], [-121.129582570816, 40.9599849427496], [-121.129556805857, 40.9599868290276], [-121.129520186482, 40.9599752597749], [-121.129502802602, 40.9600000456291], [-121.129482151366, 40.9600061626799], [-121.129478633078, 40.9600072054038], [-121.129441201488, 40.9600037983727], [-121.129436926796, 40.959993491798], [-121.129325727865, 40.9599719190088], [-121.129321932451, 40.9599748977675], [-121.129294066844, 40.9599838766881], [-121.129251822679, 40.9599964057452], [-121.129222729439, 40.9599867811991], [-121.129194856901, 40.9599864691045], [-121.129164722304, 40.9599887912338], [-121.12916236171, 40.959965025413], [-121.129151967291, 40.9599382075548], [-121.129151883157, 40.9599379911756], [-121.129136991963, 40.9599204527565], [-121.129120365039, 40.9598936930282], [-121.12908663522, 40.9598857231368], [-121.129059309339, 40.959881505667], [-121.129027550887, 40.9598641043541], [-121.129026985297, 40.9598319989264], [-121.129014627289, 40.9598133627161], [-121.128995355192, 40.9597968234322], [-121.128980693479, 40.9597785450095], [-121.128956049637, 40.959760698267], [-121.12893170655, 40.9597554338905], [-121.128898106414, 40.9597475510755], [-121.128874672838, 40.9597234467885], [-121.128841405645, 40.9597193775619], [-121.128797135361, 40.95971468875], [-121.128773080841, 40.9597126040474], [-121.128746446772, 40.9597172100036], [-121.128646216838, 40.9596815549881], [-121.128643210566, 40.959677090691], [-121.128623565614, 40.9596584977519], [-121.128595601557, 40.959652570455], [-121.12857229991, 40.9596552595879], [-121.128495155721, 40.9596278165984], [-121.128485141887, 40.959621003635], [-121.128464501536, 40.9596169130549], [-121.128460149484, 40.9596153648138], [-121.128437049841, 40.959597095875], [-121.128408649736, 40.9595750230578], [-121.12838848328, 40.959563977016], [-121.128375740831, 40.9595423907634], [-121.128348835588, 40.9595258437438], [-121.12832060403, 40.9595135298544], [-121.128299272823, 40.9594886280212], [-121.128276604531, 40.9594710579355], [-121.128262223556, 40.9594531003582], [-121.128225903844, 40.9594450878575], [-121.128212220393, 40.9594267870042], [-121.128185441078, 40.9594041066505], [-121.128164257799, 40.9593870430095], [-121.128131608072, 40.959377134987], [-121.128117234829, 40.9593647400614], [-121.12807402245, 40.959334895608], [-121.128066161904, 40.95933016609], [-121.128031212706, 40.9593202779043], [-121.127992530981, 40.9593076870915], [-121.12796845714, 40.9592970141382], [-121.127949499571, 40.9592809737188], [-121.127916567626, 40.9592721439764], [-121.127893505546, 40.9592603446426], [-121.127858379218, 40.9592418048653], [-121.127827759146, 40.9592356355861], [-121.12779645107, 40.9592310213184], [-121.127763229534, 40.9592398437159], [-121.127736254527, 40.9592409467667], [-121.127696345515, 40.9592265568464], [-121.127655621361, 40.9592206841564], [-121.127631975914, 40.9592080980676], [-121.127596000008, 40.9592145089945], [-121.127559298444, 40.9592188613829], [-121.127532085637, 40.9592103213991], [-121.127507794435, 40.9591961517625], [-121.127477872963, 40.9591906905812], [-121.127441071526, 40.9592012462762], [-121.127413612413, 40.959219340059], [-121.127387477165, 40.9592083414189], [-121.127356890968, 40.9592012995575], [-121.127329756054, 40.9592042446934], [-121.127303035327, 40.9592038443009], [-121.127273256001, 40.9592118489394], [-121.127236286554, 40.9592247180396], [-121.127206987891, 40.9592233903385], [-121.127178970955, 40.9592328629896], [-121.127152055031, 40.9592332662101], [-121.127120357585, 40.9592416881589], [-121.127094170306, 40.9592421442587], [-121.127064959597, 40.9592383217805], [-121.127040103027, 40.9592404281971], [-121.127010225496, 40.9592532323508], [-121.126983294559, 40.9592608634411], [-121.126954008448, 40.9592821667251], [-121.126921755384, 40.9592937777471], [-121.126895525898, 40.9593172365537], [-121.126875775863, 40.9593413973496], [-121.126879676895, 40.9593608479528], [-121.126871856228, 40.9593866301525], [-121.126850209182, 40.9594003520243], [-121.126826509224, 40.9594126309971], [-121.126797278877, 40.9594292386653], [-121.126772149668, 40.9594203859975], [-121.126747476151, 40.9594118968204], [-121.126698706888, 40.959427260718], [-121.126670715552, 40.9594405000797], [-121.12666757543, 40.9594669040896], [-121.126668803984, 40.9594981196528], [-121.126651145092, 40.9595207902349], [-121.126627311453, 40.9595314368745], [-121.126600890314, 40.959533797878], [-121.126597370973, 40.9595052807245], [-121.126575933414, 40.9594896228569], [-121.126547281522, 40.959468718682], [-121.126521851615, 40.9594656836888], [-121.126488426657, 40.9594663842216], [-121.126451986928, 40.9594755659527], [-121.126419221892, 40.9594743567168], [-121.126399452395, 40.959495619118], [-121.126376629015, 40.9595008740637], [-121.126339831599, 40.9594975252627], [-121.126332367386, 40.9594706303194], [-121.126310006558, 40.9594560592207], [-121.126272817435, 40.9594389881936], [-121.126234803455, 40.959437029751], [-121.126207401124, 40.9594447442111], [-121.12618361474, 40.9594359613108], [-121.126177435137, 40.9594103477063], [-121.12615992491, 40.9593918567822], [-121.126145414882, 40.9593714602401], [-121.126115274316, 40.9593639085997], [-121.126080532737, 40.959355662312], [-121.126030479415, 40.9593361771777], [-121.126012343553, 40.9593070673578], [-121.126019743407, 40.9592754685914], [-121.12599971054, 40.9592335574351], [-121.125967559234, 40.9592553196866], [-121.125951322468, 40.9592359550089], [-121.125930048404, 40.9592138876978], [-121.125911307485, 40.9591824515494], [-121.125872570135, 40.9591655943837], [-121.125863278411, 40.9591332838037], [-121.125847514549, 40.9591113587354], [-121.125834471083, 40.9590905128673], [-121.125816783705, 40.9590635739838], [-121.125788113041, 40.9590497912675], [-121.125760235143, 40.9590171679389], [-121.125754521566, 40.958985131451], [-121.125765387084, 40.9589579992395], [-121.125761037143, 40.9589374588518], [-121.125759937802, 40.9589114399664], [-121.125757877503, 40.9588772748521], [-121.125728887002, 40.9588565528557], [-121.12572305716, 40.9588349157806], [-121.125727738732, 40.9587947028199], [-121.125709469446, 40.9587705559452], [-121.125682810565, 40.9587473108737], [-121.125648985044, 40.9587378696125], [-121.125609909379, 40.9587358709961], [-121.125574818494, 40.9587179483562], [-121.12559933325, 40.9586898300402], [-121.125618925866, 40.9586600694098], [-121.125616469152, 40.9586323589833], [-121.125611718915, 40.9585938942485], [-121.125586591245, 40.9585676575842], [-121.125530907094, 40.9585640993979], [-121.125510487343, 40.9585841727804], [-121.125459206196, 40.9585889198903], [-121.125423387566, 40.9585869333205], [-121.125387381068, 40.9585869783696], [-121.125346124498, 40.9585941687216], [-121.125321053184, 40.9586031053554], [-121.125287610561, 40.9586207173644], [-121.12528447977, 40.9586417513117], [-121.125265249618, 40.958664558364], [-121.125250911608, 40.9586829172969], [-121.125228601008, 40.9587036383607], [-121.125196521967, 40.9587238716671], [-121.12516999666, 40.9587131031367], [-121.125148894435, 40.9586965320189], [-121.125127950345, 40.9586852888465], [-121.125105114971, 40.9586729878191], [-121.125100325857, 40.9586726372152], [-121.125070955267, 40.9586704888596], [-121.12505175247, 40.958668248932], [-121.125044284971, 40.9586673773454], [-121.125014814062, 40.9586716449491], [-121.124987690525, 40.9586637694503], [-121.124954978503, 40.9586732901824], [-121.124920274123, 40.9586696707464], [-121.124893706463, 40.9586559616992], [-121.124867953711, 40.9586454681606], [-121.124839919705, 40.9586404128264], [-121.124817493329, 40.9586284477392], [-121.124784508407, 40.9586299304237], [-121.124744418132, 40.9586285677634], [-121.124710910475, 40.9586360296177], [-121.124675127695, 40.9586379311954], [-121.124642612102, 40.9586509810676], [-121.124613991947, 40.9586591647416], [-121.124588610298, 40.9586617754482], [-121.124558578598, 40.9586648046221], [-121.124520082727, 40.9586703462612], [-121.124495126706, 40.9586637269514], [-121.124456762092, 40.9586556371707], [-121.124411176528, 40.9586483196488], [-121.124383191992, 40.9586573670069], [-121.124339042887, 40.9586591545772], [-121.124311970451, 40.9586330432803], [-121.124340023076, 40.9586069287213], [-121.124337425683, 40.9585704889225], [-121.124308230195, 40.958570120075], [-121.124271493601, 40.9585676630095], [-121.124239960769, 40.9585526587327], [-121.124200977456, 40.9585437959852], [-121.124171889443, 40.9585578267044], [-121.124141843329, 40.958569657705], [-121.12412083543, 40.958560397125], [-121.124099542845, 40.9585516851047], [-121.12407508695, 40.958535959385], [-121.124058612042, 40.9585121763545], [-121.12404086167, 40.9584966560884], [-121.123974843703, 40.9585023109347], [-121.123974682836, 40.958474915], [-121.123963957615, 40.9584505720699], [-121.123952123429, 40.958432686619], [-121.123942404345, 40.9584108826432], [-121.123920562578, 40.9583942206725], [-121.123915330809, 40.9583754135712], [-121.123912239617, 40.9583563709745], [-121.123919816555, 40.958332786907], [-121.123912893207, 40.9583107316305], [-121.12390212042, 40.9582898011857], [-121.123892952543, 40.9582696104329], [-121.123895716667, 40.9582424846174], [-121.123891446993, 40.9582164050629], [-121.123881993448, 40.958196319594], [-121.123863080304, 40.9581838055685], [-121.12385827234, 40.958154124185], [-121.123846087473, 40.9581311900215], [-121.123824100423, 40.9581051446117], [-121.123824036235, 40.9580828699592], [-121.123842549906, 40.9580654052659], [-121.123849871234, 40.9580450679817], [-121.123864183289, 40.9580294412652], [-121.123878692809, 40.9580067706164], [-121.123888633128, 40.9579897677677], [-121.123889321546, 40.9579624696232], [-121.123899931602, 40.9579446381433], [-121.12390979146, 40.9579171655892], [-121.123898575819, 40.9578991196086], [-121.123909024839, 40.957876756687], [-121.123906539093, 40.9578548200729], [-121.123894904052, 40.9578321188369], [-121.123897068178, 40.957806791405], [-121.123902572299, 40.9577858064397], [-121.123897962019, 40.9577680947708], [-121.123914127594, 40.957746403019], [-121.123916080135, 40.9577232641996], [-121.123927671291, 40.9576949732907], [-121.123932047809, 40.9576747697199], [-121.123917485961, 40.9576491693012], [-121.123915332916, 40.9576290731285], [-121.123925382843, 40.9576111863248], [-121.123920026496, 40.9575867572705], [-121.123929804553, 40.957564312093], [-121.123935827903, 40.9575460137221], [-121.123932635584, 40.9575254358613], [-121.123943125543, 40.9575064576022], [-121.123968267475, 40.9575023589428], [-121.123995525697, 40.9574851489281], [-121.124030462558, 40.9574644001013], [-121.124044912132, 40.9574477062615], [-121.124067883357, 40.9574160018094], [-121.124065113896, 40.9573941461475], [-121.124085464077, 40.9573822303289], [-121.124083612415, 40.9573548298169], [-121.124107886569, 40.9573263508989], [-121.124100043616, 40.9573027317003], [-121.124095662086, 40.957277928988], [-121.124090632723, 40.9572549007515], [-121.124089680236, 40.9572302618001], [-121.124074783716, 40.9572106713327], [-121.124070469468, 40.9571912379252], [-121.124049903364, 40.9571734481944], [-121.124024354227, 40.9571605947772], [-121.123997638973, 40.9571403556088], [-121.123967864452, 40.9571335885519], [-121.123943390726, 40.9571306723876], [-121.123904960371, 40.9571292620981], [-121.123879095276, 40.9571329654079], [-121.123844072904, 40.9571352356237], [-121.123815135214, 40.9571415280794], [-121.123790918751, 40.957122245767], [-121.123758390407, 40.9571079936702], [-121.12372040214, 40.9570930788942], [-121.123686896958, 40.9570778552877], [-121.123682209523, 40.9570598343775], [-121.123678610157, 40.9570381222305], [-121.123665605344, 40.9570180903374], [-121.123671954724, 40.9569900304218], [-121.123672213999, 40.9569572959824], [-121.123671140592, 40.9569369162082], [-121.123654079752, 40.956917471304], [-121.123640460917, 40.9568997812036], [-121.123630013323, 40.9568767719597], [-121.12362183091, 40.9568507132102], [-121.123599231747, 40.9568424597681], [-121.123588635316, 40.9568243631629], [-121.123574562108, 40.9567986348985], [-121.123566611781, 40.9567754995779], [-121.12355862964, 40.9567508589878], [-121.123556017809, 40.9567187107953], [-121.123554274555, 40.9566970216031], [-121.123565569384, 40.9566600208406], [-121.123545337879, 40.9566414396626], [-121.123526475189, 40.9566181375934], [-121.123548840197, 40.9565914076793], [-121.123568022881, 40.9565632053325], [-121.123582085509, 40.9565465988332], [-121.123600777593, 40.9565195217272], [-121.123589355114, 40.956495814881], [-121.123608391588, 40.9564842524402], [-121.123627819644, 40.9564610456752], [-121.123649925663, 40.9564531631965], [-121.12364409712, 40.956427679744], [-121.12367129921, 40.9564027920787], [-121.123693458585, 40.9563874570193], [-121.123691464501, 40.9563613408224], [-121.123715855538, 40.9563615647143], [-121.123743907897, 40.9563474100948], [-121.123773188825, 40.9563450978496], [-121.123808411204, 40.9563323221047], [-121.123798159463, 40.9563137926536], [-121.123819444418, 40.9562921143564], [-121.123843602749, 40.9562748583972], [-121.12385564456, 40.9562588611], [-121.123877463876, 40.9562478312984], [-121.123906385546, 40.9562591569432], [-121.123944349997, 40.9562651250246], [-121.123970640475, 40.956255764159], [-121.123990252562, 40.9562372047966], [-121.124018731519, 40.9562352393826], [-121.124000111473, 40.9562479901478], [-121.124024584275, 40.9562401511802], [-121.124062841451, 40.9562419819463], [-121.124087134593, 40.9562391342684], [-121.124059698079, 40.9562468007963], [-121.124086327222, 40.9562459710413], [-121.124107693913, 40.9562318864092], [-121.124117897736, 40.9562063118786], [-121.124130858518, 40.9561804431435], [-121.124155498297, 40.9561630052975], [-121.124194594429, 40.9561493863979], [-121.124199111495, 40.9561314259505], [-121.124198167812, 40.9561098593259], [-121.124234348554, 40.9560865503691], [-121.124268286249, 40.956081760723], [-121.124285978966, 40.9560665792838], [-121.124314054346, 40.9560564193227], [-121.124342004461, 40.9560411311445], [-121.124376663249, 40.9560410048122], [-121.124393460084, 40.9560127148038], [-121.124408496891, 40.9559957877074], [-121.124427269501, 40.9559776142513], [-121.124449400899, 40.9559722821081], [-121.124525220401, 40.9559119072294], [-121.124536040061, 40.9559004510509], [-121.124550054878, 40.9558789092565], [-121.124555983606, 40.9558607288649], [-121.124573592359, 40.9558355498548], [-121.124588619331, 40.9558207329466], [-121.124584417083, 40.9557909227728], [-121.124576778378, 40.9557675333569], [-121.124595385288, 40.9557450699546], [-121.124628958605, 40.9557443244315], [-121.124660657488, 40.9557397206157], [-121.124689532193, 40.9557163007123], [-121.124713478548, 40.9556970544106], [-121.124715734936, 40.9556848662251], [-121.124716838428, 40.9556789007458], [-121.124726768289, 40.955652300614], [-121.124748667216, 40.9556378777199], [-121.124777327276, 40.9556183511065], [-121.12479412379, 40.9556003089173], [-121.124824988311, 40.9556186607881], [-121.124862357529, 40.9556276558644], [-121.124887492524, 40.9556270313017], [-121.124912848955, 40.9556287995714], [-121.124936307338, 40.9556364377592], [-121.124942214287, 40.9556383604389], [-121.124976644835, 40.9556499209339], [-121.125012835965, 40.9556476551888], [-121.12504099146, 40.9556437742456], [-121.125093117876, 40.9556547960268], [-121.125168112837, 40.9556645090059], [-121.125210568552, 40.9556250876116], [-121.125239241069, 40.9556029497099], [-121.125256212448, 40.9555787881603], [-121.125301663501, 40.9555633538443], [-121.125316406048, 40.9555509360463], [-121.125343302751, 40.955530188128], [-121.12537106219, 40.9555151086693], [-121.125389855413, 40.9554919767406], [-121.125419591441, 40.9554727889709], [-121.125433515793, 40.9554521651064], [-121.125439701265, 40.9554333372566], [-121.125440075273, 40.9554322004419], [-121.125443897271, 40.9553982905908], [-121.125462322717, 40.9553773802039], [-121.125484110117, 40.9553537176355], [-121.125527862955, 40.9553463867247], [-121.125553637501, 40.9553287455765], [-121.125562083174, 40.9552998071735], [-121.125592306245, 40.9552913448647], [-121.12560750901, 40.9552720005835], [-121.125640146688, 40.9552465256415], [-121.125673218641, 40.955233480437], [-121.125697881258, 40.9552228580792], [-121.125720853585, 40.9552157485903], [-121.12573341798, 40.9551947179912], [-121.125769768826, 40.9551815062638], [-121.125793646139, 40.9551681961039], [-121.125829172497, 40.9551578344121], [-121.125833952875, 40.9551577931329], [-121.12586739531, 40.9551575025532], [-121.125843809004, 40.9551634607313], [-121.125872052569, 40.9551756164242], [-121.125894218157, 40.9551615666424], [-121.12593168004, 40.9551699650043], [-121.125965094332, 40.9551860825766], [-121.125979323609, 40.9551703906279], [-121.12601927223, 40.9551670717031], [-121.126058232434, 40.9551627264377], [-121.126069079561, 40.9551405318887], [-121.126079057749, 40.9551357919368], [-121.12611774594, 40.9551211994457], [-121.126150191471, 40.9551179760451], [-121.12617191952, 40.955093195767], [-121.126197928928, 40.9550856443566], [-121.126224358453, 40.9550688296821], [-121.126251660477, 40.9550567859856], [-121.126286025481, 40.9550505881965], [-121.126328601516, 40.9550372670237], [-121.126348759341, 40.9550091870334], [-121.126371126699, 40.9549870282441], [-121.126380308771, 40.9549660199703], [-121.126396951372, 40.9549397745491], [-121.126405230994, 40.9548993445715], [-121.126410223941, 40.9548771649413], [-121.126428470675, 40.9548533593494], [-121.126462570304, 40.9548399253552], [-121.126482126669, 40.9548152943534], [-121.126514479301, 40.9548153981487], [-121.126537598785, 40.9547882050294], [-121.126522732407, 40.9547636501774], [-121.126554986034, 40.9547382496459], [-121.126573503581, 40.9546964118945], [-121.126589212582, 40.954657485339], [-121.126601314414, 40.9546271047616], [-121.126612300818, 40.9545977469552], [-121.126638502574, 40.954597868347], [-121.12667668153, 40.954594451646], [-121.126716383539, 40.9545858693397], [-121.126744499298, 40.9545770572561], [-121.126776199691, 40.9545621293543], [-121.12681891148, 40.954553179294], [-121.126859095594, 40.9545446052076], [-121.126886236266, 40.9545250080365], [-121.126903999914, 40.9545060009029], [-121.126934629261, 40.954486064113], [-121.126957308313, 40.9544751098205], [-121.126979685406, 40.9544517759533], [-121.12699335835, 40.9544259816197], [-121.127005073411, 40.9544095770377], [-121.126989720553, 40.9543874710224], [-121.126996415351, 40.9543757238951], [-121.127009738435, 40.9543535168525], [-121.127018556824, 40.9543403828647], [-121.127018142205, 40.954300271868], [-121.127015192923, 40.9542769907894], [-121.127014786286, 40.9542718741372], [-121.127012953529, 40.9542488541841], [-121.127021190789, 40.9542195409747], [-121.127043187446, 40.9541889800969], [-121.127055698789, 40.9541583083775], [-121.127074933205, 40.9541393726491], [-121.127108363448, 40.9541322712678], [-121.127140663025, 40.954128704748], [-121.127165146714, 40.9541413310379], [-121.127205390329, 40.9541286910423], [-121.127250107611, 40.9541315229918], [-121.127270197116, 40.9541306434447], [-121.127289876082, 40.9541297793118], [-121.127292407879, 40.9541296681682], [-121.127296821388, 40.9541319033381], [-121.127328143074, 40.9541283618118], [-121.127415758386, 40.9541432411232], [-121.12751573955, 40.9541602206919], [-121.127600429044, 40.9542564207234], [-121.127750505266, 40.9544347160284], [-121.127845149153, 40.9546316440761], [-121.127840060658, 40.954740551174], [-121.128053122986, 40.9547907460627], [-121.128100496544, 40.9547264146846], [-121.128366201753, 40.9546704457639], [-121.12868329759, 40.9546717185545], [-121.128764182291, 40.9547245137284], [-121.128947783866, 40.9547980052892], [-121.129089181842, 40.9548027261732], [-121.129346368517, 40.9548727103375], [-121.129429743035, 40.9548689004239], [-121.130212381222, 40.9549525086333], [-121.130729757761, 40.9549640040333], [-121.130989816664, 40.9548784353389], [-121.131230618933, 40.9548805176053], [-121.131364408337, 40.9549573461845], [-121.131582470259, 40.955119063947], [-121.13167381237, 40.9553005438289], [-121.13173243621, 40.9553504357853], [-121.131820516002, 40.9553954396687], [-121.132140341035, 40.9555825335568], [-121.132256631941, 40.955628311313], [-121.132461966408, 40.95579776002], [-121.132591390783, 40.9557198961522], [-121.132739858829, 40.9557480088333], [-121.132766573049, 40.9558071175889], [-121.132896471616, 40.9559273734492], [-121.133048323951, 40.9559836092596], [-121.133125317686, 40.9560865150147], [-121.13312908908, 40.9561435459998], [-121.133279892097, 40.956442076725], [-121.133753327712, 40.9566327457531], [-121.133859655136, 40.9566797099206], [-121.133947214029, 40.9566556948222], [-121.134011980121, 40.9567267646307], [-121.134311662343, 40.9567635164002], [-121.134351024438, 40.956778234395], [-121.134441135882, 40.9567811723769], [-121.134588406044, 40.9567903567413], [-121.134768445964, 40.9568169207423], [-121.134913387088, 40.9568268746052], [-121.135063951167, 40.9568298296598], [-121.135240848876, 40.956849484793], [-121.135376980297, 40.9568783038661], [-121.135474691697, 40.9569573743693], [-121.135916112524, 40.9569117158019], [-121.136305716447, 40.957101853646], [-121.136335283015, 40.9571264241812], [-121.136421560478, 40.9571196901204], [-121.136545609762, 40.9570992677679], [-121.136676173572, 40.9571237842987], [-121.136839353937, 40.9573225919813], [-121.136892754909, 40.9574812421157], [-121.136848126279, 40.957670891954], [-121.13685834145, 40.9576902622526], [-121.137063247196, 40.9577932829651], [-121.137376029668, 40.9579762268929], [-121.137546744923, 40.9580612742626], [-121.137583333776, 40.9581656509875], [-121.137544618091, 40.9583908186204], [-121.137529949674, 40.9584365893327], [-121.137532597127, 40.9584371761006], [-121.137541352733, 40.958713612394], [-121.137561378188, 40.9593458859189], [-121.13957899449, 40.9607065505657], [-121.139733969979, 40.9608239710836], [-121.140274206947, 40.9608622956221], [-121.140600459956, 40.9606451767211], [-121.14114015778, 40.9606324222273], [-121.141583981452, 40.9605525315751], [-121.141714735415, 40.9601969361396], [-121.141710570155, 40.9599828804232], [-121.141751772016, 40.9599212676984], [-121.14186632156, 40.9597499740115], [-121.14236487866, 40.9597991092865], [-121.142976066672, 40.9597644467071], [-121.143048106212, 40.9593065142742], [-121.142970224572, 40.9590945802001], [-121.14312017275, 40.9587751668799], [-121.143175643496, 40.9587295059418], [-121.143264799351, 40.9583994963085], [-121.143019440884, 40.9581428883846], [-121.142790602598, 40.9577184566491], [-121.142398184927, 40.9571726053201], [-121.142883071287, 40.9570739336335], [-121.143340596423, 40.9571499833562], [-121.143614134734, 40.9570390828961], [-121.143771709444, 40.9570294160519], [-121.144260478756, 40.9570880899061], [-121.144839560698, 40.9573848697155], [-121.144942126188, 40.9574244717878], [-121.14526208976, 40.9575480133081], [-121.145296503001, 40.9575598594433], [-121.145499902448, 40.9576388885464], [-121.145604531435, 40.957839198654], [-121.145628733499, 40.9578523438704], [-121.145654415683, 40.9578700840957], [-121.14568114445, 40.9578819699671], [-121.145702316501, 40.9578722964402], [-121.145735936891, 40.9578707249137], [-121.145762819497, 40.9578707243385], [-121.145789000938, 40.9578650908639], [-121.145811942512, 40.9578807938167], [-121.145840957775, 40.9578811836171], [-121.14587332263, 40.95787771256], [-121.145887867261, 40.9578956981521], [-121.145907312495, 40.9579061956765], [-121.145928191232, 40.9579161989178], [-121.145960901086, 40.9579178387185], [-121.145988878744, 40.9579251648487], [-121.146018593823, 40.9579246904417], [-121.146055612266, 40.9579317651363], [-121.146080512577, 40.957944239829], [-121.146104974943, 40.9579473337749], [-121.146126466491, 40.9579318566409], [-121.146147906571, 40.9579169503051], [-121.146177538554, 40.9579194580137], [-121.146204125452, 40.9579371880263], [-121.146227987565, 40.9579507471018], [-121.146251420624, 40.9579609989545], [-121.146285022658, 40.9579780203739], [-121.146309457739, 40.9579853618193], [-121.146334679723, 40.9579988705558], [-121.146352660525, 40.9580187193592], [-121.146375817262, 40.9580293611528], [-121.146400327905, 40.9580406977992], [-121.146421718598, 40.9580621830443], [-121.146412712337, 40.9580826326769], [-121.146417387912, 40.9581058057034], [-121.146428440302, 40.9581230835684], [-121.146458505528, 40.9581344440149], [-121.146467184563, 40.9581563432356], [-121.146486355829, 40.9581675946179], [-121.14650106159, 40.9581906116245], [-121.146500974403, 40.9582238077788], [-121.146512025748, 40.9582492874052], [-121.146519388422, 40.9582726222777], [-121.146526985055, 40.9582934277125], [-121.14655513344, 40.9583103360372], [-121.14657666805, 40.9583217720459], [-121.146613491011, 40.9583125421671], [-121.146645206544, 40.9583040781493], [-121.1466774195, 40.9582927804336], [-121.146707733201, 40.9582965566696], [-121.1467344335, 40.9582909930152], [-121.146747951882, 40.9582701253211], [-121.146762765821, 40.9582526235637], [-121.146799485342, 40.9582602215614], [-121.146815124967, 40.9582748552135], [-121.146826227855, 40.9583002091029], [-121.146852821099, 40.9583040924375], [-121.14687320057, 40.9583184365996], [-121.146902785888, 40.9583275380489], [-121.146906861864, 40.9583489118759], [-121.146936291091, 40.9583703403632], [-121.146967958739, 40.9583854602488], [-121.146987418995, 40.958397254007], [-121.147025778132, 40.9584114709137], [-121.147055072302, 40.958415860995], [-121.147083279059, 40.9584228667319], [-121.147111279309, 40.9584261541497], [-121.147134501981, 40.9584376394364], [-121.147167681447, 40.9584586613254], [-121.147186328193, 40.9584746827856], [-121.147195550898, 40.958494771379], [-121.147210737703, 40.9585153989607], [-121.147212782249, 40.9585433957322], [-121.147211067951, 40.9585656687607], [-121.147214654136, 40.9585897518694], [-121.147240781646, 40.9585951710925], [-121.147277241665, 40.9585862587963], [-121.147308851271, 40.9585763611963], [-121.147339014161, 40.9585771482632], [-121.147367828271, 40.9585681079404], [-121.147404545422, 40.9585490408304], [-121.147408053507, 40.9585253430687], [-121.147418659165, 40.9585032019112], [-121.147432467422, 40.9584853326898], [-121.147456259441, 40.9584838257434], [-121.147482045243, 40.9585037766023], [-121.147483832491, 40.95852419566], [-121.147520507156, 40.9585271068844], [-121.147543289651, 40.9585208897809], [-121.147565869888, 40.9585135302672], [-121.147596017521, 40.9585033883392], [-121.147620802206, 40.9584993557631], [-121.147627645607, 40.9584983756853], [-121.147821910716, 40.9585565828495], [-121.14783146778, 40.9585680728316], [-121.147853405595, 40.9585811726636], [-121.14787051374, 40.958600912154], [-121.147883475151, 40.9586229899851], [-121.147881461799, 40.9586281441581], [-121.14788953608, 40.9586304900433], [-121.147912389745, 40.9586247893894], [-121.147890535724, 40.9586307835928], [-121.147898315448, 40.9586330483914], [-121.147880262396, 40.9586515702477], [-121.147875053303, 40.9586696281078], [-121.147877510628, 40.9586882813635], [-121.147860399103, 40.958708366804], [-121.147865525463, 40.9587300697342], [-121.147872351508, 40.9587567990187], [-121.147899321112, 40.9587710103923], [-121.147913936344, 40.9587938983404], [-121.14792862557, 40.9588158422652], [-121.147931893088, 40.9588347457631], [-121.147920874021, 40.958851359559], [-121.147910762724, 40.9588781354521], [-121.147935719048, 40.9588961630157], [-121.147950527435, 40.958919248308], [-121.147977605034, 40.9589429758932], [-121.148004667872, 40.9589558069664], [-121.148026421038, 40.9589638737071], [-121.148045500903, 40.9589796360883], [-121.148070592166, 40.9589949548951], [-121.148102104535, 40.9589928723209], [-121.148130289171, 40.95899021305], [-121.148164337685, 40.9589877620711], [-121.148198204254, 40.958981052847], [-121.148231664429, 40.9589770755641], [-121.148258019461, 40.9589583512066], [-121.148281465378, 40.9589478715649], [-121.148310961558, 40.9589500962092], [-121.148347664083, 40.9589423148215], [-121.148383270552, 40.9589441183801], [-121.148407307971, 40.9589384887437], [-121.148438265523, 40.9589366841862], [-121.148467475934, 40.9589451796482], [-121.148488531538, 40.9589612373461], [-121.148519521631, 40.9589645942744], [-121.148550254545, 40.9589677571424], [-121.148586170433, 40.9589650681365], [-121.14861518522, 40.958956772603], [-121.148649056727, 40.9589571432361], [-121.148690414557, 40.9589566431398], [-121.148714557308, 40.9589535217488], [-121.148738695491, 40.9589486272354], [-121.148761485143, 40.9589646428145], [-121.148789229862, 40.9589652931936], [-121.148815706888, 40.9589707241947], [-121.148842642739, 40.9589735110531], [-121.148871444018, 40.9589723677262], [-121.148898756204, 40.9589826609123], [-121.148905226415, 40.9590049262858], [-121.14891911528, 40.9590208191659], [-121.148932367062, 40.959038899215], [-121.148939313235, 40.9590645740845], [-121.148944628467, 40.9590822459905], [-121.148964635621, 40.9591024542316], [-121.148978077501, 40.9591179385617], [-121.14900037342, 40.9591396835704], [-121.149016339723, 40.9591543617143], [-121.149033113116, 40.9591811391172], [-121.149062076464, 40.9591946723831], [-121.14908426246, 40.959207896769], [-121.149110526042, 40.9592157164119], [-121.14913155783, 40.9592353980334], [-121.149147426527, 40.9592557812667], [-121.149171414492, 40.9592729939911], [-121.149186220043, 40.9592942366391], [-121.149186830213, 40.9593206167], [-121.149195651886, 40.9593403835984], [-121.149219837498, 40.9593468510182], [-121.149243615009, 40.9593556431538], [-121.149265430181, 40.9593724803127], [-121.149273916137, 40.959392561139], [-121.149253809683, 40.959416539612], [-121.149268189395, 40.9594360950011], [-121.149289305406, 40.9594522718519], [-121.149314619007, 40.9594645357992], [-121.149323839101, 40.9594867938856], [-121.149312402468, 40.9595064642346], [-121.14932082048, 40.9595335869728], [-121.149350933313, 40.959533889283], [-121.149386210497, 40.9595288849572], [-121.149417403072, 40.9595472008503], [-121.149433457202, 40.9595647640321], [-121.149459056432, 40.959574242146], [-121.149493637533, 40.9595773171227], [-121.149517900728, 40.9595717653814], [-121.149542700536, 40.9595737896822], [-121.149562236144, 40.9595842335753], [-121.149596196926, 40.9595851194041], [-121.149628565553, 40.9595868992474], [-121.149656318704, 40.9595889531116], [-121.149671246989, 40.9595700894248], [-121.149706606771, 40.9595657960354], [-121.149737938491, 40.9595616090829], [-121.149764087549, 40.9595707937558], [-121.149793120605, 40.959588150048], [-121.149812274774, 40.9595989433958], [-121.149842211293, 40.9596008410735], [-121.149872621215, 40.9596059860834], [-121.149910009638, 40.9596017361335], [-121.149937187204, 40.9595896180526], [-121.149966995154, 40.9595805013001], [-121.149987321469, 40.9595913838425], [-121.150012730685, 40.9595994427215], [-121.150012491493, 40.9596231771729], [-121.150024839516, 40.9596411456074], [-121.150029492108, 40.959660202105], [-121.149996222909, 40.9596713869862], [-121.14997927733, 40.959687124805], [-121.149986374599, 40.9597121972817], [-121.150014611998, 40.9597290914307], [-121.150043813538, 40.9597206595927], [-121.150075376166, 40.9597114545813], [-121.150097859952, 40.9597264996733], [-121.150095858027, 40.9597470662332], [-121.150118030602, 40.9597696032719], [-121.150144707508, 40.9597646373601], [-121.150169616455, 40.9597714033796], [-121.150193631929, 40.9597805075977], [-121.150208424249, 40.9597957730486], [-121.150224698166, 40.9598159280816], [-121.150234548619, 40.9598354854269], [-121.150240187408, 40.9598571817719], [-121.150233978421, 40.9598776483177], [-121.150213218892, 40.9598955971936], [-121.150185308661, 40.9599174429381], [-121.150165691921, 40.9599291914369], [-121.150142184139, 40.9599379583158], [-121.150109106563, 40.9599528184333], [-121.15008715942, 40.9599674102958], [-121.150072817084, 40.9599820763074], [-121.150082844979, 40.96000493599], [-121.150101600392, 40.9600212272496], [-121.150131253738, 40.9600397869014], [-121.150160892437, 40.9600609199289], [-121.15018937952, 40.9600685413891], [-121.150213406496, 40.9600740514241], [-121.150236038416, 40.9600825349748], [-121.150264207019, 40.9600831577026], [-121.150294311428, 40.9600797252327], [-121.150323987981, 40.9600795339773], [-121.150359325872, 40.9600859615682], [-121.15037467456, 40.9601053484487], [-121.150388197713, 40.9601315276355], [-121.150382201043, 40.9601532419225], [-121.150378043145, 40.9601797578109], [-121.150366982755, 40.9602025269407], [-121.150385557919, 40.96021652318], [-121.150395071753, 40.9602416797146], [-121.150396589287, 40.9602662647665], [-121.150403768713, 40.9602924528152], [-121.150405969711, 40.9603180497018], [-121.150429077352, 40.9603375651557], [-121.150453565283, 40.9603537026704], [-121.150477734322, 40.9603684600864], [-121.150515023134, 40.9603827561006], [-121.150541382031, 40.9603918215601], [-121.150561478286, 40.9604054487755], [-121.150587442152, 40.9604062205788], [-121.150614798801, 40.9604130081228], [-121.150645116509, 40.9604206027128], [-121.15065169641, 40.9604392170839], [-121.150671196878, 40.9604499629742], [-121.150693863003, 40.9604648053717], [-121.150710952723, 40.9604840581534], [-121.150735519498, 40.9604994020123], [-121.150768156146, 40.960495270356], [-121.150790098451, 40.9605065018993], [-121.150807509338, 40.9605323208833], [-121.150832842498, 40.960545396161], [-121.150853715491, 40.96055992168], [-121.150873249062, 40.9605745883771], [-121.150897803618, 40.9605827072192], [-121.150925012974, 40.9605949768225], [-121.150946734438, 40.9606143689076], [-121.150964677973, 40.9606346616529], [-121.150990458158, 40.9606540776076], [-121.151023152198, 40.9606714143277], [-121.151043262364, 40.9606882750236], [-121.151063376486, 40.9607125806242], [-121.151078245005, 40.9607354046588], [-121.151086143001, 40.9607601787046], [-121.151106592561, 40.9607838523132], [-121.151133750732, 40.9607938806637], [-121.151150855492, 40.9608170291694], [-121.151163919493, 40.9608340773088], [-121.151188143027, 40.960837306729], [-121.151214629652, 40.9608469925644], [-121.151226042514, 40.9608742326835], [-121.151246897608, 40.960892674045], [-121.15126971937, 40.9609023125511], [-121.151288200886, 40.9609205991835], [-121.151292574759, 40.9609451390018], [-121.151303095519, 40.9609782861715], [-121.151336466116, 40.9609935172575], [-121.1513499811, 40.961019673018], [-121.151381834801, 40.961049105187], [-121.151403399233, 40.9610747677959], [-121.151448456845, 40.9610881396043], [-121.151469825098, 40.9611113352762], [-121.151503897884, 40.9611265895815], [-121.151534827881, 40.9611412565627], [-121.151550516441, 40.9611621854038], [-121.151581609386, 40.9611899973368], [-121.15161178546, 40.9612151967109], [-121.151634953179, 40.9612321219426], [-121.151651421289, 40.9612475997559], [-121.151644669372, 40.9612716636884], [-121.151644627601, 40.9612955333201], [-121.151661575909, 40.9613112643924], [-121.151681587473, 40.9613265437554], [-121.151711799857, 40.9613323487854], [-121.151738784611, 40.9613396107444], [-121.151764599816, 40.9613566611139], [-121.151779832063, 40.9613766697142], [-121.15178738882, 40.9614013207407], [-121.151786201535, 40.9614217933608], [-121.151768450852, 40.9614347836193], [-121.151784154313, 40.9614532976252], [-121.15179833041, 40.9614744539232], [-121.151792068927, 40.9614977781332], [-121.151804977058, 40.961519683138], [-121.151836024991, 40.9615403667347], [-121.151855339682, 40.9615573517825], [-121.151856579784, 40.9615860822039], [-121.15185373659, 40.9616063592618], [-121.151837838609, 40.9616294641805], [-121.151820738267, 40.9616458479209], [-121.151822522367, 40.9616657660678], [-121.151828977343, 40.9616905678131], [-121.151831431831, 40.9617130521315], [-121.151815613955, 40.961729889865], [-121.15181055003, 40.9617479195845], [-121.151795692053, 40.9617756919973], [-121.151795354691, 40.96179437101], [-121.151778739825, 40.9618110448978], [-121.151774156599, 40.9618363322361], [-121.151768396515, 40.9618541917779], [-121.151744373196, 40.961875431746], [-121.151740305982, 40.9619012828579], [-121.151758238811, 40.9619246552338], [-121.151742042509, 40.9619384033205], [-121.151711061237, 40.9619465159018], [-121.151674535182, 40.9619452947839], [-121.151639741515, 40.9619440757063], [-121.151599273474, 40.961948716762], [-121.151568551154, 40.9619423730968], [-121.151533832541, 40.9619439139585], [-121.151497692478, 40.9619660656474], [-121.151500753429, 40.961994472961], [-121.151529370844, 40.9620218257158], [-121.151559888446, 40.9620429719885], [-121.15157937959, 40.962076168038], [-121.151623154033, 40.9620956036412], [-121.151644887386, 40.9621131764138], [-121.151666412507, 40.9621396953204], [-121.151699880558, 40.9621634227571], [-121.151741524586, 40.9621726002632], [-121.151771737692, 40.9621948178806], [-121.151802444571, 40.9622139089771], [-121.151857389775, 40.9622093118794], [-121.151901881647, 40.962216073627], [-121.151939726581, 40.962225869943], [-121.15196510281, 40.9622323898547], [-121.151989579668, 40.962244807886], [-121.152020406514, 40.9622571493402], [-121.152040716128, 40.9622706293227], [-121.152067662824, 40.9622897261974], [-121.152086756815, 40.9623089288171], [-121.152109146016, 40.9623201407185], [-121.152128220298, 40.9623369252323], [-121.152145553397, 40.9623524914315], [-121.152163990517, 40.9623683393711], [-121.152183094524, 40.9623852731693], [-121.152194575548, 40.9624036089437], [-121.152197313718, 40.9624314903458], [-121.152222348599, 40.9624331497607], [-121.15224927857, 40.9624463028613], [-121.152270675338, 40.9624579680816], [-121.152295423571, 40.9624698258355], [-121.152321685712, 40.9624885037025], [-121.152347121049, 40.962495592426], [-121.152381871094, 40.9624946637295], [-121.152405708163, 40.9625000426702], [-121.152431802477, 40.9625146900902], [-121.152452512429, 40.962530099863], [-121.152459978361, 40.9625489853218], [-121.152484500398, 40.9625670277854], [-121.152520345101, 40.9625723166618], [-121.152550789933, 40.9625547960825], [-121.152589728781, 40.9625757878477], [-121.152614014861, 40.9625942928744], [-121.152612023546, 40.9626267463309], [-121.152606027662, 40.962645738857], [-121.152644903677, 40.9626567282889], [-121.152659118537, 40.9626810142351], [-121.152677319381, 40.9627014449684], [-121.152714820282, 40.9627144238599], [-121.152742634056, 40.9627272191175], [-121.152761751451, 40.9627497902677], [-121.152748616797, 40.9627660952156], [-121.152727448511, 40.9627918933369], [-121.152788310623, 40.9628194447737], [-121.152830125077, 40.9628265543626], [-121.152856961815, 40.9628332065853], [-121.152893045863, 40.9628514197943], [-121.152936643084, 40.9628568559582], [-121.152957829268, 40.9628679616883], [-121.152992222599, 40.9628806222927], [-121.153021114923, 40.9628871392815], [-121.153022607358, 40.9629072096975], [-121.153040955065, 40.9629307186467], [-121.153062700439, 40.9629520410441], [-121.153084950887, 40.9629751679849], [-121.153113363888, 40.9629800018042], [-121.153148119087, 40.9629927878711], [-121.153172511377, 40.9630080491202], [-121.153195204235, 40.9630196616838], [-121.153230661396, 40.9630234231395], [-121.153253057567, 40.9630368962936], [-121.153279271563, 40.9630482465849], [-121.153312454858, 40.9630583738502], [-121.153334633748, 40.9630649581473], [-121.153356240563, 40.9630754823892], [-121.153379075035, 40.9630882964485], [-121.153403870655, 40.9630992336355], [-121.153440918888, 40.9631061014082], [-121.153463999157, 40.9631206917578], [-121.153499602882, 40.9631426240582], [-121.153527347809, 40.963146811629], [-121.15355132299, 40.9631612288177], [-121.153566472499, 40.9631769852877], [-121.153580999057, 40.963198691407], [-121.153603514551, 40.9632116011759], [-121.153620939109, 40.9632311343501], [-121.153639347511, 40.9632476004426], [-121.153665951572, 40.9632617933148], [-121.153684799351, 40.9632772245997], [-121.153719820985, 40.9632871365652], [-121.153750874607, 40.9632812176466], [-121.153785946318, 40.9632844788474], [-121.153834707916, 40.9633034703147], [-121.153865313233, 40.9633145366624], [-121.153900868687, 40.9633230822361], [-121.153931850582, 40.9633365273351], [-121.153952483796, 40.9633466000594], [-121.153981392619, 40.9633533139985], [-121.154010355588, 40.963338828692], [-121.154037883755, 40.9633419324479], [-121.15406232915, 40.9633403524413], [-121.154095800505, 40.9633447356679], [-121.154127622902, 40.9633622382693], [-121.154147238902, 40.9633744782548], [-121.15415338763, 40.9633942677922], [-121.154173162456, 40.9634116699411], [-121.154204654574, 40.9634321921254], [-121.15423457772, 40.9634449153203], [-121.154261572424, 40.9634721203159], [-121.154271508864, 40.9634934588153], [-121.154304718625, 40.9635148336724], [-121.154329302751, 40.9635473516033], [-121.154327355105, 40.9635737481954], [-121.154355361157, 40.9635919013877], [-121.154361613317, 40.9636112502759], [-121.154374528408, 40.9636340343856], [-121.154387702546, 40.9636563863236], [-121.154395757797, 40.9636849493048], [-121.154404128393, 40.9637067473613], [-121.154415584235, 40.963728052895], [-121.154429634243, 40.9637494146471], [-121.154431878556, 40.9637704376863], [-121.154444232306, 40.9637938288484], [-121.154461270651, 40.9638275256199], [-121.15447192315, 40.9638450138254], [-121.154486584303, 40.9638684962892], [-121.154499987111, 40.9638860032279], [-121.154510504031, 40.9639096176892], [-121.15452568779, 40.9639258575795], [-121.154569187571, 40.9639350134197], [-121.154593928113, 40.9639418234074], [-121.154623886684, 40.9639480806071], [-121.154653215376, 40.9639534146888], [-121.154678171775, 40.9639516271147], [-121.154707469804, 40.9639571218453], [-121.154734719888, 40.9639590846517], [-121.154766761703, 40.9639716629081], [-121.154794105557, 40.96399581379], [-121.154793340782, 40.9640199956208], [-121.154813187136, 40.964046123218], [-121.154845493761, 40.964063877062], [-121.154872194375, 40.9640841983131], [-121.15489798817, 40.9641154129377], [-121.154936522194, 40.9641273644113], [-121.154967125569, 40.9641472260959], [-121.155002193972, 40.9641709586442], [-121.155035606689, 40.9641844557977], [-121.15506970455, 40.9642024642291], [-121.155100298697, 40.9642174578581], [-121.155121605768, 40.9642419618187], [-121.155155145546, 40.964251093316], [-121.155157850199, 40.964279029988], [-121.155137008595, 40.9643093224391], [-121.155174780758, 40.964327430222], [-121.155203145847, 40.964336484313], [-121.155232577217, 40.9643600301581], [-121.155256275413, 40.9643832532917], [-121.155299649445, 40.9643959419742], [-121.155323804056, 40.9644207439355], [-121.155333485525, 40.9644413350996], [-121.155348639872, 40.9644719164166], [-121.155357046835, 40.9645009085924], [-121.15538563149, 40.964525328099], [-121.155409100305, 40.9645446132491], [-121.155410281638, 40.9645656749529], [-121.155435247194, 40.9645974909053], [-121.155457912913, 40.9646080248366], [-121.155501995238, 40.9646126086988], [-121.15553216754, 40.9646183996957], [-121.155571727001, 40.9646328111449], [-121.155597106038, 40.9646457148189], [-121.155592851929, 40.9646665817248], [-121.155573199947, 40.964699595096], [-121.155552772197, 40.9647218666873], [-121.155557013947, 40.9647533778399], [-121.155573736418, 40.9647881351974], [-121.155554818562, 40.9648110433492], [-121.155519837095, 40.9648195137444], [-121.155498258523, 40.9648383000847], [-121.155488549768, 40.964878852074], [-121.155457031087, 40.9649016118543], [-121.155432633541, 40.9649186961327], [-121.155401118143, 40.9649341955943], [-121.155394769744, 40.9649658055933], [-121.15543330609, 40.9649861479404], [-121.155470293433, 40.9649992055832], [-121.155502148587, 40.9650235596924], [-121.155537402743, 40.9650455866043], [-121.155576240788, 40.9650549158722], [-121.155618348538, 40.9650706489425], [-121.155630274906, 40.9650748634411], [-121.15563191576, 40.9650957722392], [-121.155630130225, 40.9651310503795], [-121.155645786798, 40.9651554767973], [-121.155658106533, 40.9651874286161], [-121.155672217373, 40.9652144579096], [-121.155700229446, 40.9652365463626], [-121.155715518228, 40.9652555197063], [-121.1557297624, 40.9652987540931], [-121.155746221423, 40.9653239740716], [-121.155758435592, 40.9653486116238], [-121.155817168067, 40.9653635015792], [-121.15586443538, 40.9653620164375], [-121.155904024228, 40.965347263875], [-121.155936626849, 40.9653657238189], [-121.155948385128, 40.9653919873768], [-121.155975657476, 40.965418797564], [-121.155985276519, 40.9654445727472], [-121.156022282774, 40.9654660274055], [-121.156031689478, 40.9654856813371], [-121.156034795191, 40.9655084038195], [-121.156033511157, 40.9655388191352], [-121.156035233585, 40.9655653134013], [-121.156043691437, 40.9655959692482], [-121.156068613779, 40.9656240220245], [-121.156057666433, 40.9656458600115], [-121.156081584126, 40.9656612711019], [-121.156117372537, 40.9656912415727], [-121.156144156105, 40.9657157037373], [-121.156170032926, 40.9657385668985], [-121.156186922027, 40.9657569883896], [-121.1562127796, 40.9657735546117], [-121.156267454771, 40.9657708420765], [-121.156312008445, 40.9657821707166], [-121.156350843437, 40.965775249294], [-121.156377513414, 40.9657763872978], [-121.156377537305, 40.9657947891615], [-121.15637875822, 40.9658150441218], [-121.156418907321, 40.9658474690304], [-121.15643977778, 40.9658719372126], [-121.156457237104, 40.9659066921828], [-121.156480004064, 40.9659287326227], [-121.156498341305, 40.9659576022197], [-121.156522699993, 40.965969188897], [-121.156561816804, 40.9659843700114], [-121.156607622438, 40.965998224186], [-121.156633829546, 40.9660121471516], [-121.156671199609, 40.9660288734057], [-121.156656800747, 40.9660468844114], [-121.156671738415, 40.9660643030735], [-121.156691868972, 40.9660846181379], [-121.156725245457, 40.9661094480321], [-121.156732805359, 40.9661320166511], [-121.156753569487, 40.9661599771622], [-121.15678478067, 40.9661849126853], [-121.156793870785, 40.9662082681269], [-121.156795319531, 40.966226807275], [-121.156772949467, 40.9662609173475], [-121.156800499651, 40.96628177909], [-121.156814090467, 40.966315122833], [-121.156825962703, 40.966348738373], [-121.156856997151, 40.9663649664197], [-121.156858028821, 40.9663946359253], [-121.156846598561, 40.9664257191641], [-121.15684960647, 40.96644463041], [-121.156806948725, 40.9664632130334], [-121.156799342537, 40.9664903442007], [-121.156769789248, 40.9665188201375], [-121.156747738459, 40.9665378633776], [-121.156729174014, 40.9665623740639], [-121.156695128191, 40.9665749474145], [-121.15667445103, 40.9666008462772], [-121.156660413322, 40.9666138533785], [-121.156666249234, 40.9666516433133], [-121.156670484347, 40.9666593680562], [-121.156697906226, 40.9666839107185], [-121.156729446581, 40.9667006521972], [-121.15675547953, 40.9667131054228], [-121.156785441812, 40.9667203216692], [-121.156805147851, 40.9667329064439], [-121.156827744582, 40.9667418279995], [-121.156832459559, 40.9667615956183], [-121.156846364515, 40.9667834549731], [-121.156861976852, 40.9667997663537], [-121.156880780699, 40.9668299380592], [-121.156873192403, 40.9668477716151], [-121.156906264426, 40.966871438404], [-121.156933675529, 40.9668927167834], [-121.15696282835, 40.9668924198037], [-121.156993791969, 40.9668874685811], [-121.15703076855, 40.9668846438999], [-121.157055353846, 40.966879509358], [-121.157072918298, 40.9668888009339], [-121.157079196272, 40.9668921215599], [-121.157112808268, 40.9669069786833], [-121.157122946745, 40.9669173202187], [-121.157132601103, 40.9669271670807], [-121.157151405164, 40.9669403647319], [-121.157177453142, 40.9669618620146], [-121.157205276574, 40.9669734813579], [-121.157240293635, 40.9669913807406], [-121.15726850763, 40.9669948729991], [-121.157310758968, 40.9670088823951], [-121.157350977196, 40.9670121760456], [-121.157397628197, 40.9670115087458], [-121.1574230577, 40.967021129265], [-121.157463674295, 40.9670258598949], [-121.157497440127, 40.9670307864261], [-121.157538771512, 40.9670416381398], [-121.157571339597, 40.9670518268008], [-121.157615337537, 40.9670579271159], [-121.157645585529, 40.9670540320316], [-121.157699537279, 40.9670557459045], [-121.15774743151, 40.9670631913106], [-121.157781481303, 40.9670856847188], [-121.157816356589, 40.9671057557772], [-121.157833318699, 40.9671280029675], [-121.157856892122, 40.9671460208424], [-121.15789475042, 40.9671425651407], [-121.157923988368, 40.9671473289915], [-121.157945341405, 40.9671598947272], [-121.157955609348, 40.9671765726645], [-121.157978085531, 40.9671927410137], [-121.158005641359, 40.9671922964119], [-121.158036739481, 40.9671998271001], [-121.15805918053, 40.9671929372544], [-121.158089908389, 40.9671950968696], [-121.158099420553, 40.9672115898873], [-121.158112186706, 40.9672365149775], [-121.158138546554, 40.9672378257769], [-121.158154096589, 40.967220888716], [-121.158149623711, 40.967194867721], [-121.158187828378, 40.9671886597552], [-121.15821334159, 40.9671921110642], [-121.158241408367, 40.9672008329987], [-121.158263273538, 40.9672173979978], [-121.158288142287, 40.9672274316982], [-121.158318431117, 40.9672269553842], [-121.158348747985, 40.9672181913632], [-121.158375655476, 40.9672221712168], [-121.158396350553, 40.9672320687959], [-121.158418435277, 40.9672456737353], [-121.158451879984, 40.9672544655952], [-121.158481608134, 40.9672634874244], [-121.158508351284, 40.967273629843], [-121.15851933575, 40.967290402907], [-121.158530533593, 40.9673088489595], [-121.158537994601, 40.9673296578571], [-121.158567226154, 40.9673327637702], [-121.158599768427, 40.9673298310771], [-121.15863699913, 40.9673466067229], [-121.15865682421, 40.9673639708453], [-121.158691879479, 40.967371159236], [-121.158728471446, 40.9673762916891], [-121.158757271212, 40.967379128558], [-121.158787074162, 40.9673767185759], [-121.158821373498, 40.9673871782817], [-121.158844048969, 40.9673994847283], [-121.158869872816, 40.967420147621], [-121.158905773601, 40.9674133319022], [-121.158932349557, 40.9674001172348], [-121.158960034584, 40.9673953049556], [-121.15898919525, 40.9674075692405], [-121.159020759521, 40.9674054744342], [-121.159046363284, 40.967390218074], [-121.159073095316, 40.9673751954142], [-121.159104759914, 40.9673876553878], [-121.159136998346, 40.9673971853685], [-121.159177604047, 40.9673954715608], [-121.159215464078, 40.9674100247265], [-121.159238969433, 40.9673952013563], [-121.15926716143, 40.9673850071087], [-121.159292482877, 40.9673726464435], [-121.15929766468, 40.9673544332068], [-121.159319257486, 40.9673371335866], [-121.159355777751, 40.967338036304], [-121.159381387627, 40.9673307537106], [-121.15941158054, 40.9673162196448], [-121.159437945479, 40.967315927236], [-121.159462640495, 40.9673122228963], [-121.159494920119, 40.967308689635], [-121.159519851578, 40.9673045524094], [-121.159544725968, 40.9672972432709], [-121.159570799605, 40.9672806480547], [-121.159596139008, 40.9672747104245], [-121.159624820258, 40.9672694589727], [-121.159653625619, 40.9672708017168], [-121.159687320419, 40.9672738830616], [-121.159717697858, 40.9672740407943], [-121.159730586577, 40.9672814166199], [-121.159732279534, 40.9672938428804], [-121.15973425167, 40.9673160730856], [-121.159728243536, 40.9673342138213], [-121.159717414438, 40.9673552320641], [-121.159717727902, 40.9673749701701], [-121.159712166107, 40.9673926607657], [-121.159699442524, 40.9674168158712], [-121.159695224845, 40.9674374483861], [-121.159694292418, 40.9674580549134], [-121.159695511653, 40.9674796190605], [-121.159705073166, 40.96749767475], [-121.159723923984, 40.9675098300317], [-121.159736282545, 40.967529763581], [-121.159725506318, 40.9675514850225], [-121.159726860305, 40.9675704323031], [-121.159720359965, 40.9675944296392], [-121.159710226876, 40.967620763663], [-121.159709748499, 40.9676408082578], [-121.159706547386, 40.9676618899537], [-121.159697158574, 40.9676870304462], [-121.159690148593, 40.9677141824277], [-121.159682404957, 40.9677401681103], [-121.159679290463, 40.9677607309255], [-121.159689384055, 40.9677799692081], [-121.159695226574, 40.9678051007784], [-121.159697380191, 40.9678243722122], [-121.159704225158, 40.9678501071624], [-121.159704595443, 40.9678723387337], [-121.159703261048, 40.9678915082937], [-121.159702958563, 40.967911635956], [-121.159708060429, 40.9679351661092], [-121.159699953554, 40.9679567411448], [-121.159700764587, 40.9679753024367], [-121.159697590434, 40.9679949639046], [-121.159701645304, 40.9680183677262], [-121.159703587764, 40.9680375780537], [-121.159705526856, 40.9680568740083], [-121.159709149588, 40.9680749803259], [-121.159708673125, 40.9680966169889], [-121.159710589414, 40.968114719324], [-121.159703821587, 40.9681374487371], [-121.159696949463, 40.9681601908314], [-121.159701067451, 40.9681779339542], [-121.159710703963, 40.9681966584081], [-121.1597066961, 40.9682172709718], [-121.159706283596, 40.9682372771251], [-121.159692126122, 40.9682583830401], [-121.159672210506, 40.9682780818677], [-121.15965547558, 40.9682948760624], [-121.159637979367, 40.9683108529005], [-121.159634914422, 40.9683322081514], [-121.15963036984, 40.9683520868719], [-121.159630159542, 40.9683711577089], [-121.159627683722, 40.9683931850495], [-121.159630669378, 40.9684225247214], [-121.159646086693, 40.9684422929579], [-121.159653344452, 40.9684649777957], [-121.159650403351, 40.9684840712772], [-121.159650162587, 40.9685122272417], [-121.159657130435, 40.9685345327451], [-121.159653286744, 40.9685625320387], [-121.159668896444, 40.9685803838523], [-121.159690744212, 40.9686020836264], [-121.159719382275, 40.9686228463956], [-121.159743040457, 40.9686319936615], [-121.159763882955, 40.9686484201569], [-121.159769761342, 40.9686737081891], [-121.159771793775, 40.9686965082026], [-121.159768859144, 40.9687246189004], [-121.159770358537, 40.9687461750685], [-121.15977466947, 40.9687665284258], [-121.159766467435, 40.9687872141726], [-121.159773795109, 40.9688060555718], [-121.159775941204, 40.9688364941648], [-121.159764965268, 40.9688633694442], [-121.159765545562, 40.9688854414131], [-121.159768481355, 40.9689058652022], [-121.159770153958, 40.9689298416714], [-121.159760617703, 40.9689532112891], [-121.159763144919, 40.9689732613505], [-121.159764855154, 40.9689923540179], [-121.159751739442, 40.9690113536432], [-121.159757457119, 40.9690334482087], [-121.159759587672, 40.9690557049143], [-121.159759402821, 40.9690739952578], [-121.15975350253, 40.9690932360548], [-121.159741145002, 40.969111904281], [-121.15973994081, 40.9691325953579], [-121.159743790578, 40.9691543946153], [-121.159743882319, 40.9691796030241], [-121.15974269885, 40.9692026842805], [-121.159749962118, 40.9692233472214], [-121.159750755583, 40.9692484770381], [-121.159753635268, 40.969273006342], [-121.159741657364, 40.9692892230128], [-121.159721306759, 40.9693067797062], [-121.159696252905, 40.9693247278385], [-121.159685761542, 40.9693480054113], [-121.159689245452, 40.9693682511313], [-121.159682159898, 40.9693907258322], [-121.159660231501, 40.9694036677888], [-121.159655222388, 40.9694294290106], [-121.159649812537, 40.9694515466769], [-121.159645525567, 40.9694700255676], [-121.159640828879, 40.969495794703], [-121.159635192547, 40.9695146185892], [-121.159619694999, 40.9695363676629], [-121.15961593889, 40.9695600070994], [-121.159624339621, 40.9695790403894], [-121.159630497206, 40.9695976322811], [-121.159629717008, 40.9696160461915], [-121.15962315267, 40.9696400648878], [-121.159611092249, 40.9696656798194], [-121.159615943602, 40.9696910485966], [-121.159621371591, 40.969709610321], [-121.159611302259, 40.9697411723424], [-121.159630451295, 40.9697609627402], [-121.159650241711, 40.9697814238391], [-121.159658069475, 40.9698077101499], [-121.159660129043, 40.9698296891223], [-121.159665748264, 40.969852598234], [-121.159670583471, 40.9698707762262], [-121.159672189575, 40.9698903338975], [-121.159660747072, 40.9699201751357], [-121.159667160236, 40.9699401071612], [-121.159675052552, 40.9699718691981], [-121.159662573623, 40.9700025372718], [-121.159667058638, 40.9700289717437], [-121.159669170072, 40.9700522521952], [-121.159678347277, 40.9700697988311], [-121.159676039925, 40.9700988903464], [-121.159674336879, 40.9701257642807], [-121.159664425764, 40.9701521161275], [-121.159665138553, 40.9701836600879], [-121.159659094303, 40.9702111410493], [-121.159662302175, 40.9702356970667], [-121.159664226223, 40.970265547607], [-121.159659627075, 40.9702914771386], [-121.159654680217, 40.9703189677399], [-121.159640381206, 40.9703512087539], [-121.159637469742, 40.9703775965536], [-121.159633675992, 40.9703976512507], [-121.159629314008, 40.9704156794496], [-121.159626986728, 40.9704390434533], [-121.159619200141, 40.9704687931091], [-121.159612252426, 40.9704872300364], [-121.159608208479, 40.9705080448044], [-121.159604577263, 40.9705290485579], [-121.15959442911, 40.9705475521286], [-121.159584617013, 40.970567086937], [-121.159583578409, 40.9705861943362], [-121.159586949446, 40.9706090126087], [-121.159591156414, 40.9706307950739], [-121.159590947945, 40.9706488018479], [-121.159583405032, 40.9706671505957], [-121.159568443594, 40.9706838670871], [-121.159554341265, 40.9707106362582], [-121.159558055649, 40.9707297076602], [-121.15954341553, 40.9707444056129], [-121.159519180464, 40.9707457756959], [-121.159492868721, 40.9707562237788], [-121.159459049502, 40.9707733720389], [-121.159432037032, 40.9707899300391], [-121.159415176662, 40.9708076011826], [-121.159394252787, 40.9708260182213], [-121.159377557947, 40.9708453402729], [-121.159371168896, 40.9708630061525], [-121.159357671426, 40.9708906184425], [-121.159346967536, 40.9709105300249], [-121.159348576421, 40.9709419791992], [-121.159343357233, 40.9709654033791], [-121.159348260313, 40.9710011288087], [-121.159327998415, 40.9710227517911], [-121.159342386846, 40.9710500485815], [-121.159347384131, 40.9710700307251], [-121.159341777139, 40.9710951082522], [-121.15932163617, 40.9711192259062], [-121.159320615903, 40.9711494227527], [-121.159307581646, 40.9711749079714], [-121.159301563834, 40.9712060323736], [-121.159301725781, 40.9712319222461], [-121.159293969087, 40.9712519722714], [-121.159269811163, 40.9712736133764], [-121.159267806465, 40.9712950444398], [-121.159265925965, 40.9713169608959], [-121.15925468783, 40.971336886445], [-121.159241177814, 40.9713607074074], [-121.159234241013, 40.9713870541809], [-121.159220014226, 40.9714123801692], [-121.159216289537, 40.9714396783409], [-121.159217659019, 40.9714624647554], [-121.15921222041, 40.9714834789773], [-121.159195180545, 40.9715024050698], [-121.159165482708, 40.9715180752128], [-121.159141454743, 40.9715216282457], [-121.159113519191, 40.9715208665526], [-121.159089150369, 40.9715244173314], [-121.159075527918, 40.971550478329], [-121.159065353978, 40.9715727050804], [-121.159054412111, 40.9715895770523], [-121.159033647245, 40.9716035109504], [-121.159011798317, 40.9716207706125], [-121.15899059632, 40.9716428050223], [-121.158966219348, 40.9716479902825], [-121.158943822472, 40.9716543861479], [-121.15892101562, 40.9716715258354], [-121.158905354293, 40.9716895642254], [-121.158877287809, 40.9717024972236], [-121.158857292799, 40.9717226481215], [-121.158859183096, 40.9717476948512], [-121.158852809332, 40.9717688285596], [-121.158843077193, 40.97179357042], [-121.158823952249, 40.9718077287443], [-121.158811419248, 40.9718261633879], [-121.158776325635, 40.9718128971278], [-121.158747537926, 40.9718182169548], [-121.158716796054, 40.9718144267767], [-121.158686032469, 40.9718050126956], [-121.158651426427, 40.9718001176573], [-121.158618924544, 40.9718013335622], [-121.158595144601, 40.9717926448869], [-121.158573628073, 40.9717817439672], [-121.158545810416, 40.9717647142411], [-121.158550156386, 40.9717417621943], [-121.158541199462, 40.9717241007776], [-121.158528995347, 40.9717038268098], [-121.158509976122, 40.9716896762136], [-121.15848667475, 40.9716705142625], [-121.158456655234, 40.9716459472735], [-121.158447149466, 40.9716253212163], [-121.158423727887, 40.9716055503867], [-121.158396106207, 40.9715845345546], [-121.158365232447, 40.9715720309602], [-121.158336679516, 40.971561470042], [-121.15831954284, 40.9715474091876], [-121.158301578466, 40.9715290708077], [-121.158280662118, 40.9715030741879], [-121.158246835724, 40.9714883255931], [-121.158227961655, 40.9714686540349], [-121.158228404682, 40.9714463130286], [-121.158229799051, 40.9714212520702], [-121.158194509206, 40.9713976970575], [-121.1581697694, 40.9713689877885], [-121.15814212765, 40.9713498128529], [-121.158108234369, 40.9713439586966], [-121.158061644006, 40.9713404531074], [-121.158027473297, 40.9713386830681], [-121.15798872285, 40.9713389358789], [-121.157960025719, 40.9713582833828], [-121.157914725464, 40.9713551757415], [-121.15788388191, 40.9713483733331], [-121.15785571812, 40.971330402415], [-121.157823184033, 40.9713379416885], [-121.157797116699, 40.9713372642046], [-121.157773598428, 40.971323568755], [-121.157744963472, 40.9713191145989], [-121.157711119074, 40.9713090638872], [-121.157687484165, 40.9712966786677], [-121.157653640808, 40.971298792443], [-121.157614975266, 40.9712942843252], [-121.157579781106, 40.9713027807231], [-121.157545532715, 40.9713241491626], [-121.157515758029, 40.9713234014482], [-121.157495571854, 40.9713449729767], [-121.157470274728, 40.9713405013521], [-121.157442420614, 40.971363171053], [-121.157414482127, 40.9713737346817], [-121.157389630679, 40.9713531227559], [-121.157356980358, 40.9713569841678], [-121.157325620013, 40.971341971917], [-121.157301002663, 40.9713302246279], [-121.15727833772, 40.9713128018208], [-121.15724635372, 40.9713116510309], [-121.157215162553, 40.9713130571593], [-121.157214887548, 40.9713437948973], [-121.157218006256, 40.9713734866703], [-121.157247389019, 40.971398662617], [-121.157260984048, 40.9714169902538], [-121.157239875491, 40.9714351924049], [-121.157250797677, 40.9714655669521], [-121.157240049543, 40.971486091455], [-121.157252774529, 40.9715139652268], [-121.157299462115, 40.9715457997238], [-121.157288314363, 40.9715631122349], [-121.1572803486, 40.9715946357121], [-121.157302840284, 40.9716141270429], [-121.157291754291, 40.9716312930199], [-121.157267202247, 40.9716349775878], [-121.157233665843, 40.9716405329609], [-121.157203703673, 40.9716356683974], [-121.157170999704, 40.9716278621979], [-121.157146805238, 40.9716360583839], [-121.157107104356, 40.9716270672661], [-121.157078348956, 40.9716062715795], [-121.157052207712, 40.9716077966882], [-121.157019905719, 40.9716144956657], [-121.156985940907, 40.9716238346694], [-121.156958964503, 40.9716315412015], [-121.156932601582, 40.9716229761423], [-121.156908839445, 40.9716122768356], [-121.156879394965, 40.9715950752997], [-121.156862761887, 40.971580042803], [-121.156837611399, 40.9715651243013], [-121.156819961192, 40.9715423732679], [-121.156806602487, 40.9715238929254], [-121.156785392846, 40.9714981591672], [-121.156757815484, 40.9714803096139], [-121.156736812248, 40.9714627568949], [-121.15669222284, 40.9714509799361], [-121.156653101596, 40.9714419130327], [-121.156613047116, 40.9714378769755], [-121.156571952086, 40.9714391403563], [-121.156524016621, 40.9714510917268], [-121.156482194752, 40.9714699296637], [-121.156458591952, 40.9714895936776], [-121.156421916208, 40.9714937732158], [-121.156393910599, 40.971505640095], [-121.156372015081, 40.9715188568954], [-121.156328764412, 40.971530890075], [-121.156294472476, 40.9715447036209], [-121.156271657498, 40.9715533959399], [-121.156252999472, 40.9715749828607], [-121.156211688734, 40.9715869160568], [-121.156170577931, 40.9715914149717], [-121.156139679562, 40.9715904331525], [-121.156101458611, 40.9715948971964], [-121.156044080539, 40.9716004647084], [-121.156005063304, 40.971619815341], [-121.155977917512, 40.9716215693645], [-121.15594306093, 40.9716399354269], [-121.15590731261, 40.9716443413971], [-121.155861147555, 40.9716531928851], [-121.155826324789, 40.9716601419258], [-121.155797793462, 40.9716713017384], [-121.155762285334, 40.9716762460503], [-121.155717906887, 40.9716829924222], [-121.15568758467, 40.9716901556832], [-121.155661767394, 40.9716875310638], [-121.155649808544, 40.9716863153856], [-121.155606859538, 40.9716699799814], [-121.155598078891, 40.9716589580636], [-121.155590270251, 40.9716491570322], [-121.15556833666, 40.9716249038128], [-121.155540722463, 40.9716009013462], [-121.155519314596, 40.9715710804331], [-121.15551172702, 40.9715486488227], [-121.155498162504, 40.97152835021], [-121.155502677912, 40.9714995491738], [-121.155489759564, 40.9714779291139], [-121.155469873745, 40.9714532577986], [-121.155465705278, 40.9714190859706], [-121.155437935299, 40.9713899617964], [-121.155422822559, 40.9713582193771], [-121.155413261528, 40.9713281078027], [-121.155404696054, 40.9713109597351], [-121.155383944635, 40.9712771962351], [-121.1553749702, 40.9712555090662], [-121.155354239426, 40.9712431389036], [-121.155338399966, 40.9712289908727], [-121.155321816666, 40.9712534083497], [-121.15530215659, 40.9712718418475], [-121.155281650847, 40.9712912274177], [-121.155259694959, 40.9713087531971], [-121.155237789915, 40.9712848591682], [-121.155197173829, 40.9713052929196], [-121.155171017468, 40.9713055761857], [-121.155142021593, 40.9712953484097], [-121.155099847714, 40.9712921342611], [-121.155074410615, 40.9712909890674], [-121.155039141565, 40.9712877399003], [-121.155014354589, 40.9712665872108], [-121.1549924217, 40.9712495320478], [-121.15495766373, 40.9712395791405], [-121.154944650458, 40.9712242372308], [-121.154912105826, 40.9712195230353], [-121.154894977914, 40.9711959758322], [-121.154871705065, 40.9711920553119], [-121.154859869002, 40.9711743689038], [-121.154827643838, 40.9711671397245], [-121.154798273462, 40.9711624258958], [-121.154771482536, 40.9711528407996], [-121.154747309996, 40.9711431026555], [-121.154725137576, 40.9711330162539], [-121.154701871662, 40.9711226462253], [-121.154673221938, 40.9711228767451], [-121.15464580645, 40.9711208397296], [-121.154610782245, 40.9711132327094], [-121.154578901249, 40.9711123496877], [-121.154556961162, 40.9710969082235], [-121.154516157567, 40.9710910151367], [-121.154480881888, 40.9710792063024], [-121.154453778976, 40.9710767401805], [-121.154441289438, 40.971054141173], [-121.15441829013, 40.9710402528982], [-121.154399158252, 40.971026716322], [-121.154377932613, 40.9710030303156], [-121.154372534871, 40.9709655559232], [-121.15438220991, 40.9709442712374], [-121.154386564673, 40.9709160159552], [-121.154368728533, 40.970895901764], [-121.154349643953, 40.9708706579561], [-121.154345943952, 40.9708484012152], [-121.154334452665, 40.9708248081796], [-121.154336117086, 40.9707936260572], [-121.154353093137, 40.9707670291634], [-121.154351820488, 40.9707348623456], [-121.154359021683, 40.9707069763157], [-121.154365464278, 40.970675922145], [-121.15437356236, 40.9706443571263], [-121.15437442981, 40.9706205661259], [-121.15437633648, 40.9706011507268], [-121.154374193007, 40.9705972268214], [-121.154341859595, 40.9705046470201], [-121.15433434365, 40.9704862791482], [-121.154325287516, 40.9704663568518], [-121.154306830094, 40.9704397088929], [-121.154304344827, 40.9704153731278], [-121.154304724378, 40.9703972891141], [-121.154310576447, 40.9703754640197], [-121.154294487803, 40.9703611550924], [-121.154255696887, 40.9703500463275], [-121.154223000474, 40.9703322930899], [-121.154226927992, 40.9703098244402], [-121.154234937556, 40.9702769601072], [-121.154241160251, 40.9702546982108], [-121.154236334938, 40.9702346845716], [-121.154233110481, 40.9702146777685], [-121.154216107194, 40.9701851034162], [-121.154209421415, 40.9701541570285], [-121.154193866577, 40.9701336658589], [-121.154181164448, 40.9701032048268], [-121.154169523772, 40.9700723627749], [-121.154162902483, 40.9700488382855], [-121.154161809425, 40.9700180150343], [-121.15415946613, 40.9699912001979], [-121.154183734132, 40.9699733172011], [-121.154182259733, 40.9699457410985], [-121.154165585068, 40.9699219887198], [-121.154141764123, 40.9699028263035], [-121.154127873585, 40.9698862922962], [-121.154114732144, 40.96987551781], [-121.154140378858, 40.9698645219961], [-121.154195566309, 40.9698480977413], [-121.154218219454, 40.9698230477346], [-121.154227062106, 40.9698002183399], [-121.15420338113, 40.9697761603782], [-121.154194906762, 40.9697588140973], [-121.15416940318, 40.9697392068188], [-121.154173921531, 40.9697124133022], [-121.154194023582, 40.9696892663673], [-121.154235391563, 40.9696650372926], [-121.154276195134, 40.9696448580359], [-121.154303535665, 40.9696329356252], [-121.154340116129, 40.9696139909975], [-121.154345590339, 40.9695847559298], [-121.154348683492, 40.9695477419487], [-121.154331808332, 40.9695197071701], [-121.154338279444, 40.9694932479056], [-121.154334113537, 40.9694643749077], [-121.154339772681, 40.9694432607061], [-121.154366267447, 40.9694242227428], [-121.154403242009, 40.9694187435985], [-121.154437746651, 40.9694322092931], [-121.154470683157, 40.969445337174], [-121.154492480408, 40.9694360779581], [-121.154521846986, 40.9694095260657], [-121.154551704937, 40.9693694950807], [-121.154567331518, 40.9693311300084], [-121.15457943645, 40.969307588392], [-121.154583917224, 40.9692732862341], [-121.154587110131, 40.9692370948554], [-121.154576409542, 40.9692111132173], [-121.154564177358, 40.9691778223558], [-121.154572515524, 40.9691509475902], [-121.154582336406, 40.9691240456086], [-121.154597710606, 40.9690922295818], [-121.154576368941, 40.9690626152137], [-121.154570378592, 40.9690350484338], [-121.154577059314, 40.9690134445538], [-121.154585311942, 40.9689938930556], [-121.154597811578, 40.9689573634046], [-121.154599760631, 40.9689276482468], [-121.154603005533, 40.9688998024149], [-121.154582291356, 40.9688686622592], [-121.154543024466, 40.9688467909889], [-121.154529236577, 40.9688298389311], [-121.154526026919, 40.9688095716368], [-121.15453938846, 40.9687871608999], [-121.154564911226, 40.9687584830181], [-121.154599674011, 40.9687340427714], [-121.154619566506, 40.9687078532264], [-121.154627289941, 40.9686747924407], [-121.154632530928, 40.9686362918004], [-121.154616532795, 40.9686045197214], [-121.154583891989, 40.9685868580051], [-121.154560532545, 40.9685640234406], [-121.154530957689, 40.9685457621431], [-121.154487096456, 40.9685494029347], [-121.154441211149, 40.9685578881969], [-121.154407258384, 40.9685568089461], [-121.154372418433, 40.9685623800938], [-121.154335722475, 40.9685566301282], [-121.154303847626, 40.968564199323], [-121.154267825728, 40.9685659710095], [-121.154224211119, 40.9685686282355], [-121.154199111441, 40.9685769060761], [-121.15417082543, 40.9685771691698], [-121.154131248699, 40.9685902929836], [-121.154105353654, 40.9686090226058], [-121.154074795453, 40.9686139882891], [-121.154044427921, 40.9686235112908], [-121.154011897568, 40.9686227927115], [-121.153981257103, 40.9686252219008], [-121.153949346152, 40.9686226982769], [-121.153916560965, 40.9686108311848], [-121.153879771974, 40.9685978000197], [-121.153839010581, 40.9685928172669], [-121.153813198882, 40.9685920951564], [-121.15376838383, 40.9685956480958], [-121.153740726064, 40.9686157580408], [-121.153713236523, 40.9686335490411], [-121.15369607338, 40.9686545351578], [-121.153665716539, 40.9686665798823], [-121.153637863075, 40.9686713069466], [-121.153602958416, 40.9686785516437], [-121.15358049233, 40.9686848976162], [-121.153551522011, 40.9686969907801], [-121.153527757151, 40.9687079483662], [-121.153494196127, 40.9687161212778], [-121.153469004264, 40.9687210282608], [-121.153439243597, 40.9687326367463], [-121.153414180535, 40.9687320986549], [-121.153378529547, 40.968733828818], [-121.153347952259, 40.968728426631], [-121.153314865933, 40.9687439896634], [-121.153281182075, 40.9687625756694], [-121.153248277995, 40.9687670654482], [-121.153219479753, 40.9687864163474], [-121.153180922202, 40.9687966895836], [-121.153159099936, 40.9688140902805], [-121.153127354962, 40.9688233311433], [-121.153100777841, 40.9688367193863], [-121.153077131562, 40.9688338949151], [-121.153042602517, 40.9688475421377], [-121.153015409072, 40.9688604116652], [-121.152986101314, 40.9688736881297], [-121.15296010538, 40.9688911858718], [-121.152935038473, 40.9689120447966], [-121.152909238714, 40.96893096701], [-121.152876219637, 40.9689460697944], [-121.152849023489, 40.9689633686543], [-121.152819184198, 40.9689760111718], [-121.152786338057, 40.9689788631673], [-121.152749089336, 40.9689894575672], [-121.152726922957, 40.9689967322612], [-121.152695462277, 40.9690080868539], [-121.152657688515, 40.9690329003336], [-121.152645051844, 40.9690534553187], [-121.152614428437, 40.9690753421304], [-121.152594888409, 40.9690900087505], [-121.152575176376, 40.9691089855631], [-121.152540406862, 40.9691192002335], [-121.152520182936, 40.9691427678782], [-121.152494457326, 40.9691601783383], [-121.152461228237, 40.9691611470744], [-121.152423115476, 40.969160956201], [-121.152385109838, 40.9691590019608], [-121.152356262662, 40.9691518986905], [-121.15233083096, 40.9691508916532], [-121.152309573527, 40.9691633197519], [-121.152275196685, 40.9691665461316], [-121.152247824546, 40.9691763564257], [-121.152217596244, 40.9691713228556], [-121.152199712472, 40.9691563247493], [-121.152167159669, 40.9691391679485], [-121.152142336407, 40.9691238797301], [-121.152106015579, 40.9691314001612], [-121.152076855675, 40.9691314600016], [-121.152048616704, 40.9691387518247], [-121.152023091163, 40.9691553151987], [-121.151988409208, 40.9691617347732], [-121.151960440656, 40.9691668571647], [-121.151932461773, 40.9691604341597], [-121.151904233251, 40.9691592591044], [-121.151883564505, 40.9691701157551], [-121.151858330948, 40.9691813343417], [-121.151824998978, 40.9692093250145], [-121.151810711779, 40.9692300492038], [-121.15179741969, 40.9692517382057], [-121.15177148621, 40.9692773901298], [-121.151745982743, 40.9692787262493], [-121.151712539504, 40.9692838269698], [-121.151679249469, 40.9692933051567], [-121.151651924823, 40.9692938516433], [-121.151621387073, 40.9693017547168], [-121.15159322624, 40.9693142310046], [-121.15156662546, 40.9693209778289], [-121.15154208452, 40.9693165710355], [-121.151517674047, 40.9693163824444], [-121.151488972772, 40.9693209141164], [-121.151452392424, 40.9693315199906], [-121.151424515042, 40.9693435314122], [-121.151396296435, 40.9693440923879], [-121.151370017199, 40.9693492666554], [-121.151338227162, 40.9693708557627], [-121.151300975446, 40.9693722369756], [-121.15126787488, 40.9693840622289], [-121.151232139576, 40.9693864827247], [-121.151204262428, 40.9693767717489], [-121.151167621903, 40.9693794663631], [-121.151140456833, 40.9693726230208], [-121.151110701359, 40.9693661927721], [-121.151079887462, 40.9693608516718], [-121.15104744921, 40.9693632354334], [-121.151016547867, 40.9693663807944], [-121.150989060558, 40.9693673016506], [-121.150963336584, 40.9693682179707], [-121.150930527448, 40.9693692418968], [-121.150890962016, 40.9693678457764], [-121.150856940445, 40.9693733219077], [-121.150818162556, 40.9693948022518], [-121.150789202082, 40.9694067406145], [-121.15077069256, 40.9694330753935], [-121.150759448959, 40.9694611749963], [-121.150740657978, 40.9694826847756], [-121.15071737554, 40.9694931841807], [-121.15069054803, 40.9694912598253], [-121.150657509894, 40.9694920019715], [-121.150626908743, 40.9694877129761], [-121.150593367257, 40.9694971499408], [-121.150565151052, 40.9694966772526], [-121.150530625368, 40.9695049411438], [-121.150501007438, 40.9695211427462], [-121.150460332516, 40.969527523374], [-121.15042766644, 40.9695152965611], [-121.150388059174, 40.9695139619341], [-121.150358188881, 40.9695259689414], [-121.150309609219, 40.9695429901928], [-121.15026694429, 40.9695453759987], [-121.150232904389, 40.9695541696318], [-121.150204736194, 40.9695642012459], [-121.150180644564, 40.9695828440819], [-121.150159652119, 40.9696057859158], [-121.15013618385, 40.9696269512279], [-121.150093889773, 40.9696411718758], [-121.150070242525, 40.9696554524361], [-121.150039036369, 40.9696647217938], [-121.150012582012, 40.9696588069068], [-121.149976465711, 40.9696498850842], [-121.149947595204, 40.969650530119], [-121.149915048417, 40.9696477689407], [-121.149894818012, 40.9696361546505], [-121.149870451714, 40.9696271471866], [-121.149844075121, 40.9696116835909], [-121.149806802942, 40.9696097137053], [-121.149771340482, 40.9696074460417], [-121.149745242997, 40.9695940638836], [-121.149715748129, 40.9695793443539], [-121.149674579024, 40.9695680362239], [-121.149642644247, 40.969555269983], [-121.14960695853, 40.9695469811045], [-121.149557259271, 40.9695473077183], [-121.14951994234, 40.9695495197266], [-121.149480902975, 40.9695577888125], [-121.149446857768, 40.9695509480294], [-121.149406801409, 40.9695551728235], [-121.149376534246, 40.9695480756192], [-121.149335996444, 40.9695371814399], [-121.149294980054, 40.9695366153721], [-121.149256344312, 40.9695497091641], [-121.149220368992, 40.9695569606813], [-121.149181613211, 40.9695653667211], [-121.149140029733, 40.9695901078581], [-121.149118118737, 40.9695987590023], [-121.149079487277, 40.969617997559], [-121.149050173923, 40.969636414291], [-121.149020989257, 40.9696551568979], [-121.148984245231, 40.9696756953392], [-121.148950847488, 40.9697014360407], [-121.148907033313, 40.9697168559869], [-121.14887635332, 40.9697335778397], [-121.148842385251, 40.9697555097997], [-121.148809384173, 40.9697773923148], [-121.148779580569, 40.9698072796923], [-121.148754275786, 40.969829102245], [-121.148722322203, 40.9698448248418], [-121.148683765098, 40.9698493257438], [-121.148645703964, 40.9698607922556], [-121.148606011748, 40.969880324237], [-121.148560832841, 40.969893058997], [-121.148541950512, 40.9699046564212], [-121.14850716811, 40.9699263200699], [-121.148480584516, 40.9699494220387], [-121.148463556056, 40.9699647523979], [-121.148448451556, 40.9699817337341], [-121.148419603949, 40.9700091110504], [-121.148400143473, 40.9700353749368], [-121.148372254474, 40.9700580131513], [-121.148349040465, 40.9700839150861], [-121.148332107567, 40.9701040451108], [-121.148321615756, 40.9701294652105], [-121.148294262176, 40.970153958165], [-121.148273724923, 40.9701762278596], [-121.148246590656, 40.9701982446263], [-121.148232467343, 40.9702169630724], [-121.148213655831, 40.9702376923969], [-121.148171838455, 40.9702395669347], [-121.148139061061, 40.9702406718246], [-121.148100208652, 40.9702488576716], [-121.148051139577, 40.9702543992221], [-121.148013309655, 40.9702635568429], [-121.147976651582, 40.9702557368394], [-121.147938806632, 40.9702532382595], [-121.147901680553, 40.9702512133001], [-121.147861815609, 40.970265007227], [-121.147826143966, 40.9702668369029], [-121.147772922868, 40.9702690719513], [-121.147737840126, 40.9702685887157], [-121.1477001544, 40.970257537152], [-121.1476607361, 40.9702523634366], [-121.147629062567, 40.970253213881], [-121.147585736733, 40.9702509745684], [-121.147547699981, 40.9702552099492], [-121.147515239249, 40.9702507822928], [-121.147502136626, 40.9702964998403], [-121.147461712309, 40.9702995020202], [-121.147194147287, 40.9703623578531], [-121.146944324432, 40.970580583751], [-121.146809962072, 40.9708767119284], [-121.146625326092, 40.9709913367795], [-121.146520799397, 40.9710562286751], [-121.146193572296, 40.9709273072492], [-121.146020151467, 40.9708313847331], [-121.145809283436, 40.9707147506782], [-121.145734878314, 40.9706793485653]]], [[[-121.119592056476, 40.9581936661658], [-121.119591217501, 40.9582029259694], [-121.119590011934, 40.9582160948581], [-121.11958728827, 40.9582543934004], [-121.119585622504, 40.9582778160974], [-121.119584369571, 40.9582954182915], [-121.119582959007, 40.9583152509526], [-121.119604018437, 40.9583348083614], [-121.119617160951, 40.9583641277882], [-121.119613117087, 40.9583883926043], [-121.119594918288, 40.9584086135834], [-121.119568320188, 40.9584484190118], [-121.11955100114, 40.9584725306941], [-121.119521585788, 40.9584880129514], [-121.119481333765, 40.9584973015817], [-121.1194116668, 40.9584973023527], [-121.119348192044, 40.9584833678215], [-121.119307940498, 40.9584570500873], [-121.119272332476, 40.9584307312835], [-121.119246013366, 40.9584183459835], [-121.119225887187, 40.9584059601574], [-121.119176346321, 40.9583904789436], [-121.119100485868, 40.9583765453244], [-121.119077264268, 40.9583688038859], [-121.119062520515, 40.9583598773819], [-121.119063154519, 40.9583516330329], [-121.119072006335, 40.9583461721175], [-121.119077182629, 40.9583390538649], [-121.119073300777, 40.9583248187278], [-121.119070065534, 40.958307347743], [-121.119068771202, 40.95829764214], [-121.11906877139, 40.9582788771814], [-121.119069418381, 40.9582665827585], [-121.11907265244, 40.9582555833127], [-121.11908559456, 40.9582400532136], [-121.119114712903, 40.95822517018], [-121.11913606557, 40.9582148166153], [-121.11916453724, 40.9582193467261], [-121.119181360961, 40.958209640994], [-121.119201419673, 40.9581643459361], [-121.119215008419, 40.9581442870533], [-121.119231831534, 40.9581041692466], [-121.119245420705, 40.9580724623375], [-121.119271949672, 40.9580524028444], [-121.119288127446, 40.9580426965794], [-121.119315950576, 40.958037520676], [-121.119386481356, 40.9580401088723], [-121.119422069661, 40.9580420496771], [-121.119462834765, 40.9580549920434], [-121.119516541582, 40.9580938156384], [-121.119545012409, 40.9581216399093], [-121.11956054275, 40.9581384628048], [-121.119584483883, 40.9581552869081], [-121.119592895423, 40.9581844045606], [-121.119592056476, 40.9581936661658]]], [[[-121.159923724503, 40.9613379289215], [-121.159887129203, 40.9612822535528], [-121.159795199531, 40.9612389949737], [-121.159715151742, 40.9611945574503], [-121.159620590031, 40.9611354673989], [-121.15943905551, 40.9611009861482], [-121.159313852935, 40.9611044861126], [-121.159239366451, 40.9610521228587], [-121.15926487323, 40.9609688762509], [-121.159345569299, 40.9608917038171], [-121.159416370479, 40.9608578873229], [-121.159491706046, 40.9607872364216], [-121.159516897752, 40.9607159949087], [-121.159686190154, 40.9606055378863], [-121.159916399624, 40.9606040071326], [-121.160021325493, 40.960558335283], [-121.160075079206, 40.9604769373004], [-121.160115578902, 40.9603926133981], [-121.160163868001, 40.960280716882], [-121.160232331919, 40.9601706521359], [-121.160298489203, 40.9600697503128], [-121.160444427953, 40.9600131870683], [-121.16056365395, 40.9599396185948], [-121.16074333217, 40.9597945834227], [-121.160874432575, 40.9598501903396], [-121.161112567761, 40.9600067746608], [-121.161157680403, 40.9600649716204], [-121.161301376676, 40.960115862346], [-121.161509147116, 40.9600929727281], [-121.161773235631, 40.9601218223727], [-121.161849843418, 40.9602035089658], [-121.161869250534, 40.9603922417527], [-121.161842320082, 40.9605378512272], [-121.16196069935, 40.9608037856325], [-121.16206950496, 40.9608842059196], [-121.162274799917, 40.9609532129408], [-121.162075947916, 40.9610809323298], [-121.161937060783, 40.9611771741318], [-121.161554267923, 40.9612119956563], [-121.161392048459, 40.9611865161297], [-121.161234467591, 40.9611660821235], [-121.161162406855, 40.9611594195609], [-121.161068779574, 40.9611716152798], [-121.160921873455, 40.9612123478234], [-121.160769633192, 40.9612768972158], [-121.160635462255, 40.9613785709273], [-121.160507255422, 40.9613513155477], [-121.16042377131, 40.9612806264357], [-121.160162185836, 40.961448666735], [-121.159960344513, 40.9614364447721], [-121.159923724503, 40.9613379289215]]], [[[-121.153604220385, 40.9714461277083], [-121.153422328308, 40.971193271309], [-121.153801757559, 40.9712119609134], [-121.153605268024, 40.9714448845562], [-121.153604220385, 40.9714461277083]]]]}, "properties": {"poly_IncidentName": "Loomis", "poly_GISAcres": 350, "poly_DateCurrent": 1784229788000}}]}