{"type":"FeatureCollection","features":[{"type":"Feature","geometry":{"type":"Polygon","coordinates":[[[-81.03965878908889,46.4878495298596],[-81.04135036768662,46.489022800760495],[-81.04151047263943,46.4891452778569],[-81.04165259168664,46.489278034693626],[-81.04177536540483,46.48941980151678],[-81.0418776193778,46.48956922238624],[-81.04195837543296,46.48972486814289],[-81.04201686100181,46.48988525007637],[-81.04205251651473,46.49004883416293],[-81.04206500075908,46.49021405573695],[-81.04205419414926,46.49037933445642],[-81.04202019987727,46.49054308941847],[-81.04196334293216,46.49070375428117],[-81.04188416699797,46.49085979224625],[-81.04178342925928,46.49100971076012],[-81.04166209316384,46.491152075791675],[-81.04152131921143,46.491285525551234],[-81.04136245385696,46.491408783518324],[-81.04118701663347,46.491520670654445],[-81.04099668561848,46.491620116683194],[-81.03753664598288,46.4932501581116],[-81.0373262224282,46.49333884465657],[-81.03710398694169,46.49341232193038],[-81.03687220984224,46.49346983928],[-81.03663325894665,46.49351080909886],[-81.03638957537541,46.49353481283153],[-81.0347995351316,46.49363481589004],[-81.03456016142464,46.49364164867334],[-81.03432097975279,46.49363210728746],[-81.03408430536595,46.49360628409333],[-81.03385242923824,46.49356442905993],[-81.03362759588686,46.4935069473441],[-81.03341198164108,46.493434395367466],[-81.033207673572,46.493347475428955],[-81.03301664928729,46.4932470289049],[-81.03284075778649,46.493134028102624],[-81.0326817015624,46.49300956684672],[-81.03254102012193,46.49287484988883],[-81.03242007508575,46.492731181243855],[-81.03232003701117,46.492579951565524],[-81.02975016481103,46.4881299006839],[-81.02967091144116,46.487969935182754],[-81.02961505182728,46.48780527009463],[-81.02958314445547,46.48763755227205],[-81.02957550825187,46.4874684590835],[-81.02959221940031,46.48729968163726],[-81.02963311058775,46.48713290786836],[-81.02969777268505,46.486969805657964],[-81.02978555884559,46.4868120061539],[-81.03438575279374,46.47963209579084],[-81.03449421406363,46.479483063550305],[-81.03462329534555,46.47934218833686],[-81.03477173851653,46.47921084307562],[-81.03493809678278,46.47909030780639],[-81.03512074878212,46.47898175721093],[-81.03531791438628,46.47888624916733],[-81.03552767204921,46.47880471444246],[-81.03574797753241,46.47873794762344],[-81.0359766838248,46.47868659937592],[-81.03621156206299,46.478651170104534],[-81.03645032324863,46.47863200507781],[-81.03669064055086,46.47862929106424],[-81.03693017197737,46.47864305451256],[-81.0371665831927,46.478673161294296],[-81.03739757026231,46.47871931801025],[-81.03762088210054,46.478781074849216],[-81.03783434240412,46.478857829970295],[-81.03803587085775,46.478948835366445],[-81.03822350340515,46.47905320415251],[-81.03839541138825,46.4791699192061],[-81.03854991936804,46.479297843077944],[-81.03868552145357,46.47943572907466],[-81.03880089597972,46.4795822334064],[-81.03889491839101,46.47973592828099],[-81.03896667220533,46.4798953158169],[-81.03901545795108,46.48005884263982],[-81.03904079998998,46.48022491502043],[-81.03965878908889,46.4878495298596]]]},"properties":{"fire_id":"F3973","date":"2026-09-26","area_ha":100.9,"cumulative_ha":180.7,"frp_sum":78.6,"n_detections":6,"first_seen":"2026-09-21","last_seen":"2026-09-26","centroid":[-81.03569,46.48687],"history":[{"date":"2026-09-21","area_ha":137.7},{"date":"2026-09-22","area_ha":50.4},{"date":"2026-09-23","area_ha":30.3},{"date":"2026-09-26","area_ha":100.9}],"track":[[-81.03923985226773,46.48653538512953],[-81.03664828452705,46.4877563286291],[-81.03473508857867,46.48851316652946],[-81.03569295317492,46.48686822604223]],"growth_24h_ha":23.53,"speed_km_day":0.07,"bearing_deg":193.0,"direction":"SSW"}},{"type":"Feature","geometry":{"type":"Polygon","coordinates":[[[-82.83027322007803,38.59472722765523],[-82.83044461548064,38.59460858558735],[-82.83063137135991,38.594504584940395],[-82.83083138666937,38.59441639571137],[-82.83104241122125,38.59434501001661],[-82.83510233674775,38.593165035318734],[-82.83530579833257,38.593114548392926],[-82.83551471925497,38.59307969362685],[-82.83572707794593,38.59306080828249],[-82.83594081957862,38.59305807509818],[-82.8361538759473,38.59307152052072],[-82.83636418547565,38.59310101444959],[-82.8365697131609,38.593146271495506],[-82.83676847026122,38.59320685374139],[-82.83695853353584,38.593282174978896],[-82.83713806385192,38.593371506379675],[-82.83730532397857,38.5934739835463],[-82.83745869539533,38.59358861487518],[-82.83759669395334,38.59371429114993],[-82.83771798423695,38.593849796273126],[-82.83782139248724,38.593993819032214],[-82.83790591796235,38.594144965785844],[-82.83797074262436,38.594301773948324],[-82.83801523905906,38.59446272614115],[-82.83842529474686,38.59641271899976],[-82.83844904431889,38.59657638816582],[-82.83845177112299,38.596741061743934],[-82.83843344858875,38.59690514368274],[-82.83839425416267,38.597067043654484],[-82.83833456759368,38.59722519246919],[-82.83825496725761,38.597378057284324],[-82.83815622455607,38.59752415646254],[-82.83803929644388,38.597662073933606],[-82.8379053161571,38.597790472920856],[-82.83775558223175,38.597908108899574],[-82.8375915459192,38.59801384166124],[-82.83741479712056,38.59810664636674],[-82.83202473139876,38.600646696025784],[-82.83183570742847,38.600726135355195],[-82.83163739638174,38.600790784711954],[-82.83143174570176,38.60084000922277],[-82.83122077492277,38.600873325489125],[-82.83100655583422,38.60089040633541],[-82.83079119213143,38.60089108402251],[-82.8305767987524,38.60087535189526],[-82.83036548110441,38.600843364448046],[-82.83015931438393,38.60079543580709],[-82.82996032319384,38.60073203664514],[-82.82977046165779,38.60065378955844],[-82.82959159422742,38.60056146295143],[-82.82942547737099,38.600455963489495],[-82.82927374232331,38.600338327193924],[-82.8276737481332,38.59896830619814],[-82.82753527544676,38.59883693797894],[-82.82741474883123,38.598695476460826],[-82.82731340083595,38.59854536840724],[-82.82723226784589,38.59838814900277],[-82.82717217948625,38.5982254261511],[-82.82713375014262,38.5980588640295],[-82.82711737268293,38.597890166068204],[-82.82712321444565,38.59772105752876],[-82.82715121553453,38.597553267859816],[-82.8272010894375,38.597388513010166],[-82.82727232596271,38.597228477880776],[-82.82736419646201,38.597074799094436],[-82.82747576128754,38.596929048259746],[-82.82760587940551,38.596792715900364],[-82.8277532200684,38.596667196213666],[-82.83027322007803,38.59472722765523]]]},"properties":{"fire_id":"F4513","date":"2026-09-26","area_ha":56.8,"cumulative_ha":69.1,"frp_sum":7.2,"n_detections":5,"first_seen":"2026-09-25","last_seen":"2026-09-26","centroid":[-82.83297,38.59693],"history":[{"date":"2026-09-25","area_ha":45.4},{"date":"2026-09-26","area_ha":56.8}],"track":[[-82.83034763618478,38.5975061542787],[-82.83297064704563,38.59693073276068]],"growth_24h_ha":11.38,"speed_km_day":0.24,"bearing_deg":246.15,"direction":"WSW"}},{"type":"Feature","geometry":{"type":"Polygon","coordinates":[[[-79.39792313236956,38.77864679449592],[-79.39807813038041,38.77875869665014],[-79.39821817492366,38.77888167327363],[-79.39834193047243,38.77901455167619],[-79.39844821681037,38.77915606473888],[-79.39853602028833,38.77930486299551],[-79.39860450349342,38.7794595275],[-79.39865301323833,38.779618583356175],[-79.39868108679457,38.77978051378178],[-79.39868845630987,38.77994377457189],[-79.39867505136762,38.78010680882457],[-79.39864099966371,38.78026806178765],[-79.398586625794,38.780425995685746],[-79.3985124481638,38.78057910438555],[-79.39841917404893,38.78072592775978],[-79.39830769285486,38.78086506561266],[-79.39817906763827,38.7809951910345],[-79.3980345249719,38.78111506305702],[-79.39787544324892,38.781223538489776],[-79.39770333953855,38.78131958282403],[-79.39751985511819,38.78140228010002],[-79.39732673982012,38.78147084164386],[-79.3971258353419,38.7815246135905],[-79.39691905768001,38.7815630831205],[-79.3967083788541,38.78158588335191],[-79.39649580809652,38.781592796839796],[-79.39628337268663,38.78158375765036],[-79.39607309861269,38.78155885199016],[-79.3958669912462,38.78151831738347],[-79.3943069603357,38.781148309225756],[-79.39409936783738,38.781090061656435],[-79.39390052984486,38.78101596483104],[-79.39371249271917,38.780926781335765],[-79.39353719164168,38.780823429022064],[-79.39337643069612,38.7807069715586],[-79.39323186430096,38.78057860748258],[-79.3912618822108,38.7786385799578],[-79.39113910299156,38.778504619297706],[-79.39103397647257,38.77836208031012],[-79.39094751062238,38.778212329823894],[-79.3908805344535,38.778056803811516],[-79.39083369007673,38.77789699361807],[-79.39080742654836,38.77773443165999],[-79.39080199556919,38.77757067672981],[-79.39081744907607,38.77740729904897],[-79.39085363874928,38.777245865210816],[-79.39091021744014,38.777087923159286],[-79.39098664250464,38.77693498734661],[-79.3910821810116,38.776788524212435],[-79.39119591677435,38.77664993812392],[-79.39132675913928,38.776520557911],[-79.39147345344618,38.77640162412645],[-79.3916345930603,38.77629427715237],[-79.39180863286064,38.77619954626733],[-79.39199390405508,38.77611833977885],[-79.3921886301804,38.776051436315775],[-79.39239094413371,38.775999477363825],[-79.39259890607228,38.77596296111615],[-79.39281052201005,38.775942237697365],[-79.39302376293284,38.77593750580732],[-79.39323658424894,38.77594881081622],[-79.39344694538913,38.77597604432962],[-79.39365282936801,38.77601894522768],[-79.3938522621194,38.77607710216824],[-79.39404333142083,38.77614995753008],[-79.39422420522541,38.77623681275842],[-79.39439314922583,38.77633683506172],[-79.39792313236956,38.77864679449592]]]},"properties":{"fire_id":"F4668","date":"2026-09-26","area_ha":27.4,"cumulative_ha":27.4,"frp_sum":2.1,"n_detections":3,"first_seen":"2026-09-26","last_seen":"2026-09-26","centroid":[-79.39468,38.77885],"history":[{"date":"2026-09-26","area_ha":27.4}],"track":[[-79.39468034099735,38.77884944141508]],"growth_24h_ha":null,"speed_km_day":null,"bearing_deg":null,"direction":null}},{"type":"Feature","geometry":{"type":"Polygon","coordinates":[[[-84.24223456886375,38.83622573351893],[-84.24311717411696,38.83846599618089],[-84.24316931435276,38.838626651047996],[-84.2432005003956,38.838790473269825],[-84.24321042664111,38.83895585823235],[-84.24319899571798,38.83912118600383],[-84.24316631944745,38.839284837201504],[-84.2431127177537,38.83944520885384],[-84.24303871553549,38.839600730102056],[-84.24294503752988,38.839749877587614],[-84.24283260121767,38.83989119037508],[-84.24270250784042,38.84002328426331],[-84.24255603161632,38.840144865345806],[-84.24239460726079,38.84025474268649],[-84.24221981593413,38.840351839987036],[-84.24203336975336,38.84043520613129],[-84.24183709502029,38.84050402450355],[-84.24163291433038,38.8405576209892],[-84.24142282773713,38.84059547057918],[-84.24120889315734,38.840617202513805],[-84.24099320620869,38.84062260391537],[-84.24077787967802,38.840611621873805],[-84.24056502282086,38.84058436396501],[-84.24035672069584,38.84054109719692],[-84.2401550137363,38.840482245393574],[-84.2399618777595,38.8404083850424],[-84.23977920460928,38.8403202396464],[-84.2396087836222,38.8402186726355],[-84.23945228409865,38.84010467890749],[-84.23931123895065,38.8399793750808],[-84.23918702968689,38.83984398855519],[-84.23665707626648,38.83677395061816],[-84.23655105455707,38.83662999762635],[-84.2364640737604,38.836478717568404],[-84.23639698354279,38.83632158842414],[-84.2363504392294,38.836160145308185],[-84.2363248954066,38.83599596547124],[-84.2363206014859,38.83583065289015],[-84.23633759927287,38.83566582259732],[-84.23637572256422,38.83550308490231],[-84.23643459877721,38.83534402966037],[-84.23651365259475,38.83519021074092],[-84.23661211159092,38.83504313084805],[-84.23672901378121,38.83490422684135],[-84.23686321702407,38.83477485570013],[-84.23701341018132,38.83465628126837],[-84.23717812592876,38.83454966190959],[-84.23735575509131,38.83445603919237],[-84.24069571465996,38.83287607028742],[-84.24088032571899,38.832797924806066],[-84.24107391100642,38.832733826332344],[-84.24127466022401,38.832684374271],[-84.24148069609429,38.832650031062514],[-84.24169009191266,38.83263111785962],[-84.24190088956102,38.83262781152458],[-84.24211111781516,38.83264014297583],[-84.24231881077425,38.83266799689875],[-84.24252202624088,38.83271111282388],[-84.24271886387955,38.832769087562056],[-84.2429074829841,38.83284137897408],[-84.24308611968796,38.832927311039434],[-84.24325310345684,38.83302608017674],[-84.24340687270899,38.83313676275705],[-84.24354598941784,38.833258323739734],[-84.24366915255985,38.83338962634997],[-84.24377521028232,38.83352944270797],[-84.2438631706769,38.83367646531004],[-84.2439322110584,38.83382931925465],[-84.24398168566162,38.83398657509874],[-84.24401113168464,38.834146762224705],[-84.24402027362123,38.83430838259238],[-84.24400902584225,38.83446992474828],[-84.24397749340146,38.834629877960126],[-84.24392597105813,38.83478674634549],[-84.24385494052525,38.83493906286163],[-84.24376506596904,38.835085403025964],[-84.24365718780166,38.83522439823917],[-84.2435323148249,38.83535474858547],[-84.24339161479848,38.83547523499115],[-84.24323640352068,38.835584730627],[-84.24223456886375,38.83622573351893]]]},"properties":{"fire_id":"F4556","date":"2026-09-26","area_ha":39.1,"cumulative_ha":41.8,"frp_sum":13.6,"n_detections":4,"first_seen":"2026-09-25","last_seen":"2026-09-26","centroid":[-84.2404,38.83645],"history":[{"date":"2026-09-25","area_ha":24.4},{"date":"2026-09-26","area_ha":39.1}],"track":[[-84.240073313003,38.83576188021872],[-84.2404032374542,38.836448316016586]],"growth_24h_ha":14.67,"speed_km_day":0.08,"bearing_deg":332.67,"direction":"NNW"}},{"type":"Feature","geometry":{"type":"Polygon","coordinates":[[[-84.38992240583653,39.482424120121564],[-84.39009736805872,39.48252410629476],[-84.39025840216361,39.48263681893593],[-84.39040391439347,39.48276114257514],[-84.3905324645823,39.48289584682713],[-84.39064278040996,39.483039598566165],[-84.3907337699964,39.483190975118056],[-84.39080453271085,39.48334847833841],[-84.39085436808944,39.48351054943819],[-84.39088278277238,39.483675584409816],[-84.3908894953921,39.48384194990114],[-84.3908744393637,39.48400799938039],[-84.39083776354984,39.484172089431645],[-84.39077983079325,39.484332596020614],[-84.39070121433132,39.4844879305682],[-84.39060269212767,39.484636555674314],[-84.3904852391771,39.48477700033504],[-84.3903500178593,39.4849078745032],[-84.39019836643743,39.48502788284785],[-84.38663835966607,39.48757792679352],[-84.38647940190444,39.48768138851148],[-84.38630823863664,39.487772898609535],[-84.38612641801515,39.487851629365025],[-84.3859355846067,39.48791686864368],[-84.3857374645154,39.48796802634243],[-84.38553384976768,39.48800463972794],[-84.3853265821003,39.48802637762291],[-84.38511753629825,39.48803304340239],[-84.38490860323357,39.488024576772645],[-84.3846485973064,39.48800457630155],[-84.38443116777465,39.48797944831616],[-84.3842181238134,39.487937936872406],[-84.38401159451512,39.487880456824655],[-84.38381364385378,39.487807582612135],[-84.38362625005479,39.48772004251696],[-84.38345128582272,39.48761871138454],[-84.38329049962451,39.487504601878996],[-84.38314549821543,39.48737885436149],[-84.3830177305822,39.48724272549199],[-84.380196326636,39.48389436280109],[-84.37723206384756,39.483424163236315],[-84.36897016236466,39.48492219865376],[-84.36500631996607,39.48684329417857],[-84.36641776770284,39.4893131580333],[-84.36649520950638,39.48946962256759],[-84.36655173131435,39.489631183310806],[-84.366586768631,39.4897962271259],[-84.36659997146852,39.48996310608706],[-84.36659120784734,39.490130153933215],[-84.36656056512001,39.49029570270524],[-84.36650834910493,39.49045809940047],[-84.36643508103867,39.490615722478495],[-84.36634149237676,39.49076699805303],[-84.36622851749502,39.49091041560861],[-84.3660972843636,39.49104454308459],[-84.36594910328738,39.49116804117632],[-84.36578545382427,39.49127967671012],[-84.36560797001266,39.491378334958696],[-84.36541842405501,39.491463030774064],[-84.3652187086208,39.49153291842619],[-84.36501081794549,39.491587300049716],[-84.36479682791433,39.49162563261378],[-84.36457887533014,39.49164753334559],[-84.36435913657216,39.49165278355341],[-84.36413980585925,39.49164133081078],[-84.36392307333493,39.49161328948013],[-84.36090300844724,39.49110327769125],[-84.36069938146586,39.491060999845814],[-84.3605020196971,39.49100407722538],[-84.36031273987143,39.49093303381276],[-84.36013328430981,39.490848523573405],[-84.35996530488312,39.49075132443444],[-84.3598103478054,39.490642331122345],[-84.35966983940018,39.49052254692568],[-84.35954507297143,39.49039307445818],[-84.35943719689983,39.490255105507984],[-84.35934720407397,39.49010991006562],[-84.35927592275344,39.48995882463282],[-84.35922400894835,39.48980323991913],[-84.35919194038475,39.489644588039575],[-84.35918001211179,39.489484329331994],[-84.35918833379058,39.489323938914595],[-84.35967412191745,39.48510879647978],[-84.35767623402351,39.48114943449596],[-84.35760912707329,39.480994148493814],[-84.3575622647721,39.48083462313259],[-84.35753609430431,39.48067238114635],[-84.3575308653361,39.48050897118986],[-84.35754662763769,39.48034595305585],[-84.3575832306135,39.48018488278621],[-84.35764032474515,39.48002729781951],[-84.35771736493265,39.47987470231653],[-84.35781361570226,39.479728552803635],[-84.35792815823068,39.47959024427128],[-84.3580598991188,39.479461096860256],[-84.35820758083078,39.4793423432623],[-84.35836979369878,39.47923511695601],[-84.35854498937914,39.479140441389376],[-84.35873149563069,39.479059220212974],[-84.36464140537532,39.476769268506196],[-84.36486594701468,39.47669394162693],[-84.3814132649407,39.47196116771476],[-84.38075746307027,39.469998887617805],[-84.37980418691983,39.46887978616706],[-84.37969794671514,39.468740866975985],[-84.3796097200136,39.46859483453873],[-84.37954032085547,39.46844303643607],[-84.37949038952843,39.468286873445315],[-84.37946038666321,39.46812778661306],[-84.37945058898737,39.467967243956885],[-84.37946108677656,39.46780672691836],[-84.37949178302638,39.46764771669261],[-84.37954239435248,39.46749168056051],[-84.37961245361026,39.46734005834962],[-84.37970131420997,39.46719424914884],[-84.37980815608707,39.46705559839926],[-84.37993199327276,39.46692538548024],[-84.3800716829946,39.46680481190558],[-84.38022593622318,39.46669499023798],[-84.38039332956754,39.46659693382472],[-84.38057231840943,39.466511547448505],[-84.38076125115526,39.46643961898068],[-84.38095838447435,39.466381812112346],[-84.38714826341399,39.46482184714505],[-84.38734476105651,39.46477990829469],[-84.38754552284482,39.464752005626025],[-84.38774882016088,39.464738379388336],[-84.3879529025595,39.464739146907036],[-84.38815601283716,39.46475430157354],[-84.38835640215878,39.464783712902374],[-84.3885523451127,39.46482712765419],[-84.38874215456397,39.46488417201605],[-84.4028619167937,39.469714067797305],[-84.40305166216079,39.46978755351543],[-84.40323117761008,39.469874650633784],[-84.4033987808673,39.46997454296872],[-84.4035529012684,39.47008629442941],[-84.4036920944777,39.4702088577885],[-84.40381505602338,39.470341084494216],[-84.40448506822138,39.471141074323754],[-84.40458875560577,39.471278900059026],[-84.40467479782907,39.47142358233785],[-84.40474241968235,39.47157381780819],[-84.40479101188215,39.47172825308435],[-84.40482013656306,39.47188549693795],[-84.40482953122647,39.472044132830305],[-84.40481911110973,39.47220273167292],[-84.40478896995448,39.472359864701446],[-84.40394906420582,39.47563987954111],[-84.40389824209343,39.475797278685995],[-84.40382763466064,39.475950198922945],[-84.40373790441942,39.476097205128895],[-84.40362989335958,39.47623691767384],[-84.40350461505047,39.47636802536964],[-84.4033632451315,39.47648929777683],[-84.40320711028096,39.47659959675356],[-84.40303767576633,39.47669788713853],[-84.40285653169293,39.47678324646765],[-84.40266537808024,39.476854873632824],[-84.40246600890553,39.476912096401804],[-84.40226029526508,39.47695437772842],[-84.40205016781088,39.47698132079385],[-84.40183759862776,39.47699267273156],[-84.40162458272142,39.476988327001116],[-84.40141311929104,39.47696832438812],[-84.40120519296244,39.47693285262154],[-84.40100275515827,39.47688224461135],[-84.40080770578007,39.476816975323494],[-84.39117885629236,39.47316117553671],[-84.38810665826264,39.48149016811931],[-84.38992240583653,39.482424120121564]]]},"properties":{"fire_id":"F4515","date":"2026-09-26","area_ha":527.0,"cumulative_ha":608.5,"frp_sum":40.1,"n_detections":25,"first_seen":"2026-09-25","last_seen":"2026-09-26","centroid":[-84.38045,39.47743],"history":[{"date":"2026-09-25","area_ha":375.0},{"date":"2026-09-26","area_ha":527.0}],"track":[[-84.38288621714429,39.478988751980104],[-84.38045387834548,39.47743436459174]],"growth_24h_ha":152.04,"speed_km_day":0.27,"bearing_deg":123.03,"direction":"ESE"}},{"type":"Feature","geometry":{"type":"Polygon","coordinates":[[[-80.61161621295308,40.309985624932196],[-80.61182376658206,40.31003255886141],[-80.61202426574339,40.31009445515751],[-80.61221580872201,40.31017072674816],[-80.61239657873449,40.31026065021243],[-80.61256486115886,40.31036337264086],[-80.6127190597964,40.31047791972401],[-80.61285771201109,40.31060320499178],[-80.61297950260335,40.310738040117016],[-80.61308327628609,40.31088114618527],[-80.6131680486452,40.3110311658237],[-80.61323301548006,40.31118667607461],[-80.61327756043545,40.311346201891304],[-80.6133012608524,40.31150823012816],[-80.61330389178234,40.31167122389264],[-80.61328542812603,40.31183363712294],[-80.61324604487717,40.311993929252935],[-80.61318611546787,40.31215057982537],[-80.6131062082315,40.31230210291501],[-80.6130070810165,40.31244706122407],[-80.6128896740018,40.312584079717304],[-80.61275510078205,40.31271185866639],[-80.61260463780687,40.312829185980405],[-80.61243971227456,40.31293494870497],[-80.61226188859462,40.31302814358133],[-80.61207285354793,40.313107886564744],[-80.61187440028495,40.31317342121198],[-80.61166841131417,40.31322412585837],[-80.61145684064208,40.3132595195161],[-80.6112416952341,40.31327926643778],[-80.61102501597291,40.31328317930218],[-80.61080885829445,40.31327122099147],[-80.61059527268584,40.31324350494341],[-80.6077952118796,40.312773493752104],[-80.60767887218829,40.31275147200192],[-80.60549882690579,40.312291461196665],[-80.60529365750716,40.3122399553963],[-80.60509610598419,40.31217371266503],[-80.60490803866756,40.312093358828115],[-80.60473123226996,40.311999653022525],[-80.60456735709901,40.31189348052355],[-80.60441796127635,40.3117758443799],[-80.604284456112,40.3116478559358],[-80.60416810277216,40.311510724330454],[-80.60407000036659,40.31136574507325],[-80.60399107556766,40.311214287803466],[-80.6039320738595,40.311057783349895],[-80.60389355249937,40.31089771021246],[-80.60387587525808,40.31073558059413],[-80.60387920898847,40.31057292611457],[-80.60390352205452,40.31041128334086],[-80.6039485846356,40.310252179271906],[-80.60401397090273,40.310097116913575],[-80.60409906304635,40.30994756108094],[-80.60420305711698,40.30980492456168],[-80.60432497062372,40.309670554771174],[-80.60446365181863,40.30954572102552],[-80.60461779057896,40.309431602552486],[-80.60478593078466,40.30932927735362],[-80.60496648407405,40.30923971202268],[-80.60515774484762,40.30916375261643],[-80.6053579063784,40.309102116664],[-80.60556507787682,40.30905538639042],[-80.60577730234878,40.30902400321766],[-80.6059925750786,40.309008263596],[-80.60620886256213,40.309008316204064],[-80.60642412171174,40.309024160544965],[-80.60663631915156,40.309055646950796],[-80.61161621295308,40.309985624932196]]]},"properties":{"fire_id":"F4519","date":"2026-09-26","area_ha":27.4,"cumulative_ha":85.9,"frp_sum":3.8,"n_detections":3,"first_seen":"2026-09-25","last_seen":"2026-09-26","centroid":[-80.60859,40.31115],"history":[{"date":"2026-09-25","area_ha":82.0},{"date":"2026-09-26","area_ha":27.4}],"track":[[-80.6101559176851,40.31222178931499],[-80.60858698237696,40.311152565662454]],"growth_24h_ha":-54.64,"speed_km_day":0.18,"bearing_deg":122.9,"direction":"ESE"}},{"type":"Feature","geometry":{"type":"Polygon","coordinates":[[[-86.43059572591046,40.73325474246392],[-86.43076223350657,40.73317264092123],[-86.43093785093457,40.733101948208464],[-86.43112118429454,40.73304322541165],[-86.43634108553847,40.73157325949305],[-86.43654945822618,40.73152312675295],[-86.43676338135849,40.73148845332262],[-86.43698080965369,40.73146957070636],[-86.43719966432496,40.73146665943618],[-86.43741785295103,40.731479747345965],[-86.43763328947723,40.73150870930551],[-86.43784391415562,40.73155326841662],[-86.43804771323389,40.731612998659834],[-86.438242738205,40.73168732896668],[-86.43842712443362,40.731775548678264],[-86.43859910898144,40.73187681433873],[-86.43875704746102,40.7319901577576],[-86.43889942975727,40.73211449526509],[-86.4390248944661,40.73224863807132],[-86.43913224191219,40.73239130363072],[-86.43922044562174,40.7325411279029],[-86.43928866213976,40.73269667839301],[-86.43933623909867,40.73285646784682],[-86.43936272146031,40.73301896846973],[-86.43936785587192,40.733182626533804],[-86.43935159309397,40.73334587723301],[-86.4393140884766,40.73350715964509],[-86.4392557004798,40.73366493165649],[-86.43917698725129,40.7338176847079],[-86.43907870129462,40.733963958219555],[-86.43896178227837,40.73410235355781],[-86.43882734805483,40.73423154741002],[-86.43867668397418,40.73435030443925],[-86.43513667874805,40.736880349756106],[-86.43497122704515,40.73698752243756],[-86.43479257005033,40.73708209941643],[-86.43460241577722,40.73716317648019],[-86.43440258217966,40.73722997848054],[-86.4341949797693,40.73728186674584],[-86.43398159334726,40.7373183451883],[-86.43376446302483,40.7373390650481],[-86.43354566471504,40.737343828228376],[-86.43332729028138,40.7373325891897],[-86.4331114275339,40.73730545538538],[-86.43290014026421,40.737262686234146],[-86.43269544851022,40.73720469063923],[-86.4304254088056,40.736464673831684],[-86.4302247209429,40.73639009793212],[-86.43003500910156,40.736300890727826],[-86.42985817437538,40.736197946184014],[-86.42969598879223,40.73608229592642],[-86.42955007755555,40.73595509890143],[-86.42942190275858,40.73581762976022],[-86.4293127487344,40.73567126608358],[-86.4292237091882,40.73551747457541],[-86.42915567624101,40.73535779636334],[-86.42910933149457,40.73519383155389],[-86.42908513920636,40.73502722319704],[-86.42908334164316,40.73485964082087],[-86.42910395665972,40.734692763701425],[-86.42914677752599,40.7345282640352],[-86.42921137500505,40.73436779018332],[-86.42929710166004,40.734212950154905],[-86.42940309834721,40.734065295495114],[-86.42952830282948,40.73392630573961],[-86.42967146042417,40.73379737359082],[-86.42983113657807,40.73367979096443],[-86.4300057312437,40.73357473604612],[-86.43059572591046,40.73325474246392]]]},"properties":{"fire_id":"F4669","date":"2026-09-26","area_ha":36.8,"cumulative_ha":36.8,"frp_sum":2.9,"n_detections":4,"first_seen":"2026-09-26","last_seen":"2026-09-26","centroid":[-86.43426,40.73436],"history":[{"date":"2026-09-26","area_ha":36.8}],"track":[[-86.43425679932125,40.73436246319009]],"growth_24h_ha":null,"speed_km_day":null,"bearing_deg":null,"direction":null}},{"type":"Feature","geometry":{"type":"Polygon","coordinates":[[[-77.71332582423389,40.891726698707025],[-77.71346220067217,40.89187419440942],[-77.713576673924,40.89203172239875],[-77.71427669826862,40.89313171063973],[-77.71435994101815,40.89328063691817],[-77.71442358744996,40.893434851484145],[-77.71446704630931,40.89359292204929],[-77.7144899138272,40.89375338050192],[-77.71449197747533,40.89391473654182],[-77.71447321794535,40.89407549152148],[-77.71443380933314,40.8942341523652],[-77.71437411752727,40.89438924543692],[-77.71429469681543,40.894539330227886],[-77.71419628474084,40.894683012736934],[-77.71407979525581,40.89481895841905],[-77.71394631023631,40.89494590458235],[-77.71379706943571,40.89506267211734],[-77.71363345897156,40.895168176450454],[-77.71345699845172,40.89526143761947],[-77.71326932685972,40.89534158937723],[-77.7130721873305,40.895407887239166],[-77.71286741095768,40.89545971539971],[-77.71265689978324,40.895496592453476],[-77.71244260912754,40.895518175867544],[-77.71222652942379,40.89552426516391],[-77.71201066772632,40.895514803781964],[-77.71179702906406,40.89548987960402],[-77.70724692832452,40.894789862518856],[-77.7070351499082,40.894749156122806],[-77.70682968818666,40.894693256946454],[-77.70663249521802,40.89462269608532],[-77.70644544448446,40.89453814393305],[-77.70627031309013,40.89444040381078],[-77.70610876487547,40.89433040433341],[-77.70596233460881,40.89420919058534],[-77.70583241340509,40.894077914189786],[-77.7057202355103,40.893937822365736],[-77.70562686657763,40.89379024607702],[-77.70555319354592,40.89363658738573],[-77.70549991621712,40.89347830613068],[-77.70546754061219,40.89331690605699],[-77.70545637416866,40.8931539205291],[-77.7054665228253,40.89299089796272],[-77.705497890021,40.89282938711419],[-77.70635798828411,40.8895394028115],[-77.70641163744764,40.889377537525036],[-77.70648659277617,40.88922045727328],[-77.7065821107717,40.88906971987633],[-77.70669724402597,40.88892682023964],[-77.70683085062029,40.88879317553021],[-77.70698160545352,40.8886701111237],[-77.7071480133857,40.88855884746223],[-77.70732842406682,40.88846048795307],[-77.70752104830356,40.888376008027784],[-77.707723975802,40.88830624547062],[-77.70793519411009,40.88825189211195],[-77.70815260857239,40.88821348696859],[-77.70837406309907,40.888191410899864],[-77.70859736154367,40.888185882831145],[-77.70882028947759,40.88819695758358],[-77.70904063614583,40.888224525330344],[-77.70925621638615,40.88826831268564],[-77.70946489229485,40.88832788541522],[-77.70966459442427,40.88840265274172],[-77.70985334230214,40.88849187320205],[-77.71002926406949,40.88859466199907],[-77.71019061504225,40.888709999774484],[-77.71033579501288,40.88883674271591],[-77.71332582423389,40.891726698707025]]]},"properties":{"fire_id":"F4384","date":"2026-09-26","area_ha":43.4,"cumulative_ha":74.8,"frp_sum":6.4,"n_detections":4,"first_seen":"2026-09-24","last_seen":"2026-09-26","centroid":[-77.70968,40.89222],"history":[{"date":"2026-09-24","area_ha":57.8},{"date":"2026-09-25","area_ha":53.4},{"date":"2026-09-26","area_ha":43.4}],"track":[[-77.71177730567899,40.89299332256482],[-77.71174273430171,40.89281528648933],[-77.70967853443,40.89222180565788]],"growth_24h_ha":-9.91,"speed_km_day":0.18,"bearing_deg":100.04,"direction":"E"}},{"type":"Feature","geometry":{"type":"Polygon","coordinates":[[[-83.42307957631559,41.0955551389786],[-83.42313350710236,41.095711102903344],[-83.42316705948816,41.09587020123061],[-83.42317992303579,41.096030962588536],[-83.42317197863875,41.09619190021461],[-83.42314329962804,41.09635152570547],[-83.42309415109914,41.09650836278208],[-83.42302498746545,41.09666096094355],[-83.42293644826032,41.09680790888259],[-83.42282935222661,41.09694784753902],[-83.42270468974834,41.097079482670175],[-83.42256361369378,41.097201596822444],[-83.42240742875529,41.097313060592334],[-83.42223757938385,41.09741284307376],[-83.42205563643012,41.097500021394175],[-83.42186328261559,41.09757378925152],[-83.42166229696802,41.097633464373104],[-83.42145453836552,41.097678494827115],[-83.42124192834119,41.09770846412842],[-83.42102643330793,41.09772309509157],[-83.42081004636749,41.09772225239488],[-83.42059476887258,41.09770594383249],[-83.42038259191253,41.09767432024211],[-83.42017547789398,41.09762767410965],[-83.41997534238718,41.0975664368635],[-83.41802530975728,41.096886421404605],[-83.4178317254256,41.09681014991783],[-83.41764902302666,41.09672023106319],[-83.4174789339409,41.09661751698231],[-83.41732306999539,41.0965029810702],[-83.4171829081886,41.09637770874903],[-83.41705977669415,41.09624288718033],[-83.41695484227567,41.09609979401303],[-83.41686909923243,41.095949785274094],[-83.41680335998018,41.09579428251685],[-83.41675824735628,41.09563475934845],[-83.41673418872233,41.09547272746434],[-83.41673141191929,41.09530972232242],[-83.41674994311393,41.09514728859212],[-83.41678960655642,41.09498696551691],[-83.41685002625121,41.09483027232831],[-83.41693062952521,41.094678693850376],[-83.41703065245936,41.094533666430166],[-83.41714914713152,41.09439656432832],[-83.41728499060265,41.094268686697916],[-83.41743689556007,41.09415124527555],[-83.41760342251767,41.09404535290081],[-83.417782993457,41.09395201297298],[-83.4179739067799,41.0938721099447],[-83.41817435343138,41.09380640094293],[-83.4183824340396,41.09375550859604],[-83.41859617691097,41.093719915135345],[-83.4188135567098,41.09369995782657],[-83.4204435184357,41.093609960079654],[-83.42065950392214,41.0936057751085],[-83.42087503296125,41.09361702792369],[-83.42108811828203,41.09364361476994],[-83.4212967951409,41.09368529050589],[-83.4214991394338,41.093741670864084],[-83.42169328543406,41.093812235993255],[-83.42187744299251,41.09389633525052],[-83.42204991404138,41.093993193199466],[-83.42220910824999,41.09410191675865],[-83.42235355768787,41.09422150343483],[-83.42248193036025,41.09435085056495],[-83.42259304249102,41.09448876548193],[-83.42268586943995,41.094633976510295],[-83.42275955515339,41.09478514469069],[-83.42307957631559,41.0955551389786]]]},"properties":{"fire_id":"F4670","date":"2026-09-26","area_ha":19.2,"cumulative_ha":19.2,"frp_sum":1.7,"n_detections":3,"first_seen":"2026-09-26","last_seen":"2026-09-26","centroid":[-83.42006,41.09559],"history":[{"date":"2026-09-26","area_ha":19.2}],"track":[[-83.42006412939327,41.09558777295831]],"growth_24h_ha":null,"speed_km_day":null,"bearing_deg":null,"direction":null}},{"type":"Feature","geometry":{"type":"Polygon","coordinates":[[[-85.3550704492885,41.11742624597295],[-85.35528345296015,41.117465227246235],[-85.35549034556846,41.117519450217834],[-85.35568916217449,41.117588399917565],[-85.35587801452465,41.117671421509854],[-85.35605510898161,41.11776772651146],[-85.35621876355745,41.117876400278575],[-85.35636742388738,41.11799641069202],[-85.3564996779924,41.118126617957955],[-85.3566142696906,41.118265785431376],[-85.35671011052987,41.118412591359736],[-85.3567862901285,41.11856564143469],[-85.35684208482529,41.11872348203361],[-85.35687696455723,41.11888461402442],[-85.35689059789875,41.11904750700327],[-85.35688285521492,41.11921061382951],[-85.35685380989827,41.11937238532003],[-85.35680373767728,41.11953128496353],[-85.35673311400289,41.11968580351474],[-85.35664260953777,41.11983447333016],[-85.35653308379074,41.11997588230895],[-85.35640557695696,41.120108687306626],[-85.35626130004101,41.12023162689419],[-85.35610162335664,41.12034353334104],[-85.35592806351231,41.120443343708345],[-85.35574226900633,41.120530109946785],[-85.35554600456801,41.12060300790342],[-85.35534113439392,41.12066134515126],[-85.35512960443866,41.12070456756774],[-85.35319956203689,41.12102457541588],[-85.35298659291462,41.12105197491938],[-85.35277107342898,41.12106405066241],[-85.35255499080702,41.12106069129845],[-85.35234033746939,41.12104192780307],[-85.35212909265499,41.12100793318845],[-85.35192320416745,41.12095902090761],[-85.3517245704116,41.120895641963585],[-85.34896452557719,41.11989561937314],[-85.34876868664169,41.11981547585445],[-85.34858449681123,41.119721276124615],[-85.3484137723552,41.1196139491025],[-85.34825819673716,41.11949455315251],[-85.34811930401388,41.119364265646276],[-85.34799846370892,41.119224371350484],[-85.34789686730971,41.119076249756226],[-85.3478155165215,41.118921361474136],[-85.3477552133934,41.11876123383002],[-85.34771655241444,41.11859744580295],[-85.34769991465669,41.118431612454366],[-85.34770546402345,41.11826536900191],[-85.34773314563924,41.11810035469489],[-85.34778268639691,41.11793819665049],[-85.34785359765664,41.117780493810066],[-85.34794518006971,41.11762880117382],[-85.34805653047937,41.11748461446897],[-85.34818655083049,41.11734935540307],[-85.3483339590002,41.11722435764701],[-85.34849730144217,41.11711085368681],[-85.34867496752024,41.11700996267289],[-85.34886520538979,41.11692267938708],[-85.34906613927022,41.1168498644359],[-85.34927578793852,41.11679223576659],[-85.34949208426134,41.116750361589624],[-85.34971289557343,41.116724654777656],[-85.3499360447016,41.11671536879523],[-85.350159331427,41.11672259520039],[-85.35038055417432,41.11674626274217],[-85.3550704492885,41.11742624597295]]]},"properties":{"fire_id":"F4387","date":"2026-09-26","area_ha":27.7,"cumulative_ha":50.4,"frp_sum":6.9,"n_detections":3,"first_seen":"2026-09-24","last_seen":"2026-09-26","centroid":[-85.35228,41.11885],"history":[{"date":"2026-09-24","area_ha":39.9},{"date":"2026-09-26","area_ha":27.7}],"track":[[-85.35163420399894,41.1206804027534],[-85.35228364505804,41.118848820724644]],"growth_24h_ha":-6.09,"speed_km_day":0.11,"bearing_deg":188.36,"direction":"S"}},{"type":"Feature","geometry":{"type":"Polygon","coordinates":[[[-87.86199281173643,41.177316487110524],[-87.8621642231606,41.177423709631995],[-87.86232046332007,41.17754305891966],[-87.86245998713952,41.17767335478104],[-87.86258141482188,41.17781330877055],[-87.86268354549473,41.17796153692877],[-87.86276536908827,41.17811657346614],[-87.86282607632765,41.178276885256444],[-87.86286506674045,41.17844088699618],[-87.86288195460017,41.17860695688067],[-87.86302208361171,41.18265695425937],[-87.86301681813886,41.182822274491194],[-87.86298964676189,41.18298640279747],[-87.86294083424444,41.18314773896263],[-87.8628708563549,41.183304709982366],[-87.86278039523316,41.183455785400966],[-87.86267033274476,41.18359949223413],[-87.862541741887,41.18373442933207],[-87.86239587633054,41.18385928104198],[-87.86223415819848,41.18397283003783],[-87.862058164202,41.18407396919103],[-87.86186961026752,41.184161712367064],[-87.8616703348054,41.18423520404216],[-87.86146228078344,41.18429372764668],[-87.86124747677992,41.184336712553204],[-87.8610280172011,41.18436373964158],[-87.86080604185618,41.184374545386376],[-87.86058371508926,41.18436902442701],[-87.8569846567017,41.184146978340195],[-87.85552219082649,41.18433918681659],[-87.85530307853008,41.18435980993878],[-87.85508230267718,41.18436438431022],[-87.85486198527053,41.18435286596375],[-87.85464424390564,41.18432536560931],[-87.85443117141295,41.184282147569355],[-87.85422481573855,41.184223627237934],[-87.85402716025646,41.18415036708717],[-87.85384010470251,41.18406307125976],[-87.85366544691261,41.18396257879989],[-87.85350486554151,41.18384985558714],[-87.85335990392791,41.18372598505129],[-87.85323195526131,41.183592157757374],[-87.85312224919305,41.18344965996105],[-87.85303184002008,41.18329986124427],[-87.85296159655522,41.18314420135062],[-87.85291219378087,41.182984176346196],[-87.8528841063665,41.182821324239754],[-87.85287760411175,41.18265721020021],[-87.85289274935906,41.18249341151326],[-87.85292939640023,41.18233150242212],[-87.8529871928825,41.182173038998094],[-87.85306558320046,41.18201954418594],[-87.8531638138409,41.18187249316821],[-87.85328094062895,41.181733299188984],[-87.85433030055277,41.18061242983475],[-87.85526934387445,41.177048119139485],[-87.85532417315912,41.17688427321198],[-87.8554009132608,41.176725364258004],[-87.85549878408685,41.17657300734611],[-87.85561679080077,41.17642875094242],[-87.85575373393763,41.176294061174495],[-87.8559082215982,41.176170306932306],[-87.85607868359763,41.17605874595769],[-87.85626338742486,41.17596051206358],[-87.85646045585068,41.1758766036129],[-87.85699044753427,41.175676608103274],[-87.85719979070547,41.17560732771924],[-87.85741751735758,41.175554217509614],[-87.85764137459321,41.17551782701895],[-87.85786904609311,41.17549853278787],[-87.85809817607904,41.175496534457935],[-87.85832639368466,41.175511852706286],[-87.85855133748224,41.17554432903174],[-87.85877067991191,41.17559362739452],[-87.85898215136076,41.17565923769251],[-87.85918356364303,41.175740481038304],[-87.8593728326385,41.17583651678235],[-87.86199281173643,41.177316487110524]]]},"properties":{"fire_id":"F4671","date":"2026-09-26","area_ha":64.5,"cumulative_ha":64.5,"frp_sum":9.6,"n_detections":7,"first_seen":"2026-09-26","last_seen":"2026-09-26","centroid":[-87.85837,41.18044],"history":[{"date":"2026-09-26","area_ha":64.5}],"track":[[-87.85836958453393,41.18044306455549]],"growth_24h_ha":null,"speed_km_day":null,"bearing_deg":null,"direction":null}},{"type":"Feature","geometry":{"type":"Polygon","coordinates":[[[-83.21362372555286,41.22619503242361],[-83.21361774113196,41.22635688392966],[-83.21359074934216,41.226517549790884],[-83.21354300230723,41.2266755284196],[-83.21347494613771,41.22682934333246],[-83.21338721676635,41.22697755695057],[-83.21328063400915,41.22711878403619],[-83.21315619390701,41.227251704640636],[-83.21301505941955,41.22737507644236],[-83.2128585495581,41.22748774635947],[-83.21268812705915,41.227588661328646],[-83.2125053847135,41.227676878148905],[-83.21231203047897,41.22775157229899],[-83.21210987151575,41.22781204564509],[-83.21190079729361,41.22785773296736],[-83.21168676192926,41.22788820724394],[-83.21146976591865,41.22790318364298],[-83.21125183743557,41.22790252218537],[-83.21103501337109,41.227886229053574],[-83.20700492097332,41.22743621782821],[-83.20678647703902,41.22740354797908],[-83.20657344177023,41.22735501460608],[-83.2063678967933,41.227291091947265],[-83.20617185052987,41.22721240461362],[-83.20598721856906,41.227119721484556],[-83.20581580494756,41.227013948193466],[-83.20565928452062,41.226896118276834],[-83.20551918659666,41.22676738307352],[-83.20539687999482,41.226629000473096],[-83.205293559672,41.22648232262306],[-83.20521023504972,41.22632878271528],[-83.20514772015477,41.226169880980706],[-83.20510662567,41.22600717002955],[-83.20508735297257,41.22584223967992],[-83.20509009021784,41.225676701423374],[-83.20511481050688,41.225512172679096],[-83.20516127215537,41.22535026099075],[-83.20522902106069,41.22519254832015],[-83.20531739514455,41.225040575591464],[-83.2054255308267,41.2248958276366],[-83.20555237146684,41.22475971868931],[-83.20569667769183,41.22463357856898],[-83.20962668626488,41.221523632260336],[-83.20978657950656,41.2214089842613],[-83.20996088756921,41.2213065904356],[-83.21014791659637,41.22121744576762],[-83.21034584914027,41.22114241649293],[-83.21055276182084,41.22108223168245],[-83.21076664401339,41.22103747615942],[-83.21098541738299,41.221008584817724],[-83.21120695607631,41.22099583839696],[-83.21142910737477,41.220999360755066],[-83.21164971260819,41.221019117665],[-83.21186662812659,41.221054917147384],[-83.21207774612586,41.22110641133537],[-83.21228101512571,41.22117309985432],[-83.21247445990075,41.22125433468285],[-83.21265620067129,41.221349326448575],[-83.21282447136772,41.22145715209687],[-83.21297763679071,41.221576763858955],[-83.21311420850101,41.2217069994314],[-83.21323285928398,41.22184659326895],[-83.21333243604874,41.221994188880444],[-83.21341197103622,41.22214835200903],[-83.21347069122716,41.22230758456786],[-83.2135080258586,41.222470339196846],[-83.21352361197555,41.22263503429829],[-83.21362372555286,41.22619503242361]]]},"properties":{"fire_id":"F4672","date":"2026-09-26","area_ha":40.5,"cumulative_ha":40.5,"frp_sum":7.3,"n_detections":3,"first_seen":"2026-09-26","last_seen":"2026-09-26","centroid":[-83.20997,41.22479],"history":[{"date":"2026-09-26","area_ha":40.5}],"track":[[-83.20997047954145,41.22479453787936]],"growth_24h_ha":null,"speed_km_day":null,"bearing_deg":null,"direction":null}},{"type":"Feature","geometry":{"type":"Polygon","coordinates":[[[-88.18772704610876,41.41180227668764],[-88.18791991985587,41.411874982388014],[-88.18810252887292,41.41196102477877],[-88.18827319939628,41.412059615232074],[-88.18843036706707,41.41216985010619],[-88.18857259126908,41.41229071902632],[-88.18869856833336,41.41242111414389],[-88.18880714348869,41.412559840289184],[-88.18889732144783,41.41270562592464],[-88.18896827553323,41.41285713479806],[-88.1890193552578,41.413012978189464],[-88.18905009229142,41.413171727639025],[-88.18906020475826,41.413331928039604],[-88.18904959982555,41.41349211097396],[-88.18901837455954,41.413650808174246],[-88.18896681504093,41.413806564980675],[-88.1888953937476,41.41395795367563],[-88.18880476522828,41.41410358657143],[-88.18869576010698,41.41424212873128],[-88.18856937747263,41.41437231020702],[-88.1851694067937,41.417542360308985],[-88.1850247065484,41.41766458504384],[-88.1848646975429,41.41777583696797],[-88.18469088739315,41.41787506780646],[-88.1845049137778,41.41796134254907],[-88.18430852900649,41.418033848261935],[-88.18410358350722,41.418091901748994],[-88.18389200838817,41.418134955990894],[-88.18367579723876,41.41816260530042],[-88.18345698734123,41.41817458914594],[-88.18323764047017,41.418170794607036],[-88.18301982346092,41.418151257438566],[-88.18280558873043,41.41811616173386],[-88.18259695493393,41.41806583818952],[-88.18239588794007,41.418000760988726],[-88.18220428230416,41.41792154333226],[-88.18202394341377,41.417828931659216],[-88.18185657047553,41.41772379861223],[-88.18170374050318,41.4176071348134],[-88.18156689345808,41.41748003952839],[-88.18144731868202,41.4173437103071],[-88.18134614275026,41.41719943169808],[-88.18126431885912,41.41704856314356],[-88.18120261784824,41.41689252616897],[-88.18116162094157,41.41673279098777],[-88.18114171427581,41.416570862648],[-88.18114308526734,41.41640826685076],[-88.18116572085181,41.416246535574736],[-88.18188973705516,41.412741320674755],[-88.18187367818966,41.41253782529218],[-88.18187156657685,41.41237422268121],[-88.1818909995266,41.41221124777553],[-88.18193179150848,41.41205045528533],[-88.18199355324263,41.4118933790902],[-88.18207569541867,41.411741517607375],[-88.18217743432237,41.41159631949857],[-88.18229779931599,41.41145916985182],[-88.18243564210123,41.411331376970075],[-88.18258964767574,41.41121415989265],[-88.18275834687913,41.41110863676808],[-88.18294013040827,41.411015814189696],[-88.18313326416859,41.410936577595464],[-88.18333590581457,41.4108716828231],[-88.1835461223221,41.410821748901704],[-88.18376190842486,41.4107872521481],[-88.18398120573922,41.41076852162419],[-88.18420192239529,41.4107657359988],[-88.18442195298698,41.41077892184381],[-88.18463919865114,41.410807953380555],[-88.18485158708438,41.410852553679604],[-88.18505709230664,41.41091229730151],[-88.18772704610876,41.41180227668764]]]},"properties":{"fire_id":"F4673","date":"2026-09-26","area_ha":37.8,"cumulative_ha":37.8,"frp_sum":5.0,"n_detections":4,"first_seen":"2026-09-26","last_seen":"2026-09-26","centroid":[-88.18467,41.4143],"history":[{"date":"2026-09-26","area_ha":37.8}],"track":[[-88.18466532543214,41.41430234223606]],"growth_24h_ha":null,"speed_km_day":null,"bearing_deg":null,"direction":null}},{"type":"Feature","geometry":{"type":"Polygon","coordinates":[[[-81.66809511956174,41.475228384593464],[-81.66804978148302,41.475390455973866],[-81.66798306734178,41.47554842323],[-81.66789562824457,41.47570074432021],[-81.66778831762564,41.47584593230897],[-81.66766218292031,41.47598256988351],[-81.66475221377947,41.478822613584576],[-81.66461137436266,41.4789470455442],[-81.66445492916095,41.479060797348374],[-81.66428434764241,41.479162800486144],[-81.66410123208354,41.47925209680118],[-81.66390730251814,41.47932784749388],[-81.66370438057915,41.47938934100188],[-81.66349437238516,41.47943599968553],[-81.66327925063274,41.47946738525522],[-81.66306103606253,41.47948320288915],[-81.6628417784737,41.47948330400348],[-81.66262353746512,41.479467687648466],[-81.66240836308434,41.4794365005171],[-81.6621982765665,41.47939003556719],[-81.66199525134402,41.47932872926854],[-81.66180119450591,41.479253157502264],[-81.66161792888083,41.479164030149974],[-81.66144717591247,41.479062184424194],[-81.66129053948809,41.47894857700266],[-81.66114949087228,41.4788242750402],[-81.66102535488749,41.47869044614291],[-81.66091929747115,41.47854834739891],[-81.66083231472615,41.478399313568715],[-81.66076522356755,41.47824474454607],[-81.66071865405313,41.478086092207604],[-81.66069304346985,41.47792484677406],[-81.6606886322315,41.4777625228122],[-81.66070546162584,41.477600645008046],[-81.66074337343225,41.47744073384575],[-81.66276357039364,41.47082077098819],[-81.66282240646034,41.47066386251062],[-81.66290153610335,41.470511926007866],[-81.66300021146496,41.47036639718904],[-81.66311750000823,41.470228651205176],[-81.66325229333258,41.470099989656255],[-81.6696007448403,41.46461265960075],[-81.67050601466991,41.461703768856474],[-81.6705575112856,41.46156559361399],[-81.67062476779569,41.46143118490886],[-81.67329341004148,41.456725967929174],[-81.67349978317516,41.45210463950339],[-81.67352229946552,41.45191786485833],[-81.67357285465583,41.451734124519014],[-81.67365081506428,41.45155572078267],[-81.6749508785068,41.4490657436258],[-81.67504023996298,41.44891661337273],[-81.6751487618967,41.44877463045144],[-81.67527541470395,41.448641141777294],[-81.67541899680268,41.448517413677415],[-81.6755781460337,41.44840461987928],[-81.6757513525842,41.448303830378165],[-81.67593697331077,41.44821600128833],[-81.67613324732626,41.4481419657748],[-81.6763383127027,41.44808242615129],[-81.67655022413163,41.448037947219284],[-81.67676697137487,41.44800895091134],[-81.67698649833048,41.447995712289554],[-81.67720672253326,41.44799835693675],[-81.67742555490527,41.44801685976556],[-81.67764091956889,41.44805104525632],[-81.67785077353476,41.44810058912167],[-81.67805312607815,41.448165021382096],[-81.67824605762002,41.44824373082336],[-81.67842773793382,41.448335970793096],[-81.67859644350553,41.448440866282645],[-81.67875057388228,41.448557422225726],[-81.67888866685456,41.448684532936376],[-81.67900941232809,41.448820992596175],[-81.67911166475355,41.44896550669142],[-81.67919445399662,41.44911670429193],[-81.67925699454442,41.449273151054875],[-81.67929869296178,41.44943336283075],[-81.67931915352564,41.44959581974186],[-81.67931818198444,41.44975898060028],[-81.6792957874065,41.44992129752861],[-81.67860377040331,41.453299973366505],[-81.68058451114479,41.459184757698125],[-81.68062628050419,41.45933960962234],[-81.68064817861972,41.45949668668858],[-81.68065001077416,41.459654593130324],[-81.68063176055242,41.459811925801255],[-81.68059358999213,41.45996728664354],[-81.6795636877855,41.46326730555366],[-81.67950502886251,41.46342131623111],[-81.6794267965311,41.46357047890015],[-81.67932970454257,41.463713432443214],[-81.6752598063721,41.469053499240104],[-81.675137960767,41.469196071403694],[-81.67499736715143,41.46932884295479],[-81.67483945178405,41.46945046688588],[-81.67466581668239,41.46955970927834],[-81.67447822337095,41.46965546182285],[-81.6687143880821,41.47229041653204],[-81.66809511956174,41.475228384593464]]]},"properties":{"fire_id":"F4463","date":"2026-09-26","area_ha":212.1,"cumulative_ha":319.4,"frp_sum":24.9,"n_detections":15,"first_seen":"2026-09-24","last_seen":"2026-09-26","centroid":[-81.67203,41.46433],"history":[{"date":"2026-09-24","area_ha":98.5},{"date":"2026-09-25","area_ha":253.4},{"date":"2026-09-26","area_ha":212.1}],"track":[[-81.67430775018303,41.45780648655806],[-81.67554279580739,41.46358468909404],[-81.6720290229442,41.46432764643406]],"growth_24h_ha":-41.3,"speed_km_day":0.3,"bearing_deg":65.43,"direction":"ENE"}},{"type":"Feature","geometry":{"type":"Polygon","coordinates":[[[-83.36910567305047,41.4685947315145],[-83.36905830373072,41.468764068473234],[-83.3689876141551,41.46892888650911],[-83.36889435748837,41.46908742918495],[-83.36786439055828,41.47061744655856],[-83.3677587515317,41.47075720814363],[-83.3676355717607,41.47088885944368],[-83.36749597723198,41.471011196928856],[-83.36734124401207,41.4711231022079],[-83.36717278658318,41.47122355225377],[-83.36699214491277,41.47131162875764],[-83.36680097037488,41.47138652652547],[-83.36660101065233,41.47144756084048],[-83.36639409375748,41.47149417372409],[-83.36618211131808,41.47152593903808],[-83.3659670012808,41.471542566381316],[-83.36575073019097,41.47154390374496],[-83.36553527521058,41.47152993890273],[-83.36532260603914,41.47150079952255],[-83.36124251671856,41.47079078193132],[-83.3610304954038,41.47074569986298],[-83.36082541176019,41.47068553829742],[-83.36062921613367,41.470610869379804],[-83.36044377432793,41.4705224032202],[-83.36027084985837,41.470420981138815],[-83.36011208717957,41.47030756766362],[-83.3599689960462,41.470183241355926],[-83.35984293715583,41.47004918455162],[-83.35973510921025,41.46990667211554],[-83.35964653751844,41.46975705931611],[-83.35957806424942,41.46960176893553],[-83.35953034042744,41.46944227773821],[-83.35950381974568,41.46928010242624],[-83.35949875425703,41.469116785215306],[-83.35951519198262,41.46895387916866],[-83.3595529764609,41.46879293342803],[-83.35961174824102,41.46863547848257],[-83.35969094830641,41.468483011615376],[-83.35978982339559,41.46833698266631],[-83.35990743316943,41.468198780246354],[-83.3600426591567,41.468069718534245],[-83.36019421539261,41.46795102478164],[-83.36036066064896,41.467843827644515],[-83.36054041213997,41.46774914645259],[-83.3607317605727,41.46766788151829],[-83.36385137598619,41.46648872435793],[-83.36511737342279,41.45931297796036],[-83.36515700404371,41.459150858862166],[-83.36521794333713,41.458992407285976],[-83.3652996017229,41.458839155861355],[-83.36540118922866,41.45869258690876],[-83.36552172313534,41.458554118102946],[-83.36566003748621,41.458425088762056],[-83.36581479436732,41.4583067468949],[-83.36598449685012,41.458200237131535],[-83.36616750347105,41.45810658965393],[-83.36636204410803,41.45802671023348],[-83.36656623710034,41.45796137147208],[-83.36677810744628,41.45791120533072],[-83.36699560590282,41.45787669701851],[-83.36721662880257,41.457858180300754],[-83.36743903839672,41.45785583427137],[-83.36766068352708,41.45786968162119],[-83.36787942042781,41.457899588418464],[-83.36809313345576,41.45794526540405],[-83.36829975554893,41.45800627078838],[-83.36849728821572,41.458082014523676],[-83.36972727147655,41.458612002869074],[-83.36991623171399,41.45870304885439],[-83.37009201743126,41.45880757510655],[-83.370252882342,41.45892454328438],[-83.37039722835729,41.459052791445444],[-83.37052362146134,41.45919104558675],[-83.37063080595901,41.459337932298695],[-83.37071771695234,41.4594919924067],[-83.37078349092334,41.45965169546513],[-83.37082747431684,41.45981545495952],[-83.37084923003837,41.459981644066225],[-83.37084854180232,41.46014861181285],[-83.3708254162867,41.46031469947927],[-83.36910567305047,41.4685947315145]]]},"properties":{"fire_id":"F4389","date":"2026-09-26","area_ha":79.6,"cumulative_ha":112.4,"frp_sum":8.9,"n_detections":6,"first_seen":"2026-09-24","last_seen":"2026-09-26","centroid":[-83.36618,41.46531],"history":[{"date":"2026-09-24","area_ha":90.0},{"date":"2026-09-25","area_ha":78.8},{"date":"2026-09-26","area_ha":79.6}],"track":[[-83.36634061047371,41.46545613875959],[-83.36631404675173,41.464348642120726],[-83.36618187132096,41.46531082015436]],"growth_24h_ha":0.79,"speed_km_day":0.11,"bearing_deg":358.19,"direction":"N"}},{"type":"Feature","geometry":{"type":"Polygon","coordinates":[[[-87.33100254330945,41.61722141491712],[-87.33104781216916,41.61706375620015],[-87.33111336594496,41.61691004187822],[-87.331198597921,41.616761694305275],[-87.33130271930824,41.61662008616606],[-87.33142476654719,41.61648652777558],[-87.33156361022705,41.61636225495578],[-87.33171796553862,41.61624841760212],[-87.3318864041642,41.61614606904507],[-87.33206736749445,41.616056156305156],[-87.33225918104986,41.615979511332],[-87.33246006997345,41.61591684330777],[-87.33266817545139,41.6158687320866],[-87.33288157190971,41.61583562283042],[-87.3330982848282,41.61581782189092],[-87.33331630900652,41.615815493975575],[-87.33353362711418,41.61582866062395],[-87.33374822835236,41.615857200008506],[-87.33395812705561,41.61590084806154],[-87.34963781185883,41.61977075412964],[-87.34984215051126,41.61982943120422],[-87.35003786568444,41.61990242201978],[-87.35022312711786,41.61998904400568],[-87.35039620229111,41.62008848711705],[-87.35055547262441,41.62019982140837],[-87.35069944861425,41.62032200572835],[-87.35082678376311,41.620453897454716],[-87.35093628717277,41.62059426317798],[-87.35102693468356,41.6207417902344],[-87.35109787845498,41.620895098980185],[-87.3511484548985,41.621052755692496],[-87.3511781908878,41.621213285976495],[-87.35118680818827,41.621375188552875],[-87.35117422606446,41.62153694929756],[-87.3511405620405,41.62169705540173],[-87.35108613080641,41.62185400951992],[-87.35101144128029,41.62200634377411],[-87.35091719185371,41.62215263348244],[-87.35080426386435,41.62229151048435],[-87.35067371335718,41.6224216759375],[-87.3505267612108,41.62254191246646],[-87.35036478172113,41.622651095549934],[-87.35018928974952,41.6227482040394],[-87.35000192655511,41.62283232971123],[-87.34980444444403,41.6229026857626],[-87.34959869037918,41.62295861417154],[-87.3493865887039,41.622999591852604],[-87.34917012314102,41.623025235550166],[-87.34895131823636,41.62303530542378],[-87.3469912714952,41.62305530593559],[-87.34688828886985,41.62305462684046],[-87.33238794350444,41.62271461814317],[-87.33216210080417,41.62270093495078],[-87.33193923483131,41.62267065580653],[-87.3317215725447,41.62262408327308],[-87.33151128889517,41.622561682722946],[-87.33131048508864,41.622484077687425],[-87.33112116758684,41.62239204362464],[-87.33094522805582,41.62228650016931],[-87.3307844244623,41.62216850194166],[-87.33064036350736,41.62203922800759],[-87.33051448457277,41.62189997009514],[-87.3304080453403,41.621752119685524],[-87.33032210922785,41.62159715410747],[-87.33025753476765,41.62143662177422],[-87.33021496703273,41.62127212671024],[-87.33019483119692,41.621105312523106],[-87.33019732829248,41.62093784598012],[-87.33022243320802,41.62077140035391],[-87.33100254330945,41.61722141491712]]]},"properties":{"fire_id":"F4674","date":"2026-09-26","area_ha":97.4,"cumulative_ha":97.4,"frp_sum":3.8,"n_detections":4,"first_seen":"2026-09-26","last_seen":"2026-09-26","centroid":[-87.33944,41.62013],"history":[{"date":"2026-09-26","area_ha":97.4}],"track":[[-87.33943799475674,41.6201331355314]],"growth_24h_ha":null,"speed_km_day":null,"bearing_deg":null,"direction":null}},{"type":"Feature","geometry":{"type":"Polygon","coordinates":[[[-87.1459085773127,41.640833125293284],[-87.14601369631663,41.640979692248294],[-87.1460986871182,41.64113322122476],[-87.14616271658862,41.64129220748883],[-87.14620515702717,41.641455092808854],[-87.14622559231849,41.64162028072656],[-87.14622382201675,41.64178615220354],[-87.1461998633164,41.64195108148934],[-87.14615395088964,41.64211345205602],[-87.14608653459243,41.64227167244253],[-87.14599827506089,41.6424241918542],[-87.14407833945786,41.6453342245151],[-87.14397059293103,41.645478947861754],[-87.1438440834608,41.64561512930683],[-87.14370004045898,41.64574144532961],[-87.14353986376432,41.64585666828215],[-87.14336511003938,41.6459596783223],[-87.14317747764214,41.646049474299176],[-87.1429787901194,41.6461251834851],[-87.14277097848232,41.64618607005914],[-87.1425560624367,41.646231542260225],[-87.14233613075028,41.6462611581396],[-87.14211332094831,41.64627462985713],[-87.13918325114147,41.64634463164928],[-87.13895675894491,41.64634167601161],[-87.13873179598203,41.646322039047725],[-87.13337167348233,41.64565202212627],[-87.13315651454019,41.6456171043447],[-87.13294695647473,41.64556692623109],[-87.13274497692369,41.645501961331185],[-87.13255248199037,41.64542282273644],[-87.1323712882525,41.645330257296884],[-87.12956126623821,41.64374022496347],[-87.12939365703218,41.643635492384895],[-87.12924053868345,41.64351927614745],[-87.12910334599287,41.64339266532063],[-87.12898336450088,41.64325684637557],[-87.1288817184423,41.64311309206525],[-87.12879936021402,41.64296274949585],[-87.12873706145348,41.64280722750207],[-87.128695405812,41.64264798344387],[-87.1286747834903,41.64248650954902],[-87.12867538758705,41.64232431892939],[-87.12869721229494,41.64216293140175],[-87.12891228965393,41.64109706590219],[-87.12909628976038,41.63877964786455],[-87.12701167906634,41.63839576316599],[-87.12680139541035,41.63834893696419],[-87.12659822931546,41.63828729715873],[-87.12640408695138,41.638211422083316],[-87.12622078980715,41.638122023631446],[-87.12605005759906,41.63801994057577],[-87.12589349213455,41.63790613069687],[-87.1257525622831,41.637781661795366],[-87.1256285901956,41.63764770167193],[-87.12552273890107,41.637505507168925],[-87.12543600139743,41.63735641237706],[-87.12536919133818,41.637201816117276],[-87.12532293540282,41.637043168815715],[-87.12529766742182,41.6368819588949],[-87.12529362431158,41.63671969880857],[-87.125310843857,41.63655791085187],[-87.1253491643626,41.63639811287922],[-87.12540822617486,41.63624180406445],[-87.12548747506159,41.6360904508367],[-87.12558616741637,41.63594547312365],[-87.12570337723896,41.6358082310316],[-87.12583800482614,41.63568001208695],[-87.12598878709126,41.63556201915877],[-87.1261543094157,41.63545535917595],[-87.12633301892077,41.63536103274421],[-87.1265232390359,41.63527992476099],[-87.12672318522598,41.63521279611535],[-87.12693098173085,41.63516027655151],[-87.12932093151592,41.63465028909757],[-87.12951774176439,41.63461524140468],[-87.12971799784725,41.63459330584709],[-87.12992010338071,41.63458465728759],[-87.13012244724086,41.634589364669466],[-87.13032341640427,41.63460739046711],[-87.1334067919817,41.63498779723516],[-87.13390888303549,41.63256626322594],[-87.13394095600952,41.632442742846486],[-87.13398547692667,41.63232134845234],[-87.13514555344499,41.62957136940518],[-87.13522882554065,41.62940538591586],[-87.13533532956221,41.62924682179347],[-87.13546387646804,41.62909744706215],[-87.13561303118155,41.62895892915463],[-87.13578112861497,41.62883281430159],[-87.1359662922588,41.62872051027385],[-87.14092593873761,41.626023219707065],[-87.14157418374606,41.62316321449325],[-87.14162209040977,41.62300140407658],[-87.14169138036412,41.62284388048817],[-87.14178137627258,41.622692183259616],[-87.14189119844801,41.62254779496909],[-87.14201977345449,41.62241212675292],[-87.14216584460172,41.62228650451594],[-87.14232798422952,41.62217215597484],[-87.14250460766199,41.62207019866139],[-87.14269398869526,41.62198162900266],[-87.14289427646715,41.62190731258457],[-87.14310351354413,41.621847975694294],[-87.14331965504871,41.621804198223764],[-87.1435405886408,41.62177640800371],[-87.14376415515748,41.62176487662328],[-87.14398816971004,41.62176971677668],[-87.14810807234419,41.622009710653344],[-87.1483316075947,41.622031035269586],[-87.14855117307047,41.622068660180226],[-87.14876459842057,41.62212221347545],[-87.14896977397504,41.62219116579763],[-87.14916467159492,41.62227483557258],[-87.14934736471709,41.622372395745494],[-87.14951604739606,41.622482881954284],[-87.14966905215442,41.622605202060626],[-87.14980486646586,41.622738146943576],[-87.14992214770754,41.622880402449724],[-87.15001973643422,41.62303056238185],[-87.15009666784265,41.623187142397455],[-87.15015218131306,41.623348594680124],[-87.15018572793285,41.62351332323887],[-87.15019697592845,41.62367969968379],[-87.15018581395091,41.62384607932279],[-87.15015235218297,41.62401081741965],[-87.15009692125598,41.624172285453184],[-87.15002006898753,41.62432888721664],[-87.14786016211627,41.62812892488784],[-87.14772796526296,41.62832462678102],[-87.14663799062716,41.6297046445898],[-87.14651398855771,41.629845005882096],[-87.14637162830695,41.6299755077091],[-87.14621233480344,41.63009484374266],[-87.14603770250226,41.63020181941799],[-87.14584947942525,41.630295363893026],[-87.14153875261283,41.632213440701584],[-87.14309863606954,41.633193520124536],[-87.14326302382145,41.63330768883831],[-87.1434112454042,41.63343336437654],[-87.14354183339933,41.633569302611384],[-87.14365349493052,41.63371415781109],[-87.1437451244652,41.63386649596048],[-87.14381581476249,41.63402480895559],[-87.14386486585907,41.63418752953211],[-87.14389179200407,41.63435304677977],[-87.14389632647345,41.634519722089394],[-87.14387842421691,41.63468590537453],[-87.14383826230998,41.63484995140733],[-87.14306538675862,41.63730291680198],[-87.1459085773127,41.640833125293284]]]},"properties":{"fire_id":"F1539","date":"2026-09-26","area_ha":280.1,"cumulative_ha":529.8,"frp_sum":61.7,"n_detections":30,"first_seen":"2026-09-01","last_seen":"2026-09-26","centroid":[-87.13866,41.63554],"history":[{"date":"2026-09-01","area_ha":192.2},{"date":"2026-09-02","area_ha":196.7},{"date":"2026-09-03","area_ha":199.8},{"date":"2026-09-04","area_ha":266.4},{"date":"2026-09-05","area_ha":312.9},{"date":"2026-09-06","area_ha":140.1},{"date":"2026-09-07","area_ha":97.2},{"date":"2026-09-08","area_ha":277.0},{"date":"2026-09-11","area_ha":250.3},{"date":"2026-09-12","area_ha":245.2},{"date":"2026-09-13","area_ha":280.9},{"date":"2026-09-14","area_ha":253.8},{"date":"2026-09-15","area_ha":194.9},{"date":"2026-09-18","area_ha":84.5},{"date":"2026-09-19","area_ha":129.9},{"date":"2026-09-21","area_ha":85.7},{"date":"2026-09-24","area_ha":60.9},{"date":"2026-09-25","area_ha":193.0},{"date":"2026-09-26","area_ha":280.1}],"track":[[-87.13804917967967,41.6378855576987],[-87.13764483915534,41.63901903432655],[-87.13791848272339,41.63567999220313],[-87.13764566688957,41.63579061958872],[-87.14403917705819,41.63355690518864],[-87.1389861653977,41.640204894551374],[-87.13271308075122,41.63610272079765],[-87.13828542702329,41.635572123359104],[-87.13980878213587,41.63527415881062],[-87.13828112774576,41.635488735109426],[-87.14294560789632,41.6313511172481],[-87.13809612193742,41.6368860491858],[-87.13979084927638,41.6364854003305],[-87.1350576167455,41.63884484449812],[-87.13818253718631,41.6405453810074],[-87.13949598729836,41.63859145602724],[-87.13540346367525,41.64045834400341],[-87.13971970930044,41.6355951943633],[-87.13866243885991,41.63553891182474]],"growth_24h_ha":87.15,"speed_km_day":0.09,"bearing_deg":88.78,"direction":"E"}},{"type":"Feature","geometry":{"type":"Polygon","coordinates":[[[-83.50337922124449,41.631114895255706],[-83.50546543261731,41.630562662360084],[-83.5056829621159,41.63051402039452],[-83.50590598817446,41.63048171679739],[-83.50613226985395,41.63046607614883],[-83.50635953351026,41.63046725560279],[-83.5065854956346,41.63048524330837],[-83.506807885793,41.630519858528864],[-83.50702446943451,41.63057075345733],[-83.50723307033924,41.63063741671048],[-83.50743159248083,41.630719178465974],[-83.50761804108414,41.63081521719111],[-83.50779054266637,41.630924567895974],[-83.50794736386054,41.63104613182772],[-83.50808692883245,41.63117868750887],[-83.50820783511575,41.63132090300885],[-83.50830886770636,41.63147134932544],[-83.50838901127426,41.63162851474186],[-83.50844746037019,41.63179082001532],[-83.50848362752394,41.63195663424435],[-83.50849714915343,41.63212429125573],[-83.50848788922426,41.63229210634638],[-83.50845594062318,41.63245839321178],[-83.5084016242312,41.63262148089123],[-83.50832548570546,41.632779730559164],[-83.50761551713303,41.63404974297454],[-83.50751493302143,41.634206213308666],[-83.50739302360819,41.634354172712385],[-83.50725109194632,41.63449203952985],[-83.50709065514836,41.63461833998338],[-83.50691342817149,41.634731723929896],[-83.50672130548611,41.63483097929633],[-83.50651634082415,41.634915045038795],[-83.50630072522333,41.63498302248735],[-83.50154063294116,41.63627305349824],[-83.50133182564049,41.636321328967185],[-83.5011176936662,41.63635450778902],[-83.50090023094809,41.63637228101055],[-83.50068146243748,41.636374483131476],[-83.50046342524739,41.636361093646194],[-83.50024814967958,41.63633223723455],[-83.5000376403149,41.63628818260072],[-83.49983385734345,41.63622933997044],[-83.49963869830854,41.636156257270386],[-83.49945398043461,41.63606961502472],[-83.49928142370361,41.63597022001721],[-83.49912263483802,41.635858997777106],[-83.49897909233911,41.635736983959426],[-83.49885213272032,41.63560531469985],[-83.49874293806354,41.63546521603389],[-83.4986525250145,41.63531799247919],[-83.49858173531943,41.635165014887235],[-83.49853122799101,41.63500770767765],[-83.49850147317657,41.634847535573975],[-83.49849274778533,41.63468598996472],[-83.49851280492409,41.63291599034367],[-83.49852589716804,41.63274967939481],[-83.49856127370458,41.63258515134582],[-83.49861858464399,41.632424032730896],[-83.49869726326182,41.63226791636648],[-83.49879653160706,41.632118345605704],[-83.49891540819789,41.631976799082096],[-83.49905271772862,41.631844676093436],[-83.4992071026917,41.631723282770395],[-83.49937703679994,41.63161381916624],[-83.49956084007601,41.6315173673954],[-83.49975669546022,41.63143488093785],[-83.49996266677215,41.631367175215296],[-83.50017671784886,41.63131491953187],[-83.50039673267071,41.631278630459086],[-83.5006205362755,41.63125866673043],[-83.50337922124449,41.631114895255706]]]},"properties":{"fire_id":"F4391","date":"2026-09-26","area_ha":40.3,"cumulative_ha":59.3,"frp_sum":3.0,"n_detections":5,"first_seen":"2026-09-24","last_seen":"2026-09-26","centroid":[-83.50323,41.63332],"history":[{"date":"2026-09-24","area_ha":41.6},{"date":"2026-09-25","area_ha":50.0},{"date":"2026-09-26","area_ha":40.3}],"track":[[-83.50267862361946,41.6325196946039],[-83.50245144172935,41.63336593734877],[-83.50322987270587,41.6333237058207]],"growth_24h_ha":-9.73,"speed_km_day":0.06,"bearing_deg":258.27,"direction":"WSW"}},{"type":"Feature","geometry":{"type":"Polygon","coordinates":[[[-87.40663569909925,41.638379911067766],[-87.40683295947869,41.6383520239722],[-87.40703278545024,41.638337144096774],[-87.40723360940346,41.63833538817166],[-87.40743385590048,41.63834676997174],[-87.4076319540326,41.63837120020879],[-87.41310183215666,41.639231178667266],[-87.41331928866934,41.639273793589275],[-87.41352996017616,41.639332121471945],[-87.41373177291233,41.63940558816742],[-87.41392274029742,41.63949347050755],[-87.4141009824878,41.6395949034208],[-87.41426474487933,41.63970888844595],[-87.41441241537848,41.6398343035588],[-87.41454254027161,41.63996991421505],[-87.41465383853641,41.64011438550098],[-87.41474521445448,41.64026629527206],[-87.4148157684011,41.640424148150906],[-87.4148648057052,41.64058639024598],[-87.41489184349298,41.64075142444699],[-87.4148966154469,41.64091762614598],[-87.41487907443343,41.64108335922975],[-87.41483939297316,41.641246992185735],[-87.4147779615487,41.64140691416346],[-87.41469538476646,41.64156155083271],[-87.41459247541006,41.641709379882826],[-87.41447024644377,41.641848946010306],[-87.41371025629009,41.64262895768234],[-87.41356765504072,41.642760768941145],[-87.41340783252848,41.64288131287443],[-87.41323240993638,41.64298936665921],[-87.41304316672264,41.643083834169396],[-87.4128420225691,41.64316375709724],[-87.41263101790616,41.64322832467653],[-87.41241229321179,41.643276881908925],[-87.41218806729427,41.64330893620991],[-87.41196061477994,41.6433241624069],[-87.41173224303388,41.64332240603867],[-87.4115052687482,41.64330368492256],[-87.40602514312121,41.642643668238804],[-87.4057933336503,41.642606454949885],[-87.40556805438177,41.642551551217096],[-87.40535177085886,41.64247955793548],[-87.4051468501517,41.64239126303474],[-87.40386683558536,41.64177124975483],[-87.40368901676486,41.641675698156526],[-87.40352455842584,41.641567870550126],[-87.40337500678311,41.64144878076252],[-87.40324176787382,41.64131954850523],[-87.40312609433865,41.641181388844736],[-87.40302907364622,41.64103560077689],[-87.40295161787158,41.64088355501186],[-87.40289445512424,41.640726681085496],[-87.40285812270706,41.64056645391756],[-87.4028429620693,41.64040437994396],[-87.40284911560165,41.64024198295278],[-87.40287652530301,41.64008078975776],[-87.40292493333128,41.63992231584362],[-87.4029938844329,41.63976805111843],[-87.40308273022809,41.63961944590682],[-87.40319063531109,41.639477897315615],[-87.40331658510819,41.63934473610026],[-87.40345939541945,41.63922121415527],[-87.40361772355404,41.63910849274616],[-87.40379008095486,41.63900763159385],[-87.40397484719335,41.63891957891343],[-87.40417028520305,41.6388451625016],[-87.40437455760888,41.63878508195576],[-87.40458574399837,41.63873990209846],[-87.40663569909925,41.638379911067766]]]},"properties":{"fire_id":"F4675","date":"2026-09-26","area_ha":41.8,"cumulative_ha":41.8,"frp_sum":11.7,"n_detections":5,"first_seen":"2026-09-26","last_seen":"2026-09-26","centroid":[-87.40893,41.64079],"history":[{"date":"2026-09-26","area_ha":41.8}],"track":[[-87.40893350468417,41.64079332398004]],"growth_24h_ha":null,"speed_km_day":null,"bearing_deg":null,"direction":null}},{"type":"Feature","geometry":{"type":"Polygon","coordinates":[[[-88.05847299072009,41.647077824188585],[-88.05850122868526,41.647243133354074],[-88.05850710490091,41.64740969735845],[-88.05849056109693,41.6475758690108],[-88.05845176072202,41.64774000498785],[-88.05839108733355,41.64790048208547],[-88.05830914081022,41.648055713271816],[-88.05820673142533,41.64820416338318],[-88.05808487183809,41.648344364307405],[-88.05794476708313,41.6484749295042],[-88.05778780265602,41.64859456771957],[-88.05761553081331,41.64870209575747],[-88.05742965522195,41.64879645018341],[-88.05723201411035,41.64887669784342],[-88.05702456208735,41.6489420450947],[-88.05680935080925,41.64899184565594],[-88.05658850868609,41.6490256070007],[-88.05636421982815,41.64904299522936],[-88.05613870244098,41.649043838372194],[-88.05591418688273,41.649028128090514],[-88.05569289360149,41.64899601975915],[-88.05547701117037,41.648947830929444],[-88.05526867463846,41.64888403818803],[-88.05506994441149,41.648805272442246],[-88.05488278587154,41.64871231267928],[-88.05470904993739,41.64860607826043],[-88.05118903986529,41.64622603328408],[-88.05103195783131,41.646108809072565],[-88.0508912389556,41.64598074006541],[-88.05076824721,41.64584306770944],[-88.05066417470643,41.645697126534216],[-88.0505800301439,41.64554433121407],[-88.05051662903455,41.645386162853576],[-88.0504745858029,41.64522415462938],[-88.05045430783538,41.64505987692767],[-88.05045599153684,41.64489492212131],[-88.0504796204328,41.64473088913454],[-88.05052496533496,41.64456936794425],[-88.0505915865687,41.64441192416881],[-88.05067883824032,41.64426008389326],[-88.05078587450264,41.64411531887807],[-88.05091165775805,41.64397903229502],[-88.0510549687193,41.64385254512804],[-88.05121441823033,41.643737083370965],[-88.0513884607326,41.64363376614615],[-88.05157540924615,41.64354359485913],[-88.05177345172056,41.64346744349414],[-88.05198066859678,41.64340605014463],[-88.05219505141032,41.6433600098609],[-88.05241452225515,41.64332976888364],[-88.05263695392003,41.643315620319974],[-88.05286019050234,41.643317701303026],[-88.05308206829945,41.64333599166312],[-88.05330043677583,41.6433703141233],[-88.0535131794027,41.64342033601705],[-88.0537182341682,41.64348557251197],[-88.05694818159681,41.64465554560343],[-88.05713484030227,41.64473138796247],[-88.05731104404789,41.64481983686543],[-88.05747523797719,41.644920111846346],[-88.05762597318977,41.6450313280832],[-88.05776191952644,41.64515250420395],[-88.05788187730698,41.645282570944964],[-88.05798478791772,41.64542038058471],[-88.05806974315482,41.64556471707016],[-88.0581359932414,41.645714306746164],[-88.05818295344693,41.645867829593485],[-88.05847299072009,41.647077824188585]]]},"properties":{"fire_id":"F4676","date":"2026-09-26","area_ha":28.2,"cumulative_ha":28.2,"frp_sum":3.1,"n_detections":3,"first_seen":"2026-09-26","last_seen":"2026-09-26","centroid":[-88.05467,41.64609],"history":[{"date":"2026-09-26","area_ha":28.2}],"track":[[-88.05467299365594,41.64608503480208]],"growth_24h_ha":null,"speed_km_day":null,"bearing_deg":null,"direction":null}},{"type":"Feature","geometry":{"type":"Polygon","coordinates":[[[-83.45758550838084,41.67605871353777],[-83.45780309840798,41.676087853939094],[-83.45801581363929,41.67613250159259],[-83.45822163311733,41.67619223231585],[-83.45841860138603,41.67626647862601],[-83.45860484706604,41.67635453512998],[-83.45877860063203,41.67645556522479],[-83.45893821122328,41.676568609044516],[-83.45908216232769,41.676692592578036],[-83.45920908619057,41.676826337871354],[-83.45931777681095,41.67696857421764],[-83.45940720140221,41.6771179502284],[-83.45947651020795,41.67727304667176],[-83.45952504457958,41.67743238995526],[-83.45955234323893,41.677594466125846],[-83.45955814666625,41.67775773525334],[-83.45954239957146,41.677920646061374],[-83.45950525142513,41.67808165066666],[-83.45944705504392,41.6782392192861],[-83.4593683632438,41.67839185477266],[-83.45926992359233,41.67853810684149],[-83.45915267131,41.67867658585102],[-83.45901772038788,41.67880597600835],[-83.45886635300556,41.678925047872944],[-83.45870000735025,41.6790326700404],[-83.45852026395228,41.67912781989432],[-83.45638023890577,41.680147841873804],[-83.45619468260006,41.68022736678473],[-83.4559997846186,41.68029359208018],[-83.4557972877408,41.680345925561966],[-83.45558900270997,41.68038389925373],[-83.45537679203866,41.68040717358649],[-83.45516255335046,41.68041554043578],[-83.45494820240783,41.68040892498329],[-83.45473565597717,41.68038738638594],[-83.4545268146852,41.68035111724684],[-83.45432354601964,41.68030044189258],[-83.45412766762662,41.680235813472365],[-83.45394093105432,41.68015780990499],[-83.4537650060879,41.68006712870994],[-83.45116498613113,41.67858709864694],[-83.45099767774948,41.67848193744518],[-83.45084492675453,41.67836531763402],[-83.45070816553697,41.678238332853496],[-83.450588676518,41.67810217393783],[-83.45048758012489,41.67795811774646],[-83.45040582428656,41.677807515188626],[-83.45034417554778,41.67765177855356],[-83.45030321188499,41.67749236826554],[-83.45028331729101,41.67733077918788],[-83.45028467817941,41.677168526604206],[-83.45030728164178,41.67700713200883],[-83.45035091557435,41.67684810883929],[-83.45041517067227,41.67669294828465],[-83.4504994442729,41.67654310530314],[-83.4506029460117,41.67639998497962],[-83.45072470523762,41.67626492935137],[-83.45086358011831,41.67613920482497],[-83.4510182683495,41.67602399030297],[-83.4511873193683,41.675920366130995],[-83.45136914795557,41.67582930396925],[-83.45156204910012,41.67575165768295],[-83.45176421398502,41.67568815533751],[-83.4519737469465,41.67563939237309],[-83.45218868324648,41.675605826022334],[-83.45240700749194,41.675587771024226],[-83.45262667252895,41.67558539667345],[-83.45284561863411,41.67559872523338],[-83.45758550838084,41.67605871353777]]]},"properties":{"fire_id":"F4677","date":"2026-09-26","area_ha":30.2,"cumulative_ha":30.2,"frp_sum":2.3,"n_detections":3,"first_seen":"2026-09-26","last_seen":"2026-09-26","centroid":[-83.45491,41.6778],"history":[{"date":"2026-09-26","area_ha":30.2}],"track":[[-83.45490841652392,41.677797128993184]],"growth_24h_ha":null,"speed_km_day":null,"bearing_deg":null,"direction":null}},{"type":"Feature","geometry":{"type":"Polygon","coordinates":[[[-87.42606630907437,41.67991837488107],[-87.42624845388437,41.68000706089558],[-87.42641822301863,41.68010825706511],[-87.42657404668957,41.68022102770667],[-87.42671448403284,41.68034433011196],[-87.42683823643053,41.68047702418691],[-87.42694415952006,41.68061788299188],[-87.42703127377784,41.68076560408489],[-87.42709877357947,41.68091882156316],[-87.42714603465278,41.68107611869191],[-87.42717261985459,41.68123604100329],[-87.42740269327709,41.68352603665782],[-87.42740812167634,41.683694274183935],[-87.42739067130927,41.68386206534311],[-87.42735051803714,41.68402771760263],[-87.4272880667355,41.68418955999251],[-87.42720394721633,41.68434595996143],[-87.42709900788063,41.68449533984593],[-87.42697430716545,41.684636192786115],[-87.42683110287105,41.68476709792762],[-87.42667083947607,41.68488673475636],[-87.42649513356828,41.68499389642116],[-87.42630575753812,41.685087501909976],[-87.42610462169907,41.68516660695667],[-87.42589375501574,41.68523041356844],[-87.42567528463385,41.685278278077334],[-87.42545141441886,41.68530971763475],[-87.4252244027198,41.68532441508356],[-87.42499653958309,41.68532222215809],[-87.42477012364607,41.68530316098024],[-87.41927999785594,41.68463314402374],[-87.41904862456546,41.68459564635295],[-87.41882380642487,41.684540538523414],[-87.4186079939897,41.684468421227216],[-87.41840353963163,41.68438008056253],[-87.41821267189358,41.68427647946317],[-87.4180374711957,41.684158747200215],[-87.41787984715742,41.68402816707055],[-87.41559986607326,41.6819281333758],[-87.4154724724139,41.681798557491],[-87.41536240954774,41.68166059245536],[-87.41527068261021,41.68151549835229],[-87.41519812925257,41.68136460036881],[-87.4151454119948,41.68120927669117],[-87.41511301217896,41.68105094591657],[-87.41510122557757,41.680891054096165],[-87.4151101596972,41.68073106152761],[-87.41513973280183,41.68057242941805],[-87.41518967466438,41.680416606539],[-87.41525952903967,41.68026501599533],[-87.4198697481279,41.671635097215585],[-87.41996080003608,41.671486311574036],[-87.42007102578448,41.671344778061524],[-87.42019937858645,41.671211840638904],[-87.42034463954602,41.671088761633094],[-87.42050542923455,41.67097670975212],[-87.42068022079062,41.67087674898921],[-87.42086735441886,41.67078982852131],[-87.42106505315009,41.670716773697706],[-87.42127143971307,41.67065827820464],[-87.42148455435782,41.670614897479695],[-87.4217023734613,41.67058704343882],[-87.42192282873903,41.67057498056601],[-87.42214382688032,41.67057882340238],[-87.42236326942086,41.67059853545891],[-87.42257907266422,41.67063392956275],[-87.42278918746335,41.67068466963412],[-87.42299161867417,41.67075027387682],[-87.42318444409707,41.67083011935209],[-87.42336583272647,41.670923447892356],[-87.4235340621351,41.67102937329896],[-87.42368753482845,41.671146889755434],[-87.42382479341366,41.67127488137664],[-87.42394453443936,41.67141213280296],[-87.42404562077455,41.67155734073933],[-87.42412709240924,41.67170912632933],[-87.42418817557407,41.67186604824705],[-87.42422829009223,41.67202661638252],[-87.42424705489363,41.67218930599066],[-87.42424429163883,41.672352572169665],[-87.42422002641833,41.672514864530996],[-87.42291422611063,41.678539377882814],[-87.42606630907437,41.67991837488107]]]},"properties":{"fire_id":"F4665","date":"2026-09-26","area_ha":100.0,"cumulative_ha":100.0,"frp_sum":12.7,"n_detections":6,"first_seen":"2026-09-26","last_seen":"2026-09-26","centroid":[-87.42125,41.67913],"history":[{"date":"2026-09-26","area_ha":100.0}],"track":[[-87.42125333097779,41.679133194389]],"growth_24h_ha":null,"speed_km_day":null,"bearing_deg":null,"direction":null}},{"type":"Feature","geometry":{"type":"Polygon","coordinates":[[[-81.2868235816067,41.75280028287433],[-81.28677889973775,41.75295929866851],[-81.28671356506862,41.753114376517914],[-81.28662819111182,41.75326405987245],[-81.28652357961047,41.75340694283939],[-81.28640071301228,41.7535416833892],[-81.28626074524506,41.75366701596204],[-81.28610499088107,41.7537817633561],[-81.28593491279133,41.75388484778629],[-81.2857521084061,41.75397530100903],[-81.2855582947105,41.754052273418495],[-81.28535529211612,41.754115042028126],[-81.28514500736051,41.754163017262975],[-81.28492941559473,41.75419574849863],[-81.284710541828,41.75421292829477],[-81.2844904419033,41.75421439528355],[-81.28427118318315,41.75420013568574],[-81.28405482512713,41.75417028344006],[-81.28384339994356,41.754125118944934],[-81.28363889349757,41.75406506642412],[-81.28344322665481,41.75399068994106],[-81.2832582372364,41.75390268809976],[-81.28308566275449,41.75380188748144],[-81.28292712409109,41.753689234879204],[-81.28163712675688,41.75267921706643],[-81.28149216968886,41.75255391034879],[-81.28136459044804,41.75241870693566],[-81.28125562210802,41.75227491370349],[-81.28116631783008,41.75212392054899],[-81.28109754068689,41.75196718695305],[-81.28104995532443,41.75180622787227],[-81.2810240215427,41.75164259909457],[-81.28101998985677,41.751477882200746],[-81.28103789908128,41.7513136692769],[-81.28107757596116,41.75115154752599],[-81.28113863685215,41.750993083927035],[-81.28122049143447,41.75083981009004],[-81.28132234842366,41.7506932074535],[-81.28339239808179,41.74804324147942],[-81.28351424771475,41.74790371235204],[-81.28365420744788,41.74777376274576],[-81.28381090393546,41.74765466768861],[-81.28398279963865,41.747547595700254],[-81.28416820791226,41.74745359732872],[-81.28436530955338,41.74737359484458],[-81.28457217064953,41.74730837319386],[-81.2847867615512,41.747258572297895],[-81.28500697678298,41.74722468077633],[-81.28523065569769,41.747207031153856],[-81.28545560367147,41.747205796598536],[-81.28567961363176,41.74722098922311],[-81.28590048770734,41.747252459966205],[-81.28611605878817,41.74729990005451],[-81.28632421178374,41.74736284403158],[-81.28652290437155,41.74744067432362],[-81.28671018703237,41.747532627297595],[-81.28688422217581,41.74763780075201],[-81.28704330216874,41.74775516276729],[-81.28718586608959,41.74788356182872],[-81.28731051504451,41.74802173812285],[-81.28741602589466,41.74816833589667],[-81.28750136326035,41.748321916758215],[-81.28756568968376,41.74848097378826],[-81.28760837385069,41.74864394632485],[-81.28762899679016,41.74880923527539],[-81.28762735599133,41.748975218806265],[-81.28760346739648,41.7491402682563],[-81.2868235816067,41.75280028287433]]]},"properties":{"fire_id":"F4504","date":"2026-09-26","area_ha":30.7,"cumulative_ha":35.9,"frp_sum":4.2,"n_detections":3,"first_seen":"2026-09-25","last_seen":"2026-09-26","centroid":[-81.28458,41.75076],"history":[{"date":"2026-09-25","area_ha":31.4},{"date":"2026-09-26","area_ha":30.7}],"track":[[-81.28375966937877,41.75107609929123],[-81.28457962495784,41.75075577191165]],"growth_24h_ha":-0.73,"speed_km_day":0.08,"bearing_deg":233.23,"direction":"SW"}},{"type":"Feature","geometry":{"type":"Polygon","coordinates":[[[-83.12753254894011,42.274780389165834],[-83.12774371269236,42.27473357377579],[-83.12796004733906,42.27470187731477],[-83.12817954196602,42.274685594411004],[-83.12840015629224,42.27468487641876],[-83.12861983963097,42.27469973001202],[-83.12883654994744,42.2747300171223],[-83.12904827283622,42.274775456221846],[-83.12925304024225,42.274835624939755],[-83.13208299129387,42.27578560229846],[-83.13227784443055,42.27585948603846],[-83.13246214604108,42.27594670418143],[-83.13263420189247,42.27604645497992],[-83.13279243030125,42.27615782147685],[-83.13293537667263,42.276279779933006],[-83.13306172687253,42.27641120923628],[-83.13317031930927,42.27655090120586],[-83.13326015561387,42.27669757169722],[-83.13333040982086,42.276849872405414],[-83.133380435965,42.277006403258554],[-83.13340977402375,42.27716572528749],[-83.13341815415117,42.2773263738532],[-83.13340549916377,42.277486872110906],[-83.13337192525523,42.27764574458654],[-83.13331774093368,42.27780153074104],[-83.13324344419055,42.277952798397855],[-83.13314971792717,42.27809815690999],[-83.13303742368103,42.27823626994564],[-83.13290759370891,42.278365867774845],[-83.13276142149986,42.27848575894391],[-83.13260025080505,42.2785948412306],[-83.12884023020008,42.2809048876402],[-83.12866739210608,42.28100121615271],[-83.12848287025987,42.281085106579276],[-83.12828832634925,42.28115580343355],[-83.11535809587616,42.28530590310923],[-83.11513417180987,42.28536775064411],[-83.1149026568415,42.28541212727337],[-83.11466608262204,42.285438547726585],[-83.11191601737131,42.28563855294568],[-83.11169346855817,42.2856467484945],[-83.11147088685904,42.28563904725672],[-83.11125038260752,42.28561552224958],[-83.11103404643633,42.285576396518785],[-83.11082392945164,42.28552204102342],[-83.1106220237825,42.28545297111796],[-83.11043024368998,42.28536984166509],[-83.11025040741539,42.28527344082533],[-83.11008421993972,42.28516468258315],[-83.10993325681778,42.285044598079615],[-83.10979894924061,42.28491432583431],[-83.10968257046756,42.28477510094958],[-83.10958522375667,42.28462824339873],[-83.10950783190796,42.28447514551012],[-83.10945112851836,42.28431725876532],[-83.10941565103116,42.284156080036986],[-83.10940173564587,42.28399313739659],[-83.10940951413636,42.28382997562682],[-83.10943891260716,42.283668141576],[-83.10948965219988,42.2835091694935],[-83.10956125174243,42.28335456648473],[-83.10965303231589,42.28320579822418],[-83.10976412369561,42.28306427506154],[-83.1098934726051,42.282931338652524],[-83.10992382107196,42.28290315883131],[-83.11036139823712,42.28048007711473],[-83.11040153016097,42.2803188774713],[-83.1104629440761,42.28016131781912],[-83.11054505333676,42.28000890285242],[-83.11064707367063,42.27986308812328],[-83.11076803067313,42.279725266142215],[-83.11090676911658,42.27959675308143],[-83.1110619639853,42.27947877620707],[-83.11123213313113,42.279372462161085],[-83.11141565142843,42.279278826203665],[-83.11161076629347,42.279198762519776],[-83.11181561441992,42.27913303568162],[-83.12564534837331,42.27527313024979],[-83.12569258538754,42.275260377311696],[-83.12753254894011,42.274780389165834]]]},"properties":{"fire_id":"F4084","date":"2026-09-26","area_ha":133.7,"cumulative_ha":164.2,"frp_sum":8.7,"n_detections":8,"first_seen":"2026-09-22","last_seen":"2026-09-26","centroid":[-83.12083,42.28009],"history":[{"date":"2026-09-22","area_ha":39.5},{"date":"2026-09-24","area_ha":108.6},{"date":"2026-09-25","area_ha":107.8},{"date":"2026-09-26","area_ha":133.7}],"track":[[-83.11352587421678,42.283099084210384],[-83.11768470900128,42.28035876559185],[-83.11919209346696,42.28037215421645],[-83.12082968667944,42.280087596702025]],"growth_24h_ha":25.89,"speed_km_day":0.14,"bearing_deg":248.89,"direction":"WSW"}},{"type":"Feature","geometry":{"type":"Polygon","coordinates":[[[-80.1002022832598,42.80870824844826],[-80.0973494069489,42.81715070636588],[-80.09728284946213,42.81731218122286],[-80.09719435978394,42.81746798187338],[-80.09708483096497,42.81761653569544],[-80.09695536844075,42.81775634320427],[-80.09680727887773,42.817885993189726],[-80.09664205698711,42.81800417696267],[-80.09646137043906,42.81810970156717],[-80.09626704303011,42.81820150182418],[-80.09606103627316,42.81827865108562],[-80.09584542959607,42.818340370590086],[-80.09562239934912,42.81838603732533],[-80.09369235605546,42.81870604566967],[-80.09346966517698,42.818734692304794],[-80.09324418875062,42.81874733127775],[-80.09301809505662,42.81874384104567],[-80.09279355831247,42.81872425517246],[-80.0925727377601,42.818688762005806],[-80.09235775689723,42.81863770286574],[-80.09215068305298,42.81857156876138],[-80.09195350750393,42.818490995668085],[-80.09176812632255,42.81839675841039],[-80.09159632214177,42.8182897632094],[-80.09143974701163,42.81817103896644],[-80.09129990651266,42.81804172736707],[-80.0911781452788,42.81790307190043],[-80.09107563406916,42.81775640589993],[-80.09099335851285,42.817603139719964],[-80.09093210963502,42.817444747172345],[-80.09089247625498,42.81728275135283],[-80.0908748393294,42.81711870999422],[-80.09087936829481,42.81695420048674],[-80.09090601944433,42.816790804709846],[-80.09336635837982,42.806180851908756],[-80.09341211548768,42.8060275677517],[-80.09347734167766,42.805878062787265],[-80.09356146682757,42.80573364350538],[-80.09366375567419,42.80559557194434],[-80.09378331424186,42.8054650546636],[-80.09391909765775,42.80534323220095],[-80.09406991928459,42.805231169107365],[-80.09423446109183,42.80512984464562],[-80.09441128517392,42.80504014423457],[-80.09847582550834,42.80317730832166],[-80.09548385812622,42.80043289848959],[-80.09535432935522,42.80030154865777],[-80.09524277226485,42.80016173595389],[-80.09515022248897,42.80001475846596],[-80.09507753917191,42.799861980794084],[-80.0950253969959,42.7997048213794],[-80.0949942799214,42.79954473933402],[-80.09498447669905,42.799383220893326],[-80.09499607819416,42.79922176561698],[-80.09502897654852,42.79906187246669],[-80.09508286618738,42.79890502588994],[-80.09515724666177,42.798752682038824],[-80.09525142729949,42.798606255252096],[-80.09536453362172,42.79846710492557],[-80.09549551546536,42.79833652289322],[-80.0956431567355,42.79821572143543],[-80.09580608669746,42.798105822026336],[-80.09598279270345,42.79800784492395],[-80.09617163423583,42.79792269970037],[-80.09637085813623,42.797851176799306],[-80.0965786148797,42.7977939401994],[-80.09679297574257,42.797751521251676],[-80.09701195070461,42.79772431374783],[-80.09723350691999,42.79771257026534],[-80.0974555875851,42.79771639982324],[-80.09767613102869,42.79773576687039],[-80.10309600513632,42.79840574921742],[-80.10331446700725,42.79844076083793],[-80.10352723872414,42.798491015885524],[-80.10373231734242,42.79855604128681],[-80.10392777232191,42.7986352249267],[-80.10411176369753,42.79872782140929],[-80.10428255939787,42.798832959073245],[-80.10443855154928,42.7989496481955],[-80.10457827161166,42.799076790306465],[-80.10470040420367,42.79921318852902],[-80.10480379948727,42.79935755884363],[-80.10488748399472,42.79950854217447],[-80.10685759800327,42.803628505982076],[-80.10692051566824,42.80378385234876],[-80.10696256121321,42.80394288938998],[-80.10698334280548,42.804104135550745],[-80.10698266669762,42.804266088685104],[-80.106960539038,42.804427240049236],[-80.10691716581891,42.80458608835711],[-80.10685295096323,42.80474115376666],[-80.10676849256652,42.80489099166679],[-80.10666457732997,42.8050342061364],[-80.10654217323547,42.805169462950396],[-80.10640242053111,42.80529550201105],[-80.10278243586177,42.80825555461751],[-80.10261866735905,42.808376533939956],[-80.10243893318716,42.80848484780919],[-80.1022450743247,42.80857938674073],[-80.10203907645747,42.808659182345295],[-80.10182304963715,42.8087234172504],[-80.10159920666499,42.808771433474554],[-80.10136984042182,42.80880273916883],[-80.10113730037718,42.80881701365621],[-80.10090396851781,42.808814110717066],[-80.10067223494312,42.808794060087486],[-80.10044447337714,42.80875706715441],[-80.1002022832598,42.80870824844826]]]},"properties":{"fire_id":"F3937","date":"2026-09-26","area_ha":158.4,"cumulative_ha":321.5,"frp_sum":16.1,"n_detections":9,"first_seen":"2026-09-20","last_seen":"2026-09-26","centroid":[-80.09824,42.80736],"history":[{"date":"2026-09-20","area_ha":108.1},{"date":"2026-09-21","area_ha":140.0},{"date":"2026-09-22","area_ha":173.0},{"date":"2026-09-23","area_ha":215.3},{"date":"2026-09-24","area_ha":207.8},{"date":"2026-09-25","area_ha":125.2},{"date":"2026-09-26","area_ha":158.4}],"track":[[-80.09691266855467,42.80916100906583],[-80.0976903568977,42.80643357931289],[-80.0973005777304,42.80761454478986],[-80.09866439217447,42.807563298695115],[-80.09945680261735,42.8095723458272],[-80.0985279751286,42.81307394963266],[-80.09824361316224,42.807359513910995]],"growth_24h_ha":33.15,"speed_km_day":0.64,"bearing_deg":168.34,"direction":"SSE"}},{"type":"Feature","geometry":{"type":"Polygon","coordinates":[[[-82.41954183299715,42.94461846233451],[-82.4197132405708,42.944735106447375],[-82.41986746016903,42.944863789129094],[-82.42000289797747,42.94500318057212],[-82.42011815424829,42.94515184029532],[-82.4202120377685,42.94530823202781],[-82.42028357817426,42.94547073958332],[-82.42033203598425,42.94563768356041],[-82.42035691024753,42.94580733869684],[-82.4203579437276,42.94597795169803],[-82.42033512556769,42.94614775935601],[-82.42028869141033,42.94631500677143],[-82.41963874749942,42.94816501906471],[-82.41957067122318,42.94832500362974],[-82.41948098552928,42.94847926424005],[-82.41937058311628,42.9486262651941],[-82.41924056294225,42.94876454305152],[-82.41909221928826,42.948892721203656],[-82.41892702887635,42.9490095235801],[-82.41874663616993,42.94911378735451],[-82.41855283700313,42.9492044745232],[-82.41834756070193,42.94928068224084],[-82.41813285087512,42.94934165181072],[-82.41791084506634,42.949386776239734],[-82.41768375347027,42.94941560628263],[-82.41745383692455,42.949427854915626],[-82.41722338439706,42.949423400194746],[-82.41699469019296,42.94940228646994],[-82.41677003110827,42.9493647239436],[-82.41655164375827,42.94931108657729],[-82.41634170230611,42.9492419083678],[-82.41614229681397,42.94915787802968],[-82.41595541243221,42.94905983213714],[-82.41578290963407,42.948948746793626],[-82.4156265056928,42.948825727912336],[-82.41548775758535,42.9486920002043],[-82.41536804649353,42.94854889498369],[-82.41526856405605,42.94839783691236],[-82.41519030050901,42.948240329814865],[-82.41438178747403,42.9463177237347],[-82.41329956292614,42.94507961318033],[-82.41318787635481,42.94493684968705],[-82.41309593062701,42.94478684116425],[-82.41302460581113,42.94463102365299],[-82.41297458455607,42.94447088879334],[-82.4129463455611,42.94430796954365],[-82.41294015899884,42.94414382550498],[-82.41295608393482,42.94398002799082],[-82.41299396776805,42.943818144985094],[-82.4130534476977,42.94365972613269],[-82.41313395420185,42.94350628790583],[-82.41323471649453,42.9433592990885],[-82.41335476990868,42.94322016671768],[-82.41349296513437,42.94309022261618],[-82.41364797922346,42.942970710645476],[-82.41381832825532,42.94286277480099],[-82.4140023815424,42.94276744826318],[-82.41419837723966,42.94268564350965],[-82.41440443920816,42.94261814358246],[-82.41461859497203,42.94256559459433],[-82.41483879459636,42.94252849954536],[-82.41506293030608,42.94250721350951],[-82.41528885665764,42.94250194023648],[-82.41551441107111,42.94251273020194],[-82.41573743452606,42.94253948012452],[-82.41595579222319,42.94258193395412],[-82.41616739401474,42.94263968532235],[-82.41637021440772,42.94271218143122],[-82.41656231194884,42.94279872834349],[-82.416741847806,42.942898497623645],[-82.41954183299715,42.94461846233451]]]},"properties":{"fire_id":"F4394","date":"2026-09-26","area_ha":31.1,"cumulative_ha":44.1,"frp_sum":4.5,"n_detections":4,"first_seen":"2026-09-24","last_seen":"2026-09-26","centroid":[-82.41675,42.94587],"history":[{"date":"2026-09-24","area_ha":37.3},{"date":"2026-09-26","area_ha":31.1}],"track":[[-82.4173019360902,42.944535015578836],[-82.41674995959771,42.94587233799004]],"growth_24h_ha":-3.1,"speed_km_day":0.08,"bearing_deg":8.5,"direction":"N"}},{"type":"Feature","geometry":{"type":"Polygon","coordinates":[[[-79.81105080551421,43.26918972417428],[-79.81101020849292,43.27013231040868],[-79.8109928977697,43.27029123076129],[-79.81095483133925,43.27044824755309],[-79.81089635214967,43.27060194560606],[-79.81081798713667,43.270750939643186],[-79.81072044247877,43.27089388677486],[-79.81060459723653,43.27102949860334],[-79.81047149543315,43.271156552836544],[-79.81032233664695,43.27127390430609],[-79.81015846520148,43.27138049529056],[-79.80998135804978,43.27147536505057],[-79.80979261146234,43.27155765848976],[-79.80354366130138,43.273997269898736],[-79.79728471053959,43.27644688059239],[-79.79707561163976,43.27651919468001],[-79.79685758561887,43.276576067686754],[-79.79663280566184,43.276616932718724],[-79.79640351228853,43.27664138244392],[-79.79617199101669,43.276649173153494],[-79.79594054957583,43.27664022719153],[-79.7957114948996,43.276614633729196],[-79.79548711012599,43.27657264787588],[-79.79526963183491,43.276514688135485],[-79.79506122775065,43.276441332234114],[-79.79486397513098,43.27635331136002],[-79.7946798400592,43.276251502873826],[-79.79451065784518,43.276136921561445],[-79.79435811473127,43.27601070951719],[-79.79422373108504,43.275874124757884],[-79.79410884624683,43.27572852868161],[-79.79401460518277,43.27557537249609],[-79.79394194707635,43.27541618275233],[-79.79389159597214,43.2752525461275],[-79.79386405356465,43.27508609360898],[-79.793859594204,43.27491848423729],[-79.79387826216805,43.274751388569875],[-79.79391987122773,43.274586472030535],[-79.79403988272355,43.27421647432918],[-79.7941019179189,43.274059829815904],[-79.79418465072804,43.27390827195023],[-79.7942873019897,43.27376322782457],[-79.79440890500432,43.27362606318716],[-79.79454831464022,43.27349806958346],[-79.79470421811924,43.27338045219645],[-79.79487514737967,43.273274318500555],[-79.7950594929004,43.273180667835334],[-79.80054089800318,43.27067392709343],[-79.80121409977292,43.26907672245446],[-79.80107040143895,43.268592348770305],[-79.80103427497713,43.26843403799563],[-79.80101920192433,43.26827395570937],[-79.80102531976391,43.26811356360709],[-79.80105257248725,43.267954326201846],[-79.80189268611507,43.26443434248538],[-79.80193933249183,43.264281675290135],[-79.80200540547182,43.26413280862257],[-79.80209033207969,43.26398903315028],[-79.80219337589259,43.263851595391664],[-79.8023136434283,43.2637216869096],[-79.8024500918945,43.26360043398213],[-79.80260153823171,43.263488887839124],[-79.8027666693716,43.2633880155498],[-79.8029440536216,43.263298691640045],[-79.80918397567926,43.2604587569957],[-79.8093786754363,43.26037933531268],[-79.80958303184178,43.26031383057076],[-79.80979514978914,43.260262850217934],[-79.8100130622106,43.26022686701129],[-79.81023474831534,43.26020621463387],[-79.81045815232531,43.260201084601064],[-79.81068120253518,43.26021152448514],[-79.81090183051982,43.26023743747409],[-79.81111799031139,43.26027858326927],[-79.81132767736838,43.2603345803131],[-79.811528947161,43.26040490932679],[-79.81171993320048,43.260488918124345],[-79.8118988643455,43.26058582765945],[-79.81206408122522,43.26069473924826],[-79.81221405162681,43.26081464290167],[-79.8123473847047,43.26094442668984],[-79.81246284387984,43.26108288705183],[-79.81255935830946,43.26122873995548],[-79.81263603282068,43.26138063280355],[-79.81325607473296,43.2628206211603],[-79.8133131999597,43.262980629463506],[-79.81334830691135,43.26314392518275],[-79.81336105538226,43.26330892662778],[-79.81335132172819,43.26347403557384],[-79.81331920007011,43.26363765274217],[-79.81326500138881,43.2637981932911],[-79.81105080551421,43.26918972417428]]]},"properties":{"fire_id":"F3640","date":"2026-09-26","area_ha":134.3,"cumulative_ha":275.4,"frp_sum":13.1,"n_detections":11,"first_seen":"2026-09-18","last_seen":"2026-09-26","centroid":[-79.80504,43.26843],"history":[{"date":"2026-09-18","area_ha":175.6},{"date":"2026-09-19","area_ha":105.0},{"date":"2026-09-20","area_ha":156.1},{"date":"2026-09-21","area_ha":100.6},{"date":"2026-09-23","area_ha":163.4},{"date":"2026-09-24","area_ha":201.7},{"date":"2026-09-25","area_ha":157.0},{"date":"2026-09-26","area_ha":134.3}],"track":[[-79.80560473474853,43.27000377140376],[-79.80360902708856,43.27059282362385],[-79.80223839166345,43.26989731246157],[-79.80020211521794,43.271877674567705],[-79.8072603228164,43.26903602768372],[-79.80563988760163,43.268050271306535],[-79.80531371102052,43.267384858889066],[-79.80504398605542,43.2684306411044]],"growth_24h_ha":-22.68,"speed_km_day":0.12,"bearing_deg":0.8,"direction":"N"}},{"type":"Feature","geometry":{"type":"Polygon","coordinates":[[[-88.38778344923982,43.69999237226467],[-88.38799845515656,43.699938374039405],[-88.38821974824295,43.69989969305248],[-88.38844522537343,43.69987669691552],[-88.38867274366694,43.699869604176016],[-88.38890014084794,43.69987848224099],[-88.38912525579167,43.699903246736326],[-88.38934594905844,43.69994366230858],[-88.38956012322203,43.69999934486112],[-88.38976574279924,43.700069765203594],[-88.38996085359149,43.700154254079976],[-88.39014360125442,43.70025200852766],[-88.39031224891968,43.70036209950697],[-88.39046519370117,43.70048348072882],[-88.3906009819289,43.70061499859663],[-88.39071832296595,43.70075540316836],[-88.39081610147703,43.700903360034026],[-88.39089338803186,43.70105746299639],[-88.39094944794277,43.70121624743419],[-88.39098374825207,43.70137820422102],[-88.3916138965783,43.70578819176026],[-88.39162613264095,43.70595539396809],[-88.39161517666352,43.70612264215739],[-88.391581137243,43.706288275959],[-88.39152435214463,43.70645065101726],[-88.39144538495518,43.70660815531524],[-88.39134501949378,43.70675922517928],[-88.39122425203577,43.706902360804236],[-88.39108428142633,43.707036141144954],[-88.39092649718197,43.70715923802616],[-88.39075246569799,43.70727042933049],[-88.39056391469849,43.70736861113402],[-88.39036271608362,43.707452808667995],[-88.39015086734406,43.70752218599858],[-88.38993047172752,43.70757605432801],[-88.38970371735432,43.70761387883455],[-88.38947285548936,43.70763528398384],[-88.38924017818664,43.707640057258054],[-88.38900799552819,43.707628151266384],[-88.38877861268402,43.70759968421579],[-88.38855430702083,43.70755493873695],[-88.38833730548693,43.70749435907765],[-88.38812976249848,43.70741854669097],[-88.38793373854635,43.707328254262706],[-88.38775117973672,43.70722437823659],[-88.38758389846811,43.70710794991257],[-88.38427678280121,43.704564648147],[-88.38374702808058,43.70448412353716],[-88.38352565077797,43.70444222694501],[-88.38331103698731,43.70438494569061],[-88.38310524751498,43.704312829821085],[-88.38291025841492,43.704226571831775],[-88.38272794201119,43.704127000015056],[-88.38256004891728,43.704015070504944],[-88.3824081912256,43.70389185809406],[-88.38227382702775,43.70375854591119],[-88.38215824641506,43.703616414058594],[-88.38206255909326,43.70346682731833],[-88.38198768373027,43.70331122204568],[-88.3819343391394,43.703151092375535],[-88.3819030373822,43.70298797587457],[-88.38189407885737,43.70282343877651],[-88.38190754942218,43.7026590609429],[-88.38194331957439,43.702496420693244],[-88.38200104570176,43.702337079650626],[-88.3820801733873,43.70218256774798],[-88.382179942738,43.7020343685392],[-88.382299395686,43.70189390495599],[-88.38243738519151,43.701762525646934],[-88.38259258625936,43.70164149203045],[-88.38276350866309,43.701531966185065],[-88.38294851125427,43.701434999693966],[-88.38314581771985,43.7013515235503],[-88.3833535336361,43.701282339220406],[-88.38778344923982,43.69999237226467]]]},"properties":{"fire_id":"F4678","date":"2026-09-26","area_ha":45.6,"cumulative_ha":45.6,"frp_sum":4.0,"n_detections":4,"first_seen":"2026-09-26","last_seen":"2026-09-26","centroid":[-88.3875,43.70352],"history":[{"date":"2026-09-26","area_ha":45.6}],"track":[[-88.38749686497735,43.70352493600698]],"growth_24h_ha":null,"speed_km_day":null,"bearing_deg":null,"direction":null}},{"type":"Feature","geometry":{"type":"Polygon","coordinates":[[[-79.50387751339112,43.867538271741985],[-79.5037820274041,43.86768931680535],[-79.50366626779744,43.86783287105391],[-79.50353136165303,43.86796753662562],[-79.50337862251453,43.868092002202964],[-79.50320953759929,43.86820505578405],[-79.503025753318,43.868305596486486],[-79.50282905924283,43.86839264526945],[-79.5026213706806,43.86846535446917],[-79.50240471002024,43.868523016055086],[-79.50218118703664,43.86856506852613],[-79.50195297834266,43.868591102379746],[-79.50172230618952,43.86860086410058],[-79.50149141682252,43.86859425862971],[-79.50126255860252,43.868571350290736],[-79.50103796010714,43.86853236216309],[-79.5008198084246,43.868477673909226],[-79.50061022785204,43.86840781807658],[-79.50041125920603,43.86832347491055],[-79.5002248399467,43.86822546572877],[-79.49864482960552,43.86730544586111],[-79.49847443739918,43.86719589966853],[-79.49831974778449,43.867074942249054],[-79.49818223677825,43.86694372782923],[-79.49806321645003,43.86680350850447],[-79.49796382240449,43.86665562228916],[-79.49788500294812,43.866501480347495],[-79.49782751004462,43.86634255352616],[-79.49779189214428,43.86618035831821],[-79.49777848895617,43.86601644239163],[-79.49778742821243,43.865852369820885],[-79.49781862445559,43.86568970616243],[-79.49787177986,43.86553000351657],[-79.4979463870797,43.8653747857181],[-79.4980417340947,43.86522553379723],[-79.49815691101001,43.86508367184929],[-79.49829081874162,43.864950553448],[-79.4984421795069,43.864827448731994],[-79.4986095490189,43.86471553228782],[-79.49879133026843,43.86461587194428],[-79.49898578876208,43.864529418586166],[-79.49919106907089,43.8644569970832],[-79.49940521253197,43.86439929842149],[-79.50179516221756,43.86384931298358],[-79.50201712743456,43.863806728214165],[-79.50224383756763,43.863779964074666],[-79.50247311006068,43.86376927822262],[-79.50270273769496,43.86377477353037],[-79.50293050983359,43.863796397094774],[-79.50315423369865,43.863833940746545],[-79.50337175547682,43.86388704305365],[-79.50358098105004,43.86395519280019],[-79.50377989615227,43.86403773390642],[-79.50396658575828,43.86413387174371],[-79.50413925251782,43.86424268078268],[-79.5042962340582,43.86436311350153],[-79.50443601898833,43.86449401046901],[-79.50455726145039,43.86463411150441],[-79.50465879407918,43.864782067807944],[-79.50473963924388,43.86493645494444],[-79.5047990184643,43.8650957865552],[-79.50483635991064,43.865258528667006],[-79.50485130391431,43.865423114459304],[-79.50484370643657,43.865587959348424],[-79.50481364046173,43.865751476243254],[-79.50476139530048,43.86591209082563],[-79.50468747381062,43.86606825670794],[-79.50387751339112,43.867538271741985]]]},"properties":{"fire_id":"F4679","date":"2026-09-26","area_ha":22.5,"cumulative_ha":22.5,"frp_sum":1.4,"n_detections":3,"first_seen":"2026-09-26","last_seen":"2026-09-26","centroid":[-79.50145,43.86609],"history":[{"date":"2026-09-26","area_ha":22.5}],"track":[[-79.50145013271704,43.86608871949631]],"growth_24h_ha":null,"speed_km_day":null,"bearing_deg":null,"direction":null}},{"type":"Feature","geometry":{"type":"Polygon","coordinates":[[[-83.40830769256314,45.07206080754481],[-83.4091882989127,45.07326711101476],[-83.4092871542405,45.073421006754465],[-83.40936370806793,45.07358112906015],[-83.40941719020513,45.07374586732371],[-83.40944706251896,45.07391356449295],[-83.40945302435253,45.07408253373844],[-83.40943501555651,45.07425107542057],[-83.40939321710131,45.07441749418564],[-83.40932804926398,45.074580116019916],[-83.40924016740733,45.0747373050892],[-83.40913045539405,45.07488748019512],[-83.40900001670109,45.07502913068232],[-83.40885016332426,45.07516083163633],[-83.40868240258389,45.07528125821934],[-83.40849842196435,45.07538919899953],[-83.4064384037697,45.076479224390084],[-83.40624381569666,45.07657198281566],[-83.406037268194,45.07665076468471],[-83.40582076330081,45.076714806351625],[-83.40559639959348,45.0767634870479],[-83.40536635184071,45.076796334900465],[-83.40513284991948,45.07681303150694],[-83.40489815719582,45.076813415022784],[-83.404664548581,45.076797481730516],[-83.40443428847553,45.07676538607565],[-83.40420960881512,45.07671743916933],[-83.40399268743178,45.07665410577189],[-83.40378562693978,45.07657599978659],[-83.4035904343516,45.076483878307634],[-83.4034090016215,45.076378634279806],[-83.40056899221143,45.07455859504621],[-83.40040485555761,45.07444262446461],[-83.40025744704762,45.074315920574996],[-83.40012816355885,45.0741796841465],[-83.4000182301771,45.07403520627914],[-83.39992868858963,45.07388385616637],[-83.39986038721699,45.07372706811787],[-83.3998139731774,45.07356632796549],[-83.39978988615952,45.073403158981485],[-83.39978835426157,45.073239107442305],[-83.39980939183572,45.073075727974796],[-83.39985279935846,45.07291456882391],[-83.39991816532736,45.072757157181194],[-83.40000487016664,45.072604984713486],[-83.40011209210353,45.07245949342852],[-83.4002388149605,45.072322062011594],[-83.40038383778844,45.072193992762685],[-83.40258384803472,45.07043402666872],[-83.40272685648463,45.0703291286052],[-83.40288214492882,45.07023335511144],[-83.40304855277539,45.07014742194039],[-83.4076984987811,45.06795747495957],[-83.40789656922682,45.06787367951715],[-83.40810517421367,45.06780382212272],[-83.40832235760176,45.0677485578291],[-83.40854608282737,45.06770840484793],[-83.40877425199679,45.067683739691574],[-83.40900472555435,45.0676747936435],[-83.4092353423409,45.067681650590124],[-83.40946393985452,45.06770424623441],[-83.40968837452384,45.06774236869858],[-83.40990654180408,45.06779566051036],[-83.41011639590748,45.06786362195425],[-83.41031596898345,45.06794561575605],[-83.4105033895685,45.06804087305723],[-83.41067690013337,45.06814850062293],[-83.41083487356276,45.068267489216076],[-83.41097582841321,45.06839672305932],[-83.41109844280601,45.068534990296],[-83.41120156682496,45.06868099435221],[-83.41128423330278,45.06883336609352],[-83.4113456668944,45.06899067666227],[-83.41138529135259,45.0691514508755],[-83.41140273493697,45.06931418105744],[-83.41139783390587,45.0694773411773],[-83.41137063405783,45.0696394011596],[-83.41132139030823,45.069798841232924],[-83.41125056430452,45.06995416618255],[-83.41115882010271,45.07010391937308],[-83.41104701794482,45.070246696410074],[-83.41091620619595,45.070381158311676],[-83.41076761151628,45.07050604406747],[-83.41060262735976,45.070620182466214],[-83.40830769256314,45.07206080754481]]]},"properties":{"fire_id":"F1552","date":"2026-09-26","area_ha":55.6,"cumulative_ha":141.1,"frp_sum":14.5,"n_detections":6,"first_seen":"2026-09-01","last_seen":"2026-09-26","centroid":[-83.40571,45.07233],"history":[{"date":"2026-09-01","area_ha":43.7},{"date":"2026-09-02","area_ha":40.2},{"date":"2026-09-03","area_ha":70.5},{"date":"2026-09-04","area_ha":28.6},{"date":"2026-09-05","area_ha":35.6},{"date":"2026-09-06","area_ha":65.4},{"date":"2026-09-07","area_ha":58.5},{"date":"2026-09-10","area_ha":73.1},{"date":"2026-09-11","area_ha":68.3},{"date":"2026-09-12","area_ha":53.9},{"date":"2026-09-13","area_ha":72.0},{"date":"2026-09-14","area_ha":22.1},{"date":"2026-09-16","area_ha":30.1},{"date":"2026-09-17","area_ha":39.8},{"date":"2026-09-18","area_ha":62.6},{"date":"2026-09-19","area_ha":60.6},{"date":"2026-09-22","area_ha":30.1},{"date":"2026-09-23","area_ha":61.3},{"date":"2026-09-24","area_ha":33.8},{"date":"2026-09-25","area_ha":30.7},{"date":"2026-09-26","area_ha":55.6}],"track":[[-83.403917721129,45.07250687449736],[-83.40613974708137,45.07275456281799],[-83.40880291250855,45.07243782470169],[-83.40581430516792,45.07250433195331],[-83.40481446199482,45.072238333026895],[-83.40475457173808,45.072722356340314],[-83.40570855053355,45.07350715506756],[-83.40391379437803,45.07226217714091],[-83.40706888139786,45.07239523080157],[-83.40564668707728,45.07259822077909],[-83.4044422698552,45.07275245067559],[-83.40369001673119,45.07142352666233],[-83.40277730181491,45.07306310765608],[-83.40516683960647,45.07219288633925],[-83.4073888459498,45.07263068824104],[-83.40876950799303,45.073035406288376],[-83.40692338043793,45.07158698158843],[-83.40533369285305,45.07220965822623],[-83.40707131429711,45.07204276771666],[-83.40575050478402,45.07207795094685],[-83.40571081352238,45.072330816606446]],"growth_24h_ha":24.87,"speed_km_day":0.03,"bearing_deg":358.74,"direction":"N"}},{"type":"Feature","geometry":{"type":"Polygon","coordinates":[[[-85.302117331653,45.319476608280105],[-85.30194739818756,45.31959535652854],[-85.30176148362757,45.31970154619716],[-85.30156144787951,45.319794114903544],[-85.30134929215093,45.31987213653251],[-85.30112713892782,45.31993483050339],[-85.30089721073726,45.319981569581415],[-85.30066180790841,45.32001188615451],[-85.30042328555409,45.32002547691274],[-85.30018403000383,45.32002220588381],[-85.29994643492418,45.320002105793556],[-85.29971287736555,45.31996537773865],[-85.29948569397543,45.319912389174014],[-85.2992671576164,45.31984367023568],[-85.29905945462282,45.31975990843552],[-85.29886466292423,45.31966194178135],[-85.29868473125428,45.319550750390974],[-85.29852145965349,45.31942744668437],[-85.29837648146092,45.31929326425232],[-85.29825124697491,45.31914954551274],[-85.29814700894634,45.31899772827831],[-85.29695706238225,45.31701770560098],[-85.29687547348891,45.31686068171767],[-85.29681635178444,45.31669873420006],[-85.29678027853492,45.31653345572111],[-85.29676760832771,45.31636647169831],[-85.29677846559082,45.31619942430796],[-85.29681274337615,45.31603395633524],[-85.29687010441806,45.315871695018856],[-85.29694998445676,45.31571423604918],[-85.29705159779347,45.31556312787697],[-85.29717394502256,45.3154198564874],[-85.29731582286429,45.31528583078857],[-85.29747583600147,45.315162368758344],[-85.29765241080334,45.315050684485854],[-85.29784381080174,45.31495187623445],[-85.29804815376733,45.31486691564402],[-85.29826343021779,45.314796638178144],[-85.29848752317646,45.31474173491056],[-85.29871822898669,45.31470274573097],[-85.30324812086884,45.31410276304425],[-85.30348469161937,45.31407997059056],[-85.3037233073731,45.31407391311142],[-85.30396159136411,45.314084650942455],[-85.30419717013032,45.31411207712926],[-85.30442769714936,45.31415591849257],[-85.30465087620657,45.31421573834855],[-85.30486448426223,45.31429094085714],[-85.30506639359086,45.31438077695574],[-85.30525459297213,45.31448435181835],[-85.30542720772218,45.31460063376685],[-85.3055825183665,45.31472846454497],[-85.30571897776792,45.31486657085324],[-85.3058352265393,45.31501357703002],[-85.30593010658738,45.31516801875214],[-85.30600267265282,45.315328357619194],[-85.30605220173105,45.31549299647599],[-85.30607820028023,45.3156602953207],[-85.30608040914416,45.315828587640425],[-85.30605880614068,45.315996197011316],[-85.30601360628985,45.31616145379809],[-85.30594525967891,45.31632271178629],[-85.30585444698552,45.31647836458213],[-85.30574207270311,45.31662686161591],[-85.30560925613598,45.31676672358992],[-85.3054573202534,45.31689655721676],[-85.302117331653,45.319476608280105]]]},"properties":{"fire_id":"F4680","date":"2026-09-26","area_ha":33.8,"cumulative_ha":33.8,"frp_sum":4.8,"n_detections":3,"first_seen":"2026-09-26","last_seen":"2026-09-26","centroid":[-85.30126,45.31677],"history":[{"date":"2026-09-26","area_ha":33.8}],"track":[[-85.30125872908278,45.31676543396957]],"growth_24h_ha":null,"speed_km_day":null,"bearing_deg":null,"direction":null}},{"type":"Feature","geometry":{"type":"Polygon","coordinates":[[[-82.47770769573857,32.59783001928875],[-82.47789004503338,32.5978617810035],[-82.47806809549611,32.59790754093429],[-82.47824031643657,32.597966905684615],[-82.47840522727138,32.59803936489697],[-82.47856141025092,32.598124295639664],[-82.47870752264616,32.5982209677614],[-82.47884230829135,32.5983285501676],[-82.47896460838301,32.5984461179643],[-82.48286463876349,32.60256607087092],[-82.48298013289488,32.60270130164584],[-82.4830791048851,32.602845415833826],[-82.48316058712425,32.602997004616],[-82.48322378296218,32.60315458609687],[-82.48326807449995,32.60331661978995],[-82.4832930286339,32.60348152167648],[-82.4832984012942,32.60364767969],[-82.48328413983546,32.60381346947553],[-82.48325038355605,32.60397727026898],[-82.4831974623412,32.604137480742075],[-82.48312589344245,32.604292534657475],[-82.48303637642519,32.60444091618116],[-82.4829297863332,32.60458117470231],[-82.48280716513713,32.60471193901595],[-82.48266971155022,32.6048319307294],[-82.48251876931079,32.604939976761344],[-82.48235581404622,32.60503502081183],[-82.48218243884634,32.60511613369017],[-82.48200033868791,32.60518252240041],[-82.48181129386191,32.60523353789513],[-82.48161715256636,32.60526868142176],[-82.48141981283433,32.60528760939941],[-82.48122120397454,32.60529013677845],[-82.48102326770585,32.605276238849925],[-82.48082793917013,32.60524605148712],[-82.4806371280098,32.60519986981705],[-82.48045269969468,32.60513814533468],[-82.4802764572811,32.605061481488136],[-82.4801101237818,32.604970627778215],[-82.47995532531918,32.60486647242988],[-82.4798135752262,32.604750033707404],[-82.4759282915962,32.60122614383679],[-82.47237303462508,32.600515083052606],[-82.47218240348803,32.60046850656598],[-82.47199819941476,32.60040640535511],[-82.47182222271692,32.60032938636504],[-82.47165619328182,32.600238202337756],[-82.47150173376114,32.60013374445426],[-82.47136035371096,32.60001703362333],[-82.47123343483788,32.59988921050269],[-82.4711222174955,32.599751524349436],[-82.47102778856345,32.59960532080959],[-82.47095107082698,32.599452028765214],[-82.47089281396134,32.59929314636881],[-82.4708535872085,32.59913022640046],[-82.47083377381787,32.59896486109162],[-82.47083356730533,32.598798666563596],[-82.47085296956661,32.5986332670329],[-82.47089179086355,32.598470278937725],[-82.47094965168309,32.59831129514094],[-82.47102598645067,32.59815786936368],[-82.47112004906155,32.598011501001864],[-82.47123092017587,32.59787362047386],[-82.47135751620588,32.59774557524245],[-82.47149859990776,32.59762861664772],[-82.47165279247393,32.597523887679436],[-82.4718185870082,32.59743241180844],[-82.4719943632516,32.59735508298585],[-82.47217840341526,32.59729265690824],[-82.4723689089656,32.59724574363356],[-82.47256401819803,32.59721480162026],[-82.47276182442721,32.59720013324782],[-82.47296039461673,32.59720188186217],[-82.47315778826588,32.59722003037504],[-82.47770769573857,32.59783001928875]]]},"properties":{"fire_id":"F4577","date":"2026-09-26","area_ha":50.6,"cumulative_ha":112.1,"frp_sum":2.6,"n_detections":4,"first_seen":"2026-09-25","last_seen":"2026-09-26","centroid":[-82.47742,32.60074],"history":[{"date":"2026-09-25","area_ha":100.9},{"date":"2026-09-26","area_ha":50.6}],"track":[[-82.47541608015652,32.598517952861854],[-82.47741850999067,32.60074017160879]],"growth_24h_ha":-50.37,"speed_km_day":0.31,"bearing_deg":314.83,"direction":"NW"}},{"type":"Feature","geometry":{"type":"Polygon","coordinates":[[[-86.06103614542141,32.61197346566389],[-86.06098216849112,32.612131165812166],[-86.06091007941743,32.61228371325039],[-86.06082056452094,32.612429655446554],[-86.06071447606209,32.61256760275577],[-86.06059282412879,32.61269624165355],[-86.06045676702055,32.61281434724405],[-86.06030760022065,32.61292079492473],[-86.06014674406113,32.61301457109604],[-86.05997573019823,32.61309478281419],[-86.05979618702689,32.613160666294945],[-86.05960982417346,32.613211594187554],[-86.05941841621421,32.61324708154927],[-86.05922378577479,32.61326679046386],[-86.05902778617178,32.61327053325981],[-86.0588322837618,32.61325827429751],[-86.05863914016611,32.61323013030892],[-86.05845019454055,32.613186369285636],[-86.05826724605961,32.61312740792672],[-86.05672722211101,32.61255739832705],[-86.05655135164348,32.61248348177326],[-86.05638496853813,32.61239552177743],[-86.05622966941978,32.612294362422524],[-86.05608694453201,32.61218097445236],[-86.05595816343582,32.61205644595494],[-86.05584456186759,32.611921971919855],[-86.0557472298818,32.61177884276963],[-86.05566710139269,32.61162843197577],[-86.05560494521487,32.611472182877584],[-86.05556135768913,32.61131159483125],[-86.05553675696373,32.61114820882108],[-86.05553137898598,32.61098359267207],[-86.05554527524261,32.61081932600498],[-86.05557831227033,32.61065698507842],[-86.05563017294097,32.61049812766385],[-86.05570035950889,32.610344278098054],[-86.05578819839117,32.61019691265676],[-86.05589284663455,32.61005744538983],[-86.05601330000701,32.60992721455363],[-86.05614840263601,32.60980746977092],[-86.05629685810126,32.60969936004147],[-86.05645724187507,32.60960392271809],[-86.0566280149911,32.60952207355415],[-86.05680753881056,32.60945459791772],[-86.05699409074373,32.609402143256844],[-86.0588140566678,32.60897215087692],[-86.05900755847945,32.60893496125705],[-86.05920450204474,32.608913934548006],[-86.05940296411794,32.608909276086884],[-86.05960100662713,32.608921031366],[-86.05979669559694,32.608949085588826],[-86.05998812003102,32.608993164790775],[-86.0601734105705,32.60905283851413],[-86.06035075774619,32.609127524011214],[-86.0605184296465,32.60921649193421],[-86.06067478882841,32.609318873456644],[-86.06081830830699,32.60943366875698],[-86.06094758646675,32.609559756780996],[-86.06106136074978,32.60969590618864],[-86.06115851998669,32.60984078737741],[-86.06123811524998,32.60999298546583],[-86.06129936912383,32.61015101410984],[-86.06134168329962,32.61031333001711],[-86.06136464442291,32.610478348018034],[-86.06136802813471,32.61064445654586],[-86.06135180126705,32.610810033374925],[-86.06131612217185,32.610973461463395],[-86.06103614542141,32.61197346566389]]]},"properties":{"fire_id":"F4681","date":"2026-09-26","area_ha":20.3,"cumulative_ha":20.3,"frp_sum":1.8,"n_detections":3,"first_seen":"2026-09-26","last_seen":"2026-09-26","centroid":[-86.05859,32.61105],"history":[{"date":"2026-09-26","area_ha":20.3}],"track":[[-86.05858648545085,32.61104516295309]],"growth_24h_ha":null,"speed_km_day":null,"bearing_deg":null,"direction":null}},{"type":"Feature","geometry":{"type":"Polygon","coordinates":[[[-86.22855965676091,32.946704862485596],[-86.22875722167454,32.946735459404195],[-86.2289501520524,32.9467822705992],[-86.22913653413886,32.94684483173009],[-86.22931451912142,32.946922522224796],[-86.22948234146752,32.947014571434416],[-86.22963833643549,32.94712006627666],[-86.22978095658686,32.94723796029177],[-86.22990878713591,32.94736708402165],[-86.23002055998414,32.94750615660896],[-86.23011516630079,32.947653798501435],[-86.23019166752428,32.94780854513531],[-86.23024930467551,32.94796886146215],[-86.23028750589047,32.94813315717527],[-86.23030589209722,32.948299802484414],[-86.230304280781,32.94846714428266],[-86.2302826877996,32.9486335225447],[-86.23024132723117,32.948797286794395],[-86.23018060925533,32.94895681247772],[-86.23010113608888,32.949110517079134],[-86.23000369601584,32.949256875821],[-86.22988925557124,32.94939443679073],[-86.22975894995565,32.949521835345244],[-86.22961407177598,32.94963780764993],[-86.22945605822343,32.94974120321753],[-86.22928647681658,32.949830996322895],[-86.22854646756217,32.950181001998224],[-86.22836830054067,32.95025582025017],[-86.2281821300013,32.95031561778935],[-86.22798977680048,32.95035980976003],[-86.22779312227622,32.95038796393747],[-86.2275940898442,32.950399804956206],[-86.22739462618215,32.95039521700356],[-86.22719668218629,32.950374244952606],[-86.22700219388666,32.950337093923245],[-86.22681306350782,32.95028412727563],[-86.22479302972954,32.94962411581825],[-86.22461508077286,32.94955753508562],[-86.22444568546493,32.94947695435457],[-86.22428642746435,32.949383126974226],[-86.22413879564043,32.94927693013405],[-86.22400417015287,32.949159356661994],[-86.22388380954878,32.949031505741324],[-86.22377883899723,32.94889457263339],[-86.22369023977159,32.94874983750203],[-86.22361884007783,32.94859865344451],[-86.22356530731464,32.94844243384086],[-86.22353014183727,32.94828263913957],[-86.22351367228369,32.948120763203754],[-86.22351605250624,32.94795831934521],[-86.22353726013769,32.947796826176855],[-86.22357709680459,32.947637793415865],[-86.22363518998598,32.94748270777045],[-86.22371099649996,32.94733301904192],[-86.22380380758507,32.94719012657194],[-86.22391275552931,32.94705536616196],[-86.22403682178428,32.94692999758681],[-86.22417484648876,32.946815192818775],[-86.22432553931255,32.9467120250733],[-86.22448749151918,32.94662145877733],[-86.22465918913475,32.9465443405549],[-86.2248390270997,32.94648139131393],[-86.22502532427141,32.946433199508114],[-86.22521633913748,32.94640021563681],[-86.2254102860927,32.94638274803444],[-86.22560535212799,32.946380959988666],[-86.2257997137751,32.94639486821414],[-86.22855965676091,32.946704862485596]]]},"properties":{"fire_id":"F4682","date":"2026-09-26","area_ha":21.8,"cumulative_ha":21.8,"frp_sum":3.1,"n_detections":3,"first_seen":"2026-09-26","last_seen":"2026-09-26","centroid":[-86.22692,32.9483],"history":[{"date":"2026-09-26","area_ha":21.8}],"track":[[-86.22692079332067,32.94830380743306]],"growth_24h_ha":null,"speed_km_day":null,"bearing_deg":null,"direction":null}},{"type":"Feature","geometry":{"type":"Polygon","coordinates":[[[-79.88676178426499,33.013968196937924],[-79.88669338451808,33.0141540317177],[-79.88659964572405,33.01433205071396],[-79.88607966005968,33.015182057921166],[-79.88598101967814,33.01532540005287],[-79.8858659371893,33.01545999085862],[-79.88573552490591,33.01558452938212],[-79.88559104333719,33.01569781182729],[-79.88543388900568,33.01579874319567],[-79.88526558094871,33.01588634787184],[-79.88508774603459,33.01595977905535],[-79.88490210323569,33.01601832694694],[-79.88471044701063,33.0160614256108],[-79.884514629956,33.01608865844574],[-79.88431654489571,33.01609976221287],[-79.88411810658103,33.01609462958057],[-79.88392123317851,33.01607331016204],[-79.88372782772498,33.01603601003582],[-79.88353975972866,33.0159830897533],[-79.88335884709505,33.01591506085305],[-79.88318683855167,33.015832580915365],[-79.88302539674235,33.01573644720514],[-79.88287608215434,33.015627588964044],[-79.8827403380335,33.015507058427254],[-79.88261947643372,33.015376020651146],[-79.88251466553533,33.01523574225047],[-79.88242691835504,33.015087579154],[-79.88235708295646,33.014932963496975],[-79.88230583425592,33.014773389777154],[-79.88227366750235,33.01461040040829],[-79.88226089349452,33.01444557081087],[-79.88226763558139,33.01428049418389],[-79.88229382847446,33.014116766105275],[-79.88275655727654,33.01201891223371],[-79.87663580394032,33.009325057773175],[-79.87646115888612,33.00923855716291],[-79.87629785022804,33.00913788655528],[-79.8761475326035,33.0090240659635],[-79.87601172900237,33.00889824863471],[-79.87589181533619,33.00876170936372],[-79.87578900649821,33.0086158315752],[-79.87570434405608,33.008462093305276],[-79.87563868570153,33.00830205222494],[-79.87559269656394,33.008137329856424],[-79.87556684247559,33.00796959514357],[-79.87556138525672,33.00780054754127],[-79.87557638006793,33.00763189979688],[-79.87626649480393,33.003031910443966],[-79.87630019118389,33.0028712194302],[-79.87635245588798,33.002714004865915],[-79.87642279613762,33.00256174872652],[-79.8765105487769,33.00241588623971],[-79.87661488652732,33.002277792357205],[-79.87673482578863,33.00214876879498],[-79.87686923591299,33.00203003176389],[-79.87701684986403,33.001922700506654],[-79.87717627616107,33.00182778674861],[-79.87734601199536,33.0017461851624],[-79.87752445739513,33.00167866493568],[-79.87770993030554,33.00162586252169],[-79.87790068244192,33.00158827564098],[-79.87809491576661,33.00156625859044],[-79.87829079943441,33.00156001890435],[-79.87848648704687,33.00156961539839],[-79.87868013405328,33.00159495761539],[-79.87886991513402,33.00163580667776],[-79.8790540414029,33.001691777538916],[-79.87923077726643,33.001762342612054],[-79.87939845678123,33.001846836742516],[-79.87955549935532,33.00194446347668],[-79.87970042464576,33.00205430256835],[-79.87983186651196,33.002175318651986],[-79.87994858589332,33.0023063710011],[-79.8803151840211,33.00276273798998],[-79.8873645887842,33.00836502551314],[-79.88749713582665,33.00848087971333],[-79.88761584088888,33.008606696709194],[-79.88771962795559,33.00874133608564],[-79.88780755621414,33.00888357745551],[-79.88787882858408,33.00903213152047],[-79.88793279894466,33.00918565175623],[-79.88796897799422,33.00934274661729],[-79.88798703768894,33.009501992149374],[-79.88798681422007,33.00966194489638],[-79.88796830950258,33.009821154984],[-79.8879316911619,33.009978179262085],[-79.88676178426499,33.013968196937924]]]},"properties":{"fire_id":"F0088","date":"2026-09-26","area_ha":100.5,"cumulative_ha":242.4,"frp_sum":18.1,"n_detections":7,"first_seen":"2026-08-23","last_seen":"2026-09-26","centroid":[-79.88176,33.00851],"history":[{"date":"2026-08-23","area_ha":35.3},{"date":"2026-08-24","area_ha":132.4},{"date":"2026-08-25","area_ha":64.8},{"date":"2026-08-27","area_ha":74.1},{"date":"2026-08-30","area_ha":57.2},{"date":"2026-09-01","area_ha":117.1},{"date":"2026-09-02","area_ha":130.8},{"date":"2026-09-03","area_ha":116.8},{"date":"2026-09-04","area_ha":164.8},{"date":"2026-09-05","area_ha":125.4},{"date":"2026-09-06","area_ha":135.0},{"date":"2026-09-08","area_ha":58.5},{"date":"2026-09-09","area_ha":93.8},{"date":"2026-09-10","area_ha":59.2},{"date":"2026-09-11","area_ha":120.8},{"date":"2026-09-12","area_ha":87.4},{"date":"2026-09-13","area_ha":103.4},{"date":"2026-09-16","area_ha":72.3},{"date":"2026-09-17","area_ha":129.4},{"date":"2026-09-18","area_ha":86.8},{"date":"2026-09-19","area_ha":156.2},{"date":"2026-09-20","area_ha":151.2},{"date":"2026-09-21","area_ha":92.9},{"date":"2026-09-22","area_ha":35.3},{"date":"2026-09-25","area_ha":111.6},{"date":"2026-09-26","area_ha":100.5}],"track":[[-79.88581782646236,33.01413268239847],[-79.884500926007,33.011248036009285],[-79.88518229911607,33.013759868676416],[-79.8826483078312,33.00818731590652],[-79.88209727640793,33.00983586505519],[-79.88266420330943,33.00991235881733],[-79.88203660600414,33.00973005669366],[-79.88507707148649,33.012765118477596],[-79.88478791211277,33.011050761408555],[-79.88415050213641,33.00994724401652],[-79.88299575348715,33.010294057743366],[-79.88771615448401,33.01479039589219],[-79.88538329931028,33.012210234863446],[-79.88519344833833,33.010572704225666],[-79.8835848576525,33.010769258056676],[-79.88571891338842,33.012677878485945],[-79.8832177756545,33.011387007454104],[-79.88326202511331,33.01013272606897],[-79.882777494869,33.009231141089515],[-79.8840590836011,33.00975331542752],[-79.88236837127566,33.010475196634296],[-79.88347203834788,33.009868778419126],[-79.88352178134991,33.01000930387356],[-79.88425179578782,33.01310104491114],[-79.88326402858046,33.010663853599205],[-79.88176270476843,33.00851467389151]],"growth_24h_ha":-11.1,"speed_km_day":0.28,"bearing_deg":140.12,"direction":"SE"}},{"type":"Feature","geometry":{"type":"Polygon","coordinates":[[[-80.34607843054738,33.09165934925529],[-80.34604420611396,33.09183055473471],[-80.3459889089759,33.09199791182162],[-80.34591312924584,33.092159634141915],[-80.34581767568247,33.092313995457744],[-80.3457035670622,33.09245934809449],[-80.34557202130843,33.09259414052973],[-80.34542444249408,33.09271693395599],[-80.34526240585586,33.0928264176405],[-80.3449824036136,33.09299642021394],[-80.34481512500207,33.09308778163665],[-80.34463779297256,33.09316494520893],[-80.34445214659898,33.09322715419027],[-80.34426000650839,33.09327379849791],[-80.34406325702372,33.093304420690835],[-80.34386382768086,33.09331872045662],[-80.34366367430239,33.093316557557124],[-80.34346475981286,33.09329795320392],[-80.34326903498466,33.09326308985039],[-80.34307841930293,33.09321230940197],[-80.34289478213785,33.09314610986263],[-80.34271992440863,33.09306514045014],[-80.34255556091956,33.09297019522813],[-80.34240330354119,33.09286220531782],[-80.34226464540194,33.09274222976505],[-80.34214094624492,33.09261144515323],[-80.34203341909385,33.09247113406328],[-80.34194311835878,33.09232267249437],[-80.34187092949806,33.092167516368534],[-80.34181756033793,33.09200718725181],[-80.34178353413503,33.0918432574318],[-80.3417691844491,33.09167733449814],[-80.34177465187663,33.09151104557718],[-80.34179988267691,33.091346021375195],[-80.3425099636879,33.088026032266306],[-80.34255484073734,33.08786349613283],[-80.34261888647372,33.087705458820714],[-80.34270146964363,33.087553477717016],[-80.34280177632924,33.08740905051993],[-80.34291881797249,33.087273600480565],[-80.34305144111951,33.08714846237879],[-80.34319833878925,33.08703486937116],[-80.34335806335395,33.086933940840126],[-80.34352904080484,33.08684667136473],[-80.34370958626218,33.08677392092106],[-80.34389792057713,33.08671640640889],[-80.3440921878617,33.08667469458842],[-80.34429047377424,33.086649196496055],[-80.34449082438042,33.086640163394755],[-80.34469126540411,33.086647684298256],[-80.34488982167832,33.086671685094245],[-80.34508453660509,33.086711929274486],[-80.34527349143242,33.08676802026501],[-80.34545482415885,33.086839405333436],[-80.34562674787894,33.08692538103478],[-80.34578756838978,33.08702510014243],[-80.34593570088454,33.08713757999566],[-80.34606968556888,33.08726171218173],[-80.34618820204639,33.087396273457266],[-80.34629008233131,33.08753993780116],[-80.34637432236015,33.087691289480425],[-80.34644009188891,33.08784883700024],[-80.34648674267807,33.088011027800945],[-80.34651381488472,33.08817626355687],[-80.34652104159855,33.08834291592663],[-80.34650835147698,33.08850934259954],[-80.34607843054738,33.09165934925529]]]},"properties":{"fire_id":"F4584","date":"2026-09-26","area_ha":25.7,"cumulative_ha":67.4,"frp_sum":2.5,"n_detections":3,"first_seen":"2026-09-25","last_seen":"2026-09-26","centroid":[-80.34419,33.09001],"history":[{"date":"2026-09-25","area_ha":53.2},{"date":"2026-09-26","area_ha":25.7}],"track":[[-80.3475383522471,33.08980369028818],[-80.34418837309987,33.090007722682756]],"growth_24h_ha":-27.41,"speed_km_day":0.31,"bearing_deg":76.37,"direction":"ENE"}},{"type":"Feature","geometry":{"type":"Polygon","coordinates":[[[-86.79081002719504,33.21425711858396],[-86.79100803968144,33.21428000705991],[-86.79120236555194,33.21431898684403],[-86.79139110974631,33.214373677805206],[-86.79157243162653,33.21444354659609],[-86.79174456292402,33.21452791185331],[-86.79190582498147,33.21462595084132],[-86.7920546451218,33.2147367074744],[-86.79218957198424,33.2148591016395],[-86.7923092896783,33.214991939728044],[-86.79241263061743,33.21513392627509],[-86.79472268778821,33.21869389449377],[-86.79480779057191,33.21884193044019],[-86.79487508280837,33.21899614634887],[-86.79492392271622,33.21915507166705],[-86.79495384445976,33.21931719092657],[-86.794964562595,33.21948095819436],[-86.79495597479608,33.21964481181387],[-86.79492816283553,33.21980718929648],[-86.794881391809,33.21996654222136],[-86.79481610761182,33.22012135100148],[-86.794732932691,33.22027013937491],[-86.79463266011322,33.2204114884833],[-86.79451624600529,33.220544050403255],[-86.79438480043878,33.220666561001245],[-86.79423957684597,33.22077785198995],[-86.79408196006791,33.220876862070504],[-86.79391345314825,33.220962647054485],[-86.79373566299935,33.2210343888693],[-86.79355028507682,33.22109140336059],[-86.7933590872091,33.22113314681758],[-86.79316389273632,33.221159221158956],[-86.79296656311905,33.22116937772971],[-86.79276898018354,33.22116351967274],[-86.7925730281722,33.22114170285285],[-86.78845294478523,33.22051169118258],[-86.78826376970738,33.22047489516651],[-86.78807971812505,33.22042322481618],[-86.78790248534325,33.22035715606882],[-86.78773370384737,33.22027729748459],[-86.78757492826414,33.220184384640106],[-86.78742762104075,33.22007927335227],[-86.78729313897337,33.21996293179412],[-86.78717272070973,33.21983643157606],[-86.78706747534072,33.21970093787409],[-86.78697837218601,33.219557698696455],[-86.78690623186783,33.2194080333875],[-86.78685171875497,33.21925332047434],[-86.78681533484675,33.21909498496907],[-86.78679741515266,33.21893448524261],[-86.78679812461085,33.21877329959188],[-86.78698820262012,33.215723302557215],[-86.7870088957901,33.21555543237227],[-86.78704978905533,33.21539013206549],[-86.78711046949577,33.215229070253834],[-86.78719032446095,33.21507387276003],[-86.78728854775888,33.214926106201766],[-86.78740414779767,33.21478726217868],[-86.78753595759824,33.21465874221693],[-86.78768264657614,33.21454184362327],[-86.7878427339742,33.21443774639106],[-86.78801460380987,33.2143475012908],[-86.78819652118663,33.214272019264826],[-86.78838664980482,33.21421206223359],[-86.78858307049504,33.21416823540582],[-86.78878380058751,33.21414098117057],[-86.78898681392171,33.214130574632364],[-86.78919006129452,33.21413712083489],[-86.79081002719504,33.21425711858396]]]},"properties":{"fire_id":"F3956","date":"2026-09-26","area_ha":45.4,"cumulative_ha":60.9,"frp_sum":5.2,"n_detections":4,"first_seen":"2026-09-20","last_seen":"2026-09-26","centroid":[-86.79055,33.21782],"history":[{"date":"2026-09-20","area_ha":28.8},{"date":"2026-09-21","area_ha":37.6},{"date":"2026-09-23","area_ha":42.8},{"date":"2026-09-26","area_ha":45.4}],"track":[[-86.78995209988575,33.21816006122472],[-86.79186172003331,33.21826627517681],[-86.79196052662705,33.21816119153071],[-86.7905530405128,33.21782009887059]],"growth_24h_ha":0.84,"speed_km_day":0.05,"bearing_deg":100.73,"direction":"E"}},{"type":"Feature","geometry":{"type":"Polygon","coordinates":[[[-86.81566456606403,33.22122782390442],[-86.81585452304398,33.22126971282286],[-86.81603868864492,33.22132668378379],[-86.81621532723985,33.221398199878045],[-86.81638277412537,33.221483587117845],[-86.81653945120846,33.221582040787744],[-86.81668388187754,33.22169263302741],[-86.81681470491799,33.22181432157491],[-86.81693068734097,33.22194595958816],[-86.81703073600451,33.22208630645199],[-86.81711390791739,33.22223403946917],[-86.81717941912885,33.222387766325035],[-86.81722665211993,33.22254603820839],[-86.81725516162686,33.2227073634653],[-86.81726467884154,33.222870221656784],[-86.81725511394916,33.22303307788806],[-86.81722655697921,33.22319439727447],[-86.81717927696126,33.22335265940753],[-86.81711371939379,33.223506372684795],[-86.81703050204926,33.22365408836878],[-86.81693040915535,33.2237944142418],[-86.81681438400655,33.223926027728616],[-86.81668352007597,33.224047688362916],[-86.81653905071106,33.224158249479736],[-86.81638233750999,33.22425666902428],[-86.81621485748865,33.2243420193746],[-86.8160381891589,33.22441349608578],[-86.81585399764947,33.224470425473086],[-86.8156640190098,33.22451227096258],[-86.81547004384484,33.22453863814918],[-86.81527390043523,33.224549278514786],[-86.81507743750187,33.22454409177088],[-86.81488250677792,33.22452312680402],[-86.8132024726811,33.22427312216834],[-86.81300558451765,33.22423532189704],[-86.81281422013599,33.22418142845111],[-86.81263028613269,33.22411197878027],[-86.81245561506064,33.224027664822245],[-86.81229194716862,33.22392932660766],[-86.81214091306128,33.22381794388969],[-86.81200401745247,33.22369462638121],[-86.81188262417369,33.22356060269731],[-86.81177794258714,33.223417208113176],[-86.81169101553871,33.223265871259485],[-86.81162270897084,33.223108099887675],[-86.81157370329862,33.22294546584748],[-86.81154448663501,33.222779589425826],[-86.81153534993246,33.22261212320365],[-86.8115463840891,33.22244473559136],[-86.81157747904825,33.2222790942068],[-86.8116283248999,33.22211684926161],[-86.81169841497312,33.22195961712135],[-86.81178705088828,33.22180896420305],[-86.81189334951864,33.22166639137092],[-86.8120162517917,33.221533318985074],[-86.81215453324269,33.22141107275282],[-86.81220453318906,33.22137107329519],[-86.81235364151586,33.22126295050045],[-86.81251477043978,33.22116742946489],[-86.8126863782722,33.22108542411928],[-86.81286682308074,33.22101771907601],[-86.81305437839742,33.220964962123084],[-86.81324724973497,33.22092765802725],[-86.81344359175338,33.22090616370523],[-86.81364152591246,33.22090068480935],[-86.81383915844177,33.22091127376036],[-86.8140345984563,33.22093782924576],[-86.81566456606403,33.22122782390442]]]},"properties":{"fire_id":"F2287","date":"2026-09-26","area_ha":17.0,"cumulative_ha":73.1,"frp_sum":3.5,"n_detections":3,"first_seen":"2026-09-07","last_seen":"2026-09-26","centroid":[-86.8144,33.22274],"history":[{"date":"2026-09-07","area_ha":37.6},{"date":"2026-09-08","area_ha":27.6},{"date":"2026-09-09","area_ha":32.6},{"date":"2026-09-11","area_ha":28.9},{"date":"2026-09-13","area_ha":31.5},{"date":"2026-09-16","area_ha":26.9},{"date":"2026-09-18","area_ha":28.8},{"date":"2026-09-20","area_ha":31.7},{"date":"2026-09-21","area_ha":24.7},{"date":"2026-09-23","area_ha":40.5},{"date":"2026-09-26","area_ha":17.0}],"track":[[-86.81635736042674,33.222564409330445],[-86.81510320214466,33.22115622794573],[-86.81490694149714,33.22195199827025],[-86.81637228857235,33.22139148772379],[-86.81552374667248,33.22192977325166],[-86.81477234948662,33.223242135479346],[-86.81516750250302,33.22233136714743],[-86.81604530296245,33.221547156141234],[-86.81393101721012,33.22078790646243],[-86.8175928749768,33.2229177440612],[-86.81439708880636,33.222735547593935]],"growth_24h_ha":-7.81,"speed_km_day":0.1,"bearing_deg":88.39,"direction":"E"}},{"type":"Feature","geometry":{"type":"Polygon","coordinates":[[[-87.51367371289494,33.23054428075364],[-87.51384147086034,33.23046059590992],[-87.51401818735474,33.23039073831611],[-87.51420221074508,33.23033536087323],[-87.51439182111937,33.23029498114715],[-87.51458524635878,33.23026997653233],[-87.5147806786971,33.230260580724966],[-87.51497629161328,33.230266881539464],[-87.51517025689887,33.23028882008762],[-87.51536076174138,33.23032619132905],[-87.5155460256637,33.23037864598716],[-87.51572431716185,33.23044569381299],[-87.51589396988516,33.2305267081664],[-87.51605339820829,33.230620931871904],[-87.51620111204927,33.23072748429435],[-87.51633573079538,33.2308453695683],[-87.51645599620663,33.2309734859046],[-87.51656078417636,33.2311106358867],[-87.51664911523886,33.23125553766097],[-87.51672016372595,33.23140683691635],[-87.5167732654869,33.231563119541256],[-87.51680792409903,33.231722924839715],[-87.51682381551143,33.231884759183195],[-87.5168207910778,33.23204710997039],[-87.51679887895003,33.23220845976479],[-87.51675828381946,33.23236730047759],[-87.51669938500794,33.23252214746363],[-87.51662273292638,33.23267155339858],[-87.51652904393383,33.23281412180737],[-87.51641919364498,33.232948520117766],[-87.51629420874838,33.233073492116766],[-87.516155257412,33.23318786969344],[-87.51600363836556,33.2332905837584],[-87.51016359296268,33.236870638016455],[-87.50999826441375,33.23696193256731],[-87.50982294688932,33.23703935507101],[-87.5096393270668,33.23710216066178],[-87.50944917151267,33.2371497450987],[-87.5092543096843,33.237181650579906],[-87.509056616326,33.23719757014773],[-87.50885799342925,33.23719735064234],[-87.5086603519301,33.23718099417557],[-87.50846559332098,33.23714865811057],[-87.50827559135296,33.23710065354762],[-87.50809217400548,33.2370374423305],[-87.50791710589672,33.23695963260254],[-87.50775207130408,33.236867972954876],[-87.5075986579584,33.236763345223245],[-87.50745834176762,33.23664675600304],[-87.50733247261721,33.23651932696366],[-87.50722226138394,33.23638228405616],[-87.5071287682877,33.23623694571744],[-87.50705289269362,33.23608471018488],[-87.5069953644626,33.23592704204355],[-87.50695673693303,33.235765458135106],[-87.50693738160145,33.23560151296438],[-87.50693748455292,33.23543678374396],[-87.5069570446754,33.23527285522052],[-87.50699587367512,33.235111304429104],[-87.50705359789264,33.23495368552183],[-87.50712966190183,33.23480151481718],[-87.50722333385714,33.234656256213476],[-87.5073337125375,33.2345193071069],[-87.50745973601893,33.23439198494955],[-87.50839973893558,33.233531995835285],[-87.50857686702652,33.23338862035867],[-87.50877376079676,33.23326423815581],[-87.51367371289494,33.23054428075364]]]},"properties":{"fire_id":"F2977","date":"2026-09-26","area_ha":37.2,"cumulative_ha":179.1,"frp_sum":5.0,"n_detections":3,"first_seen":"2026-09-13","last_seen":"2026-09-26","centroid":[-87.51183,33.23371],"history":[{"date":"2026-09-13","area_ha":90.3},{"date":"2026-09-14","area_ha":88.1},{"date":"2026-09-15","area_ha":38.3},{"date":"2026-09-16","area_ha":81.3},{"date":"2026-09-17","area_ha":106.5},{"date":"2026-09-18","area_ha":132.6},{"date":"2026-09-19","area_ha":86.7},{"date":"2026-09-20","area_ha":85.8},{"date":"2026-09-21","area_ha":101.7},{"date":"2026-09-23","area_ha":111.4},{"date":"2026-09-24","area_ha":68.3},{"date":"2026-09-26","area_ha":37.2}],"track":[[-87.51124389343846,33.234035544574304],[-87.51042781645938,33.233541951513295],[-87.50823072443751,33.23658098961309],[-87.51112733243865,33.233324409384764],[-87.51157046136966,33.23336463407942],[-87.51110412265349,33.23422470174797],[-87.51005901222891,33.23230736183684],[-87.51042964205945,33.2331009381946],[-87.5104238834499,33.23367187639867],[-87.51045408671924,33.23458483277577],[-87.51079639525202,33.23393908913908],[-87.51183215490157,33.233705600380006]],"growth_24h_ha":-15.59,"speed_km_day":0.05,"bearing_deg":249.68,"direction":"WSW"}},{"type":"Feature","geometry":{"type":"Polygon","coordinates":[[[-89.81173198093539,33.4209748844547],[-89.81166241002333,33.421127639514744],[-89.81157523562943,33.42127408427249],[-89.81147128163173,33.42141283453393],[-89.81135153052452,33.42154257882711],[-89.81121711413404,33.421662090799124],[-89.8110693029219,33.421770240809046],[-89.81090949397728,33.4218660066066],[-89.81073919781156,33.42194848299575],[-89.81056002407982,33.42201689039215],[-89.81037366636467,33.42207058219288],[-89.81018188616598,33.42210905088927],[-89.80998649624811,33.42213193286474],[-89.80978934350212,33.42213901183249],[-89.80959229148513,33.42213022088004],[-89.80939720280193,33.422105643102],[-89.80920592149567,33.422065510814434],[-89.80902025561414,33.422010203358525],[-89.80884196011661,33.42194024351443],[-89.80867272028289,33.421856292559006],[-89.80851413578169,33.42175914401434],[-89.80836770554889,33.421649716146014],[-89.80823481361851,33.421529043282426],[-89.80811671604086,33.42139826603697],[-89.808014529011,33.42125862052542],[-89.80792921832008,33.421111426681044],[-89.80786159022892,33.42095807577744],[-89.80781228385032,33.42080001727724],[-89.80778176511173,33.42063874513108],[-89.80777032235535,33.42047578365641],[-89.80777806361708,33.42031267312947],[-89.80833819784718,33.41505268188664],[-89.80836565059731,33.41488830748749],[-89.80841258158132,33.414726977454286],[-89.80847853232116,33.414570267448624],[-89.80856285858948,33.41441970800142],[-89.80866473670541,33.41427676956564],[-89.8087831715826,33.41414284815607],[-89.80891700645032,33.41401925171608],[-89.80906493415291,33.41390718734508],[-89.80922550991716,33.4138077495106],[-89.80939716546257,33.413721909360675],[-89.80957822431735,33.413650505240504],[-89.80976691818965,33.41359423450609],[-89.80996140423541,33.413553646714625],[-89.81015978305312,33.41352913825829],[-89.81036011723076,33.4135209484935],[-89.81056045026352,33.4135291574037],[-89.81075882565771,33.41355368481849],[-89.81095330603475,33.413594291196254],[-89.81114199204852,33.413650579963324],[-89.81132304093163,33.413722001386375],[-89.81149468448967,33.413807857940434],[-89.81165524636783,33.413907311120084],[-89.81180315842127,33.41401938962742],[-89.81193697602954,33.414142998856825],[-89.81205539220558,33.41427693158402],[-89.81215725036124,33.41441987975503],[-89.81224155560508,33.414570447260076],[-89.8123074844616,33.414727163567406],[-89.81235439291713,33.414888498084565],[-89.81290445187672,33.41729848960122],[-89.81293202308191,33.417464182774886],[-89.81293953013879,33.417631323006894],[-89.8129268984282,33.41779825179095],[-89.81289425316595,33.41796331270964],[-89.81284191816523,33.4181248678709],[-89.81173198093539,33.4209748844547]]]},"properties":{"fire_id":"F4401","date":"2026-09-26","area_ha":35.7,"cumulative_ha":129.7,"frp_sum":2.2,"n_detections":3,"first_seen":"2026-09-24","last_seen":"2026-09-26","centroid":[-89.81024,33.41783],"history":[{"date":"2026-09-24","area_ha":95.5},{"date":"2026-09-25","area_ha":77.5},{"date":"2026-09-26","area_ha":35.7}],"track":[[-89.80708640482453,33.42001511894561],[-89.81004615789887,33.42094453410542],[-89.81024483296439,33.41783333112048]],"growth_24h_ha":-41.86,"speed_km_day":0.35,"bearing_deg":179.29,"direction":"S"}},{"type":"Feature","geometry":{"type":"Polygon","coordinates":[[[-88.5845086794827,33.44744040035913],[-88.58465650715549,33.447557459160265],[-88.58478933197607,33.447686229404304],[-88.58490580422566,33.44782540264209],[-88.58500474032611,33.44797356471207],[-88.5850851348687,33.44812921010835],[-88.5851461708335,33.448290757277334],[-88.58518722789516,33.4484565646871],[-88.58520788873082,33.44862494750679],[-88.58520794326564,33.44879419472616],[-88.58518739081278,33.448962586541604],[-88.58514644008572,33.449128411831886],[-88.5845364858872,33.451088421111116],[-88.58447643107688,33.451248011319066],[-88.58439748361184,33.45140187366582],[-88.58430042575226,33.451548483381494],[-88.58418621924756,33.45168638756212],[-88.58405599580843,33.45181421956912],[-88.5839110458938,33.451930712574054],[-88.58375280592347,33.45203471211437],[-88.58358284404348,33.452125187535735],[-88.58340284458504,33.45220124220732],[-88.58321459137113,33.45226212240896],[-88.58301995003636,33.45230722480168],[-88.58282084953522,33.45233610240802],[-88.58261926302244,33.45234846904237],[-88.58241718829467,33.45234420214764],[-88.58221662798786,33.452323344010054],[-88.58201956972667,33.45228610133999],[-88.58182796642265,33.45223284322312],[-88.5816437169169,33.452164097462],[-88.58146864715896,33.45208054534454],[-88.58130449210879,33.45198301489138],[-88.57740446833292,33.449412976710335],[-88.57739880642161,33.44940923171047],[-88.56882875569237,33.44371914743578],[-88.56868078482749,33.44361067670966],[-88.56854627604305,33.443490817288136],[-88.56842650516573,33.44336070609937],[-88.56832260820812,33.443221577309565],[-88.5682355705946,33.443074750615175],[-88.56816621781643,33.442921618723844],[-88.56811520760475,33.442763634143056],[-88.56808302369512,33.44260229540178],[-88.56806997124337,33.44243913283595],[-88.56807617393528,33.44227569407235],[-88.56810157281794,33.44211352934901],[-88.56814592686344,33.441954176811045],[-88.56902598590816,33.43937419011265],[-88.56908870469,33.43921951136553],[-88.56916927974395,33.439070596625506],[-88.56926695024049,33.43892885184028],[-88.5693807939619,33.43879561525732],[-88.56950973601161,33.43867214479024],[-88.5696525589645,33.43855960614367],[-88.5698079143617,33.43845906180892],[-88.56997433544196,33.43837146103412],[-88.57015025098902,33.438297630863445],[-88.57033400016434,33.438238268330075],[-88.57052384818527,33.43819393387643],[-88.57071800270086,33.43816504606394],[-88.57091463071029,33.43815187762201],[-88.57111187586524,33.43815455287359],[-88.57130787599202,33.438173046561715],[-88.57150078066896,33.43820718408782],[-88.5716887686927,33.438256643159946],[-88.57187006526911,33.438320956834936],[-88.57204295876635,33.438399517926115],[-88.57220581687216,33.43849158473487],[-88.57235710200295,33.43859628805206],[-88.57249538581937,33.43871263936309],[-88.57261936271105,33.43883954017934],[-88.57272786212376,33.43897579240797],[-88.57276688463648,33.43903700743794],[-88.5845086794827,33.44744040035913]]]},"properties":{"fire_id":"F0271","date":"2026-09-26","area_ha":111.3,"cumulative_ha":325.1,"frp_sum":12.1,"n_detections":6,"first_seen":"2026-08-24","last_seen":"2026-09-26","centroid":[-88.57653,33.4453],"history":[{"date":"2026-08-24","area_ha":73.6},{"date":"2026-08-25","area_ha":113.6},{"date":"2026-08-26","area_ha":84.2},{"date":"2026-08-28","area_ha":120.1},{"date":"2026-08-29","area_ha":148.3},{"date":"2026-08-31","area_ha":146.1},{"date":"2026-09-01","area_ha":75.9},{"date":"2026-09-02","area_ha":137.3},{"date":"2026-09-03","area_ha":174.5},{"date":"2026-09-04","area_ha":142.4},{"date":"2026-09-05","area_ha":140.2},{"date":"2026-09-06","area_ha":119.3},{"date":"2026-09-07","area_ha":78.3},{"date":"2026-09-08","area_ha":151.2},{"date":"2026-09-09","area_ha":154.4},{"date":"2026-09-10","area_ha":178.4},{"date":"2026-09-11","area_ha":64.9},{"date":"2026-09-12","area_ha":94.1},{"date":"2026-09-13","area_ha":64.8},{"date":"2026-09-15","area_ha":63.5},{"date":"2026-09-17","area_ha":65.3},{"date":"2026-09-18","area_ha":71.6},{"date":"2026-09-19","area_ha":105.1},{"date":"2026-09-20","area_ha":167.9},{"date":"2026-09-21","area_ha":47.9},{"date":"2026-09-22","area_ha":80.2},{"date":"2026-09-23","area_ha":38.5},{"date":"2026-09-24","area_ha":153.8},{"date":"2026-09-25","area_ha":162.2},{"date":"2026-09-26","area_ha":111.3}],"track":[[-88.57262900784664,33.44297584671628],[-88.57433913584545,33.44121235533917],[-88.57673560979065,33.44393846843687],[-88.57427414515713,33.445691908943836],[-88.5712560910528,33.44368716647934],[-88.57641678835053,33.445277113584204],[-88.57635999918165,33.44438248912367],[-88.577546088556,33.44307227734596],[-88.57366823841457,33.44519683457402],[-88.57422816001261,33.4453322827651],[-88.57451309824545,33.44422560548223],[-88.57482187384204,33.443774578692114],[-88.57632343005852,33.44358691805679],[-88.57394948407584,33.44540035985833],[-88.57338437020509,33.44340744818134],[-88.574923255274,33.44419805673905],[-88.57291789725141,33.439162748576535],[-88.57300496483971,33.442511240353234],[-88.57717680819992,33.44322963802818],[-88.57580479499074,33.444937458235934],[-88.57026908235434,33.44067412442824],[-88.57645985210739,33.444141809883185],[-88.57365815860857,33.44479656269787],[-88.57381815796487,33.44475007495265],[-88.5708107946306,33.439748472608095],[-88.57643499904106,33.44402250351202],[-88.5738081290034,33.44158437466278],[-88.57366778551608,33.445187424151136],[-88.57509152682022,33.443801848590816],[-88.57653047089339,33.44530355414914]],"growth_24h_ha":-50.87,"speed_km_day":0.21,"bearing_deg":317.13,"direction":"NW"}},{"type":"Feature","geometry":{"type":"Polygon","coordinates":[[[-86.76125307398338,33.53464915223208],[-86.76115830629067,33.53484644966805],[-86.75995834452458,33.536946466747914],[-86.75986602359424,33.53708966254562],[-86.75975739698893,33.53722483044738],[-86.7596334790664,33.537350708155785],[-86.75949542700309,33.53746612012684],[-86.75934452998885,33.53756998854944],[-86.75918219718787,33.53766134341183],[-86.75900994457854,33.53773933156177],[-86.75882938079498,33.53780322467503],[-86.75864219210254,33.537852426058244],[-86.7584501266477,33.53788647622222],[-86.75825497812957,33.53790505717372],[-86.75805856904549,33.53790799538578],[-86.75786273366751,33.53789526341854],[-86.75766930090883,33.537866980175494],[-86.75748007724023,33.53782340979288],[-86.75729682981635,33.53776495917251],[-86.75712126996952,33.537692174181146],[-86.75695503722525,33.5376057345518],[-86.75679968398914,33.537506447534895],[-86.75665666104787,33.537395240358265],[-86.75652730401997,33.53727315156676],[-86.75641282088303,33.537141321322274],[-86.75631428069369,33.537000980754854],[-86.75623260360557,33.53685344046418],[-86.7561685522788,33.536700078279395],[-86.75612272476069,33.536542326391064],[-86.75609554890445,33.53638165797563],[-86.7560872783775,33.536219573437684],[-86.75609799029694,33.53605758639797],[-86.756648102441,33.53165759500908],[-86.75667813002613,33.53149544094511],[-86.75672717573916,33.531336481365436],[-86.75679477118537,33.53118223399446],[-86.75688027087047,33.5310341715572],[-86.7569828583674,33.5308937077189],[-86.75710155411446,33.53076218358856],[-86.75723522477027,33.530640854915575],[-86.75738259403633,33.53053088010151],[-86.75754225484341,33.530433309141316],[-86.75771268278591,33.53034907359968],[-86.75789225067543,33.53027897771811],[-86.75807924407505,33.53022369073749],[-86.75827187766582,33.530183740509536],[-86.75846831228937,33.53015950845787],[-86.75866667250419,33.530151225937054],[-86.7588650644879,33.530158972024076],[-86.75906159411488,33.53018267276353],[-86.75925438503673,33.530222101873534],[-86.75944159659328,33.53027688290584],[-86.7596214413831,33.530346492839286],[-86.75979220232607,33.53043026707268],[-86.76107218950737,33.53113025595161],[-86.7612358207092,33.531229803133826],[-86.76138659846082,33.53134234797119],[-86.76152301548093,33.53146676542341],[-86.76164370802361,33.5316018117622],[-86.76174746951197,33.53174613700247],[-86.7618332626015,33.531898298396236],[-86.76190022955267,33.53205677485366],[-86.76194770080897,33.53221998214771],[-86.76197520169438,33.53238628875007],[-86.76198245716311,33.532554032140446],[-86.76196939455431,33.53272153542583],[-86.7619361443235,33.53288712410399],[-86.76188303874362,33.53304914280337],[-86.76125307398338,33.53464915223208]]]},"properties":{"fire_id":"F4259","date":"2026-09-26","area_ha":34.7,"cumulative_ha":69.0,"frp_sum":10.6,"n_detections":4,"first_seen":"2026-09-23","last_seen":"2026-09-26","centroid":[-86.75879,33.53392],"history":[{"date":"2026-09-23","area_ha":47.0},{"date":"2026-09-25","area_ha":45.5},{"date":"2026-09-26","area_ha":34.7}],"track":[[-86.75932990697333,33.53487673164729],[-86.75775025800696,33.534321041885484],[-86.75878656010843,33.53392189457409]],"growth_24h_ha":-10.8,"speed_km_day":0.11,"bearing_deg":239.43,"direction":"WSW"}},{"type":"Feature","geometry":{"type":"Polygon","coordinates":[[[-86.80664835956705,33.545553385659424],[-86.80668501162616,33.54571711661359],[-86.80670184116936,33.54588304031301],[-86.80669868251097,33.54604952449045],[-86.80667556659765,33.546214931355735],[-86.80663272070888,33.54637763370761],[-86.80657056622594,33.54653603094168],[-86.80648971449115,33.546688564797314],[-86.80639096079773,33.546833734687816],[-86.8062752765696,33.54697011246407],[-86.80614379980743,33.54709635646534],[-86.8059978238954,33.547211224719746],[-86.80583878487815,33.54731358716378],[-86.80566824733357,33.54740243676132],[-86.80548788897991,33.54747689941206],[-86.80529948416921,33.54753624255206],[-86.80510488642899,33.547579882361916],[-86.80490601022461,33.54760738951123],[-86.80470481212124,33.547618493383155],[-86.80450327153162,33.54761308473709],[-86.80430337123846,33.54759121678362],[-86.80410707788405,33.54755310466099],[-86.80391632261842,33.547499123318104],[-86.80373298209727,33.54742980382524],[-86.80355886001652,33.54734582814847],[-86.80339566936497,33.547248022439454],[-86.8032450155706,33.54713734890648],[-86.80202501493325,33.546147335444665],[-86.80189101109804,33.546027478721115],[-86.80177172804419,33.54589744824846],[-86.80166829202558,33.545758471833665],[-86.80158167964478,33.545611861749336],[-86.80151270863384,33.545459002341545],[-86.80146203013591,33.54530133695758],[-86.8014301225605,33.545140354316246],[-86.80141728707014,33.54497757445075],[-86.801423644741,33.544814534355446],[-86.8014491354242,33.54465277347345],[-86.80149351831815,33.54449381916092],[-86.80155637424662,33.54433917226603],[-86.80163710962063,33.54419029295851],[-86.80173496204692,33.5440485869435],[-86.80184900752936,33.54391539219],[-86.80197816919588,33.54379196629892],[-86.8027281703193,33.54314197484652],[-86.80287188385493,33.5430290134308],[-86.80302824741852,33.54292815835394],[-86.803195771637,33.54284037024285],[-86.80337286085141,33.5427664852612],[-86.80355782831406,33.54270720714625],[-86.80374891225243,33.542663100506985],[-86.80394429264716,33.54263458544724],[-86.80414210856422,33.542621933564924],[-86.80434047587651,33.54262526536552],[-86.80453750520613,33.542644549114634],[-86.80473131991647,33.542679601140044],[-86.80492007398335,33.54273008758098],[-86.80510196957455,33.54279552756743],[-86.80527527417102,33.542875297799576],[-86.80543833706635,33.54296863848367],[-86.80558960508779,33.54307466056782],[-86.80572763738894,33.54319235420874],[-86.80585111917355,33.543320598389364],[-86.80595887421931,33.543458171594835],[-86.80604987608275,33.54360376344625],[-86.80612325787827,33.543755987180795],[-86.80617832053807,33.543913392859636],[-86.80664835956705,33.545553385659424]]]},"properties":{"fire_id":"F4683","date":"2026-09-26","area_ha":20.2,"cumulative_ha":20.2,"frp_sum":3.1,"n_detections":3,"first_seen":"2026-09-26","last_seen":"2026-09-26","centroid":[-86.80419,33.54513],"history":[{"date":"2026-09-26","area_ha":20.2}],"track":[[-86.80418596700784,33.54512707618777]],"growth_24h_ha":null,"speed_km_day":null,"bearing_deg":null,"direction":null}},{"type":"Feature","geometry":{"type":"Polygon","coordinates":[[[-86.78451184572296,33.585647471582035],[-86.7844673780924,33.585806513731036],[-86.78440440433808,33.58596123992342],[-86.78432351974261,33.58611018729206],[-86.7842254889404,33.58625194759858],[-86.78411123869135,33.586385180548966],[-86.78398184912129,33.586508626466376],[-86.78383854351151,33.586621118202316],[-86.78368267673407,33.58672159217294],[-86.7835157224421,33.58680909841615],[-86.78333925913623,33.58688280957459],[-86.7831549552388,33.58694202871933],[-86.78296455331754,33.58698619594011],[-86.7827698536071,33.58701489364023],[-86.78257269698524,33.58702785048541],[-86.78237494756416,33.58702494396971],[-86.78217847506205,33.58700620157398],[-86.78198513712154,33.5869718005061],[-86.78179676174244,33.58692206602499],[-86.78161512999506,33.58685746836507],[-86.78144195917753,33.58677861828932],[-86.78127888657679,33.586686261313744],[-86.78112745398663,33.58658127065762],[-86.78098909312932,33.58646463898612],[-86.78086511211886,33.58633746902371],[-86.78075668309354,33.586200963126885],[-86.7806648311352,33.58605641191499],[-86.78059042457943,33.58590518206669],[-86.7805341668086,33.58574870339753],[-86.78049658960494,33.58558845534073],[-86.78047804812687,33.58542595295921],[-86.78047871755516,33.58526273262085],[-86.78061877489469,33.583042734824176],[-86.78063687782412,33.58289025291742],[-86.78067175060298,33.58273976829525],[-86.78072310263701,33.5825925345331],[-86.78079050606229,33.58244977811967],[-86.78137052663666,33.581369786474156],[-86.78145884021133,33.58122471851667],[-86.78156371988703,33.581087369889154],[-86.7816841846163,33.58095902524909],[-86.78181910759749,33.580840885031904],[-86.78196722681554,33.580734054224166],[-86.78212715684641,33.580639532029736],[-86.78229740181536,33.58055820252516],[-86.78247636938698,33.58049082639211],[-86.78266238565722,33.58043803380355],[-86.78285371080732,33.58040031853066],[-86.78304855537381,33.580378033325424],[-86.78324509698257,33.58037138662168],[-86.78344149739006,33.58038044058619],[-86.78363591967317,33.58040511053706],[-86.78382654540657,33.58044516573581],[-86.78401159166724,33.580500231545074],[-86.78418932770725,33.58056979293195],[-86.78435809113905,33.58065319928442],[-86.78451630348182,33.5807496704956],[-86.78466248492396,33.58085830425907],[-86.78479526816302,33.580978084507116],[-86.78491341119467,33.581107890912996],[-86.78501580892996,33.581246509368206],[-86.78510150353324,33.58139264333732],[-86.78516969338321,33.5815449259837],[-86.78521974057371,33.58170193295294],[-86.78525117688368,33.58186219569461],[-86.78526370816058,33.58202421519767],[-86.78525721707588,33.582186476010946],[-86.78523176422685,33.58234746041781],[-86.78451184572296,33.585647471582035]]]},"properties":{"fire_id":"F4684","date":"2026-09-26","area_ha":25.8,"cumulative_ha":25.8,"frp_sum":2.9,"n_detections":3,"first_seen":"2026-09-26","last_seen":"2026-09-26","centroid":[-86.78281,33.58369],"history":[{"date":"2026-09-26","area_ha":25.8}],"track":[[-86.78281441057,33.583685171346126]],"growth_24h_ha":null,"speed_km_day":null,"bearing_deg":null,"direction":null}},{"type":"Feature","geometry":{"type":"Polygon","coordinates":[[[-89.86093344697107,33.606439158355876],[-89.86432273195803,33.60667746123483],[-89.86452421521784,33.60670003746798],[-89.8647219611866,33.60673909260747],[-89.86491399496485,33.60679423660632],[-89.86509839869045,33.60686491873591],[-89.86527333068942,33.60695043308517],[-89.86543704386658,33.607049925609694],[-89.86558790315247,33.60716240265978],[-89.8657244018322,33.60728674090288],[-89.86584517659351,33.60742169854116],[-89.86594902114354,33.60756592771225],[-89.86603489825839,33.607717987949364],[-89.86610195014497,33.60787636056637],[-89.8661495070117,33.6080394638247],[-89.86617709376215,33.60820566872971],[-89.86618443474478,33.6083733152998],[-89.86617145651101,33.608540729145105],[-89.86613828855396,33.60870623819059],[-89.86608526202023,33.60886818937644],[-89.8660129064075,33.60902496516868],[-89.86592194428047,33.60917499971561],[-89.8658132840581,33.60931679448822],[-89.8656880109437,33.609448933248395],[-89.86554737608851,33.60957009619561],[-89.86539278409701,33.6096790731504],[-89.86522577899832,33.609774775643146],[-89.86234574696768,33.61125479964936],[-89.86215770262646,33.61134041191024],[-89.8619597665696,33.61140919426697],[-89.86175414438853,33.61146038027808],[-89.86154312733717,33.61149339957699],[-89.86132906679623,33.611507884228494],[-89.85965903108578,33.61154788499259],[-89.85946039407555,33.61154463576285],[-89.85926308818173,33.61152541989257],[-89.85906899467679,33.611490420600205],[-89.8588799641979,33.6114399715947],[-89.85869779909841,33.61137455389336],[-89.8585242362601,33.61129479123449],[-89.85836093053027,33.61120144412954],[-89.85820943894163,33.61109540261055],[-89.8580712058656,33.61097767774306],[-89.85794754924073,33.61084939198456],[-89.85783964800721,33.61071176848109],[-89.85774853086778,33.61056611940388],[-89.85767506648162,33.61041383343737],[-89.85657512391329,33.60776381703152],[-89.85652036927753,33.60760757297745],[-89.85648419994723,33.60744769044557],[-89.85646695537442,33.6072856704496],[-89.8564687973368,33.60712303406194],[-89.85648970842347,33.606961308133336],[-89.85652949220274,33.60680201095863],[-89.8565877750706,33.606646638023214],[-89.85666400976221,33.606496647963844],[-89.85675748049344,33.60635344887556],[-89.85686730968376,33.60621838509366],[-89.85699246619757,33.60609272457419],[-89.85713177502628,33.605977646991704],[-89.85728392832036,33.60587423266597],[-89.85744749766751,33.60578345242132],[-89.85762094750208,33.605706158474156],[-89.85780264951933,33.60564307643367],[-89.85799089795985,33.60559479849113],[-89.85818392562025,33.6055617778614],[-89.85837992044037,33.60554432452915],[-89.85857704251099,33.60554260233923],[-89.85877344134273,33.605556627458846],[-89.85896727323447,33.60558626822588],[-89.85915671857767,33.60563124638451],[-89.85933999893501,33.60569113969714],[-89.85951539373296,33.60576538590738],[-89.86093344697107,33.606439158355876]]]},"properties":{"fire_id":"F4685","date":"2026-09-26","area_ha":42.7,"cumulative_ha":42.7,"frp_sum":4.9,"n_detections":5,"first_seen":"2026-09-26","last_seen":"2026-09-26","centroid":[-89.86098,33.60857],"history":[{"date":"2026-09-26","area_ha":42.7}],"track":[[-89.86098367698553,33.60856954500828]],"growth_24h_ha":null,"speed_km_day":null,"bearing_deg":null,"direction":null}},{"type":"Feature","geometry":{"type":"Polygon","coordinates":[[[-82.3822890112853,34.54469487596087],[-82.38227620463842,34.544858354049964],[-82.38224386547677,34.545020034311875],[-82.38219230238109,34.54517837338721],[-82.38212200744715,34.54533185980222],[-82.38203365159252,34.545479028397615],[-82.38192807815571,34.54561847431564],[-82.38180629484896,34.54574886641181],[-82.381669464141,34.54586895996308],[-82.38151889216188,34.54597760855124],[-82.38135601623537,34.54607377500798],[-82.38118239115819,34.546156541317195],[-82.38099967435704,34.5462251173796],[-82.38080961006501,34.54627884855631],[-82.38061401266869,34.54631722191921],[-82.38041474938483,34.54633987114819],[-82.38021372243243,34.54634658002878],[-82.38001285087023,34.54633728451653],[-82.37981405227323,34.54631207334843],[-82.37961922442359,34.54627118719579],[-82.37943022719037,34.54621501636621],[-82.37924886477188,34.54614409707706],[-82.37907686846974,34.54605910633577],[-82.37891588015943,34.545960855475975],[-82.37688586956112,34.54459083461403],[-82.3767338077324,34.54447727432002],[-82.37659646776176,34.54435189359993],[-82.3764752285851,34.544215951378526],[-82.37637130745335,34.54407081262042],[-82.37628574771247,34.54391793462318],[-82.37621940833034,34.543758852384],[-82.37617295527599,34.543595163185934],[-82.37614685483719,34.54342851055936],[-82.37614136894358,34.54326056777941],[-82.376156552542,34.54309302106499],[-82.3761922530501,34.542927552648464],[-82.37624811189373,34.5427658238855],[-82.37632356811216,34.54260945857507],[-82.37641786399493,34.54246002665688],[-82.3765300526936,34.54231902844991],[-82.37665900773156,34.54218787959012],[-82.37874901592971,34.54026790477587],[-82.37888891147725,34.540151329341796],[-82.37904204678557,34.540046364825066],[-82.37920697473562,34.53995400310322],[-82.37938213678999,34.53987511695886],[-82.37956587771941,34.53981045183333],[-82.37975646124254,34.539760618783646],[-82.37995208643058,34.53972608870934],[-82.38015090472256,34.53970718790327],[-82.38035103739014,34.539704094969],[-82.38055059328728,34.539716839133256],[-82.38074768671699,34.53974529996984],[-82.38094045524683,34.5397892085374],[-82.3811270773047,34.53984814992033],[-82.38130578938883,34.5399215671489],[-82.38147490272965,34.54000876646153],[-82.38163281924601,34.54010892385941],[-82.38177804664518,34.5402210928919],[-82.38190921252404,34.54034421359878],[-82.3820250773381,34.54047712252538],[-82.38212454611596,34.54061856371555],[-82.3822066788084,34.54076720057885],[-82.38227069917424,34.54092162852007],[-82.38231600211896,34.541080388211356],[-82.38234215941648,34.54124197938204],[-82.38234892376019,34.54140487499549],[-82.3822890112853,34.54469487596087]]]},"properties":{"fire_id":"F4686","date":"2026-09-26","area_ha":31.2,"cumulative_ha":31.2,"frp_sum":3.0,"n_detections":3,"first_seen":"2026-09-26","last_seen":"2026-09-26","centroid":[-82.37967,34.54306],"history":[{"date":"2026-09-26","area_ha":31.2}],"track":[[-82.37967387986565,34.5430633036201]],"growth_24h_ha":null,"speed_km_day":null,"bearing_deg":null,"direction":null}},{"type":"Feature","geometry":{"type":"Polygon","coordinates":[[[-87.0942166148698,34.64452384409146],[-87.08874694439916,34.65032947102312],[-87.0886159187952,34.65045521057639],[-87.0884703407003,34.650569883764476],[-87.08831161685434,34.65067238244156],[-87.08814128105065,34.65076171610656],[-87.0879609793137,34.65083702147617],[-87.0877724539914,34.6508975708286],[-87.0875775269157,34.65094277903702],[-87.0873780817945,34.65097220922506],[-87.0871760460051,34.65098557698921],[-87.08697337196506,34.65098275314779],[-87.08677201826106,34.65096376498946],[-87.08657393071789,34.650928796009545],[-87.0863810235911,34.65087818413644],[-87.0861951610648,34.650812418465364],[-87.08601813923389,34.650732134531246],[-87.085851668745,34.65063810816607],[-87.08569735826359,34.65053124800037],[-87.08555669892766,34.650412586681355],[-87.085431049938,34.650283270892594],[-87.08532162542409,34.650144550271584],[-87.08522948271313,34.64999776533267],[-87.08515551211504,34.64984433451179],[-87.08510042832205,34.649685740458644],[-87.08506476350625,34.64952351570833],[-87.08504886218128,34.64935922787139],[-87.0850528778779,34.649194464485234],[-87.08507677166519,34.64903081767328],[-87.0864221553229,34.6425542632934],[-87.08383560379004,34.64019319274363],[-87.08101617282168,34.63962765919993],[-87.08082055887479,34.63957994837486],[-87.08063170982462,34.639516735527785],[-87.0804514786644,34.63943864090848],[-87.08028163381286,34.63934643078594],[-87.08012384176023,34.6392410099286],[-87.07997965071567,34.639123412725375],[-87.0798504754158,34.63899479303492],[-87.07973758324401,34.6388564128625],[-87.07964208179656,34.63870962997599],[-87.0795649080172,34.63855588458232],[-87.07950681900724,34.638396685195225],[-87.07946838460086,34.638233593833085],[-87.07944998177831,34.63806821069214],[-87.07945179097206,34.637902158445286],[-87.0794737943013,34.63773706632089],[-87.07951577575255,34.63757455411749],[-87.07957732330404,34.637416216311614],[-87.07965783297291,34.63726360641409],[-87.0797565147454,34.63711822172896],[-87.0798724003316,34.63698148866381],[-87.08000435266854,34.63685474873629],[-87.08015107707844,34.6367392454133],[-87.08031113397226,34.63663611191281],[-87.08048295297414,34.636546360086776],[-87.08307292033616,34.63533638090779],[-87.08323623164357,34.635267767415655],[-87.0834064094042,34.63521125528868],[-87.08358210079236,34.63516729376702],[-87.0837619091603,34.63513623231984],[-87.08805181989155,34.63455624367379],[-87.08824685869767,34.63453758124064],[-87.08844319626246,34.63453409377205],[-87.08863905116365,34.63454581291086],[-87.0888326463574,34.63457263232565],[-87.08902222529885,34.634614308675324],[-87.08920606787682,34.63467046381652],[-87.08938250601817,34.634740588234195],[-87.0895499388206,34.63482404566374],[-87.08970684707627,34.634920078863225],[-87.08985180705513,34.635027816483046],[-87.08998350342236,34.635146280970915],[-87.09010074117325,34.63527439744056],[-87.09020245647679,34.635411003423414],[-87.09028772633,34.63555485941531],[-87.09035577693507,34.635704660122066],[-87.0904059907232,34.63585904630245],[-87.0911251337123,34.638590318626214],[-87.09313898260072,34.63828241835979],[-87.09333280978734,34.63826046641957],[-87.09352832338955,34.63825355613926],[-87.09372376200551,34.63826174977463],[-87.09391736490882,34.638284973507965],[-87.094107387908,34.63832301811308],[-87.09429211905716,34.638375540839824],[-87.09446989407648,34.63844206850156],[-87.09463911134364,34.63852200173738],[-87.09479824632118,34.63861462041103],[-87.09494586529019,34.638719090097815],[-87.09508063826623,34.638834469601036],[-87.09520135098153,34.63895971943032],[-87.09530691582545,34.63909371116556],[-87.09539638164433,34.6392352376223],[-87.09546894231298,34.63938302372646],[-87.09650899674538,34.64183300786019],[-87.0965646891351,34.64198803647782],[-87.09660177611921,34.64214670305582],[-87.09661991337914,34.642307535012726],[-87.09661893246395,34.642469039661734],[-87.09659884235813,34.64262971806422],[-87.09655982940261,34.64278807894152],[-87.0965022555696,34.642942652515934],[-87.09642665510731,34.643092004152514],[-87.09633372958506,34.6432347476749],[-87.09622434138524,34.64336955823177],[-87.09609950570187,34.64349518459419],[-87.0959603811203,34.64361046076991],[-87.09580825886519,34.64371431682659],[-87.09564455081659,34.643805788823755],[-87.0942166148698,34.64452384409146]]]},"properties":{"fire_id":"F0253","date":"2026-09-26","area_ha":144.9,"cumulative_ha":232.0,"frp_sum":25.1,"n_detections":13,"first_seen":"2026-08-24","last_seen":"2026-09-26","centroid":[-87.0885,34.64164],"history":[{"date":"2026-08-24","area_ha":62.1},{"date":"2026-08-25","area_ha":75.6},{"date":"2026-08-26","area_ha":98.9},{"date":"2026-08-28","area_ha":56.7},{"date":"2026-08-29","area_ha":38.3},{"date":"2026-08-30","area_ha":82.0},{"date":"2026-08-31","area_ha":60.4},{"date":"2026-09-01","area_ha":102.5},{"date":"2026-09-02","area_ha":50.5},{"date":"2026-09-03","area_ha":105.5},{"date":"2026-09-05","area_ha":95.1},{"date":"2026-09-06","area_ha":51.1},{"date":"2026-09-07","area_ha":67.8},{"date":"2026-09-09","area_ha":57.2},{"date":"2026-09-10","area_ha":90.0},{"date":"2026-09-11","area_ha":104.2},{"date":"2026-09-13","area_ha":68.5},{"date":"2026-09-14","area_ha":127.6},{"date":"2026-09-15","area_ha":73.6},{"date":"2026-09-16","area_ha":31.7},{"date":"2026-09-17","area_ha":23.5},{"date":"2026-09-18","area_ha":66.1},{"date":"2026-09-19","area_ha":114.3},{"date":"2026-09-20","area_ha":61.8},{"date":"2026-09-21","area_ha":42.9},{"date":"2026-09-22","area_ha":59.8},{"date":"2026-09-23","area_ha":87.5},{"date":"2026-09-25","area_ha":47.7},{"date":"2026-09-26","area_ha":144.9}],"track":[[-87.08634197257808,34.6389631926558],[-87.08620335378885,34.63988398667481],[-87.08769289334147,34.64122973547511],[-87.09192167633671,34.64022814364157],[-87.08803461597122,34.64002267542736],[-87.08650448969318,34.641872880571775],[-87.08569294318043,34.64118619519934],[-87.08829958238401,34.63921765167289],[-87.09311898260046,34.640250668196956],[-87.08588160211701,34.64110573543008],[-87.0883511637861,34.64005937955729],[-87.084583209352,34.63873831543184],[-87.08714553454922,34.64020783618046],[-87.08813239997748,34.6387001783005],[-87.08609689365196,34.64139964949056],[-87.08732850041707,34.63946370059218],[-87.08836417629531,34.64026569948476],[-87.08585991150773,34.64234173174502],[-87.08664071499277,34.64005711023638],[-87.08833503934268,34.64083721291341],[-87.08427350833651,34.63976459290831],[-87.08658955880642,34.63939732410469],[-87.08682648020043,34.64159615313676],[-87.08631333229638,34.64277573510556],[-87.0856973744496,34.64026238863964],[-87.08474645832422,34.63967974209244],[-87.08900361564997,34.64000458717711],[-87.08757286278896,34.639033067752734],[-87.08849737138164,34.6416444434335]],"growth_24h_ha":97.19,"speed_km_day":0.3,"bearing_deg":338.57,"direction":"NNW"}},{"type":"Feature","geometry":{"type":"Polygon","coordinates":[[[-90.18464152540835,34.71396785592028],[-90.18462236603553,34.714130716603215],[-90.18458375289288,34.71429128458819],[-90.1845260536563,34.714448030443734],[-90.18444981780844,34.714599461136075],[-90.18435577140893,34.71474413425162],[-90.18424481018192,34.714880671737],[-90.184117990987,34.715007773026585],[-90.18397652175447,34.715124227432085],[-90.18382174998068,34.71522892567598],[-90.18365514989323,34.71532087045931],[-90.18347830840803,34.71539918596259],[-90.18329291001213,34.71546312618974],[-90.18310072071638,34.715512082075115],[-90.1829035712309,34.71554558728624],[-90.18270333952351,34.71556332266654],[-90.18250193292789,34.715565119276114],[-90.18230126997135,34.715550960001146],[-90.18210326209628,34.71552097971712],[-90.1807032341831,34.71525097448887],[-90.18051239289811,34.715206186666016],[-90.18032773724569,34.71514670285219],[-90.18015097811215,34.71507307418409],[-90.17998375320681,34.714985982853364],[-90.17982761188637,34.7148862357849],[-90.17968400079847,34.71477475715951],[-90.17955425047789,34.71465257984975],[-90.17943956301905,34.714520835849044],[-90.17934100093956,34.71438074578234],[-90.17925947733772,34.714233607595624],[-90.17919574743495,34.71408078452946],[-90.17915040158181,34.71392369248732],[-90.17912385979204,34.71376378691682],[-90.17911636785513,34.71360254932428],[-90.17912799506341,34.71344147354864],[-90.17915863357443,34.71328205192098],[-90.17920799941453,34.71312576143876],[-90.17927563511398,34.71297405008206],[-90.17936091394921,34.7128283233992],[-90.18091095342987,34.71047834548483],[-90.18101717674514,34.71033498014539],[-90.18114046561944,34.710200931124355],[-90.18127959159297,34.710077534007894],[-90.1814331684349,34.7099660182471],[-90.18159966595576,34.7098674949102],[-90.18177742525332,34.70978294561389],[-90.18196467523997,34.70971321274471],[-90.18215955028674,34.70965899106743],[-90.18236010880864,34.709620820804005],[-90.1825643526059,34.709599082252126],[-90.18277024676888,34.70959399199699],[-90.18297573994835,34.70960560075371],[-90.18317878478932,34.709633792862164],[-90.18337735832523,34.709678287439104],[-90.18356948212929,34.70973864117623],[-90.18375324202255,34.70981425275605],[-90.18392680714243,34.709904368842146],[-90.1840884481819,34.71000809158352],[-90.18423655461758,34.71012438755879],[-90.18436965075554,34.71025209807112],[-90.18448641043452,34.71038995069121],[-90.18458567024031,34.71053657193347],[-90.18466644109978,34.71069050093944],[-90.18472791813846,34.71085020403159],[-90.18476948870389,34.71101408999328],[-90.18479073847429,34.71118052592203],[-90.18479145559152,34.711347853498715],[-90.18464152540835,34.71396785592028]]]},"properties":{"fire_id":"F4687","date":"2026-09-26","area_ha":26.5,"cumulative_ha":26.5,"frp_sum":3.1,"n_detections":3,"first_seen":"2026-09-26","last_seen":"2026-09-26","centroid":[-90.18223,34.71273],"history":[{"date":"2026-09-26","area_ha":26.5}],"track":[[-90.18222584888571,34.71272971813959]],"growth_24h_ha":null,"speed_km_day":null,"bearing_deg":null,"direction":null}},{"type":"Feature","geometry":{"type":"Polygon","coordinates":[[[-91.57006134620748,34.73722491383999],[-91.56998342366735,34.73925230783673],[-91.569967582057,34.73941372762271],[-91.56993263235981,34.73957315304709],[-91.56987890061114,34.73972909634467],[-91.56980688812968,34.7398801022374],[-91.5697172668428,34.740024761515954],[-91.56961087301971,34.74016172419137],[-91.56948869946997,34.74028971209458],[-91.56935188628059,34.74040753080563],[-91.56920171017802,34.74051408080158],[-91.56903957261399,34.74060836771889],[-91.56886698668663,34.74068951163442],[-91.5686855630189,34.74075675527841],[-91.5684969947261,34.7408094711027],[-91.56830304161282,34.74084716713832],[-91.56810551374706,34.74086949158747],[-91.5679062545647,34.74087623610726],[-91.56770712366237,34.740867337754466],[-91.56750997943925,34.740842879573],[-91.56731666175018,34.740803089818705],[-91.56712897473189,34.740748339828954],[-91.56427892738691,34.73978832216484],[-91.56410867950382,34.73972344203713],[-91.56394640992131,34.73964625086707],[-91.5637934653377,34.73955738928452],[-91.5616334512913,34.73817736768103],[-91.56147699552301,34.73806662495117],[-91.5613350256674,34.73794368518859],[-91.56120897678927,34.737809791155534],[-91.56110012299249,34.737666296341644],[-91.56100956454233,34.73751465128037],[-91.56093821674632,34.73735638888489],[-91.56088680070525,34.737193108951324],[-91.56085583602837,34.73702646198607],[-91.5608456355858,34.736858132521206],[-91.56085630235123,34.736689822085985],[-91.56132823396264,34.732934830896035],[-91.56138637514077,34.73095015208591],[-91.56140159124836,34.73078301214038],[-91.56143728324004,34.73061794140433],[-91.56149309421015,34.73045658992037],[-91.5615684661538,34.73030057054413],[-91.56166264554926,34.73015144282317],[-91.5617746908941,34.730010697409],[-91.56190348211966,34.72987974115796],[-91.56204773178959,34.72975988307006],[-91.56220599797022,34.72965232120594],[-91.56237669864447,34.72955813071307],[-91.56255812752481,34.729478253080444],[-91.56274847110751,34.72941348672912],[-91.5629458267976,34.729364479032974],[-91.56314822192363,34.729331719848695],[-91.56335363345227,34.72931553662051],[-91.56356000820568,34.72931609110765],[-91.5637652833801,34.72933337776768],[-91.56396740716035,34.729367223812105],[-91.56416435922479,34.72941729093301],[-91.56435417093566,34.729483078684055],[-91.56453494501335,34.729563929481934],[-91.56470487449809,34.72965903517801],[-91.56486226080956,34.7297674451352],[-91.56500553072416,34.72988807572849],[-91.56513325210022,34.73001972117517],[-91.56524414819388,34.730161065585854],[-91.56661846656579,34.7321226235228],[-91.56766104328355,34.73177764380462],[-91.56785122918811,34.731723343982225],[-91.56804703043524,34.731684368141224],[-91.56824657958454,34.73166108801145],[-91.56844797345721,34.73165372562555],[-91.56864929128406,34.73166235120173],[-91.56884861302096,34.73168688247423],[-91.56904403765766,34.73172708547763],[-91.56923370134493,34.731782576778116],[-91.5694157951678,34.73185282712959],[-91.5695885823954,34.73193716652068],[-91.5697504150428,34.73203479056382],[-91.56989974958726,34.73214476816599],[-91.57003516168903,34.73226605040774],[-91.57015535977617,34.732397480546034],[-91.57025919736404,34.73253780504553],[-91.57034568399185,34.732685685533106],[-91.57041399467184,34.73283971156154],[-91.57046347776111,34.73299841406124],[-91.57049366118054,34.73316027935086],[-91.5705042569217,34.733323763574056],[-91.57049516379841,34.733487307424284],[-91.57006134620748,34.73722491383999]]]},"properties":{"fire_id":"F4688","date":"2026-09-26","area_ha":83.7,"cumulative_ha":83.7,"frp_sum":8.1,"n_detections":8,"first_seen":"2026-09-26","last_seen":"2026-09-26","centroid":[-91.56563,34.7353],"history":[{"date":"2026-09-26","area_ha":83.7}],"track":[[-91.5656250500456,34.73529858181172]],"growth_24h_ha":null,"speed_km_day":null,"bearing_deg":null,"direction":null}},{"type":"Feature","geometry":{"type":"Polygon","coordinates":[[[-90.04022571652294,34.97841032719524],[-90.04040623814068,34.9783459611905],[-90.0405935084359,34.97829578742067],[-90.0407858281629,34.97826026114966],[-90.04098145226759,34.97823970473316],[-90.04117860571876,34.97823430469433],[-90.04137549961112,34.978244110031596],[-90.04157034739413,34.97826903177412],[-90.04176138107925,34.97830884378896],[-90.04194686727936,34.978363184832524],[-90.04212512293411,34.97843156182797],[-90.04229453057921,34.97851335433834],[-90.04245355302112,34.9786078201955],[-90.04260074728387,34.97871410223316],[-90.04273477770177,34.97883123606385],[-90.04285442803912,34.97895815882809],[-90.04295861252693,34.97909371883778],[-90.04448864849633,34.98131369710615],[-90.04458036081628,34.98146396493008],[-90.04465306753748,34.98162089404871],[-90.04470604139615,34.98178291499889],[-90.04473875246735,34.98194840738433],[-90.04475087346955,34.982115716080656],[-90.04474228304302,34.98228316778819],[-90.04471306696894,34.98244908776692],[-90.04466351731676,34.982611816586235],[-90.04459412952839,34.982769726721976],[-90.0445055974678,34.98292123883474],[-90.04439880648576,34.983064837566545],[-90.04427482456846,34.98319908669804],[-90.04413489165887,34.98332264351428],[-90.04398040725718,34.98343427223556],[-90.04381291642441,34.98353285637883],[-90.04363409432925,34.98361740992604],[-90.04344572949245,34.98368708718736],[-90.04324970589667,34.98374119126118],[-90.04304798414067,34.98377918100527],[-90.04284258182652,34.98380067645039],[-90.04263555337606,34.98380546260121],[-90.04242896947886,34.983793491587065],[-90.04222489637722,34.98376488314091],[-90.04042224060002,34.983436275199104],[-90.03704182131239,34.983146523629735],[-90.03683938168966,34.98312092038372],[-90.03664105960922,34.98307925444269],[-90.03644879648783,34.98302193368308],[-90.03626447441854,34.98294951922854],[-90.03608989774375,34.98286271995609],[-90.03592677539001,34.98276238555571],[-90.0357767041376,34.98264949821125],[-90.03564115298894,34.98252516298443],[-90.03552144878861,34.98239059699587],[-90.03541876323605,34.982247117509296],[-90.0353341014178,34.98209612903539],[-90.03526829197165,34.98193910958207],[-90.0352219789787,34.98177759618527],[-90.03519561566279,34.98161316986228],[-90.03518945995863,34.98144744013501],[-90.03520357199189,34.981282029274354],[-90.03523781349567,34.98111855642038],[-90.03529184916916,34.98095862173328],[-90.03536514996443,34.980803790730754],[-90.03545699826955,34.98065557896461],[-90.0355664949368,34.98051543718684],[-90.0356925680872,34.98038473715031],[-90.03583398360487,34.98026475818291],[-90.03598935721861,34.98015667466641],[-90.03615716805221,34.98006154454288],[-90.03633577351108,34.979980298960704],[-90.04022571652294,34.97841032719524]]]},"properties":{"fire_id":"F4405","date":"2026-09-26","area_ha":38.3,"cumulative_ha":39.0,"frp_sum":3.3,"n_detections":4,"first_seen":"2026-09-24","last_seen":"2026-09-26","centroid":[-90.0402,34.98124],"history":[{"date":"2026-09-24","area_ha":26.5},{"date":"2026-09-25","area_ha":27.0},{"date":"2026-09-26","area_ha":38.3}],"track":[[-90.04057399265,34.98125377762797],[-90.03961629075104,34.98157212567305],[-90.04019577683486,34.98123937271572]],"growth_24h_ha":11.27,"speed_km_day":0.06,"bearing_deg":231.05,"direction":"SW"}},{"type":"Feature","geometry":{"type":"Polygon","coordinates":[[[-79.36236312782849,35.02442689772121],[-79.36230433125068,35.024586873460734],[-79.3622261503103,35.02474132597429],[-79.36212936034627,35.02488872329702],[-79.36201492129067,35.02502760343431],[-79.36188396815056,35.025156588864064],[-79.3617377997526,35.02527440020162],[-79.36157786586162,35.02537986889096],[-79.3614057528012,35.02547194879714],[-79.36122316771882,35.02554972658414],[-79.36103192165137,35.02561243077556],[-79.36083391155968,35.02565943940825],[-79.36063110150965,35.02569028620236],[-79.36042550318743,35.02570466518733],[-79.36021915594158,35.02570243373732],[-79.36001410655082,35.02568361398623],[-79.3598123889178,35.02564839260802],[-79.35961600389076,35.02559711896478],[-79.3594268994135,35.02553030164087],[-79.35924695120046,35.02544860339721],[-79.35907794412891,35.02535283459654],[-79.35892155453307,35.025243945163936],[-79.35536154922978,35.022503905212005],[-79.3552203777621,35.02238394629853],[-79.35509453617108,35.022253303641264],[-79.35498525341742,35.02211325316796],[-79.3548935967209,35.02196516268162],[-79.35482046113987,35.0218104785005],[-79.35476656083316,35.021650711331695],[-79.354732422089,35.02148742151595],[-79.35471837818984,35.0213222037881],[-79.35472456616196,35.02115667170205],[-79.35475092544254,35.02099244187216],[-79.354797198476,35.0208311181852],[-79.35486293323433,35.020674276137115],[-79.35494748763622,35.02052344744712],[-79.35505003582176,35.02038010509979],[-79.35516957622129,35.02024564896119],[-79.35530494133948,35.020121392109026],[-79.35545480915887,35.02000854801073],[-79.35561771605161,35.01990821867437],[-79.35579207107317,35.01982138388818],[-79.3559761714984,35.01974889165347],[-79.35616821944843,35.019691449904755],[-79.35636633944598,35.01964961959722],[-79.35656859672766,35.01962380922975],[-79.35677301613495,35.019614270856216],[-79.35697760139902,35.019621097624594],[-79.35718035463171,35.01964422286736],[-79.36137026821511,35.020294210019436],[-79.36156216774248,35.02033172158756],[-79.36174878215849,35.020383834270795],[-79.36192841730161,35.020450074970256],[-79.36209944235907,35.02052984232623],[-79.36226030467012,35.02062241217667],[-79.36240954382038,35.02072694413042],[-79.36254580489936,35.02084248919558],[-79.36266785080096,35.02096799839369],[-79.36277457345524,35.02110233228178],[-79.36286500388952,35.02124427129573],[-79.36293832102722,35.02139252682102],[-79.36299385914494,35.021545752890766],[-79.36303111391942,35.021702558404534],[-79.3630497470099,35.02186151975701],[-79.36304958913377,35.02202119376237],[-79.36303064160761,35.02218013075636],[-79.36299307633948,35.02233688775773],[-79.36236312782849,35.02442689772121]]]},"properties":{"fire_id":"F4689","date":"2026-09-26","area_ha":35.8,"cumulative_ha":35.8,"frp_sum":2.1,"n_detections":3,"first_seen":"2026-09-26","last_seen":"2026-09-26","centroid":[-79.35915,35.02237],"history":[{"date":"2026-09-26","area_ha":35.8}],"track":[[-79.3591523402059,35.022368901501]],"growth_24h_ha":null,"speed_km_day":null,"bearing_deg":null,"direction":null}},{"type":"Feature","geometry":{"type":"Polygon","coordinates":[[[-90.1670464912142,35.04572746969955],[-90.16799225094127,35.04635287640991],[-90.16814418372603,35.046463912568726],[-90.16828182122353,35.04658652931107],[-90.16840381956087,35.04671952948421],[-90.168508987537,35.04686161455211],[-90.16859629825487,35.04701139727226],[-90.16866489915017,35.04716741523877],[-90.16871412031877,35.04732814515948],[-90.16874348106153,35.0474920177277],[-90.16875269458208,35.04765743294389],[-90.16874167079207,35.04782277573691],[-90.16871051719568,35.04798643173324],[-90.1686595378451,35.04814680301942],[-90.16858923037667,35.04830232374428],[-90.16850028115648,35.04845147540851],[-90.16839355858278,35.048592801692145],[-90.16827010461026,35.04872492267514],[-90.16813112457902,35.04884654831237],[-90.16797797544724,35.04895649103106],[-90.16781215254261,35.04905367732798],[-90.16763527496167,35.04913715825265],[-90.16744906975974,35.04920611867447],[-90.16725535508591,35.049259885243224],[-90.16705602242773,35.04929793296482],[-90.1668530181391,35.049319890328455],[-90.16664832443206,35.0493255429348],[-90.16644394001803,35.04931483558981],[-90.16624186058773,35.04928787284375],[-90.16258178621439,35.048647860241125],[-90.1623549439355,35.04859713681556],[-90.16213667708716,35.048525949254],[-90.16192980003547,35.048435215464515],[-90.1600697787294,35.047505199529674],[-90.15990493812251,35.04741360163213],[-90.15975178614858,35.04730958413616],[-90.15961174908834,35.04719411577115],[-90.1594861310638,35.04706827190565],[-90.15937610189349,35.04693322453131],[-90.15928268619912,35.04679023134669],[-90.15920675386549,35.04664062404312],[-90.15914901194193,35.04648579590176],[-90.15910999806108,35.04632718881709],[-90.15909007543571,35.046166279868096],[-90.1590894294805,35.04600456756203],[-90.15910806608969,35.045843557878825],[-90.15914581158671,35.04568475024643],[-90.159202314346,35.04552962357734],[-90.15927704807183,35.04537962249655],[-90.15936931670325,35.045236143889085],[-90.15947826089966,35.0451005238924],[-90.15960286604607,35.044974025454685],[-90.15974197170388,35.0448578265749],[-90.15989428241855,35.04475300933417],[-90.1600583797841,35.04466054982026],[-90.16023273565152,35.044581309039145],[-90.16426267671848,35.04295133840416],[-90.16445107015937,35.04288437171882],[-90.16464674854446,35.04283284087083],[-90.16484778271352,35.042797253893234],[-90.16505219071492,35.042777961630875],[-90.16525795734164,35.04277515428204],[-90.16546305399497,35.0427888595238],[-90.16566545867997,35.04281894223909],[-90.16586317593601,35.04286510584864],[-90.16605425650587,35.04292689523428],[-90.16623681654985,35.04300370122522],[-90.16640905621543,35.0430947666026],[-90.16656927737975,35.04319919356369],[-90.16671590038996,35.04331595257192],[-90.16684747963647,35.04344389250555],[-90.1669627178058,35.043581752005],[-90.16706047867203,35.043728171907205],[-90.16713979830142,35.0438817086444],[-90.1671998945589,35.044040848475085],[-90.1672401748232,35.04420402240716],[-90.16726024183397,35.044369621666235],[-90.1672598976133,35.04453601355628],[-90.16723914542287,35.04470155755675],[-90.1670464912142,35.04572746969955]]]},"properties":{"fire_id":"F4690","date":"2026-09-26","area_ha":43.6,"cumulative_ha":43.6,"frp_sum":9.1,"n_detections":5,"first_seen":"2026-09-26","last_seen":"2026-09-26","centroid":[-90.16414,35.04622],"history":[{"date":"2026-09-26","area_ha":43.6}],"track":[[-90.16414340168473,35.04622469315811]],"growth_24h_ha":null,"speed_km_day":null,"bearing_deg":null,"direction":null}},{"type":"Feature","geometry":{"type":"Polygon","coordinates":[[[-92.5039214071715,35.11364131161292],[-92.50401801655809,35.11378817307206],[-92.50409612707226,35.11394204643843],[-92.50415496919295,35.114101416018485],[-92.50419396318576,35.114264711970684],[-92.50421272481795,35.11443032576804],[-92.50421106914821,35.11459662604229],[-92.50418901235352,35.114761974653305],[-92.50414677157492,35.11492474282553],[-92.50408476278375,35.11508332719267],[-92.50400359668882,35.11523616559249],[-92.50390407272485,35.115381752455875],[-92.50378717118137,35.1155186536389],[-92.50365404354898,35.11564552055154],[-92.50350600117858,35.11576110344366],[-92.50334450236471,35.115864263717604],[-92.50317113798046,35.115953985145964],[-92.50298761580541,35.116029383883706],[-92.50279574370097,35.11608971717633],[-92.50259741179903,35.116134390677814],[-92.50018736310535,35.116574399345666],[-92.4999860222812,35.11660281866916],[-92.49978219617574,35.11661509724961],[-92.49957786338688,35.11661111589591],[-92.49937500743198,35.116590913256],[-92.49917559748961,35.11655468544171],[-92.49898156928043,35.11650278412471],[-92.49879480627341,35.11643571312206],[-92.49861712139955,35.116354123504856],[-92.49845023945102,35.11625880727698],[-92.49829578033668,35.11615068968592],[-92.49815524335645,35.11603082023979],[-92.49802999264752,35.1159003625184],[-92.49792124394324,35.115760582876824],[-92.49783005277382,35.115612838151584],[-92.49775730422274,35.11545856248854],[-92.49770370433865,35.1152992534207],[-92.49766977328564,35.11513645733096],[-92.49765584029855,35.11497175444077],[-92.49766204049195,35.11480674347114],[-92.49768831355361,35.11464302612391],[-92.49773440433485,35.114482191534776],[-92.49779986533213,35.11432580084863],[-92.49788406103521,35.11417537206678],[-92.49798617409988,35.114032365313484],[-92.49940619774641,35.11225238478455],[-92.49952286157743,35.112120602648545],[-92.49965473521264,35.11199853671701],[-92.49980058588646,35.11188732801176],[-92.49995905020005,35.11178801606137],[-92.50012864686617,35.111701529185524],[-92.50030779055508,35.11162867581851],[-92.50049480671204,35.11157013695383],[-92.50068794720839,35.11152645977947],[-92.50088540667953,35.1114980525641],[-92.5010853393975,35.111485180841356],[-92.5012858765206,35.11148796492832],[-92.50148514355854,35.11150637880106],[-92.50168127789071,35.111540250337754],[-92.50187244617335,35.111589262927446],[-92.50205686147343,35.11165295842886],[-92.50223279996911,35.11173074145226],[-92.50239861706075,35.11182188492368],[-92.50255276274217,35.1119255368804],[-92.50269379608834,35.11204072843329],[-92.50282039872423,35.11216638282233],[-92.50293138714896,35.11230132548039],[-92.5039214071715,35.11364131161292]]]},"properties":{"fire_id":"F4691","date":"2026-09-26","area_ha":24.8,"cumulative_ha":24.8,"frp_sum":3.3,"n_detections":3,"first_seen":"2026-09-26","last_seen":"2026-09-26","centroid":[-92.50094,35.11423],"history":[{"date":"2026-09-26","area_ha":24.8}],"track":[[-92.5009354676687,35.11422651191012]],"growth_24h_ha":null,"speed_km_day":null,"bearing_deg":null,"direction":null}},{"type":"Feature","geometry":{"type":"Polygon","coordinates":[[[-89.9458554731051,35.60770713854926],[-89.95005193180555,35.608149387398804],[-89.95025559087965,35.608179148937914],[-89.9504545752745,35.60822494114544],[-89.95064692912018,35.60828631391826],[-89.95083076170785,35.60836266400679],[-89.95100426607114,35.60845324094341],[-89.95116573674544,35.60855715441793],[-89.95131358653013,35.60867338302727],[-89.95144636208946,35.608800784313935],[-89.95156275823831,35.60893810599401],[-89.95166163077307,35.6090839982651],[-89.95174200772071,35.60923702707282],[-89.95180309889616,35.60939568820561],[-89.95184430367314,35.60955842207948],[-89.9518652168927,35.60972362906743],[-89.9518656328506,35.60988968522264],[-89.95184554732452,35.61005495824123],[-89.95180515762081,35.61021782350759],[-89.95174486064008,35.610376680064356],[-89.95166524898062,35.610529966350406],[-89.95156710511763,35.61067617555176],[-89.95145139371525,35.61081387041469],[-89.95131925214697,35.610941697375445],[-89.9511719793175,35.61105839986724],[-89.95101102289553,35.61116283067408],[-89.95083796508355,35.61125396320972],[-89.9506545070638,35.61133090161068],[-89.94719445271362,35.6126109255148],[-89.94700047208299,35.61267343943015],[-89.94679967037993,35.61272008158589],[-89.9465940604379,35.61275038444111],[-89.9463857032976,35.61276404423961],[-89.94617668754313,35.61276092405532],[-89.94596910836194,35.612741055165],[-89.9457650465383,35.61270463673477],[-89.9455665475915,35.61265203382331],[-89.94537560126774,35.61258377372174],[-89.9451941215917,35.612500540667234],[-89.94502392767782,35.61240316898309],[-89.94486672549378,35.61229263471416],[-89.94472409075907,35.61217004584157],[-89.94269410240352,35.61024002024732],[-89.94256892477453,35.610108302498666],[-89.94246057793066,35.60996731142431],[-89.94237012132133,35.6098184258011],[-89.94229843942769,35.60966310160034],[-89.94224623311663,35.60950285774852],[-89.94221401279097,35.60933926127266],[-89.94220209340281,35.60917391197563],[-89.94221059137863,35.60900842679134],[-89.9422394234858,35.60884442397261],[-89.94228830765184,35.608683507266846],[-89.9423567657275,35.608527250233585],[-89.94244412816727,35.60837718085788],[-89.94254954058079,35.60823476660943],[-89.94267197209105,35.60810140009407],[-89.94281022541776,35.607978385437185],[-89.94296294858687,35.60786692553278],[-89.94312864815193,35.607768110282535],[-89.9433057037977,35.6076829059396],[-89.94349238418364,35.60761214566169],[-89.94368686387193,35.6075565213655],[-89.9438872411749,35.607516576961935],[-89.94409155674742,35.60749270303857],[-89.94429781274242,35.60748513304101],[-89.94450399234272,35.60749394099074],[-89.94470807947792,35.60751904076126],[-89.9458554731051,35.60770713854926]]]},"properties":{"fire_id":"F1406","date":"2026-09-26","area_ha":36.6,"cumulative_ha":124.1,"frp_sum":6.1,"n_detections":4,"first_seen":"2026-08-31","last_seen":"2026-09-26","centroid":[-89.94691,35.60992],"history":[{"date":"2026-08-31","area_ha":46.2},{"date":"2026-09-02","area_ha":52.2},{"date":"2026-09-03","area_ha":57.5},{"date":"2026-09-04","area_ha":35.6},{"date":"2026-09-05","area_ha":34.5},{"date":"2026-09-08","area_ha":47.0},{"date":"2026-09-09","area_ha":42.0},{"date":"2026-09-10","area_ha":64.1},{"date":"2026-09-12","area_ha":44.0},{"date":"2026-09-13","area_ha":47.4},{"date":"2026-09-14","area_ha":72.7},{"date":"2026-09-15","area_ha":63.8},{"date":"2026-09-16","area_ha":91.7},{"date":"2026-09-17","area_ha":51.3},{"date":"2026-09-18","area_ha":43.6},{"date":"2026-09-19","area_ha":33.4},{"date":"2026-09-20","area_ha":58.7},{"date":"2026-09-22","area_ha":64.8},{"date":"2026-09-25","area_ha":34.9},{"date":"2026-09-26","area_ha":36.6}],"track":[[-89.94867646833087,35.612310457797676],[-89.94984707635986,35.61096309939348],[-89.94601121761737,35.609338390088766],[-89.94608557304555,35.60997756855477],[-89.94506958636993,35.60961021553228],[-89.94679771693781,35.610077289908546],[-89.94845212364457,35.609641949500975],[-89.94597150011211,35.61077908552802],[-89.94745848283121,35.610480418614394],[-89.9450873927064,35.60963402074891],[-89.94728693551444,35.61116047358128],[-89.94497000302002,35.6104770228093],[-89.94630041960751,35.61042447641383],[-89.94606508760263,35.61025279291256],[-89.94554982749192,35.6093995937056],[-89.94625086556086,35.60916591456604],[-89.94791944769305,35.611146983101015],[-89.94628591368767,35.6103051965643],[-89.94721353801793,35.6104601483659],[-89.94690714390445,35.60992439604195]],"growth_24h_ha":1.69,"speed_km_day":0.07,"bearing_deg":151.71,"direction":"SSE"}},{"type":"Feature","geometry":{"type":"Polygon","coordinates":[[[-89.9396476731386,35.64666872509672],[-89.93964692981817,35.64667282769751],[-89.93896702857286,35.650392838804805],[-89.93892728318644,35.65055443123614],[-89.93886793160746,35.65071211253354],[-89.93878954771708,35.65086435773205],[-89.93869288947441,35.6510096944319],[-89.93857889158988,35.65114671703935],[-89.93844865648832,35.65127410036178],[-89.93830344364943,35.651390612425445],[-89.93814465742831,35.651495126391715],[-89.93797383347392,35.65158663145664],[-89.9377926238768,35.65166424262829],[-89.93760278118978,35.65172720928734],[-89.93740614147623,35.65177492244784],[-89.93720460654984,35.651806920648],[-89.93700012557805,35.65182289441418],[-89.93679467622697,35.6518226892544],[-89.9365902455303,35.65180630715291],[-89.9311001288607,35.6511462937104],[-89.93090017203693,35.651114181583665],[-89.93070507347264,35.651066592960895],[-89.93051669229116,35.651003981321985],[-89.93033682359271,35.65092694330247],[-89.93016718134618,35.65083621300713],[-89.93000938205465,35.650732655013464],[-89.92986492935066,35.6506172561317],[-89.92973519966752,35.65049111600029],[-89.92962142912394,35.65035543660584],[-89.92952470174646,35.650211510828214],[-89.92944593914194,35.65006071011947],[-89.92938589171872,35.64990447143429],[-89.92934513153953,35.6497442835365],[-89.92932404687468,35.6495816728122],[-89.92932283850678,35.649418188724795],[-89.92934151782231,35.649255389050296],[-89.929379906708,35.6490948250339],[-89.92943763925271,35.64893802660917],[-89.92951416523869,35.64878648782049],[-89.92960875538827,35.64864165258791],[-89.92972050831655,35.64850490094993],[-89.92984835912291,35.64837753591512],[-89.92999108954017,35.64826077104787],[-89.9301473395438,35.64815571890676],[-89.93031562031132,35.648063380444995],[-89.93049432840778,35.647984635474785],[-89.9308412248855,35.647849012289996],[-89.92859071803355,35.645527877448394],[-89.92847210751532,35.64539218346089],[-89.92837080189013,35.64524775671655],[-89.92828779267735,35.645096010919666],[-89.9282238922885,35.644938431408114],[-89.92817972607878,35.644776560613344],[-89.92815572623029,35.644611982961756],[-89.92815212752643,35.64444630936539],[-89.9281689650589,35.6442811614537],[-89.92820607388943,35.644118155700866],[-89.92826309066926,35.64395888760393],[-89.9283394572006,35.64380491606659],[-89.92843442590456,35.643657748141514],[-89.92854706714239,35.64351882428065],[-89.9286762783179,35.64338950423734],[-89.92882079467171,35.643271053758916],[-89.92897920166216,35.6431646321992],[-89.92914994881089,35.64307128117271],[-89.92933136487832,35.64299191436104],[-89.92952167421987,35.642927308571636],[-89.92971901416341,35.64287809613582],[-89.92992145323757,35.64284475872096],[-89.93012701007292,35.64282762261694],[-89.93033367279101,35.642826855543206],[-89.93053941869181,35.642842465007504],[-89.93074223404673,35.64287429823234],[-89.93094013380427,35.64292204365014],[-89.93480602131694,35.64402459521394],[-89.93646360950711,35.64183190572585],[-89.93657792689918,35.64169613486783],[-89.93670823975303,35.641569967584296],[-89.93685330139091,35.641454610822656],[-89.93701172406395,35.64135116810929],[-89.93718199222822,35.64126062899443],[-89.93736247704241,35.64118385958719],[-89.93755145194844,35.64112159427161],[-89.93774710918593,35.64107442868259],[-89.93794757708307,35.64104281400891],[-89.93815093795787,35.641027052678],[-89.93835524645961,35.64102729546331],[-89.93855854817431,35.641043540042354],[-89.93875889831702,35.64107563101891],[-89.93895438033204,35.641123261409184],[-89.93914312422335,35.64118597557806],[-89.93932332444015,35.641263173596855],[-89.9394932571463,35.64135411698131],[-89.93965129670899,35.641457935754886],[-89.93979593124864,35.64157363676985],[-89.93992577710152,35.641700113206454],[-89.94003959205673,35.641836155159666],[-89.94013628724089,35.64198046121209],[-89.94021493753682,35.642131650882334],[-89.94027479043658,35.6422882778302],[-89.94031527324375,35.64244884369181],[-89.94033599855639,35.642611812412895],[-89.94033676797756,35.64277562494294],[-89.94031757401817,35.64293871414974],[-89.9396476731386,35.64666872509672]]]},"properties":{"fire_id":"F2678","date":"2026-09-26","area_ha":91.6,"cumulative_ha":154.8,"frp_sum":12.1,"n_detections":7,"first_seen":"2026-09-10","last_seen":"2026-09-26","centroid":[-89.93475,35.64671],"history":[{"date":"2026-09-10","area_ha":31.3},{"date":"2026-09-12","area_ha":99.5},{"date":"2026-09-13","area_ha":84.8},{"date":"2026-09-14","area_ha":56.1},{"date":"2026-09-15","area_ha":71.3},{"date":"2026-09-16","area_ha":41.7},{"date":"2026-09-17","area_ha":87.8},{"date":"2026-09-18","area_ha":74.8},{"date":"2026-09-19","area_ha":26.3},{"date":"2026-09-20","area_ha":45.4},{"date":"2026-09-21","area_ha":63.3},{"date":"2026-09-22","area_ha":66.9},{"date":"2026-09-25","area_ha":52.0},{"date":"2026-09-26","area_ha":91.6}],"track":[[-89.93524043818483,35.64856748299829],[-89.93517937930275,35.64694442804776],[-89.93569473037961,35.644745876826235],[-89.93558773348789,35.646095851362205],[-89.93514716259253,35.646370470983655],[-89.93501856420266,35.647331983297796],[-89.9371991657978,35.64517860075356],[-89.93342275373827,35.64562516998078],[-89.93407248884604,35.64827402803014],[-89.93619051036768,35.64645283333717],[-89.93211673221754,35.64732841097941],[-89.93715840872208,35.64709421816197],[-89.93459330245419,35.646676461885555],[-89.93475293806364,35.646707152111745]],"growth_24h_ha":39.7,"speed_km_day":0.01,"bearing_deg":279.83,"direction":"W"}},{"type":"Feature","geometry":{"type":"Polygon","coordinates":[[[-88.81461459739096,35.729081021641434],[-88.81457907727173,35.72924180845665],[-88.81452417310108,35.729399060934696],[-88.81445040669718,35.729551284185526],[-88.81435847920027,35.72969703112025],[-88.81424926441102,35.72983491620859],[-88.81412380048698,35.72996362865128],[-88.8139832800757,35.730081944842496],[-88.81382903897851,35.73018874000329],[-88.81366254345232,35.730282998875786],[-88.81348537627058,35.730363825376195],[-88.81329922167552,35.73043045111469],[-88.81310584936507,35.73048224270154],[-88.81290709766661,35.730518707769534],[-88.81270485605766,35.730539499655485],[-88.81250104720002,35.730544420696596],[-88.81229760865777,35.730533424109865],[-88.81209647447386,35.730506614436834],[-88.81189955677993,35.730464246549786],[-88.81170872761481,35.73040672322799],[-88.81152580112436,35.73033459132827],[-88.81135251631233,35.730248536584945],[-88.81119052050627,35.730149377089965],[-88.81104135369556,35.73003805551427],[-88.81090643389076,35.72991563014487],[-88.81078704364356,35.72978326482288],[-88.81068431785513,35.72964221787791],[-88.80837438121974,35.726082183976345],[-88.80828863057958,35.7259324470788],[-88.80822166446406,35.72577668767022],[-88.80817413071264,35.725616412858756],[-88.80814648912978,35.725453173433955],[-88.80813900704045,35.72528854886099],[-88.80815175670847,35.72512413199782],[-88.80818461464237,35.72496151368292],[-88.80823726279525,35.72480226734329],[-88.80830919164684,35.72464793377086],[-88.80839970513796,35.72450000621536],[-88.80850792740907,35.724359915937306],[-88.80863281127796,35.72422901836118],[-88.80877314837413,35.72410857996232],[-88.80892758083205,35.72399976601484],[-88.80909461442963,35.72390362931869],[-88.80927263304528,35.723821100014995],[-88.80945991429337,35.72375297658811],[-88.80965464618691,35.72369991814134],[-88.80985494466648,35.72366243802117],[-88.81005887182576,35.723640898851386],[-88.81026445465756,35.72363550902532],[-88.81046970413911,35.723646320689944],[-88.81067263447223,35.72367322924158],[-88.81087128229215,35.72371597433752],[-88.81106372565978,35.72377414241465],[-88.8112481026532,35.72384717068986],[-88.81142262937944,35.72393435260415],[-88.8115856172316,35.724034844657524],[-88.8117354892252,35.72414767456876],[-88.81427549217123,35.726257644325926],[-88.8144119311861,35.72638285863141],[-88.81453220270492,35.72651828566789],[-88.81463512236569,35.72666259192818],[-88.81471967664663,35.7268143564669],[-88.81478503284902,35.72697208489074],[-88.81483054730036,35.72713422407251],[-88.81485577169687,35.72729917744348],[-88.8148604575227,35.727465320714096],[-88.8148445585022,35.72763101786795],[-88.81461459739096,35.729081021641434]]]},"properties":{"fire_id":"F4537","date":"2026-09-26","area_ha":30.8,"cumulative_ha":42.9,"frp_sum":2.7,"n_detections":3,"first_seen":"2026-09-25","last_seen":"2026-09-26","centroid":[-88.81162,35.72704],"history":[{"date":"2026-09-25","area_ha":25.9},{"date":"2026-09-26","area_ha":30.8}],"track":[[-88.81072839442731,35.7287531147241],[-88.81161571255672,35.72704228292627]],"growth_24h_ha":4.87,"speed_km_day":0.21,"bearing_deg":198.22,"direction":"SSW"}},{"type":"Feature","geometry":{"type":"Polygon","coordinates":[[[-91.74737903509032,35.79256277810932],[-91.7473818668157,35.792557380201195],[-91.74747881326387,35.792413675455755],[-91.74759279210912,35.79227820889389],[-91.74772271944147,35.792152268666676],[-91.74786735971549,35.79203705233361],[-91.7480253375003,35.79193365547626],[-91.74819515055903,35.791843061281895],[-91.74837518413318,35.791766131195935],[-91.74856372629593,35.791703596731644],[-91.7487589842287,35.79165605251562],[-91.74895910126637,35.791623950634566],[-91.74916217454867,35.791607596337194],[-91.74936627311084,35.791607145132275],[-91.7495694562409,35.7916226013102],[-91.74976979192977,35.79165381790218],[-91.74996537523852,35.791700498077496],[-91.75015434640865,35.7917621979655],[-91.75033490854307,35.79183833087546],[-91.75050534468984,35.79192817287435],[-91.7506640341666,35.792030869669524],[-91.75080946797017,35.792145444730664],[-91.75094026312517,35.792270808574244],[-91.7510551758351,35.79240576912193],[-91.7511531133109,35.79254904303464],[-91.75123314416436,35.79269926791458],[-91.75129450726764,35.7928550152591],[-91.75133661899443,35.79301480404353],[-91.75135907877382,35.79317711480379],[-91.75161917129158,35.79655711050437],[-91.75162175556126,35.79672063248592],[-91.75160439179308,35.79688357640017],[-91.7515672454499,35.7970443883272],[-91.75151067065742,35.797201534669604],[-91.75143520683157,35.79735351677841],[-91.75134157353851,35.797498885245815],[-91.75123066363608,35.797636253728676],[-91.75110353476188,35.79776431217092],[-91.75096139924916,35.79788183929848],[-91.75080561256654,35.79798771426774],[-91.75063766039173,35.79808092735634],[-91.7504591444426,35.7981605895941],[-91.75027176720077,35.798225941242485],[-91.75007731567331,35.798276359041246],[-91.74987764434768,35.7983113621537],[-91.74967465750245,35.79833061675307],[-91.74947029104285,35.79833393920695],[-91.74926649403415,35.79832129782887],[-91.74473639664672,35.7978612883801],[-91.74452424858922,35.79783079122335],[-91.74431714576522,35.79778300066224],[-91.7441172844386,35.797718423502204],[-91.74392678406466,35.797637744564426],[-91.74374766481073,35.79754181942222],[-91.74358182613048,35.79743166532655],[-91.74343102661962,35.79730845041672],[-91.74194103275579,35.79595843191565],[-91.74181243005629,35.79582965074849],[-91.74170027551146,35.79569137786494],[-91.74160565571773,35.795544953016986],[-91.74152948735731,35.79539179493509],[-91.7414725083195,35.79523338758065],[-91.74143527055513,35.79507126576698],[-91.74141813473302,35.79490700028748],[-91.74142126675032,35.79474218269587],[-91.74144463613005,35.79457840988561],[-91.7418246850241,35.79272841609701],[-91.74186851850597,35.79256591535203],[-91.7419322728873,35.792407692537104],[-91.74201531977387,35.79225530687243],[-91.7421168406659,35.79211026004688],[-91.74223583502774,35.79197398142075],[-91.74237113015074,35.79184781394126],[-91.74252139271184,35.79173300091013],[-91.74268514191394,35.791630673733025],[-91.74286076407857,35.79154184077181],[-91.74304652854711,35.791467377409376],[-91.74324060473366,35.79140801742461],[-91.74344108016193,35.791364345762815],[-91.74364597930838,35.79133679277268],[-91.74385328306587,35.79132562996605],[-91.74406094863657,35.79133096734304],[-91.74426692965795,35.79135275230827],[-91.74446919636407,35.79139077018905],[-91.74466575558317,35.791444646350364],[-91.74485467037536,35.79151384988596],[-91.74737903509032,35.79256277810932]]]},"properties":{"fire_id":"F3519","date":"2026-09-26","area_ha":58.1,"cumulative_ha":87.3,"frp_sum":5.9,"n_detections":6,"first_seen":"2026-09-17","last_seen":"2026-09-26","centroid":[-91.74673,35.79484],"history":[{"date":"2026-09-17","area_ha":34.2},{"date":"2026-09-20","area_ha":56.9},{"date":"2026-09-22","area_ha":51.0},{"date":"2026-09-25","area_ha":32.9},{"date":"2026-09-26","area_ha":58.1}],"track":[[-91.74923041291757,35.79615502161097],[-91.74611771248932,35.7952845171809],[-91.74856269569203,35.79657508299506],[-91.74690680445802,35.794446622969765],[-91.74672980984428,35.79484083728283]],"growth_24h_ha":25.26,"speed_km_day":0.05,"bearing_deg":17.2,"direction":"NNE"}},{"type":"Feature","geometry":{"type":"Polygon","coordinates":[[[-89.78305772514125,35.892174723941224],[-89.78375350864974,35.89350389392685],[-89.78382378799964,35.893659268809934],[-89.78387456225634,35.89381942073146],[-89.78390533705154,35.89398279074858],[-89.78391581268744,35.89414778858352],[-89.78390588705922,35.89431280810317],[-89.78387565665393,35.894476242953544],[-89.78382541561642,35.89463650219658],[-89.78375565289106,35.89479202579751],[-89.78366704746658,35.894941299811485],[-89.78356046177076,35.895082871122064],[-89.7834369332784,35.89521536158785],[-89.78329766441475,35.895337481459286],[-89.78314401085217,35.89544804193542],[-89.78297746831413,35.895545966737956],[-89.78279965801475,35.89563030259],[-89.78261231087606,35.895700228497425],[-89.78241725067606,35.895755063742286],[-89.78221637629228,35.89579427451073],[-89.78201164321358,35.895817479090404],[-89.78180504450015,35.895824451587146],[-89.7815985913776,35.89581512412436],[-89.78139429365399,35.895789587503984],[-89.78119414015053,35.89574809032239],[-89.7798341143285,35.89540808357982],[-89.77963296527219,35.89534860709697],[-89.77944047811488,35.89527301679061],[-89.77925866882761,35.89518210434743],[-89.77908944152841,35.895076821925876],[-89.77893456853822,35.89495827218235],[-89.77879567181813,35.89482769672089],[-89.77867420598272,35.894686463087915],[-89.7785714430671,35.89453605044787],[-89.77848845920732,35.894378034089954],[-89.77842612337368,35.894214068928605],[-89.77781617262815,35.89225405910158],[-89.77777534881517,35.892087032036926],[-89.77775595430708,35.891917556821554],[-89.7777581892876,35.89174738397753],[-89.77778203052675,35.89157827122175],[-89.77782723162676,35.891411965310375],[-89.77898731603743,35.88799198389647],[-89.77905044663224,35.887836398501825],[-89.77913227205663,35.88768647649961],[-89.77923201156145,35.88754364819649],[-89.77934871350692,35.88740927621548],[-89.77948126444429,35.88728464249726],[-89.77962839974063,35.88717093607139],[-89.77978871564483,35.88706924171425],[-89.7799606826801,35.88698052960136],[-89.78014266023494,35.886905646053215],[-89.78033291221342,35.88684530546252],[-89.78052962359588,35.886800083480054],[-89.78073091775144,35.88677041152381],[-89.78093487433824,35.88675657266405],[-89.78113954761983,35.8867586989233],[-89.78134298502394,35.88677677001709],[-89.78154324576614,35.88681061354741],[-89.78173841936136,35.88685990664712],[-89.78192664384645,35.8869241790595],[-89.78210612354042,35.887002817623724],[-89.78227514617285,35.88709507212347],[-89.78243209921739,35.88720006244285],[-89.7825754852743,35.887316786961414],[-89.78270393635569,35.88744413210852],[-89.78281622693703,35.8875808829855],[-89.78429625819838,35.88959086181087],[-89.78439222886765,35.88973727702609],[-89.78446966750647,35.88989053861787],[-89.78452781957019,35.89004915346352],[-89.78456611839819,35.890211576278304],[-89.7845841907389,35.890376224669424],[-89.7845818603911,35.89054149455183],[-89.78455914992561,35.89070577577574],[-89.78451628047054,35.89086746781365],[-89.78445366956198,35.89102499535395],[-89.78437192708091,35.891176823649225],[-89.7842718493155,35.8913214734698],[-89.78415441120697,35.89145753551648],[-89.78402075685372,35.891583684152515],[-89.7838721883669,35.89169869032027],[-89.78371015318535,35.89180143351753],[-89.78305772514125,35.892174723941224]]]},"properties":{"fire_id":"F4538","date":"2026-09-26","area_ha":45.5,"cumulative_ha":65.3,"frp_sum":11.6,"n_detections":6,"first_seen":"2026-09-25","last_seen":"2026-09-26","centroid":[-89.7811,35.89139],"history":[{"date":"2026-09-25","area_ha":48.4},{"date":"2026-09-26","area_ha":45.5}],"track":[[-89.78117009545018,35.894396813861164],[-89.78110011340428,35.89138971610853]],"growth_24h_ha":-2.87,"speed_km_day":0.34,"bearing_deg":175.19,"direction":"S"}},{"type":"Feature","geometry":{"type":"Polygon","coordinates":[[[-89.71820886081083,35.9458087848011],[-89.71834325787992,35.94594302226467],[-89.7184597140785,35.946087550876754],[-89.7185570026331,35.94624084827144],[-89.71863409864962,35.94640129970951],[-89.71869018991275,35.94656721508563],[-89.71872468544642,35.94673684672987],[-89.71873722174419,35.946908407815734],[-89.71875728559435,35.94921840748276],[-89.71874833927072,35.949384944006134],[-89.71871869682262,35.94954994515027],[-89.71866865188372,35.949711775695455],[-89.71859870029196,35.949868831834],[-89.71850953518052,35.950019557065374],[-89.7184020401127,35.95016245762271],[-89.71827728032916,35.95029611727815],[-89.71813649219361,35.95041921137966],[-89.71798107094158,35.950530519980816],[-89.71781255685376,35.950628939932685],[-89.71763261999097,35.95071349581838],[-89.71744304364157,35.950783349621666],[-89.71724570664615,35.950837809033665],[-89.71704256477415,35.95087633431541],[-89.71683563133737,35.95089854364797],[-89.71662695723285,35.95090421691742],[-89.71641861061255,35.95089329789665],[-89.71621265638214,35.95086589480277],[-89.71601113573192,35.95082227922436],[-89.71581604590286,35.950762883429405],[-89.71562932038886,35.95068829608021],[-89.71545280977124,35.95059925639837],[-89.71528826337577,35.950496646837244],[-89.71513731193404,35.95038148433471],[-89.71500145142122,35.950254910233134],[-89.71488202823025,35.95011817896633],[-89.71151208954551,35.94581813148159],[-89.71142031851109,35.94568854696296],[-89.71134332589884,35.94555296692633],[-89.71128172019507,35.94541246302511],[-89.71123598825584,35.94526814582631],[-89.71120649146127,35.94512115603182],[-89.71101652722892,35.9438011528949],[-89.71101081521242,35.94375609597548],[-89.71057131429869,35.93974891081025],[-89.70902162472967,35.93879732760411],[-89.70886535630949,35.938691266502865],[-89.70872281106288,35.9385735237537],[-89.70859535244529,35.93844522562673],[-89.70848419958197,35.93830759935401],[-89.70839041560804,35.938161961389184],[-89.70831489750154,35.938009704813865],[-89.70825836750662,35.93785228601102],[-89.7082213662288,35.93769121073339],[-89.70820424746819,35.93752801969963],[-89.70820717483998,35.937364273856744],[-89.70823012021435,35.93720153944904],[-89.70827286399037,35.93704137303687],[-89.70833499720142,35.936885306608445],[-89.7086772574059,35.93615193243365],[-89.71091006111135,35.93103871542465],[-89.71098930934788,35.93088287761679],[-89.71108773518044,35.93073417480442],[-89.71120434540515,35.930594107368044],[-89.71133796336075,35.930464088551375],[-89.71148724080336,35.93034543020363],[-89.71165067151155,35.930239329544875],[-89.71182660648418,35.930146857088204],[-89.71201327057777,35.930068945840155],[-89.71220878041568,35.93000638188852],[-89.71241116338828,35.92995979647252],[-89.71261837755272,35.9299296596149],[-89.71282833223147,35.92991627538052],[-89.71303890910222,35.929919778809065],[-89.71324798356633,35.92994013455289],[-89.71345344618061,35.92997713723342],[-89.71365322393625,35.93003041351312],[-89.71384530117064,35.93009942586148],[-89.71402773990103,35.930183477977465],[-89.71419869937517,35.93028172181374],[-89.71435645464194,35.93039316613159],[-89.71449941395437,35.93051668650073],[-89.71586942235963,35.93182666902892],[-89.71598863262271,35.93195221736521],[-89.71609253817587,35.93208615734808],[-89.71618021898992,35.93222730311418],[-89.71625089867085,35.93237440499601],[-89.71630395133649,35.9325261605852],[-89.71633890716093,35.93268122626298],[-89.71635545653804,35.93283822909581],[-89.71635345282638,35.932995778990716],[-89.71633291365164,35.933152481002914],[-89.7162940207546,35.933306947686695],[-89.71623711838606,35.93345781138007],[-89.71539528936438,35.93536046597892],[-89.71556537677972,35.936642097459426],[-89.71626442063506,35.936667257757634],[-89.71646835205948,35.93668259331543],[-89.71666943698173,35.93671374247606],[-89.71686575689512,35.93676040805188],[-89.71705543874607,35.9368221448158],[-89.71723667280152,35.93689836374826],[-89.7174077299127,35.936988337656054],[-89.71756697801084,35.93709120810915],[-89.71771289767743,35.93720599362969],[-89.71784409664055,35.93733159905479],[-89.71795932305888,35.93746682598398],[-89.71805747746694,35.93761038421191],[-89.71813762326735,35.93776090403685],[-89.71819899566978,35.937916949328034],[-89.71824100899161,35.938077031226925],[-89.7182632622501,35.93823962235201],[-89.71826554299285,35.938403171371256],[-89.71824782932968,35.93856611780367],[-89.71821029014632,35.93872690690827],[-89.71815328349795,35.93888400451884],[-89.71602108063647,35.943839844622175],[-89.71820886081083,35.9458087848011]]]},"properties":{"fire_id":"F4508","date":"2026-09-26","area_ha":128.3,"cumulative_ha":135.2,"frp_sum":20.4,"n_detections":13,"first_seen":"2026-09-25","last_seen":"2026-09-26","centroid":[-89.71386,35.9401],"history":[{"date":"2026-09-25","area_ha":66.0},{"date":"2026-09-26","area_ha":128.3}],"track":[[-89.71302214349556,35.93953209246624],[-89.71385911158728,35.94010393744196]],"growth_24h_ha":62.28,"speed_km_day":0.1,"bearing_deg":306.76,"direction":"NW"}},{"type":"Feature","geometry":{"type":"Polygon","coordinates":[[[-79.71898892898061,36.40861015253777],[-79.7189289508407,36.40876904504261],[-79.71884944397183,36.40892244873158],[-79.71875118890675,36.40906885739111],[-79.71863515027601,36.40920683348112],[-79.71850246733993,36.40933502225098],[-79.71835444280487,36.40945216504274],[-79.71819253003385,36.40955711165129],[-79.7180183187768,36.40964883161938],[-79.71783351956073,36.40972642435713],[-79.71763994689307,36.40978912798615],[-79.71743950144305,36.40983632682166],[-79.71723415137646,36.40986755741901],[-79.71702591302692,36.40988251312497],[-79.71681683109378,36.40988104708929],[-79.71660895856122,36.409863173707016],[-79.71640433653587,36.40982906847704],[-79.71620497420133,36.40977906627852],[-79.71601282908622,36.40971365808217],[-79.71582978784011,36.40963348612852],[-79.71565764770595,36.40953933762068],[-79.71549809887117,36.4094321369936],[-79.71535270787092,36.409312936835676],[-79.71522290220636,36.40918290755203],[-79.71510995632896,36.409043325871075],[-79.71501497912875,36.40889556230706],[-79.71493890304903,36.40874106770203],[-79.71326899639534,36.40478104110571],[-79.71321268692127,36.4046217220452],[-79.71317647985322,36.404458771008194],[-79.71316072884528,36.404293780214886],[-79.71316558766773,36.40412836180635],[-79.7131910087098,36.40396413209181],[-79.71323674345008,36.40380269575567],[-79.71330234489,36.40364563017867],[-79.71338717192614,36.40349447002593],[-79.7134903956189,36.403350692252936],[-79.71361100729543,36.40321570167559],[-79.71374782840819,36.4030908172454],[-79.7138995220524,36.40297725916381],[-79.71406460602968,36.402876136961545],[-79.71424146733031,36.4027884386593],[-79.71442837789289,36.40271502111563],[-79.7146235114868,36.402656601656446],[-79.71482496155333,36.40261375106745],[-79.71503075983071,36.402586888018334],[-79.71523889558163,36.40257627497293],[-79.71544733523523,36.4025820156253],[-79.71828727285074,36.40277201161774],[-79.71848799394371,36.40279317297879],[-79.71868523406721,36.402829500744055],[-79.71887717681717,36.402880660367664],[-79.71906205456415,36.40294618071493],[-79.71923816472888,36.40302545840039],[-79.71940388545954,36.40311776334343],[-79.71955769056602,36.40322224549059],[-79.71969816357415,36.40333794264271],[-79.71982401077021,36.40346378931476],[-79.71993407311577,36.403598626546795],[-79.72002733692314,36.40374121257605],[-79.72010294319284,36.403890234271465],[-79.7201601955274,36.40404431922585],[-79.7201985665482,36.40420204839401],[-79.72021770275626,36.4043619691609],[-79.72021742779206,36.404522608718906],[-79.72019774406427,36.40468248763167],[-79.72015883273198,36.40484013345927],[-79.71898892898061,36.40861015253777]]]},"properties":{"fire_id":"F4692","date":"2026-09-26","area_ha":38.1,"cumulative_ha":38.1,"frp_sum":4.3,"n_detections":3,"first_seen":"2026-09-26","last_seen":"2026-09-26","centroid":[-79.71676,36.40584],"history":[{"date":"2026-09-26","area_ha":38.1}],"track":[[-79.71675924123468,36.405842791480225]],"growth_24h_ha":null,"speed_km_day":null,"bearing_deg":null,"direction":null}},{"type":"Feature","geometry":{"type":"Polygon","coordinates":[[[-77.44610766171512,37.177377239182206],[-77.44628341681668,37.17729861694245],[-77.44646787506473,37.177233423736055],[-77.44665937557278,37.17718224656504],[-77.44685619405763,37.177145546229525],[-77.44705655836225,37.177123653179386],[-77.44725866440945,37.17711676453942],[-77.4474606924426,37.17712494233486],[-77.44766082340733,37.17714811293296],[-77.44785725532707,37.17718606770584],[-77.4480482195247,37.17723846490862],[-77.44823199654502,37.17730483275595],[-77.44840693163427,37.177384573669116],[-77.44857144963744,37.177476969655835],[-77.44872406917992,37.177581188773836],[-77.45306406326829,37.18084113749445],[-77.45320822200732,37.18096061195182],[-77.45333673234806,37.181090621327286],[-77.45344835149228,37.181229908410046],[-77.45354199996366,37.18137712626537],[-77.45361677204922,37.181530851258266],[-77.45367194456115,37.18168959681946],[-77.45370698383444,37.181851827819834],[-77.45372155089208,37.18201597541493],[-77.4537155047282,37.18218045221593],[-77.45368890367686,37.18234366764027],[-77.45364200485312,37.18250404329348],[-77.45357526167173,37.18266002823375],[-77.453489319467,37.18281011397112],[-77.45338500925631,37.18295284905672],[-77.45326333970722,37.183086853120365],[-77.45312548738568,37.183210830221434],[-77.45297278537977,37.18332358138303],[-77.4528067104088,37.18342401618882],[-77.45262886854206,37.1835111633299],[-77.45244097966625,37.183584179999805],[-77.45224486085074,37.18364236004667],[-77.45204240877241,37.18368514080376],[-77.45183558136982,37.18371210853208],[-77.45162637890434,37.18372300242234],[-77.45141682461157,37.183717717117915],[-77.45120894513042,37.18369630373387],[-77.45100475089913,37.18365896936257],[-77.44658548167864,37.18266876707242],[-77.44229979274347,37.18303349890417],[-77.44208829053893,37.18304318489486],[-77.44187660770892,37.18303634834416],[-77.44166683469484,37.18301305676518],[-77.4414610430742,37.18297354016985],[-77.44126126509916,37.182918188796776],[-77.44106947362383,37.18284754925699],[-77.44088756261853,37.18276231913491],[-77.44071732846405,37.18266334009825],[-77.44056045221015,37.18255158958517],[-77.44041848297432,37.18242817115011],[-77.44029282264401,37.18229430356458],[-77.44018471203412,37.18215130878009],[-77.44009521863592,37.18200059887221],[-77.44002522607855,37.181843662095034],[-77.43997542540703,37.181682048183376],[-77.43994630826275,37.18151735304841],[-77.43993816203351,37.181351203017606],[-77.43995106702106,37.18118523877461],[-77.43998489565351,37.18102109915787],[-77.44003931375075,37.18086040497788],[-77.4401137838294,37.180704743012896],[-77.44020757041525,37.180555650340935],[-77.44031974730987,37.18041459916309],[-77.44044920674001,37.18028298226765],[-77.44059467029882,37.18016209927864],[-77.4407547015712,37.180053143824374],[-77.44092772031817,37.17995719175305],[-77.44610766171512,37.177377239182206]]]},"properties":{"fire_id":"F4693","date":"2026-09-26","area_ha":57.5,"cumulative_ha":57.5,"frp_sum":3.3,"n_detections":4,"first_seen":"2026-09-26","last_seen":"2026-09-26","centroid":[-77.44695,37.18077],"history":[{"date":"2026-09-26","area_ha":57.5}],"track":[[-77.44695414581506,37.18076924124877]],"growth_24h_ha":null,"speed_km_day":null,"bearing_deg":null,"direction":null}},{"type":"Feature","geometry":{"type":"Polygon","coordinates":[[[-95.75554925043879,29.068002495872513],[-95.75570518628088,29.06809294353447],[-95.7558504245758,29.068196274270676],[-95.75598359661063,29.06831151432189],[-95.75610344736522,29.068437577695526],[-95.75620884733944,29.06857327639873],[-95.75629880319839,29.068717331632744],[-95.75637246713512,29.06886838584296],[-95.75642914486258,29.069025015511627],[-95.7564683021593,29.06918574457201],[-95.75648956990734,29.069349058318142],[-95.75649274757437,29.069513417678984],[-95.7564778051075,29.0696772737224],[-95.75644488322045,29.0698390822524],[-95.75639429207145,29.069997318361786],[-95.75632650834402,29.07015049080371],[-95.75624217075806,29.070297156045807],[-95.75614207405353,29.07043593187526],[-95.75602716150303,29.070565510425784],[-95.75589851602419,29.070684670504537],[-95.75575734997497,29.070792289101924],[-95.75560499372871,29.070887351976378],[-95.7554428831359,29.070968963213964],[-95.75527254599136,29.071036353672984],[-95.75509558763416,29.071088888233422],[-95.75469558047341,29.07118888978149],[-95.75451571181527,29.07122574504321],[-95.75433265694497,29.071247248805633],[-95.75414810296496,29.07125320288424],[-95.75396375079659,29.071243552404617],[-95.75378129950089,29.071218386308207],[-95.75360243061657,29.071177936532596],[-95.75342879265958,29.071122575873527],[-95.75326198592744,29.07105281454864],[-95.75310354774817,29.070969295494624],[-95.7484135037959,29.06821925866466],[-95.74825957426215,29.068118907413254],[-95.74811774588301,29.06800557813093],[-95.74798942490577,29.06788039452376],[-95.74787588362821,29.067744597834018],[-95.74777824778424,29.067599534531738],[-95.7476974853835,29.067446642962814],[-95.74763439711565,29.06728743908629],[-95.7475896084144,29.067123501442335],[-95.74756356326,29.066956455500033],[-95.74755651978101,29.0667879575399],[-95.74756854769943,29.06661967823146],[-95.74759952764386,29.066453286068306],[-95.74764915233764,29.066290430825084],[-95.74771692964984,29.06613272720043],[-95.7478021874786,29.06598173880784],[-95.74790408041852,29.06583896267357],[-95.74802159814568,29.065705814394658],[-95.74815357543696,29.06558361410475],[-95.74829870372442,29.065473573386292],[-95.74845554407013,29.065376783259403],[-95.74862254143252,29.065294203365745],[-95.74879804008329,29.065226652455184],[-95.74898030002159,29.065174800269304],[-95.74916751422315,29.06513916090185],[-95.74935782655339,29.065120087702507],[-95.74954935016693,29.065117769774087],[-95.74974018621133,29.065132230097863],[-95.74992844264979,29.065163325305793],[-95.75011225301634,29.065210747101737],[-95.7502897949177,29.06527402531765],[-95.75045930809861,29.06535253257449],[-95.75554925043879,29.068002495872513]]]},"properties":{"fire_id":"F3916","date":"2026-09-26","area_ha":33.7,"cumulative_ha":57.8,"frp_sum":9.2,"n_detections":3,"first_seen":"2026-09-20","last_seen":"2026-09-26","centroid":[-95.75203,29.06821],"history":[{"date":"2026-09-20","area_ha":33.6},{"date":"2026-09-23","area_ha":39.7},{"date":"2026-09-24","area_ha":45.0},{"date":"2026-09-25","area_ha":29.9},{"date":"2026-09-26","area_ha":33.7}],"track":[[-95.75112245947871,29.067991588706843],[-95.75075935601043,29.06809522042356],[-95.7514815303408,29.06758754958214],[-95.75158644850296,29.067667184196893],[-95.75203090534035,29.068205083213545]],"growth_24h_ha":3.85,"speed_km_day":0.07,"bearing_deg":323.82,"direction":"NW"}},{"type":"Feature","geometry":{"type":"Polygon","coordinates":[[[-94.94282904134656,29.374038601016206],[-94.94301230102606,29.374099194366632],[-94.94318761294048,29.37417574772677],[-94.94335317292466,29.374267473274863],[-94.94350727715515,29.37437342704774],[-94.94364833968308,29.37449251865407],[-94.94377490875496,29.374623522494463],[-94.94388568175331,29.374765090373106],[-94.94397951860348,29.374915765371167],[-94.94405545350868,29.375073996839035],[-94.94411270489229,29.37523815635361],[-94.94415068344499,29.37540655447608],[-94.94416899819392,29.375577458137876],[-94.94416746053098,29.375749108476164],[-94.94401751219502,29.377989110612955],[-94.94399653885223,29.378157549751993],[-94.9439564472748,29.378323306096203],[-94.94389763937838,29.37848471748683],[-94.94382070477045,29.378640165327536],[-94.9437264148418,29.37878809081596],[-94.94361571503453,29.378927010576017],[-94.94348971536392,29.37905553153409],[-94.94334967928935,29.379172364889723],[-94.9431970110454,29.379276339040924],[-94.94303324156057,29.379366411334136],[-94.94286001310448,29.379441678521275],[-94.94267906281787,29.379501385818518],[-94.93697896384215,29.38110141063704],[-94.9367859656319,29.381146084679152],[-94.93658873525878,29.38117305888503],[-94.93638938075992,29.381182044952034],[-94.93619003287964,29.38117294683626],[-94.9359928222915,29.381145861779196],[-94.93257275729474,29.38051585173709],[-94.93238405667991,29.380472257190313],[-94.93220134150596,29.38041219403056],[-94.92100117208705,29.376152130385616],[-94.92081477152993,29.376070473680944],[-94.92063949914173,29.37597168699304],[-94.90981941393235,29.369121596576676],[-94.90966913476994,29.369016055294384],[-94.90953160010514,29.368897917317554],[-94.90940817833607,29.368768358096176],[-94.909300097422,29.368628666714798],[-94.9092084326668,29.36848023306529],[-94.90913409602176,29.3683245340166],[-94.9090778270148,29.368163118719405],[-94.90904018539585,29.36799759319167],[-94.90902154557133,29.367829604338795],[-94.9090220928834,29.36766082356719],[-94.90904182177039,29.367492930154246],[-94.90908053582667,29.36732759454062],[-94.90923054651246,29.366817596613302],[-94.90928739264417,29.366657579165317],[-94.90936202010819,29.366503275327158],[-94.90945369672887,29.366356198792953],[-94.90956152309577,29.366217792351964],[-94.90968444138929,29.366089413736123],[-94.90982124575942,29.365972322302177],[-94.90997059415606,29.365867666678756],[-94.91013102149438,29.36577647350004],[-94.91030095402627,29.365699637335954],[-94.91047872477715,29.36563791191778],[-94.91066258989633,29.365591902745393],[-94.91085074576102,29.36556206114832],[-94.91104134666607,29.365548679859064],[-94.91123252292621,29.36555189014189],[-94.91142239921335,29.365571660505413],[-94.91160911294902,29.36560779701143],[-94.91179083257201,29.365659945177175],[-94.91196577550198,29.365727593452007],[-94.91213222562303,29.36581007823488],[-94.91228855011573,29.365906590383165],[-94.91243321547294,29.366016183148943],[-94.91256480254188,29.366137781465138],[-94.91268202044552,29.366270192490447],[-94.91278371924628,29.366412117309565],[-94.91286890122805,29.366562163673944],[-94.91293437810414,29.366713424861896],[-94.92155924779695,29.371665498509344],[-94.93471875961188,29.371838111850938],[-94.93490828012112,29.371848772908187],[-94.93509568878254,29.371875700430422],[-94.93527917242416,29.37191863389216],[-94.94282904134656,29.374038601016206]]]},"properties":{"fire_id":"F2100","date":"2026-09-26","area_ha":232.0,"cumulative_ha":361.5,"frp_sum":21.2,"n_detections":10,"first_seen":"2026-09-05","last_seen":"2026-09-26","centroid":[-94.9286,29.37458],"history":[{"date":"2026-09-05","area_ha":222.3},{"date":"2026-09-07","area_ha":168.8},{"date":"2026-09-08","area_ha":200.5},{"date":"2026-09-11","area_ha":222.3},{"date":"2026-09-12","area_ha":148.7},{"date":"2026-09-14","area_ha":204.4},{"date":"2026-09-15","area_ha":138.8},{"date":"2026-09-16","area_ha":175.7},{"date":"2026-09-18","area_ha":187.6},{"date":"2026-09-19","area_ha":203.5},{"date":"2026-09-20","area_ha":226.6},{"date":"2026-09-21","area_ha":183.1},{"date":"2026-09-22","area_ha":248.1},{"date":"2026-09-23","area_ha":193.3},{"date":"2026-09-24","area_ha":67.3},{"date":"2026-09-25","area_ha":187.5},{"date":"2026-09-26","area_ha":232.0}],"track":[[-94.9244208442228,29.37419346300659],[-94.9240566840808,29.37312333698712],[-94.92319405083899,29.37267513178958],[-94.92755954808979,29.374199765982606],[-94.92391467719146,29.372532312288797],[-94.9271954367296,29.37404864303384],[-94.92582102639068,29.374121332880286],[-94.9246675266224,29.373453363155672],[-94.92312113104408,29.372962396246372],[-94.92559017737698,29.374200772235415],[-94.92435522223113,29.373366826768518],[-94.92559833540032,29.374699617900024],[-94.9263562353038,29.37480994711722],[-94.92133990992744,29.373201120008623],[-94.91350223028824,29.371439630968624],[-94.92503484325758,29.3736505585426],[-94.92860097612325,29.37457614595929]],"growth_24h_ha":44.48,"speed_km_day":0.36,"bearing_deg":285.85,"direction":"WNW"}},{"type":"Feature","geometry":{"type":"Polygon","coordinates":[[[-95.05249136036652,29.62116228184575],[-95.05486133710171,29.621292240794563],[-95.05505014913702,29.621310747779575],[-95.0552359757107,29.62134532348147],[-95.05541702807051,29.6213956350743],[-95.05559156341229,29.621461198257705],[-95.05575790165344,29.621541381918185],[-95.05591444160328,29.62163541420333],[-95.05605967637453,29.621742389950846],[-95.05619220788789,29.621861279400644],[-95.05631076032975,29.621990938106194],[-95.05641419243405,29.62213011795021],[-95.05650150846942,29.62227747915795],[-95.0565718678264,29.62243160319329],[-95.05662459311202,29.62259100641285],[-95.05665917667376,29.62275415434732],[-95.05667528549002,29.622919476472088],[-95.05667276438011,29.62308538132541],[-95.0566516375021,29.6232502718282],[-95.0566121081247,29.623412560658423],[-95.05655455667453,29.623570685531618],[-95.05647953707799,29.623723124240886],[-95.05638777143236,29.623868409311115],[-95.05628014305742,29.624005142126908],[-95.05615768799454,29.62413200639733],[-95.05602158503486,29.624247780828682],[-95.05587314437223,29.624351350882716],[-95.05571379499078,29.624441719507217],[-95.05554507090774,29.624518016735536],[-95.05321503674661,29.625448030643714],[-95.0530385039809,29.625509534407158],[-95.05285591692231,29.62555563070538],[-95.05266903439983,29.625585875503706],[-95.05247965662754,29.625599977460837],[-95.0522896078603,29.62559780073575],[-95.05210071881775,29.625579366296343],[-95.05191480904605,29.625544851717464],[-95.05173366938718,29.62549458947021],[-95.05155904472508,29.625429063718627],[-95.05139261717503,29.625348905655443],[-95.04945468541348,29.62430403039081],[-95.04587726307149,29.623428304120402],[-95.04569574694557,29.623375288486482],[-95.04552111076853,29.623306884257644],[-95.045355060565,29.6232237596766],[-95.04519921846858,29.623126726787756],[-95.04505510687372,29.62301673350344],[-95.04492413356252,29.622894854342476],[-95.04480757795214,29.622762279932285],[-95.04470657859702,29.622620305376447],[-95.04462212206785,29.62247031760193],[-95.04455503331629,29.62231378180936],[-95.0445059676189,29.622152227158814],[-95.04447540417947,29.621987231831074],[-95.04446364145169,29.621820407610247],[-95.04447079422786,29.62165338413847],[-95.044496792522,29.621487792996277],[-95.0445413822579,29.62132525176468],[-95.04460412775532,29.621167348223914],[-95.04468441599002,29.62101562484385],[-95.04478146258549,29.620871563717273],[-95.0448943194782,29.620736572083036],[-95.04502188418095,29.620611968580697],[-95.04516291055394,29.62049897037074],[-95.0453160209783,29.62039868124629],[-95.04547971981317,29.620312080852038],[-95.0481296861641,29.619062098933675],[-95.04830166714935,29.61899028561905],[-95.04848089990573,29.618933587432835],[-95.04866564755459,29.618892553818235],[-95.04885411978422,29.618867582417785],[-95.04904449019622,29.618858915220358],[-95.0492349140011,29.618866636216673],[-95.04942354589207,29.618890670585316],[-95.04960855792379,29.61893078541782],[-95.049788157223,29.618986591975347],[-95.04996060335965,29.619057549455174],[-95.05012422521021,29.619142970230847],[-95.05027743714999,29.61924202651483],[-95.05041875441745,29.619353758379283],[-95.05249136036652,29.62116228184575]]]},"properties":{"fire_id":"F3906","date":"2026-09-26","area_ha":53.3,"cumulative_ha":134.9,"frp_sum":9.7,"n_detections":6,"first_seen":"2026-09-20","last_seen":"2026-09-26","centroid":[-95.05049,29.62233],"history":[{"date":"2026-09-20","area_ha":50.7},{"date":"2026-09-22","area_ha":33.8},{"date":"2026-09-23","area_ha":74.7},{"date":"2026-09-24","area_ha":71.9},{"date":"2026-09-25","area_ha":52.9},{"date":"2026-09-26","area_ha":53.3}],"track":[[-95.05110533636748,29.621902218949508],[-95.0492647919351,29.621258551215263],[-95.05758525956679,29.623712170447806],[-95.0537380688847,29.622834086137892],[-95.04954380712759,29.623895754623774],[-95.05049409156038,29.62232980662577]],"growth_24h_ha":0.39,"speed_km_day":0.2,"bearing_deg":207.35,"direction":"SSW"}},{"type":"Feature","geometry":{"type":"Polygon","coordinates":[[[-95.25487844099942,29.70581213830373],[-95.25487022561984,29.705975711979114],[-95.25484390896374,29.706137825522294],[-95.25479973771911,29.706296958662303],[-95.25473812601751,29.70645161907094],[-95.25465965155396,29.706600356357985],[-95.25456505017266,29.70674177567349],[-95.25445520896898,29.706874550789436],[-95.25433115797256,29.706997436537975],[-95.25419406048914,29.707109280489608],[-95.2540452021919,29.70720903376195],[-95.25388597906452,29.707295760857082],[-95.25371788430884,29.70736864843594],[-95.25354249434038,29.70742701294683],[-95.25336145400254,29.707470307036683],[-95.25317646113875,29.707498124685042],[-95.25298925066707,29.707510205012255],[-95.25280157830673,29.707506434726447],[-95.25261520410955,29.70748684918618],[-95.25243187595044,29.707451632068764],[-95.25225331313256,29.707401113647407],[-95.25208119026036,29.70733576769351],[-95.25191712153234,29.707256207032817],[-95.25176264560076,29.707163177797504],[-95.25161921114038,29.707057552427955],[-95.25148816326183,29.706940321489846],[-95.25137073089674,29.7068125843835],[-95.25126801527324,29.706675539032606],[-95.25118097958983,29.706530470648975],[-95.25111043998432,29.706378739678797],[-95.25105705788255,29.706221769043687],[-95.25102133379865,29.70606103079574],[-95.2506613832118,29.70388102566971],[-95.2506426765204,29.703696647120832],[-95.25064718900336,29.703511589773314],[-95.25067486642322,29.703328071566247],[-95.25101490145656,29.701748076373796],[-95.25105923955667,29.70158636504351],[-95.25112157260259,29.701429234266534],[-95.2512012976885,29.70127820361652],[-95.25129764372703,29.70113473366776],[-95.25140967890901,29.70100021187115],[-95.25153631971722,29.700875939137703],[-95.25167634140615,29.70076311725891],[-95.25182838984709,29.700662837285982],[-95.25199099462331,29.700576068979707],[-95.25216258324922,29.700503651433618],[-95.25234149637576,29.700446284960517],[-95.25252600383513,29.700404524320906],[-95.25271432136978,29.700378773359127],[-95.25290462788405,29.700369281098315],[-95.25309508305163,29.700376139332846],[-95.25328384510905,29.70039928174056],[-95.25346908866265,29.700438484524152],[-95.25364902233794,29.70049336857505],[-95.2538219060997,29.70056340313901],[-95.25398606807649,29.700647910948128],[-95.25413992072629,29.70074607476928],[-95.25428197618749,29.700856945306437],[-95.25441086066643,29.700979450379602],[-95.25452532772283,29.701112405292218],[-95.25462427032443,29.701254524286888],[-95.25470673155407,29.70140443297826],[-95.25477191386605,29.701560681643212],[-95.25481918680187,29.701721759239906],[-95.25484809309054,29.701886108019842],[-95.25485835307472,29.70205213859209],[-95.25487844099942,29.70581213830373]]]},"properties":{"fire_id":"F4694","date":"2026-09-26","area_ha":27.5,"cumulative_ha":27.5,"frp_sum":4.9,"n_detections":3,"first_seen":"2026-09-26","last_seen":"2026-09-26","centroid":[-95.25287,29.70394],"history":[{"date":"2026-09-26","area_ha":27.5}],"track":[[-95.25286947596366,29.703936465268338]],"growth_24h_ha":null,"speed_km_day":null,"bearing_deg":null,"direction":null}},{"type":"Feature","geometry":{"type":"Polygon","coordinates":[[[-95.01525092030558,29.743670636396157],[-95.01536877982815,29.74364415181374],[-95.01555714938948,29.74361866977972],[-95.01574747867402,29.743609431629327],[-95.01593792892605,29.743616526612623],[-95.01612666022135,29.743639886184734],[-95.01631184923939,29.74367928466809],[-95.01649170687523,29.743734341432287],[-95.01666449552101,29.74380452457088],[-95.01682854585063,29.743889156039497],[-95.01698227294503,29.743987418205464],[-95.01712419160289,29.74409836174618],[-95.0172529306886,29.744220914819458],[-95.01736724637898,29.744353893417617],[-95.01746603418094,29.744496012805307],[-95.01754833960365,29.744645899930507],[-95.01761336738251,29.744802106688812],[-95.01766048916515,29.74496312391329],[-95.01768924958574,29.745127395954263],[-95.01769937066814,29.745293335708357],[-95.01769075451588,29.74545933995205],[-95.01766348426214,29.745623804830963],[-95.01721352868886,29.747633811191303],[-95.01716856049364,29.747793120419892],[-95.01710608912919,29.74794787996342],[-95.01702670283093,29.748096632360806],[-95.01693114914426,29.748237976717526],[-95.01682032788696,29.748370581899614],[-95.0166952826774,29.748493199070715],[-95.01655719110747,29.748604673454278],[-95.01640735365316,29.74870395521005],[-95.0162471814272,29.748790109322293],[-95.01607818288885,29.74886232440657],[-95.01590194963619,29.74891992035221],[-95.01572014141509,29.748962354728377],[-95.01553447048535,29.748989227893166],[-95.01534668549229,29.74900028675815],[-95.0151585549951,29.748995427172108],[-95.01497185080746,29.748974694902074],[-95.01478833130767,29.74893828520236],[-95.01102583190337,29.748022287225826],[-95.00285145783344,29.746497593971213],[-95.00165385998345,29.74841758019428],[-95.00155423953488,29.748560050495943],[-95.00143899286635,29.748693267049152],[-95.00130924247732,29.74881593225363],[-95.00116625215891,29.748926851280476],[-95.00101141468494,29.749024943711454],[-95.00084623824517,29.74910925406427],[-95.00067233175403,29.74917896110056],[-95.00049138917709,29.74923338582638],[-95.00030517302858,29.74927199810686],[-95.00011549720065,29.749294421830964],[-94.99992420929163,29.74930043857547],[-94.99973317260574,29.74928998973292],[-94.9995442479996,29.749263177082604],[-94.99935927575268,29.749220261798964],[-94.99918005763836,29.749161661907305],[-94.99900833937033,29.7490879482112],[-94.9988457935957,29.748999838731777],[-94.99869400360014,29.74889819171285],[-94.99855444788453,29.74878399725986],[-94.99842848576269,29.74865836769467],[-94.99831734412119,29.748522526719558],[-94.9982221054697,29.748377797496676],[-94.9981436973985,29.748225589758515],[-94.99808288354583,29.748067386075515],[-94.99804025616272,29.747904727414248],[-94.99801623034794,29.74773919812718],[-94.9980110400087,29.747572410519833],[-94.99802473558672,29.747405989146372],[-94.99805718357125,29.747241554985777],[-94.9981080678039,29.747080709653478],[-94.99877252628048,29.74532370248525],[-94.99821063200987,29.744232153738082],[-94.99814199266818,29.74407935942608],[-94.99809066938772,29.743921483910857],[-94.99805714558904,29.74376001454529],[-94.99804173699603,29.743596472533156],[-94.99804458866518,29.743432398597196],[-94.9980656736231,29.743269338464078],[-94.99810479312464,29.743108828302084],[-94.99816157852928,29.7429523802495],[-94.99823549477772,29.74280146816928],[-94.99832584543596,29.742657513764893],[-94.99843177925922,29.74252187318742],[-94.99855229821354,29.7423958242607],[-94.99913229968145,29.741845830409382],[-94.99928558382568,29.741715680291254],[-95.00424556552781,29.737945727226453],[-95.0044051216476,29.737836699393245],[-95.00457686133188,29.737742789049744],[-95.00475890774771,29.737665022471177],[-95.00494927144685,29.73760424950765],[-95.00514587210432,29.737561134298005],[-95.00794581821015,29.737081142076526],[-95.00813714953723,29.737056903206287],[-95.00833029836458,29.73704939472174],[-95.00852334482809,29.737058691256674],[-95.00871437008095,29.73708470040418],[-95.00890147536319,29.737127163634934],[-95.00908280087165,29.7371856588667],[-95.00925654424329,29.737259604659116],[-95.00942097846779,29.737348265992402],[-95.00957446905197,29.737450761572497],[-95.00971549026524,29.737566072590063],[-95.0098426403048,29.73769305284619],[-95.01525092030558,29.743670636396157]]]},"properties":{"fire_id":"F3826","date":"2026-09-26","area_ha":166.6,"cumulative_ha":245.4,"frp_sum":28.2,"n_detections":11,"first_seen":"2026-09-19","last_seen":"2026-09-26","centroid":[-95.00737,29.74369],"history":[{"date":"2026-09-19","area_ha":42.2},{"date":"2026-09-20","area_ha":144.4},{"date":"2026-09-21","area_ha":156.8},{"date":"2026-09-22","area_ha":131.7},{"date":"2026-09-25","area_ha":130.2},{"date":"2026-09-26","area_ha":166.6}],"track":[[-94.99827018861731,29.744631398407265],[-95.00456652020462,29.746370977414852],[-95.00717424870936,29.74541076606493],[-95.00647957125157,29.743926463836495],[-95.0051297472208,29.74474833385044],[-95.007368367911,29.74369057140336]],"growth_24h_ha":36.35,"speed_km_day":0.25,"bearing_deg":240.94,"direction":"WSW"}},{"type":"Feature","geometry":{"type":"Polygon","coordinates":[[[-90.40546721224776,30.000550348972784],[-90.40682769296129,30.00207498639555],[-90.40693815939669,30.002212338539817],[-90.40703242053812,30.0023585170899],[-90.40710954948544,30.00251208475413],[-90.40716878777572,30.002671531581104],[-90.40720955284377,30.00283528980554],[-90.4072314437542,30.003001749262445],[-90.40723424514776,30.003169273218774],[-90.40721792936331,30.003336214466586],[-90.40718265671443,30.003500931519387],[-90.4071287739175,30.003661804752603],[-90.40705681068685,30.00381725232953],[-90.40696747453008,30.003965745755714],[-90.40686164379464,30.004105824909413],[-90.40674035903393,30.00423611239969],[-90.4066048127777,30.00435532711148],[-90.4064563378072,30.004462296803798],[-90.40629639405046,30.004555969637753],[-90.40612655422645,30.00463542452047],[-90.40594848837931,30.00469988016336],[-90.40576394745486,30.00474870276566],[-90.40557474608092,30.004781412247574],[-90.40538274472082,30.004797686971557],[-90.40518983137599,30.004797366905567],[-90.4049979030172,30.00478045519683],[-90.40029781008668,30.004160444968974],[-90.400115989508,30.00412869051261],[-90.39993847686253,30.004082043824162],[-90.39976688542234,30.004020928836134],[-90.39960277463678,30.003945900970393],[-90.39944763595804,30.003857642089713],[-90.39930287928507,30.003756954300073],[-90.39916982014938,30.003644752660072],[-90.39904966775893,30.00352205686393],[-90.39894351400916,30.00338998197344],[-90.39885232356072,30.003249728283222],[-90.39877692507419,30.003102570411617],[-90.3987180036813,30.002949845716124],[-90.39867609476127,30.002792942138896],[-90.3981225930714,30.000155021039216],[-90.39653721444215,29.999985324140468],[-90.39642137815456,30.000000565560423],[-90.39623590375204,30.00001712051819],[-90.39604945645766,30.000018177292183],[-90.39586374908193,30.00000372617441],[-90.39568048763672,29.999973899919507],[-90.39550135566022,29.999928972524998],[-90.39532799874821,29.999869356713898],[-90.39516200943449,29.999795600142708],[-90.39500491255896,29.99970838036972],[-90.39485815125825,29.999608498629843],[-90.39472307370742,29.9994968724732],[-90.39460092073472,29.999374527335213],[-90.39449281442309,29.99924258711564],[-90.39439974780333,29.99910226385294],[-90.3943225757333,29.998954846589392],[-90.39426200704716,29.998801689528577],[-90.39421859804652,29.99864419959481],[-90.39419274739328,29.998483823508142],[-90.39418469245096,29.99832203449425],[-90.39419450710795,29.998160318751005],[-90.39480462895058,29.99291032754518],[-90.39483249813118,29.992748957144943],[-90.39487815744032,29.99259067430622],[-90.3949411809414,29.992436955238187],[-90.39502098076184,29.9922892335798],[-90.3951168125791,29.992148887029945],[-90.39522778256509,29.992017224499378],[-90.39535285572434,29.991895473904293],[-90.39549086554821,29.991784770715622],[-90.39564052489473,29.991686147370345],[-90.39580043799288,29.991600523643903],[-90.39596911345906,29.991528698073292],[-90.3961449782049,29.99147134051069],[-90.39632639210615,29.99142898587723],[-90.39651166329625,29.991402029174957],[-90.39669906394225,29.99139072180359],[-90.39688684635559,29.9913951692162],[-90.397073259288,29.99141532993605],[-90.39725656426062,29.99145101594317],[-90.397435051774,29.991501894427717],[-90.39760705724824,29.991567490893317],[-90.39777097654445,29.991647193581517],[-90.39792528092315,29.99174025917644],[-90.39806853129986,29.991845819736085],[-90.39819939166549,29.991962890785853],[-90.39831664154592,29.99209038049893],[-90.39841918738487,29.992227099877795],[-90.40042123532746,29.995200935501515],[-90.40218201032799,29.99722471155435],[-90.4034500206056,29.997230392146246],[-90.40363486432189,29.9972388681289],[-90.40381794383212,29.99726256490285],[-90.40399760162123,29.99730126792659],[-90.4041722111472,29.997354626797527],[-90.40434019156457,29.99742215842392],[-90.40450002203468,29.99750325139791],[-90.40465025549298,29.997597171530316],[-90.40478953174907,29.99770306849692],[-90.40491658980076,29.997819983536033],[-90.40503027925074,29.997946858127953],[-90.4051295707226,29.99808254357748],[-90.40521356518174,29.998225811413118],[-90.40528150207692,29.99837536450841],[-90.40533276622843,29.99852984882524],[-90.40536689340074,29.998687865672405],[-90.40538357450879,29.99884798436886],[-90.40546721224776,30.000550348972784]]]},"properties":{"fire_id":"F2218","date":"2026-09-26","area_ha":101.4,"cumulative_ha":258.6,"frp_sum":22.7,"n_detections":10,"first_seen":"2026-09-06","last_seen":"2026-09-26","centroid":[-90.40013,29.99878],"history":[{"date":"2026-09-06","area_ha":65.6},{"date":"2026-09-07","area_ha":63.1},{"date":"2026-09-09","area_ha":48.4},{"date":"2026-09-10","area_ha":66.5},{"date":"2026-09-11","area_ha":104.3},{"date":"2026-09-12","area_ha":86.2},{"date":"2026-09-13","area_ha":53.3},{"date":"2026-09-14","area_ha":102.2},{"date":"2026-09-15","area_ha":69.9},{"date":"2026-09-16","area_ha":54.5},{"date":"2026-09-17","area_ha":94.8},{"date":"2026-09-18","area_ha":72.3},{"date":"2026-09-19","area_ha":147.9},{"date":"2026-09-20","area_ha":113.3},{"date":"2026-09-21","area_ha":153.3},{"date":"2026-09-22","area_ha":112.2},{"date":"2026-09-23","area_ha":120.6},{"date":"2026-09-24","area_ha":64.0},{"date":"2026-09-25","area_ha":102.6},{"date":"2026-09-26","area_ha":101.4}],"track":[[-90.3991703831795,29.99995949120795],[-90.39953491394012,29.99907025619848],[-90.40208062373306,30.00084952348504],[-90.39814968594277,30.000373098343605],[-90.39853605273315,29.998147154535346],[-90.4004153239306,29.998678170503428],[-90.39911023261851,29.99883795528541],[-90.39782693014594,29.999223633572637],[-90.39913987257826,29.99906770996423],[-90.40160550186154,29.99957747854338],[-90.40017881573371,29.99988839919066],[-90.40032904593771,29.99983491359492],[-90.40033744123525,29.99806558750963],[-90.40005546793168,29.998294580529535],[-90.39725421317205,29.998774891353257],[-90.39861649686632,29.99830992757744],[-90.40225604870488,29.999331555145744],[-90.39880703268886,29.997139727067353],[-90.40219298091652,29.999239418215147],[-90.40013215780573,29.998781148150172]],"growth_24h_ha":-1.12,"speed_km_day":0.21,"bearing_deg":100.99,"direction":"E"}},{"type":"Feature","geometry":{"type":"Polygon","coordinates":[[[-91.24324148863961,30.327272860722157],[-91.24331827340693,30.32742602058568],[-91.24337718829238,30.32758498629617],[-91.24341765734424,30.32774820408371],[-91.24343928489633,30.327914078609915],[-91.24344185943941,30.328080988560618],[-91.2434253556931,30.328247302492986],[-91.24338993485739,30.32841139478179],[-91.24333594304147,30.328571661509173],[-91.24326390788504,30.32872653614252],[-91.24317453340458,30.32887450484743],[-91.24306869311548,30.329014121285343],[-91.24294742149637,30.329144020752217],[-91.24281190387961,30.329262933518947],[-91.24266346486633,30.329369697243948],[-91.24250355537927,30.329463268335775],[-91.24233373848014,30.329542732155353],[-91.2421556740899,30.329607311957314],[-91.24197110276157,30.329656376483776],[-91.24178182866423,30.329689446135504],[-91.24158970194463,30.3297061976606],[-91.24139660063896,30.329706467314832],[-91.24120441231165,30.329690252462367],[-91.24101501560119,30.329657711601506],[-91.24083026185312,30.3296091628153],[-91.24065195701994,30.329545080661706],[-91.24048184400542,30.32946609153426],[-91.2403215856255,30.32937296753827],[-91.24017274835276,30.329266618942686],[-91.24003678700349,30.32914808528123],[-91.23547680204423,30.32475803573123],[-91.23535822462645,30.32463219027309],[-91.23525417344669,30.324497082944216],[-91.23516561006251,30.324353962386493],[-91.23509335288155,30.324204151293305],[-91.23503806960026,30.324049034184668],[-91.23500027103618,30.323890044611055],[-91.23498030641036,30.323728651904286],[-91.23497836012362,30.32356634759808],[-91.23499445005626,30.32340463164352],[-91.23502842740672,30.323244998547157],[-91.2350799780706,30.32308892355961],[-91.2351486255472,30.322937849042408],[-91.23523373534645,30.32279317113894],[-91.2353345208555,30.322656226872905],[-91.23545005061058,30.3225282817932],[-91.23557925690689,30.322410518279412],[-91.23572094566678,30.322304024616262],[-91.23587380747527,30.322209784937286],[-91.23603642968044,30.322128670131473],[-91.23620730944741,30.322061429796086],[-91.23638486764489,30.32200868531038],[-91.23656746343632,30.321970924094146],[-91.23675340944075,30.32194849510409],[-91.23694098732332,30.321941605609393],[-91.2390009449911,30.321951605440475],[-91.23919706655839,30.321961095673874],[-91.2393910935652,30.32198756941488],[-91.23958106334737,30.322030758868078],[-91.23976505427385,30.322090227149594],[-91.23994120518165,30.32216537270583],[-91.2401077341997,30.32225543539752],[-91.24026295677123,30.322359504188118],[-91.24040530269271,30.322476526358088],[-91.24053333199674,30.322605318152632],[-91.24064574951863,30.322744576754847],[-91.24074141799892,30.322892893463223],[-91.24324148863961,30.327272860722157]]]},"properties":{"fire_id":"F4414","date":"2026-09-26","area_ha":42.0,"cumulative_ha":61.6,"frp_sum":5.3,"n_detections":3,"first_seen":"2026-09-24","last_seen":"2026-09-26","centroid":[-91.23938,30.3255],"history":[{"date":"2026-09-24","area_ha":53.3},{"date":"2026-09-25","area_ha":34.2},{"date":"2026-09-26","area_ha":42.0}],"track":[[-91.23935781943742,30.32467840032111],[-91.24010014439425,30.32541555295619],[-91.23938383113385,30.325499907879674]],"growth_24h_ha":7.81,"speed_km_day":0.07,"bearing_deg":79.37,"direction":"E"}},{"type":"Feature","geometry":{"type":"Polygon","coordinates":[[[-91.28466538227849,30.3294796410033],[-91.28474090560647,30.329631999242917],[-91.28479878283171,30.32979002475916],[-91.28483845603407,30.329952194507023],[-91.28485954273486,30.330116945491955],[-91.28486183958734,30.3302826898337],[-91.28484532434075,30.330447830070074],[-91.28481015605917,30.330610774553406],[-91.28475667359278,30.33076995279135],[-91.28468539231598,30.330923830583973],[-91.28459699916387,30.33107092481151],[-91.28449234601466,30.33120981772975],[-91.28437244148166,30.33133917063575],[-91.28423844119396,30.3314577367719],[-91.28409163665918,30.33156437334372],[-91.28393344281598,30.331658052535893],[-91.28376538439595,30.33173787141986],[-91.28358908122644,30.331803060658],[-91.28340623261619,30.331852991919693],[-91.28321860097415,30.331887183938495],[-91.28302799481965,30.331905307151494],[-91.28283625134763,30.331907186876293],[-91.28264521871733,30.331892804994983],[-91.28245673823514,30.331862300128805],[-91.28227262660351,30.331815966301708],[-91.27778254977085,30.330475944900257],[-91.27760351820744,30.330413796108306],[-91.27743245324423,30.330336682316254],[-91.27727102397425,30.33024535593271],[-91.27712080545825,30.330140708038044],[-91.2769832633555,30.330023759688867],[-91.27685973962281,30.329895651954395],[-91.27675143942149,30.329757634781817],[-91.27665941935975,30.329611054799315],[-91.27658457718532,30.329457342175928],[-91.27652764302898,30.329297996666682],[-91.27648917228389,30.329134572978607],[-91.27646954019063,30.328968665601113],[-91.27646893818022,30.328801893248542],[-91.27648737201072,30.328635883066365],[-91.27652466171567,30.32847225475582],[-91.27658044336422,30.32831260477113],[-91.27665417261625,30.32815849074419],[-91.27674513003686,30.328011416287932],[-91.27685242811901,30.327872816327346],[-91.27697501994511,30.327744043100587],[-91.27940502697501,30.325434069356334],[-91.27953978296058,30.325317879856883],[-91.27968698047165,30.325213580632553],[-91.27984522171194,30.32512216209175],[-91.28001300403226,30.325044492327496],[-91.28018873419842,30.324981308875145],[-91.28037074351856,30.3249332117099],[-91.28055730368644,30.32490065755036],[-91.28074664319028,30.324883955522306],[-91.28093696413158,30.324883264223693],[-91.28112645929417,30.324898590218897],[-91.28131332930171,30.324929787976412],[-91.28149579970086,30.32497656125053],[-91.28167213780789,30.325038465894057],[-91.28184066915912,30.3251149140751],[-91.28199979340894,30.32520517985837],[-91.28214799952467,30.32530840609742],[-91.2822838801339,30.325423612573008],[-91.28240614488838,30.32554970529997],[-91.28251363271727,30.325685486914445],[-91.28260532285368,30.325829668042832],[-91.28466538227849,30.3294796410033]]]},"properties":{"fire_id":"F3669","date":"2026-09-26","area_ha":41.8,"cumulative_ha":49.0,"frp_sum":2.7,"n_detections":3,"first_seen":"2026-09-18","last_seen":"2026-09-26","centroid":[-91.28081,30.32863],"history":[{"date":"2026-09-18","area_ha":30.4},{"date":"2026-09-20","area_ha":21.6},{"date":"2026-09-23","area_ha":29.3},{"date":"2026-09-25","area_ha":30.5},{"date":"2026-09-26","area_ha":41.8}],"track":[[-91.28042261674332,30.328819822388603],[-91.28038731987138,30.32819990009442],[-91.27978659159382,30.32943685718117],[-91.27973288103622,30.328747848574608],[-91.28081235504077,30.32862661009732]],"growth_24h_ha":11.28,"speed_km_day":0.1,"bearing_deg":259.75,"direction":"W"}},{"type":"Feature","geometry":{"type":"Polygon","coordinates":[[[-81.92973512019064,30.341753547172544],[-81.92987539147528,30.34186733343772],[-81.93000203350479,30.34199249242385],[-81.93011381805796,30.34212781034818],[-81.9302096609831,30.34227197490226],[-81.93028863271394,30.342423587977475],[-81.93034996728701,30.342581179222847],[-81.93039306977309,30.342743220303827],[-81.93041752205043,30.342908139723324],[-81.93042308686394,30.343074338061964],[-81.93040971013032,30.34324020348923],[-81.930377521467,30.343404127395104],[-81.93032683293954,30.343564519991283],[-81.93025813603931,30.343719825729657],[-81.93017209692061,30.343868538389327],[-81.93006954994358,30.344009215685226],[-81.92995148958487,30.344140493257168],[-81.92981906079504,30.344261097903072],[-81.92967354789553,30.34436985992835],[-81.92951636212325,30.344465724491474],[-81.92934902794337,30.34454776183562],[-81.92917316826332,30.34461517630726],[-81.92899048869099,30.344667314073856],[-81.92880276099044,30.3447036694661],[-81.92861180589537,30.34472388988295],[-81.92841947544704,30.344727779211933],[-81.92822763502852,30.34471529973148],[-81.92803814526931,30.344686572476764],[-81.9226280423868,30.343626555001258],[-81.92244114201381,30.343581386888964],[-81.92226034970038,30.34352041391824],[-81.92208744982906,30.34344423787871],[-81.921924148872,30.343353610609455],[-81.92177205854642,30.343249426577373],[-81.92163267990631,30.343132714048043],[-81.92150738852686,30.34300462493577],[-81.92139742092844,30.342866423433364],[-81.92130386237366,30.34271947353382],[-81.92122763615833,30.34256522556703],[-81.92116949450156,30.342405201884763],[-81.92113001112509,30.34224098183476],[-81.92110957559493,30.342074186172887],[-81.92110838948076,30.341906461066507],[-81.92112646437114,30.341739461847865],[-81.92116362176377,30.341574836676802],[-81.92121949483175,30.341414210275072],[-81.92129353204814,30.341259167891952],[-81.92138500263313,30.341111239659877],[-81.92272502781736,30.339181256445805],[-81.92282952574362,30.339045975417246],[-81.92294860009697,30.338920013591636],[-81.92308114562171,30.33880454009463],[-81.92322593204477,30.338700626699765],[-81.9233816154951,30.338609237881634],[-81.92354675097648,30.338531221865253],[-81.92371980577845,30.338467302754122],[-81.9238991737005,30.338418073810526],[-81.924083189958,30.338383991949787],[-81.92427014663122,30.33836537350018],[-81.9244583085144,30.338362391267328],[-81.924645929218,30.338375072930578],[-81.92483126737429,30.338403300786116],[-81.9250126027968,30.338446812839294],[-81.92518825244309,30.338505205235922],[-81.9253565860331,30.33857793601011],[-81.92551604117833,30.33866433011367],[-81.92566513788134,30.338763585680915],[-81.92973512019064,30.341753547172544]]]},"properties":{"fire_id":"F4695","date":"2026-09-26","area_ha":41.6,"cumulative_ha":41.6,"frp_sum":5.0,"n_detections":3,"first_seen":"2026-09-26","last_seen":"2026-09-26","centroid":[-81.92561,30.34183],"history":[{"date":"2026-09-26","area_ha":41.6}],"track":[[-81.92560967220682,30.34183169853014]],"growth_24h_ha":null,"speed_km_day":null,"bearing_deg":null,"direction":null}},{"type":"Feature","geometry":{"type":"Polygon","coordinates":[[[-88.48972599048305,30.34265680935955],[-88.48979739241653,30.342811156555232],[-88.48985088714716,30.34297082398799],[-88.48988595603097,30.343134263955246],[-88.48990225902355,30.343299892178365],[-88.48989963798022,30.343466103159457],[-88.48987811819343,30.343631285743612],[-88.48983790815204,30.343793838736747],[-88.48977939752466,30.34395218642689],[-88.4897031533864,30.34410479385894],[-88.48960991472565,30.34425018171452],[-88.48950058528372,30.344386940652786],[-88.48937622479697,30.34451374497314],[-88.4892380387257,30.3446293654672],[-88.48908736657003,30.344732681335653],[-88.48892566888529,30.344822691054254],[-88.48875451312325,30.34489852208345],[-88.48857555843641,30.344959439327802],[-88.48839053959233,30.34500485226278],[-88.48820125015484,30.345034320660098],[-88.48800952509423,30.34504755885587],[-88.48781722299609,30.345044438520134],[-88.4876262080409,30.345024989901223],[-88.48349612668368,30.344424979898523],[-88.4833054840503,30.34438873277508],[-88.48311997893741,30.344336223184435],[-88.48294146362859,30.344267975436928],[-88.4827717206013,30.344184670987836],[-88.48261244472647,30.344087141632013],[-88.48246522634342,30.343976361197374],[-88.48233153537956,30.343853435820048],[-88.48221270667308,30.343719592898406],[-88.48210992664546,30.343576168836297],[-88.48202422145685,30.343424595698107],[-88.48195644676242,30.343266386908613],[-88.48190727917198,30.343103122140832],[-88.48187720949784,30.342936431542515],[-88.48186653785854,30.342767979459015],[-88.4818753706868,30.342599447815125],[-88.48190361967156,30.342432519321427],[-88.48195100264446,30.342268860673524],[-88.48201704640182,30.34211010591109],[-88.48210109143344,30.341957840103696],[-88.48220229851131,30.341813583525543],[-88.48231965707188,30.341678776477504],[-88.48245199530832,30.341554764907958],[-88.48508199385832,30.33932479181534],[-88.48522172898224,30.339217162420542],[-88.4853727402534,30.33912158597801],[-88.48553364127777,30.339038939933914],[-88.48570295488265,30.33896998302389],[-88.48587912667665,30.338915348308536],[-88.486060539318,30.33887553736219],[-88.4862455273603,30.338850915669017],[-88.4864323925395,30.338841709268063],[-88.48661941936184,30.33884800267859],[-88.48680489084994,30.33886973812398],[-88.4869871043023,30.338906716062386],[-88.4871643869221,30.33895859701812],[-88.4873351111715,30.339024904697872],[-88.48749770971098,30.33910503036265],[-88.48765068978629,30.339198238415534],[-88.4877926469316,30.339303673154063],[-88.48792227786225,30.339420366624903],[-88.48803839243982,30.339547247509472],[-88.48813992459864,30.339683150958027],[-88.48822594213435,30.339826829282938],[-88.48972599048305,30.34265680935955]]]},"properties":{"fire_id":"F3670","date":"2026-09-26","area_ha":37.4,"cumulative_ha":79.5,"frp_sum":6.6,"n_detections":3,"first_seen":"2026-09-18","last_seen":"2026-09-26","centroid":[-88.48606,30.34226],"history":[{"date":"2026-09-18","area_ha":52.6},{"date":"2026-09-20","area_ha":27.4},{"date":"2026-09-21","area_ha":26.5},{"date":"2026-09-23","area_ha":35.1},{"date":"2026-09-26","area_ha":37.4}],"track":[[-88.48979749336038,30.342735640081308],[-88.48624591655489,30.34302536231735],[-88.48469171534386,30.34314259409933],[-88.48754153442506,30.342940067226767],[-88.48605648645344,30.342258736401362]],"growth_24h_ha":0.78,"speed_km_day":0.05,"bearing_deg":113.43,"direction":"ESE"}},{"type":"Feature","geometry":{"type":"Polygon","coordinates":[[[-90.12589054778313,30.612684171834747],[-90.12594557423662,30.612845345109534],[-90.12598171337126,30.613010430197328],[-90.1259986068737,30.613177790830115],[-90.12599608718229,30.613345768177062],[-90.12597417915254,30.613512697286207],[-90.12593309981544,30.6136769235871],[-90.12587325623086,30.61383681929083],[-90.12579524145725,30.613990799525062],[-90.12569982867717,30.61413733804378],[-90.12558796353684,30.614274982356388],[-90.1254607547757,30.614402368125845],[-90.12531946323837,30.614518232693186],[-90.1251654893782,30.614621427594383],[-90.1250003593761,30.614710929945396],[-90.12482571001226,30.614785852582205],[-90.12464327244066,30.614845452855857],[-90.12445485502762,30.614889139994695],[-90.12426232542394,30.614916480961],[-90.12406759204939,30.61492720474408],[-90.12387258517224,30.61492120504698],[-90.12367923777236,30.61489854134029],[-90.12348946637725,30.61485943827254],[-90.1233051520613,30.61480428344313],[-90.12312812179694,30.614733623559726],[-90.12296013034234,30.61464815901844],[-90.12280284284563,30.614548736960305],[-90.12265781833817,30.614436342873304],[-90.12252649428028,30.614312090822693],[-90.12241017231308,30.614177212407036],[-90.12023020331736,30.611367185751025],[-90.12013277376391,30.611227414170994],[-90.12005146422901,30.61108020064244],[-90.11998703347506,30.61092691908362],[-90.11994008272626,30.61076900003814],[-90.11991105006072,30.610607917323293],[-90.11990020632558,30.610445174274876],[-90.11990765261315,30.610282289716604],[-90.11993331932155,30.610120783785334],[-90.11997696680825,30.609962163744378],[-90.1200381876305,30.609807909917144],[-90.12011641035144,30.60965946187244],[-90.12073642667454,30.60861946998259],[-90.12083146217653,30.608477484334404],[-90.12094204590592,30.608344105376677],[-90.12106713481863,30.608220591081235],[-90.121205549081,30.608108106376136],[-90.12135598319809,30.608007712159882],[-90.12151701832687,30.607920355296507],[-90.12168713565744,30.607846859686443],[-90.12186473073633,30.607787918497024],[-90.12204812859704,30.60774408762565],[-90.12223559955497,30.607715780457816],[-90.12242537551786,30.60770326396882],[-90.1226156666584,30.60770665620613],[-90.12280467829139,30.60772592517638],[-90.12299062779674,30.607760889146924],[-90.12317176142884,30.60781121835957],[-90.12334637085391,30.60787643814029],[-90.12351280925922,30.607955933375237],[-90.1236695068828,30.608048954311517],[-90.12381498581698,30.608154623627318],[-90.12394787394625,30.608271944705322],[-90.1240669178882,30.608399811031283],[-90.12417099481527,30.608537016628837],[-90.12425912304603,30.608682267432762],[-90.12433047130588,30.608834193493],[-90.12589054778313,30.612684171834747]]]},"properties":{"fire_id":"F4696","date":"2026-09-26","area_ha":31.1,"cumulative_ha":31.1,"frp_sum":2.8,"n_detections":3,"first_seen":"2026-09-26","last_seen":"2026-09-26","centroid":[-90.12301,30.61131],"history":[{"date":"2026-09-26","area_ha":31.1}],"track":[[-90.12301318979958,30.611309819507376]],"growth_24h_ha":null,"speed_km_day":null,"bearing_deg":null,"direction":null}},{"type":"Feature","geometry":{"type":"Polygon","coordinates":[[[-92.32123632470996,30.830109974028492],[-92.32136235193595,30.83021525739709],[-92.3214769073612,30.830329789496144],[-92.3215790734518,30.83045265302247],[-92.3216680318898,30.830582863941753],[-92.32174307012858,30.830719379369143],[-92.32288311305216,30.83305936382248],[-92.32295026433256,30.833219431052015],[-92.32299828515333,30.83338448966946],[-92.32302668681535,30.833552860302063],[-92.32303518022563,30.833722829870588],[-92.32302367884367,30.833892669018606],[-92.32299229956686,30.834060649707617],[-92.32294136154628,30.83422506279935],[-92.3228713829442,30.83438423544597],[-92.32278307566641,30.834536548111377],[-92.32267733812274,30.834680451050456],[-92.3225552460892,30.834814480078457],[-92.32241804176464,30.834937271469954],[-92.32152804027267,30.835657280494193],[-92.32137218474281,30.835770824115794],[-92.32120342758186,30.83586985809584],[-92.32102359501238,30.83595331071175],[-92.3208346331326,30.836020278856324],[-92.32063858685382,30.836070037812224],[-92.32043757776759,30.836102049096006],[-92.32023378118247,30.836115966286204],[-92.32002940257868,30.836111638772902],[-92.31517930316666,30.83579163327717],[-92.31499214767373,30.835771489608874],[-92.31480810450262,30.835736040820105],[-92.314628869067,30.83568561346441],[-92.3144560924835,30.835620672076814],[-92.31429136635919,30.83554181489423],[-92.31413620812785,30.835449768343487],[-92.31399204706996,30.835345380348794],[-92.3138602111455,30.83522961251964],[-92.31374191476075,30.83510353129165],[-92.31363824758189,30.83496829810153],[-92.31355016449832,30.834825158687266],[-92.31347847682827,30.834675431611572],[-92.31342384484755,30.834520496114784],[-92.3133867717102,30.834361779409047],[-92.31319679685559,30.833281776632134],[-92.31317485445632,30.833044752695134],[-92.31315490167661,30.831084752399867],[-92.31316215374157,30.830924508363186],[-92.3131871054289,30.83076557973076],[-92.3138071718372,30.827865588744547],[-92.31385018016941,30.827707644910788],[-92.31391066598354,30.82755397719067],[-92.31398806979779,30.827406006738745],[-92.31408167568024,30.827265102013666],[-92.31419061787284,30.82713256612314],[-92.31431388880024,30.827009624773567],[-92.31445034838956,30.826897414935473],[-92.31459873461482,30.826796974329955],[-92.3147576751685,30.82670923183269],[-92.31492570015219,30.82663499888482],[-92.31510125566918,30.826574961989728],[-92.31528271819312,30.82652967636512],[-92.31546840958015,30.82649956080904],[-92.31565661258567,30.826484893827708],[-92.31584558674231,30.826485811060017],[-92.31603358445257,30.826502304023442],[-92.3162188671473,30.826534220192606],[-92.31639972136071,30.826581264409377],[-92.31657447457347,30.82664300161227],[-92.3167415106776,30.826718860859085],[-92.31689928491987,30.82680814060634],[-92.31704633818617,30.826910015196155],[-92.32123632470996,30.830109974028492]]]},"properties":{"fire_id":"F4570","date":"2026-09-26","area_ha":74.5,"cumulative_ha":121.5,"frp_sum":6.8,"n_detections":7,"first_seen":"2026-09-25","last_seen":"2026-09-26","centroid":[-92.31754,30.83188],"history":[{"date":"2026-09-25","area_ha":111.4},{"date":"2026-09-26","area_ha":74.5}],"track":[[-92.31678392499948,30.831002828038674],[-92.31754105567336,30.83188440487931]],"growth_24h_ha":-36.88,"speed_km_day":0.12,"bearing_deg":321.39,"direction":"NW"}},{"type":"Feature","geometry":{"type":"Polygon","coordinates":[[[-87.39534840979461,31.09895676108297],[-87.39535812747633,31.098802337489804],[-87.39538435677386,31.09864932509098],[-87.39542687684302,31.098499011675784],[-87.395485329738,31.09835266231236],[-87.39555922342669,31.098211508700906],[-87.39621924153643,31.097091517468282],[-87.39631372181816,31.096948899488044],[-87.39642395499222,31.096814800732467],[-87.3965488988483,31.096690488967187],[-87.39668737211873,31.09657713942721],[-87.39683806564715,31.09647582370751],[-87.39699955476533,31.096387499633316],[-87.39717031276145,31.096313002206237],[-87.39734872531221,31.096253035711158],[-87.39753310574254,31.09620816705903],[-87.39772171096872,31.096178820428246],[-87.39791275797448,31.09616527325507],[-87.39810444066391,31.096167653611268],[-87.39829494693271,31.09618593899352],[-87.39848247579602,31.096219956536114],[-87.39866525441124,31.096269384645],[-87.39884155483504,31.09633375603747],[-87.3990097103564,31.09641246215923],[-87.39916813125102,31.096504758936586],[-87.39931531980884,31.096609773810023],[-87.39944988449218,31.09672651398199],[-87.3995705530909,31.096853875801663],[-87.40292058856161,31.10076383560186],[-87.40302805952311,31.100903254235497],[-87.40311887061115,31.101051078777925],[-87.40319213077136,31.10120585889346],[-87.40324712113119,31.101366075996836],[-87.40328330205648,31.10153015815154],[-87.40330031844985,31.101696495491833],[-87.40329800323917,31.101863456017327],[-87.40327637902126,31.102029401604792],[-87.40323565784492,31.102192704080753],[-87.40317623913482,31.102351761196363],[-87.40309870577698,31.102505012348605],[-87.40300381840349,31.102650953892883],[-87.40289250793286,31.102788153897244],[-87.40276586643881,31.102915266193037],[-87.4026251364371,31.10303104358437],[-87.4024716986954,31.10313435008644],[-87.40230705868579,31.103224172072995],[-87.40213283181289,31.103299628222896],[-87.40195072756235,31.10335997816884],[-87.40176253272574,31.103404629762604],[-87.401570093866,31.10343314488609],[-87.40137529919609,31.103445243750723],[-87.40118006004856,31.103440807643143],[-87.40098629211795,31.1034198800902],[-87.39695621236478,31.10280986963844],[-87.39676364027683,31.102772123354498],[-87.39657645358011,31.102718090607752],[-87.39639653173307,31.10264831391558],[-87.39622568123815,31.102563493871443],[-87.39606561750095,31.102464482109696],[-87.39591794760526,31.102352272753663],[-87.39578415417624,31.102227992432784],[-87.39566558049425,31.1020928889696],[-87.3955634170087,31.101948318849765],[-87.39547868938726,31.101795733601143],[-87.39541224822045,31.10163666521894],[-87.3953647604847,31.10147271078296],[-87.39533670284978,31.10130551642188],[-87.39532835689737,31.10113676078506],[-87.39534840979461,31.09895676108297]]]},"properties":{"fire_id":"F4666","date":"2026-09-26","area_ha":43.6,"cumulative_ha":43.6,"frp_sum":7.6,"n_detections":4,"first_seen":"2026-09-26","last_seen":"2026-09-26","centroid":[-87.39891,31.10018],"history":[{"date":"2026-09-26","area_ha":43.6}],"track":[[-87.39891260729054,31.100177348873025]],"growth_24h_ha":null,"speed_km_day":null,"bearing_deg":null,"direction":null}},{"type":"Feature","geometry":{"type":"Polygon","coordinates":[[[-87.99131971629318,31.149314660805832],[-87.9913198593088,31.149503192721877],[-87.99129535712069,31.149690558839758],[-87.99063543487026,31.153030568531598],[-87.99059258168874,31.153196178787784],[-87.99053046312328,31.15335727123737],[-87.99044970807076,31.153512214671814],[-87.99035113415327,31.153659440139393],[-87.99023573944254,31.153797456833217],[-87.9901046923562,31.15392486718837],[-87.98995931982829,31.15404038103508],[-87.98980109387377,31.154142828664362],[-87.98963161668286,31.15423117267406],[-87.98945260439629,31.154304518475016],[-87.98926586972586,31.154362123351074],[-87.97775566243865,31.15736217338015],[-87.97756684362896,31.157402794808412],[-87.97737425714436,31.157427319476547],[-87.97717977868486,31.157435508528053],[-87.97698530238088,31.15742728220615],[-87.9767927223418,31.157402720630618],[-87.97660391420486,31.157362063017384],[-87.97642071686408,31.157305705348406],[-87.97624491455731,31.1572341965143],[-87.97607821948618,31.157148232967828],[-87.9759222551382,31.157048651939835],[-87.97577854047354,31.156936423284087],[-87.97564847513074,31.156812640030346],[-87.97553332579527,31.156678507737798],[-87.97543421386383,31.15653533275256],[-87.97535210452462,31.156384509483715],[-87.9752877973595,31.15622750682174],[-87.97524191855993,31.156065853831883],[-87.97521491483211,31.155901124861686],[-87.97520704905055,31.15573492420774],[-87.97521839770243,31.155568870491045],[-87.97524885014717,31.155404580893304],[-87.97529810969849,31.15524365540747],[-87.97536569651822,31.155087661255973],[-87.97545095229337,31.154938117628475],[-87.97555304665089,31.15479648088773],[-87.97567098524735,31.154664130387257],[-87.97580361945496,31.15454235503955],[-87.97594965754914,31.154432340764917],[-87.97610767728884,31.154335158943546],[-87.97627613976718,31.154251755983044],[-87.97645340439722,31.15418294410297],[-87.97908336159891,31.153292958529168],[-87.97915045059563,31.153271450060945],[-87.98534057343541,31.15139553378857],[-87.98228251082635,31.14814617971751],[-87.98216866817563,31.148012236943053],[-87.98207075264251,31.147869399470117],[-87.9819897085349,31.147719044957476],[-87.98192631742242,31.14756262355878],[-87.98188119060136,31.147401643934984],[-87.98185476320249,31.147237658702764],[-87.98184728999817,31.14707224945943],[-87.98185884294963,31.146907011528395],[-87.98188931051725,31.146743538572586],[-87.98193839874075,31.14658340722441],[-87.98200563407869,31.14642816188008],[-87.98209036797938,31.14627929980509],[-87.98219178313944,31.14613825669472],[-87.98230890138917,31.146006392828347],[-87.98244059312864,31.145884979951557],[-87.9825855882236,31.145775189011943],[-87.98274248825584,31.145678078867387],[-87.98290978000995,31.145594586075244],[-87.98308585006644,31.145525515861053],[-87.98326900036042,31.14547153435384],[-87.98345746455607,31.145433162162632],[-87.98364942507882,31.14541076935646],[-87.98384303064135,31.145404571895725],[-87.98403641409438,31.145414629549897],[-87.9894463038251,31.145924620714588],[-87.98964158593584,31.14595154939649],[-87.98983273029262,31.14599505097732],[-87.9900178152741,31.146054688122607],[-87.99019498016438,31.146129861281295],[-87.9903624438565,31.146219814712257],[-87.99051852275646,31.146323644080972],[-87.99066164770748,31.146440305549987],[-87.99079037976489,31.14656862627172],[-87.99090342466268,31.146707316178194],[-87.99099964582666,31.146854980949506],[-87.99107807580293,31.14701013603026],[-87.99113792598725,31.14717122155357],[-87.99117859455671,31.147336618022354],[-87.9911996725246,31.14750466259039],[-87.99131971629318,31.149314660805832]]]},"properties":{"fire_id":"F1290","date":"2026-09-26","area_ha":105.2,"cumulative_ha":357.3,"frp_sum":14.6,"n_detections":7,"first_seen":"2026-08-30","last_seen":"2026-09-26","centroid":[-87.98477,31.15149],"history":[{"date":"2026-08-30","area_ha":151.9},{"date":"2026-09-01","area_ha":90.4},{"date":"2026-09-02","area_ha":103.9},{"date":"2026-09-05","area_ha":166.8},{"date":"2026-09-06","area_ha":162.2},{"date":"2026-09-07","area_ha":169.6},{"date":"2026-09-08","area_ha":159.5},{"date":"2026-09-09","area_ha":144.7},{"date":"2026-09-10","area_ha":77.0},{"date":"2026-09-12","area_ha":244.6},{"date":"2026-09-13","area_ha":113.3},{"date":"2026-09-14","area_ha":139.2},{"date":"2026-09-15","area_ha":154.2},{"date":"2026-09-16","area_ha":203.3},{"date":"2026-09-17","area_ha":169.1},{"date":"2026-09-18","area_ha":147.6},{"date":"2026-09-19","area_ha":48.5},{"date":"2026-09-20","area_ha":155.6},{"date":"2026-09-21","area_ha":134.7},{"date":"2026-09-22","area_ha":36.0},{"date":"2026-09-23","area_ha":177.9},{"date":"2026-09-24","area_ha":164.8},{"date":"2026-09-25","area_ha":83.8},{"date":"2026-09-26","area_ha":105.2}],"track":[[-87.98277833511968,31.151551564742313],[-87.98832690752478,31.150356658267977],[-87.98516942345204,31.153560554926223],[-87.98456028738173,31.15180289101566],[-87.98538255082342,31.149835404332656],[-87.98485134430618,31.152650503072792],[-87.98364158005467,31.155535723426055],[-87.98339794086947,31.154571826281845],[-87.98548565356063,31.15567509949745],[-87.98431235279628,31.153009068006003],[-87.98799438844618,31.149074538082424],[-87.9846101675174,31.150979657329547],[-87.9832969398231,31.1531148959348],[-87.98391720531261,31.152225057462932],[-87.98574738322675,31.15144897001119],[-87.9841441423993,31.152735670177016],[-87.98736374970628,31.14987287805905],[-87.98132451569283,31.153450657395698],[-87.9835782041522,31.15577881619825],[-87.98788711828816,31.14865434949532],[-87.9843842074192,31.15350300517721],[-87.98412054608835,31.150483722247365],[-87.98631180030223,31.155826096317686],[-87.98477272408326,31.15149326063333]],"growth_24h_ha":21.38,"speed_km_day":0.5,"bearing_deg":158.29,"direction":"SSE"}},{"type":"Feature","geometry":{"type":"Polygon","coordinates":[[[-89.18581478790425,31.409330484472754],[-89.18600468679426,31.409300526202586],[-89.18619711183707,31.409286464339164],[-89.18639023087677,31.40928843277233],[-89.18658220515087,31.409306412759623],[-89.18677120679463,31.409340233104867],[-89.18695543624167,31.409389571787734],[-89.18713313935552,31.40945395902954],[-89.18730262412883,31.40953278176548],[-89.18746227679175,31.409625289481212],[-89.18761057717569,31.40973060135779],[-89.18774611318696,31.40984771465744],[-89.1878675942518,31.40997551427009],[-89.18797386360528,31.410112783329826],[-89.18806390930692,31.410258214800326],[-89.18813687387815,31.41041042391909],[-89.18819206246954,31.410567961381737],[-89.18822894948039,31.41072932714125],[-89.188247183567,31.410892984690488],[-89.1882465909923,31.411057375692277],[-89.18822717728439,31.41122093481745],[-89.18818912718821,31.411382104650038],[-89.18813280291073,31.411539350517216],[-89.18805874067603,31.41169117510297],[-89.18796764562292,31.411836132706576],[-89.18786038509373,31.411972843009444],[-89.18773798037796,31.412100004219948],[-89.1876015969891,31.41221640547038],[-89.18745253356761,31.412320938348515],[-89.18622252442798,31.41310094936047],[-89.18605561613073,31.41319598013931],[-89.18587825356224,31.413276127266894],[-89.18569226238318,31.413340565752424],[-89.1854995570883,31.41338863229981],[-89.1853021212968,31.41341983213632],[-89.18510198733055,31.413433844106144],[-89.18490121529047,31.413430523976853],[-89.18470187184681,31.413409905924283],[-89.18450600896169,31.41337220218057],[-89.18431564276312,31.413317800849413],[-89.18413273278833,31.413247261910307],[-89.18395916181004,31.413161311453603],[-89.18379671645374,31.413060834205513],[-89.18364706880527,31.41294686441993],[-89.1831370686639,31.41251685904159],[-89.18300772818654,31.412396711091663],[-89.18289263144956,31.412266488811333],[-89.18279285532749,31.412127410667107],[-89.18270933332715,31.41198077798264],[-89.18264284685515,31.411827962761723],[-89.18259401790921,31.411670394849814],[-89.1825633032616,31.411509548554704],[-89.18255099018899,31.411346928851387],[-89.18255719378837,31.41118405730021],[-89.18258185590444,31.411022457810194],[-89.18262474567776,31.41086364238073],[-89.18268546170886,31.410709096954704],[-89.18276343581766,31.41056026751607],[-89.18285793836309,31.410418546561278],[-89.18296808507262,31.410285260071475],[-89.18309284531819,31.410161655107213],[-89.18323105176076,31.410048888141738],[-89.18338141127305,31.4099480142419],[-89.18354251703869,31.409859977197737],[-89.18371286171401,31.40978560069361],[-89.18389085152992,31.409725580602515],[-89.18407482120159,31.409680478476474],[-89.18581478790425,31.409330484472754]]]},"properties":{"fire_id":"F4697","date":"2026-09-26","area_ha":18.7,"cumulative_ha":18.7,"frp_sum":2.7,"n_detections":3,"first_seen":"2026-09-26","last_seen":"2026-09-26","centroid":[-89.18539,31.41128],"history":[{"date":"2026-09-26","area_ha":18.7}],"track":[[-89.18539342215051,31.411278971015008]],"growth_24h_ha":null,"speed_km_day":null,"bearing_deg":null,"direction":null}},{"type":"Feature","geometry":{"type":"Polygon","coordinates":[[[-89.65837343102216,31.440749938753992],[-89.65854448023254,31.440828447478925],[-89.65870565904255,31.440920845449348],[-89.65885541452869,31.441026242444348],[-89.65899230381001,31.441143622998897],[-89.65911500794941,31.441271856186443],[-89.65922234466173,31.441409706513884],[-89.65931327970603,31.441555845823846],[-89.6593869368524,31.44170886609027],[-89.65944260632688,31.4418672929834],[-89.65947975165342,31.442029600073926],[-89.65949801482665,31.44219422353932],[-89.65949721976533,31.442359577230757],[-89.6594773740134,31.44252406795546],[-89.65943866867177,31.4426861108272],[-89.65938147656131,31.44284414453713],[-89.659306348635,31.442996646397656],[-89.65921400867309,31.443142147014555],[-89.65910534631253,31.443279244445872],[-89.65898140847783,31.443406617711023],[-89.65884338929546,31.44352303951996],[-89.65869261858927,31.443627388099845],[-89.65853054906752,31.443718658004975],[-89.658358742325,31.443795969805894],[-89.65817885379526,31.443858578564257],[-89.65799261679788,31.44390588101163],[-89.65780182583462,31.44393742136319],[-89.65760831929558,31.4439528957101],[-89.65741396174202,31.443952154948306],[-89.65722062593682,31.443935206215496],[-89.65261053321227,31.44333519576155],[-89.65242166371307,31.443302536799578],[-89.65223742120214,31.4432544101983],[-89.65205955136662,31.443191271952845],[-89.65188973950211,31.44311372029129],[-89.65172959454235,31.44302249000563],[-89.65158063381313,31.442918445488864],[-89.65144426865483,31.44280257254371],[-89.65132179105004,31.442675969041435],[-89.65121436138257,31.442539834518428],[-89.6511229974445,31.442395458809752],[-89.65104856479465,31.44224420982743],[-89.65099176856035,31.442087520598704],[-89.65095314675975,31.44192687568807],[-89.65093306520797,31.441763797130825],[-89.6509317140551,31.44159983001212],[-89.65094910598897,31.441436527827822],[-89.65098507611906,31.441275437765988],[-89.65103928354311,31.441118086048466],[-89.65111121458094,31.440965963471253],[-89.65120018764485,31.440820511281075],[-89.6513053597004,31.44068310752126],[-89.65142573425618,31.44055505397698],[-89.65156017080669,31.44043756384292],[-89.65170739563895,31.440331750230488],[-89.65186601390032,31.440238615623212],[-89.6520345228132,31.440159042380365],[-89.65221132591147,31.44009378437848],[-89.65239474816387,31.440043459870207],[-89.652583051841,31.44000854562779],[-89.65277445297586,31.439989372426833],[-89.65551439629178,31.43982937524008],[-89.65571789380934,31.439826410478712],[-89.65592067396918,31.43984123508601],[-89.65612059421917,31.439873692425415],[-89.65631554221918,31.439923439552985],[-89.65650345815575,31.439989950840467],[-89.65837343102216,31.440749938753992]]]},"properties":{"fire_id":"F4698","date":"2026-09-26","area_ha":29.1,"cumulative_ha":29.1,"frp_sum":2.9,"n_detections":3,"first_seen":"2026-09-26","last_seen":"2026-09-26","centroid":[-89.65524,31.44187],"history":[{"date":"2026-09-26","area_ha":29.1}],"track":[[-89.65524103038904,31.44187408592619]],"growth_24h_ha":null,"speed_km_day":null,"bearing_deg":null,"direction":null}},{"type":"Feature","geometry":{"type":"Polygon","coordinates":[[[-88.43870949434344,31.46706456687443],[-88.43872826024844,31.467227581912578],[-88.43872832187579,31.467391376322247],[-88.43870967852942,31.46755440143692],[-88.43867250636987,31.467715115855878],[-88.4386171567528,31.467872000018176],[-88.43854415291095,31.468023570570846],[-88.4384541850106,31.468168394394542],[-88.43834810362908,31.4683051021548],[-88.43822691171506,31.468432401250215],[-88.43809175510738,31.46854908803544],[-88.43794391170218,31.468654059202905],[-88.43778477937039,31.468746322216248],[-88.43761586274033,31.468825004696107],[-88.43743875896989,31.468889362669845],[-88.43725514264318,31.468938787607087],[-88.43706674993453,31.468972812174492],[-88.43687536218955,31.468991114655186],[-88.43668278907867,31.468993521991198],[-88.43649085148272,31.468980011420157],[-88.43630136427221,31.468950710690375],[-88.43611611914375,31.468905896852903],[-88.43593686767552,31.46884599364148],[-88.43576530476274,31.468771567465197],[-88.43560305258922,31.46868332205224],[-88.43545164528729,31.468582091794854],[-88.43396163950675,31.46748207713958],[-88.43381746319852,31.467364269456592],[-88.43368798686359,31.467234699761992],[-88.43357452983598,31.4670946884066],[-88.43347824818946,31.466945662138702],[-88.43340012295909,31.46678913956362],[-88.43334095014723,31.46662671566799],[-88.43330133261594,31.4664600455653],[-88.43328167394822,31.46629082762959],[-88.4332821743401,31.46612078618832],[-88.43330282856587,31.46595165395125],[-88.43334342603634,31.465785154354236],[-88.43340355294997,31.465622983997992],[-88.43348259651394,31.46546679536054],[-88.43448262536157,31.463736808825015],[-88.43457626803695,31.463592991114904],[-88.4346859472479,31.46345762190671],[-88.4348106182908,31.463331990514597],[-88.43494909369056,31.463217293500715],[-88.43510005451196,31.46311462327984],[-88.43526206292191,31.463024957716012],[-88.43543357588334,31.462949150810196],[-88.43561295985057,31.46288792456757],[-88.43579850632584,31.462841862121923],[-88.43598844812901,31.462811402182595],[-88.43618097622583,31.462796834856753],[-88.43637425695448,31.462798298886643],[-88.43656644948626,31.462815780328572],[-88.43675572335468,31.462849112685554],[-88.43694027588586,31.46289797849284],[-88.43711834936444,31.46296191234116],[-88.43728824777176,31.463040305308567],[-88.43744835293695,31.46313241075918],[-88.43759713994707,31.463237351453458],[-88.43773319166995,31.46335412790198],[-88.43785521225104,31.463481627884033],[-88.43796203945622,31.46361863703936],[-88.43805265574254,31.463763850433264],[-88.43812619795176,31.46391588498413],[-88.4381819655341,31.46407329263573],[-88.43821942722387,31.4642345741483],[-88.43870949434344,31.46706456687443]]]},"properties":{"fire_id":"F4699","date":"2026-09-26","area_ha":26.5,"cumulative_ha":26.5,"frp_sum":2.4,"n_detections":3,"first_seen":"2026-09-26","last_seen":"2026-09-26","centroid":[-88.43619,31.46595],"history":[{"date":"2026-09-26","area_ha":26.5}],"track":[[-88.4361850382174,31.465950975835224]],"growth_24h_ha":null,"speed_km_day":null,"bearing_deg":null,"direction":null}},{"type":"Feature","geometry":{"type":"Polygon","coordinates":[[[-90.9651895685542,31.90159186319521],[-90.96536769076592,31.90165302555001],[-90.96553800489109,31.901728421359866],[-90.96569892341134,31.901817347856447],[-90.9658489463704,31.901918976149002],[-90.96598667535444,31.90203235894952],[-90.96611082652635,31.902156439401296],[-90.96622024259294,31.90229006092903],[-90.96631390359336,31.90243197801823],[-90.96639093640812,31.902580867823975],[-90.96645062290003,31.90273534250045],[-90.9664924066112,31.902893962136634],[-90.96651589795337,31.90305524817757],[-90.9665208778433,31.90321769720605],[-90.96650729974888,31.90337979495631],[-90.96647529012726,31.903540030429266],[-90.96642514724999,31.903696909977377],[-90.96635733842672,31.90384897122826],[-90.96627249565279,31.90399479671693],[-90.96617140972123,31.90413302709965],[-90.9660550228539,31.904262373826267],[-90.96592441992044,31.904381631152816],[-90.96578081832685,31.904489687382217],[-90.96562555666765,31.904585535228538],[-90.96546008224776,31.904668281207908],[-90.96434006728492,31.90516828913709],[-90.96416096562255,31.905238871834655],[-90.9639744686861,31.905294103883524],[-90.96378241302756,31.90533344137984],[-90.96358668994935,31.905356496942595],[-90.96338922687627,31.90536304352896],[-90.96319196837136,31.905353016670507],[-90.9629968569827,31.905326515108126],[-90.96280581411025,31.905283799819568],[-90.96262072108101,31.905225291448975],[-90.96244340061924,31.905151566163905],[-90.96227559889424,31.90506334998063],[-90.96211896832277,31.90496151161356],[-90.96197505129528,31.90484705391937],[-90.96184526498675,31.904721104020147],[-90.96173088740116,31.904584902202643],[-90.96163304478755,31.904439789703417],[-90.96155270055134,31.904287195499858],[-90.96149064576996,31.90412862223737],[-90.96144749140619,31.903965631431365],[-90.96142366229589,31.903799828089863],[-90.9614193929688,31.90363284490795],[-90.96143472534382,31.90346632619018],[-90.96146950832097,31.90330191165869],[-90.96167952593434,31.902531914760626],[-90.96173319855177,31.90237176720808],[-90.96180532295405,31.902216883431286],[-90.96189519370553,31.902068778101214],[-90.9620019318363,31.901928899592612],[-90.96212449344092,31.901798615821],[-90.9622616798894,31.90167920086646],[-90.96241214955018,31.901571822515354],[-90.96257443091112,31.90147753084153],[-90.96274693696934,31.901397247938718],[-90.96292798074987,31.90133175890433],[-90.96311579180099,31.90128170416312],[-90.96330853350534,31.90124757320523],[-90.96350432103749,31.90122969980003],[-90.96370123979229,31.90122825873296],[-90.96389736410454,31.901243264096276],[-90.9640907760764,31.901274569151475],[-90.96427958432903,31.90132186776382],[-90.9651895685542,31.90159186319521]]]},"properties":{"fire_id":"F4700","date":"2026-09-26","area_ha":17.0,"cumulative_ha":17.0,"frp_sum":1.0,"n_detections":3,"first_seen":"2026-09-26","last_seen":"2026-09-26","centroid":[-90.96387,31.90328],"history":[{"date":"2026-09-26","area_ha":17.0}],"track":[[-90.96387497644419,31.903283210352097]],"growth_24h_ha":null,"speed_km_day":null,"bearing_deg":null,"direction":null}},{"type":"Feature","geometry":{"type":"Polygon","coordinates":[[[-88.59833487758333,32.09483982994464],[-88.59831850399348,32.095003179894356],[-88.59828334922808,32.095164411413506],[-88.59757340768667,32.0977144219377],[-88.59751999278352,32.09787153124334],[-88.59744874557909,32.09802353131712],[-88.59736033820165,32.09816898802124],[-88.59725560470116,32.0983065289488],[-88.59713553318254,32.09843485637361],[-88.59700125648484,32.09855275949551],[-88.59685404149401,32.09865912586584],[-88.59669527719002,32.09875295188467],[-88.59652646154133,32.09883335227144],[-88.59634918737022,32.09889956841884],[-88.59616512732235,32.09895097555165],[-88.5959760180826,32.098987088622565],[-88.59578364398611,32.09900756688957],[-88.59558982017928,32.09901221713132],[-88.59539637548987,32.09900099547083],[-88.59520513516779,32.0989740077893],[-88.59501790365972,32.09893150872705],[-88.59483644758019,32.09887389928045],[-88.59466247904008,32.09880172301778],[-88.59449763948953,32.09871566094963],[-88.59434348422856,32.098616525102464],[-88.59420146773081,32.09850525085574],[-88.59407292991973,32.09838288811512],[-88.59395908352604,32.09825059140523],[-88.59386100264635,32.098109608975214],[-88.59377961261035,32.09796127102007],[-88.5937156812526,32.097806977129],[-88.5936698116709,32.09764818307928],[-88.59364243653937,32.0974863871],[-88.59363381403011,32.09732311573579],[-88.59364402538154,32.097159909443455],[-88.59374423869872,32.09632869651317],[-88.5919264357584,32.09589987113958],[-88.5902200195246,32.09619327784272],[-88.58825082504528,32.09658711576287],[-88.58805413609895,32.09661776989652],[-88.58785479491215,32.09663167835889],[-88.58765480310707,32.09662870149364],[-88.58745616884008,32.09660886919182],[-88.5872608866337,32.0965723805916],[-88.58707091734553,32.09651960207836],[-88.58688816847564,32.09645106360531],[-88.58671447501004,32.096367453371236],[-88.58655158099306,32.09626961090937],[-88.58640112201358,32.09615851865635],[-88.58626460878119,32.09603529208631],[-88.58614341195707,32.095901168509016],[-88.5860387483922,32.095757494644815],[-88.58595166891075,32.09560571310102],[-88.58588304776163,32.0954473478857],[-88.58583357384353,32.09528398910433],[-88.58580374379191,32.095117276993065],[-88.58579385699697,32.0949488854489],[-88.58580401260232,32.094780505222445],[-88.58583410851465,32.09461382694145],[-88.58588384243376,32.09445052413624],[-88.58595271489268,32.094292236437084],[-88.58858281301603,32.089072273292366],[-88.58866808918012,32.088923716914856],[-88.588770219152,32.088782917431246],[-88.5888882203331,32.08865122936948],[-88.58902095745695,32.08852991959763],[-88.58916715351216,32.088420155137634],[-88.58932540202849,32.08832299193951],[-88.58949418060718,32.08823936472423],[-88.58967186556585,32.088170077992714],[-88.58985674755714,32.08811579828758],[-88.59004704801035,32.08807704778192],[-88.59024093623896,32.0880541992567],[-88.59043654704854,32.08804747251513],[-88.59063199867671,32.088056932268564],[-88.5967418725291,32.088606922392174],[-88.59693895719005,32.08863311155738],[-88.59713195582098,32.08867575604664],[-88.59731894009752,32.088734429780416],[-88.59749804177608,32.08880854652315],[-88.59766747135751,32.08889736573964],[-88.59782553596466,32.08899999999307],[-88.5979706562552,32.08911542381052],[-88.59810138220124,32.08924248392788],[-88.59821640757752,32.089379910811225],[-88.59831458301396,32.08952633134022],[-88.59839492748162,32.089680282526594],[-88.59845663809787,32.08984022613066],[-88.598499098152,32.090004564030046],[-88.5985218832714,32.09017165418696],[-88.59852476566641,32.09033982705463],[-88.59833487758333,32.09483982994464]]]},"properties":{"fire_id":"F4701","date":"2026-09-26","area_ha":103.2,"cumulative_ha":103.2,"frp_sum":77.8,"n_detections":8,"first_seen":"2026-09-26","last_seen":"2026-09-26","centroid":[-88.59288,32.093],"history":[{"date":"2026-09-26","area_ha":103.2}],"track":[[-88.59288340858046,32.09300087103625]],"growth_24h_ha":null,"speed_km_day":null,"bearing_deg":null,"direction":null}},{"type":"Feature","geometry":{"type":"Polygon","coordinates":[[[-89.56062454876725,32.20345944688064],[-89.56071535657071,32.20360589626816],[-89.56078866014293,32.203759135066896],[-89.56084375256373,32.20391768569179],[-89.56088010250079,32.204080019331506],[-89.56089735933674,32.20424457068926],[-89.5608953565544,32.20440975307555],[-89.56087411334683,32.20457397370782],[-89.5608338344369,32.204735649068716],[-89.56077490810772,32.204893220176],[-89.5606979024627,32.20504516761533],[-89.56060355995143,32.20519002619275],[-89.56049279021363,32.20532639906372],[-89.56036666131044,32.205452971203876],[-89.56022638942719,32.2055685220908],[-89.56007332714702,32.2056719374745],[-89.55990895040848,32.20576222012339],[-89.55973484427273,32.20583849944175],[-89.55955268763748,32.205900039866],[-89.55936423704567,32.20594624795882],[-89.55917130974456,32.20597667813258],[-89.5589757661588,32.20599103694669],[-89.55877949194708,32.205989185937945],[-89.55858437981493,32.20597114295576],[-89.55839231125968,32.2059370819901],[-89.55820513842347,32.20588733149347],[-89.55802466622973,32.20582237121297],[-89.55785263497523,32.20574282756346],[-89.55769070354617,32.205649467586106],[-89.55622069314025,32.20470945401084],[-89.55606438687774,32.204598439768475],[-89.55592237875848,32.20447456407467],[-89.55579615555246,32.20433912391291],[-89.55568703874003,32.20419353734123],[-89.55559617067769,32.20403932864355],[-89.55552450264058,32.20387811236937],[-89.55456455729279,32.20132809840102],[-89.55451493268929,32.20116993567021],[-89.55448379506817,32.20100846411684],[-89.55447143875128,32.20084521059811],[-89.55447798046305,32.20068171881324],[-89.55450335823109,32.20051953470627],[-89.5545473319766,32.200360191848084],[-89.55460948578863,32.200205196935634],[-89.55468923186088,32.20005601554563],[-89.55478581605321,32.19991405827726],[-89.55489832502565,32.199780667415006],[-89.5550256948769,32.19965710423767],[-89.55516672120588,32.199544537093445],[-89.55532007050081,32.19944403035372],[-89.55548429274856,32.1993565343503],[-89.55565783514456,32.199282876390726],[-89.55583905677389,32.19922375293679],[-89.55602624412496,32.19917972302028],[-89.55621762728894,32.19915120295789],[-89.55641139669184,32.19913846241548],[-89.55660572020152,32.19914162185865],[-89.5567987604476,32.19916065141393],[-89.55698869219098,32.199195371151184],[-89.55717371957866,32.19924545278464],[-89.55735209312105,32.199310422776435],[-89.55752212623129,32.1993896668133],[-89.55768221117025,32.19948243561443],[-89.5578308342467,32.19958785201499],[-89.55796659012901,32.199704919259055],[-89.55808819513285,32.1998325304232],[-89.55819449935963,32.1999694788816],[-89.56062454876725,32.20345944688064]]]},"properties":{"fire_id":"F4702","date":"2026-09-26","area_ha":29.8,"cumulative_ha":29.8,"frp_sum":2.4,"n_detections":3,"first_seen":"2026-09-26","last_seen":"2026-09-26","centroid":[-89.55757,32.20264],"history":[{"date":"2026-09-26","area_ha":29.8}],"track":[[-89.5575739514911,32.2026410037146]],"growth_24h_ha":null,"speed_km_day":null,"bearing_deg":null,"direction":null}},{"type":"Feature","geometry":{"type":"Polygon","coordinates":[[[-90.13785931696042,32.31243766290219],[-90.1379524009126,32.31259322001965],[-90.13802584833495,32.31275602994592],[-90.13807887201949,32.31292434795288],[-90.13811090361362,32.31309637027623],[-90.13812159971602,32.31327025344462],[-90.13811084556242,32.313444134034505],[-90.13807875626142,32.31361614863955],[-90.13802567556695,32.31378445383998],[-90.13711572650264,32.31616446709827],[-90.13704433330412,32.316323205086654],[-90.13695426713475,32.31647509027503],[-90.13684644474056,32.316618576518515],[-90.13672196363835,32.316752203164],[-90.13658209094598,32.316874609920404],[-90.13642825048497,32.316984550707595],[-90.136262008287,32.3170809063427],[-90.13608505665182,32.317162695934655],[-90.13589919691857,32.3172290868709],[-90.13570632112642,32.31727940329452],[-90.13550839275102,32.31731313298551],[-90.13400836221916,32.31750313640747],[-90.13381459535904,32.31751962769359],[-90.13361983828007,32.3175202183991],[-90.1334259347747,32.317504902931816],[-90.133234720553,32.317473826284115],[-90.1330480058605,32.317427282660155],[-90.1328675583373,32.31736571269022],[-90.13269508628102,32.3172896992585],[-90.13253222247191,32.31719996198421],[-90.1323805087137,32.31709735040782],[-90.1322413812361,32.31698283594756],[-90.13211615709798,32.31685750270177],[-90.13200602171904,32.316722537184646],[-90.13191201765892,32.31657921709248],[-90.13183503474926,32.316428899206926],[-90.13177580167242,32.316273006549515],[-90.13173487906641,32.316113014909355],[-90.13171265422115,32.31595043887169],[-90.13170933741613,32.315786817479314],[-90.13172495993409,32.31562369966282],[-90.13249508188453,32.31063371134915],[-90.13253060501846,32.310468600214165],[-90.13258552773213,32.310307284772044],[-90.13265930334335,32.310151370366846],[-90.13275119756614,32.31000240858581],[-90.13286029582177,32.309861881819565],[-90.13298551234325,32.30973118851135],[-90.13312560098265,32.30961162924154],[-90.13327916761341,32.30950439378664],[-90.13344468400442,32.30941054928051],[-90.13362050302766,32.30933102959646],[-90.13380487504813,32.30926662605521],[-90.13399596533303,32.30921797955134],[-90.13419187230697,32.30918557417668],[-90.13439064647186,32.30916973240357],[-90.13459030980319,32.30917061187662],[-90.13478887542992,32.30918820384397],[-90.13498436740235,32.30922233324463],[-90.13517484035134,32.30927266044993],[-90.13535839884362,32.309338684643016],[-90.13553321624047,32.309419748801645],[-90.13569755287266,32.30951504623547],[-90.13584977335033,32.309623628612336],[-90.13598836283639,32.30974441539431],[-90.1361119421208,32.3098762045891],[-90.13621928134643,32.31001768471003],[-90.13785931696042,32.31243766290219]]]},"properties":{"fire_id":"F3900","date":"2026-09-26","area_ha":42.3,"cumulative_ha":62.7,"frp_sum":5.0,"n_detections":4,"first_seen":"2026-09-20","last_seen":"2026-09-26","centroid":[-90.13473,32.31356],"history":[{"date":"2026-09-20","area_ha":28.5},{"date":"2026-09-23","area_ha":48.3},{"date":"2026-09-24","area_ha":44.1},{"date":"2026-09-26","area_ha":42.3}],"track":[[-90.13450549949638,32.31394940729164],[-90.13423460957837,32.31344972343153],[-90.1353808084003,32.314168027668174],[-90.13473161227105,32.313556928673044]],"growth_24h_ha":-0.91,"speed_km_day":0.05,"bearing_deg":134.71,"direction":"SE"}},{"type":"Feature","geometry":{"type":"Polygon","coordinates":[[[-86.51992365998116,32.418950839059214],[-86.52011649845197,32.41897873035217],[-86.520305176324,32.41902226650351],[-86.52048789515524,32.419081032533335],[-86.52066291329368,32.419154468292035],[-86.52082856247611,32.41924187379862],[-86.52098326372789,32.419342415911935],[-86.5211255424123,32.41945513627103],[-86.52125404228627,32.419578960428936],[-86.52136753842818,32.41971270809308],[-86.52146494891488,32.419855104374676],[-86.52154534513657,32.42000479193979],[-86.52160796065066,32.42016034394654],[-86.52165219849088,32.42032027764511],[-86.52167763686127,32.42048306851071],[-86.52168403316092,32.42064716477531],[-86.52167132630083,32.42081100221907],[-86.52163963729068,32.420973019081025],[-86.52158926808976,32.42113167094653],[-86.52152069873284,32.421285445469614],[-86.52143458275826,32.42143287679002],[-86.52133174098135,32.42157255950745],[-86.52121315367307,32.42170316207949],[-86.52107995121766,32.421823439515805],[-86.52093340333853,32.421932245247504],[-86.5207749069953,32.42202854205814],[-86.51865488547276,32.42318855982494],[-86.51849112120523,32.42326915709693],[-86.51831900183475,32.4233363924577],[-86.51814007179946,32.423389662597096],[-86.51795593666147,32.4234284895156],[-86.51776824869778,32.42345252481388],[-86.51757869207161,32.42346155281969],[-86.51738896771718,32.42345549252338],[-86.51720077807417,32.42343439830487],[-86.51701581180825,32.42339845944575],[-86.5168357286557,32.4233479984304],[-86.51666214452767,32.423283468052],[-86.51649661700803,32.42320544734867],[-86.51634063137516,32.42311463640724],[-86.51379061377254,32.42147461260729],[-86.51364280580643,32.42136965870106],[-86.51350775923406,32.42125322757838],[-86.51338673451923,32.421126405998926],[-86.5132808612299,32.42099037770135],[-86.51319112749623,32.420846412353534],[-86.51311837078947,32.420695853700344],[-86.5130632701079,32.42054010702065],[-86.51302633964224,32.420380626009866],[-86.51300792398008,32.42021889921095],[-86.51300819489353,32.42005643612043],[-86.51302714974011,32.41989475309913],[-86.51306461149173,32.41973535921907],[-86.51312023039111,32.41957974217872],[-86.51319348722019,32.41942935441816],[-86.51328369814983,32.41928559956332],[-86.51339002112542,32.41914981932632],[-86.51351146372862,32.41902328098376],[-86.51364689244188,32.41890716554988],[-86.51379504322914,32.418802556755026],[-86.51395453333382,32.4187104309321],[-86.5141238741842,32.41863164790543],[-86.51430148528563,32.418566942966876],[-86.51448570896987,32.4185169200144],[-86.51467482586419,32.41848204591657],[-86.51486707093584,32.41846264615592],[-86.51506064996225,32.418458901791695],[-86.5152537562734,32.418470847770244],[-86.51992365998116,32.418950839059214]]]},"properties":{"fire_id":"F4703","date":"2026-09-26","area_ha":32.7,"cumulative_ha":32.7,"frp_sum":3.4,"n_detections":3,"first_seen":"2026-09-26","last_seen":"2026-09-26","centroid":[-86.51734,32.42073],"history":[{"date":"2026-09-26","area_ha":32.7}],"track":[[-86.51733594764752,32.420729493998415]],"growth_24h_ha":null,"speed_km_day":null,"bearing_deg":null,"direction":null}},{"type":"Feature","geometry":{"type":"Polygon","coordinates":[[[-94.47999347368325,32.91431450369168],[-94.47989096918164,32.914458417385305],[-94.47977179093117,32.91459312230183],[-94.4796371209974,32.91471728228863],[-94.47948829512909,32.914829665784204],[-94.47932678950973,32.91492915803533],[-94.4791542061151,32.915014772156105],[-94.47897225682215,32.91508565891827],[-94.47878274642697,32.9151411151762],[-94.47858755474006,32.915180590842546],[-94.47838861793713,32.91520369434567],[-94.47818790935013,32.9152101965144],[-94.47798741988933,32.915200032851565],[-94.47778913829103,32.91517330417387],[-94.47759503138666,32.91513027561181],[-94.47740702458962,32.915071373979146],[-94.47722698279298,32.91499718353865],[-94.47705669186847,32.91490844020576],[-94.4768978409496,32.91480602424754],[-94.47675200567546,32.91469095155014],[-94.47662063256097,32.91456436354044],[-94.47650502464896,32.91442751586281],[-94.47640632858632,32.914281765922745],[-94.47632552325236,32.91412855942145],[-94.4750855783763,32.91141854144425],[-94.47502286554034,32.911257534086914],[-94.4749799135812,32.911092086505874],[-94.4749571582791,32.91092387777042],[-94.4749548304395,32.91075461496239],[-94.47497295355596,32.910586015851386],[-94.47501134357691,32.910419791461884],[-94.4750696107788,32.91025762870914],[-94.4751471637261,32.910101173280346],[-94.47524321527793,32.90995201293421],[-94.47535679058007,32.90981166138903],[-94.4754867369613,32.90968154296223],[-94.4756317356333,32.909562978117506],[-94.47579031507529,32.9094571700658],[-94.47596086596776,32.909365192556635],[-94.47614165752358,32.90928797898283],[-94.47633085505069,32.9092263129098],[-94.47652653856848,32.90918082012505],[-94.47672672228887,32.90915196228871],[-94.47988665670523,32.90883196820373],[-94.48008566907683,32.90882009647081],[-94.4802851153587,32.90882466832034],[-94.48048304337394,32.90884563900279],[-94.48067751580355,32.908882803255786],[-94.48086662914548,32.90893579731293],[-94.48104853234291,32.909004102463754],[-94.48122144489956,32.90908705013016],[-94.48138367430518,32.909183828409454],[-94.48153363260036,32.90929349002029],[-94.48166985191894,32.90941496157355],[-94.48179099885562,32.90954705407753],[-94.48189588751863,32.90968847457476],[-94.48198349113909,32.909837838796626],[-94.48205295212388,32.90999368471166],[-94.48210359045316,32.91015448683559],[-94.48213491034063,32.91031867116246],[-94.48214660509063,32.91048463057103],[-94.48213856010497,32.91065074055583],[-94.48211085400945,32.91081537512845],[-94.48206375788902,32.910976922733965],[-94.48199773263896,32.911133802026164],[-94.48191342445753,32.911284477347664],[-94.47999347368325,32.91431450369168]]]},"properties":{"fire_id":"F3917","date":"2026-09-26","area_ha":34.5,"cumulative_ha":54.7,"frp_sum":2.0,"n_detections":3,"first_seen":"2026-09-20","last_seen":"2026-09-26","centroid":[-94.47848,32.91167],"history":[{"date":"2026-09-20","area_ha":23.3},{"date":"2026-09-22","area_ha":28.5},{"date":"2026-09-23","area_ha":24.6},{"date":"2026-09-25","area_ha":33.1},{"date":"2026-09-26","area_ha":34.5}],"track":[[-94.4747578205051,32.911278978031014],[-94.47548862492904,32.910909928667316],[-94.47652255941222,32.91165333369971],[-94.47650121051068,32.91103725272874],[-94.47848423559132,32.911669663114196]],"growth_24h_ha":1.32,"speed_km_day":0.2,"bearing_deg":290.03,"direction":"WNW"}},{"type":"Feature","geometry":{"type":"Polygon","coordinates":[[[-80.7926506754252,46.57980359700177],[-80.7924858161537,46.57992586959431],[-80.79230434942478,46.58003623549844],[-80.79210805230315,46.58013361386414],[-80.79189884711734,46.58021705102733],[-80.79167878263266,46.58028572985148],[-80.79145001398476,46.580338977732126],[-80.79121478157046,46.580376273185706],[-80.79097538910264,46.5803972509579],[-80.79073418104448,46.58040170560193],[-80.79049351964402,46.580389593490956],[-80.79025576179438,46.58036103324559],[-80.79002323594665,46.5803163045718],[-80.78979821930137,46.580255845520924],[-80.7895829155027,46.58018024819835],[-80.78937943305367,46.58009025296333],[-80.78918976466407,46.579986741176555],[-80.78901576773364,46.57987072656651],[-80.78885914616149,46.579743345299605],[-80.78872143366006,46.57960584485108],[-80.78860397873724,46.57945957178613],[-80.78850793149329,46.57930595857046],[-80.78843423236196,46.57914650954036],[-80.78838360290618,46.57898278616905],[-80.78835653875755,46.57881639177387],[-80.78835330476947,46.578648955814515],[-80.78837393243028,46.57848211793552],[-80.78841821956198,46.578317511909795],[-80.78953833012767,46.57505753520543],[-80.78960348081381,46.57490152298398],[-80.78968988481519,46.57475056500831],[-80.78979674582607,46.574606052261046],[-80.78992307905969,46.5744693163255],[-80.79006772032636,46.57434161711736],[-80.79022933676357,46.574224131277525],[-80.79040643911941,46.57411794133198],[-80.79059739547573,46.57402402571926],[-80.79080044628499,46.5739432497771],[-80.7910137205818,46.5738763577707],[-80.79123525322028,46.573823966037104],[-80.79146300297822,46.57378655730748],[-80.79169487136147,46.57376447626054],[-80.79478479301599,46.57357448209085],[-80.79502444512582,46.573567962490394],[-80.79526386070495,46.573577815816684],[-80.7955007231704,46.573603946730444],[-80.79573274063745,46.573646102392956],[-80.79595766809106,46.57370387491158],[-80.79617332910433,46.57377670528558],[-80.7963776368939,46.57386388881353],[-80.79656861450901,46.57396458191018],[-80.79674441395883,46.574077810267184],[-80.79690333409305,46.574202478278345],[-80.79704383706301,46.57433737963872],[-80.79716456320381,46.57448120901481],[-80.79726434419368,46.57463257467325],[-80.79734221436277,46.57479001194575],[-80.79739742004224,46.57495199740002],[-80.79742942686275,46.57511696358005],[-80.79743792493147,46.57528331417249],[-80.79742283183751,46.57544943945299],[-80.79738429345619,46.5756137318631],[-80.7973226825443,46.575774601566195],[-80.79723859513958,46.575930491833084],[-80.79713284479882,46.57607989410728],[-80.79700645473073,46.57622136260487],[-80.79686064789858,46.576353528307244],[-80.7926506754252,46.57980359700177]]]},"properties":{"fire_id":"F4240","date":"2026-09-26","area_ha":36.1,"cumulative_ha":64.4,"frp_sum":4.9,"n_detections":3,"first_seen":"2026-09-23","last_seen":"2026-09-26","centroid":[-80.79254,46.57667],"history":[{"date":"2026-09-23","area_ha":54.7},{"date":"2026-09-25","area_ha":30.0},{"date":"2026-09-26","area_ha":36.1}],"track":[[-80.7948586637402,46.57707272537544],[-80.79486443821187,46.576618108534035],[-80.79253616674592,46.57667436008096]],"growth_24h_ha":6.01,"speed_km_day":0.18,"bearing_deg":78.84,"direction":"E"}},{"type":"Feature","geometry":{"type":"Polygon","coordinates":[[[-86.83953207140387,39.9734279283268],[-86.83975054787983,39.97342951837008],[-86.83996775412896,39.97344736289569],[-86.84018157673869,39.97348128827732],[-86.8403899352124,39.9735309644223],[-86.84059080220874,39.97359590798287],[-86.84078222326424,39.973675487057996],[-86.8409623358076,39.973768927340764],[-86.84112938728057,39.97387531965077],[-86.84128175218947,39.973993628779084],[-86.84141794792124,39.974122703559274],[-86.84153664917048,39.97426128806666],[-86.84163670083672,39.97440803383725],[-86.84171712926667,39.97456151298693],[-86.84177715173193,39.97472023210401],[-86.84181618404945,39.97488264677949],[-86.84183384627103,39.975047176634014],[-86.84182996638577,39.97521222069515],[-86.8418045819996,39.975376172975444],[-86.84175793997495,39.975537438100055],[-86.84169049403435,39.97569444683101],[-86.8416029003506,39.975845671337964],[-86.84149601116636,39.97598964006636],[-86.84137086650529,39.976124952058136],[-86.84122868405487,39.97625029058595],[-86.84107084731954,39.97636443596779],[-86.84089889215916,39.97646627743764],[-86.84071449184381,39.97655482395607],[-86.831374363703,39.98056490798318],[-86.83117724495794,39.98063996961689],[-86.83097121521261,39.9806998370105],[-86.8307583206371,39.98074391558808],[-86.83054067559324,39.98077176758022],[-86.83032044163205,39.98078311637245],[-86.83009980602186,39.98077784925317],[-86.82988096002084,39.98075601853329],[-86.82966607710983,39.98071784102657],[-86.82945729140195,39.980663695895764],[-86.82925667644353,39.98059412088637],[-86.82906622461725,39.98050980698468],[-86.82888782735196,39.98041159155398],[-86.82872325633635,39.980300450016685],[-86.82857414592252,39.98017748616537],[-86.82844197689484,39.98004392119875],[-86.82832806176492,39.97990108159167],[-86.828233531739,39.9797503859199],[-86.82815932548685,39.9795933307703],[-86.82810617982375,39.979431475876495],[-86.82807462239806,39.97926642862798],[-86.82806496645644,39.979099828106094],[-86.82807730773888,39.97893332880593],[-86.82811152353393,39.978768584205476],[-86.8281672739034,39.97860723034542],[-86.82824400506388,39.97845086958254],[-86.8283409548917,39.978301054678006],[-86.82845716049597,39.97815927337871],[-86.82859146778475,39.97802693364447],[-86.82874254292875,39.97790534966777],[-86.8340825366334,39.974015417155094],[-86.83425625302188,39.97390140730576],[-86.8344446877191,39.97380162903621],[-86.83464580698129,39.9737171592042],[-86.83485744019062,39.97364890944741],[-86.83507730327902,39.97359761634654],[-86.83530302337536,39.97356383347728],[-86.83553216441,39.97354792543731],[-86.83953207140387,39.9734279283268]]]},"properties":{"fire_id":"F4517","date":"2026-09-26","area_ha":53.3,"cumulative_ha":80.6,"frp_sum":3.4,"n_detections":3,"first_seen":"2026-09-25","last_seen":"2026-09-26","centroid":[-86.83484,39.97677],"history":[{"date":"2026-09-25","area_ha":74.7},{"date":"2026-09-26","area_ha":53.3}],"track":[[-86.83638700451107,39.9760407889173],[-86.83483741991277,39.976772736456574]],"growth_24h_ha":-21.42,"speed_km_day":0.15,"bearing_deg":52.46,"direction":"NE"}},{"type":"Feature","geometry":{"type":"Polygon","coordinates":[[[-87.3391989348034,40.93902117634478],[-87.33908179134048,40.93915809693304],[-87.33894741148066,40.93928590851239],[-87.33879705959662,40.93940340842271],[-87.33863215037267,40.93950949102675],[-87.33845423549408,40.93960315811565],[-87.33826498904611,40.93968352830327],[-87.3380661917604,40.93974984532134],[-87.33785971425694,40.93980148513727],[-87.33764749943944,40.93983796182728],[-87.33743154420976,40.93985893214996],[-87.33721388067383,40.9398641987767],[-87.33699655701591,40.93985371214906],[-87.33678161822137,40.93982757094519],[-87.33657108682961,40.93978602115102],[-87.3363669438985,40.93972945374513],[-87.3361711103594,40.93965840101874],[-87.33598542893871,40.9395735315661],[-87.33581164681586,40.93947564399173],[-87.3356513991813,40.939365659394255],[-87.33550619384926,40.93924461269763],[-87.33537739706979,40.939113642911195],[-87.33526622067427,40.93897398241031],[-87.3351737106745,40.938826945338725],[-87.33510073742323,40.93867391524161],[-87.33504798742835,40.938516332045836],[-87.33501595689751,40.938355678510185],[-87.33500494707405,40.93819346627262],[-87.33501506140777,40.938031221626396],[-87.33504620458693,40.93787047115875],[-87.3350980834404,40.937712727387],[-87.33977840831058,40.925972810887146],[-87.33985171170173,40.92581736038345],[-87.33994514414248,40.925668037535566],[-87.34005780058138,40.92552628858773],[-87.3401885897944,40.92539348641946],[-87.340336244957,40.92527091725019],[-87.34049933591591,40.92515976818366],[-87.34067628304173,40.92506111571236],[-87.34086537252809,40.9249759152932],[-87.34106477298938,40.924904992095584],[-87.34127255319626,40.92484903301101],[-87.34148670077708,40.924808580002],[-87.34170514170468,40.92478402485419],[-87.34192576037945,40.924775605382806],[-87.34214642011484,40.924783403129865],[-87.34236498382668,40.92480734257472],[-87.34257933472647,40.924847191865176],[-87.34278739681827,40.92490256506264],[-87.34298715500097,40.924972925878926],[-87.3431766745813,40.925057592869294],[-87.34335412000893,40.92515574603073],[-87.34629410249174,40.926955711316936],[-87.34646054113661,40.92706847297298],[-87.34661102251218,40.927193088920205],[-87.34674403680658,40.92732830893615],[-87.34685824942586,40.927472776404215],[-87.34695251438592,40.927625041922056],[-87.3470258858134,40.92778357784169],[-87.34707762743997,40.927946793594394],[-87.3471072199942,40.928113051647635],[-87.34711436641736,40.92828068393346],[-87.34709899484979,40.928448008583665],[-87.34706125935838,40.92861334680414],[-87.34700153839715,40.92877503971855],[-87.34692043101597,40.928931465013015],[-87.34681875085595,40.92908105321404],[-87.3391989348034,40.93902117634478]]]},"properties":{"fire_id":"F4704","date":"2026-09-26","area_ha":86.8,"cumulative_ha":86.8,"frp_sum":2.9,"n_detections":3,"first_seen":"2026-09-26","last_seen":"2026-09-26","centroid":[-87.34077,40.93191],"history":[{"date":"2026-09-26","area_ha":86.8}],"track":[[-87.34077088975313,40.93191084319397]],"growth_24h_ha":null,"speed_km_day":null,"bearing_deg":null,"direction":null}},{"type":"Feature","geometry":{"type":"Polygon","coordinates":[[[-103.28400478706777,44.118885211784445],[-103.28385718526161,44.119016866431224],[-103.28369188375689,44.119137271658616],[-103.28351054751049,44.11924521464245],[-103.2833150030204,44.119339608082704],[-103.28310721992757,44.11941950115791],[-103.28288929117447,44.119484089104716],[-103.28266341192057,44.11953272132605],[-103.2824318574271,44.119564907946156],[-103.28219696013414,44.11958032474629],[-103.28196108616119,44.11957881643146],[-103.28172661146806,44.119560398195055],[-103.28149589791641,44.119525255565875],[-103.28127126947372,44.119473742538645],[-103.28105498879918,44.11940637800748],[-103.28084923444784,44.119323840537675],[-103.2806560789229,44.11922696152903],[-103.28047746779713,44.11911671683919],[-103.28031520011423,44.11899421695199],[-103.27758521602885,44.11671417531566],[-103.27744467176697,44.11658448123562],[-103.27732246367985,44.11644560218148],[-103.27721975551691,44.116298860793336],[-103.27713752529779,44.11614565457975],[-103.27707655600221,44.11598744260679],[-103.27703742811798,44.115825731601504],[-103.27702051411805,44.11566206160144],[-103.27702597491921,44.115497991287874],[-103.27705375835569,44.11533508314156],[-103.27710359968208,44.11517488856303],[-103.27717502410044,44.115018933098746],[-103.27726735128763,44.114868701914055],[-103.27737970187896,44.11472562565092],[-103.2775110058469,44.11459106680555],[-103.27766001269435,44.114466306755034],[-103.27782530336556,44.11435253355679],[-103.2780053037611,44.11425083063684],[-103.27819829972823,44.11416216647459],[-103.27840245338378,44.114087385382184],[-103.27861582061418,44.11402719946606],[-103.27883636958622,44.11398218184754],[-103.27906200009227,44.11395276120645],[-103.27929056354577,44.11393921770003],[-103.27951988343722,44.11394168029583],[-103.27974777605537,44.11396012554386],[-103.27997207127738,44.11399437779992],[-103.28019063322927,44.11404411089764],[-103.28040138062094,44.114108851253775],[-103.28412131767148,44.11540881846985],[-103.28432059930483,44.1154872167772],[-103.28450835954857,44.115579030017074],[-103.28468284045846,44.115683398600595],[-103.28484240839563,44.115799345386314],[-103.28498556932121,44.115925784826985],[-103.28511098278516,44.11606153313117],[-103.28521747447812,44.11620531934465],[-103.28530404722882,44.11635579724829],[-103.28536989034387,44.11651155796067],[-103.28541438720252,44.11667114312784],[-103.28543712103489,44.11683305857655],[-103.28543787882967,44.11699578830324],[-103.28541665333434,44.11715780866804],[-103.28537364312889,44.1173176026605],[-103.28530925077233,44.11747367410389],[-103.28522407903893,44.11762456166477],[-103.28511892527948,44.11776885253679],[-103.2849947739598,44.11790519567046],[-103.28400478706777,44.118885211784445]]]},"properties":{"fire_id":"F4705","date":"2026-09-26","area_ha":28.2,"cumulative_ha":28.2,"frp_sum":2.3,"n_detections":3,"first_seen":"2026-09-26","last_seen":"2026-09-26","centroid":[-103.28125,44.11667],"history":[{"date":"2026-09-26","area_ha":28.2}],"track":[[-103.28124784109055,44.11666648317299]],"growth_24h_ha":null,"speed_km_day":null,"bearing_deg":null,"direction":null}},{"type":"Feature","geometry":{"type":"Polygon","coordinates":[[[-111.47964831255483,45.943774980769625],[-111.47986331049646,45.94384479601277],[-111.48006748708633,45.94392901590084],[-111.48025887535171,45.944026829114215],[-111.48043563149257,45.94413729337948],[-111.48059605264294,45.94425934454469],[-111.48073859327569,45.944391806828826],[-111.4808618800929,45.94453340414665],[-111.4809647252581,45.94468277239986],[-111.48104613784317,45.94483847261665],[-111.4811053333791,45.94499900481268],[-111.48114174141877,45.94516282244023],[-111.48115501103854,45.94532834728653],[-111.48114501422535,45.94549398467753],[-111.48111184711672,45.94565813884093],[-111.4810558290812,45.94581922828005],[-111.48097749964784,45.94597570101097],[-111.48087761331433,45.94612604951597],[-111.48075713228327,45.94626882526838],[-111.48061721719658,45.94640265269033],[-111.48045921595683,45.94652624240735],[-111.48028465074366,45.94663840367315],[-111.4800952033495,45.946738055844015],[-111.47989269897658,45.94682423879253],[-111.4796790886509,45.94689612216028],[-111.47945643042272,45.94695301336009],[-111.47922686953503,45.94699436425046],[-111.47899261775096,45.947019776418344],[-111.47875593203962,45.94702900501877],[-111.47440582149787,45.94704900562024],[-111.47416571519982,45.94704174258001],[-111.47392783001271,45.94701782590757],[-111.4736945217283,45.94697749245487],[-111.47346810080286,45.94692114165198],[-111.47325080947192,45.946849331550574],[-111.47304479954136,45.946762773296],[-111.47285211107506,45.94666232408295],[-111.4726746521901,45.94654897866462],[-111.4725141801598,45.9464238594996],[-111.47237228401224,45.94628820563394],[-111.47225036879566,45.946143360428614],[-111.47214964166756,45.94599075825456],[-111.47207109994436,45.94583191028622],[-111.47201552123042,45.94566838953538],[-111.47198345572336,45.94550181527266],[-111.47197522077239,45.94533383699173],[-111.47199089774251,45.94516611807467],[-111.4720303312161,45.94500031932037],[-111.47209313053887,45.94483808249923],[-111.472178673695,45.944681014096645],[-111.47228611347283,45.944530669406625],[-111.47241438585945,45.94438853713264],[-111.47256222058118,45.944256024648396],[-111.47272815368541,45.944134444064225],[-111.4729105420388,45.94402499923696],[-111.47310757959846,45.94392877385193],[-111.47331731529502,45.943846720694836],[-111.47530728112311,45.94315673928465],[-111.47551507597423,45.943093008702924],[-111.47573050518777,45.943043198297644],[-111.47595166723741,45.943007747720436],[-111.47617661000639,45.94298696987518],[-111.47640334801456,45.94298104815681],[-111.47662987993955,45.942990034833194],[-111.47685420627755,45.94301385058373],[-111.47707434698816,45.943052285199435],[-111.4772883589676,45.94310499943774],[-111.47964831255483,45.943774980769625]]]},"properties":{"fire_id":"F4547","date":"2026-09-26","area_ha":25.6,"cumulative_ha":39.6,"frp_sum":3.8,"n_detections":3,"first_seen":"2026-09-25","last_seen":"2026-09-26","centroid":[-111.47656,45.94521],"history":[{"date":"2026-09-25","area_ha":38.2},{"date":"2026-09-26","area_ha":25.6}],"track":[[-111.47624786622164,45.94580186151858],[-111.47655546241911,45.94520680851078]],"growth_24h_ha":-12.58,"speed_km_day":0.07,"bearing_deg":209.21,"direction":"SSW"}},{"type":"Feature","geometry":{"type":"Polygon","coordinates":[[[-111.73586582945711,46.759326096494696],[-111.74194152905982,46.76000875177031],[-111.74218462561464,46.760044929323776],[-111.7424211593078,46.76009801646904],[-111.74264868404877,46.76016746422291],[-111.74286484689165,46.760252554412034],[-111.74306741236394,46.760352407097734],[-111.74325428558191,46.76046598967336],[-111.74342353391332,46.76059212754062],[-111.74357340696376,46.76072951625379],[-111.74370235468012,46.76087673500706],[-111.74380904338348,46.761032261325376],[-111.74389236956578,46.76119448680701],[-111.74395147130784,46.76136173375503],[-111.74450154127021,46.76335172214718],[-111.74453527425682,46.76351808962465],[-111.74454503057358,46.763685953052416],[-111.74453071398035,46.76385365971367],[-111.74449246525087,46.76401955841983],[-111.744430660794,46.764182015767986],[-111.74434590895443,46.76433943222373],[-111.7442390440296,46.76449025787098],[-111.74411111806081,46.76463300767397],[-111.74396339047969,46.76476627610081],[-111.74379731571149,46.764888750964374],[-111.74361452885711,46.76499922634466],[-111.74341682959509,46.76509661446482],[-111.74320616446151,46.76517995640399],[-111.7429846076828,46.76524843154135],[-111.74275434074997,46.76530136563828],[-111.74251763093561,46.765338237478815],[-111.73476744035689,46.76626826591629],[-111.73449866428405,46.76628998895287],[-111.7342280674339,46.76629101472454],[-111.73395896396234,46.766271330667905],[-111.71444848146308,46.76408126358148],[-111.71421222629965,46.76404635479675],[-111.71398209921625,46.76399547333035],[-111.71376034660359,46.763929115874106],[-111.71354913308673,46.7638479301903],[-111.71335052039149,46.763752708787024],[-111.71316644721651,46.76364438117984],[-111.71299871030735,46.76352400481626],[-111.71284894691753,46.763392754751344],[-111.71271861882778,46.763251912174894],[-111.71260899807935,46.76310285190331],[-111.71252115456073,46.762947028957335],[-111.7124559455688,46.762785964357455],[-111.71241400744599,46.7626212302754],[-111.712395749375,46.76245443468678],[-111.71240134939163,46.762287205674895],[-111.71243075265377,46.76212117553875],[-111.71250076259767,46.76184117702088],[-111.71255239232987,46.76168120106611],[-111.7137699454773,46.75861437368588],[-111.71345391958262,46.74442707367471],[-111.71240388034454,46.742864327253905],[-111.71231255532014,46.74270864006058],[-111.71224396472327,46.7425474491433],[-111.71219878418118,46.74238234265985],[-111.71217745865943,46.74221494733217],[-111.71218019808461,46.74204691241814],[-111.71220697528327,46.74187989346195],[-111.71225752625679,46.74171553598312],[-111.71233135278948,46.74155545926473],[-111.71242772736375,46.74140124040107],[-111.7125457003338,46.74125439876099],[-111.71268410928681,46.7411163810208],[-111.7128415904994,46.74098854691369],[-111.71301659237592,46.740872155835696],[-111.71320739073667,46.740768354440846],[-111.71341210580479,46.74067816534671],[-111.71362872072494,46.7406024770623],[-111.71385510143102,46.74054203523661],[-111.71408901766755,46.740497435314765],[-111.71432816495769,46.74046911667348],[-111.71457018730167,46.740457358293675],[-111.71481270038218,46.74046227601284],[-111.72303249093505,46.74091226210409],[-111.72326692899846,46.740933028011625],[-111.72349737573323,46.74096937907592],[-111.72372167669917,46.74102097545842],[-111.72393773489986,46.741087334794116],[-111.72414353038361,46.74116783669985],[-111.72433713912513,46.74126172857279],[-111.72451675101112,46.741368132624594],[-111.72468068676208,46.74148605408617],[-111.72482741363189,46.741614390505426],[-111.72495555973875,46.74175194205257],[-111.72506392689317,46.74189742273518],[-111.72515150180327,46.742049472419495],[-111.72521746555228,46.742206669545084],[-111.72526120125984,46.7423675444139],[-111.72528229985477,46.74253059293021],[-111.72528056390584,46.742694290662236],[-111.72525600947377,46.74285710709464],[-111.72520886596742,46.74301751993835],[-111.72441893833587,46.74516753637982],[-111.7244149841309,46.74517815456181],[-111.72028375727052,46.756123277480526],[-111.73586582945711,46.759326096494696]]]},"properties":{"fire_id":"F4472","date":"2026-09-26","area_ha":321.4,"cumulative_ha":1107.2,"frp_sum":20.8,"n_detections":12,"first_seen":"2026-09-24","last_seen":"2026-09-26","centroid":[-111.72386,46.75601],"history":[{"date":"2026-09-24","area_ha":419.7},{"date":"2026-09-25","area_ha":927.9},{"date":"2026-09-26","area_ha":321.4}],"track":[[-111.73906235788948,46.75023002014371],[-111.7280063537785,46.75227354612915],[-111.72386062002853,46.75600625858106]],"growth_24h_ha":-606.53,"speed_km_day":0.52,"bearing_deg":47.05,"direction":"NE"}},{"type":"Feature","geometry":{"type":"Polygon","coordinates":[[[-103.64721648910565,47.900583596223804],[-103.64717854930947,47.900757335159184],[-103.64711456238793,47.90092747125303],[-103.64702521161229,47.90109218719781],[-103.64691145119647,47.901249723564426],[-103.64677449611172,47.90139839759768],[-103.64661580911469,47.901536621193216],[-103.64643708512752,47.901662917863966],[-103.64624023313603,47.90177593851459],[-103.64602735579975,47.901874475855315],[-103.64556734926148,47.9020644811291],[-103.64534897392107,47.90214481154606],[-103.64511997555778,47.902209890373186],[-103.64488262983805,47.90225907087172],[-103.64463929539947,47.90229186429543],[-103.64439239040692,47.90230794474878],[-103.64414436851635,47.90230715242672],[-103.64389769448573,47.9022894952033],[-103.6436548196753,47.90225514855315],[-103.64341815768121,47.90220445380743],[-103.64319006034492,47.90213791476062],[-103.64297279437693,47.90205619266254],[-103.64276851882742,47.90196009964529],[-103.64257926362797,47.90185059065038],[-103.64240690941762,47.90172875393664],[-103.64225316885394,47.90159580026312],[-103.64211956959473,47.90145305085461],[-103.64200743911975,47.90130192426978],[-103.6419178915428,47.90114392230201],[-103.64185181654551,47.900980615053726],[-103.64180987054223,47.90081362533233],[-103.64179247016398,47.90064461252285],[-103.6417997881255,47.90047525609767],[-103.64183175151672,47.90030723892752],[-103.64276187953978,47.89679725920477],[-103.64281744767997,47.896633968205286],[-103.6428962923426,47.89647521146411],[-103.64299764630373,47.89632253346955],[-103.64312052337276,47.896177419558775],[-103.64326372799175,47.89604128146931],[-103.64342586687061,47.89591544360697],[-103.64360536254462,47.89580113016369],[-103.64380046872239,47.895699453210426],[-103.64400928727501,47.89561140188104],[-103.64422978670088,47.89553783275194],[-103.64445982188685,47.895479461511194],[-103.64469715497351,47.89543685599812],[-103.64493947712162,47.895410430680805],[-103.64518443096853,47.89540044262527],[-103.64542963355576,47.8954069889954],[-103.64567269950574,47.895430006108036],[-103.64591126422155,47.89546927005237],[-103.6461430068852,47.89552439886737],[-103.64636567303013,47.895594856256615],[-103.6465770964693,47.89567995680393],[-103.64677522036506,47.89577887263944],[-103.64695811723662,47.89589064149112],[-103.64712400771019,47.896014176043956],[-103.64727127782956,47.896148274515085],[-103.64739849475893,47.89629163234304],[-103.64750442072477,47.89644285487672],[-103.6475880250616,47.8966004709411],[-103.64764849424364,47.89676294714801],[-103.64768523980524,47.896928702812254],[-103.64769790407239,47.89709612532865],[-103.64768636364938,47.897263585860046],[-103.64721648910565,47.900583596223804]]]},"properties":{"fire_id":"F4706","date":"2026-09-26","area_ha":26.7,"cumulative_ha":26.7,"frp_sum":2.9,"n_detections":3,"first_seen":"2026-09-26","last_seen":"2026-09-26","centroid":[-103.64482,47.8989],"history":[{"date":"2026-09-26","area_ha":26.7}],"track":[[-103.6448209019186,47.89889681846709]],"growth_24h_ha":null,"speed_km_day":null,"bearing_deg":null,"direction":null}},{"type":"Feature","geometry":{"type":"Polygon","coordinates":[[[-97.84593251878516,36.518353319528906],[-97.84612989819064,36.51839479153207],[-97.84632130252696,36.51845115949428],[-97.84650494453277,36.51852189707589],[-97.84667910941471,36.518606343758385],[-97.84684217085733,36.518703711010986],[-97.84699260620769,36.51881308965244],[-97.84712901069285,36.51893345833931],[-97.84725011053735,36.51906369310169],[-97.84735477485837,36.5192025778372],[-97.84744202622755,36.5193488156653],[-97.84751104980043,36.51950104103624],[-97.8475612009287,36.51965783248134],[-97.84759201118358,36.519817725885666],[-97.84760319273424,36.51997922815923],[-97.84759464104006,36.52014083117927],[-97.84756643583158,36.52030102587288],[-97.84751884037068,36.52045831630924],[-97.8474522989967,36.52061123366919],[-97.84736743298139,36.520758349962115],[-97.84726503473112,36.52089829136173],[-97.84714606039032,36.521029751036444],[-97.84701162091535,36.521151501354275],[-97.84686297170164,36.521262405348246],[-97.84670150086136,36.521361427335385],[-97.84652871626078,36.52144764258978],[-97.84634623143842,36.52152024597956],[-97.84615575053559,36.521578559486834],[-97.84595905238007,36.52162203854071],[-97.8457579738718,36.52165027710357],[-97.84555439282552,36.521663011463765],[-97.84535021043115,36.521660122698755],[-97.84021009688374,36.521390116971645],[-97.83998066289453,36.521368027583044],[-97.83975564689653,36.52132622544926],[-97.83953774050762,36.52126521060339],[-97.83577767670175,36.52002518626921],[-97.83558957237547,36.51995434059605],[-97.83541118751891,36.519869171841194],[-97.83524425515847,36.51977050744251],[-97.83509039703787,36.51965930594835],[-97.834951107862,36.51953664770365],[-97.83482774077567,36.519403724352756],[-97.8347214942187,36.519261827260806],[-97.83463340028499,36.5191123349667],[-97.83456431469843,36.518956699789136],[-97.83451490850315,36.5187964337162],[-97.83448566154854,36.51863309371556],[-97.83447685783226,36.518468266608025],[-97.83448858274627,36.518303553651386],[-97.83452072225249,36.51814055498449],[-97.8345729639958,36.51798085408255],[-97.83464480034343,36.51782600237457],[-97.8347355333211,36.51767750417263],[-97.83484428139758,36.51753680205922],[-97.83496998805181,36.517405262874334],[-97.83511143203904,36.51728416443881],[-97.83526723925644,36.517174683142514],[-97.83543589609242,36.51707788251794],[-97.83561576413048,36.51699470291022],[-97.83580509606433,36.5169259523439],[-97.83600205267001,36.51687229867466],[-97.83620472066998,36.51683426310306],[-97.83641113131618,36.51681221511219],[-97.83661927951113,36.51680636887918],[-97.83682714328197,36.51681678119508],[-97.8370327034182,36.51684335091338],[-97.84593251878516,36.518353319528906]]]},"properties":{"fire_id":"F0503","date":"2026-09-26","area_ha":44.2,"cumulative_ha":97.4,"frp_sum":2.2,"n_detections":3,"first_seen":"2026-08-25","last_seen":"2026-09-26","centroid":[-97.84099,36.51935],"history":[{"date":"2026-08-25","area_ha":39.0},{"date":"2026-08-27","area_ha":34.2},{"date":"2026-08-28","area_ha":30.9},{"date":"2026-08-29","area_ha":37.2},{"date":"2026-08-30","area_ha":37.0},{"date":"2026-08-31","area_ha":27.1},{"date":"2026-09-01","area_ha":37.0},{"date":"2026-09-02","area_ha":24.9},{"date":"2026-09-03","area_ha":42.2},{"date":"2026-09-04","area_ha":51.1},{"date":"2026-09-05","area_ha":57.4},{"date":"2026-09-06","area_ha":36.7},{"date":"2026-09-09","area_ha":56.2},{"date":"2026-09-11","area_ha":36.4},{"date":"2026-09-14","area_ha":26.2},{"date":"2026-09-15","area_ha":25.5},{"date":"2026-09-17","area_ha":43.1},{"date":"2026-09-18","area_ha":31.0},{"date":"2026-09-19","area_ha":42.0},{"date":"2026-09-22","area_ha":32.4},{"date":"2026-09-23","area_ha":45.5},{"date":"2026-09-26","area_ha":44.2}],"track":[[-97.83960317058146,36.51820203451561],[-97.83982621340171,36.51760756518621],[-97.83782186910936,36.51812062127599],[-97.83973643334555,36.518623058114464],[-97.83856128159563,36.51965026119555],[-97.83902933109232,36.518884070591575],[-97.83953515785444,36.51877170225791],[-97.83989099817154,36.5195254617066],[-97.83959108481139,36.51882832039013],[-97.84125375845463,36.51961230048142],[-97.84011253199265,36.52012672690872],[-97.83810391456286,36.51891713824421],[-97.8401500422728,36.51818751914627],[-97.8392750849148,36.51834068824824],[-97.83951662071385,36.51884832545259],[-97.84096802122274,36.51916035481291],[-97.83959090348758,36.51832167929997],[-97.83942395971515,36.51914011064365],[-97.83940365185919,36.518507664540486],[-97.84048627198193,36.518625546643065],[-97.83895489832719,36.51888043325605],[-97.84099451249097,36.519351857642604]],"growth_24h_ha":-0.45,"speed_km_day":0.06,"bearing_deg":287.38,"direction":"WNW"}},{"type":"Feature","geometry":{"type":"Polygon","coordinates":[[[-119.63531101944207,37.62567638533322],[-119.63545423635476,37.6258041684512],[-119.63558011848538,37.62594261314252],[-119.63568737010452,37.626090294478274],[-119.63577488721526,37.626245692453665],[-119.63584176891946,37.62640720763107],[-119.63588732669479,37.62657317760097],[-119.63591109148649,37.62674189409147],[-119.6359128185411,37.62691162055019],[-119.6358924899314,37.62708061001771],[-119.63585031474746,37.62724712310865],[-119.63578672695034,37.62740944591531],[-119.63261688842928,37.634239497370054],[-119.63254995025177,37.63436703911028],[-119.63246977994478,37.63448985101695],[-119.63237692147159,37.63460709970164],[-119.62611701542068,37.641827189236395],[-119.62598980266468,37.6419593296773],[-119.6258464952502,37.64208103867258],[-119.62568849114129,37.64219112888764],[-119.62551733169701,37.642288526330155],[-119.6253346866347,37.64237228082913],[-119.62514233774004,37.64244157530577],[-119.61913223237613,37.64433161411784],[-119.61892226162617,37.64438797418993],[-119.61870594471037,37.6444271053574],[-119.60926574154809,37.645737133916846],[-119.60905262931514,37.64575818019215],[-119.60883788641277,37.64576250053077],[-119.60862366604873,37.64575005161309],[-119.60841211619018,37.645720958263134],[-119.60820535802206,37.645675512196654],[-119.60800546467402,37.64561416909554],[-119.60781444042995,37.64553754403796],[-119.60763420062811,37.64544640532989],[-119.60746655245426,37.645341666800114],[-119.60731317681999,37.64522437863587],[-119.60717561150821,37.64509571685128],[-119.6070552357549,37.644956971494274],[-119.60395529826904,37.64096692571278],[-119.60385994263014,37.640830212073226],[-119.603781289601,37.64068717947009],[-119.6037200197403,37.64053906569545],[-119.60298604439267,37.63843425335087],[-119.59512305693961,37.62953102112494],[-119.59377340990645,37.62810252721071],[-119.5936593717581,37.62796883313504],[-119.59356229190082,37.62782722666376],[-119.59348306466013,37.62767901245761],[-119.59342241986639,37.627525556048475],[-119.59338091613422,37.62736827125738],[-119.59335893571999,37.62720860716805],[-119.59335668100417,37.627048034775726],[-119.59337417263166,37.62688803343453],[-119.59341124932607,37.62673007722815],[-119.59346756938037,37.62657562138942],[-119.59354261380929,37.626426088893815],[-119.59363569113482,37.626282857350716],[-119.59374594376015,37.626147246312506],[-119.59387235587367,37.62602050511912],[-119.59401376280938,37.625903801389455],[-119.59416886177837,37.625798210265884],[-119.59490641703754,37.625342817070255],[-119.5955868961486,37.61647538625581],[-119.59183599869226,37.61530572684777],[-119.5907380656271,37.615312948185874],[-119.59053921715875,37.615307051841214],[-119.59034192546568,37.615286800660535],[-119.59014788948328,37.61525236903249],[-119.58995878010536,37.61520405345736],[-119.58977622579322,37.615142269993186],[-119.58960179855002,37.615067550672414],[-119.58943700038205,37.61498053891956],[-119.58928325036337,37.61488198400954],[-119.58914187241483,37.614772734614526],[-119.58789187588005,37.613712718740125],[-119.58776130809032,37.6135908571269],[-119.58764614129507,37.613459884682555],[-119.58754741344316,37.61332098190019],[-119.58746601429893,37.613175400744716],[-119.58740267742522,37.613024453367494],[-119.58479286781603,37.60563440995236],[-119.58474687212036,37.60547361233488],[-119.58472136938205,37.60531006445696],[-119.58471660678796,37.60514535238824],[-119.58473263038704,37.60498107347827],[-119.58476928464896,37.60481882086553],[-119.58606046153878,37.600391002549685],[-119.58572687171414,37.58900826830788],[-119.5857325957865,37.58884200748748],[-119.58575944384557,37.588677011799696],[-119.58580715041299,37.58851491189333],[-119.58587524387418,37.588357309787966],[-119.58596305114439,37.588205763041934],[-119.58606970432538,37.588061769360195],[-119.58619414928644,37.587926751794065],[-119.58633515608531,37.58780204467892],[-119.58649133112564,37.587688880449],[-119.58666113093051,37.58758837745909],[-119.58684287739639,37.58750152893415],[-119.58703477437643,37.58742919315514],[-119.58723492542933,37.58737208497845],[-119.58744135255846,37.58733076877271],[-119.58765201575636,37.58730565284238],[-119.58786483316123,37.587296985393515],[-119.58807770162682,37.58730485208139],[-119.5943975610817,37.58778484152411],[-119.59459831067949,37.587807609330504],[-119.59479540401479,37.58784508476152],[-119.59498707618565,37.587896932238635],[-119.59517161082518,37.587962687486204],[-119.59534735546858,37.58804176168805],[-119.59551273634838,37.588133446759194],[-119.59566627248573,37.588236921685514],[-119.59580658895125,37.58835125987439],[-119.59593242917737,37.58847543745102],[-119.59604266621126,37.58860834242562],[-119.6028581156693,37.59774450035745],[-119.60687456015516,37.601182968620236],[-119.6070040073527,37.60130490281455],[-119.60711810263646,37.601435839748085],[-119.60721582399846,37.60157460664915],[-119.60729629607293,37.60171996060818],[-119.60735879797947,37.601870599709244],[-119.60740276978291,37.60202517469025],[-119.60742781751242,37.60218230102737],[-119.60743371669417,37.60234057133567],[-119.60737379067903,37.60490057237003],[-119.60736291677786,37.60504103431523],[-119.6061056621375,37.61458638632375],[-119.60622704184567,37.623014115320466],[-119.61325126020122,37.6247185465481],[-119.61625118874692,37.62390163466783],[-119.62108162355926,37.61799071407649],[-119.62120183789783,37.617858242232764],[-119.62133794071678,37.61773548136268],[-119.62148865098453,37.61762358685323],[-119.62165255020825,37.61752361181574],[-119.62182809578476,37.61743649717576],[-119.62201363551837,37.61736306281882],[-119.62220742316953,37.61730399987531],[-119.62240763488751,37.617259864217054],[-119.6226123863731,37.61723107122664],[-119.62281975060962,37.61721789188877],[-119.62302777599547,37.61722045024049],[-119.6232345047079,37.6172387222039],[-119.62343799112536,37.61727253581288],[-119.62363632013493,37.61732157283108],[-119.62382762515304,37.617385371746515],[-119.62401010568995,37.61746333211422],[-119.62418204429267,37.61755472020638],[-119.62795201507937,37.61977468100688],[-119.62808078644139,37.61985680820204],[-119.62820101192901,37.619946473511455],[-119.63531101944207,37.62567638533322]]]},"properties":{"fire_id":"F3397","date":"2026-09-26","area_ha":1285.5,"cumulative_ha":3263.5,"frp_sum":1219.5,"n_detections":109,"first_seen":"2026-09-16","last_seen":"2026-09-26","centroid":[-119.60711,37.62006],"history":[{"date":"2026-09-16","area_ha":1414.5},{"date":"2026-09-17","area_ha":1497.4},{"date":"2026-09-18","area_ha":1648.2},{"date":"2026-09-19","area_ha":1591.9},{"date":"2026-09-20","area_ha":1244.0},{"date":"2026-09-21","area_ha":1671.2},{"date":"2026-09-22","area_ha":1565.0},{"date":"2026-09-23","area_ha":1316.1},{"date":"2026-09-24","area_ha":1318.1},{"date":"2026-09-25","area_ha":1268.3},{"date":"2026-09-26","area_ha":1285.5}],"track":[[-119.61672797321052,37.59057742636476],[-119.60908895952895,37.59195998732117],[-119.60908991258614,37.59601651035458],[-119.60695015825091,37.60130432717371],[-119.60581930261756,37.60955317941913],[-119.60367430038325,37.61662214008957],[-119.60559703717121,37.611821866001165],[-119.60401562463841,37.61361022441675],[-119.60435585541543,37.614029474667305],[-119.60538941442366,37.616857360425],[-119.60711064755509,37.62006155292914]],"growth_24h_ha":17.14,"speed_km_day":0.39,"bearing_deg":351.5,"direction":"N"}},{"type":"Feature","geometry":{"type":"Polygon","coordinates":[[[-104.60882562534117,38.234763966061074],[-104.6088928998282,38.23492023013085],[-104.60893998347385,38.23508085432084],[-104.60896641973216,38.235244281595804],[-104.60897195219943,38.235408927737986],[-104.60895652710495,38.235573196703704],[-104.6089202938377,38.23573549609495],[-104.60886360350347,38.235894252596054],[-104.60878700552655,38.236047927225826],[-104.60869124232833,38.236195030257186],[-104.6085772421344,38.23633413565973],[-104.60844610997977,38.236463894924896],[-104.60829911699928,38.23658305014024],[-104.60603911333214,38.238243077375074],[-104.60587633463837,38.23835127765348],[-104.60570049206932,38.23844646440205],[-104.60551331756139,38.23852770006721],[-104.60531665468574,38.23859418450539],[-104.60511244048793,38.23864526286567],[-104.60490268640599,38.238680432040915],[-104.60468945845496,38.23869934562433],[-104.60447485687347,38.23870181732203],[-104.60426099543281,38.23868782278847],[-104.6040499806126,38.238657499866136],[-104.60384389084831,38.23861114722773],[-104.60364475605537,38.23854922143358],[-104.60345453763149,38.23847233243393],[-104.60327510913486,38.23838123755988],[-104.60310823782778,38.2382768340626],[-104.60295556726886,38.23816015027428],[-104.602818601124,38.23803233547793],[-104.6026986883568,38.237894648585666],[-104.60259700994344,38.237748445737665],[-104.6025145672434,38.237595166943194],[-104.60245217213998,38.23743632189627],[-104.60241043904803,38.23727347510484],[-104.60238977886722,38.23710823048073],[-104.6023903949403,38.23694221554168],[-104.60241228105586,38.23677706538143],[-104.60245522151519,38.236614406565586],[-104.60368532027613,38.23290442741679],[-104.6037471359881,38.23274957992439],[-104.6038280310397,38.23260008631818],[-104.60392724608322,38.23245734965857],[-104.6040438498457,38.23232270958132],[-104.60417674787236,38.232197429725645],[-104.60432469280065,38.232082685876044],[-104.60448629606853,38.2319795549285],[-104.60466004094715,38.23188900478524],[-104.60484429677535,38.23181188527197],[-104.60503733426259,38.23174892016374],[-104.60523734171683,38.23170070039313],[-104.60544244204489,38.23166767850568],[-104.60565071036618,38.231650164413225],[-104.60586019207435,38.2316483224862],[-104.60606892117767,38.2316621700111],[-104.60627493874625,38.231691577028485],[-104.60647631129284,38.2317362675522],[-104.60667114891532,38.2317958221592],[-104.60685762303045,38.23186968192493],[-104.60703398353257,38.231957153668056],[-104.60719857521674,38.2320574164547],[-104.60734985331176,38.23216952930177],[-104.60748639797768,38.23229244000694],[-104.60760692763182,38.23242499502216],[-104.60771031097794,38.23256595027874],[-104.60779557762591,38.23271398286182],[-104.60882562534117,38.234763966061074]]]},"properties":{"fire_id":"F4707","date":"2026-09-26","area_ha":31.8,"cumulative_ha":31.8,"frp_sum":2.9,"n_detections":3,"first_seen":"2026-09-26","last_seen":"2026-09-26","centroid":[-104.60557,38.23524],"history":[{"date":"2026-09-26","area_ha":31.8}],"track":[[-104.60556908417165,38.235242849030264]],"growth_24h_ha":null,"speed_km_day":null,"bearing_deg":null,"direction":null}},{"type":"Feature","geometry":{"type":"Polygon","coordinates":[[[-112.82007306907379,38.93994814326063],[-112.82006674327317,38.94011118598417],[-112.82003972200312,38.940272981640874],[-112.81999226203357,38.94043199194711],[-112.81992481446444,38.94058670509114],[-112.8198380204416,38.94073565010748],[-112.81973270506528,38.94087741086334],[-112.81960986954913,38.941010639523974],[-112.81947068170375,38.941134069369],[-112.8193164648356,38.941246526837595],[-112.81914868516633,38.941346942688185],[-112.81896893789256,38.94143436216622],[-112.81877893201826,38.94150795408353],[-112.81858047410412,38.94156701872262],[-112.81837545108863,38.94161099449095],[-112.81816581234412,38.941639463261566],[-112.81795355113867,38.94165215434951],[-112.81774068568009,38.941648947086115],[-112.81752923992276,38.9416298719665],[-112.81732122431954,38.9415951103596],[-112.81711861670233,38.9415449927833],[-112.81692334347306,38.94147999576127],[-112.8167372612842,38.94140073729111],[-112.81656213938301,38.94130797096734],[-112.81639964278772,38.94120257881485],[-112.81625131645546,38.94108556290119],[-112.81611857059285,38.940958035807306],[-112.81600266724848,38.940821210047794],[-112.81590470831532,38.94067638654085],[-112.8158256250565,38.94052494223798],[-112.8157661692545,38.94036831703095],[-112.81572690606731,38.94020800006071],[-112.81521698884065,38.937367991077544],[-112.81519810741396,38.93720176411279],[-112.81520093269836,38.93703492287831],[-112.81522543643779,38.936869127200104],[-112.81527137471078,38.93670602649098],[-112.81533829036297,38.93654724334196],[-112.81542551756044,38.93639435738065],[-112.81553218841854,38.936248889557646],[-112.81565724164017,38.93611228701704],[-112.81579943307713,38.93598590870113],[-112.81595734810966,38.93587101183345],[-112.81612941572065,38.93576873941314],[-112.81631392412474,38.935680108846256],[-112.81650903779658,38.93560600182619],[-112.81671281572908,38.935547155564144],[-112.81692323074,38.93550415545687],[-112.8171381896351,38.93547742926418],[-112.8173555540272,38.93546724285463],[-112.81757316160444,38.93547369756117],[-112.81778884763631,38.93549672917327],[-112.81800046650365,38.93553610857568],[-112.81820591303874,38.93559144402699],[-112.81840314346348,38.93566218505602],[-112.8185901957174,38.935747627936614],[-112.81876520897345,38.935846922687084],[-112.81892644214778,38.93595908152414],[-112.81907229121924,38.93608298868782],[-112.81920130518657,38.936217411539396],[-112.8193122005042,38.93636101282204],[-112.81940387385355,38.936512363962336],[-112.81947541312222,38.936669959280614],[-112.81994544548553,38.93789995126],[-112.81999151039764,38.93804384002486],[-112.82002077873018,38.9381902871412],[-112.82003302081942,38.93833814397219],[-112.82007306907379,38.93994814326063]]]},"properties":{"fire_id":"F0505","date":"2026-09-26","area_ha":23.5,"cumulative_ha":104.6,"frp_sum":5.0,"n_detections":3,"first_seen":"2026-08-25","last_seen":"2026-09-26","centroid":[-112.81767,38.93855],"history":[{"date":"2026-08-25","area_ha":26.9},{"date":"2026-08-26","area_ha":69.2},{"date":"2026-08-27","area_ha":62.1},{"date":"2026-08-29","area_ha":33.7},{"date":"2026-09-01","area_ha":30.8},{"date":"2026-09-04","area_ha":33.6},{"date":"2026-09-05","area_ha":49.4},{"date":"2026-09-06","area_ha":52.1},{"date":"2026-09-08","area_ha":25.1},{"date":"2026-09-09","area_ha":29.9},{"date":"2026-09-10","area_ha":36.5},{"date":"2026-09-12","area_ha":54.7},{"date":"2026-09-15","area_ha":38.3},{"date":"2026-09-16","area_ha":25.6},{"date":"2026-09-18","area_ha":58.6},{"date":"2026-09-19","area_ha":33.0},{"date":"2026-09-20","area_ha":22.4},{"date":"2026-09-21","area_ha":54.9},{"date":"2026-09-23","area_ha":34.6},{"date":"2026-09-24","area_ha":39.9},{"date":"2026-09-25","area_ha":40.8},{"date":"2026-09-26","area_ha":23.5}],"track":[[-112.81616778174505,38.93857901654445],[-112.81787392127804,38.93902699080769],[-112.81769796359504,38.93847344330768],[-112.81698503881918,38.93861132683196],[-112.81878223468313,38.93899389843396],[-112.81761348364094,38.93777466430048],[-112.81619458438617,38.93798531162633],[-112.81823996548053,38.939218736369234],[-112.81720553423254,38.93843932376852],[-112.81707981543913,38.938022554728214],[-112.81748208261476,38.93829160708909],[-112.81779992724982,38.93866924356078],[-112.81746500208234,38.9387109944584],[-112.81798090364155,38.9390296494111],[-112.81998397993652,38.9379742608215],[-112.8166678394406,38.93805715522767],[-112.81773459079602,38.93751057725155],[-112.81659770582128,38.93928074543587],[-112.81851881406043,38.938578559842014],[-112.81770122983315,38.93864753103893],[-112.81710807858718,38.93817100106288],[-112.81767250009676,38.93855486467426]],"growth_24h_ha":-17.33,"speed_km_day":0.06,"bearing_deg":321.73,"direction":"NW"}},{"type":"Feature","geometry":{"type":"Polygon","coordinates":[[[-105.23023527664684,39.847248712995075],[-105.2302908072365,39.84740540345625],[-105.23032602743349,39.847565427146016],[-105.23034060605006,39.84772727992575],[-105.23033440591455,39.847889440453805],[-105.23030748516584,39.84805038448536],[-105.23026009671223,39.84820859919955],[-105.23019268585915,39.848362597420156],[-105.23010588612836,39.84851093159514],[-105.2300005133072,39.84865220740428],[-105.22987755778416,39.84878509686674],[-105.2297381752423,39.848908350825376],[-105.22958367579807,39.84902081069009],[-105.22941551168763,39.84912141933017],[-105.22923526361623,39.849209231012956],[-105.229044625899,39.84928342029531],[-105.22884539053288,39.84934328978427],[-105.22863943034963,39.84938827669404],[-105.22842868140808,39.84941795813714],[-105.22821512479156,39.849432055100685],[-105.22800076798167,39.84943043506963],[-105.22778762598354,39.84941311327263],[-105.22757770238044,39.84938025253903],[-105.22737297049576,39.84933216176777],[-105.22717535483977,39.84926929302312],[-105.22698671301568,39.84919223728421],[-105.22680881825525,39.84910171888875],[-105.22664334274836,39.8489985887227],[-105.22649184192299,39.84888381622049],[-105.22635573982393,39.84875848025072],[-105.22623631572739,39.8486237589731],[-105.22613469211721,39.84848091876236],[-105.22478473795515,39.84634089664658],[-105.22470014347323,39.846187658130404],[-105.22463603733257,39.846028827969384],[-105.22459305089329,39.8458659707704],[-105.22457160745944,39.8457006907989],[-105.22457191811459,39.845534616174994],[-105.22459397964843,39.84536938283504],[-105.22463757459423,39.84520661841669],[-105.22470227337676,39.84504792622613],[-105.22478743854944,39.84489486944537],[-105.22489223107831,39.84474895573533],[-105.22518223701499,39.84438896023017],[-105.22530561803879,39.844251631966806],[-105.2254463771732,39.844124235931844],[-105.22560312793995,39.844008026895246],[-105.2257743263758,39.8439041494362],[-105.22595828624019,39.84381362667142],[-105.22615319562306,39.84373735018008],[-105.22635713478948,39.843676071223776],[-105.22656809508531,39.843630393348846],[-105.2267839987177,39.84360076644304],[-105.22700271921603,39.843587482305374],[-105.22722210237167,39.84359067177282],[-105.22743998745078,39.84361030343193],[-105.2276542284712,39.84364618392826],[-105.22786271533427,39.84369795987019],[-105.22806339460351,39.84376512130888],[-105.22825428972597,39.84384700675978],[-105.22843352049675,39.84394280971651],[-105.22859932157583,39.84405158659262],[-105.22875005987423,39.84417226601385],[-105.22888425063894,39.84430365936849],[-105.22900057207762,39.844444472512734],[-105.22909787837968,39.844593318515614],[-105.22917521100472,39.84474873131777],[-105.23023527664684,39.847248712995075]]]},"properties":{"fire_id":"F4708","date":"2026-09-26","area_ha":22.9,"cumulative_ha":22.9,"frp_sum":1.2,"n_detections":3,"first_seen":"2026-09-26","last_seen":"2026-09-26","centroid":[-105.2275,39.8465],"history":[{"date":"2026-09-26","area_ha":22.9}],"track":[[-105.22750320588389,39.846502556594395]],"growth_24h_ha":null,"speed_km_day":null,"bearing_deg":null,"direction":null}},{"type":"Feature","geometry":{"type":"Polygon","coordinates":[[[-110.39010044423176,40.1380269004743],[-110.39021121712211,40.13817022480346],[-110.39030262469042,40.13832111175982],[-110.39037376881718,40.1384780790204],[-110.39042395043771,40.13863958451855],[-110.3904526764146,40.13880404159256],[-110.39045966438789,40.13896983457237],[-110.39041971673512,40.14065983530281],[-110.390405878232,40.14081893789339],[-110.3903720164443,40.140976325646015],[-110.39031843861405,40.14113056990915],[-110.39024563095936,40.14128027055601],[-110.39015425426527,40.14142406869487],[-110.39004513788942,40.141560659005044],[-110.38991927223671,40.1416888015871],[-110.38977779977174,40.14180733321915],[-110.38962200464961,40.14191517791757],[-110.38945330106021,40.14201135670573],[-110.38927322039082,40.142094996502195],[-110.38908339732407,40.14216533804768],[-110.38888555499763,40.1422217427987],[-110.38868148935995,40.14226369872515],[-110.3884730528645,40.14229082495946],[-110.38826213765053,40.14230287525468],[-110.38589208234872,40.1423528764665],[-110.38567798666321,40.14234960326709],[-110.38546530531356,40.14233079675313],[-110.38525601708963,40.142296631901274],[-110.38505206920513,40.14224742658251],[-110.38485535917715,40.14218363860399],[-110.38466771716872,40.14210586144876],[-110.38449088895852,40.14201481875293],[-110.38432651969651,40.14191135757158],[-110.38417613859657,40.14179644049654],[-110.38404114470879,40.141671136699],[-110.38392279390357,40.141536611980506],[-110.38382218718885,40.141394117925294],[-110.38374026046917,40.141244980254285],[-110.38367777584125,40.141090586489774],[-110.38363531450779,40.14093237304541],[-110.38361327137441,40.140771811861526],[-110.38361185138065,40.140610396710436],[-110.38363106759822,40.14044962929867],[-110.3836707411146,40.14029100529629],[-110.3837305027027,40.140136000422245],[-110.38380979626062,40.13998605671609],[-110.38390788398961,40.1398425691231],[-110.38574792687298,40.13744259823775],[-110.38586475825879,40.13730598367869],[-110.38599861879554,40.13717855755766],[-110.38614824567026,40.1370615219016],[-110.3863122273647,40.13695598071714],[-110.38648901697111,40.13686292957775],[-110.38667694678432,40.13678324623419],[-110.38687424403221,40.13671768233602],[-110.38707904759652,40.136666856342764],[-110.38728942556615,40.13663124769115],[-110.38750339345772,40.136611192273534],[-110.38771893293145,40.13660687927018],[-110.387934010826,40.13661834936506],[-110.38814659833324,40.136645494362256],[-110.38835469013166,40.1366880582063],[-110.38855632329877,40.136745639396956],[-110.38874959582374,40.13681769477579],[-110.3889326845461,40.13690354464875],[-110.38910386235152,40.13700237919627],[-110.38926151446205,40.137113266111015],[-110.38940415366801,40.13723515939085],[-110.38953043435725,40.13736690920411],[-110.39010044423176,40.1380269004743]]]},"properties":{"fire_id":"F4709","date":"2026-09-26","area_ha":28.9,"cumulative_ha":28.9,"frp_sum":6.2,"n_detections":4,"first_seen":"2026-09-26","last_seen":"2026-09-26","centroid":[-110.38728,40.13975],"history":[{"date":"2026-09-26","area_ha":28.9}],"track":[[-110.3872821871494,40.13974502384144]],"growth_24h_ha":null,"speed_km_day":null,"bearing_deg":null,"direction":null}},{"type":"Feature","geometry":{"type":"Polygon","coordinates":[[[-114.26149532702284,40.82198509684881],[-114.26154720331442,40.82213918266153],[-114.26157929280907,40.822296247847824],[-114.2615913063937,40.82245487796173],[-114.26158313574494,40.8226136444543],[-114.26155485430965,40.822771117538366],[-114.26150671664809,40.822925879064734],[-114.26143915614628,40.823076535293886],[-114.26028921136297,40.825286555194666],[-114.26020029782842,40.82543550301288],[-114.26009240506909,40.82557728278234],[-114.25996655668575,40.82571054926177],[-114.259823946666,40.82583403797837],[-114.25966592805767,40.82594657722705],[-114.25949400013205,40.82604709918954],[-114.25930979415871,40.82613465006803],[-114.25911505792689,40.826208399136696],[-114.2589116391602,40.826267646625624],[-114.25870146798253,40.82631183036182],[-114.25848653860095,40.82634053110453],[-114.2582688903803,40.82635347652419],[-114.25805058848869,40.82635054378687],[-114.25783370429795,40.826331760720166],[-114.25762029572515,40.826297305549005],[-114.25741238770183,40.82624750520425],[-114.25721195295674,40.8261828322199],[-114.25702089329424,40.82610390024842],[-114.25684102154638,40.826011458236906],[-114.25667404437004,40.82590638331934],[-114.2565215460523,40.825789672492384],[-114.251971565724,40.82194960923355],[-114.25183256129209,40.821819837322266],[-114.25171146651984,40.8216804101635],[-114.25160947460415,40.82153270171875],[-114.25152759047708,40.82137816754672],[-114.25146662090681,40.821218330458535],[-114.25142716655218,40.82105476551025],[-114.25140961604909,40.82088908448128],[-114.25141414218649,40.82072291999103],[-114.25144070020987,40.82055790941089],[-114.2514890282682,40.82039567872979],[-114.25155865000013,40.82023782653231],[-114.25164887923357,40.82008590824741],[-114.25175882675201,40.81994142082274],[-114.25261884277243,40.818931434294406],[-114.25274148724345,40.818801469358895],[-114.25288008308054,40.81868078179639],[-114.25303338012307,40.818570460160984],[-114.25319999563042,40.81847149950514],[-114.25337842675445,40.818384792406135],[-114.25356706409394,40.818311120916896],[-114.25376420620957,40.818251149513564],[-114.2539680749682,40.81820541910338],[-114.2541768315782,40.818174342147245],[-114.25438859317137,40.818158198940154],[-114.25460144978194,40.81815713508372],[-114.2548134815699,40.81817116017326],[-114.255022776133,40.818200147711266],[-114.25522744575201,40.81824383624803],[-114.25942736262147,40.81930381129072],[-114.25962579016118,40.81936187467539],[-114.25981593886118,40.81943375309193],[-114.25999608972688,40.81951879675307],[-114.26016461412888,40.819616236853896],[-114.2603199885247,40.81972519252058],[-114.26046080823156,40.81984467877235],[-114.26058580012527,40.8199736154243],[-114.26069383415083,40.82011083685121],[-114.26078393354037,40.82025510252373],[-114.26085528364625,40.820405108221955],[-114.26149532702284,40.82198509684881]]]},"properties":{"fire_id":"F3977","date":"2026-09-26","area_ha":52.6,"cumulative_ha":85.2,"frp_sum":6.8,"n_detections":5,"first_seen":"2026-09-21","last_seen":"2026-09-26","centroid":[-114.25679,40.82197],"history":[{"date":"2026-09-21","area_ha":64.2},{"date":"2026-09-22","area_ha":37.9},{"date":"2026-09-23","area_ha":57.8},{"date":"2026-09-24","area_ha":36.6},{"date":"2026-09-25","area_ha":22.9},{"date":"2026-09-26","area_ha":52.6}],"track":[[-114.25719438597349,40.824004930710345],[-114.25724908800774,40.82321623857535],[-114.25789180161486,40.82320816094327],[-114.25678241103815,40.82124841168942],[-114.25533247779532,40.822252461490834],[-114.25678642592631,40.82197414077979]],"growth_24h_ha":29.77,"speed_km_day":0.13,"bearing_deg":266.63,"direction":"W"}},{"type":"Feature","geometry":{"type":"Polygon","coordinates":[[[-112.33343348492721,41.47330310091962],[-112.33349997766658,41.473469969740755],[-112.33425004603558,41.47578995599095],[-112.33429162214959,41.47595444541598],[-112.33431082927088,41.476121185870205],[-112.33430747557304,41.47628851345692],[-112.33428159436254,41.47645475840783],[-112.33423344375248,41.47661826174567],[-112.3341635040934,41.47677739183988],[-112.33407247318534,41.47693056068963],[-112.33396125931995,41.477076239772096],[-112.33383097222062,41.47721297529746],[-112.33368291197206,41.47733940271843],[-112.33351855604874,41.47745426034962],[-112.33333954457208,41.477556401960236],[-112.33314766394324,41.47764480821512],[-112.33294482901493,41.477718596848895],[-112.33273306398031,41.477777031472584],[-112.33251448216951,41.477819528924],[-112.33229126495588,41.47784566508874],[-112.33206563998245,41.47785517913375],[-112.3318398589261,41.477847976110915],[-112.33161617502174,41.477824127904825],[-112.3313968205708,41.477783872515296],[-112.33118398465899,41.47772761168157],[-112.32551388138275,41.475987570761745],[-112.32531288982604,41.475917123639114],[-112.32512220957946,41.47583240394892],[-112.32494368311114,41.475734230325514],[-112.32477903542886,41.475623551402926],[-112.324629857411,41.4755014366464],[-112.32449759043448,41.475369066016896],[-112.32438351244843,41.475227718567595],[-112.32428872562821,41.47507876008323],[-112.32421414572846,41.474923629881395],[-112.32416049323892,41.47476382690392],[-112.32412828642724,41.47460089523205],[-112.32411783633668,41.47443640916628],[-112.32412924378633,41.474271958014334],[-112.32416239840288,41.47410913073475],[-112.3242169796928,41.47394950058411],[-112.3242924601449,41.47379460991677],[-112.32438811033218,41.473645955283196],[-112.32752819717027,41.46932600739907],[-112.32764039505221,41.46918798519437],[-112.32776997591621,41.46905858282658],[-112.32791574128218,41.46893899702921],[-112.32807634301334,41.46883033374438],[-112.32825029578518,41.46873359789636],[-112.32843599082202,41.46864968409968],[-112.32863171077453,41.46857936838718],[-112.32883564560022,41.46852330103466],[-112.32904590930065,41.468482000548306],[-112.32926055736009,41.46845584887082],[-112.329477604725,41.46844508784983],[-112.32969504415796,41.468449817001925],[-112.32991086479649,41.46846999259252],[-112.33012307074542,41.46850542804015],[-112.33032969953098,41.468555795641684],[-112.33052884024607,41.46862062960214],[-112.33071865121921,41.46869933034139],[-112.33089737704387,41.4687911700379],[-112.33106336481059,41.46889529935823],[-112.33121507939232,41.46901075531026],[-112.33135111764122,41.46913647014733],[-112.33147022136596,41.46927128124147],[-112.33157128896933,41.4694139418338],[-112.33165338563852,41.469563132563486],[-112.33343348492721,41.47330310091962]]]},"properties":{"fire_id":"F4663","date":"2026-09-26","area_ha":58.7,"cumulative_ha":220.3,"frp_sum":15.1,"n_detections":4,"first_seen":"2026-09-25","last_seen":"2026-09-26","centroid":[-112.32949,41.4735],"history":[{"date":"2026-09-25","area_ha":215.4},{"date":"2026-09-26","area_ha":58.7}],"track":[[-112.3250906277467,41.47490355889147],[-112.32948680659665,41.4735043495322]],"growth_24h_ha":-156.72,"speed_km_day":0.4,"bearing_deg":256.59,"direction":"WSW"}},{"type":"Feature","geometry":{"type":"Polygon","coordinates":[[[-111.59656286263365,42.68618930760106],[-111.59583646152616,42.689173123560764],[-111.5957861815156,42.68933348781008],[-111.59571459447895,42.68948949236452],[-111.59562238853633,42.689639637341664],[-111.59551045006104,42.689782479184544],[-111.59537985516197,42.68991664454207],[-111.59523185934069,42.690040843474634],[-111.59506788542309,42.69015388185801],[-111.59488950988087,42.69025467286619],[-111.59469844767492,42.69034224742261],[-111.59449653576594,42.69041576351937],[-111.59428571545118,42.69047451431447],[-111.5940680136969,42.69051793492943],[-111.59384552364644,42.690545607881816],[-111.59362038449132,42.69055726709997],[-111.59339476089917,42.69055280048202],[-111.59317082219638,42.69053225097394],[-111.58920585364824,42.69002335601746],[-111.58917743359505,42.6900348920704],[-111.58896480656267,42.690101786631736],[-111.58874403262162,42.69015277101797],[-111.58851734661286,42.690187329119475],[-111.58828704323678,42.69020511110746],[-111.58805545381966,42.69020593697611],[-111.58782492270906,42.69018979836524],[-111.58759778353705,42.69015685864484],[-111.5873763355923,42.690107451261014],[-111.58716282054002,42.690042076359724],[-111.58695939972579,42.68996139572261],[-111.58594938665334,42.68951138550304],[-111.58576618926628,42.689420658016786],[-111.58559580463707,42.68931751787347],[-111.5854398102996,42.68920292005489],[-111.58529965052679,42.68907792562475],[-111.58517662295877,42.68894369190257],[-111.58507186658987,42.6888014617466],[-111.58498635122528,42.688652552044765],[-111.58492086850514,42.688498341520315],[-111.58487602457897,42.68834025796545],[-111.5848522344982,42.688179765020855],[-111.58484971837845,42.688018348623665],[-111.58486849936682,42.68785750324945],[-111.5849084034333,42.68769871807559],[-111.58496906098718,42.687543463194096],[-111.58504991030418,42.68739317600147],[-111.58656844071666,42.684926646231105],[-111.58598741869412,42.684314785816476],[-111.58586887871571,42.684175948850054],[-111.58576944702803,42.68402935965228],[-111.5856900682356,42.68387641101283],[-111.58563149639897,42.68371855613416],[-111.58559428787463,42.683557294822975],[-111.58557879603418,42.68339415923953],[-111.58558516791255,42.68323069933985],[-111.58561334281669,42.683068468149116],[-111.58566305290813,42.682909007006884],[-111.58573382575337,42.68275383092312],[-111.58582498881772,42.682604414185306],[-111.58593567585967,42.682462176352615],[-111.58606483516506,42.68232846877048],[-111.58621123954227,42.68220456173346],[-111.58637349798376,42.68209163241842],[-111.5865500688829,42.68199075370258],[-111.58673927468043,42.681902883972306],[-111.58693931780151,42.68182885801998],[-111.587148297732,42.681769379114655],[-111.58736422907172,42.6817250123222],[-111.58758506039342,42.68169617913828],[-111.58780869372835,42.68168315348486],[-111.58803300449348,42.68168605910859],[-111.58825586167147,42.68170486840538],[-111.58847514805143,42.68173940268267],[-111.58868878033887,42.68178933385654],[-111.58889472894376,42.68185418756796],[-111.58909103725874,42.68193334768824],[-111.58956677855404,42.68214789727183],[-111.59482668767698,42.68219245975413],[-111.59505474898118,42.682202654318836],[-111.5952802999069,42.68222928021648],[-111.59550111779718,42.68227207506857],[-111.5957150266262,42.68233061716292],[-111.59591991843833,42.682404329608254],[-111.59692990369612,42.682814320076226],[-111.59712384178724,42.682902515560734],[-111.59730482166877,42.68300429755496],[-111.5974710583006,42.68311866220295],[-111.59762091202954,42.6832444815428],[-111.59775290476163,42.68338051462949],[-111.59786573454213,42.68352541977243],[-111.59795828839931,42.683677767766675],[-111.59802965332553,42.68383605598753],[-111.59807912528687,42.68399872320969],[-111.59810621617254,42.68416416500482],[-111.59811065861511,42.68433074956549],[-111.59809240863393,42.68449683379991],[-111.59805164607529,42.68466077953828],[-111.59798877284494,42.68482096969115],[-111.59790440894984,42.68497582420041],[-111.59779938638832,42.68512381562538],[-111.59767474094826,42.68526348421045],[-111.59753170199455,42.68539345228524],[-111.59656286263365,42.68618930760106]]]},"properties":{"fire_id":"F1432","date":"2026-09-26","area_ha":82.0,"cumulative_ha":177.3,"frp_sum":40.9,"n_detections":10,"first_seen":"2026-08-31","last_seen":"2026-09-26","centroid":[-111.59122,42.68606],"history":[{"date":"2026-08-31","area_ha":80.2},{"date":"2026-09-02","area_ha":84.8},{"date":"2026-09-03","area_ha":35.4},{"date":"2026-09-04","area_ha":71.9},{"date":"2026-09-05","area_ha":48.3},{"date":"2026-09-06","area_ha":79.4},{"date":"2026-09-07","area_ha":34.7},{"date":"2026-09-08","area_ha":75.8},{"date":"2026-09-09","area_ha":74.2},{"date":"2026-09-10","area_ha":87.3},{"date":"2026-09-12","area_ha":93.1},{"date":"2026-09-13","area_ha":120.5},{"date":"2026-09-14","area_ha":28.4},{"date":"2026-09-15","area_ha":58.4},{"date":"2026-09-18","area_ha":107.5},{"date":"2026-09-19","area_ha":57.8},{"date":"2026-09-20","area_ha":35.3},{"date":"2026-09-21","area_ha":54.7},{"date":"2026-09-22","area_ha":50.0},{"date":"2026-09-23","area_ha":80.6},{"date":"2026-09-24","area_ha":65.3},{"date":"2026-09-25","area_ha":79.9},{"date":"2026-09-26","area_ha":82.0}],"track":[[-111.59098231500019,42.686043504078285],[-111.5928118637906,42.686442741686406],[-111.58973342556011,42.68559809717614],[-111.59087295530152,42.686402576445424],[-111.59062814876631,42.68543069144543],[-111.59167171716432,42.685720110213985],[-111.59372751398678,42.68517444337374],[-111.59145536007011,42.68550080927934],[-111.5905486986206,42.68497872358805],[-111.59034267517276,42.685564514747384],[-111.5913677647937,42.68511693938208],[-111.5919998412434,42.686802759682145],[-111.58913593284866,42.68639577977757],[-111.59111060627772,42.68655871313153],[-111.59382595864207,42.68761604660358],[-111.5919672236614,42.6856241875158],[-111.59149471346547,42.685518757141274],[-111.59343924436136,42.68658461835257],[-111.59273991286834,42.687162693797674],[-111.59358102082396,42.686584689223736],[-111.58962010508168,42.68572069916118],[-111.59072243404665,42.68483730257457],[-111.59122076399507,42.68605871741133]],"growth_24h_ha":2.12,"speed_km_day":0.14,"bearing_deg":352.84,"direction":"N"}},{"type":"Feature","geometry":{"type":"Polygon","coordinates":[[[-96.5366473338001,28.708219511784918],[-96.53654042271276,28.708359166435876],[-96.53641835207596,28.70848872608717],[-96.53628233099187,28.708606907397694],[-96.53613370676595,28.7087125397294],[-96.53597395156149,28.708804576744154],[-96.53580464781679,28.708882106769277],[-96.53562747256915,28.708944361829296],[-96.53544418084094,28.708990725254093],[-96.53525658825278,28.709020737788016],[-96.53506655303572,28.70903410213988],[-96.53487595762107,28.70903068592812],[-96.5346866899903,28.709010522992262],[-96.53450062496985,28.708973813057742],[-96.53431960565652,28.70892091975718],[-96.53414542515719,28.708852367027937],[-96.53397980882438,28.708768833921503],[-96.53382439716344,28.708671147876252],[-96.53368072958085,28.70856027652025],[-96.5335502291348,28.708437318085345],[-96.53343418843896,28.708303490527427],[-96.52837425189279,28.70182343209037],[-96.5282773311427,28.701685622531492],[-96.52819575261545,28.701540240338165],[-96.52813026449063,28.70138861898865],[-96.52808146735197,28.701232149182353],[-96.52804980868143,28.701072266083404],[-96.5280355787581,28.70091043615673],[-96.52803890799919,28.70074814371703],[-96.52805976576761,28.7005868773145],[-96.52809796065652,28.70042811608178],[-96.52815314224871,28.7002733161676],[-96.5282248043339,28.70012389738149],[-96.52831228955473,28.69998123017199],[-96.5284147954388,28.699846623057716],[-96.5285313817608,28.699721310626767],[-96.52866097916782,28.69960644221414],[-96.52880239898813,28.699503071361324],[-96.52895434413375,28.69941214615445],[-96.52911542099665,28.699334500529737],[-96.52928415222962,28.699270846625634],[-96.52945899029453,28.69922176825241],[-96.54078878512907,28.696561809029753],[-96.54097412916657,28.696526867575173],[-96.54116246773195,28.696508307060093],[-96.54135195695761,28.696506309197424],[-96.54154074171284,28.69652089354677],[-96.54172697376256,28.696551917323116],[-96.54190882985866,28.696599076794463],[-96.54208452958687,28.696661910255],[-96.54225235279475,28.696739802544812],[-96.54241065643005,28.69683199107165],[-96.54255789062506,28.696937573276067],[-96.54269261386919,28.69705551546672],[-96.54281350712151,28.697184662939556],[-96.5429193867252,28.69732375128166],[-96.54300921599716,28.697471418749377],[-96.54308211537963,28.697626219599336],[-96.54313737105409,28.697786638242146],[-96.54317444193315,28.69795110408007],[-96.54319296496182,28.6981180068835],[-96.54319275867618,28.698285712555755],[-96.54317382498422,28.698452579131796],[-96.54313634915164,28.698616972854346],[-96.54308069799211,28.698777284169847],[-96.54300741628003,28.69893194348787],[-96.54291722142035,28.69907943654936],[-96.5366473338001,28.708219511784918]]]},"properties":{"fire_id":"F4710","date":"2026-09-26","area_ha":118.1,"cumulative_ha":118.1,"frp_sum":3.3,"n_detections":3,"first_seen":"2026-09-26","last_seen":"2026-09-26","centroid":[-96.5356,28.70203],"history":[{"date":"2026-09-26","area_ha":118.1}],"track":[[-96.53559693457056,28.702029729929816]],"growth_24h_ha":null,"speed_km_day":null,"bearing_deg":null,"direction":null}},{"type":"Feature","geometry":{"type":"Polygon","coordinates":[[[-97.11316999684031,29.344964006286236],[-97.11315942618984,29.345127427798808],[-97.11313089620673,29.34528918929017],[-97.1130846737323,29.34544777721872],[-97.11302119115679,29.34560170772974],[-97.11294104237695,29.345749540540087],[-97.11284497724242,29.345889892414935],[-97.1127338945421,29.346021450111294],[-97.11260883359657,29.346142982666642],[-97.11247096453465,29.346253352917852],[-97.11232157734555,29.34635152814243],[-97.11216206980855,29.346436589722718],[-97.11199393441355,29.34650774174224],[-97.11181874439471,29.346564318433995],[-97.11163813900787,29.34660579041092],[-97.11145380818975,29.34663176961984],[-97.11126747674263,29.346642012973238],[-97.11108088819222,29.346636424623934],[-97.11089578847043,29.346615056862174],[-97.11071390957551,29.346578109626233],[-97.11053695336268,29.34652592863136],[-97.11036657561705,29.346459002134452],[-97.11020437055808,29.346377956364734],[-97.11005185592042,29.346283549663532],[-97.10991045875129,29.34617666538747],[-97.10978150205679,29.34605830364202],[-97.10966619242258,29.345929571922657],[-97.10956560872457,29.34579167475103],[-97.10948069203528,29.345645902403533],[-97.1094122368203,29.34549361883736],[-97.10936088350724,29.345336248927627],[-97.1076310213938,29.338866224909726],[-97.1075969569819,29.33870327466671],[-97.1075812275423,29.33853818462505],[-97.10758398371945,29.338372537033173],[-97.10760519898805,29.33820791947563],[-97.10764466991148,29.33804590965753],[-97.10770201809555,29.337888060283905],[-97.10777669381908,29.3377358841791],[-97.10786798130576,29.337590839788525],[-97.10797500558725,29.337454317201715],[-97.1080967408911,29.337327624830976],[-97.10823202047345,29.337211976872585],[-97.10837954780195,29.33710848167141],[-97.10853790898172,29.337018131099803],[-97.1087055863054,29.33694179105285],[-97.10888097279735,29.336880193150837],[-97.10906238761261,29.33683392772857],[-97.1092480921433,29.336803438178485],[-97.10943630667815,29.336789016702053],[-97.10962522745545,29.336790801509675],[-97.10981304394645,29.33680877549636],[-97.10999795620342,29.33684276640566],[-97.1101781921065,29.336892448480267],[-97.11035202434405,29.336957345583503],[-97.11051778696392,29.33703683576182],[-97.11067389133727,29.33713015720461],[-97.11245387898435,29.33831014189804],[-97.1126067387131,29.33842283013155],[-97.11274549936881,29.33854876591146],[-97.11286867509158,29.338686600757146],[-97.11297494687905,29.3388348587709],[-97.1130631767118,29.3389919524401],[-97.11313241974173,29.339156199634616],[-97.11318193441276,29.33932584161748],[-97.11321119040585,29.339499061876417],[-97.11321987432237,29.33967400557412],[-97.11316999684031,29.344964006286236]]]},"properties":{"fire_id":"F4251","date":"2026-09-26","area_ha":45.0,"cumulative_ha":53.7,"frp_sum":2.3,"n_detections":3,"first_seen":"2026-09-23","last_seen":"2026-09-26","centroid":[-97.11068,29.34153],"history":[{"date":"2026-09-23","area_ha":35.7},{"date":"2026-09-25","area_ha":18.7},{"date":"2026-09-26","area_ha":45.0}],"track":[[-97.11091574246971,29.34105631724551],[-97.11176451290495,29.341504475527827],[-97.11067782127547,29.341525218526446]],"growth_24h_ha":26.33,"speed_km_day":0.11,"bearing_deg":89.42,"direction":"E"}},{"type":"Feature","geometry":{"type":"Polygon","coordinates":[[[-95.12578855189128,29.73885769205233],[-95.12965182324406,29.739779325280505],[-95.12983238106615,29.739830805636814],[-95.13000629511451,29.739897439839762],[-95.13017189656911,29.73997858849027],[-95.13032759636089,29.740073472911927],[-95.13047190041846,29.740181182621882],[-95.13060342400395,29.740300684066625],[-95.13072090500032,29.740430830538394],[-95.13082321602302,29.740570373177825],[-95.1309093752394,29.740717972956453],[-95.13097855579227,29.740872213524945],[-95.13103009373707,29.74103161480318],[-95.13106349441617,29.74119464718233],[-95.13107843720934,29.74135974620221],[-95.13107477861442,29.74152532756361],[-95.13105255362859,29.741689802331045],[-95.13101197541681,29.741851592180367],[-95.13095343327034,29.74200914454497],[-95.130877488875,29.742160947514872],[-95.13078487092459,29.742305544346067],[-95.13067646813118,29.74244154744067],[-95.13055332069922,29.742567651663766],[-95.13041661034505,29.742682646868897],[-95.13026764895777,29.74278542951232],[-95.13010786601006,29.742875013244156],[-95.12993879483993,29.742950538375034],[-95.12976205793474,29.743011280127007],[-95.12957935135935,29.74305665558987],[-95.12939242847727,29.743086229315832],[-95.1226622946515,29.743856241927087],[-95.12247140582791,29.743869761477132],[-95.12227991812273,29.74386680174535],[-95.12208969908596,29.743847391597242],[-95.12190260389217,29.743811720334683],[-95.12172045724414,29.74376013584957],[-95.12154503557387,29.743693141230377],[-95.12137804971472,29.74361138985498],[-95.12122112821399,29.74351567901765],[-95.12107580144861,29.74340694215219],[-95.12094348669895,29.743286239727595],[-95.12082547432654,29.743154748904356],[-95.1207229151903,29.743013752052974],[-95.12063680942414,29.742864624246522],[-95.12056799668532,29.742708819849057],[-95.12051714796851,29.742547858331186],[-95.12048475906539,29.742383309450634],[-95.11805515945787,29.724893274722845],[-95.11804153841311,29.724726109949383],[-95.11804696370014,29.72455859048244],[-95.11807138189803,29.72439236227808],[-95.11811455297504,29.724229058597267],[-95.11817605265138,29.724070283958536],[-95.11825527657194,29.723917598373617],[-95.11835144624811,29.72377250202052],[-95.11846361670962,29.72363642050474],[-95.11859068579169,29.723510690853416],[-95.11873140496569,29.723396548379906],[-95.11888439160712,29.723295114547806],[-95.11904814258024,29.72320738595366],[-95.11922104900584,29.723134224536427],[-95.11940141206729,29.723076349109924],[-95.11958745969933,29.72303432830144],[-95.11977736399608,29.723008574965707],[-95.11996925916715,29.72299934212916],[-95.12016125986558,29.72300672050435],[-95.12035147970778,29.723030637598804],[-95.12053804980374,29.723070858427178],[-95.12071913711533,29.723126987819576],[-95.12089296246283,29.723198474303665],[-95.12105781800271,29.72328461552208],[-95.1212120840052,29.72338456513211],[-95.12135424476661,29.723497341120215],[-95.12148290350072,29.723621835449066],[-95.12159679606235,29.723756824943056],[-95.1216948033687,29.723900983304933],[-95.12177596239613,29.72405289414584],[-95.12183947564459,29.724211064900636],[-95.12391960140927,29.730351036185134],[-95.1239647746675,29.730513554717827],[-95.12578855189128,29.73885769205233]]]},"properties":{"fire_id":"F2898","date":"2026-09-26","area_ha":131.0,"cumulative_ha":473.4,"frp_sum":9.3,"n_detections":5,"first_seen":"2026-09-12","last_seen":"2026-09-26","centroid":[-95.12286,29.73517],"history":[{"date":"2026-09-12","area_ha":180.0},{"date":"2026-09-15","area_ha":90.8},{"date":"2026-09-18","area_ha":26.9},{"date":"2026-09-19","area_ha":114.9},{"date":"2026-09-20","area_ha":263.8},{"date":"2026-09-22","area_ha":153.7},{"date":"2026-09-23","area_ha":283.6},{"date":"2026-09-25","area_ha":104.8},{"date":"2026-09-26","area_ha":131.0}],"track":[[-95.12547079878097,29.73544371253324],[-95.1236350406725,29.733757781928773],[-95.12481058788603,29.740176182300644],[-95.12209555921687,29.73126725767709],[-95.12771030916474,29.733340200204726],[-95.12347427530149,29.725105955580826],[-95.12173334088408,29.727974797372468],[-95.12431587967859,29.733462581249277],[-95.12286322613782,29.735166072060036]],"growth_24h_ha":26.19,"speed_km_day":0.24,"bearing_deg":36.1,"direction":"NE"}},{"type":"Feature","geometry":{"type":"Polygon","coordinates":[[[-95.31648615968713,30.138463638665126],[-95.31666717961419,30.138516053814335],[-95.3168414162835,30.13858356684994],[-95.31700719839844,30.13866553018034],[-95.31716293574533,30.138761157603643],[-95.31730713444539,30.13886953184791],[-95.31743841128338,30.138989613368754],[-95.31755550697558,30.139120250319635],[-95.31765729824976,30.139260189599508],[-95.31774280862118,30.139408088871793],[-95.31781121776147,30.139562529439356],[-95.31786186937029,30.139722029852194],[-95.3178942774739,30.13988506011736],[-95.3179081310908,30.140050056374566],[-95.31790329721873,30.140215435897193],[-95.3178798221148,30.140379612274305],[-95.31783793085603,30.140541010628564],[-95.31619803883659,30.14567103360753],[-95.31613785373696,30.14582871487782],[-95.31606009204613,30.145980510745897],[-95.31596550553905,30.146124953519866],[-95.31585500868194,30.146260646597685],[-95.31572966979289,30.1463862779717],[-95.31559070071418,30.146500632915544],[-95.3154394450959,30.146602605730425],[-95.31527736540458,30.14669121043725],[-95.3151060287819,30.146765590311237],[-95.3149270918907,30.146825026166752],[-95.31474228489468,30.14686894331207],[-95.31455339472679,30.146896917106833],[-95.31436224780813,30.146908677068748],[-95.31417069238489,30.14690410948906],[-95.31398058065393,30.146883258532366],[-95.3137937508501,30.1468463258094],[-95.31017368499649,30.14596631159415],[-95.30999265711044,30.1459138876982],[-95.30981841450604,30.145846366688044],[-95.3096526286081,30.145764396260628],[-95.30949688970634,30.145668762717612],[-95.30935269169886,30.14556038342168],[-95.30922141776128,30.14544029799572],[-95.30910432707844,30.145309658349184],[-95.30900254276656,30.145169717627347],[-95.30891704110114,30.145021818189505],[-95.30884864215442,30.144867378731696],[-95.30879800193163,30.144707880677075],[-95.3087656060818,30.144544853965062],[-95.30875176524309,30.14437986237522],[-95.30875661206699,30.144214488526867],[-95.30878009995041,30.144050318698135],[-95.30882200348681,30.143888927610504],[-95.31046211146081,30.138758950590095],[-95.31052229736801,30.1386012649096],[-95.31060005836414,30.138449465178336],[-95.31069464249732,30.13830501912732],[-95.31080513516963,30.138169323379667],[-95.3109304679827,30.138043689947885],[-95.31106942906958,30.137929333549522],[-95.31122067481292,30.137827359863323],[-95.31138274283639,30.137738754840083],[-95.31155406614329,30.137664375170885],[-95.31173298826606,30.13760494000508],[-95.31191777928026,30.137561023997975],[-95.31210665252792,30.137533051755625],[-95.31229778188913,30.137521293730014],[-95.31248931943479,30.137525863604473],[-95.31267941329003,30.137546717194844],[-95.31286622553566,30.137583652876536],[-95.31648615968713,30.138463638665126]]]},"properties":{"fire_id":"F4711","date":"2026-09-26","area_ha":68.1,"cumulative_ha":68.1,"frp_sum":9.0,"n_detections":4,"first_seen":"2026-09-26","last_seen":"2026-09-26","centroid":[-95.31333,30.14221],"history":[{"date":"2026-09-26","area_ha":68.1}],"track":[[-95.31333002499224,30.14221499887552]],"growth_24h_ha":null,"speed_km_day":null,"bearing_deg":null,"direction":null}},{"type":"Feature","geometry":{"type":"Polygon","coordinates":[[[-93.31874536435281,30.182856259815704],[-93.31861788486964,30.182737094835943],[-93.31850421294862,30.182607870560158],[-93.31840540040409,30.18246978277811],[-93.31832236153268,30.182324109293887],[-93.3182558646549,30.1821721981006],[-93.31820652500791,30.182015454905933],[-93.31817479905557,30.181855330123817],[-93.31816098026795,30.18169330545246],[-93.31816519640948,30.181530880163304],[-93.31818740836064,30.181369557227683],[-93.31822741048379,30.18121082940921],[-93.31828483252984,30.181056165451285],[-93.31835914306788,30.180906996486808],[-93.31844965440587,30.180764702796314],[-93.31855552895674,30.180630601036775],[-93.31867578699094,30.180505932059372],[-93.3188093157037,30.18039184942874],[-93.31895487951272,30.180289408750113],[-93.31911113149145,30.180199557902842],[-93.31927662583188,30.18012312827069],[-93.32735650948965,30.176813178536758],[-93.32753567985,30.17674900938875],[-93.32772132091742,30.176700574520854],[-93.32791159684089,30.176668352920153],[-93.32810462594261,30.176652663235455],[-93.32829849932307,30.17665366062648],[-93.32849129973502,30.176671335229788],[-93.32868112054011,30.176705512256135],[-93.32886608456045,30.17675585371896],[-93.32904436263932,30.176821861776226],[-93.3292141917273,30.176902883652954],[-93.32937389231523,30.176998118096037],[-93.32952188504173,30.177106623296883],[-93.32965670631098,30.177227326204246],[-93.32977702276675,30.17735903313483],[-93.329881644479,30.177500441576875],[-93.3299695367132,30.177650153070136],[-93.33003983016546,30.17780668703493],[-93.33009182956258,30.17796849541319],[-93.3301250205415,30.178133977977577],[-93.33013907474023,30.178301498156333],[-93.33013385304962,30.1784693992181],[-93.33010940699371,30.178636020656445],[-93.33006597822488,30.178799714611905],[-93.33000399613827,30.178958862169434],[-93.32992407362951,30.17911188936981],[-93.3298270010369,30.179257282776675],[-93.32643705354188,30.183797324201286],[-93.32632144010599,30.1839361742292],[-93.32619019331416,30.184064172037615],[-93.32604466170899,30.184180002408617],[-93.32588634063431,30.184282475144293],[-93.3257168568702,30.18437053729773],[-93.32553795191636,30.18444328399371],[-93.32535146409585,30.184499967727938],[-93.32515930966318,30.184540006049033],[-93.32496346311078,30.184562987544197],[-93.32476593687663,30.184568676067485],[-93.32146586920393,30.18451867522753],[-93.32128164551007,30.18450830887664],[-93.32109937957986,30.18448289546952],[-93.32092070560407,30.184442662859873],[-93.32074722556224,30.184387971768324],[-93.32058049485717,30.184319312547736],[-93.32042200836722,30.184237300786204],[-93.32027318704168,30.184142671786987],[-93.32013536515979,30.184036273975167],[-93.31874536435281,30.182856259815704]]]},"properties":{"fire_id":"F2681","date":"2026-09-26","area_ha":63.5,"cumulative_ha":182.2,"frp_sum":8.4,"n_detections":4,"first_seen":"2026-09-10","last_seen":"2026-09-26","centroid":[-93.32431,30.18089],"history":[{"date":"2026-09-10","area_ha":40.5},{"date":"2026-09-13","area_ha":39.4},{"date":"2026-09-14","area_ha":51.2},{"date":"2026-09-15","area_ha":36.7},{"date":"2026-09-16","area_ha":54.9},{"date":"2026-09-18","area_ha":49.0},{"date":"2026-09-21","area_ha":85.1},{"date":"2026-09-22","area_ha":172.5},{"date":"2026-09-23","area_ha":65.2},{"date":"2026-09-26","area_ha":63.5}],"track":[[-93.32551530389331,30.181236610586986],[-93.32602953645333,30.17983392422504],[-93.3261196530818,30.182401967230643],[-93.32441016526683,30.18117008343708],[-93.32775942380137,30.18186465759911],[-93.32528876789078,30.18004928467038],[-93.32612751140672,30.181393905866774],[-93.32726814873783,30.184582861362514],[-93.32551257796494,30.181065019097723],[-93.3243053726021,30.18089110888165]],"growth_24h_ha":-0.58,"speed_km_day":0.04,"bearing_deg":97.83,"direction":"E"}},{"type":"Feature","geometry":{"type":"Polygon","coordinates":[[[-109.62910197743298,30.493874986007047],[-109.62913734240288,30.493714721202704],[-109.6291904835443,30.49355814955008],[-109.6292609042709,30.49340673386886],[-109.62934794656695,30.493261888800955],[-109.62945079713832,30.493124967594373],[-109.62956849501315,30.492997249461304],[-109.62969994052196,30.492879927627758],[-109.6298439055727,30.492774098186604],[-109.62999904512482,30.49268074985844],[-109.63562898568652,30.489630793766686],[-109.63579837857655,30.489548835656283],[-109.6359763566947,30.48948176268625],[-109.6361611669894,30.489430235512298],[-109.63635098912579,30.489394761666215],[-109.63654395341273,30.489375690557416],[-109.63673815921558,30.48937321003191],[-109.63693169367346,30.48938734452228],[-109.63712265053675,30.48941795480706],[-109.63730914893969,30.489464739381972],[-109.637489351923,30.489527237429005],[-109.63766148452453,30.489604833354885],[-109.63782385125982,30.489696762853615],[-109.6379748528204,30.489802120433726],[-109.63811300182554,30.4899198683362],[-109.63823693747241,30.49004884675493],[-109.63834543894025,30.490187785259558],[-109.63843743741674,30.490335315307888],[-109.63851202662765,30.49048998372488],[-109.63856847176662,30.490650267015464],[-109.63860621673628,30.490814586370096],[-109.63862488962994,30.490981323215713],[-109.63862430639918,30.49114883515827],[-109.63860447267132,30.49131547216064],[-109.63856558369858,30.491479592795752],[-109.63850802243942,30.49163958041554],[-109.63652811317235,30.49630960768155],[-109.63645083854665,30.496466734161604],[-109.63635555749137,30.496616326992417],[-109.63624324426274,30.49675685643341],[-109.63611504730675,30.496886885420178],[-109.63597227751706,30.49700508426135],[-109.63581639483107,30.497110244237387],[-109.6356489933006,30.49720128996267],[-109.63139894110476,30.49926132049918],[-109.63122985202247,30.499334241213838],[-109.6310533929063,30.499392753342747],[-109.63087121026716,30.499436310919737],[-109.63068500403119,30.499464507516205],[-109.63049651167508,30.499477080034044],[-109.63030749201118,30.499473911160976],[-109.63011970877298,30.499455030465292],[-109.62993491415486,30.49942061411991],[-109.62975483245944,30.49937098325831],[-109.62958114400557,30.49930660097766],[-109.629415469447,30.499228068017064],[-109.62925935464825,30.499136117151384],[-109.62911425625906,30.499031606353046],[-109.62898152812164,30.498915510785416],[-109.62886240863828,30.498788913702704],[-109.62875800921651,30.498652996341495],[-109.62866930390017,30.498509026897835],[-109.6285971202827,30.49835834869314],[-109.62854213178774,30.498202367639472],[-109.62850485138861,30.498042539120593],[-109.62848562682548,30.497880354412104],[-109.62848463736452,30.49771732676658],[-109.62850189212928,30.497554977294104],[-109.62910197743298,30.493874986007047]]]},"properties":{"fire_id":"F3924","date":"2026-09-26","area_ha":68.3,"cumulative_ha":109.3,"frp_sum":8.3,"n_detections":4,"first_seen":"2026-09-20","last_seen":"2026-09-26","centroid":[-109.63339,30.49445],"history":[{"date":"2026-09-20","area_ha":27.3},{"date":"2026-09-21","area_ha":20.8},{"date":"2026-09-24","area_ha":67.3},{"date":"2026-09-25","area_ha":47.4},{"date":"2026-09-26","area_ha":68.3}],"track":[[-109.63012079560615,30.497695397208112],[-109.62927090838936,30.49750892424832],[-109.63197583700439,30.497782624527517],[-109.6310574061941,30.49666620815286],[-109.63339198961722,30.494451584001304]],"growth_24h_ha":20.85,"speed_km_day":0.33,"bearing_deg":230.49,"direction":"SW"}},{"type":"Feature","geometry":{"type":"Polygon","coordinates":[[[-102.58938208871236,32.06924241491174],[-102.58949886207266,32.06937746804359],[-102.58959917025702,32.06952162327996],[-102.58968202352001,32.069673458359375],[-102.58974660431437,32.069831475242424],[-102.58979227536037,32.069994114891024],[-102.58981858593731,32.070159772649255],[-102.5898252763349,32.07032681407494],[-102.58981228042036,32.07049359106537],[-102.5897797262956,32.07065845811804],[-102.5897279350382,32.070819788566155],[-102.5896574175381,32.07097599062864],[-102.58956886946099,32.07112552311623],[-102.5894631643883,32.07126691063877],[-102.58934134520088,32.07139875816329],[-102.5892046137915,32.07151976477989],[-102.58905431920773,32.07162873653848],[-102.58889194434184,32.07172459823085],[-102.58871909129914,32.07180640400072],[-102.58473903500561,32.073476430984066],[-102.58455673096617,32.07354358148873],[-102.58436740306145,32.073595093559284],[-102.58417293292217,32.07363045524538],[-102.5839752532947,32.073649315106074],[-102.58377632882895,32.07365148570304],[-102.58357813654914,32.073636945463875],[-102.58338264620117,32.07360583889642],[-102.5831918006727,32.07355847515237],[-102.58300749668011,32.07349532495434],[-102.58283156591504,32.07341701591676],[-102.58266575683756,32.0733243263076],[-102.58251171729725,32.07321817731236],[-102.58237097815521,32.073099623877916],[-102.58224493806922,32.07296984422657],[-102.58213484959423,32.072830128145306],[-102.58204180673526,32.07268186416614],[-102.58196673407733,32.072526525765355],[-102.58191037759966,32.072365656718716],[-102.58187329726566,32.07220085575823],[-102.58185586146227,32.072033760683084],[-102.58185824334348,32.07186603208267],[-102.58188041911431,32.071699336833355],[-102.58192216827231,32.07153533153327],[-102.58198307580363,32.071375646039506],[-102.5820625363119,32.07122186727137],[-102.58215976003856,32.07107552344081],[-102.58227378071496,32.07093806886631],[-102.58240346516742,32.07081086952155],[-102.58254752458052,32.07069518946214],[-102.58583751108847,32.06830522213866],[-102.58599518248815,32.06820180555426],[-102.58616432514876,32.068112199237774],[-102.58634324420017,32.068037301064535],[-102.58653014682751,32.06797786152897],[-102.58672316023355,32.067934476225716],[-102.58692035040134,32.067907579882345],[-102.58711974147032,32.06789744200425],[-102.5873193355308,32.06790416417436],[-102.58751713263955,32.067927679035606],[-102.58771115085548,32.06796775096565],[-102.5878994460953,32.06802397843746],[-102.58808013161006,32.068095798042144],[-102.58825139688776,32.06818249013344],[-102.58841152579274,32.068283186037675],[-102.58855891376015,32.06839687675697],[-102.5886920838734,32.06852242307819],[-102.58938208871236,32.06924241491174]]]},"properties":{"fire_id":"F4712","date":"2026-09-26","area_ha":30.5,"cumulative_ha":30.5,"frp_sum":2.9,"n_detections":3,"first_seen":"2026-09-26","last_seen":"2026-09-26","centroid":[-102.58588,32.07084],"history":[{"date":"2026-09-26","area_ha":30.5}],"track":[[-102.5858811222439,32.07084329088033]],"growth_24h_ha":null,"speed_km_day":null,"bearing_deg":null,"direction":null}},{"type":"Feature","geometry":{"type":"Polygon","coordinates":[[[-103.53133397842092,32.22151743500867],[-103.53141094260332,32.221666938423354],[-103.531470356872,32.22182200509519],[-103.53151166380113,32.22198118045156],[-103.53153447580893,32.22214297137166],[-103.53153857879727,32.2223058601918],[-103.5315239341642,32.22246831894168],[-103.53149067917028,32.222628823677134],[-103.53143912565521,32.22278586877583],[-103.53136975711678,32.222937981061186],[-103.53128322417892,32.22308373362225],[-103.5311803384919,32.22322175919972],[-103.53106206512108,32.22335076301286],[-103.53092951349619,32.22346953490645],[-103.5307839270053,32.22357696070406],[-103.53062667133162,32.22367203266121],[-103.53045922164219,32.22375385891989],[-103.53028314874877,32.22382167187614],[-103.53010010437073,32.22387483538181],[-103.52991180563848,32.22391285071325],[-103.52834177434646,32.22416285517167],[-103.52814786740082,32.22418552324784],[-103.5279522550459,32.22419212694518],[-103.52775681283129,32.22418260294729],[-103.52756341467499,32.22415704257041],[-103.52737391489266,32.224115690887615],[-103.52719013041519,32.224058944378655],[-103.52701382336488,32.22398734712795],[-103.52684668415765,32.22390158560715],[-103.52669031529345,32.22380248209228],[-103.52654621599017,32.223690986778685],[-103.5264157678087,32.223568168669544],[-103.52630022140683,32.223435205325174],[-103.52620068454907,32.223293371571394],[-103.52611811148736,32.22314402727581],[-103.52605329381437,32.22298860430852],[-103.52344345556406,32.215588566103015],[-103.52339659272434,32.21542666319402],[-103.5233689957975,32.2152616531769],[-103.52336093545752,32.215095155203755],[-103.5233724906738,32.214928803018374],[-103.52340354794099,32.214764228925375],[-103.52345380239754,32.21460304777336],[-103.5235227608216,32.21444684111025],[-103.52360974647496,32.21429714166514],[-103.52371390574692,32.21415541830991],[-103.52383421653334,32.214023061647325],[-103.52396949826792,32.213901370367594],[-103.5241184235077,32.21379153850678],[-103.52427953095864,32.21369464373215],[-103.52445123981387,32.21361163676946],[-103.52463186526354,32.213543332075744],[-103.52481963502436,32.21349039984899],[-103.52501270672686,32.213453359453304],[-103.52520918598943,32.213432574323654],[-103.52540714500252,32.21342824840054],[-103.52560464144034,32.2134404241292],[-103.52579973751494,32.21346898204332],[-103.52599051898574,32.21351364193695],[-103.52617511393828,32.21357396561343],[-103.52635171114812,32.2136493611842],[-103.5265185778496,32.213739088875585],[-103.52667407673572,32.21384226828619],[-103.52681668202182,32.2139578870242],[-103.52694499441618,32.214084810639704],[-103.52705775485015,32.21422179375456],[-103.52715385683338,32.21436749228081],[-103.53133397842092,32.22151743500867]]]},"properties":{"fire_id":"F4713","date":"2026-09-26","area_ha":53.0,"cumulative_ha":53.0,"frp_sum":2.7,"n_detections":3,"first_seen":"2026-09-26","last_seen":"2026-09-26","centroid":[-103.52725,32.21913],"history":[{"date":"2026-09-26","area_ha":53.0}],"track":[[-103.52724825101842,32.219125334684925]],"growth_24h_ha":null,"speed_km_day":null,"bearing_deg":null,"direction":null}},{"type":"Feature","geometry":{"type":"Polygon","coordinates":[[[-114.93385175522435,32.53491061631927],[-114.93395836292682,32.53478483392642],[-114.93407828412309,32.53466776538721],[-114.93421050931755,32.53456039613397],[-114.93435392545904,32.5344636299512],[-114.93450732531028,32.534378281369044],[-114.93466941760954,32.53430506880775],[-114.93528940854472,32.534055072944085],[-114.93546494771637,32.533992709999524],[-114.93564675902729,32.53394458108605],[-114.9358332018071,32.533911120521076],[-114.93602259359885,32.53389263025389],[-114.93621322533883,32.5338892771411],[-114.93640337677617,32.53390109144127],[-114.93659133199343,32.53392796654188],[-114.93952127448148,32.53446795685772],[-114.93970715192532,32.53451013503381],[-114.9398873485735,32.53456704035975],[-114.94006020572587,32.53463814902547],[-114.94022413222967,32.53472280647872],[-114.94037761912429,32.53482023344923],[-114.94051925353004,32.53492953312091],[-114.94064773165319,32.535049699385965],[-114.94076187078748,32.535179626105005],[-114.94086062020207,32.535318117288085],[-114.94094307081491,32.535463898102805],[-114.94100846356342,32.535615626608354],[-114.9410561963944,32.53577190610752],[-114.94108582980942,32.53593129800282],[-114.94109709091416,32.536092335038795],[-114.94108987593444,32.53625353480806],[-114.94106425117553,32.53641341339742],[-114.94102045241605,32.536570499048025],[-114.94095888274121,32.536723345703905],[-114.94088010883625,32.53687054632406],[-114.94078485577286,32.53701074583586],[-114.94067400033754,32.53714265361019],[-114.94054856296238,32.53726505534345],[-114.93696619258965,32.540438831477545],[-114.93695712925535,32.540983450713526],[-114.93694333333778,32.5411581771425],[-114.93690791486763,32.54133075400845],[-114.9368512579068,32.541499309291616],[-114.93677397691135,32.54166201458613],[-114.93667691007167,32.54181710493432],[-114.93656111022479,32.54196289797351],[-114.93642783343728,32.542097812187],[-114.93627852538286,32.5422203840615],[-114.93485852042286,32.54327039851945],[-114.93470790190996,32.5433714089877],[-114.93454639980408,32.543459840776286],[-114.93437550632326,32.54353487679632],[-114.93419680047445,32.54359582373081],[-114.93401193346223,32.54364211844168],[-114.93382261342981,32.54367333317385],[-114.93363058967347,32.5436891795083],[-114.93343763647627,32.54368951102734],[-114.93324553671096,32.5436743246678],[-114.93305606536302,32.54364376074928],[-114.93287097312717,32.54359810167743],[-114.932691970228,32.54353776933414],[-114.93252071061532,32.54346332117884],[-114.93235877667966,32.543375445096835],[-114.93220766462964,32.54327495304251],[-114.93206877066645,32.54316277353603],[-114.93194337808266,32.54303994308292],[-114.93183264540552,32.542907596595995],[-114.93173759569352,32.542766956907926],[-114.93165910708532,32.54261932347176],[-114.93159790468863,32.542466060353426],[-114.9315545538833,32.54230858362762],[-114.93152945510109,32.542148348293324],[-114.93152284012943,32.54198683482984],[-114.93158293214793,32.538336835753455],[-114.93159416578132,32.53818089166172],[-114.93162263178388,32.53802649414018],[-114.93166808427682,32.53787497628088],[-114.93173013072347,32.53772764630588],[-114.93180823532153,32.53758577627237],[-114.93190172363225,32.53745059109022],[-114.93385175522435,32.53491061631927]]]},"properties":{"fire_id":"F4714","date":"2026-09-26","area_ha":62.4,"cumulative_ha":62.4,"frp_sum":22.9,"n_detections":7,"first_seen":"2026-09-26","last_seen":"2026-09-26","centroid":[-114.9356,32.53834],"history":[{"date":"2026-09-26","area_ha":62.4}],"track":[[-114.93560378023385,32.538339346835]],"growth_24h_ha":null,"speed_km_day":null,"bearing_deg":null,"direction":null}},{"type":"Feature","geometry":{"type":"Polygon","coordinates":[[[-115.5166003525709,33.06903725609125],[-115.51659516055805,33.0691947325604],[-115.51657224697719,33.06935111223815],[-115.51653181322945,33.06950501989965],[-115.51647421479618,33.06965510205242],[-115.51588424207601,33.070975110664456],[-115.51580422476096,33.07112988559282],[-115.51570596210662,33.071277219874545],[-115.51559044222702,33.07141563179603],[-115.51545882680742,33.07154372936747],[-115.51531243942362,33.071660224323416],[-115.51515275223223,33.071763945080036],[-115.51498137116559,33.0718538485192],[-115.51480001978031,33.071929030480334],[-115.51461052192224,33.07198873485504],[-115.51441478338147,33.072032361192264],[-115.51421477272308,33.07205947073826],[-115.51401250148541,33.07206979084962],[-115.51381000394619,33.07206321773594],[-115.50990992200633,33.07177321232508],[-115.50971179777247,33.07175021230414],[-115.50951738004818,33.071711040343146],[-115.50932857418445,33.07165608033748],[-115.50914723052423,33.071585870908514],[-115.5089751262658,33.07150110012429],[-115.50881394804335,33.07140259875525],[-115.50866527539647,33.071291332131224],[-115.5085305652893,33.071168390679986],[-115.50841113783231,33.07103497923937],[-115.50830816334609,33.0708924052486],[-115.50822265089379,33.07074206593385],[-115.50815543839497,33.07058543461439],[-115.50754547578491,33.068905425521045],[-115.50749658282656,33.06874131264197],[-115.5074677804542,33.068573945256624],[-115.507459360286,33.0684050186688],[-115.50747140748082,33.068236243966176],[-115.50750379988087,33.06806933068837],[-115.50755620925432,33.06790596951092],[-115.50762810462501,33.06774781512076],[-115.50771875765543,33.06759646945681],[-115.50782725002811,33.06745346548454],[-115.50795248275053,33.0673202516703],[-115.50809318728933,33.067198177311134],[-115.5086166945789,33.06678750397445],[-115.50860938263972,33.064755042246645],[-115.50861861516225,33.06458953289017],[-115.50864741349537,33.06442558461954],[-115.50869549738275,33.064264792243605],[-115.50876239897515,33.064108719863775],[-115.5088474673859,33.06395888565982],[-115.50894987502605,33.06381674712284],[-115.50906862565782,33.063683686878704],[-115.50920256408793,33.063560999239876],[-115.50935038740623,33.06344987761674],[-115.50951065766023,33.06335140291013],[-115.50968181584258,33.06326653299868],[-115.50986219705496,33.06319609342251],[-115.51005004670124,33.06314076935435],[-115.51024353755255,33.06310109893575],[-115.51044078751796,33.06307746804337],[-115.51063987794856,33.063070106536145],[-115.51083887229659,33.06307908601979],[-115.51103583494881,33.06310431915045],[-115.51122885005043,33.063145560484095],[-115.51141604013729,33.063202408863646],[-115.5115955843949,33.06327431132037],[-115.51176573636683,33.06336056845178],[-115.51192484094061,33.063460341223816],[-115.51207135044586,33.063572659131125],[-115.51220383970796,33.063696429635904],[-115.51246559882317,33.0639667008457],[-115.51372088447988,33.063510650464714],[-115.51390753284682,33.063451785806144],[-115.51410025649626,33.06340852038607],[-115.51429717443756,33.063381276477934],[-115.51449636475144,33.06337031998383],[-115.51469588334452,33.063375757839715],[-115.51489378291994,33.06339753697182],[-115.5150881319796,33.06343544481466],[-115.51527703367171,33.06348911138527],[-115.51545864430116,33.06355801289369],[-115.51563119132119,33.06364147685436],[-115.51579299063128,33.06373868864876],[-115.51594246301268,33.063848699474896],[-115.51607814954099,33.06397043560658],[-115.51619872582545,33.06410270887187],[-115.51630301493634,33.064244228248555],[-115.51638999889364,33.06439361246364],[-115.51645882860541,33.06454940347376],[-115.51650883215834,33.06471008069525],[-115.5165395213798,33.064874075844735],[-115.51655059660683,33.065039788245706],[-115.51657058415117,33.067768521279255],[-115.5166003525709,33.06903725609125]]]},"properties":{"fire_id":"F4715","date":"2026-09-26","area_ha":70.5,"cumulative_ha":70.5,"frp_sum":109.2,"n_detections":9,"first_seen":"2026-09-26","last_seen":"2026-09-26","centroid":[-115.51229,33.06768],"history":[{"date":"2026-09-26","area_ha":70.5}],"track":[[-115.51229298693349,33.06767946510034]],"growth_24h_ha":null,"speed_km_day":null,"bearing_deg":null,"direction":null}},{"type":"Feature","geometry":{"type":"Polygon","coordinates":[[[-110.86621297353169,33.414399229777665],[-110.86635183066309,33.414527967696536],[-110.86647398520981,33.41466781444076],[-110.86657814724363,33.41481729335537],[-110.866663216801,33.414974826070775],[-110.86672829550095,33.41513874916747],[-110.8667726960355,33.41530733173921],[-110.86679594943197,33.41547879366918],[-110.8667978100105,33.4156513244261],[-110.866778257984,33.415823102182],[-110.86605835973037,33.41989311336357],[-110.86602026301883,33.420053519672926],[-110.86596348960572,33.420210101064825],[-110.86588857755484,33.42036137325686],[-110.86579623688345,33.420505902286756],[-110.86568734283513,33.42064231810611],[-110.86556292758576,33.42076932756884],[-110.8654241704611,33.42088572669044],[-110.86527238675883,33.4209904120625],[-110.86510901528062,33.42108239131368],[-110.86493560469275,33.421160792518165],[-110.86475379884439,33.42122487246235],[-110.86456532118288,33.42127402369134],[-110.86437195841378,33.42130778026812],[-110.86417554356073,33.42132582219138],[-110.86397793858582,33.42132797842939],[-110.86378101673533,33.42131422854169],[-110.86358664477845,33.421284702872924],[-110.86339666530746,33.421239681316834],[-110.86321287926731,33.42117959066267],[-110.86303702888024,33.4211050005487],[-110.86287078112794,33.42101661806128],[-110.86271571194703,33.420915281031064],[-110.86257329128894,33.4208019500895],[-110.8624448691848,33.42067769956125],[-110.86233166294816,33.42054370727883],[-110.86223474563664,33.4204012434162],[-110.86215503588177,33.42025165844691],[-110.8615750615739,33.4190016499474],[-110.86151612681525,33.418854706229574],[-110.86147380458621,33.418703896591545],[-110.86144845462817,33.41855050326514],[-110.86144029237398,33.41839583044282],[-110.86144938711966,33.41824119318881],[-110.86147566143872,33.418087906258044],[-110.86222574166639,33.41480791782559],[-110.8622727091667,33.41464662366014],[-110.86233868880262,33.41448995142806],[-110.8624230362806,33.41433943077857],[-110.86252492798884,33.414196531293],[-110.86264336904178,33.414062648137964],[-110.86277720299613,33.41393908844501],[-110.86292512314328,33.41382705855022],[-110.86308568526799,33.413727652217716],[-110.8632573217486,33.413641839962494],[-110.86343835686127,33.413570459576455],[-110.86362702313863,33.41351420795018],[-110.86382147862363,33.413473634270105],[-110.8640198248497,33.41344913465782],[-110.86422012537234,33.41344094830314],[-110.86442042467097,33.413449155129456],[-110.86461876723699,33.41347367501356],[-110.8648132166616,33.41351426856762],[-110.86500187453741,33.4135705394761],[-110.86518289898935,33.413641938364265],[-110.86535452265414,33.41372776816093],[-110.86551506993302,33.41382719090291],[-110.86566297334927,33.41393923591501],[-110.86621297353169,33.414399229777665]]]},"properties":{"fire_id":"F1579","date":"2026-09-26","area_ha":33.6,"cumulative_ha":147.0,"frp_sum":4.7,"n_detections":4,"first_seen":"2026-09-01","last_seen":"2026-09-26","centroid":[-110.86414,33.41736],"history":[{"date":"2026-09-01","area_ha":63.6},{"date":"2026-09-02","area_ha":56.2},{"date":"2026-09-03","area_ha":33.3},{"date":"2026-09-05","area_ha":80.3},{"date":"2026-09-06","area_ha":66.4},{"date":"2026-09-08","area_ha":23.0},{"date":"2026-09-09","area_ha":25.0},{"date":"2026-09-10","area_ha":31.5},{"date":"2026-09-11","area_ha":65.7},{"date":"2026-09-12","area_ha":67.8},{"date":"2026-09-13","area_ha":55.8},{"date":"2026-09-15","area_ha":81.3},{"date":"2026-09-17","area_ha":56.9},{"date":"2026-09-18","area_ha":61.5},{"date":"2026-09-20","area_ha":48.7},{"date":"2026-09-21","area_ha":75.5},{"date":"2026-09-24","area_ha":27.0},{"date":"2026-09-26","area_ha":33.6}],"track":[[-110.86361690641043,33.41871047498306],[-110.86447062947917,33.41774963936426],[-110.8631764642325,33.41819236106283],[-110.86315421472031,33.41719492041511],[-110.86345411243619,33.417591861735126],[-110.86344566887938,33.419103495598684],[-110.86366042552693,33.41895957455793],[-110.86327752970618,33.41720093772213],[-110.86493080511364,33.418561091344344],[-110.86545870846861,33.419295834560124],[-110.86408612805056,33.41832580813183],[-110.86186533233612,33.41763368532798],[-110.86398590715618,33.41851976245223],[-110.86508655362023,33.418389135453424],[-110.86170447483164,33.41737932266128],[-110.86152158342036,33.41636754831686],[-110.86262490074557,33.417283832745426],[-110.8641364958608,33.417355718963805]],"growth_24h_ha":3.31,"speed_km_day":0.07,"bearing_deg":282.25,"direction":"WNW"}},{"type":"Feature","geometry":{"type":"Polygon","coordinates":[[[-118.5228491050076,34.33346730470686],[-118.52304576926907,34.33353309281149],[-118.52323305490718,34.33361512616869],[-118.5234089562418,34.33371252627632],[-118.52357158948774,34.333824250065085],[-118.52371921292708,34.33394910106737],[-118.52385024556108,34.33408574222861],[-118.52396328404254,34.33423271022434],[-118.52405711770662,34.3343884311297],[-118.52497715241888,34.336138417579846],[-118.5250485542809,34.33629542598422],[-118.52510042203136,34.3364574670789],[-118.52513223822957,34.336622924700634],[-118.52514368541723,34.33679014860102],[-118.52513464928963,34.336957470905354],[-118.52510521984102,34.33712322274769],[-118.52505569047221,34.33728575091617],[-118.5249865550692,34.33744343434262],[-118.52489850308193,34.33759470027182],[-118.52479241265178,34.33773803994945],[-118.52466934185632,34.33787202367161],[-118.52453051815854,34.33799531504649],[-118.52437732616589,34.33810668432528],[-118.52421129382041,34.3382050206695],[-118.52403407715882,34.33828934323236],[-118.52384744379346,34.33835881094359],[-118.5236532552799,34.338412730899876],[-118.52345344854614,34.33845056527725],[-118.52325001657002,34.33847193669663],[-118.52304498849635,34.3384766319884],[-118.52284040939345,34.33846460431937],[-118.51814031008712,34.3379945951622],[-118.51794484672912,34.33796716654275],[-118.51775353493132,34.33792447014776],[-118.51756815888383,34.337866904167065],[-118.51739044740916,34.33779500546438],[-118.51722205783655,34.33770944456975],[-118.51706456054376,34.33761101942515],[-118.51691942431061,34.33750064794169],[-118.51678800262047,34.3373793594382],[-118.51667152103813,34.337248285040324],[-118.51657106578114,34.3371086471308],[-118.5164875735917,34.33696174794831],[-118.51642182300313,34.33680895744209],[-118.51637442708261,34.33665170049503],[-118.51634582771727,34.33649144363492],[-118.51633629149751,34.33632968135743],[-118.51634590723486,34.33616792218872],[-118.51637458513855,34.33600767461742],[-118.51690464033067,34.333797682954064],[-118.51695462105324,34.33363362345781],[-118.51702457432579,34.33347450681137],[-118.51711378915194,34.33332194998626],[-118.51722135881151,34.33317750328348],[-118.51734619007854,34.3330426345804],[-118.51748701433343,34.3329187144153],[-118.51764240045671,34.33280700206159],[-118.51781076937301,34.33270863273254],[-118.51799041009757,34.332624606046835],[-118.5181794971221,34.33255577587199],[-118.51837610896347,34.33250284164888],[-118.5185782476869,34.3324663412851],[-118.51878385920537,34.332446645689984],[-118.51899085414888,34.332443955005935],[-118.51919712909223,34.332458296575126],[-118.5194005879252,34.3324895246616],[-118.51959916314871,34.33253732193204],[-118.5228491050076,34.33346730470686]]]},"properties":{"fire_id":"F3700","date":"2026-09-26","area_ha":41.6,"cumulative_ha":66.3,"frp_sum":3.7,"n_detections":4,"first_seen":"2026-09-18","last_seen":"2026-09-26","centroid":[-118.52058,34.33567],"history":[{"date":"2026-09-18","area_ha":32.2},{"date":"2026-09-19","area_ha":25.1},{"date":"2026-09-20","area_ha":33.7},{"date":"2026-09-22","area_ha":59.3},{"date":"2026-09-25","area_ha":31.1},{"date":"2026-09-26","area_ha":41.6}],"track":[[-118.51896242973999,34.33564732763529],[-118.5199606007996,34.334468036514544],[-118.51999971331512,34.335783331756474],[-118.52079182119022,34.33656679197576],[-118.52012121271936,34.334722006162465],[-118.52058031414398,34.335666512749576]],"growth_24h_ha":10.49,"speed_km_day":0.11,"bearing_deg":351.93,"direction":"N"}},{"type":"Feature","geometry":{"type":"Polygon","coordinates":[[[-117.33909737681866,34.60593525938987],[-117.3392778156863,34.605862676572016],[-117.33946609788018,34.605804759852504],[-117.33966042724613,34.605762061737124],[-117.33985894995298,34.60573498955063],[-117.34005977217441,34.60572380155168],[-117.340260978152,34.60572860446957],[-117.34046064846706,34.60574935248632],[-117.3406568783477,34.6057858476735],[-117.34084779583613,34.60583774188033],[-117.34103157964297,34.60590454005413],[-117.34120647651926,34.60598560496222],[-117.34137081797935,34.60608016326993],[-117.34152303621632,34.60618731291688],[-117.34166167905747,34.60630603172109],[-117.3417854238177,34.606435187129065],[-117.34189308991841,34.60657354701883],[-117.34198365015156,34.60671979145286],[-117.34205624048148,34.60687252526895],[-117.34211016829079,34.60703029138895],[-117.3421449189915,34.60719158471835],[-117.3421601609384,34.60735486650419],[-117.34215574859756,34.60751857901464],[-117.34213172393922,34.60768116039952],[-117.3420883160423,34.607841059590974],[-117.34202593891342,34.6079967511012],[-117.34194518754163,34.608146749576726],[-117.3418468322258,34.608289623969966],[-117.34173181122912,34.6084240111929],[-117.3416012218303,34.608548629122836],[-117.34145630985705,34.608662288835674],[-117.3412984578013,34.60876390595019],[-117.34112917162992,34.60885251097499],[-117.33807913335986,34.61028253553752],[-117.33799740319128,34.6103188771256],[-117.33647738175961,34.61095888839425],[-117.33629523339496,34.61102666548402],[-117.33610585686371,34.61107973939773],[-117.335911040949,34.611117608817125],[-117.33571262582234,34.61113991603988],[-117.33551248565904,34.61114645035896],[-117.33531251093174,34.611137150053196],[-117.33511459055018,34.61111210297041],[-117.33492059401543,34.611071545697435],[-117.334732353758,34.61101586132518],[-117.33455164782613,34.610945575829135],[-117.33438018308834,34.61086135310071],[-117.33421957910898,34.61076398867508],[-117.33407135284911,34.61065440221592],[-117.33393690433708,34.610533628827255],[-117.33381750344495,34.610402809275215],[-117.33371427789456,34.61026317921149],[-117.33362820260754,34.610116057500896],[-117.33356009049913,34.60996283376293],[-117.33351058480307,34.60980495524535],[-117.33348015299967,34.60964391315364],[-117.33346908240446,34.60948122856547],[-117.33347747745893,34.60931843806347],[-117.3335052587485,34.6091570792218],[-117.33355216375737,34.60899867608371],[-117.33361774935238,34.608844724767145],[-117.33370139597258,34.60869667933463],[-117.33380231348472,34.60855593806043],[-117.33391954864909,34.60842383022495],[-117.3340519941254,34.60830160356103],[-117.3341983989331,34.60819041247058],[-117.33435738026769,34.60809130712285],[-117.33452743656115,34.60800522353699],[-117.33909737681866,34.60593525938987]]]},"properties":{"fire_id":"F2831","date":"2026-09-26","area_ha":29.0,"cumulative_ha":103.9,"frp_sum":5.1,"n_detections":3,"first_seen":"2026-09-11","last_seen":"2026-09-26","centroid":[-117.33782,34.60844],"history":[{"date":"2026-09-11","area_ha":49.7},{"date":"2026-09-12","area_ha":45.2},{"date":"2026-09-15","area_ha":54.1},{"date":"2026-09-16","area_ha":25.3},{"date":"2026-09-17","area_ha":43.2},{"date":"2026-09-18","area_ha":31.7},{"date":"2026-09-19","area_ha":38.6},{"date":"2026-09-20","area_ha":60.5},{"date":"2026-09-21","area_ha":43.8},{"date":"2026-09-22","area_ha":68.2},{"date":"2026-09-25","area_ha":44.1},{"date":"2026-09-26","area_ha":29.0}],"track":[[-117.33840622849928,34.608969078152256],[-117.33764050782554,34.609810678139425],[-117.33676511516616,34.60756245790128],[-117.33936223731796,34.60819271261341],[-117.3381963133327,34.610019541969166],[-117.336385831924,34.60829138751185],[-117.33835709602148,34.60822407347164],[-117.33729262119365,34.60778696240259],[-117.33758301357386,34.60733589959989],[-117.33843751555372,34.60909642562638],[-117.33645193290609,34.60768097573175],[-117.33781794148904,34.60844136615513]],"growth_24h_ha":-15.09,"speed_km_day":0.15,"bearing_deg":317.25,"direction":"NW"}},{"type":"Feature","geometry":{"type":"Polygon","coordinates":[[[-118.75167365078146,34.81666101931623],[-118.75184494145478,34.81673393508472],[-118.75200707576299,34.81681952260541],[-118.75215863295885,34.81691703190771],[-118.75229828496347,34.81702560855224],[-118.75242480800337,34.81714430111694],[-118.75253709333431,34.817272069533004],[-118.7542771221932,34.819462045832836],[-118.75437931669282,34.81960582944591],[-118.75446347882534,34.81975710513398],[-118.75452878336797,34.819914389806755],[-118.7545745899627,34.82007614145408],[-118.75460044939842,34.82024077426282],[-118.75460610801974,34.82040667416356],[-118.75459151021866,34.820572214654575],[-118.75455679898499,34.82073577274833],[-118.75450231450944,34.82089574488366],[-118.75442859085307,34.82105056264784],[-118.7543363507158,34.82119870815463],[-118.75422649835471,34.82133872892703],[-118.7541001107215,34.82146925213903],[-118.75395842690618,34.821588998076855],[-118.75380283599011,34.82169679268712],[-118.75363486342731,34.82179157908941],[-118.7534561560881,34.82187242793989],[-118.7532684661111,34.82193854654457],[-118.74979840551114,34.82299856636476],[-118.74960640823782,34.82304868330848],[-118.74940930149124,34.82308338240417],[-118.74920896277672,34.82310233313247],[-118.74900730039114,34.8231053549818],[-118.74880623524223,34.823092419168084],[-118.74860768254776,34.823063648909006],[-118.74841353358886,34.823019318250104],[-118.74822563769155,34.82295984945388],[-118.74804578460838,34.82288580897705],[-118.747875687468,34.82279790207388],[-118.74771696645523,34.82269696607748],[-118.74757113337724,34.822583962422776],[-118.74743957726271,34.82245996748731],[-118.7473235511317,34.82232616233738],[-118.74722416006145,34.82218382147686],[-118.74714235066253,34.82203430070619],[-118.74707890206497,34.82187902420726],[-118.74703441850046,34.82171947097706],[-118.74700932355103,34.82155716073967],[-118.74700385611878,34.821393639470394],[-118.74701806815501,34.821230464670336],[-118.7470518241702,34.821069190531546],[-118.747104802529,34.82091135313392],[-118.74846487980766,34.8175213740906],[-118.74853817856255,34.81736549949258],[-118.74863021802402,34.81721630685675],[-118.74874008633027,34.81707527411012],[-118.74886669502176,34.81694379833922],[-118.74900878982629,34.81682318195176],[-118.74916496308562,34.81671461977629],[-118.74933366770048,34.81661918722774],[-118.74951323245614,34.816537829655715],[-118.7497018785762,34.81647135298133],[-118.74989773734141,34.816420415715086],[-118.75009886859823,34.81638552243481],[-118.75030327997463,34.81636701878816],[-118.75050894661263,34.816365088069375],[-118.75071383122233,34.81637974940382],[-118.75091590425895,34.81641085755863],[-118.75111316402315,34.81645810438115],[-118.75130365648596,34.816521021850775],[-118.75167365078146,34.81666101931623]]]},"properties":{"fire_id":"F4421","date":"2026-09-26","area_ha":36.5,"cumulative_ha":44.2,"frp_sum":2.8,"n_detections":4,"first_seen":"2026-09-24","last_seen":"2026-09-26","centroid":[-118.75063,34.81992],"history":[{"date":"2026-09-24","area_ha":25.6},{"date":"2026-09-26","area_ha":36.5}],"track":[[-118.74869446785557,34.81955605725207],[-118.75063112499872,34.819917560862606]],"growth_24h_ha":5.45,"speed_km_day":0.09,"bearing_deg":296.68,"direction":"WNW"}},{"type":"Feature","geometry":{"type":"Polygon","coordinates":[[[-114.91251687675201,36.354524660786915],[-114.91271707676677,36.35448965571878],[-114.91292061230382,36.35447024895658],[-114.91312555972189,36.3544666239166],[-114.91332998203843,36.35447881485965],[-114.91353194723277,36.354506706567285],[-114.91372954650221,36.354550035430556],[-114.91392091229893,36.354608391941035],[-114.91410423597762,36.35468122456031],[-114.91427778488647,36.35476784493188],[-114.91443991874111,36.35486743438582],[-114.91458910512584,36.35497905167495],[-114.91472393397655,36.35510164186949],[-114.91484313090795,36.355234046326295],[-114.91494556925949,36.35537501363809],[-114.9150302807456,36.35552321145972],[-114.91509646461034,36.35567723909971],[-114.91514349519906,36.355835640757675],[-114.91517092787568,36.35599691928314],[-114.91517850322973,36.356159550325465],[-114.91516614953278,36.35632199674103],[-114.91513398342141,36.35648272312186],[-114.91508230879936,36.356640210308086],[-114.9150116139699,36.35679296974726],[-114.91492256702468,36.3569395575646],[-114.91481600953277,36.357078588211465],[-114.91469294858942,36.35720874756244],[-114.91260296200697,36.359208774547],[-114.91246369340297,36.35932950636503],[-114.91231023466626,36.35943886211372],[-114.91214405343025,36.35953579590825],[-114.91196673902635,36.35961938066461],[-114.91177998728276,36.35968881696745],[-114.91158558430381,36.35974344071717],[-114.91138538938522,36.35978272948251],[-114.91118131722857,36.359806307498026],[-114.91097531962548,36.35981394925871],[-114.91076936678664,36.35980558167717],[-114.91056542849448,36.35978128478267],[-114.91036545526012,36.3597412909558],[-114.91017135966442,36.359685982705244],[-114.90998499806273,36.35961588900892],[-114.90980815282727,36.359531680253774],[-114.90964251529832,36.35943416182302],[-114.90948966960634,36.35932426639211],[-114.90935107752074,36.3592030450071],[-114.90922806446932,36.35907165703116],[-114.90912180686317,36.35893135905481],[-114.9090333208472,36.35878349287668],[-114.90896345258446,36.3586294726694],[-114.90891287016699,36.35847077145352],[-114.90888205723033,36.35830890700893],[-114.90887130833241,36.358145427358465],[-114.90888072614152,36.35798189596276],[-114.90907076998707,36.35639189913619],[-114.90910151049832,36.35622483935265],[-114.90915329232706,36.3560610873965],[-114.9092255885993,36.35590230899938],[-114.90931766377523,36.35575011929055],[-114.90942858113587,36.3556060663687],[-114.90955721231555,36.35547161555553],[-114.90970224878258,36.35534813449186],[-114.909862215152,36.355236879227604],[-114.91003548419413,36.35513898144666],[-114.91022029338666,36.35505543695735],[-114.91041476284204,36.35498709556451],[-114.91061691442745,36.35493465242684],[-114.91251687675201,36.354524660786915]]]},"properties":{"fire_id":"F3374","date":"2026-09-26","area_ha":24.6,"cumulative_ha":73.4,"frp_sum":3.5,"n_detections":3,"first_seen":"2026-09-16","last_seen":"2026-09-26","centroid":[-114.91182,36.357],"history":[{"date":"2026-09-16","area_ha":33.7},{"date":"2026-09-17","area_ha":38.1},{"date":"2026-09-18","area_ha":29.5},{"date":"2026-09-21","area_ha":32.0},{"date":"2026-09-22","area_ha":55.0},{"date":"2026-09-23","area_ha":59.7},{"date":"2026-09-26","area_ha":24.6}],"track":[[-114.91300288836739,36.358049436821126],[-114.91364218949147,36.35866550677959],[-114.91424140559792,36.35712569697416],[-114.9128258522728,36.35775141047724],[-114.91292018014181,36.358391740404294],[-114.9143953403492,36.357863384553085],[-114.91181612024225,36.357000187414364]],"growth_24h_ha":-11.7,"speed_km_day":0.08,"bearing_deg":124.26,"direction":"SE"}},{"type":"Feature","geometry":{"type":"Polygon","coordinates":[[[-98.01936880153595,25.928950656873138],[-98.01949702384759,25.929065796046217],[-98.0196125933831,25.929191790503783],[-98.01971443252278,25.929327465469488],[-98.0198015916549,25.92947155590155],[-98.01987325803154,25.929622718287188],[-98.01992876334872,25.929779543168863],[-98.01996758998031,25.929940568285627],[-98.01998937580754,25.930104292206927],[-98.01999391759863,25.930269188331856],[-98.0199811729074,25.930433719123343],[-98.01995126047272,25.93059635044447],[-98.0199044591148,25.930755565863468],[-98.01984120513886,25.93090988079366],[-98.01976208827008,25.93105785633689],[-98.01966784615752,25.931198112700955],[-98.01955935749821,25.93132934206614],[-98.01943763384564,25.931450320780808],[-98.01930381017867,25.931559920772248],[-98.01915913431891,25.9316571200664],[-98.01900495529529,25.93174101231813],[-98.0188427107642,25.93181081526352],[-98.01867391360263,25.931865878014882],[-98.01850013779934,25.931905687130843],[-98.01832300377572,25.931929871404545],[-98.01814416327335,25.931938205325427],[-98.01796528394914,25.93193061118234],[-98.01429521329179,25.931610606664126],[-98.01411839638658,25.931587225761838],[-98.01394484206385,25.93154828226833],[-98.01377616075364,25.931494137540227],[-98.01361391766102,25.931425293985892],[-98.01345961824046,25.931342390402893],[-98.01331469422487,25.931246196050093],[-98.01318049033938,25.931137603508763],[-98.01305825182298,25.93101762039971],[-98.01294911287403,25.9308873600326],[-98.01285408612664,25.93074803107485],[-98.01277405325575,25.930600926335785],[-98.01270975679796,25.930447410769943],[-98.01134982445278,25.92666739390642],[-98.01130166100866,25.92650806048542],[-98.01127045028151,25.926345182943194],[-98.01125648476798,25.926180288206737],[-98.01125989529257,25.926014922107253],[-98.01128064978488,25.925850634888498],[-98.01131855358386,25.92568896667384],[-98.0113732512663,25.925531433028418],[-98.01144422998212,25.92537951075187],[-98.01153082426508,25.925234624034587],[-98.01163222227392,25.925098131107273],[-98.0117474734049,25.92497131150921],[-98.01187549720477,25.924855354094113],[-98.01201509350021,25.924751345886293],[-98.01216495364895,25.924660261891507],[-98.01232367280706,25.92458295595775],[-98.01248976309735,25.924520152771933],[-98.0126616675556,25.924472441067262],[-98.01283777472396,25.924440268104867],[-98.01301643375463,25.924423935481688],[-98.01319596988253,25.924423596303395],[-98.01337470012209,25.924439253749604],[-98.01355094904085,25.92447076104378],[-98.01372306446248,25.92451782282918],[-98.01388943295181,25.924579997937194],[-98.0140484949372,25.92465670352241],[-98.01419875932827,25.924747220525823],[-98.01433881749217,25.92485070041463],[-98.01936880153595,25.928950656873138]]]},"properties":{"fire_id":"F4716","date":"2026-09-26","area_ha":46.4,"cumulative_ha":46.4,"frp_sum":3.5,"n_detections":3,"first_seen":"2026-09-26","last_seen":"2026-09-26","centroid":[-98.01528,25.9286],"history":[{"date":"2026-09-26","area_ha":46.4}],"track":[[-98.01528103555987,25.928596732029337]],"growth_24h_ha":null,"speed_km_day":null,"bearing_deg":null,"direction":null}},{"type":"Feature","geometry":{"type":"Polygon","coordinates":[[[-97.19514073819663,27.829138485429173],[-97.19520293519291,27.829199676924418],[-97.19531500984043,27.829334653271832],[-97.19541163624866,27.829478902183812],[-97.19549186658948,27.829631008803645],[-97.1955549138403,27.82978948119689],[-97.19560015950644,27.829952764983986],[-97.19562715969116,27.830119258585768],[-97.19563564945337,27.83028732893218],[-97.19562554541054,27.83045532748001],[-97.19559694656081,27.830621606382852],[-97.19555013331626,27.830784534654466],[-97.19548556475652,27.8309425141669],[-97.1954038741295,27.831093995326857],[-97.19530586264347,27.831237492276003],[-97.19519249161087,27.83137159746644],[-97.19506487302104,27.831494995468265],[-97.19492425863432,27.831606475873507],[-97.19477202770419,27.831704945170163],[-97.19460967344824,27.831789437469535],[-97.19443878840015,27.83185912398173],[-97.19426104878707,27.83191332114623],[-97.19407819808517,27.831951497337943],[-97.19389202991509,27.831973278082454],[-97.19370437044508,27.83197844972997],[-97.19192433495681,27.831948449270318],[-97.19173303394416,27.831936530461217],[-97.19154405553174,27.831907353687175],[-97.19135933357838,27.8318612175172],[-97.19118075837798,27.83179859406706],[-97.19101015731272,27.831720124167482],[-97.1908492761506,27.831626610805685],[-97.19069976117883,27.83151901090726],[-97.190563142356,27.8313984255429],[-97.1904408176556,27.831266088659838],[-97.1903340387609,27.83112335445373],[-97.18932405723301,27.829613342557845],[-97.18923585760679,27.82946535856404],[-97.18916437727223,27.82931029981361],[-97.1891103133348,27.829149678696478],[-97.18907419301576,27.82898506184939],[-97.1890563685135,27.82881805487482],[-97.1890570135723,27.82865028668022],[-97.18907612179177,27.828483393590304],[-97.18911350669363,27.828319003387058],[-97.19050360483375,27.823449021877916],[-97.1905583307415,27.8232901278791],[-97.19063012849881,27.823136790336815],[-97.19071831005562,27.822990478526215],[-97.19082203038616,27.822852594396476],[-97.1909402955884,27.82272445913833],[-97.19107197240925,27.82260730052539],[-97.19121579910426,27.822502241150982],[-97.19137039752783,27.82241028767264],[-97.19153428633801,27.82233232116745],[-97.19170589518926,27.822269088690938],[-97.19188357977754,27.822221196119646],[-97.19206563759327,27.822189102346556],[-97.19225032423175,27.8221731148848],[-97.19243587010445,27.822173386921417],[-97.19262049739149,27.82218991584985],[-97.19280243707291,27.822222543294842],[-97.19297994587572,27.822270956629833],[-97.19315132297437,27.822334691971957],[-97.19331492628503,27.822413138626324],[-97.19346918819724,27.82250554493669],[-97.19361263059294,27.822611025486978],[-97.19374387900824,27.82272856958391],[-97.19386167580305,27.82285705094044],[-97.19396489221194,27.822995238466486],[-97.19405253916086,27.82314180806409],[-97.19412377674618,27.82329535531379],[-97.194177922285,27.823454408930793],[-97.19421445685947,27.823617444862062],[-97.19514073819663,27.829138485429173]]]},"properties":{"fire_id":"F4717","date":"2026-09-26","area_ha":51.0,"cumulative_ha":51.0,"frp_sum":11.0,"n_detections":5,"first_seen":"2026-09-26","last_seen":"2026-09-26","centroid":[-97.19234,27.82751],"history":[{"date":"2026-09-26","area_ha":51.0}],"track":[[-97.19233745880081,27.827514977438288]],"growth_24h_ha":null,"speed_km_day":null,"bearing_deg":null,"direction":null}},{"type":"Feature","geometry":{"type":"Polygon","coordinates":[[[-97.4409343687838,28.0609378800534],[-97.44109229484454,28.0612612369879],[-97.4411592964678,28.061419514774446],[-97.44120832399646,28.061582963367222],[-97.44123889027003,28.06174995900848],[-97.44125069152182,28.061918842695267],[-97.4412436104009,28.06208793666041],[-97.4412177171425,28.062255561039944],[-97.44117326887446,28.06242005056189],[-97.4411107070673,28.062579771090252],[-97.44103065315227,28.06273313586002],[-97.44093390235132,28.062878621241843],[-97.4408214157798,28.06301478187966],[-97.4406943109004,28.06314026505088],[-97.44055385042311,28.063253824106482],[-97.44040142976127,28.0633543308574],[-97.44023856316835,28.063440786783968],[-97.44006686869342,28.063512332957167],[-97.43988805210448,28.063568258573074],[-97.4397038899397,28.063608008015375],[-97.43905387762415,28.06371800968697],[-97.43887149244725,28.06374076529898],[-97.43868749760765,28.063747651713065],[-97.436987463606,28.06373765155839],[-97.43679681353983,28.063727961859584],[-97.43660821411405,28.063701237277545],[-97.43642356874703,28.063657747523873],[-97.43624474094422,28.06359793150838],[-97.43607353548803,28.063522392908826],[-97.43591168022076,28.06343189407771],[-97.4357608086047,28.06332734834748],[-97.43562244323563,28.063209810811937],[-97.43549798047586,28.06308046767684],[-97.43538867636217,28.062940624287386],[-97.43529563393088,28.062791691953308],[-97.4352197920877,28.062635173704752],[-97.43516191613512,28.062472649122572],[-97.43512259005203,28.062305758396388],[-97.43510221060437,28.06213618577112],[-97.4351009833451,28.061965642549346],[-97.43511892054435,28.061795849820818],[-97.43515584107035,28.06162852109341],[-97.43521137222179,28.061465345001224],[-97.4366814391828,28.05781536410737],[-97.43676104648068,28.057646816196733],[-97.43686049510694,28.05748689705975],[-97.43697863033584,28.057337463399946],[-97.43881864406488,28.055257483339624],[-97.43894023608419,28.055132994269513],[-97.4390747983461,28.055019650592776],[-97.43922105663896,28.05491852556483],[-97.43937762601733,28.054830576739516],[-97.43954302391553,28.054756636902844],[-97.43971568418495,28.05469740618849],[-97.4398939719219,28.054653445448885],[-97.44007619894643,28.054625170945368],[-97.44026063978465,28.054612850407032],[-97.44044554800433,28.054616600496075],[-97.44062917274844,28.05463638570321],[-97.44080977531077,28.054672018683853],[-97.44098564559647,28.05472316203191],[-97.44115511831198,28.05478933147413],[-97.44131658873113,28.054869900455127],[-97.44146852788808,28.0549641060694],[-97.4416094970536,28.055071056284365],[-97.44173816135765,28.0551897383862],[-97.44185330242888,28.055319028568043],[-97.44195382993213,28.055457702570518],[-97.44203879189396,28.055604447273247],[-97.442107383719,28.05575787312808],[-97.44215895581102,28.05591652731604],[-97.44219301972726,28.056078907503682],[-97.44220925280685,28.05624347606849],[-97.44220750122997,28.056408674658687],[-97.44218778147835,28.05657293894948],[-97.44215028018304,28.05673471345638],[-97.4409343687838,28.0609378800534]]]},"properties":{"fire_id":"F0108","date":"2026-09-26","area_ha":48.5,"cumulative_ha":172.1,"frp_sum":17.0,"n_detections":6,"first_seen":"2026-08-23","last_seen":"2026-09-26","centroid":[-97.43885,28.05956],"history":[{"date":"2026-08-23","area_ha":73.7},{"date":"2026-08-24","area_ha":21.8},{"date":"2026-08-25","area_ha":53.9},{"date":"2026-08-26","area_ha":47.7},{"date":"2026-08-29","area_ha":63.5},{"date":"2026-08-31","area_ha":49.7},{"date":"2026-09-03","area_ha":27.2},{"date":"2026-09-05","area_ha":35.7},{"date":"2026-09-07","area_ha":36.5},{"date":"2026-09-10","area_ha":60.9},{"date":"2026-09-13","area_ha":93.9},{"date":"2026-09-14","area_ha":34.6},{"date":"2026-09-17","area_ha":81.7},{"date":"2026-09-19","area_ha":70.9},{"date":"2026-09-20","area_ha":54.5},{"date":"2026-09-21","area_ha":30.3},{"date":"2026-09-22","area_ha":86.3},{"date":"2026-09-23","area_ha":114.2},{"date":"2026-09-25","area_ha":33.5},{"date":"2026-09-26","area_ha":48.5}],"track":[[-97.44054868076483,28.057872407518886],[-97.43730802940058,28.0580217477088],[-97.43747940920458,28.058357472709865],[-97.43772436041104,28.058703214294752],[-97.4387444059698,28.05863179216407],[-97.43889969346753,28.059117972734054],[-97.43759798014162,28.05831230334792],[-97.43581446144557,28.05726351572607],[-97.43851531237424,28.059532217162438],[-97.43755748556359,28.057996344869906],[-97.44169786887323,28.05639887495167],[-97.43898647982688,28.058050867806724],[-97.44224186522663,28.057855540583976],[-97.44128841005946,28.058778945084526],[-97.438438490323,28.059736266404908],[-97.43774059663264,28.05807375264278],[-97.44181301366429,28.058418478556664],[-97.44166946887269,28.057244747449865],[-97.43854529059855,28.060066536016677],[-97.43884839653258,28.059558454819534]],"growth_24h_ha":15.04,"speed_km_day":0.06,"bearing_deg":208.92,"direction":"SSW"}},{"type":"Feature","geometry":{"type":"Polygon","coordinates":[[[-122.37214147649505,47.57106032286461],[-122.37236947883068,47.571110496299454],[-122.37258934629178,47.57117554190541],[-122.37279902176023,47.571254851122575],[-122.37299654345487,47.57134768193917],[-122.37318006328391,47.57145316583193],[-122.37334786413457,47.57157031589026],[-122.37349837593857,47.5716980360476],[-122.37363019036292,47.57183513133434],[-122.37374207398851,47.57198031905612],[-122.37383297985372,47.57213224079317],[-122.37390205725391,47.572289475108285],[-122.37394865970603,47.57245055084495],[-122.37397235100296,47.572613960891076],[-122.37397290930102,47.57277817627947],[-122.37395032920197,47.57294166049343],[-122.37390482181029,47.57310288384356],[-122.37383681276393,47.573260337781065],[-122.37374693825817,47.57341254901388],[-122.37363603909812,47.57355809329337],[-122.37350515283637,47.57369560874247],[-122.37335550406854,47.573823808600665],[-122.37318849297772,47.573941493266396],[-122.37300568223478,47.57404756152399],[-122.37280878237709,47.57414102085026],[-122.37259963580247,47.574220996703865],[-122.37238019952797,47.574286740710846],[-122.37100017079037,47.57464675148586],[-122.37075855524715,47.57470022843887],[-122.37051022306426,47.57473645349648],[-122.3702577863155,47.57475504561865],[-122.37000390025852,47.574755809240415],[-122.36975123539914,47.57473873632942],[-122.36950244939493,47.574704006470576],[-122.3692601590943,47.5746519849764],[-122.36902691300523,47.574583219043504],[-122.36502684215955,47.5732331802562],[-122.3648143177294,47.57315232936101],[-122.36461437855512,47.573057576755346],[-122.36442895175428,47.572949835755345],[-122.36425982453686,47.57283014486574],[-122.36410862697863,47.57269965776776],[-122.36397681631018,47.57255963219655],[-122.36386566287374,47.57241141781615],[-122.36377623788202,47.5722564432085],[-122.36370940309779,47.57209620210193],[-122.36366580253319,47.571932238972416],[-122.36364585624855,47.57176613415604],[-122.36364975631031,47.57159948861626],[-122.36367746494675,47.571433908513264],[-122.3637287149191,47.57127098972323],[-122.36380301210397,47.57111230245791],[-122.36389964026229,47.57095937613169],[-122.36401766794825,47.57081368462263],[-122.36415595749142,47.57067663206897],[-122.36431317596575,47.570549539338344],[-122.36448780803893,47.57043363129972],[-122.36467817057856,47.57033002502093],[-122.36488242887438,47.57023971900479],[-122.36509861431989,47.57016358356861],[-122.36532464338337,47.57010235245824],[-122.3655583376852,47.57005661577877],[-122.36579744498842,47.570026814308726],[-122.36603966090031,47.57001323525355],[-122.366282651076,47.57001600947837],[-122.36652407371041,47.570035110247225],[-122.36676160210207,47.57007035348064],[-122.37214147649505,47.57106032286461]]]},"properties":{"fire_id":"F4718","date":"2026-09-26","area_ha":28.7,"cumulative_ha":28.7,"frp_sum":6.1,"n_detections":3,"first_seen":"2026-09-26","last_seen":"2026-09-26","centroid":[-122.36882,47.57234],"history":[{"date":"2026-09-26","area_ha":28.7}],"track":[[-122.36881985670097,47.57233741504872]],"growth_24h_ha":null,"speed_km_day":null,"bearing_deg":null,"direction":null}},{"type":"Feature","geometry":{"type":"Polygon","coordinates":[[[-118.64526338913325,34.43322905389189],[-118.64516868266784,34.433375284735426],[-118.6450567732088,34.43351319699312],[-118.6449287491515,34.43364144926979],[-118.6447858556479,34.43375879412168],[-118.6446294824969,34.433864090190916],[-118.64446115062721,34.43395631330849],[-118.64428249730355,34.434034566457186],[-118.64409526020057,34.43409808849777],[-118.64390126049932,34.43414626157346],[-118.64370238517066,34.43417861712064],[-118.64350056861826,34.43419484042707],[-118.64329777385986,34.43419477369363],[-118.64309597342978,34.43417841756947],[-118.64289713018886,34.434145931145515],[-118.64270317822864,34.43409763040702],[-118.64251600405554,34.434033985159324],[-118.64233742823838,34.43395561445759],[-118.64216918769782,34.43386328058442],[-118.6420129188101,34.4337578816343],[-118.6418701414896,34.433640442776905],[-118.64174224440511,34.43351210628435],[-118.64163047147335,34.433374120419515],[-118.64153590976163,34.43322782729348],[-118.64145947891683,34.43307464981027],[-118.64140192222348,34.43291607782605],[-118.64136379937817,34.43275365365722],[-118.64134548104997,34.43258895707881],[-118.64113559114091,34.42842895370949],[-118.64113734649781,34.428262309188895],[-118.64115937570094,34.42809662969853],[-118.64120146104193,34.42793355163336],[-118.64126318672729,34.427774685685094],[-118.64134394298995,34.42762160093432],[-118.64144293211595,34.42747580935384],[-118.64155917632705,34.4273387508764],[-118.6416915274409,34.42721177917422],[-118.64183867821328,34.42709614829059],[-118.64199917525062,34.426993000255756],[-118.64217143336484,34.42690335380893],[-118.64235375122884,34.426828094338255],[-118.64254432817845,34.42676796513751],[-118.64274128199413,34.426723560066264],[-118.64294266748806,34.42669531768561],[-118.64314649571192,34.42668351692748],[-118.64335075359692,34.42668827434038],[-118.64355342383173,34.42670954293836],[-118.64594337457753,34.42705953615408],[-118.64613627798519,34.42709567700085],[-118.64632402690326,34.42714677686108],[-118.64650488163069,34.427212362238755],[-118.64667716633676,34.42729182541249],[-118.64683928458756,34.4273844300658],[-118.64698973413708,34.4274893181089],[-118.64712712084663,34.42760551762876],[-118.64725017160292,34.42773195189382],[-118.6473577461158,34.42786744932999],[-118.64744884748575,34.428010754375634],[-118.64752263144369,34.428160539114835],[-118.64757841417688,34.42831541558144],[-118.64761567866888,34.428473948619505],[-118.64763407949403,34.428634669181626],[-118.64763344602257,34.4287960879413],[-118.64761378400607,34.42895670909366],[-118.64757527552861,34.42911504421661],[-118.64751827732356,34.42926962606361],[-118.64744331747217,34.42941902216083],[-118.64526338913325,34.43322905389189]]]},"properties":{"fire_id":"F4267","date":"2026-09-26","area_ha":37.8,"cumulative_ha":55.8,"frp_sum":2.0,"n_detections":3,"first_seen":"2026-09-23","last_seen":"2026-09-26","centroid":[-118.64399,34.43013],"history":[{"date":"2026-09-23","area_ha":35.7},{"date":"2026-09-24","area_ha":34.9},{"date":"2026-09-26","area_ha":37.8}],"track":[[-118.6450031545335,34.43069072475297],[-118.64597235988785,34.43141534656576],[-118.6439940304591,34.43013189732186]],"growth_24h_ha":1.43,"speed_km_day":0.12,"bearing_deg":142.16,"direction":"SE"}},{"type":"Feature","geometry":{"type":"Polygon","coordinates":[[[-121.93477696951574,37.457376822635695],[-121.9346793622021,37.45752813298254],[-121.93456267795491,37.457670947067776],[-121.93442811384413,37.45780379962532],[-121.9342770504084,37.457925327586544],[-121.93411103749266,37.45803428406707],[-121.93393177834763,37.45812955116162],[-121.93374111215405,37.45821015141554],[-121.93354099515116,37.45827525785537],[-121.9333334805632,37.45832420247503],[-121.9331206975298,37.45835648309117],[-121.93290482925671,37.45837176849645],[-121.9303247712982,37.4584517702546],[-121.93011835387999,37.45845037806225],[-121.92991306848732,37.45843344221495],[-121.92971082548154,37.45840112031552],[-121.92951350690636,37.458353713147204],[-121.92932294897028,37.45829166187397],[-121.92914092495653,37.4582155439344],[-121.92896912871849,37.45812606766715],[-121.92880915891557,37.45802406571813],[-121.92866250413518,37.457910487290874],[-121.92853052904012,37.45778638931208],[-121.92841446167014,37.4576529265949],[-121.92831538201538,37.45751134109118],[-121.92823421196861,37.45736295033311],[-121.92817170674944,37.45720913517176],[-121.92812844787993,37.45705132692644],[-121.92810483777758,37.456890994065],[-121.92810109601476,37.45672962853838],[-121.92811725728049,37.456568731897455],[-121.92815317106226,37.45640980132042],[-121.92820850305145,37.45625431568153],[-121.9282827382586,37.45610372179044],[-121.92837518580961,37.45595942093013],[-121.92848498537816,37.45582275581883],[-121.92861111519407,37.455694998117266],[-121.9287524015532,37.45557733659702],[-121.93318239692019,37.4522273895524],[-121.9333407404983,37.452118908002234],[-121.93351195103273,37.45202311806632],[-121.93369437119783,37.45194094697075],[-121.93388623517976,37.45187319011137],[-121.93408568576758,37.451820503355904],[-121.9342907923281,37.45178339669637],[-121.93449956949065,37.451762229313545],[-121.93470999636155,37.45175720610072],[-121.93492003608158,37.451768375680984],[-121.93512765553831,37.45179562993646],[-121.93533084504199,37.45183870505478],[-121.93552763777484,37.45189718408215],[-121.93571612882597,37.45197050095864],[-121.93589449362747,37.452057945996316],[-121.93606100561368,37.45215867274782],[-121.93621405293246,37.45227170619829],[-121.93635215404717,37.45239595220189],[-121.93647397207799,37.452530208071394],[-121.93657832774417,37.45267317421866],[-121.9366642107815,37.452823466733086],[-121.93673078972472,37.452979630776504],[-121.93677741995978,37.453140154665014],[-121.93680364996828,37.45330348450125],[-121.936809225703,37.45346803921583],[-121.93679409305223,37.453632225871914],[-121.93675839836904,37.4537944550854],[-121.93670248705956,37.453953156410805],[-121.93662690024456,37.45410679354437],[-121.93477696951574,37.457376822635695]]]},"properties":{"fire_id":"F4125","date":"2026-09-26","area_ha":37.0,"cumulative_ha":49.7,"frp_sum":1.9,"n_detections":3,"first_seen":"2026-09-22","last_seen":"2026-09-26","centroid":[-121.93268,37.4554],"history":[{"date":"2026-09-22","area_ha":35.2},{"date":"2026-09-25","area_ha":34.2},{"date":"2026-09-26","area_ha":37.0}],"track":[[-121.9327217456295,37.45501782127202],[-121.9339101493563,37.45568812681618],[-121.93267980692792,37.45540004419494]],"growth_24h_ha":2.81,"speed_km_day":0.11,"bearing_deg":122.31,"direction":"ESE"}},{"type":"Feature","geometry":{"type":"Polygon","coordinates":[[[-121.18884347375005,37.880668723326245],[-121.18904967059304,37.88064510163489],[-121.18925783995147,37.88063709443214],[-121.18946602956733,37.88064477681132],[-121.18967228699259,37.88066807672541],[-121.18987467789613,37.88070677566232],[-121.19007130420071,37.88076051069401],[-121.19026032188043,37.88082877787924],[-121.19043995825173,37.88091093698892],[-121.19060852859583,37.8810062175092],[-121.19076445195714,37.881113725866406],[-121.19090626596932,37.881232453805886],[-121.19103264056987,37.88136128784637],[-121.19114239047512,37.88149901972128],[-121.19123448629804,37.88164435770917],[-121.19130806420489,37.881795938746684],[-121.19136243402008,37.881952341211175],[-121.19139708570297,37.88211209825254],[-121.19141169413552,37.8822737115498],[-121.19140612217656,37.882435665362785],[-121.19138042195254,37.88259644074788],[-121.19133483437389,37.88275452980415],[-121.19126978688014,37.88290844981606],[-121.19118588943567,37.88305675716053],[-121.19108392881277,37.88319806084752],[-121.19096486121616,37.883331035567394],[-121.19082980331727,37.88345443412239],[-121.19068002178291,37.883567099125656],[-121.19051692139638,37.88366797385812],[-121.19034203188176,37.88375611218117],[-121.18815200350926,37.88474613129671],[-121.18795710813666,37.884824190881844],[-121.18775300654046,37.88488643341607],[-121.18754181682674,37.88493221295906],[-121.18732573067481,37.88496105441907],[-121.18710699058846,37.884972658484166],[-121.18688786661919,37.88496690472924],[-121.18667063280314,37.88494385286584],[-121.18449058601915,37.88462384584216],[-121.18428438012148,37.88458530942512],[-121.18408405513777,37.884531185230784],[-121.1838915563205,37.884461998834865],[-121.18370875291158,37.88437842207372],[-121.18353741998857,37.88428126651916],[-121.1833792212261,37.8841714755966],[-121.18323569274014,37.884050115422085],[-121.18310822817176,37.88391836444868],[-121.18299806515546,37.883777502021566],[-121.18290627330316,37.883628895953585],[-121.18283374382105,37.883473989242226],[-121.18278118085921,37.88331428605641],[-121.1827490946786,37.883151337129895],[-121.18273779670112,37.88298672470272],[-121.18274739649094,37.88282204715708],[-121.182777800696,37.88265890349699],[-121.18282871395978,37.88249887782221],[-121.18289964179439,37.8823435239473],[-121.18298989538678,37.8821943503152],[-121.1830985982913,37.882052805351556],[-121.18322469494335,37.88192026340227],[-121.18336696091139,37.88179801139046],[-121.18352401478768,37.88168723632254],[-121.18369433160225,37.881589013764454],[-121.18387625762969,37.88150429740013],[-121.18406802644519,37.881433909773136],[-121.18426777607384,37.881378534301824],[-121.18447356706685,37.88133870864481],[-121.18884347375005,37.880668723326245]]]},"properties":{"fire_id":"F4270","date":"2026-09-26","area_ha":27.5,"cumulative_ha":31.6,"frp_sum":1.9,"n_detections":3,"first_seen":"2026-09-23","last_seen":"2026-09-26","centroid":[-121.1871,37.88277],"history":[{"date":"2026-09-23","area_ha":21.2},{"date":"2026-09-26","area_ha":27.5}],"track":[[-121.18724911099783,37.88357234727804],[-121.18710138262101,37.88277433470027]],"growth_24h_ha":2.07,"speed_km_day":0.03,"bearing_deg":187.0,"direction":"S"}},{"type":"Feature","geometry":{"type":"Polygon","coordinates":[[[-121.57151516634656,39.130638023402696],[-121.57161411915166,39.13048688252966],[-121.5717325216412,39.13034414198556],[-121.57186916539995,39.130211258445385],[-121.57202265588218,39.13008958798498],[-121.57219142664503,39.129980372244255],[-121.57237375533501,39.12988472575802],[-121.57256778126427,39.12980362458412],[-121.5727715243975,39.12973789634465],[-121.57298290555562,39.129688211781776],[-121.57319976763033,39.129655077914315],[-121.5734198975931,39.12963883286461],[-121.5736410490742,39.12963964240897],[-121.57386096528177,39.129657498286235],[-121.57407740202699,39.129692218282024],[-121.57428815062077,39.129743448087886],[-121.5790380625399,39.13110341832405],[-121.579237527823,39.13116932467096],[-121.57942746007448,39.13125001778548],[-121.57960598785787,39.13134470259943],[-121.57977135208544,39.131452446181115],[-121.57992192334952,39.13157218692606],[-121.58005621797699,39.1317027450153],[-121.58017291264906,39.13184283403876],[-121.58027085744219,39.131991073668544],[-121.58034908716124,39.13214600325838],[-121.58040683085365,39.132306096234274],[-121.58044351941032,39.13246977513517],[-121.5804587911784,39.13263542715565],[-121.58045249553034,39.13280142003691],[-121.58042469435372,39.132966118150144],[-121.58037566144746,39.13312789861349],[-121.58030587982928,39.13328516728377],[-121.58021603698154,39.13343637446557],[-121.58010701808169,39.13358003018256],[-121.57997989728393,39.133714718860915],[-121.5798359271377,39.1338391132797],[-121.57967652624757,39.13395198765078],[-121.57950326529543,39.13405222969976],[-121.57931785156327,39.1341388516277],[-121.57912211210886,39.13421099984699],[-121.5789179757599,39.134267963394144],[-121.57570791190408,39.1350279803623],[-121.57553200507165,39.135063575733916],[-121.57535283721163,39.13508788543371],[-121.57517164617168,39.13510074150859],[-121.57235158145926,39.135210744076375],[-121.57213949376764,39.135211154478476],[-121.57192834933684,39.13519588164868],[-121.5717201297763,39.1351650689241],[-121.57151678923964,39.135119005485095],[-121.57132023608125,39.13505812364077],[-121.5711323149432,39.13498299477084],[-121.57095478944055,39.13489432396223],[-121.57078932560788,39.13479294339057],[-121.5706374762624,39.134679804508814],[-121.57050066643056,39.134555969116484],[-121.57038017997469,39.134422599393275],[-121.57027714754565,39.13428094699063],[-121.57019253597404,39.134132341283895],[-121.57012713919974,39.13397817689506],[-121.57008157082477,39.13381990060361],[-121.57005625835905,39.13365899776821],[-121.57005143921312,39.133496978386354],[-121.57006715847527,39.13333536292371],[-121.57010326849334,39.13317566804498],[-121.57015943026555,39.13301939238134],[-121.57023511662672,39.13286800246721],[-121.57151516634656,39.130638023402696]]]},"properties":{"fire_id":"F4719","date":"2026-09-26","area_ha":41.0,"cumulative_ha":41.0,"frp_sum":4.8,"n_detections":4,"first_seen":"2026-09-26","last_seen":"2026-09-26","centroid":[-121.57495,39.13263],"history":[{"date":"2026-09-26","area_ha":41.0}],"track":[[-121.57495201188561,39.132627983726785]],"growth_24h_ha":null,"speed_km_day":null,"bearing_deg":null,"direction":null}},{"type":"Feature","geometry":{"type":"Polygon","coordinates":[[[-79.85671240388541,40.39125849687294],[-79.85691867876139,40.39130626934928],[-79.85711783216551,40.39136881459062],[-79.8573079946857,40.39144554550589],[-79.85748738128864,40.3915357418458],[-79.8576543080735,40.391638556962036],[-79.85780720807715,40.39175302575342],[-79.85794464598261,40.391878073723205],[-79.85806533159291,40.39201252706388],[-79.85816813194344,40.39215512367383],[-79.85825208193947,40.39230452500322],[-79.85831639341862,40.392459328617555],[-79.85836046255339,40.39261808136131],[-79.85838387552376,40.39277929299788],[-79.85838641240666,40.39294145019808],[-79.85836804924581,40.39310303074575],[-79.85832895828173,40.3932625178272],[-79.85722905932903,40.39678253751288],[-79.85716771809898,40.396942581794534],[-79.8570855080243,40.39709725415811],[-79.85698324294978,40.39724502316179],[-79.85686193530655,40.39738442570564],[-79.85672278609151,40.39751408151953],[-79.85656717297873,40.39763270683138],[-79.85639663668059,40.397739127080015],[-79.8562128656933,40.39783228854665],[-79.85601767957817,40.397911268790224],[-79.8558130109439,40.39797528578252],[-79.8556008863087,40.39802370565298],[-79.85538340603155,40.3980560489663],[-79.85516272351167,40.39807199547063],[-79.8549410238622,40.39807138726927],[-79.85472050226967,40.398054230384375],[-79.85450334225345,40.398020694697465],[-79.84929323185541,40.39701067076445],[-79.84908698096841,40.39696256171491],[-79.84888789945713,40.39689967743961],[-79.84869785788041,40.39682260880418],[-79.84851864184144,40.3967320799493],[-79.84835193520827,40.39662894148546],[-79.84819930429119,40.39651416249913],[-79.84806218312546,40.39638882144568],[-79.84794185999796,40.39625409601481],[-79.84783946534414,40.396111252063406],[-79.84775596112915,40.39596163172055],[-79.84769213181265,40.39580664077567],[-79.84764857698222,40.395647735469154],[-79.84762570572434,40.39548640880911],[-79.84762373278572,40.3953241765431],[-79.84764267656098,40.39516256291639],[-79.84768235892498,40.39500308635134],[-79.84879245947414,40.39149310620454],[-79.8488541637153,40.39133363666048],[-79.84893659850795,40.39117954596639],[-79.84903895220808,40.3910323510356],[-79.84916021710181,40.39089350088798],[-79.8492991993293,40.390764362387],[-79.84945453064016,40.3906462067856],[-79.84962468186453,40.390540197213625],[-79.8498079779671,40.39044737722972],[-79.85000261453612,40.390368660550116],[-79.85020667554458,40.39030482205585],[-79.85041815220956,40.39025649016624],[-79.85063496276344,40.39022414065402],[-79.85085497294311,40.39020809196309],[-79.85107601699526,40.39020850207416],[-79.85129591899141,40.39022536695014],[-79.85151251424298,40.39025852057593],[-79.85671240388541,40.39125849687294]]]},"properties":{"fire_id":"F4386","date":"2026-09-26","area_ha":61.5,"cumulative_ha":141.5,"frp_sum":6.0,"n_detections":4,"first_seen":"2026-09-24","last_seen":"2026-09-26","centroid":[-79.85301,40.39414],"history":[{"date":"2026-09-24","area_ha":79.7},{"date":"2026-09-25","area_ha":129.9},{"date":"2026-09-26","area_ha":61.5}],"track":[[-79.85438277625984,40.39359117585604],[-79.85754455341464,40.39491600389696],[-79.85300845126204,40.394138818579655]],"growth_24h_ha":-68.48,"speed_km_day":0.39,"bearing_deg":93.11,"direction":"E"}},{"type":"Feature","geometry":{"type":"Polygon","coordinates":[[[-80.69515435619019,41.13244876695166],[-80.69526162233568,41.13259315442833],[-80.69534927166652,41.132744692206515],[-80.69541645354609,41.13290190983701],[-80.69546251593034,41.133063281745486],[-80.69548701169983,41.13322724203509],[-80.69548970300384,41.13339219968056],[-80.69547056357435,41.13355655396676],[-80.69542977898658,41.13371871002163],[-80.6953677448642,41.133877094292934],[-80.69528506304574,41.13403016981856],[-80.6951825357494,41.13417645114208],[-80.69506115779274,41.13431451872896],[-80.69492210694256,41.13444303274339],[-80.69476673248847,41.13456074605196],[-80.69459654215089,41.13466651632769],[-80.69441318745048,41.134759317137494],[-80.69421844768114,41.13483824790462],[-80.69401421264193,41.13490254264991],[-80.69380246429554,41.13495157742662],[-80.69358525753171,41.134984876376826],[-80.69336470022206,41.13500211635026],[-80.69314293276035,41.13500313004115],[-80.69292210728676,41.13498790761205],[-80.69270436679795,41.134956596789486],[-80.69249182434616,41.134909501429995],[-80.69228654252906,41.134847078570466],[-80.69209051346974,41.13476993399227],[-80.69190563948138,41.134678816340866],[-80.68474557686893,41.13075873697673],[-80.68457556164915,41.130655785501276],[-80.68441981365704,41.13054102021536],[-80.68427980984048,41.13041552948763],[-80.68415687781801,41.13028050339432],[-80.68405218329023,41.13013722243156],[-80.68396671898748,41.12998704537074],[-80.6839012952589,41.129831396371294],[-80.68385653239196,41.129671751474085],[-80.68383285473469,41.12950962460288],[-80.68383048667691,41.12934655320707],[-80.68384945052767,41.12918408368168],[-80.68388956630935,41.129023756703035],[-80.68496966543609,41.125633776353496],[-80.68503105771879,41.12547600534883],[-80.68511292855047,41.12532346736301],[-80.6852144902788,41.12517762967],[-80.6853347658603,41.125039895083745],[-80.6854725982622,41.12491158846591],[-80.68562666159458,41.124793943983654],[-80.68579547386595,41.124688093240025],[-80.68597741123905,41.124595054390866],[-80.68617072365022,41.124515722353216],[-80.68637355164176,41.12445086019873],[-80.68658394424557,41.124401091815564],[-80.68679987774625,41.12436689590844],[-80.68701927514324,41.12434860139531],[-80.68724002612481,41.12434638424418],[-80.68746000736235,41.124360265780986],[-80.68767710292956,41.12439011248446],[-80.68788922465066,41.12443563727024],[-80.68809433218178,41.124496402251474],[-80.6882904526329,41.12457182294992],[-80.68847569954156,41.12466117391656],[-80.68864829101604,41.12476359570819],[-80.68880656687362,41.12487810315257],[-80.68894900460919,41.1250035948229],[-80.6890742340405,41.12513886363057],[-80.69515435619019,41.13244876695166]]]},"properties":{"fire_id":"F4502","date":"2026-09-26","area_ha":63.6,"cumulative_ha":74.1,"frp_sum":2.4,"n_detections":3,"first_seen":"2026-09-25","last_seen":"2026-09-26","centroid":[-80.68928,41.12983],"history":[{"date":"2026-09-25","area_ha":43.0},{"date":"2026-09-26","area_ha":63.6}],"track":[[-80.68881697647551,41.13147753551063],[-80.68928377451161,41.12983353163707]],"growth_24h_ha":20.54,"speed_km_day":0.19,"bearing_deg":182.7,"direction":"S"}},{"type":"Feature","geometry":{"type":"Polygon","coordinates":[[[-88.0087014308135,30.9418201987272],[-88.00874541448643,30.94165417853391],[-88.00880870976009,30.941492804714436],[-88.00889067135218,30.941337722160355],[-88.00899046372766,30.941190511628296],[-88.00910706961903,30.94105267362845],[-88.00923930039804,30.940925613131075],[-88.00938580819317,30.940810625247064],[-88.00954509962945,30.9407088820284],[-88.01428505464888,30.93798892111244],[-88.01444862805839,30.93790459878112],[-88.0146209658536,30.937834254909188],[-88.01480044628494,30.937778551450908],[-88.01498538040084,30.93773801258955],[-88.01517402793893,30.9377130198051],[-88.01536461369935,30.93770380828523],[-88.01555534424668,30.937710464712353],[-88.01574442478334,30.937732926448007],[-88.01593007603562,30.93777098212237],[-88.01611055099401,30.937824273622745],[-88.01628415134998,30.937892299463265],[-88.01644924347495,30.937974419503014],[-88.01660427379124,30.938069860969346],[-88.01674778339023,30.93817772572873],[-88.0168784217603,30.93829699873746],[-88.01699495949566,30.938426557592432],[-88.01709629986611,30.93856518309238],[-88.01718148913913,30.938711570709764],[-88.01724972555706,30.93886434286612],[-88.01730036688453,30.93902206189472],[-88.01733293645566,30.939183243569126],[-88.01734712766326,30.939346371070034],[-88.01734280684822,30.93950990925899],[-88.01732001456145,30.939672319125055],[-88.01666009160625,30.94300232876734],[-88.01661667787242,30.9431694625662],[-88.01655370741292,30.943331962101983],[-88.01647182940603,30.943488151835588],[-88.01637188800078,30.943636421280463],[-88.01625491361658,30.943775241609888],[-88.01612211232123,30.943903181421927],[-88.01597485339707,30.944018921500255],[-88.01581465522298,30.944121268418332],[-88.01105461000864,30.946851307659365],[-88.01089068907085,30.946935732471434],[-88.01071797753376,30.94700612471135],[-88.01053810668405,30.947061819511475],[-88.0103527754417,30.9471022908231],[-88.01016373431088,30.947127156385957],[-88.00997276884321,30.947136181339154],[-88.00978168276961,30.94712928043995],[-88.00959228096043,30.947106518868914],[-88.00940635237457,30.947068111614275],[-88.00922565315936,30.947014421440915],[-88.00905189006028,30.94694595546348],[-88.00888670429798,30.946863360355977],[-88.00873165606461,30.94676741624281],[-88.00858820978611,30.946659029329496],[-88.00845772028977,30.946539223342324],[-88.00834142000774,30.946409129857972],[-88.00824040733724,30.9462699776147],[-88.00815563626765,30.946123080905586],[-88.00808790737217,30.94596982716424],[-88.00803786024915,30.94581166385936],[-88.00800596748438,30.94565008482302],[-88.00799253019134,30.945486616140954],[-88.0079976751712,30.945322801738584],[-88.00802135371939,30.945160188798756],[-88.0087014308135,30.9418201987272]]]},"properties":{"fire_id":"F1386","date":"2026-09-26","area_ha":60.4,"cumulative_ha":221.5,"frp_sum":8.0,"n_detections":4,"first_seen":"2026-08-31","last_seen":"2026-09-26","centroid":[-88.01267,30.94242],"history":[{"date":"2026-08-31","area_ha":61.6},{"date":"2026-09-01","area_ha":132.3},{"date":"2026-09-02","area_ha":81.8},{"date":"2026-09-04","area_ha":43.5},{"date":"2026-09-05","area_ha":94.2},{"date":"2026-09-06","area_ha":85.2},{"date":"2026-09-07","area_ha":124.2},{"date":"2026-09-08","area_ha":102.1},{"date":"2026-09-09","area_ha":58.5},{"date":"2026-09-10","area_ha":58.4},{"date":"2026-09-11","area_ha":57.6},{"date":"2026-09-12","area_ha":50.8},{"date":"2026-09-13","area_ha":108.5},{"date":"2026-09-14","area_ha":32.9},{"date":"2026-09-15","area_ha":62.2},{"date":"2026-09-16","area_ha":61.9},{"date":"2026-09-17","area_ha":95.9},{"date":"2026-09-18","area_ha":92.9},{"date":"2026-09-19","area_ha":80.5},{"date":"2026-09-20","area_ha":54.0},{"date":"2026-09-21","area_ha":95.9},{"date":"2026-09-22","area_ha":59.2},{"date":"2026-09-23","area_ha":93.7},{"date":"2026-09-24","area_ha":58.5},{"date":"2026-09-25","area_ha":63.3},{"date":"2026-09-26","area_ha":60.4}],"track":[[-88.01262270533903,30.94428753014838],[-88.01411119643139,30.941917295435587],[-88.01318390202351,30.9421513903471],[-88.0114682716876,30.943113509124284],[-88.01863739713085,30.941750135338264],[-88.01307262935802,30.943094124039742],[-88.01305702440557,30.942766519797956],[-88.01353581005309,30.941823394945477],[-88.01244204064294,30.94343134051662],[-88.01295309336855,30.94217530650442],[-88.01391163077457,30.942681755605875],[-88.0151788677475,30.94070126661663],[-88.01312989022468,30.9433514724188],[-88.01393001421812,30.94007640619957],[-88.01216509597623,30.943035821981045],[-88.01224094987259,30.942522809849798],[-88.01456041463707,30.94273699547622],[-88.01415643041672,30.941611334137033],[-88.01234478614617,30.941987972716987],[-88.01168655761556,30.941080675620746],[-88.01192493803653,30.942382564931286],[-88.01158255481728,30.940665926185346],[-88.01376721916378,30.94273388299092],[-88.0127755450579,30.943306801347987],[-88.01269479037579,30.941618236566097],[-88.01267326347342,30.942420159711983]],"growth_24h_ha":-2.93,"speed_km_day":0.09,"bearing_deg":356.5,"direction":"N"}},{"type":"Feature","geometry":{"type":"Polygon","coordinates":[[[-93.2690738054608,31.35789115805151],[-93.2684737771356,31.36212208185129],[-93.26844028894598,31.362288037222932],[-93.26838751925281,31.36245031644859],[-93.26831599505594,31.36260729853326],[-93.26822643070459,31.362757415386874],[-93.26811972076547,31.362899167488763],[-93.26799693108997,31.363031138867562],[-93.26785928816976,31.363152011246573],[-93.26770816688662,31.36326057721345],[-93.26754507677929,31.36335575228259],[-93.2673716469641,31.363436585729502],[-93.26718960986038,31.363502270089125],[-93.26700078388306,31.36355214922276],[-93.26680705527544,31.36358572487349],[-93.26661035926392,31.363602661644137],[-93.26641266072298,31.363602790348114],[-93.2662159345436,31.363586109699725],[-93.26602214590164,31.363552786327073],[-93.26583323062334,31.363503153107334],[-93.26565107584425,31.363437705840894],[-93.26547750115496,31.363357098298057],[-93.26531424042224,31.363262135687354],[-93.26516292446713,31.363153766610985],[-93.26502506477325,31.363033073587882],[-93.26490203838809,31.362901262238772],[-93.26093208402257,31.35818121393829],[-93.26082605224349,31.358040956752927],[-93.26073682385821,31.357892455166763],[-93.26066527355708,31.35773716506596],[-93.26061210270365,31.357576608882937],[-93.26057783246242,31.357412360669983],[-93.26056279869334,31.357246030666982],[-93.26056714866367,31.357079249514648],[-93.26059083960875,31.356913652268087],[-93.26063363915604,31.356750862367505],[-93.26069512760758,31.356592475722916],[-93.2607747020589,31.35644004506936],[-93.26087158231333,31.3562950647453],[-93.26098481853391,31.356158956044123],[-93.26111330055761,31.356033053281717],[-93.26125576878042,31.355918590716897],[-93.26642574659472,31.352158640951714],[-93.2665821368687,31.35205593593958],[-93.26674976936017,31.351967027409746],[-93.26692697312492,31.351892801582892],[-93.26711198183084,31.351833998323826],[-93.26730295136217,31.351791203767792],[-93.26749797819836,31.35176484447887],[-93.26769511838458,31.351755183198755],[-93.26789240690485,31.3517623162282],[-93.2680878772649,31.35178617246728],[-93.26827958108987,31.35182651412401],[-93.26846560754136,31.351882939084227],[-93.26864410236085,31.351954884919074],[-93.26881328634961,31.352041634490373],[-93.26897147310103,31.352142323097844],[-93.26911708580884,31.352255947097074],[-93.26924867298366,31.35238137390238],[-93.2693649229214,31.35251735327506],[-93.26946467677912,31.352662529784084],[-93.26954694012811,31.35281545631589],[-93.26961089286904,31.352974608497846],[-93.26965589740999,31.35313839989238],[-93.26968150502599,31.3533051978097],[-93.26968746033637,31.35347333958212],[-93.26967370385513,31.35364114913746],[-93.2690738054608,31.35789115805151]]]},"properties":{"fire_id":"F4667","date":"2026-09-26","area_ha":73.8,"cumulative_ha":73.8,"frp_sum":3.7,"n_detections":4,"first_seen":"2026-09-26","last_seen":"2026-09-26","centroid":[-93.26577,31.35754],"history":[{"date":"2026-09-26","area_ha":73.8}],"track":[[-93.26577107503869,31.357540602308518]],"growth_24h_ha":null,"speed_km_day":null,"bearing_deg":null,"direction":null}}]}