{"type":"FeatureCollection","features":[{"type":"Feature","geometry":{"type":"Polygon","coordinates":[[[-73.01581650640205,45.11336844992472],[-73.01585683096776,45.113531294815104],[-73.01587438403108,45.11369614795329],[-73.01586899654393,45.11386142326744],[-73.01584072017175,45.1140255306103],[-73.01578982680287,45.114186891058495],[-73.01571680593896,45.11434395210418],[-73.01562235999121,45.11449520259327],[-73.01550739752767,45.11463918726597],[-73.01537302453596,45.11477452076017],[-73.01522053378582,45.11489990094245],[-73.01505139239329,45.11501412143869],[-73.01486722770632,45.11511608324343],[-73.01466981164745,45.11520480529629],[-73.01446104366428,45.11527943392345],[-73.01424293245177,45.11533925105348],[-73.01401757662235,45.115383681128115],[-73.0137871445101,45.11541229664163],[-73.01355385330325,45.11542482225533],[-73.01331994770595,45.11542113744757],[-73.01308767833541,45.11540127767358],[-73.01285928006162,45.11536543402445],[-73.0126369504991,45.115313951387776],[-73.01242282885727,45.11524732512839],[-73.01221897535358,45.11516619632077],[-73.01202735138737,45.11507134557926],[-73.01184980066559,45.11496368554524],[-73.01168803146182,45.11484425210402],[-73.0087180475629,45.112424205906386],[-73.00857196811579,45.1122924883582],[-73.00844509445423,45.11215118342639],[-73.008338677306,45.11200168425101],[-73.00825376569566,45.1118454647489],[-73.00819119660653,45.111684065080695],[-73.00815158673451,45.111519076464866],[-73.00813532641399,45.11135212548925],[-73.00814257577639,45.11118485807402],[-73.00817326317814,45.11101892324473],[-73.00822708591393,45.11085595687546],[-73.00830351320766,45.11069756556197],[-73.00840179145122,45.11054531078405],[-73.00852095163965,45.110400693513206],[-73.01015098201397,45.1086307216398],[-73.01028726334508,45.10849744155563],[-73.0104412744494,45.10837418032354],[-73.01061154933969,45.10826211114763],[-73.01079646725285,45.108162300699185],[-73.010994268077,45.10807569896607],[-73.01120306910349,45.108003130212666],[-73.01142088294478,45.107945285136324],[-73.01164563644775,45.107902714295136],[-73.01187519042243,45.107875822868905],[-73.01210735999851,45.107864866803794],[-73.01233993541632,45.1078699503769],[-73.0125707030543,45.10789102520406],[-73.01279746649323,45.107927890700196],[-73.01301806741697,45.107980195987935],[-73.0132304061508,45.10804744323643],[-73.01343246164242,45.10812899239827],[-73.01362231069521,45.10822406730009],[-73.01379814627118,45.108331763028254],[-73.01395829468923,45.108451054539934],[-73.01410123155543,45.108580806417606],[-73.01422559627333,45.1087197836739],[-73.01433020499647,45.10886666350445],[-73.01441406189964,45.10902004787688],[-73.01447636866148,45.10917847683578],[-73.01581650640205,45.11336844992472]]]},"properties":{"fire_id":"F6900","date":"2026-10-10","area_ha":35.1,"cumulative_ha":40.4,"frp_sum":3.0,"n_detections":3,"first_seen":"2026-10-09","last_seen":"2026-10-10","centroid":[-73.01225,45.11166],"history":[{"date":"2026-10-09","area_ha":26.3},{"date":"2026-10-10","area_ha":35.1}],"track":[[-73.0113570473348,45.112286039548295],[-73.01225234197337,45.11166036714212]],"growth_24h_ha":8.76,"speed_km_day":0.1,"bearing_deg":211.46,"direction":"SSW"}},{"type":"Feature","geometry":{"type":"Polygon","coordinates":[[[-73.25540017791995,45.84023202798084],[-73.25412482755914,45.84313633542076],[-73.25404581823825,45.84328952690429],[-73.25394609884363,45.84343667522243],[-73.25382659708124,45.84357641122452],[-73.25368842474253,45.84370743471842],[-73.253532867363,45.843828526569816],[-73.25336137226311,45.84393856004789],[-73.25317553508272,45.84403651131109],[-73.25297708493446,45.84412146893556],[-73.25276786831394,45.844192642397836],[-73.25254983191692,45.84424936943212],[-73.25232500452299,45.84429112219417],[-73.25209547811474,45.84431751217415],[-73.25186338840842,45.84432829381256],[-73.25163089497681,45.84432336678589],[-73.25140016115022,45.844302776940296],[-73.25117333388226,45.84426671586493],[-73.25095252376833,45.84421551910874],[-73.2507397854026,45.84414966305725],[-73.25053709825686,45.844069760498876],[-73.25034634825893,45.84397655492135],[-73.25016931024251,45.843870913592085],[-73.25000763143163,45.843753819486665],[-73.24614765070937,45.840673758631745],[-73.24613377888922,45.84066259062961],[-73.24352379382384,45.8385425491682],[-73.24337583337524,45.838409456482616],[-73.24324757259224,45.83826669031979],[-73.24314029121938,45.83811567530978],[-73.24305505963147,45.837957918384234],[-73.24299272815756,45.83779499373734],[-73.24295391860146,45.83762852711618],[-73.24293901804354,45.83746017959693],[-73.24294817498524,45.8372916310093],[-73.24298129787434,45.83712456317431],[-73.24303805602582,45.836960643122794],[-73.24311788292854,45.83680150646214],[-73.2432199819044,45.83664874105706],[-73.24334333406354,45.83650387118735],[-73.24348670847573,45.83636834234037],[-73.24364867445648,45.83624350679031],[-73.24382761584478,45.83613061010761],[-73.24402174713046,45.8360307787333],[-73.24422913126973,45.835945008742],[-73.24444769901136,45.83587415590568],[-73.2446752695408,45.83581892715713],[-73.24490957223628,45.83577987353825],[-73.24514826932008,45.835757384703506],[-73.24538897917898,45.83575168503312],[-73.24562930012182,45.835762831394966],[-73.24586683433698,45.83579071257734],[-73.24777828781713,45.83608446219883],[-73.24813666374554,45.834682479416806],[-73.24819060972804,45.834518835359994],[-73.24826750141003,45.83435975392515],[-73.24836657794444,45.834206808890414],[-73.24848685902965,45.83406151331458],[-73.24862715461241,45.83392530457033],[-73.24878607666477,45.8337995301265],[-73.24896205291837,45.83368543422012],[-73.24915334242006,45.833584145549956],[-73.24935805275494,45.83349666611286],[-73.2495741587664,45.83342386129367],[-73.24979952258828,45.83336645130646],[-73.25003191479057,45.83332500407154],[-73.2502690364303,45.83329992959887],[-73.25050854178912,45.83329147593315],[-73.2507480615732,45.83329972670061],[-73.25098522634605,45.8333246002821],[-73.25121768996274,45.83336585062027],[-73.25144315277397,45.83342306965295],[-73.25165938437074,45.833495691348816],[-73.2518642456447,45.83358299730536],[-73.25205570994643,45.83368412385392],[-73.25223188313208,45.83379807060149],[-73.25239102230066,45.83392371032499],[-73.25253155303628,45.83405980012022],[-73.25265208498499,45.83420499369516],[-73.25275142561205,45.83435785468632],[-73.25282859200344,45.83451687086653],[-73.25288282059464,45.83468046910333],[-73.2529135747304,45.83484703092058],[-73.25299650012207,45.83558208649206],[-73.25546121563623,45.835209488762764],[-73.25569916175768,45.835182153725135],[-73.2559398164838,45.83517159933562],[-73.2561807730697,45.83517793114527],[-73.25641962175236,45.83520108583174],[-73.25665397384475,45.83524083183219],[-73.2568814856194,45.8352967716586],[-73.25709988174302,45.835368345871835],[-73.25730697802759,45.83545483867504],[-73.257500703271,45.8355553850705],[-73.25767911996903,45.835668979508156],[-73.25784044369112,45.83579448593998],[-73.25798306092695,45.835930649179154],[-73.25810554522468,45.83607610745095],[-73.2582066714601,45.8362294060097],[-73.2582854280932,45.83638901168599],[-73.25834102728993,45.8365533282184],[-73.25837291280745,45.83672071221677],[-73.25838076556408,45.8368894895974],[-73.25836450683757,45.83705797232566],[-73.25832429905968,45.83722447529884],[-73.25826054419895,45.83738733320024],[-73.25817387974719,45.83754491715596],[-73.25708392548886,45.839264938051706],[-73.2569785900164,45.8394115054743],[-73.25685343721398,45.839550221248594],[-73.25670964880388,45.83967977544514],[-73.25654858251156,45.839798944640926],[-73.25637175924639,45.83990660347451],[-73.25618084874039,45.84000173527523],[-73.25597765378042,45.84008344166593],[-73.25576409318266,45.84015095104873],[-73.25554218367046,45.84020362589328],[-73.25540017791995,45.84023202798084]]]},"properties":{"fire_id":"F5381","date":"2026-10-10","area_ha":85.7,"cumulative_ha":103.3,"frp_sum":18.9,"n_detections":9,"first_seen":"2026-09-30","last_seen":"2026-10-10","centroid":[-73.2509,45.83854],"history":[{"date":"2026-09-30","area_ha":61.3},{"date":"2026-10-03","area_ha":71.1},{"date":"2026-10-04","area_ha":65.9},{"date":"2026-10-06","area_ha":23.9},{"date":"2026-10-09","area_ha":43.3},{"date":"2026-10-10","area_ha":85.7}],"track":[[-73.25036105972478,45.838231286389416],[-73.25077828825292,45.838001221521196],[-73.2496395057433,45.838324485380824],[-73.25079772722952,45.8374191742729],[-73.25062005293499,45.838001059111555],[-73.25090314707302,45.838537947868694]],"growth_24h_ha":42.41,"speed_km_day":0.06,"bearing_deg":326.02,"direction":"NW"}},{"type":"Feature","geometry":{"type":"Polygon","coordinates":[[[-73.14221141674503,46.04058046534448],[-73.1424365591947,46.04054537937467],[-73.1426654624822,46.04052543624929],[-73.14289604440191,46.040520817377036],[-73.14312620748213,46.04053156477257],[-73.14586613912212,46.04075155817583],[-73.146102871056,46.04077893301869],[-73.1463345549436,46.04082255963286],[-73.14655891037084,46.04088200861918],[-73.1467737290401,46.04095669484377],[-73.14697689650238,46.04104588319566],[-73.14716641296631,46.04114869582056],[-73.14734041298011,46.04126412075936],[-73.1474971837922,46.04139102190647],[-73.14763518221034,46.041528150190075],[-73.14775304979293,46.04167415586441],[-73.14784962622315,46.041827601793294],[-73.14792396073419,46.04198697759382],[-73.14797532147274,46.042150714501744],[-73.14800320270878,46.042317200811716],[-73.14800732981999,46.04248479774087],[-73.14798766200195,46.042651855559434],[-73.14721780607519,46.04671187165364],[-73.14717460117323,46.046876542582794],[-73.1471082765849,46.0470374183891],[-73.1470194833845,46.04719291943085],[-73.14690909328213,46.047341518828325],[-73.14677819006967,46.047481757457795],[-73.14662805898327,46.04761225828089],[-73.14646017408683,46.047731739867835],[-73.1462761837999,46.047839028982516],[-73.14607789471249,46.047933072105],[-73.14586725384521,46.04801294577882],[-73.14564632952944,46.04807786568068],[-73.14541729109496,46.04812719432408],[-73.14518238756497,46.048160447320804],[-73.14494392556762,46.04817729813852],[-73.14470424668133,46.0481775813081],[-73.14446570443648,46.04816129404888],[-73.14423064119966,46.0481285962961],[-73.1440013651676,46.04807980912979],[-73.14378012769708,46.04801541162114],[-73.14356910119359,46.047936036127055],[-73.14337035777594,46.04784246207895],[-73.13685029941112,46.04443237967605],[-73.13666955744779,46.04432791189332],[-73.13650415491715,46.04421170412515],[-73.13635564786094,46.044084849678576],[-73.13622543334263,46.04394854201909],[-73.13611473630537,46.04380406354038],[-73.13602459805088,46.04365277349773],[-73.1359558664466,46.04349609521839],[-73.13590918795377,46.0433355027097],[-73.13588500155107,46.04317250679072],[-73.13588353461056,46.04300864087801],[-73.13590480076488,46.042845446559326],[-73.13594859978528,46.042684459090836],[-73.13601451947153,46.0425271929547],[-73.13610193953554,46.0423751276121],[-73.13621003744213,46.042229693586684],[-73.13633779615166,46.04209225900843],[-73.13648401369156,46.041964116745014],[-73.13664731446659,46.041846472241296],[-73.13682616220129,46.041740432181626],[-73.13701887439292,46.041646994081155],[-73.13722363813868,46.04156703690413],[-73.13743852718868,46.04150131279741],[-73.13766152006396,46.041450440016824],[-73.14221141674503,46.04058046534448]]]},"properties":{"fire_id":"F7064","date":"2026-10-10","area_ha":56.2,"cumulative_ha":56.2,"frp_sum":6.4,"n_detections":4,"first_seen":"2026-10-10","last_seen":"2026-10-10","centroid":[-73.1427,46.04391],"history":[{"date":"2026-10-10","area_ha":56.2}],"track":[[-73.14269862523643,46.0439116094785]],"growth_24h_ha":null,"speed_km_day":null,"bearing_deg":null,"direction":null}},{"type":"Feature","geometry":{"type":"Polygon","coordinates":[[[-77.12500151310445,44.05542584188742],[-77.12520525497268,44.056043359566765],[-77.12524743529787,44.05620701590637],[-77.1252668191246,44.05637285657108],[-77.12526321642692,44.056539257199056],[-77.12523666232455,44.056704587930284],[-77.12518741674556,44.05686722937075],[-77.12511596188678,44.0570255884548],[-77.12502299749676,44.05717811404975],[-77.1249094340272,44.057323312150665],[-77.12477638371985,44.05745976051567],[-77.12462514971557,44.05758612259875],[-77.12445721329281,44.057701160643425],[-77.12427421935969,44.05780374780906],[-77.12407796034223,44.05789287921046],[-77.12387035862642,44.05796768176338],[-77.1236534477259,44.05802742273831],[-77.12342935236042,44.05807151693977],[-77.12320026763966,44.05809953243981],[-77.12296843755703,44.05811119481008],[-77.12273613300403,44.058106389810675],[-77.12250562952087,44.058085164509464],[-77.12227918500149,44.05804772682088],[-77.12205901757159,44.05799444346883],[-77.12184728385675,44.05792583639349],[-77.12164605785348,44.057842577637395],[-77.12145731061055,44.057745482761035],[-77.1212828909197,44.057635502852165],[-77.1211245072051,44.05751371520764],[-77.12098371078875,44.05738131277889],[-77.12086188069624,44.05723959248463],[-77.11895193327761,44.05474955891477],[-77.11884969306023,44.054598937896984],[-77.11876888194206,44.05444178090654],[-77.11871030137307,44.05427964685734],[-77.11867453227488,44.054114144020325],[-77.11866192928458,44.053946914069314],[-77.11867261724338,44.053779615796195],[-77.11870648996496,44.05361390865674],[-77.11876321129567,44.05345143631039],[-77.11884221845527,44.05329381031735],[-77.1189427276252,44.05314259415439],[-77.11906374172875,44.05299928770835],[-77.11920406032547,44.052865312400556],[-77.11936229152164,44.052741997089825],[-77.11953686577873,44.05263056489401],[-77.1197260514824,44.05253212106045],[-77.11992797211803,44.05244764200541],[-77.12014062488203,44.05237796563159],[-77.12036190054468,44.0523237830191],[-77.12058960436768,44.052285631572616],[-77.12526949437438,44.05167564837614],[-77.12550045396391,44.051653951016746],[-77.12573327891876,44.05164874881777],[-77.12596567795607,44.051660092974736],[-77.12619536398373,44.05168787184828],[-77.12642007660295,44.05173181206268],[-77.12663760434903,44.05179148119543],[-77.12684580645053,44.0518662920317],[-77.12704263389385,44.051955508342],[-77.12722614958547,44.05205825212585],[-77.12739454741386,44.0521735122507],[-77.12754617002362,44.052300154400626],[-77.12767952512672,44.052436932237775],[-77.1277933001906,44.05258249966585],[-77.12788637535829,44.05273542407601],[-77.12795783447343,44.05289420044407],[-77.12800697410162,44.053057266140975],[-77.12803331045899,44.05322301631055],[-77.12803658417957,44.05338981966328],[-77.12801676287445,44.05355603453078],[-77.12797404145722,44.05372002502292],[-77.12790884023215,44.05388017712871],[-77.12782180076378,44.05403491460214],[-77.12771377956831,44.05418271447711],[-77.12758583968856,44.05432212205818],[-77.12743924023536,44.054451765239826],[-77.12727542399807,44.05457036801318],[-77.12709600324612,44.05467676302694],[-77.1269027438612,44.05476990307925],[-77.12669754795625,44.05484887142672],[-77.12500151310445,44.05542584188742]]]},"properties":{"fire_id":"F7058","date":"2026-10-10","area_ha":35.9,"cumulative_ha":35.9,"frp_sum":6.3,"n_detections":4,"first_seen":"2026-10-10","last_seen":"2026-10-10","centroid":[-77.12319,44.05449],"history":[{"date":"2026-10-10","area_ha":35.9}],"track":[[-77.1231938073492,44.05449349820868]],"growth_24h_ha":null,"speed_km_day":null,"bearing_deg":null,"direction":null}},{"type":"Feature","geometry":{"type":"Polygon","coordinates":[[[-81.04155623667664,46.49163042643669],[-81.0415811310426,46.49179374753624],[-81.04158311211195,46.49195797609656],[-81.0415621610426,46.492121564265545],[-81.04151847513042,46.49228297021313],[-81.04145246595597,46.49244067266334],[-81.04136475551141,46.492593185233375],[-81.04125617034362,46.492739070444244],[-81.04112773376859,46.49287695327069],[-81.04098065623049,46.493005534103055],[-81.04081632389575,46.493123600998565],[-81.04063628558997,46.49323004110644],[-81.04044223820046,46.49332385115918],[-81.04023601068205,46.49340414693097],[-81.04001954681696,46.49347017157403],[-81.03979488689134,46.49352130275424],[-81.03956414846122,46.49355705851845],[-81.0393295063894,46.49357710183865],[-81.03909317234155,46.493581243789414],[-81.0388573739351,46.49356944532935],[-81.03862433373752,46.49354181766903],[-81.03839624831221,46.493498621222564],[-81.03220611347759,46.49209858034158],[-81.03198572834108,46.492040390163986],[-81.0317744768425,46.49196766602315],[-81.0315743393936,46.49188108970426],[-81.03138719219315,46.491781472852324],[-81.03121478963651,46.49166974936151],[-81.03105874786775,46.49154696661805],[-81.0309205296293,46.491414275679176],[-81.03080143055074,46.49127292048035],[-81.03070256700529,46.49112422617178],[-81.0306248656478,46.49096958669416],[-81.03056905473224,46.49081045170938],[-81.03053565728992,46.49064831300958],[-81.03052498623205,46.4904846905316],[-81.03053714142258,46.49032111810819],[-81.03057200874832,46.49015912908918],[-81.03062926119497,46.49000024196797],[-81.0307083619187,46.489845946147604],[-81.0308085692841,46.48969768798018],[-81.03092894382144,46.489556857210026],[-81.03106835703734,46.489424773948116],[-81.03122550199654,46.48930267629934],[-81.03139890557533,46.48919170875894],[-81.03158694227145,46.489092911486274],[-81.03178784944139,46.489007210556814],[-81.03199974382201,46.48893540928363],[-81.03222063918167,46.48887818068919],[-81.03782051636063,46.48763821696526],[-81.03804593974523,46.487596446739964],[-81.0382760821665,46.48756985674878],[-81.0385088309302,46.4875586910822],[-81.03874204942151,46.48756305223847],[-81.0389735967146,46.48758290018323],[-81.0392013472215,46.48761805271666],[-81.03942321020068,46.4876681871457],[-81.0396371489457,46.487732843245574],[-81.03984119947874,46.48781142748329],[-81.04003348857695,46.48790321846499],[-81.04021225096662,46.48800737355655],[-81.0403758455273,46.488122936617216],[-81.04052277035734,46.48824884677506],[-81.04065167656229,46.48838394816389],[-81.04076138063985,46.48852700053262],[-81.04085087534746,46.48867669062883],[-81.04091933895286,46.488831644253544],[-81.0409661427822,46.488990438875184],[-81.04155623667664,46.49163042643669]]]},"properties":{"fire_id":"F6635","date":"2026-10-10","area_ha":41.1,"cumulative_ha":65.5,"frp_sum":13.0,"n_detections":3,"first_seen":"2026-10-08","last_seen":"2026-10-10","centroid":[-81.03663,46.49057],"history":[{"date":"2026-10-08","area_ha":56.5},{"date":"2026-10-10","area_ha":41.1}],"track":[[-81.03494986094599,46.4900369891817],[-81.03662833885967,46.49057208153668]],"growth_24h_ha":-7.7,"speed_km_day":0.07,"bearing_deg":285.63,"direction":"WNW"}},{"type":"Feature","geometry":{"type":"Polygon","coordinates":[[[-101.8431554755589,47.35560813214618],[-101.84320212337273,47.35562272145637],[-101.84341441444776,47.35570755028688],[-101.8436133917725,47.355806466322015],[-101.84379708480323,47.355918490006715],[-101.84396367433008,47.356042511975815],[-101.84411151049282,47.356177304037466],[-101.84423912912128,47.356321531333855],[-101.84434526623788,47.35647376555795],[-101.84442887057914,47.35663249909629],[-101.84448911401168,47.35679615995745],[-101.84452539973945,47.356963127338396],[-101.84453736822084,47.35713174767496],[-101.84452761709962,47.36372174789062],[-101.84451587133914,47.36388535553413],[-101.8444812276998,47.36404742174784],[-101.844424009022,47.36420643546091],[-101.84434474864071,47.36436091404993],[-101.84424418541846,47.3645094171639],[-101.8441232568615,47.36465056015506],[-101.84398309038278,47.364783026991006],[-101.84382499279364,47.364905582527236],[-101.84365043812141,47.36501708402586],[-101.84346105386687,47.365116491812756],[-101.84325860582952,47.36520287897372],[-101.8430449816422,47.365275439999486],[-101.84282217316853,47.365333498298234],[-101.84259225792769,47.36537651250623],[-101.8423573797194,47.36540408153695],[-101.84211972863042,47.365415948322145],[-101.84188152060885,47.36541200220946],[-101.84164497679707,47.365392279994616],[-101.8414123028161,47.365356965578115],[-101.841185668195,47.36530638825004],[-101.840967186137,47.36524101961868],[-101.84075889381167,47.36516146921181],[-101.84056273335655,47.365068478791834],[-101.84038053376594,47.36496291543738],[-101.84021399383583,47.36484576345647],[-101.84006466632368,47.364718115206664],[-101.83993394347124,47.36458116090739],[-101.83982304402514,47.36443617754023],[-101.83973300187627,47.364284516940245],[-101.83741452693705,47.359767166195546],[-101.83694604409061,47.358864012146825],[-101.83325968888673,47.35776676043249],[-101.83303691196758,47.35769107140474],[-101.83282633843675,47.35760036001269],[-101.83263010416366,47.357495546388755],[-101.83245019954205,47.35737769370569],[-101.83228844930002,47.35724799739],[-101.83214649399194,47.35710777299374],[-101.83202577336012,47.35695844284795],[-101.83192751173458,47.356801521633344],[-101.83185270561918,47.35663860101437],[-101.83180211359002,47.356471333493246],[-101.83177624860764,47.35630141564707],[-101.83177537282165,47.35613057091858],[-101.83179949491951,47.35596053213527],[-101.8321195489762,47.35448053904568],[-101.83216638280192,47.35431860044996],[-101.8322358911868,47.35416055934076],[-101.83232741552378,47.354007912816975],[-101.83244008866805,47.353862106862714],[-101.83257284315646,47.353724522651646],[-101.83272442132323,47.35359646346505],[-101.8328933872167,47.353479142348405],[-101.83307814020358,47.35337367062274],[-101.83327693013193,47.35328104735983],[-101.83831685980627,47.351171104576096],[-101.83853212215256,47.35109076648029],[-101.83875790846658,47.35102549974819],[-101.83899199359273,47.350975947574234],[-101.8392320706085,47.35094259828642],[-101.83947577355471,47.35092578053542],[-101.83972070074695,47.350925660056674],[-101.83996443843876,47.35094223803748],[-101.84020458460341,47.350975351105276],[-101.84043877260041,47.35102467293735],[-101.84066469449367,47.3510897174756],[-101.84088012379173,47.3511698437154],[-101.84108293738642,47.35126426202088],[-101.84127113647331,47.35137204190478],[-101.84144286624895,47.35149212119622],[-101.84159643418974,47.3516233165061],[-101.84173032673316,47.35176433488712],[-101.84184322419658,47.35191378657379],[-101.84193401378671,47.35207019867656],[-101.84200180057111,47.35223202969593],[-101.8431554755589,47.35560813214618]]]},"properties":{"fire_id":"F4099","date":"2026-10-10","area_ha":93.8,"cumulative_ha":144.4,"frp_sum":8.5,"n_detections":8,"first_seen":"2026-09-22","last_seen":"2026-10-10","centroid":[-101.83933,47.35752],"history":[{"date":"2026-09-22","area_ha":36.0},{"date":"2026-09-25","area_ha":86.9},{"date":"2026-09-27","area_ha":70.4},{"date":"2026-09-30","area_ha":87.5},{"date":"2026-10-01","area_ha":43.2},{"date":"2026-10-03","area_ha":35.5},{"date":"2026-10-04","area_ha":57.7},{"date":"2026-10-05","area_ha":78.7},{"date":"2026-10-07","area_ha":28.7},{"date":"2026-10-09","area_ha":53.6},{"date":"2026-10-10","area_ha":93.8}],"track":[[-101.83588859097381,47.35660528494378],[-101.8379801325161,47.35949757247513],[-101.8360533177271,47.358795129104905],[-101.83816054919858,47.359982560600955],[-101.83696510000098,47.3588460656394],[-101.83538838371592,47.354907641644125],[-101.83846768453527,47.359083672148195],[-101.83940289014211,47.360025366689946],[-101.83560033282623,47.35588591698476],[-101.83848595744371,47.35805938982095],[-101.83933422130198,47.35751975909526]],"growth_24h_ha":40.25,"speed_km_day":0.09,"bearing_deg":230.74,"direction":"SW"}},{"type":"Feature","geometry":{"type":"Polygon","coordinates":[[[-103.79993766726446,47.732196877845254],[-103.79998111823296,47.73236212762469],[-103.80000052250932,47.73252950648094],[-103.79999569031492,47.732697379012],[-103.79996666867704,47.732864104976855],[-103.79991374097676,47.73302805532182],[-103.79983742418703,47.73318762809833],[-103.79973846382822,47.73334126411645],[-103.79961782668963,47.73348746218113],[-103.79947669138824,47.733624793762345],[-103.79931643685642,47.733751916955285],[-103.79913862887128,47.73386758959494],[-103.79894500475696,47.73397068139579],[-103.79873745640928,47.73406018499869],[-103.79851801180877,47.734135225816495],[-103.79828881520257,47.73419507058215],[-103.79805210614938,47.734239134515796],[-103.7978101976317,47.7342669870404],[-103.7975654534501,47.73427835599054],[-103.79732026512022,47.734273130272534],[-103.79707702849873,47.73425136095041],[-103.79683812036677,47.73421326074675],[-103.79660587519994,47.73415920196338],[-103.79638256235229,47.7340897128425],[-103.79617036387732,47.734005472403304],[-103.7959713532028,47.73390730380533],[-103.79578747486835,47.73379616630277],[-103.79562052552352,47.73367314586899],[-103.79547213637223,47.73353944458271],[-103.7953437572354,47.7333963688798],[-103.79523664238697,47.73324531678536],[-103.79515183830203,47.73308776425134],[-103.79299199326962,47.72836771879365],[-103.79293049506421,47.728205723787134],[-103.79289258647299,47.72804037226286],[-103.79287863539258,47.727873269722714],[-103.7928887770968,47.72770603865509],[-103.79292291293046,47.727540302780874],[-103.79298071127431,47.727377671288274],[-103.79306161077177,47.72721972320923],[-103.79316482578588,47.72706799208927],[-103.79328935403296,47.726923951099415],[-103.79343398631887,47.72678899873488],[-103.79359731828319,47.726664445238875],[-103.7937777640369,47.726551499883875],[-103.79397357156138,47.72645125923313],[-103.79418283971891,47.7263646964966],[-103.7944035367098,47.72629265208462],[-103.79463351979665,47.72623582545053],[-103.7948705561048,47.726194768301625],[-103.79511234429687,47.726169879244516],[-103.79535653691123,47.7261613999161],[-103.79560076314776,47.726169412638356],[-103.79584265188002,47.72619383961936],[-103.79607985467048,47.726234443708314],[-103.79631006856577,47.72629083069727],[-103.79653105845088,47.72636245314726],[-103.79674067874537,47.72644861570169],[-103.79693689423137,47.72654848183565],[-103.79711779981105,47.72666108197536],[-103.79728163900215,47.72678532290942],[-103.7974268209918,47.7269199984002],[-103.7975519360832,47.72706380089289],[-103.79855196730996,47.728353781412515],[-103.79864454797264,47.728486842323335],[-103.79871993027623,47.72862489586958],[-103.79877754662061,47.72876690277046],[-103.79993766726446,47.732196877845254]]]},"properties":{"fire_id":"F7065","date":"2026-10-10","area_ha":32.4,"cumulative_ha":32.4,"frp_sum":2.1,"n_detections":3,"first_seen":"2026-10-10","last_seen":"2026-10-10","centroid":[-103.7965,47.73019],"history":[{"date":"2026-10-10","area_ha":32.4}],"track":[[-103.79650289730577,47.73019490077294]],"growth_24h_ha":null,"speed_km_day":null,"bearing_deg":null,"direction":null}},{"type":"Feature","geometry":{"type":"Polygon","coordinates":[[[-103.5957103305839,48.088843670951526],[-103.59577836814948,48.088704176445525],[-103.59586382187813,48.0885692074441],[-103.59596605336712,48.08843977208963],[-103.59608429890567,48.08831683718396],[-103.59761432079091,48.08686686484834],[-103.59776586926482,48.086737092405684],[-103.59793524038201,48.086617999134596],[-103.5981208233648,48.0865107175722],[-103.59832085329079,48.086416267923696],[-103.5985334278769,48.086335548362584],[-103.59875652556808,48.086269326491596],[-103.59898802475938,48.08621823204502],[-103.59922572396846,48.08618275090182],[-103.59946736276662,48.08616322046661],[-103.59971064327006,48.086159826461845],[-103.59995325198672,48.08617260116249],[-103.60019288181145,48.08620142308891],[-103.60042725396045,48.08624601816201],[-103.60065413963684,48.08630596230858],[-103.6008713812212,48.086380685493],[-103.60107691278621,48.0864694771364],[-103.60126877974011,48.08657149287218],[-103.60144515741258,48.08668576257362],[-103.60160436840621,48.08681119957706],[-103.60174489854876,48.08694661101375],[-103.60186541129436,48.08709070915127],[-103.60196476043679,48.08724212363769],[-103.60204200101376,48.08739941453144],[-103.60412217311769,48.09243936993144],[-103.60417636538125,48.09260022620994],[-103.60420743020785,48.092763905277664],[-103.60421507493562,48.092928866043735],[-103.6041992274076,48.09309355533502],[-103.60416003665794,48.09325642251969],[-103.6040978715153,48.093415934107604],[-103.60401331713645,48.09357058818956],[-103.60390716950275,48.09371892857994],[-103.6037804279306,48.09385955852916],[-103.60363428566666,48.093991153876956],[-103.60347011865582,48.09411247552238],[-103.60328947258806,48.094222381093374],[-103.60309404834553,48.0943198357054],[-103.60288568598727,48.09440392170834],[-103.60266634742227,48.094473847329006],[-103.60243809793387,48.094528954128826],[-103.60220308673007,48.0945687232054],[-103.60196352670248,48.09459278007992],[-103.60172167358498,48.09460089822454],[-103.60147980470869,48.09459300119583],[-103.60124019755318,48.09456916335512],[-103.60100510829623,48.094529609167765],[-103.59629500039716,48.0935695791084],[-103.59606595851315,48.093514480964224],[-103.59584586070562,48.09344446653143],[-103.59563679219862,48.09336019915403],[-103.59544073370049,48.093262477210516],[-103.5952595426364,48.09315222654783],[-103.59509493554975,48.093030491707395],[-103.59494847183969,48.09289842602692],[-103.59482153898858,48.092757280711155],[-103.59471533941957,48.09260839297584],[-103.59463087910834,48.092453173376946],[-103.59456895805721,48.09229309244535],[-103.5945301627215,48.0921296667539],[-103.59451486045957,48.0919644445485],[-103.59452319605919,48.09179899108005],[-103.59455509037255,48.091634873775305],[-103.59461024107297,48.091473647388234],[-103.5957103305839,48.088843670951526]]]},"properties":{"fire_id":"F7066","date":"2026-10-10","area_ha":48.1,"cumulative_ha":48.1,"frp_sum":4.1,"n_detections":4,"first_seen":"2026-10-10","last_seen":"2026-10-10","centroid":[-103.59946,48.09071],"history":[{"date":"2026-10-10","area_ha":48.1}],"track":[[-103.59946126122901,48.090712964207874]],"growth_24h_ha":null,"speed_km_day":null,"bearing_deg":null,"direction":null}},{"type":"Feature","geometry":{"type":"Polygon","coordinates":[[[-102.91031156500384,48.093736668635685],[-102.9105187451849,48.09365172329331],[-102.91073701294057,48.09358084185648],[-102.91096431952154,48.09352468962473],[-102.91119853135636,48.09348379364611],[-102.91143745007392,48.09345853777144],[-102.91167883313355,48.093449159052696],[-102.9119204148692,48.093455745518554],[-102.91215992775047,48.093478235348435],[-102.91239512366106,48.09351641745257],[-102.91262379499524,48.09356993345274],[-102.91424376175272,48.09400992009394],[-102.91447136664019,48.09408094821186],[-102.91468738667406,48.094167160882705],[-102.91488964824305,48.094267690661965],[-102.9150761161446,48.09438152604561],[-102.91524491406163,48.094507521644985],[-102.91539434344226,48.09464440970913],[-102.9155229005922,48.09479081287812],[-102.915629291808,48.09494525803961],[-102.91571244639881,48.09510619114913],[-102.91577152746518,48.09527199286499],[-102.9158059403266,48.095440994841],[-102.9158153385126,48.095611496512674],[-102.91579962725669,48.09578178220821],[-102.91575896445786,48.095950138412306],[-102.91569375909964,48.096114871008815],[-102.91560466714209,48.09627432232908],[-102.9144247192252,48.098104346394884],[-102.91431299432136,48.09825647378741],[-102.91417953141075,48.09840023379147],[-102.9140256654823,48.09853418825399],[-102.91385293565983,48.09865699710442],[-102.91366306980754,48.09876743176296],[-102.91345796724598,48.09886438743386],[-102.9132396797512,48.098946894160264],[-102.91301039102757,48.09901412653015],[-102.91277239485929,48.099065411936024],[-102.91252807215945,48.099100237305564],[-102.91227986714675,48.099118254236],[-102.91203026288788,48.09911928248061],[-102.91178175645108,48.09910331175258],[-102.9073316432345,48.09866329751887],[-102.90709582849078,48.09863201322803],[-102.90686552015488,48.09858541986579],[-102.90664285256315,48.09852394923759],[-102.9064298892268,48.098448171022646],[-102.90622860370536,48.09835878749303],[-102.90604086131471,48.09825662700361],[-102.90586840183917,48.098142636313604],[-102.90571282340817,48.098017871810505],[-102.90557556768658,48.097883489718136],[-102.90545790651647,48.0977407353797],[-102.90536093013353,48.09759093171497],[-102.90528553706756,48.09743546695892],[-102.90523242582056,48.09727578179535],[-102.90520208839907,48.097113356004954],[-102.90519480576067,48.0969496947516],[-102.90521064521687,48.09678631463358],[-102.9052494598156,48.09662472962988],[-102.90531088970948,48.09646643707079],[-102.90539436549656,48.096312903763675],[-102.90549911350227,48.096165552401835],[-102.90562416295383,48.09602574838276],[-102.90576835497995,48.095894787157434],[-102.90593035335279,48.09577388222848],[-102.906108656872,48.09566415390744],[-102.90630161327654,48.095566618936175],[-102.91031156500384,48.093736668635685]]]},"properties":{"fire_id":"F7067","date":"2026-10-10","area_ha":36.3,"cumulative_ha":36.3,"frp_sum":5.5,"n_detections":4,"first_seen":"2026-10-10","last_seen":"2026-10-10","centroid":[-102.91076,48.09643],"history":[{"date":"2026-10-10","area_ha":36.3}],"track":[[-102.91076431010558,48.09642873383291]],"growth_24h_ha":null,"speed_km_day":null,"bearing_deg":null,"direction":null}},{"type":"Feature","geometry":{"type":"Polygon","coordinates":[[[-79.02845025497379,48.25489033601134],[-79.02828237122746,48.255007103542404],[-79.02809880672547,48.2551123844025],[-79.02790125223534,48.25520520881946],[-79.02769152741301,48.25528472175612],[-79.02747156404027,48.25535019078818],[-79.02724338822857,48.25540101285265],[-79.02700910175302,48.25543671980439],[-79.02677086268865,48.255456982729655],[-79.02653086552743,48.25546161497657],[-79.02629132095956,48.255450573875294],[-79.02605443550522,48.25542396113083],[-79.02582239118496,48.255382021886156],[-79.0255973254159,48.255325142463356],[-79.02538131131932,48.25525384680395],[-79.02517633862112,48.255168791641466],[-79.02092628856964,48.2532087382834],[-79.02073119609864,48.253108974003624],[-79.02055132192278,48.25299675079055],[-79.02038837809559,48.25287313685904],[-79.0202439154923,48.25273930884049],[-79.02011930904958,48.25259654058055],[-79.02001574468086,48.25244619101192],[-79.01993420799224,48.25228969121751],[-79.01987547490589,48.25212853080721],[-79.01984010428033,48.25196424373784],[-79.01982843259731,48.251798393711674],[-79.01984057076577,48.25163255929238],[-79.0198764030732,48.25146831887991],[-79.01993558829389,48.251307235687676],[-79.02001756294328,48.251150842864774],[-79.02012154664742,48.251000628904904],[-79.02024654957576,48.25085802348076],[-79.0203913818669,48.25072438383876],[-79.0205546649569,48.25060098188344],[-79.02073484470245,48.25048899207414],[-79.02093020617387,48.25038948024967],[-79.02113888997722,48.2503033934865],[-79.02135890994995,48.25023155108739],[-79.02158817206194,48.25017463678585],[-79.02182449434211,48.250133192240746],[-79.02206562764104,48.25010761188266],[-79.02230927703219,48.25009813916117],[-79.0225531236485,48.250104864228504],[-79.02279484674625,48.25012772308195],[-79.0286247013488,48.25087769884757],[-79.02886894511126,48.250917851721894],[-79.02910603635705,48.250974472073686],[-79.02933358305778,48.25104698867245],[-79.02954928945887,48.2511346699112],[-79.02975097923795,48.25123663118548],[-79.02993661745937,48.25135184381587],[-79.03010433110406,48.25147914542363],[-79.0302524279668,48.25161725165565],[-79.03037941373115,48.25176476913953],[-79.03048400704897,48.25192020953931],[-79.03056515247296,48.252082004569154],[-79.03062203111085,48.25224852181459],[-79.0306540688944,48.25241808120086],[-79.03066094237855,48.25258897194289],[-79.03064258201279,48.252759469805824],[-79.03059917285088,48.25292785450192],[-79.03053115269165,48.253092427048195],[-79.03043920766925,48.25325152690981],[-79.03032426533714,48.2534035487563],[-79.03018748531521,48.25354695866115],[-79.03003024759413,48.25368030958141],[-79.02845025497379,48.25489033601134]]]},"properties":{"fire_id":"F7059","date":"2026-10-10","area_ha":33.3,"cumulative_ha":33.3,"frp_sum":4.2,"n_detections":3,"first_seen":"2026-10-10","last_seen":"2026-10-10","centroid":[-79.02534,48.25257],"history":[{"date":"2026-10-10","area_ha":33.3}],"track":[[-79.025338180392,48.25256618633812]],"growth_24h_ha":null,"speed_km_day":null,"bearing_deg":null,"direction":null}},{"type":"Feature","geometry":{"type":"Polygon","coordinates":[[[-103.31377309064979,48.63752546008361],[-103.31371578237562,48.63768755117419],[-103.31363537491282,48.63784507638829],[-103.31353263693673,48.637996529488206],[-103.31340855066263,48.63814046228399],[-103.31326430245885,48.638275498482656],[-103.31310127150671,48.63840034685048],[-103.31292101661559,48.63851381356193],[-103.31272526131916,48.638614813617664],[-103.3125158773951,48.6387023812218],[-103.31229486696618,48.638775679019375],[-103.3120643433536,48.63883400610545],[-103.31182651086586,48.63887680472927],[-103.31158364371692,48.638903665629314],[-103.31133806427485,48.638914331947916],[-103.31109212084968,48.63890870168809],[-103.31084816523277,48.638886828689365],[-103.31060853020291,48.63884892211266],[-103.31037550721446,48.63879534443964],[-103.31015132448108,48.63872660800543],[-103.30993812566479,48.638643370098094],[-103.30973794937468,48.63854642667164],[-103.3095527096708,48.63843670473275],[-103.30938417776069,48.63831525347442],[-103.30923396506276,48.638183234240834],[-103.30910350779902,48.63804190942023],[-103.30899405326446,48.63789263037144],[-103.30890664790398,48.63773682450007],[-103.30884212731105,48.63757598160797],[-103.30880110824342,48.63741163964612],[-103.30878398273205,48.637245370008074],[-103.3087909143395,48.63707876250395],[-103.3090109891207,48.63514876746563],[-103.30904344662216,48.63497758508664],[-103.30910129439371,48.634809503510795],[-103.31002136920469,48.63263952350906],[-103.31010123882015,48.632480971667874],[-103.31020370061586,48.63232849656841],[-103.3103277646689,48.63218357108583],[-103.31047223240506,48.632047595155534],[-103.31063570818084,48.63192188225219],[-103.31081661276791,48.63180764670428],[-103.31101319860971,48.63170599196664],[-103.31122356670254,48.6316178999639],[-103.31144568493845,48.63154422160798],[-103.3116774077324,48.63148566858091],[-103.31191649674469,48.63144280646229],[-103.31216064249794,48.63141604926773],[-103.31240748668098,48.631405655450955],[-103.31265464492348,48.631411725408064],[-103.3128997298222,48.63143420050805],[-103.31314037399649,48.631472863659006],[-103.31337425295048,48.63152734140432],[-103.31359910752172,48.631597107529196],[-103.31381276569931,48.63168148814173],[-103.31401316360109,48.63177966818077],[-103.31419836540759,48.63189069928664],[-103.31436658206005,48.63201350895962],[-103.31451618854214,48.63214691091729],[-103.31464573957857,48.63228961655126],[-103.31475398359845,48.63244024737225],[-103.31483987482916,48.63259734832376],[-103.31490258340305,48.63275940183582],[-103.31494150337974,48.632924842482865],[-103.31495625860587,48.633092072104446],[-103.3149467063558,48.633259475242966],[-103.3149129387175,48.63342543474865],[-103.31377309064979,48.63752546008361]]]},"properties":{"fire_id":"F7068","date":"2026-10-10","area_ha":28.8,"cumulative_ha":28.8,"frp_sum":2.3,"n_detections":3,"first_seen":"2026-10-10","last_seen":"2026-10-10","centroid":[-103.31182,48.63515],"history":[{"date":"2026-10-10","area_ha":28.8}],"track":[[-103.31181812206705,48.635154660700586]],"growth_24h_ha":null,"speed_km_day":null,"bearing_deg":null,"direction":null}},{"type":"Feature","geometry":{"type":"Polygon","coordinates":[[[-94.12278103607304,48.89755075871281],[-94.12301686384231,48.89760916417739],[-94.12324293978503,48.897683092824046],[-94.12345702986038,48.89777181412981],[-94.12365701844318,48.89787445139437],[-94.12384092922773,48.897989990401115],[-94.12400694475632,48.89811728943662],[-94.12415342437941,48.89825509057016],[-94.12427892047009,48.89840203208186],[-94.12438219273255,48.898556661916466],[-94.12635229785232,48.901946620128264],[-94.12643213127446,48.90210692385191],[-94.1264880731784,48.90227177688174],[-94.12651957384314,48.90243955982101],[-94.12652632363282,48.902608624475405],[-94.12650825604578,48.90277731004343],[-94.12646554837556,48.90294395943084],[-94.12639861997681,48.9031069355298],[-94.12630812815294,48.90326463730201],[-94.12619496170574,48.90341551550824],[-94.12606023220977,48.90355808792937],[-94.12590526309754,48.90369095392979],[-94.1257315766618,48.90381280821937],[-94.12554087910326,48.903922453679215],[-94.12533504376987,48.904018813124836],[-94.12511609275292,48.90410093989115],[-94.12488617702029,48.90416802713503],[-94.12464755528232,48.904219415764175],[-94.12440257179821,48.90425460091408],[-94.1241536333409,48.904273236909475],[-94.12390318554718,48.90427514066134],[-94.1236536888855,48.90426029346634],[-94.12340759447788,48.90422884119047],[-94.12316732001382,48.904181092835664],[-94.12293522599302,48.90411751750307],[-94.12271359253049,48.904038739783104],[-94.12250459695245,48.903945533617446],[-94.122310292403,48.90383881469363],[-94.12213258767204,48.90371963144659],[-94.12197322844278,48.903589154756276],[-94.12183378014286,48.903448666442245],[-94.11928342516566,48.900581459236356],[-94.11820012062067,48.90044910418493],[-94.11796203685824,48.90041190546711],[-94.11773038789076,48.900359350104075],[-94.11750734040275,48.900291929676506],[-94.11729498060808,48.90021027480453],[-94.11709529473369,48.900115149247256],[-94.11691015043951,48.900007442757364],[-94.11674127934872,48.899888162756696],[-94.11659026085128,48.899758424911205],[-94.11645850733278,48.89961944269371],[-94.11634725096637,48.89947251603174],[-94.11625753219154,48.89931901914713],[-94.11619018998714,48.89916038770107],[-94.11614585402963,48.89899810536472],[-94.11612493880969,48.89883368994136],[-94.11612763976193,48.89866867917],[-94.11615393144369,48.89850461634265],[-94.11620356777986,48.89834303587067],[-94.11627608437085,48.89818544893432],[-94.1163708028423,48.89803332935054],[-94.1164868371952,48.89788809979033],[-94.1166231020971,48.897751118474986],[-94.11677832303668,48.897623666475624],[-94.11695104824634,48.89750693573434],[-94.11713966228145,48.897402017919255],[-94.11734240112912,48.897309894217265],[-94.11755736870514,48.89723142616031],[-94.11778255458488,48.89716734757038],[-94.1180158528025,48.89711825769863],[-94.11825508154266,48.897084615623065],[-94.1184980035407,48.89706673595633],[-94.11874234700092,48.89706478590457],[-94.12036230401446,48.89710478455589],[-94.1205849287608,48.897116950839745],[-94.1208050929506,48.897142345667646],[-94.12102107642339,48.89718077063237],[-94.12278103607304,48.89755075871281]]]},"properties":{"fire_id":"F7069","date":"2026-10-10","area_ha":36.6,"cumulative_ha":36.6,"frp_sum":6.9,"n_detections":5,"first_seen":"2026-10-10","last_seen":"2026-10-10","centroid":[-94.12174,48.90031],"history":[{"date":"2026-10-10","area_ha":36.6}],"track":[[-94.12173832236218,48.90030925803901]],"growth_24h_ha":null,"speed_km_day":null,"bearing_deg":null,"direction":null}},{"type":"Feature","geometry":{"type":"Polygon","coordinates":[[[-104.26012855480873,49.438254837238915],[-104.26036292315949,49.43827450082922],[-104.26059357243543,49.438308644605996],[-104.26081852120896,49.4383569752596],[-104.26103583701212,49.438419077608074],[-104.2612436529343,49.438494418162676],[-104.26144018365757,49.43858234970941],[-104.26162374079185,49.43868211686759],[-104.26368373218169,49.43991208518006],[-104.26385995267353,49.44002803208954],[-104.2640186383799,49.440154875469474],[-104.26415830117149,49.44029142590721],[-104.26427763127447,49.44043640295671],[-104.26437550955556,49.44058844714328],[-104.26445101802057,49.44074613270969],[-104.2645034484277,49.440907980984285],[-104.26453230893492,49.4410724742456],[-104.26453732871853,49.44123806995382],[-104.26451846051961,49.441403215215445],[-104.26447588109407,49.441566361345686],[-104.26440998956211,49.44172597839185],[-104.26432140367174,49.44188056948178],[-104.26421095401186,49.44202868486246],[-104.26407967622839,49.442168935497264],[-104.26392880131648,49.44230000609439],[-104.26375974407979,49.44242066744367],[-104.26357408986465,49.44252978794671],[-104.26337357969368,49.442626344231506],[-104.26316009393821,49.44270943075238],[-104.26293563468265,49.44277826828447],[-104.26270230694615,49.44283221123378],[-104.26246229893803,49.442870753693555],[-104.26221786153201,49.442893534190276],[-104.26197128715215,49.44290033907493],[-104.2617248882687,49.44289110452719],[-104.26148097570561,49.44286591715417],[-104.2612418369636,49.442825013178066],[-104.26100971476222,49.44276877621983],[-104.25684677813699,49.44160430760009],[-104.25596887756294,49.44143046376395],[-104.25573376407053,49.441375390813974],[-104.2555077822995,49.44130517867633],[-104.25529309026021,49.44122049786548],[-104.25509173812746,49.44112215706541],[-104.2549056486599,49.441011095405116],[-104.25473659883757,49.44088837348769],[-104.25458620289272,49.440755163259716],[-104.2544558968962,49.44061273681722],[-104.2543469250464,49.44046245425553],[-104.25426032779187,49.44030575067895],[-104.25419693190044,49.440144122494715],[-104.25415734257014,49.439979113121574],[-104.25414193765644,49.439812298250494],[-104.25415086407098,49.439645270797385],[-104.254184036386,49.43947962569205],[-104.2542411376572,49.43931694464847],[-104.25432162245744,49.43915878106199],[-104.25442472209126,49.43900664517752],[-104.25454945194093,49.43886198967],[-104.25469462087335,49.438726195775466],[-104.2548588426176,49.43860056010419],[-104.2550405490048,49.43848628226266],[-104.25523800494332,49.438384453401405],[-104.25544932498669,49.43829604579914],[-104.25567249133562,49.43822190358123],[-104.2559053731028,49.43816273466216],[-104.25614574665617,49.438119103988164],[-104.25639131684673,49.43809142814467],[-104.25663973891868,49.43807997137988],[-104.25688864089237,49.43808484308257],[-104.26012855480873,49.438254837238915]]]},"properties":{"fire_id":"F7070","date":"2026-10-10","area_ha":28.5,"cumulative_ha":28.5,"frp_sum":9.5,"n_detections":4,"first_seen":"2026-10-10","last_seen":"2026-10-10","centroid":[-104.25943,49.44037],"history":[{"date":"2026-10-10","area_ha":28.5}],"track":[[-104.25942571695448,49.440365081364114]],"growth_24h_ha":null,"speed_km_day":null,"bearing_deg":null,"direction":null}},{"type":"Feature","geometry":{"type":"Polygon","coordinates":[[[-75.63879798147907,39.59044595396511],[-75.63876079665607,39.590612562825065],[-75.63870167143126,39.59077547339435],[-75.63862120880052,39.590933023806414],[-75.63852022943944,39.59108360686324],[-75.63839976333648,39.591225686431905],[-75.63826103928987,39.59135781311653],[-75.63810547237543,39.59147863904578],[-75.63394546206005,39.59439869000783],[-75.63378001118141,39.594503890395586],[-75.63360180152317,39.5945962953297],[-75.63341254260587,39.594675018367894],[-75.63321404996466,39.59473930431581],[-75.63300822773078,39.594788536473025],[-75.63279705036251,39.5948222425503],[-75.6325825437008,39.59484009920101],[-75.63236676553143,39.594841935123924],[-75.63215178584038,39.59482773270683],[-75.6319396669522,39.594797628195394],[-75.63173244374175,39.594751910386016],[-75.63153210410974,39.59469101785465],[-75.63134056990909,39.5946155347488],[-75.6311596785058,39.594526185182474],[-75.63099116515095,39.59442382628851],[-75.630836646333,39.59430943999458],[-75.63069760427065,39.59418412360202],[-75.63057537269457,39.59404907925787],[-75.63047112405441,39.5939056024212],[-75.63038585827434,39.593755069434536],[-75.63032039316403,39.593598924319494],[-75.63027535657777,39.593438664923596],[-75.63025118039621,39.593275828550894],[-75.63024809638858,39.59311197721459],[-75.63026613399481,39.59294868265314],[-75.63030512004862,39.592787511253235],[-75.63036468044402,39.59263000902467],[-75.63256262472177,39.58773490395889],[-75.63472060943326,39.58282980835151],[-75.63480032608902,39.582674734027016],[-75.63489993816663,39.582526444010824],[-75.63501845940772,39.582386406342614],[-75.63515471637692,39.58225600735711],[-75.63530736008158,39.582136537961254],[-75.63547487932819,39.58202918085639],[-75.63565561568355,39.58193499883178],[-75.63584777989246,39.58185492424491],[-75.63604946958941,39.581789749793494],[-75.63625868812902,39.58174012066944],[-75.63647336434884,39.5817065281731],[-75.63669137306937,39.581689304850684],[-75.6369105561279,39.581688621202886],[-75.63712874373894,39.58170448399742],[-75.63734377596927,39.581736736202004],[-75.63755352411579,39.58178505853859],[-75.63775591177426,39.58184897264337],[-75.63794893539118,39.58192784580132],[-75.63813068409486,39.5820208972085],[-75.63829935861006,39.58212720570023],[-75.6384532890687,39.58224571886856],[-75.63859095154079,39.58237526347887],[-75.6387109831214,39.582514557082845],[-75.63881219542492,39.58266222071246],[-75.63889358635257,39.58281679252988],[-75.63895435001668,39.58297674229794],[-75.6389938847233,39.58314048652792],[-75.63945396320548,39.58578047829831],[-75.63947040888738,39.585918725155636],[-75.63947170897485,39.58605753157495],[-75.63945785443201,39.58619594213759],[-75.63879798147907,39.59044595396511]]]},"properties":{"fire_id":"F6160","date":"2026-10-10","area_ha":71.5,"cumulative_ha":116.8,"frp_sum":5.9,"n_detections":5,"first_seen":"2026-10-06","last_seen":"2026-10-10","centroid":[-75.63533,39.5885],"history":[{"date":"2026-10-06","area_ha":68.9},{"date":"2026-10-07","area_ha":71.3},{"date":"2026-10-08","area_ha":47.3},{"date":"2026-10-09","area_ha":79.6},{"date":"2026-10-10","area_ha":71.5}],"track":[[-75.63623874450876,39.58835116675475],[-75.63512649936095,39.588031379859494],[-75.63438987496589,39.5888213188381],[-75.63391430469851,39.59003894467314],[-75.63533223659735,39.5885001217914]],"growth_24h_ha":-8.18,"speed_km_day":0.21,"bearing_deg":202.71,"direction":"SSW"}},{"type":"Feature","geometry":{"type":"Polygon","coordinates":[[[-79.85596631713977,40.39114841053276],[-79.85620012776542,40.39114866495774],[-79.85643261536973,40.39116732739987],[-79.85666121945873,40.391204192321794],[-79.85688342230046,40.391258853714014],[-79.85709677664879,40.39133070956564],[-79.86376667411106,40.3939006536109],[-79.86395543572378,40.39398236961602],[-79.86413267191311,40.394077544852514],[-79.86429668803406,40.39418526933044],[-79.86444591582114,40.39430451306948],[-79.86457892838315,40.39443413594508],[-79.86469445384701,40.39457289858807],[-79.86479138752058,40.394719474232936],[-79.86486880245799,40.3948724614022],[-79.86492595832614,40.39503039730525],[-79.86496230848778,40.39519177182374],[-79.86497750523313,40.39535504194996],[-79.86497140310996,40.39551864653996],[-79.8649440603197,40.39568102124059],[-79.86489573816667,40.395840613447504],[-79.86482689856477,40.395995897151536],[-79.86473819962593,40.396145387530815],[-79.86463048937178,40.39628765514971],[-79.86450479762874,40.396421339628375],[-79.864362326184,40.396545162652224],[-79.86420443729604,40.39665794019703],[-79.86403264066998,40.39675859385234],[-79.86384857902172,40.39684616113528],[-79.86365401236932,40.396919804695656],[-79.86345080120182,40.39697882032444],[-79.86324088868622,40.397022643689176],[-79.86302628208337,40.39705085573122],[-79.86280903355012,40.397063186673996],[-79.8625912205119,40.39705951860328],[-79.85812111651396,40.39681951274497],[-79.85789256802883,40.39679827379562],[-79.85766815890285,40.39675942534387],[-79.85745028673333,40.3967033824511],[-79.85724127926214,40.396630743884856],[-79.8570433695019,40.396542285720194],[-79.85685867187509,40.39643895304651],[-79.85605809417623,40.39594072261508],[-79.8546414012477,40.39643050122776],[-79.85443605437123,40.396492406112756],[-79.85422354640376,40.39653870439382],[-79.85400597330647,40.39656893942817],[-79.8537854810083,40.39658281300529],[-79.85356424423638,40.39658018828887],[-79.8533444450622,40.396561091166724],[-79.85312825137515,40.39652570999538],[-79.8529177954962,40.39647439374197],[-79.85271515314258,40.39640764854152],[-79.8525223229516,40.39632613270389],[-79.8523412067651,40.396230650219614],[-79.85217359086978,40.39612214282851],[-79.85202112837807,40.39600168072981],[-79.85188532292369,40.395870452025115],[-79.8500853480356,40.393940424925184],[-79.8499702674601,40.39380335208424],[-79.84987337207816,40.393658560558606],[-79.84979557017824,40.39350740778156],[-79.84973759103129,40.39335131081456],[-79.84969997805788,40.39319173306112],[-79.84968308373843,40.39303017054667],[-79.8496870663135,40.392868137892975],[-79.8497118883059,40.392707154118504],[-79.84975731687699,40.39254872839809],[-79.84982292601484,40.392394345915186],[-79.84990810053277,40.39224545393948],[-79.85001204184098,40.39210344826026],[-79.85013377543666,40.391969660102646],[-79.85027216004269,40.391845343649535],[-79.85042589830873,40.39173166428571],[-79.85059354897457,40.391629687674694],[-79.85077354038152,40.39154036977056],[-79.85096418520529,40.391464547857915],[-79.85116369627211,40.39140293270464],[-79.85137020331024,40.391356101900236],[-79.85158177047956,40.39132449444245],[-79.85179641451514,40.391308406623025],[-79.85596631713977,40.39114841053276]]]},"properties":{"fire_id":"F4386","date":"2026-10-10","area_ha":60.8,"cumulative_ha":190.5,"frp_sum":12.0,"n_detections":6,"first_seen":"2026-09-24","last_seen":"2026-10-10","centroid":[-79.85704,40.3942],"history":[{"date":"2026-09-24","area_ha":79.7},{"date":"2026-09-25","area_ha":129.9},{"date":"2026-09-26","area_ha":74.9},{"date":"2026-09-27","area_ha":89.7},{"date":"2026-09-30","area_ha":98.3},{"date":"2026-10-02","area_ha":54.0},{"date":"2026-10-03","area_ha":123.3},{"date":"2026-10-04","area_ha":124.9},{"date":"2026-10-05","area_ha":81.4},{"date":"2026-10-06","area_ha":100.0},{"date":"2026-10-07","area_ha":78.2},{"date":"2026-10-08","area_ha":85.9},{"date":"2026-10-09","area_ha":119.5},{"date":"2026-10-10","area_ha":60.8}],"track":[[-79.85438277625984,40.39359117585604],[-79.85754455341464,40.39491600389696],[-79.85260780073244,40.39359697886653],[-79.8537419977096,40.394461833228235],[-79.8583494037974,40.39428905292884],[-79.85542909707276,40.3935903826945],[-79.85493182643125,40.39297159625032],[-79.8551235602877,40.393785256517845],[-79.85715577167068,40.39476767392459],[-79.85673981916061,40.39399920951429],[-79.85474018381522,40.394071735315315],[-79.85421697890602,40.39497911397351],[-79.85601435339004,40.39541130614271],[-79.85703749156092,40.39419897041841]],"growth_24h_ha":-58.66,"speed_km_day":0.16,"bearing_deg":202.64,"direction":"SSW"}},{"type":"Feature","geometry":{"type":"Polygon","coordinates":[[[-87.33837730288026,40.92474783666821],[-87.33842924846275,40.9245908132515],[-87.33850126033019,40.92443826084355],[-87.33859266649466,40.924291602735856],[-87.33870261403706,40.92415220721774],[-87.33883007706834,40.92402137481176],[-87.33897386630377,40.923900326141755],[-87.33913264016067,40.923790190546],[-87.3393049172761,40.92369199554269],[-87.33948909032776,40.92360665724512],[-87.339683441029,40.92353497181632],[-87.3398861561583,40.923477608042596],[-87.34009534447344,40.923435101095464],[-87.34030905435306,40.92340784753972],[-87.34052529200082,40.923396101634644],[-87.34074204004274,40.92339997296237],[-87.3409572763441,40.92341942540578],[-87.34116899287089,40.9234542774854],[-87.34137521441983,40.92350420405202],[-87.34157401704218,40.92356873931974],[-87.34537395619834,40.92496870800374],[-87.3455691887445,40.92504988940734],[-87.34575263032212,40.92514515201623],[-87.34592246202823,40.925253551289806],[-87.34607699988162,40.92537401243097],[-87.34621471151975,40.92550534104106],[-87.34633423139353,40.925646234960766],[-87.34643437430917,40.92579529717966],[-87.34651414718296,40.9259510496863],[-87.34657275889211,40.92611194812192],[-87.34660962812386,40.92627639709221],[-87.34662438914505,40.92644276598556],[-87.34661689543438,40.926609405140994],[-87.34658722114148,40.92677466220551],[-87.34653566035779,40.92693689851839],[-87.34646272420646,40.927094505360465],[-87.34636913577963,40.92724591990682],[-87.34507917329148,40.92908594118177],[-87.34496635317309,40.92922909535533],[-87.34483507749457,40.92936320981002],[-87.3446866373689,40.92948696540712],[-87.34452249275967,40.92959914488976],[-87.33483243757273,40.93558925998102],[-87.33465677534876,40.935687438128184],[-87.33446909694918,40.93577235139347],[-87.33427119675237,40.93584318790697],[-87.3340649668871,40.93589927038667],[-87.33385237913906,40.935940062615266],[-87.33363546609523,40.93596517456818],[-87.33341630170624,40.93597436614349],[-87.33319698145284,40.935967549458056],[-87.33297960230638,40.93594478968806],[-87.33276624267495,40.93590630444561],[-87.33255894252713,40.93585246169773],[-87.33235968388387,40.93578377624733],[-87.33217037186469,40.935700904810005],[-87.33199281647019,40.93560463973381],[-87.3318287152745,40.93549590142194],[-87.33167963719386,40.935375729531174],[-87.33154700748628,40.93524527302989],[-87.33143209412569,40.935105779211085],[-87.33133599568087,40.93495858176539],[-87.33125963081518,40.93480508802828],[-87.33120372950705,40.93464676552345],[-87.33116882607523,40.934485127930955],[-87.33115525407537,40.934321720614506],[-87.33116314311641,40.93415810584627],[-87.33119241762708,40.933995847870364],[-87.3312427975839,40.93383649794798],[-87.33131380119397,40.933681579527054],[-87.33140474950615,40.93353257367827],[-87.3315147729067,40.933390904936566],[-87.33164281943696,40.933257927683336],[-87.337612463374,40.927657414867134],[-87.33837730288026,40.92474783666821]]]},"properties":{"fire_id":"F5814","date":"2026-10-10","area_ha":83.1,"cumulative_ha":123.9,"frp_sum":4.6,"n_detections":5,"first_seen":"2026-10-03","last_seen":"2026-10-10","centroid":[-87.33919,40.92947],"history":[{"date":"2026-10-03","area_ha":19.3},{"date":"2026-10-04","area_ha":81.5},{"date":"2026-10-05","area_ha":85.5},{"date":"2026-10-06","area_ha":57.4},{"date":"2026-10-07","area_ha":49.9},{"date":"2026-10-08","area_ha":30.3},{"date":"2026-10-10","area_ha":83.1}],"track":[[-87.34322422534437,40.92704333065463],[-87.33815102129425,40.93171119867662],[-87.33949961301268,40.93045345975705],[-87.33898890958089,40.931412149823146],[-87.34351498699606,40.9268595595195],[-87.34276488608722,40.92703851265617],[-87.33918664248755,40.92946803229705]],"growth_24h_ha":26.42,"speed_km_day":0.2,"bearing_deg":42.47,"direction":"NE"}},{"type":"Feature","geometry":{"type":"Polygon","coordinates":[[[-85.35324982000924,41.12204749664271],[-85.35318520653114,41.12220264805411],[-85.35310069421439,41.12235241253961],[-85.35299707798896,41.122495381180634],[-85.35287533252264,41.12263020898211],[-85.35273660305513,41.12275562752704],[-85.35258219462652,41.12287045691075],[-85.3524135598014,41.122973616842856],[-85.3522322850042,41.1230641368119],[-85.35204007559413,41.12314116521742],[-85.35183873982042,41.12320397738313],[-85.3516301718085,41.123251982376004],[-85.35141633373757,41.123284728566865],[-85.35119923737746,41.12330190788025],[-85.35098092515815,41.123303358693335],[-85.35076345095085,41.123289067356865],[-85.35054886074104,41.12325916832361],[-85.3503391733761,41.12321394288316],[-85.35013636156816,41.123153816514886],[-85.34994233333181,41.12307935488432],[-85.34975891403073,41.12299125852015],[-85.34958782920289,41.12289035622253],[-85.34943068832568,41.12277759726425],[-85.34928896967381,41.12265404245859],[-85.34916400641258,41.12252085417778],[-85.34905697405725,41.12237928541618],[-85.34896887941657,41.12223066800088],[-85.34890055112416,41.12207640006103],[-85.34885263184711,41.12191793287363],[-85.34882557224454,41.12175675720968],[-85.34881962673307,41.121594389309166],[-85.34883485109877,41.12143235661678],[-85.34887110197778,41.121272183412714],[-85.34984119969225,41.11797220112873],[-85.34990002836139,41.11781104313995],[-85.3499801363355,41.117655045792574],[-85.35008072690724,41.117505760274945],[-85.3502007997145,41.11736467102493],[-85.35033916069173,41.117233180970715],[-85.35049443394637,41.11711259758246],[-85.35066507544211,41.117004119873144],[-85.35084938835301,41.11690882647817],[-85.35104553993565,41.116827664931996],[-85.3512515797517,41.11676144224809],[-85.35146545905965,41.11671081689614],[-85.35168505118307,41.11667629225621],[-85.35190817265314,41.11665821161437],[-85.35213260491513,41.11665675475026],[-85.3523561163836,41.11667193614971],[-85.35257648462681,41.11670360486095],[-85.35279151846034,41.116751445995114],[-85.35299907973035,41.116814983856486],[-85.35319710457,41.11689358667157],[-85.35338362391802,41.11698647286961],[-85.3535567830954,41.11709271885242],[-85.35371486024594,41.1172112681764],[-85.35385628345705,41.11734094205522],[-85.3539796463908,41.117480451079224],[-85.35408372226982,41.11762840803478],[-85.35416747607876,41.11778334169647],[-85.35423007485998,41.11794371145475],[-85.35427089600104,41.11810792263404],[-85.3542895334311,41.11827434234884],[-85.3542858016648,41.118441315740014],[-85.35422582285078,41.119111316859],[-85.35420232830803,41.1192655388817],[-85.35415974430242,41.11941748016805],[-85.35324982000924,41.12204749664271]]]},"properties":{"fire_id":"F7071","date":"2026-10-10","area_ha":25.4,"cumulative_ha":25.4,"frp_sum":2.8,"n_detections":3,"first_seen":"2026-10-10","last_seen":"2026-10-10","centroid":[-85.35158,41.11998],"history":[{"date":"2026-10-10","area_ha":25.4}],"track":[[-85.35157635012776,41.119979778302884]],"growth_24h_ha":null,"speed_km_day":null,"bearing_deg":null,"direction":null}},{"type":"Feature","geometry":{"type":"Polygon","coordinates":[[[-87.86270684888642,41.181482968925025],[-87.86261653298816,41.18163661575315],[-87.86250600273281,41.18178277860515],[-87.86237636599199,41.18191999229119],[-87.86222892218959,41.182046881322414],[-87.86206514927837,41.18216217370117],[-87.86188668892605,41.182264713673966],[-87.86169533005881,41.182353473319466],[-87.86149299092752,41.1824275628545],[-87.86128169987632,41.182486239555786],[-87.86106357500671,41.18252891520691],[-87.86084080294083,41.182555161996156],[-87.86061561689715,41.1825647168063],[-87.86039027429865,41.182557483852754],[-87.86016703413809,41.182533535644104],[-87.85549692966549,41.181853518838686],[-87.85528243973313,41.181814073956254],[-87.85507417958046,41.18175919796834],[-87.85487415273137,41.18168941880468],[-87.85468428348689,41.18160540776787],[-87.85450639841017,41.181507973073906],[-87.85434220875268,41.18139805207525],[-87.85419329399079,41.18127670224162],[-87.8540610866309,41.18114509098519],[-87.85394685842978,41.18100448442806],[-87.85385170816213,41.18085623522032],[-87.85377655105341,41.180701769525875],[-87.85372210997927,41.18054257330154],[-87.85368890851609,41.180380178000746],[-87.85367726590937,41.18021614584059],[-87.8536872940082,41.18005205477285],[-87.8537188961951,41.179889483304365],[-87.85377176832118,41.17972999531241],[-87.85384540163741,41.17957512500117],[-87.85393908769396,41.179426362144376],[-87.8540519251596,41.17928513775531],[-87.85418282849609,41.17915281032262],[-87.85433053840347,41.17903065274419],[-87.85449363393596,41.17891984008416],[-87.8546705461716,41.17882143827152],[-87.85485957330445,41.178736393848425],[-87.85505889701383,41.17866552486687],[-87.85526659995335,41.17860951302121],[-87.85548068419173,41.1785688970924],[-87.8556990904279,41.178544067766325],[-87.8609189686515,41.17814407778554],[-87.86113690605325,41.17813527531336],[-87.86135496636379,41.178142193693574],[-87.8615711027181,41.178164767985734],[-87.86178328630687,41.17820278629271],[-87.86198952541649,41.17825589174927],[-87.86218788412114,41.17832358587102],[-87.86237650045179,41.17840523323268],[-87.8625536038715,41.17850006743123],[-87.86271753189357,41.17860719827871],[-87.86286674568595,41.178725620156605],[-87.86299984451632,41.178854221453804],[-87.86311557890149,41.178991794999625],[-87.86321286233816,41.17913704939382],[-87.86329078150474,41.179288621127505],[-87.86334860483821,41.1794450873812],[-87.86338578940567,41.179604979379796],[-87.86340198600574,41.179766796179536],[-87.86339704245171,41.179929018757164],[-87.8633710050055,41.18009012426904],[-87.86332411794895,41.18024860034695],[-87.8632568212958,41.1804029592956],[-87.86270684888642,41.181482968925025]]]},"properties":{"fire_id":"F5816","date":"2026-10-10","area_ha":31.6,"cumulative_ha":87.4,"frp_sum":6.6,"n_detections":3,"first_seen":"2026-10-03","last_seen":"2026-10-10","centroid":[-87.85875,41.18026],"history":[{"date":"2026-10-03","area_ha":60.2},{"date":"2026-10-04","area_ha":27.1},{"date":"2026-10-05","area_ha":52.5},{"date":"2026-10-06","area_ha":20.1},{"date":"2026-10-07","area_ha":58.5},{"date":"2026-10-10","area_ha":31.6}],"track":[[-87.85991299739581,41.18073401274452],[-87.85605981285947,41.180638858561096],[-87.85660904511774,41.179712872966064],[-87.85976909053655,41.17944746896594],[-87.85832639759084,41.18056228413073],[-87.8587524243912,41.180264030006754]],"growth_24h_ha":-8.99,"speed_km_day":0.02,"bearing_deg":221.81,"direction":"SW"}},{"type":"Feature","geometry":{"type":"Polygon","coordinates":[[[-84.92393238782932,41.363836457814564],[-84.92412717481162,41.36377606746678],[-84.92432871386855,41.363729428990894],[-84.92453524416935,41.36369694985902],[-84.92474496128443,41.36367891383513],[-84.92495603294729,41.36367547849629],[-84.92516661505958,41.3636866738564],[-84.92537486779908,41.363712402103836],[-84.92557897169067,41.36375243845603],[-84.92577714349953,41.3638064331227],[-84.93265701957057,41.36595638289084],[-84.93285670392812,41.36602751883546],[-84.93304603169986,41.36611281889185],[-84.93322318173814,41.3662114625788],[-84.93338645001022,41.36632250106189],[-84.93353426598829,41.366444866278435],[-84.9336652077565,41.36657738120941],[-84.93377801568963,41.366718771199345],[-84.93387160457155,41.36686767621546],[-84.93394507403721,41.36702266392849],[-84.93399771723732,41.36718224348891],[-84.9340290276423,41.36734487986662],[-84.93403870392,41.36750900861591],[-84.93402665283982,41.367673050923926],[-84.93399299017541,41.367835428797484],[-84.93393803959673,41.36799458024284],[-84.93386232956199,41.36814897429177],[-84.93376658823952,41.3682971257295],[-84.93365173650744,41.36843760938325],[-84.93351887909918,41.36856907383314],[-84.93336929397924,41.368690254414226],[-84.93320442005161,41.36879998538381],[-84.93302584331887,41.36889721113765],[-84.93283528162524,41.36898099636638],[-84.93263456813018,41.36905053505488],[-84.93242563367178,41.36910515823757],[-84.93221048818953,41.369144340435376],[-84.92458966236677,41.370241289709064],[-84.92289983575421,41.37086220603545],[-84.9177166309736,41.37374932711414],[-84.91752964229093,41.37384301987434],[-84.91733097903547,41.373922409836034],[-84.91712262409588,41.373986704578044],[-84.91690665711553,41.374035262348194],[-84.91668523373166,41.37406759847024],[-84.91646056405521,41.374083390182676],[-84.91623489060662,41.37408247986107],[-84.91601046592747,41.37406487659177],[-84.91578953009224,41.374030756081204],[-84.91557428834447,41.373980458901535],[-84.9153668890811,41.37391448709077],[-84.91516940240466,41.373833499140396],[-84.91498379945779,41.37373830342134],[-84.91481193274645,41.37362985011391],[-84.91465551764841,41.37350922172174],[-84.91451611529148,41.373377622265274],[-84.91439511697253,41.373236365262265],[-84.91429373027302,41.37308686061546],[-84.91401374136466,41.37261685579913],[-84.91392889519787,41.37245124065238],[-84.91386811277307,41.372279906724124],[-84.91383207386458,41.37210477066916],[-84.91382118143875,41.37192779166008],[-84.91383555715433,41.371750949470105],[-84.9138750400099,41.37157622232597],[-84.91486513814783,41.368276240498716],[-84.91492449550748,41.368116242307735],[-84.9150049092941,41.36796138465737],[-84.91510559017692,41.36781318734516],[-84.9152255499381,41.36767310479311],[-84.91536361117518,41.36754251177525],[-84.91551841885915,41.36742268992715],[-84.9156884536348,41.36731481516993],[-84.91587204673255,41.36721994617145],[-84.91606739634555,41.367139013958635],[-84.91694744838485,41.3668157321913],[-84.92151282113672,41.364699610300526],[-84.92174242428939,41.364606440175095],[-84.92393238782932,41.363836457814564]]]},"properties":{"fire_id":"F5799","date":"2026-10-10","area_ha":105.4,"cumulative_ha":193.3,"frp_sum":18.9,"n_detections":9,"first_seen":"2026-10-03","last_seen":"2026-10-10","centroid":[-84.9229,41.3684],"history":[{"date":"2026-10-03","area_ha":143.2},{"date":"2026-10-04","area_ha":91.1},{"date":"2026-10-05","area_ha":113.1},{"date":"2026-10-06","area_ha":85.1},{"date":"2026-10-07","area_ha":52.1},{"date":"2026-10-08","area_ha":121.5},{"date":"2026-10-09","area_ha":101.4},{"date":"2026-10-10","area_ha":105.4}],"track":[[-84.92020731577614,41.36864434392078],[-84.92080638121034,41.36872368893671],[-84.92018102107812,41.36883596201436],[-84.91899667762624,41.368198208085836],[-84.91749599037789,41.366733758108396],[-84.91971892995362,41.36908527979738],[-84.92183725377939,41.36937700945406],[-84.92289710478013,41.36840070237437]],"growth_24h_ha":3.98,"speed_km_day":0.14,"bearing_deg":212.16,"direction":"SSW"}},{"type":"Feature","geometry":{"type":"Polygon","coordinates":[[[-91.11632197760231,41.37018311201588],[-91.11648252614899,41.37029461205892],[-91.11662768941925,41.37041716312571],[-91.11675609084456,41.37054960315111],[-91.11686651277697,41.3706906762928],[-91.11695790803758,41.370839044837886],[-91.11702940984945,41.37099330188636],[-91.11708034006081,41.37115198469057],[-91.1171102155801,41.37131358852486],[-91.11711875296213,41.37147658095351],[-91.1171058711012,41.37163941636186],[-91.11707169200596,41.37180055061284],[-91.11701653964785,41.37195845568992],[-91.11694093689434,41.37211163418762],[-91.11684560055564,41.37225863351212],[-91.1167314345915,41.37239805965733],[-91.11659952154291,41.37252859042566],[-91.11645111226893,41.372648987967985],[-91.11628761408686,41.372758110524174],[-91.11611057742739,41.37285492325215],[-91.11592168113165,41.372938508043454],[-91.11572271652952,41.3730080722314],[-91.11551557045014,41.37306295610982],[-91.11530220732611,41.37310263919057],[-91.11508465056076,41.37312674514059],[-91.11486496333583,41.373135045351646],[-91.11464522904139,41.373127461108815],[-91.114427531514,41.373104064337134],[-91.1142139352706,41.37306507691939],[-91.11168388278006,41.37250506331124],[-91.1114787200843,41.3724515468524],[-91.11128144910884,41.37238364755655],[-91.11109389860997,41.372301994880345],[-91.11091780721438,41.37220734577774],[-91.11075480729991,41.37210057768155],[-91.11060640986202,41.37198268036757],[-91.11047399050645,41.37185474677769],[-91.11035877669809,41.37171796288631],[-91.11026183638394,41.371573596704636],[-91.11018406809572,41.37142298652448],[-91.11012619262395,41.371267528511],[-91.11008874634022,41.37110866375907],[-91.11007207622967,41.37094786493349],[-91.11007633667957,41.37078662261704],[-91.11010148805332,41.370626431492646],[-91.11014729706322,41.370468776488174],[-91.11021333893817,41.37031511901177],[-91.11029900136596,41.370166883405844],[-91.11040349017367,41.37002544374487],[-91.11052583669316,41.36989211109952],[-91.1111658436684,41.3692621207119],[-91.11130417077709,41.369138729768196],[-91.11145778396009,41.369025720087734],[-91.11162527355708,41.36892412867024],[-91.11180510259491,41.36883488773461],[-91.11199562089097,41.3687588161662],[-91.11219508019437,41.3686966120041],[-91.11240165022637,41.36864884603717],[-91.1126134354726,41.368615956567425],[-91.1128284925734,41.36859824538918],[-91.11304484815268,41.368595875020276],[-91.11326051692204,41.36860886721123],[-91.11347351989387,41.36863710274566],[-91.11368190253695,41.36868032253396],[-91.11388375270765,41.36873812999023],[-91.11407721819272,41.36880999467046],[-91.11426052370265,41.368895257139066],[-91.11443198715992,41.368993135018435],[-91.11632197760231,41.37018311201588]]]},"properties":{"fire_id":"F6407","date":"2026-10-10","area_ha":21.6,"cumulative_ha":33.2,"frp_sum":1.3,"n_detections":3,"first_seen":"2026-10-07","last_seen":"2026-10-10","centroid":[-91.11357,41.37096],"history":[{"date":"2026-10-07","area_ha":31.1},{"date":"2026-10-10","area_ha":21.6}],"track":[[-91.11322369393937,41.370564440766564],[-91.1135705528875,41.37096272843141]],"growth_24h_ha":-3.19,"speed_km_day":0.02,"bearing_deg":324.2,"direction":"NW"}},{"type":"Feature","geometry":{"type":"Polygon","coordinates":[[[-87.35317589102218,41.62003512765761],[-87.36484076863269,41.62301650537138],[-87.36504480786118,41.62307697874165],[-87.36523996289357,41.623151773996184],[-87.36542439861826,41.62324018782402],[-87.36559638070098,41.6233413888537],[-87.36575429189179,41.623454425469134],[-87.36589664723213,41.62357823475644],[-87.3660221080189,41.623711652497],[-87.36612949439414,41.623853424113484],[-87.36621779644224,41.62400221646554],[-87.36628618368972,41.62415663038454],[-87.36633401291867,41.624315213829256],[-87.36636083421979,41.624476475539595],[-87.36636639522838,41.624638899058816],[-87.36635064350277,41.62480095699361],[-87.36631372702303,41.6249611253773],[-87.3662559928049,41.625117898001086],[-87.36617798364166,41.62526980057898],[-87.36608043300471,41.62541540461264],[-87.36596425815023,41.625553340826244],[-87.36583055149676,41.62568231204459],[-87.36568057035493,41.625801105393315],[-87.36551572510534,41.62590860370677],[-87.365337565936,41.626003796035704],[-87.36514776826405,41.62608578715627],[-87.36494811697874,41.62615380599042],[-87.36474048965397,41.62620721285916],[-87.36452683888845,41.62624550549933],[-87.36430917393953,41.62626832378836],[-87.36408954182362,41.62627545313165],[-87.36387000806118,41.62626682648128],[-87.36365263724757,41.626242524966585],[-87.34520397551981,41.623496544537254],[-87.3319984286748,41.622973054169904],[-87.33177026786564,41.62295540619542],[-87.33154568879677,41.622920805361346],[-87.33132699145946,41.622869606029575],[-87.33111641559564,41.622802332553285],[-87.33091611775579,41.62271967390559],[-87.33072814920979,41.622622476622084],[-87.33055443493694,41.62251173612943],[-87.33039675391066,41.622388586549],[-87.33025672087952,41.62225428908004],[-87.32560678928017,41.6172942167884],[-87.32548405448415,41.61714772749798],[-87.32538232406219,41.616992695646026],[-87.32530267382147,41.6168307609269],[-87.32524594602013,41.61666363603074],[-87.32521274046495,41.616493088527875],[-87.32520340817432,41.61632092217345],[-87.32521804767293,41.616148957829694],[-87.32525650395712,41.61597901420814],[-87.32642662146328,41.61205903581652],[-87.32648400566927,41.61190299941194],[-87.32656147118985,41.61175177870414],[-87.32665829637278,41.611606782182555],[-87.32677357926293,41.61146936035461],[-87.32690624600683,41.61134079316833],[-87.32705506085722,41.61122227809215],[-87.32721863768485,41.61111491896347],[-87.32739545288968,41.611019715709205],[-87.32758385959171,41.61093755503414],[-87.32778210296901,41.61086920216385],[-87.32798833660016,41.6108152937191],[-87.32820063965903,41.61077633178755],[-87.32841703480197,41.61075267924869],[-87.32863550658072,41.61074455639462],[-87.3288540202099,41.61075203887895],[-87.32907054051448,41.6107750570123],[-87.32928305088069,41.610813396411174],[-87.32948957203446,41.610866699994205],[-87.32968818047235,41.61093447130729],[-87.32987702637344,41.61101607914622],[-87.33005435082596,41.611110763434525],[-87.33021850220766,41.6112176423011],[-87.33036795156806,41.61133572029237],[-87.33050130686897,41.61146389764211],[-87.33427136180826,41.61547383909364],[-87.33428200014853,41.61548525403516],[-87.33449304561202,41.61571372215953],[-87.3467061352433,41.613569909028094],[-87.34691698575266,41.61354060055547],[-87.34713064044604,41.613526158747376],[-87.34734518526604,41.61352671298213],[-87.34755869818254,41.61354225829459],[-87.34776926640795,41.61357265542055],[-87.34797500352956,41.61361763204404],[-87.34817406640589,41.6136767852365],[-87.34836467167581,41.6137495850655],[-87.34854511173266,41.6138353793413],[-87.3487137700203,41.61393339945841],[-87.34886913551424,41.61404276727995],[-87.3490098162583,41.614162503003264],[-87.34913455183514,41.61429153393629],[-87.34924222465945,41.61442870410617],[-87.35317589102218,41.62003512765761]]]},"properties":{"fire_id":"F4674","date":"2026-10-10","area_ha":268.3,"cumulative_ha":749.2,"frp_sum":19.7,"n_detections":11,"first_seen":"2026-09-26","last_seen":"2026-10-10","centroid":[-87.34277,41.61934],"history":[{"date":"2026-09-26","area_ha":137.7},{"date":"2026-09-27","area_ha":406.6},{"date":"2026-09-28","area_ha":466.3},{"date":"2026-09-29","area_ha":446.8},{"date":"2026-10-02","area_ha":63.1},{"date":"2026-10-03","area_ha":243.7},{"date":"2026-10-04","area_ha":268.3},{"date":"2026-10-05","area_ha":381.6},{"date":"2026-10-06","area_ha":411.9},{"date":"2026-10-07","area_ha":247.0},{"date":"2026-10-08","area_ha":499.6},{"date":"2026-10-10","area_ha":268.3}],"track":[[-87.33604148061,41.61815828813905],[-87.35033816036196,41.62205819475691],[-87.34901931955648,41.62214817036581],[-87.35348909592344,41.62463697281789],[-87.32928996278018,41.61579874155234],[-87.33824720673715,41.62042154750482],[-87.33715571164362,41.62056798266905],[-87.34255778773068,41.61933962284146],[-87.34701209855328,41.621739485680195],[-87.3373241373645,41.6184089149168],[-87.34745559287356,41.620721155244006],[-87.34277015531231,41.61934283186327]],"growth_24h_ha":-115.65,"speed_km_day":0.21,"bearing_deg":106.48,"direction":"ESE"}},{"type":"Feature","geometry":{"type":"Polygon","coordinates":[[[-87.14134404710447,41.643775871538764],[-87.14145560983931,41.64390750004099],[-87.14155019831483,41.64404619569864],[-87.14162699973035,41.64419076685063],[-87.14168535409762,41.644339971346014],[-87.14172475991475,41.64449252721568],[-87.14174487847897,41.64464712368646],[-87.14174553680093,41.64480243244273],[-87.14172672909542,41.64495711903946],[-87.14167673757292,41.645227119976916],[-87.14163457335006,41.645392494849936],[-87.14157016967638,41.6455539105465],[-87.14148417609941,41.64570973871796],[-87.14137745997972,41.645858407370746],[-87.14125109774585,41.645998416726044],[-87.14110636403946,41.64612835435125],[-87.14094471885957,41.64624690941057],[-87.1407677928358,41.64635288589099],[-87.140577370779,41.64644521466983],[-87.14037537367534,41.64652296430229],[-87.14016383930522,41.64658535042006],[-87.13994490168308,41.64663174364583],[-87.13972076952524,41.646661675944166],[-87.13949370396352,41.64667484534426],[-87.13926599572936,41.64667111898692],[-87.13903994203916,41.646650534465465],[-87.138817823414,41.64661329944619],[-87.1326876936449,41.64534326812345],[-87.1324759428067,41.64529095723017],[-87.132272181069,41.64522351379769],[-87.13207838384008,41.645141591681266],[-87.13189642990582,41.645045985102485],[-87.13172808321345,41.64493762094769],[-87.13157497576938,41.64481754978053],[-87.13143859181757,41.644686935655145],[-87.1313202534512,41.644547044829196],[-87.13122110779761,41.644399233486396],[-87.13114211590054,41.64424493458701],[-87.13108404340699,41.64408564397491],[-87.13104745314956,41.64392290587469],[-87.13103269969528,41.6437582979207],[-87.13103992591411,41.643593415862256],[-87.13106906159973,41.64342985809388],[-87.13111982415622,41.643269210160334],[-87.13172651157713,41.64170210901919],[-87.13111681742431,41.6417054518094],[-87.13089384888511,41.64169855916972],[-87.13067287720062,41.64167550501163],[-87.13045604277897,41.64163651264711],[-87.13024544594492,41.64158195977168],[-87.13004312659142,41.64151237480488],[-87.12985104441728,41.64142843177094],[-87.12967105994241,41.64133094376839],[-87.12950491648441,41.64122085509262],[-87.12935422327168,41.64109923208761],[-87.12922043985623,41.64096725281524],[-87.12910486197757,41.640826195642504],[-87.12900860901411,41.6406774268576],[-87.12893261314416,41.64052238743426],[-87.12887761032077,41.640362579073226],[-87.12884413314812,41.640199549655634],[-87.12883250572814,41.640034878249665],[-87.12884284052708,41.639870159815544],[-87.12887503729205,41.639706989756945],[-87.12954351053503,41.637192947265966],[-87.12827718065247,41.63609926155539],[-87.12814357405944,41.63597195337125],[-87.12802713194759,41.635835751363146],[-87.1279289308328,41.63569191485227],[-87.12784987855827,41.635541773739845],[-87.12779070590409,41.63538671620948],[-87.12775195983465,41.63522817589139],[-87.12773399844617,41.63506761860639],[-87.1277369876608,41.63490652881288],[-87.12776089969782,41.634746395881585],[-87.12780551333586,41.63458870032567],[-87.12787041596326,41.634434900112886],[-87.12795500739787,41.63428641718663],[-87.12805850544045,41.63414462432042],[-87.12817995311022,41.63401083242723],[-87.12831822749571,41.633886278441175],[-87.12847205013873,41.633772113883126],[-87.12863999885546,41.633669394216355],[-87.13150997486096,41.63207942678864],[-87.13169953240057,41.63198504821102],[-87.1319009847976,41.63190525295151],[-87.13211228476192,41.63184085192303],[-87.1323312849474,41.63179249959365],[-87.1325557597707,41.63176068733713],[-87.13278342802457,41.63174573844049],[-87.13301197605573,41.63174780481935],[-87.13323908127217,41.63176686547448],[-87.13346243574121,41.63180272670518],[-87.13367976963866,41.631855024077254],[-87.13388887431128,41.63192322612571],[-87.13408762471802,41.63200663975449],[-87.13427400102256,41.63210441727856],[-87.13444610911773,41.63221556503672],[-87.13460219987317,41.63233895348774],[-87.13598981675268,41.633553128474304],[-87.14176064485653,41.627513908142184],[-87.14255672651304,41.62456247772173],[-87.14261091740443,41.62440288707944],[-87.14268602697821,41.62424799443039],[-87.14278133074278,41.62409929355525],[-87.14289590947045,41.62395821851155],[-87.14302865806653,41.62382612980489],[-87.14317829622969,41.62370430127015],[-87.14334338080143,41.62359390778854],[-87.14352231968455,41.62349601395906],[-87.14371338719722,41.62341156383364],[-87.14391474071415,41.623341371814654],[-87.14412443843439,41.62328611480281],[-87.14434045810485,41.62324632567067],[-87.14456071651873,41.62322238812503],[-87.14478308960125,41.62321453300748],[-87.14500543288908,41.62322283606871],[-87.14522560220618,41.6232472172383],[-87.14544147433682,41.623287441396556],[-87.14565096749666,41.6233431206415],[-87.14585206140497,41.62341371802869],[-87.14604281676384,41.623498552748174],[-87.1462213939577,41.623596806688624],[-87.14638607079218,41.62370753232525],[-87.14653525910155,41.623829661855616],[-87.1482052716257,41.62533963739584],[-87.14833408900132,41.625468170626384],[-87.14844573568105,41.62560519647308],[-87.1485391940637,41.62574946614687],[-87.14861361229187,41.62589966483345],[-87.14866831201874,41.62605442367472],[-87.14870279459453,41.62621233224308],[-87.1487167456154,41.626371951394965],[-87.14871003779395,41.62653182638639],[-87.14868273212414,41.62669050013105],[-87.14863507733077,41.626846526480136],[-87.14445539831873,41.63801660270176],[-87.14438602427757,41.63817199558943],[-87.14429646780918,41.638321646989404],[-87.14418758297099,41.63846412953405],[-87.14406040819127,41.63859808422287],[-87.14391615636801,41.63872223338614],[-87.14375620330257,41.63883539287295],[-87.14358207457869,41.6389364833475],[-87.14255206462516,41.63947649462575],[-87.1423569311363,41.639568118073626],[-87.14215018507127,41.63964458234584],[-87.14193397590908,41.63970509244905],[-87.14171055153474,41.63974901926229],[-87.1414822348645,41.639775906079265],[-87.14125139969012,41.639785473357776],[-87.14102044599365,41.639777621626685],[-87.14079177498972,41.63975243252058],[-87.1383956560001,41.6393953650031],[-87.13813973628444,41.64035807427509],[-87.14134404710447,41.643775871538764]]]},"properties":{"fire_id":"F1539","date":"2026-10-10","area_ha":222.8,"cumulative_ha":554.7,"frp_sum":27.2,"n_detections":16,"first_seen":"2026-09-01","last_seen":"2026-10-10","centroid":[-87.13845,41.63575],"history":[{"date":"2026-09-01","area_ha":192.2},{"date":"2026-09-02","area_ha":196.7},{"date":"2026-09-03","area_ha":199.8},{"date":"2026-09-04","area_ha":266.4},{"date":"2026-09-05","area_ha":312.9},{"date":"2026-09-06","area_ha":140.1},{"date":"2026-09-07","area_ha":97.2},{"date":"2026-09-08","area_ha":277.0},{"date":"2026-09-11","area_ha":250.3},{"date":"2026-09-12","area_ha":245.2},{"date":"2026-09-13","area_ha":280.9},{"date":"2026-09-14","area_ha":253.8},{"date":"2026-09-15","area_ha":194.9},{"date":"2026-09-18","area_ha":84.5},{"date":"2026-09-19","area_ha":129.9},{"date":"2026-09-21","area_ha":85.7},{"date":"2026-09-24","area_ha":60.9},{"date":"2026-09-25","area_ha":193.0},{"date":"2026-09-26","area_ha":276.5},{"date":"2026-09-27","area_ha":266.8},{"date":"2026-09-28","area_ha":282.9},{"date":"2026-09-29","area_ha":285.8},{"date":"2026-10-02","area_ha":110.0},{"date":"2026-10-03","area_ha":284.7},{"date":"2026-10-04","area_ha":265.6},{"date":"2026-10-05","area_ha":244.6},{"date":"2026-10-06","area_ha":251.6},{"date":"2026-10-07","area_ha":303.5},{"date":"2026-10-08","area_ha":277.0},{"date":"2026-10-09","area_ha":103.6},{"date":"2026-10-10","area_ha":222.8}],"track":[[-87.13804917967967,41.6378855576987],[-87.13764483915534,41.63901903432655],[-87.13791848272339,41.63567999220313],[-87.13764566688957,41.63579061958872],[-87.14403917705819,41.63355690518864],[-87.1389861653977,41.640204894551374],[-87.13271308075122,41.63610272079765],[-87.13828542702329,41.635572123359104],[-87.13980878213587,41.63527415881062],[-87.13828112774576,41.635488735109426],[-87.14294560789632,41.6313511172481],[-87.13809612193742,41.6368860491858],[-87.13979084927638,41.6364854003305],[-87.1350576167455,41.63884484449812],[-87.13818253718631,41.6405453810074],[-87.13949598729836,41.63859145602724],[-87.13540346367525,41.64045834400341],[-87.13971970930044,41.6355951943633],[-87.13859954573866,41.63549171393766],[-87.13903376749953,41.63645664329404],[-87.13927397512577,41.63559759954321],[-87.14057659628351,41.63402938790024],[-87.136774513866,41.639849499093394],[-87.13907741542175,41.63639336004757],[-87.13855656091143,41.63544352222211],[-87.13804133083144,41.635103565265155],[-87.13940194549804,41.63541823027844],[-87.13961562225322,41.63621557203534],[-87.13936445523778,41.63709165758924],[-87.13386599483685,41.638466181489584],[-87.13845126081661,41.635745690587555]],"growth_24h_ha":119.25,"speed_km_day":0.49,"bearing_deg":225.89,"direction":"SW"}},{"type":"Feature","geometry":{"type":"Polygon","coordinates":[[[-87.47783616103176,41.66193446981194],[-87.47805107230184,41.66194244081796],[-87.47826399405221,41.66196541956787],[-87.47847301010948,41.66200319926746],[-87.47867623944182,41.662055439923016],[-87.478871853084,41.66212167140015],[-87.47905809059422,41.662201297653986],[-87.47923327589498,41.66229360209201],[-87.48977320076885,41.66842347863213],[-87.48994168096804,41.66853178578253],[-87.49009492507014,41.66865180603272],[-87.4902314474197,41.6687823758907],[-87.49034992444265,41.66892222958795],[-87.49044920747943,41.66907001134825],[-87.49052833392334,41.66922428852942],[-87.49058653655635,41.669383565510245],[-87.49062325099152,41.66954629818857],[-87.49063812114952,41.669710908949476],[-87.49063100271658,41.66987580195904],[-87.49060196454926,41.67003937863496],[-87.49055128801297,41.67020005314446],[-87.49047946426002,41.67035626777894],[-87.49038718947341,41.67050650805647],[-87.49027535812226,41.67064931740552],[-87.49014505429433,41.67078331128779],[-87.489997541189,41.67090719062279],[-87.48983424887305,41.67101975438422],[-87.48965676041735,41.6711199112458],[-87.48946679654918,41.67120669016374],[-87.48926619896879,41.67127924979293],[-87.48905691249225,41.671336886645406],[-87.48884096619325,41.67137904191258],[-87.48862045372769,41.67140530688407],[-87.48839751303115,41.67141542691116],[-87.48817430558661,41.67140930387631],[-87.4879529954639,41.67138699714474],[-87.48773572833375,41.67134872298852],[-87.48752461066056,41.6712948524895],[-87.48732168927562,41.67122590794059],[-87.4871289315292,41.67114255778086],[-87.48480890497567,41.67002253374487],[-87.4846904616315,41.6699612857157],[-87.47776188144752,41.66612936375099],[-87.46719140129905,41.673721343910884],[-87.46702030856268,41.67383242507314],[-87.46683499501565,41.67393027300336],[-87.46663732921091,41.67401390104811],[-87.46642930427801,41.674082465937246],[-87.46621301782318,41.67413527628876],[-87.46599065077497,41.67417179958185],[-87.46576444538881,41.674191667527865],[-87.46553668263267,41.6741946797849],[-87.46530965918174,41.67418080597824],[-87.46155957203467,41.67381079657457],[-87.4613278503762,41.673778803032846],[-87.45645194845345,41.672909671108165],[-87.43517896653154,41.67966103618109],[-87.42677351080297,41.685564251654036],[-87.42661255684621,41.68566710273048],[-87.4264392599204,41.68575836336511],[-87.42625514505431,41.68583723042886],[-87.4260618324957,41.685903009858166],[-87.42586102345102,41.68595512276419],[-87.42565448511202,41.6859931105286],[-87.42544403510111,41.68601663884021],[-87.4252315254724,41.686025500638],[-87.42501882640943,41.68601961793355],[-87.42480780976325,41.685999042497734],[-87.42460033257566,41.68596395540483],[-87.41863020596841,41.684733925013724],[-87.41841925897842,41.68468210758004],[-87.41821619165006,41.68461529355242],[-87.41802295353732,41.684534124392364],[-87.41784139980933,41.684439379377984],[-87.41767327343787,41.68433196812105],[-87.41752018846283,41.68421292183241],[-87.41738361449644,41.68408338342016],[-87.4172648626154,41.68394459651525],[-87.41716507277576,41.683797893530496],[-87.41708520287202,41.683644682867126],[-87.4170260195446,41.68348643539238],[-87.4169880908245,41.68332467031749],[-87.41695809651266,41.68314466975353],[-87.41694153385559,41.682972414338295],[-87.41694906673514,41.68279981486256],[-87.4169806149609,41.68262870466255],[-87.41703584325903,41.68246090124113],[-87.41844594174444,41.67897092683467],[-87.4185173916836,41.67882057746989],[-87.41860785579563,41.67867592033617],[-87.4187165158891,41.6785382635807],[-87.41884238924112,41.67840885203755],[-87.41898433748688,41.678288855972006],[-87.41914107691598,41.67817936049921],[-87.41931119008214,41.678081355773045],[-87.41949313862152,41.67799572803383],[-87.41968527716337,41.67792325159556],[-87.43184773439323,41.6738609793274],[-87.42419778192816,41.665686700371815],[-87.42258157438944,41.663980654008306],[-87.4224621546836,41.66384028690984],[-87.42236209861946,41.66369188933379],[-87.42228238564437,41.663536914131484],[-87.42222379602562,41.66337687854039],[-87.42218690321613,41.66321334932887],[-87.42217206824573,41.663047927456475],[-87.4221794361925,41.66288223239972],[-87.42220893476842,41.6627178862974],[-87.42226027503337,41.66255649806996],[-87.42233295422957,41.66239964766902],[-87.42242626070909,41.6622488706108],[-87.42253928090565,41.66210564294504],[-87.4226709082824,41.66197136680631],[-87.42281985416777,41.661847356689506],[-87.42298466037352,41.66173482658313],[-87.42316371347086,41.66163487808701],[-87.42335526058548,41.66154848963012],[-87.42355742655631,41.66147650689401],[-87.42376823229041,41.661419634535974],[-87.42398561413435,41.661378429292355],[-87.4242074440726,41.66135329452961],[-87.42443155055523,41.66134447629668],[-87.42465573975142,41.66135206091684],[-87.42487781702081,41.6613759741429],[-87.4295577116613,41.6620559570418],[-87.42976863252385,41.662094432517044],[-87.429973602979,41.66214763777974],[-87.43017074265666,41.6622150847388],[-87.43035824301037,41.662296154651784],[-87.43053438390645,41.66239010380003],[-87.43069754940251,41.662496070309956],[-87.43084624257116,41.66261308205825],[-87.4309790992328,41.662740065588565],[-87.43779464247625,41.669941625696794],[-87.45035432566162,41.668877372306376],[-87.45679855371333,41.66256158084053],[-87.45694867172168,41.662429221276284],[-87.45711643291662,41.662308977214906],[-87.45730005560517,41.66220212563163],[-87.45749758967428,41.662109801269445],[-87.45770693730019,41.66203298459069],[-87.4579258752251,41.661972491366654],[-87.4581520783645,41.661928964016205],[-87.4583831444951,41.66190286478489],[-87.45861661976082,41.66189447083716],[-87.47783616103176,41.66193446981194]]]},"properties":{"fire_id":"F5774","date":"2026-10-10","area_ha":622.6,"cumulative_ha":1040.6,"frp_sum":36.7,"n_detections":23,"first_seen":"2026-10-02","last_seen":"2026-10-10","centroid":[-87.44855,41.67122],"history":[{"date":"2026-10-02","area_ha":57.5},{"date":"2026-10-03","area_ha":258.3},{"date":"2026-10-04","area_ha":154.4},{"date":"2026-10-05","area_ha":226.6},{"date":"2026-10-06","area_ha":228.1},{"date":"2026-10-07","area_ha":679.9},{"date":"2026-10-08","area_ha":858.8},{"date":"2026-10-10","area_ha":622.6}],"track":[[-87.4589569786882,41.67092456099936],[-87.47025161305872,41.66981408137384],[-87.46689687005355,41.669348283172724],[-87.46870305452828,41.670210484205015],[-87.46754810940725,41.66830340436694],[-87.44342722453845,41.672118163350845],[-87.44379374393755,41.67238443412186],[-87.44854800921401,41.67122423474941]],"growth_24h_ha":-118.12,"speed_km_day":0.21,"bearing_deg":246.56,"direction":"WSW"}},{"type":"Feature","geometry":{"type":"Polygon","coordinates":[[[-83.11834740126211,42.2777737904589],[-83.11856807902993,42.27778568952411],[-83.11878615674605,42.277813150696765],[-83.11899959536838,42.277855917215106],[-83.11920639922141,42.27791358921184],[-83.1194046346526,42.27798562745209],[-83.11959244810912,42.27807135837411],[-83.11976808346662,42.27816998038583],[-83.11992989844778,42.27828057135831],[-83.12007637997728,42.278402097246214],[-83.12020615832981,42.27853342175457],[-83.12031801993867,42.27867331696185],[-83.12041091874511,42.27882047479974],[-83.12048398598262,42.278973519282594],[-83.12053653830397,42.27913101937216],[-83.12056808417535,42.27929150235753],[-83.12057832847758,42.27945346762492],[-83.1205671752709,42.279615400688876],[-83.12053472869773,42.27977578735361],[-83.12048129201423,42.27993312787205],[-83.12040736476011,42.28008595097011],[-83.12031363809237,42.28023282760529],[-83.12020098832689,42.280372384330626],[-83.12007046874773,42.280503316138926],[-83.11992329976088,42.28062439866783],[-83.11976085748438,42.28073449965014],[-83.11958466088103,42.28083258950389],[-83.11939635755488,42.28091775096166],[-83.11919770834321,42.28098918764992],[-83.11899057084908,42.28104623153765],[-83.11877688206803,42.28108834918464],[-83.11855864027152,42.28111514673101],[-83.10827839787096,42.28200516990554],[-83.1080540301446,42.28201643225098],[-83.10782923714784,42.28201150333644],[-83.10760619007017,42.28199043076867],[-83.10738704323423,42.28195341808077],[-83.10717391328379,42.28190082276566],[-83.10696885873593,42.281833152822614],[-83.10677386009525,42.2817510618494],[-83.10659080072234,42.28165534272815],[-83.10642144864138,42.28154691996573],[-83.1062674394627,42.28142684076263],[-83.1061302605854,42.281296264896746],[-83.10601123683263,42.28115645352002],[-83.1059115176579,42.28100875697595],[-83.10583206604662,42.280854601755976],[-83.10577364921909,42.28069547672054],[-83.10573683122541,42.2805329187183],[-83.10572196750316,42.28036849774205],[-83.10572920145013,42.280203801765246],[-83.10575846304556,42.28004042140493],[-83.1058094695323,42.27987993456001],[-83.10588172815346,42.27972389117258],[-83.1059745409169,42.27957379825978],[-83.10608701134107,42.279431105360594],[-83.1062180531172,42.27929719053813],[-83.10636640060373,42.279173347072415],[-83.10653062105182,42.27906077097238],[-83.10670912844331,42.27896054942716],[-83.1069001988082,42.2788736503086],[-83.10710198687288,42.27880091282587],[-83.11032192900514,42.277780937372306],[-83.11055429306136,42.27771803129675],[-83.11079457517891,42.27767389825763],[-83.11103995967697,42.277649055410514],[-83.11128757109678,42.27764379386606],[-83.11834740126211,42.2777737904589]]]},"properties":{"fire_id":"F4084","date":"2026-10-10","area_ha":46.7,"cumulative_ha":226.4,"frp_sum":10.8,"n_detections":3,"first_seen":"2026-09-22","last_seen":"2026-10-10","centroid":[-83.11307,42.27974],"history":[{"date":"2026-09-22","area_ha":39.5},{"date":"2026-09-24","area_ha":108.6},{"date":"2026-09-25","area_ha":107.8},{"date":"2026-09-26","area_ha":141.7},{"date":"2026-09-27","area_ha":130.4},{"date":"2026-09-28","area_ha":150.1},{"date":"2026-09-29","area_ha":108.8},{"date":"2026-09-30","area_ha":95.4},{"date":"2026-10-03","area_ha":103.0},{"date":"2026-10-04","area_ha":55.0},{"date":"2026-10-05","area_ha":123.4},{"date":"2026-10-06","area_ha":98.6},{"date":"2026-10-08","area_ha":118.2},{"date":"2026-10-09","area_ha":86.0},{"date":"2026-10-10","area_ha":46.7}],"track":[[-83.11352587421678,42.283099084210384],[-83.11768470900128,42.28035876559185],[-83.11919209346696,42.28037215421645],[-83.11995587810935,42.28023672411342],[-83.11969484392178,42.27985026272847],[-83.1203849058517,42.281479049421236],[-83.11913200394122,42.280052847384425],[-83.12087016257718,42.28018894551742],[-83.11930098561176,42.282254935644964],[-83.11458449983107,42.28437387851582],[-83.11751636284808,42.28206684688547],[-83.11879710087831,42.28138400885623],[-83.11658747985426,42.28124588154788],[-83.11849908746655,42.28149864112833],[-83.11306610636788,42.27974281280839]],"growth_24h_ha":-39.38,"speed_km_day":0.49,"bearing_deg":106.03,"direction":"ESE"}},{"type":"Feature","geometry":{"type":"Polygon","coordinates":[[[-80.10402441296131,42.81183955253402],[-80.10390435525727,42.81201232047652],[-80.10375774776367,42.81217387556247],[-80.09826781102046,42.81752396115657],[-80.098127616169,42.817647756583824],[-80.09797181533418,42.817761245840195],[-80.09780183231746,42.81786339173414],[-80.09761922055334,42.81795326073764],[-80.09742564891218,42.818030031519356],[-80.097222886447,42.81809300245262],[-80.09701278622406,42.818141598028916],[-80.0967972683846,42.81817537411887],[-80.0965783025932,42.818194022032145],[-80.09635789003289,42.818197371339465],[-80.09613804511191,42.81818539143031],[-80.09592077704968,42.81815819179306],[-80.09570807150986,42.8181160210139],[-80.0955018724493,42.81805926450446],[-80.09455185528508,42.817759257144594],[-80.09435151085113,42.817687409474225],[-80.09416165900444,42.81760179660356],[-80.09398408070662,42.817503221673654],[-80.09382044176053,42.8173926094195],[-80.09367227718279,42.81727099749358],[-80.09354097680426,42.8171395267298],[-80.09342777223348,42.816999430439814],[-80.09333372530538,42.81685202284181],[-80.09314373407283,42.816512019417026],[-80.09306515138341,42.81634734973065],[-80.09301047137896,42.8161776367068],[-80.09298028398733,42.81600471188778],[-80.09297491480348,42.81583044146233],[-80.09299442158347,42.81565670612529],[-80.09303859362923,42.815485380781375],[-80.0931069540704,42.81531831431214],[-80.09475704688126,42.811938344565796],[-80.09479369219369,42.81186828115016],[-80.0955689378233,42.810480131831724],[-80.09610619038968,42.808461048055214],[-80.09615543046618,42.80831256334452],[-80.09622302170855,42.8081679523137],[-80.09630840390652,42.808028413284305],[-80.09706541169854,42.806928837061974],[-80.09540088185736,42.80646850069555],[-80.09521320282508,42.80640954077381],[-80.09503343758062,42.80633871585863],[-80.09242340284415,42.80519868972945],[-80.09223303698425,42.805105873222054],[-80.09205627117055,42.80499976432572],[-80.09189485122064,42.80488141106479],[-80.0917503713599,42.80475198239345],[-80.0916242584764,42.80461275664819],[-80.09151775803012,42.80446510892012],[-80.09143192175479,42.80431049747177],[-80.09136759727443,42.804150449332795],[-80.09132541973669,42.803986545216816],[-80.09130580554533,42.80382040390851],[-80.0913089482538,42.803653666275025],[-80.09133481665994,42.80348797906004],[-80.09138315512067,42.80332497861997],[-80.09145348608308,42.803166274763676],[-80.09154511480668,42.80301343485444],[-80.0916571362302,42.802867968331924],[-80.09178844391452,42.80273131180626],[-80.09193774097358,42.802604814872126],[-80.09210355288496,42.80248972678206],[-80.09228424205368,42.80238718411116],[-80.09247802398515,42.8022981995345],[-80.09268298490781,42.80222365182822],[-80.09289710067121,42.802164277192844],[-80.09311825673322,42.802120661984375],[-80.09334426903897,42.802093236925096],[-80.09357290558563,42.80208227285092],[-80.09380190846005,42.80208787803731],[-80.09402901613225,42.80210999713038],[-80.09425198578433,42.802148411693366],[-80.10045399410483,42.80345672040115],[-80.10171936159006,42.80371653611687],[-80.1051102502301,42.80105840672377],[-80.1052726676721,42.8009430297646],[-80.10544988503032,42.80083983343496],[-80.10564018500257,42.800749817703654],[-80.10584172353832,42.80067385481616],[-80.1060525477063,42.80061268084387],[-80.10627061461585,42.80056688855351],[-80.1064938112092,42.80053692166444],[-80.10671997473307,42.80052307055009],[-80.10694691369113,42.80052546942498],[-80.10717242907491,42.80054409504449],[-80.1073943356671,42.800578766930094],[-80.10761048321172,42.80062914911764],[-80.10781877724558,42.80069475341218],[-80.10801719938992,42.80077494411726],[-80.10820382690531,42.800868944193496],[-80.10837685132095,42.800975842786364],[-80.1085345959575,42.80109460405067],[-80.10867553217416,42.801224077185886],[-80.10879829418221,42.80136300758577],[-80.10890169228173,42.80151004899372],[-80.10898472439298,42.80166377654648],[-80.10904658577081,42.80182270058003],[-80.1090866768075,42.80198528106341],[-80.10972679418339,42.805595268714825],[-80.10974465530884,42.805758173840665],[-80.10974065533763,42.80592157080191],[-80.1097148320578,42.80608390967054],[-80.10966743026955,42.80624365054331],[-80.10959889946888,42.80639927814918],[-80.1095098895891,42.80654931622374],[-80.10940124484061,42.80669234151379],[-80.10927399570696,42.80682699727961],[-80.1091293491732,42.80695200616639],[-80.10896867727897,42.80706618232302],[-80.10879350410468,42.80716844265294],[-80.10860549131469,42.80725781709041],[-80.10613428594046,42.808311267537555],[-80.10402441296131,42.81183955253402]]]},"properties":{"fire_id":"F3937","date":"2026-10-10","area_ha":156.5,"cumulative_ha":410.4,"frp_sum":28.4,"n_detections":15,"first_seen":"2026-09-20","last_seen":"2026-10-10","centroid":[-80.10034,42.8084],"history":[{"date":"2026-09-20","area_ha":108.1},{"date":"2026-09-21","area_ha":140.0},{"date":"2026-09-22","area_ha":173.0},{"date":"2026-09-23","area_ha":215.3},{"date":"2026-09-24","area_ha":207.8},{"date":"2026-09-25","area_ha":125.2},{"date":"2026-09-26","area_ha":158.4},{"date":"2026-09-27","area_ha":178.1},{"date":"2026-09-28","area_ha":150.8},{"date":"2026-09-29","area_ha":153.2},{"date":"2026-09-30","area_ha":152.7},{"date":"2026-10-03","area_ha":130.0},{"date":"2026-10-04","area_ha":128.7},{"date":"2026-10-05","area_ha":146.9},{"date":"2026-10-06","area_ha":108.5},{"date":"2026-10-07","area_ha":175.9},{"date":"2026-10-08","area_ha":192.2},{"date":"2026-10-09","area_ha":256.5},{"date":"2026-10-10","area_ha":156.5}],"track":[[-80.09691266855467,42.80916100906583],[-80.0976903568977,42.80643357931289],[-80.0973005777304,42.80761454478986],[-80.09866439217447,42.807563298695115],[-80.09945680261735,42.8095723458272],[-80.0985279751286,42.81307394963266],[-80.09824361316224,42.807359513910995],[-80.09804884394687,42.807437552610445],[-80.0991327993423,42.808112101070705],[-80.09820563477959,42.804265627220545],[-80.10111666857262,42.803976754138795],[-80.10261439612837,42.803500672076474],[-80.10207450963676,42.803862266746755],[-80.10225674540213,42.805698427624776],[-80.10033999140063,42.80478948649639],[-80.10010489724549,42.80622355632791],[-80.09712703298727,42.8084626524746],[-80.09746162158957,42.8064000571518],[-80.10034228918033,42.8083996522846]],"growth_24h_ha":-100.0,"speed_km_day":0.32,"bearing_deg":304.06,"direction":"NW"}},{"type":"Feature","geometry":{"type":"Polygon","coordinates":[[[-82.42109503306006,42.94186452045444],[-82.42130789871679,42.941912316172996],[-82.42151343711872,42.94197478462152],[-82.4217097367867,42.9420513448629],[-82.42189497214278,42.942141284908274],[-82.42206742048577,42.94224376833708],[-82.42222547801074,42.94235784207392],[-82.42236767472403,42.94248244525039],[-82.42249268811456,42.94261641906922],[-82.42259935545488,42.94275851757945],[-82.42539945229561,42.946958468390235],[-82.42548626555879,42.947106335617406],[-82.4255532053901,42.94725955769789],[-82.42559965754413,42.94741672896302],[-82.42562519572114,42.94757640750338],[-82.42562958548312,42.94773712839633],[-82.42561278640983,42.947897417145136],[-82.42557495247493,42.94805580320648],[-82.42551643063885,42.94821083348174],[-82.42543775767064,42.94836108564902],[-82.42533965522824,42.94850518121303],[-82.42522302324173,42.94864179815315],[-82.42508893166048,42.94876968305382],[-82.4249386106395,42.948887662605586],[-82.42477343925502,42.94899465437162],[-82.42459493285301,42.94908967672032],[-82.42440472914619,42.94917185783319],[-82.41803463105175,42.95163191620836],[-82.41783315990696,42.95170088402049],[-82.41762348248703,42.95175544176203],[-82.41740754708869,42.95179508248106],[-82.41718736016963,42.95181943783426],[-82.41696496770113,42.95182828151013],[-82.41674243615276,42.95182153133272],[-82.41652183328677,42.95179925002507],[-82.41630520894016,42.95176164462652],[-82.41609457597376,42.9517090645682],[-82.41589189156495,42.951641998425565],[-82.41569903901866,42.95156106937724],[-82.41551781026523,42.95146702941347],[-82.41534988920819,42.951360752346964],[-82.41519683607686,42.95124322569204],[-82.41506007292894,42.951115541486985],[-82.41494087043802,42.95097888614549],[-82.4148403360887,42.950834529430985],[-82.41475940388904,42.950683812656905],[-82.4146988256956,42.95052813622231],[-82.41465916423186,42.950368946598736],[-82.41464078786453,42.95020772288955],[-82.41464386718611,42.95004596308619],[-82.41466837343539,42.94988517014947],[-82.41471407877023,42.949726838045315],[-82.41478055839,42.94957243786417],[-82.41622518309944,42.946709463240026],[-82.4137910302764,42.94601089109512],[-82.41359079238984,42.945945266018896],[-82.4134000400283,42.94586612337111],[-82.41322049767987,42.94577417865679],[-82.41305378846842,42.94567026311712],[-82.41290141947884,42.94555531621314],[-82.41276476813209,42.94543037713074],[-82.4126450697333,42.94529657538449],[-82.41254340630586,42.94515512060444],[-82.4124606968118,42.94500729159929],[-82.41239768884745,42.944854424794],[-82.41235495188872,42.944697902147084],[-82.41191502114219,42.94255789365399],[-82.41189253727057,42.94239340142272],[-82.41189243810123,42.94222810035382],[-82.41191472443592,42.94206359402762],[-82.41195917991843,42.941901478302185],[-82.41202537313953,42.94174332583226],[-82.41211266182772,42.94159067081403],[-82.41222019908521,42.941444994103314],[-82.41234694160785,42.941307708851596],[-82.41249165980967,42.94118014679911],[-82.41265294975345,42.941063545358126],[-82.41282924677145,42.94095903561107],[-82.41301884064414,42.94086763134061],[-82.41321989218974,42.94079021919732],[-82.41343045110365,42.94072755010068],[-82.41364847487488,42.94068023195645],[-82.41387184859585,42.94064872376109],[-82.41409840547391,42.94063333115054],[-82.41432594784563,42.94063420343606],[-82.41455226849004,42.940651332156364],[-82.41477517203472,42.94068455115952],[-82.42109503306006,42.94186452045444]]]},"properties":{"fire_id":"F5803","date":"2026-10-10","area_ha":89.8,"cumulative_ha":123.7,"frp_sum":7.4,"n_detections":6,"first_seen":"2026-10-03","last_seen":"2026-10-10","centroid":[-82.41856,42.94594],"history":[{"date":"2026-10-03","area_ha":78.0},{"date":"2026-10-05","area_ha":59.8},{"date":"2026-10-08","area_ha":78.1},{"date":"2026-10-10","area_ha":89.8}],"track":[[-82.42128531815676,42.9459855402592],[-82.41641191534003,42.946737425227425],[-82.41848281729897,42.94743954146971],[-82.41855757966765,42.945943577560996]],"growth_24h_ha":5.83,"speed_km_day":0.08,"bearing_deg":173.89,"direction":"S"}},{"type":"Feature","geometry":{"type":"Polygon","coordinates":[[[-80.86037727011431,43.07305835073906],[-80.86027604951461,43.07320474295814],[-80.86015564008947,43.073343285607656],[-80.86001718779133,43.07347266002463],[-80.85986201032766,43.07359163480225],[-80.85969158462117,43.073699077512515],[-80.859507532753,43.07379396548652],[-80.85931160652356,43.07387539555037],[-80.85910567077747,43.07394259262354],[-80.85889168565143,43.073994917097956],[-80.85867168791451,43.07403187092733],[-80.85844777157786,43.07405310236882],[-80.85822206795939,43.07405840933196],[-80.8579967253927,43.074047741302664],[-80.857773888774,43.07402119982408],[-80.85755567914184,43.073979037529966],[-80.85734417348394,43.07392165573929],[-80.85714138496407,43.07384960063558],[-80.8569492437567,43.07376355806676],[-80.85676957867278,43.07366434701573],[-80.85660409975088,43.073552911803304],[-80.85645438198,43.07343031309821],[-80.85632185030887,43.073297717819585],[-80.85620776608452,43.073156388028195],[-80.85611321504892,43.073007668912325],[-80.85603909700819,43.0728529759825],[-80.8542292286248,43.06838294198359],[-80.85417541307825,43.06822051548721],[-80.85414412412156,43.068055014034556],[-80.85413567146395,43.06788807668102],[-80.85415013865051,43.06772135668931],[-80.85418738224142,43.067556505156276],[-80.85424703323892,43.06739515466161],[-80.85432850074795,43.06723890310056],[-80.8544309778337,43.067089297860434],[-80.85455344951797,43.06694782049804],[-80.85469470283489,43.066815872069064],[-80.85485333884645,43.066694759255235],[-80.85502778649833,43.066585681426204],[-80.85521631817917,43.06648971876416],[-80.85541706682895,43.06640782156911],[-80.85562804442708,43.06634080084978],[-80.85584716167732,43.06628932029444],[-80.85607224869456,43.066253889699695],[-80.85630107648893,43.066234859923505],[-80.85653137903455,43.06623241941142],[-80.85676087570458,43.066246592331055],[-80.8569872938509,43.06627723833265],[-80.85720839130457,43.06632405393879],[-80.8574219785751,43.06638657554867],[-80.85762594052837,43.06646418402819],[-80.85781825732909,43.06655611083958],[-80.85799702444048,43.06666144565032],[-80.85816047148309,43.06677914534633],[-80.85830697976647,43.066908044359735],[-80.85843509831963,43.06704686620948],[-80.85854355826206,43.067194236140196],[-80.86088364331407,43.07079419470219],[-80.86096796354867,43.07094171799769],[-80.86103257248591,43.07109438471585],[-80.86107688525881,43.07125081317045],[-80.86110050067883,43.071409587619826],[-80.86110320487161,43.07156927107921],[-80.8610849732177,43.07172841832572],[-80.8610459705807,43.07188558897854],[-80.86098654982028,43.07203936053531],[-80.86090724860352,43.07218834124754],[-80.86037727011431,43.07305835073906]]]},"properties":{"fire_id":"F5804","date":"2026-10-10","area_ha":32.9,"cumulative_ha":71.7,"frp_sum":3.8,"n_detections":3,"first_seen":"2026-10-03","last_seen":"2026-10-10","centroid":[-80.85756,43.07017],"history":[{"date":"2026-10-03","area_ha":28.5},{"date":"2026-10-05","area_ha":40.3},{"date":"2026-10-08","area_ha":23.0},{"date":"2026-10-09","area_ha":42.1},{"date":"2026-10-10","area_ha":32.9}],"track":[[-80.86004056380588,43.06817406628626],[-80.85979827562117,43.06941892678575],[-80.85681052852328,43.06881749823047],[-80.85831006968155,43.07091995067224],[-80.8575581158411,43.070165670084066]],"growth_24h_ha":-9.21,"speed_km_day":0.1,"bearing_deg":135.0,"direction":"SE"}},{"type":"Feature","geometry":{"type":"Polygon","coordinates":[[[-79.81268283118622,43.27316494789252],[-79.81263388227241,43.27331681022167],[-79.81256566855178,43.27346473330997],[-79.81247877817331,43.27360744147411],[-79.81237396036558,43.273743703995436],[-79.81225211897872,43.27387234573469],[-79.81211430469241,43.273992257267764],[-79.81196170595669,43.27410240445483],[-79.81085170247948,43.27483241914603],[-79.81067820560109,43.27493587515538],[-79.81049168488963,43.27502670502918],[-79.81029389019595,43.275104056614396],[-79.81008667716108,43.27516720420653],[-79.80987198980486,43.27521555535934],[-79.8096518422846,43.27524865644454],[-79.8094282999951,43.27526619690869],[-79.80920346018752,43.275268012187425],[-79.80897943228871,43.27525408524979],[-79.80875831810675,43.275224546758196],[-79.80854219210751,43.27517967384197],[-79.8083330819483,43.275119887497],[-79.80813294945118,43.27504574863485],[-79.80794367219421,43.27495795281927],[-79.80776702589438,43.27485732373898],[-79.806590517268,43.27411758702703],[-79.80624349300845,43.274427296905614],[-79.80609229273486,43.274549517310945],[-79.80592532910265,43.27466048526921],[-79.80574419492554,43.274759142104436],[-79.8055506182318,43.27484454658861],[-79.80534644577752,43.274915883923136],[-79.8051336254261,43.274972473514005],[-79.80491418756235,43.275013775466384],[-79.80469022571843,43.27503939573678],[-79.80446387659669,43.27504908989316],[-79.80423729968024,43.275042765447715],[-79.80401265662594,43.27502048273927],[-79.80379209063666,43.27498245435764],[-79.80357770600969,43.274929043114824],[-79.80337154805679,43.27486075858279],[-79.8031755835877,43.274778252230746],[-79.80299168214309,43.27468231120844],[-79.80282159815658,43.274573850834756],[-79.80266695421601,43.27445390586354],[-79.80250974455257,43.2743193559172],[-79.8019059681211,43.27443720659302],[-79.8019015056419,43.2754851923943],[-79.80188925014353,43.27565241068252],[-79.80185402973451,43.27581791464478],[-79.80179619451008,43.27598005837792],[-79.80171631947566,43.276137229382726],[-79.80161519883443,43.27628786460108],[-79.80149383809423,43.27643046596182],[-79.80135344407238,43.276563615280544],[-79.80119541289709,43.27668598836557],[-79.80102131612539,43.276796368189046],[-79.80083288511479,43.27689365699259],[-79.80063199380473,43.27697688720688],[-79.80042064007864,43.27704523107631],[-79.80020092589234,43.27709800889292],[-79.79997503636619,43.277134695758164],[-79.79974521804965,43.27715492680423],[-79.79951375657384,43.27715850082373],[-79.79928295391537,43.27714538227133],[-79.79905510549719,43.27711570161729],[-79.7950050143156,43.27643568359899],[-79.79479280794641,43.276392272281164],[-79.79458725419794,43.276334492534474],[-79.79439020802151,43.27626286578237],[-79.79420344757867,43.27617803840626],[-79.7940286581925,43.27608077591095],[-79.79386741713779,43.275971956015255],[-79.79372117940665,43.27585256072975],[-79.79359126457908,43.27572366749321],[-79.793478844916,43.27558643944821],[-79.79338493478282,43.2754421149433],[-79.79331038149881,43.275291996356735],[-79.79325585769429,43.27513743834263],[-79.79322185524532,43.27497983560579],[-79.79315187084393,43.27450983423665],[-79.7931389234157,43.27436123871348],[-79.79314422456383,43.274212397785185],[-79.79316773249212,43.274064481652516],[-79.79320926226364,43.27391865323712],[-79.79326848725837,43.27377605903873],[-79.79483857821586,43.270526088198],[-79.79492587510677,43.2703707587439],[-79.79503415194904,43.270222501387124],[-79.79516232900029,43.270082794371696],[-79.79530912811916,43.269953030678266],[-79.79547308551246,43.2698345041368],[-79.79565256633241,43.2697283965284],[-79.79584578097779,43.26963576580412],[-79.79605080293715,43.2695575355386],[-79.79626558799575,43.26949448572356],[-79.79648799461499,43.26944724499243],[-79.79671580528124,43.26941628435415],[-79.80111229091642,43.26898176259521],[-79.8027573084717,43.267812131309455],[-79.80406893451004,43.26450673198246],[-79.80407056584683,43.26450264026439],[-79.80556067634718,43.2607826684142],[-79.80563736014024,43.260622098029195],[-79.80573607773503,43.26046795500197],[-79.80585581854578,43.26032181708537],[-79.80599535682241,43.26018518008402],[-79.80615326420083,43.26005944254557],[-79.80632792432569,43.25994589144819],[-79.80651754939606,43.259845689029774],[-79.80672019846469,43.259759860894185],[-79.80693379730319,43.25968928551597],[-79.80715615963047,43.25963468525073],[-79.8073850094867,43.2595966189434],[-79.80761800452433,43.259575476209534],[-79.80785275997799,43.25957147344853],[-79.80808687306796,43.259584651629346],[-79.80831794758778,43.25961487587107],[-79.81192786641547,43.26022485972228],[-79.81215813089456,43.26027295800327],[-79.81591805446426,43.26121293384925],[-79.81613118691284,43.26127491301066],[-79.8163348076735,43.26135182937532],[-79.81652692247044,43.261442929637866],[-79.81670564969514,43.26154732157467],[-79.81686923883306,43.26166398278043],[-79.81701608760795,43.261791770679594],[-79.81714475767515,43.26192943371478],[-79.81725398871077,43.26207562360264],[-79.81734271075835,43.26222890853729],[-79.81741005471198,43.26238778721202],[-79.81745536083345,43.26255070352197],[-79.81747818521927,43.26271606180411],[-79.81747830415442,43.26288224246493],[-79.8174557163099,43.26304761784311],[-79.81741064276203,43.2632105681517],[-79.81734352483357,43.26336949734366],[-79.81725501977695,43.26352284874539],[-79.81714599434213,43.26366912030508],[-79.81701751629178,43.263806879306415],[-79.81687084394653,43.26393477640349],[-79.81670741386266,43.26405155883948],[-79.816528826763,43.26415608271927],[-79.8163368318584,43.264247324216015],[-79.81613330971382,43.26432438960154],[-79.81592025382642,43.26438652400232],[-79.81569975109663,43.26443311879531],[-79.81547396138328,43.26446371757087],[-79.81524509634333,43.26447802060447],[-79.81501539776393,43.264475887793246],[-79.81207378618419,43.26434302322057],[-79.811304887111,43.266570368633936],[-79.81184022068256,43.26731637990535],[-79.81185860569707,43.2673425571247],[-79.81319865008874,43.26929253351979],[-79.8132847857047,43.26943382002814],[-79.81335261511153,43.26958023288495],[-79.81340156459899,43.269730533969586],[-79.81343122010371,43.269883452272005],[-79.81344133071477,43.27003769464035],[-79.81343181079973,43.27019195671607],[-79.81340274073328,43.270344933964275],[-79.81268283118622,43.27316494789252]]]},"properties":{"fire_id":"F3640","date":"2026-10-10","area_ha":192.4,"cumulative_ha":387.8,"frp_sum":38.6,"n_detections":20,"first_seen":"2026-09-18","last_seen":"2026-10-10","centroid":[-79.80558,43.26904],"history":[{"date":"2026-09-18","area_ha":175.6},{"date":"2026-09-19","area_ha":105.0},{"date":"2026-09-20","area_ha":156.1},{"date":"2026-09-21","area_ha":100.6},{"date":"2026-09-23","area_ha":163.4},{"date":"2026-09-24","area_ha":201.7},{"date":"2026-09-25","area_ha":157.0},{"date":"2026-09-26","area_ha":134.3},{"date":"2026-09-27","area_ha":251.0},{"date":"2026-09-29","area_ha":154.8},{"date":"2026-09-30","area_ha":146.8},{"date":"2026-10-03","area_ha":169.7},{"date":"2026-10-04","area_ha":238.4},{"date":"2026-10-05","area_ha":293.6},{"date":"2026-10-06","area_ha":140.3},{"date":"2026-10-07","area_ha":193.2},{"date":"2026-10-08","area_ha":178.9},{"date":"2026-10-09","area_ha":208.0},{"date":"2026-10-10","area_ha":192.4}],"track":[[-79.80560473474853,43.27000377140376],[-79.80360902708856,43.27059282362385],[-79.80223839166345,43.26989731246157],[-79.80020211521794,43.271877674567705],[-79.8072603228164,43.26903602768372],[-79.80563988760163,43.268050271306535],[-79.80531371102052,43.267384858889066],[-79.80504398605542,43.2684306411044],[-79.80807983266797,43.27089112532824],[-79.80550128803942,43.26784532472575],[-79.80364172644468,43.26978924614167],[-79.80470006844473,43.26894781911128],[-79.8058431383515,43.26923664610971],[-79.80590955157231,43.2698753181531],[-79.80194632399075,43.27001591753036],[-79.80522802360234,43.268305815488674],[-79.80501301807854,43.26991260356771],[-79.80462922106028,43.26951036223727],[-79.80557883749566,43.26903821064622]],"growth_24h_ha":-15.65,"speed_km_day":0.09,"bearing_deg":225.73,"direction":"SW"}},{"type":"Feature","geometry":{"type":"Polygon","coordinates":[[[-79.98873091208321,43.29001555731753],[-79.98895004954034,43.2899685514401],[-79.98917451567814,43.28993735403292],[-79.98940213555395,43.28992226737694],[-79.98963070367394,43.28992343765112],[-79.98985800535846,43.28994085351631],[-79.99008183819609,43.28997434622519],[-79.99030003337913,43.29002359125687],[-79.99051047671372,43.29008811146055],[-79.9907111291014,43.29016728167764],[-79.9909000462938,43.290260334797864],[-79.99107539772908,43.29036636919048],[-79.99123548426803,43.290484357438764],[-79.99137875465769,43.29061315629331],[-79.99150382056317,43.29075151774768],[-79.99160947002213,43.290898101129194],[-79.99169467919124,43.29105148608786],[-79.99175862227091,43.291210186357574],[-79.99180067951181,43.291372664156434],[-79.9918204432256,43.29153734508665],[-79.99181772174128,43.29170263338949],[-79.99179254126862,43.29186692740804],[-79.99174514565048,43.29202863510738],[-79.99167599400602,43.29218618950197],[-79.99158575628748,43.29233806384105],[-79.9897858176892,43.29499809566483],[-79.98967625718078,43.29514176685815],[-79.98954783053134,43.29527702073514],[-79.98940176364921,43.29540256609833],[-79.98923945086669,43.29551720442476],[-79.98906244163075,43.29561984130945],[-79.9888724257118,43.29570949691515],[-79.98867121707187,43.29578531532819],[-79.98846073654587,43.295846572731215],[-79.988242993502,43.29589268431494],[-79.98802006665574,43.29592320986228],[-79.9877940842213,43.29593785795209],[-79.9875672035902,43.295936488741845],[-79.98734159073054,43.29591911530318],[-79.98711939950476,43.2958859034969],[-79.98690275110289,43.29583717038926],[-79.98669371378799,43.29577338122427],[-79.98649428314752,43.29569514498103],[-79.98630636303926,43.295603208558745],[-79.98613174741365,43.29549844964466],[-79.98597210318647,43.29538186833344],[-79.9858289543253,43.295254577577836],[-79.9857036673017,43.295117792562046],[-79.98559743804817,43.29497281909898],[-79.98551128054389,43.29482104116285],[-79.98544601713881,43.29466390767566],[-79.98540227070764,43.29450291867399],[-79.98538045870897,43.29433961098836],[-79.9853807892057,43.294175543571555],[-79.98545038272702,43.29317641996055],[-79.9844454397789,43.29215092901901],[-79.98432103849736,43.29200951533859],[-79.98421675085082,43.29185983810405],[-79.98413361565336,43.291703388455645],[-79.98407246097327,43.291541724991326],[-79.98403389588891,43.29137645823819],[-79.98401830442678,43.29120923460716],[-79.98402584174222,43.291041719990346],[-79.98405643258029,43.29087558316519],[-79.98410977203226,43.290712479170146],[-79.9841853285795,43.29055403281802],[-79.98428234939449,43.29040182251071],[-79.98439986784574,43.29025736451679],[-79.98453671313176,43.290122097868554],[-79.98469152194781,43.289997370028665],[-79.98486275206923,43.289884423469275],[-79.98504869771575,43.28978438329729],[-79.98524750654394,43.289698246048665],[-79.98545719809826,43.28962686976343],[-79.98567568353728,43.28957096544041],[-79.98590078643846,43.289531089956185],[-79.98613026447444,43.28950764051925],[-79.98636183174523,43.28950085071428],[-79.9865931815439,43.28951078817587],[-79.98682200932936,43.289537353915],[-79.98704603567754,43.28958028330479],[-79.98726302898268,43.28963914871597],[-79.98747082768283,43.2897133637755],[-79.98841754343842,43.290095105757636],[-79.98873091208321,43.29001555731753]]]},"properties":{"fire_id":"F5202","date":"2026-10-10","area_ha":31.8,"cumulative_ha":67.1,"frp_sum":5.3,"n_detections":5,"first_seen":"2026-09-29","last_seen":"2026-10-10","centroid":[-79.98787,43.29244],"history":[{"date":"2026-09-29","area_ha":45.7},{"date":"2026-09-30","area_ha":33.4},{"date":"2026-10-03","area_ha":30.3},{"date":"2026-10-05","area_ha":39.9},{"date":"2026-10-08","area_ha":28.4},{"date":"2026-10-09","area_ha":17.6},{"date":"2026-10-10","area_ha":31.8}],"track":[[-79.98695812707781,43.29276384237898],[-79.98753261456079,43.291227770122475],[-79.98505901698843,43.29282940790158],[-79.98738587760413,43.293360443258905],[-79.9859604398752,43.29247755523425],[-79.98684502742393,43.292307315043516],[-79.98786991022787,43.29244376924666]],"growth_24h_ha":14.23,"speed_km_day":0.08,"bearing_deg":270.78,"direction":"W"}},{"type":"Feature","geometry":{"type":"Polygon","coordinates":[[[-79.6260927491404,43.49541089996963],[-79.62593684721303,43.49553203344206],[-79.62576519483089,43.495641529843546],[-79.62557945379334,43.49573832906625],[-79.62538142232412,43.49582149392749],[-79.62517301766081,43.495890219245084],[-79.62495625749065,43.49594383963452],[-79.62473324041316,43.495981835952634],[-79.6245061256185,43.496003840324896],[-79.62427711197847,43.49600963970806],[-79.62404841675318,43.49599917795329],[-79.62382225411913,43.495972556349855],[-79.62360081372762,43.49593003264433],[-79.62338623950039,43.49587201854446],[-79.62318060886886,43.49579907573215],[-79.62298591265761,43.495711910424056],[-79.62280403580716,43.49561136653277],[-79.62263673912307,43.495498417494424],[-79.62248564222766,43.49537415684246],[-79.62235220788001,43.49523978761847],[-79.62223772781573,43.495096610722946],[-79.62214331024347,43.49494601231878],[-79.62206986911956,43.494789450409485],[-79.62201811530392,43.49462844072237],[-79.62198854968331,43.494464542033],[-79.62198145832772,43.49429934107355],[-79.621996909727,43.49413443717084],[-79.62203475413416,43.49397142676301],[-79.62209462502115,43.49381188794456],[-79.62217594263323,43.49365736518964],[-79.62227791960713,43.493509354401],[-79.62338794871035,43.49207937355789],[-79.62349577672407,43.49195376115055],[-79.62361848908355,43.491835468465695],[-79.62375513650615,43.49172541051958],[-79.6239046619337,43.491624438626324],[-79.62589465209408,43.490394464236594],[-79.62607738165327,43.490292411463045],[-79.62627323371773,43.490203924632254],[-79.62648027965773,43.490129875080086],[-79.62669648063722,43.49007099197457],[-79.62691970768776,43.49002785513746],[-79.6271477626691,43.490000889336],[-79.62737839991041,43.48999036010124],[-79.62760934831873,43.48999637111398],[-79.62783833373774,43.49001886318411],[-79.6280631013365,43.49005761483329],[-79.62828143780816,43.490112244475334],[-79.62849119316027,43.490182214172705],[-79.62869030188219,43.490266834932456],[-79.62887680328149,43.490365273489225],[-79.62904886078917,43.49047656050862],[-79.62920478004384,43.49059960013062],[-79.62934302557653,43.49073318075857],[-79.62946223593231,43.490875986988115],[-79.62956123707932,43.49102661255846],[-79.62963905397349,43.49118357419854],[-79.62969492016464,43.49134532623175],[-79.62972828534933,43.49151027579588],[-79.6297388207959,43.49167679852789],[-79.62972642258804,43.491843254559456],[-79.62969121265459,43.49200800466581],[-79.62963353757542,43.49216942640868],[-79.62955396517451,43.492325930114426],[-79.62945327893402,43.49247597453002],[-79.62933247028363,43.4926180820027],[-79.62919272884133,43.49275085303354],[-79.6260927491404,43.49541089996963]]]},"properties":{"fire_id":"F7072","date":"2026-10-10","area_ha":26.4,"cumulative_ha":26.4,"frp_sum":2.2,"n_detections":3,"first_seen":"2026-10-10","last_seen":"2026-10-10","centroid":[-79.6258,43.49297],"history":[{"date":"2026-10-10","area_ha":26.4}],"track":[[-79.62580240333122,43.49296728562369]],"growth_24h_ha":null,"speed_km_day":null,"bearing_deg":null,"direction":null}},{"type":"Feature","geometry":{"type":"Polygon","coordinates":[[[-95.65637057075256,32.82012553974704],[-95.65640375602284,32.81996476867399],[-95.65645546973009,32.81980743942435],[-95.65652522445531,32.819655034551936],[-95.65661236278524,32.819508990199516],[-95.65671606351071,32.81937068256666],[-95.65716606933061,32.81883068828724],[-95.65728364331667,32.81870310052354],[-95.65741530623048,32.81858548035967],[-95.65755985061995,32.818478906417106],[-95.65771595092193,32.81838435601559],[-95.65788217561808,32.81830269621202],[-95.6580570003617,32.81823467585026],[-95.65823882195504,32.818180918695035],[-95.65842597304919,32.81814191771269],[-95.6586167374317,32.81811803055132],[-95.65880936576188,32.818109476261476],[-95.65900209160954,32.8181163332879],[-95.65919314765047,32.818138538750134],[-95.66326306588617,32.81877852707855],[-95.66345652532726,32.818817286104775],[-95.66364445827824,32.818871777923974],[-95.66382503142627,32.81894147096053],[-95.66399648324136,32.81902568534737],[-95.66415714115819,32.81912359955712],[-95.66430543789073,32.81923425841517],[-95.66443992672072,32.81935658241637],[-95.66455929561079,32.81948937825451],[-95.6646623800047,32.81963135046216],[-95.66474817418964,32.81978111404708],[-95.66481584110987,32.819937208002116],[-95.66486472053572,32.82009810955709],[-95.66489433550831,32.82026224903309],[-95.6649043969967,32.82042802515507],[-95.66489480672222,32.82059382067274],[-95.66486565812198,32.82075801813769],[-95.6648172354421,32.82091901568295],[-95.66475001096927,32.821075242650636],[-95.66466464042749,32.821225174915625],[-95.66456195658479,32.82136734975554],[-95.66444296113198,32.82150038012184],[-95.6643088149128,32.82162296817301],[-95.66416082660048,32.821733917937465],[-95.66400043993116,32.82183214698288],[-95.65991333423325,32.82408478477071],[-95.65972641609636,32.82487525695397],[-95.65967820804252,32.82503661308457],[-95.65961111952888,32.82519320461893],[-95.65952580735926,32.82534349825723],[-95.65942310679235,32.82548602235939],[-95.65930402336615,32.82561938135605],[-95.65916972305465,32.825742269414924],[-95.6590215208524,32.825853483228535],[-95.65886086789925,32.82595193379825],[-95.6586893372709,32.82603665709895],[-95.6585086085746,32.82610682352006],[-95.65832045150101,32.82616174599018],[-95.65812670849296,32.826200886706],[-95.65792927670145,32.82622386239921],[-95.65773008940535,32.826230448090215],[-95.65753109707684,32.82622057929142],[-95.65733424827866,32.82619435263888],[-95.65714147057979,32.82615202494575],[-95.65695465167707,32.82609401068728],[-95.6567756209075,32.82602087794154],[-95.65660613133257,32.82593334282588],[-95.6564478425702,32.82583226248373],[-95.65630230454238,32.82571862669017],[-95.65617094229765,32.82559354815893],[-95.65605504205762,32.825458251645294],[-95.65595573862326,32.82531406195234],[-95.65587400426526,32.8251623909572],[-95.65581063920628,32.82500472378526],[-95.65576626378879,32.824842604267104],[-95.65574131240487,32.82467761982092],[-95.6557360292471,32.82451138590868],[-95.65575046592231,32.82434553021764],[-95.65637057075256,32.82012553974704]]]},"properties":{"fire_id":"F6955","date":"2026-10-10","area_ha":49.6,"cumulative_ha":49.8,"frp_sum":6.2,"n_detections":5,"first_seen":"2026-10-09","last_seen":"2026-10-10","centroid":[-95.65964,32.82167],"history":[{"date":"2026-10-09","area_ha":31.5},{"date":"2026-10-10","area_ha":49.6}],"track":[[-95.65993168108437,32.82088730645545],[-95.65964353097257,32.82167047778632]],"growth_24h_ha":18.14,"speed_km_day":0.09,"bearing_deg":16.86,"direction":"NNE"}},{"type":"Feature","geometry":{"type":"Polygon","coordinates":[[[-90.74460756325688,32.9360461776063],[-90.74475892331841,32.93615743993046],[-90.74489617470702,32.93628074488886],[-90.74501794294301,32.93641485772125],[-90.74512300857357,32.93655843543294],[-90.74521031938623,32.93671004024214],[-90.74527900094826,32.936868153976526],[-90.74532836536667,32.93703119327527],[-90.74535791818087,32.93719752544386],[-90.74536736331886,32.93736548480355],[-90.74535660606703,32.93753338937128],[-90.74532575402381,32.937699557703354],[-90.74527511602716,32.937862325733946],[-90.74520519906672,32.938020063440185],[-90.74511670321118,32.938171191166376],[-90.74501051460146,32.938314195444356],[-90.74488769657988,32.9384476441513],[-90.7447494790438,32.938570200852894],[-90.74459724613052,32.93868063818861],[-90.74443252235645,32.938777850164634],[-90.74122248810377,32.940477876905895],[-90.74104687073032,32.94056090377292],[-90.74086216665903,32.940628892439946],[-90.74067022657623,32.94068116167545],[-90.74047297368487,32.94071718775212],[-90.74027238443144,32.94073660969536],[-90.74007046869865,32.94073923290072],[-90.73986924966293,32.94072503108412],[-90.73967074351853,32.94069414654532],[-90.73947693927174,32.940646888741746],[-90.73928977880763,32.94058373118742],[-90.73911113742948,32.94050530670754],[-90.73894280506597,32.94041240109684],[-90.7387864683345,32.940305945244944],[-90.7386436936404,32.940187005807694],[-90.7385159114819,32.94005677451836],[-90.73840440211734,32.939916556245294],[-90.73831028273912,32.93976775591643],[-90.73823449628217,32.9396118644411],[-90.73817780197929,32.93945044377072],[-90.73814076775798,32.939285111247834],[-90.73812376455446,32.93911752340051],[-90.73812696260197,32.93894935934451],[-90.73815032973022,32.93878230395941],[-90.738830412307,32.935402314371636],[-90.73887307965252,32.93523997359403],[-90.73893479198816,32.935081937374655],[-90.73901494552689,32.93492975164038],[-90.73911275610111,32.934784905080306],[-90.7392272668368,32.93464881458444],[-90.73935735751648,32.934522811384625],[-90.739501755539,32.93440812803387],[-90.73965904836938,32.934305886350806],[-90.73982769735622,32.93421708644765],[-90.74000605278215,32.934142596948476],[-90.7401923699997,32.9340831464936],[-90.74038482649499,32.93403931661341],[-90.74058153971257,32.93401153604076],[-90.74078058546677,32.934000076517826],[-90.74098001676025,32.93400505013862],[-90.7411778828251,32.934026408252564],[-90.74137224820109,32.93406394194021],[-90.7415612116641,32.934117284056725],[-90.74174292482019,32.93418591282245],[-90.74191561018311,32.93426915692609],[-90.74207757855915,32.934366202090295],[-90.74460756325688,32.9360461776063]]]},"properties":{"fire_id":"F6959","date":"2026-10-10","area_ha":35.5,"cumulative_ha":49.9,"frp_sum":1.7,"n_detections":3,"first_seen":"2026-10-09","last_seen":"2026-10-10","centroid":[-90.74137,32.93741],"history":[{"date":"2026-10-09","area_ha":25.4},{"date":"2026-10-10","area_ha":35.5}],"track":[[-90.73926388556774,32.935549515742316],[-90.74137290876106,32.93740926138288]],"growth_24h_ha":10.08,"speed_km_day":0.29,"bearing_deg":313.46,"direction":"NW"}},{"type":"Feature","geometry":{"type":"Polygon","coordinates":[[[-96.43613977617431,34.29833032421979],[-96.43633460322138,34.29836757517265],[-96.43652406590712,34.298420146621886],[-96.43670636410985,34.29848753907669],[-96.43687976576639,34.29856911222782],[-96.43704262332658,34.29866409103043],[-96.43719338940538,34.29877157306676],[-96.43733063148431,34.29889053711898],[-96.43745304552206,34.29901985287091],[-96.43755946834544,34.299158291646194],[-96.4376488887027,34.29930453808102],[-96.43772045687409,34.29945720262096],[-96.43777349274855,34.29961483472264],[-96.43780749228928,34.299775936635264],[-96.43782213232704,34.299938977630795],[-96.43781727363512,34.300102408548106],[-96.43779296225685,34.30026467651226],[-96.43709304619613,34.30358468755969],[-96.43704957941867,34.303744042477575],[-96.43698735232991,34.303899189419916],[-96.43690695454224,34.30404865807026],[-96.43680914788324,34.30419103191735],[-96.43669485917903,34.30432496168034],[-96.43656517147348,34.30444917809713],[-96.436421313766,34.304562503954315],[-96.43626464936541,34.304663865245196],[-96.4360966629699,34.30475230134947],[-96.435918946596,34.30482697413852],[-96.43573318448946,34.30488717591976],[-96.43554113716132,34.3049323361445],[-96.43534462470069,34.304962026816305],[-96.43514550952224,34.30497596654769],[-96.43494567871232,34.30497402322753],[-96.43474702614084,34.30495621527327],[-96.43455143450896,34.30492271145639],[-96.4343607575027,34.30487382930252],[-96.43417680222176,34.30481003208184],[-96.43400131205026,34.30473192441754],[-96.43383595013194,34.304640246554996],[-96.43368228360643,34.30453586734496],[-96.43354176875614,34.3044197760083],[-96.43323652524244,34.30414173112707],[-96.43107559875868,34.30433694468467],[-96.43087575039017,34.30434697076886],[-96.43067565704307,34.30434104354934],[-96.4304772223224,34.30431921941491],[-96.43028233405057,34.30428170598995],[-96.43009284630422,34.304228860158986],[-96.42991056177219,34.30416118467078],[-96.42973721460297,34.304079323354685],[-96.4295744539046,34.30398405499456],[-96.42942382805461,34.303876285918825],[-96.42928676996864,34.30375704137675],[-96.4291645834687,34.303627455783854],[-96.42905843088019,34.30348876192828],[-96.42896932197586,34.30334227924172],[-96.42889810437201,34.303189401246186],[-96.42884545546792,34.303031582296036],[-96.42881187600523,34.30287032374165],[-96.42879768530842,34.30270715964615],[-96.42880301825157,34.302543642191466],[-96.42882782397982,34.30238132691211],[-96.42953790780709,34.29906133811374],[-96.42958255952021,34.298899967477276],[-96.42964645403825,34.29874297636708],[-96.42972896948034,34.29859189248825],[-96.42982930277608,34.29844818605372],[-96.42994647748372,34.29831325547861],[-96.43007935329477,34.29818841377324],[-96.43022663713236,34.29807487576756],[-96.43038689573532,34.29797374629108],[-96.43055856960542,34.29788600942313],[-96.43073998818208,34.29781251891831],[-96.43092938609708,34.29775398989995],[-96.43112492035088,34.29771099190245],[-96.43132468824386,34.2976839433301],[-96.43152674588777,34.297673107386444],[-96.4317291271177,34.29767858951359],[-96.43192986262075,34.29770033636618],[-96.43613977617431,34.29833032421979]]]},"properties":{"fire_id":"F7062","date":"2026-10-10","area_ha":53.6,"cumulative_ha":53.6,"frp_sum":5.1,"n_detections":5,"first_seen":"2026-10-10","last_seen":"2026-10-10","centroid":[-96.43332,34.30127],"history":[{"date":"2026-10-10","area_ha":53.6}],"track":[[-96.43332326238047,34.30126593533788]],"growth_24h_ha":null,"speed_km_day":null,"bearing_deg":null,"direction":null}},{"type":"Feature","geometry":{"type":"Polygon","coordinates":[[[-101.9944648535751,35.35355318723654],[-101.99466283619518,35.353605113207],[-101.99485338198905,35.353672706546135],[-101.99503458330297,35.353755290546665],[-101.99520462601825,35.35385203842079],[-101.99536180771157,35.353961981576234],[-101.99550455469782,35.354084019311934],[-101.99563143778498,35.35421692983622],[-101.99574118658363,35.354359382497364],[-101.99583270222746,35.35450995110406],[-101.99590506837761,35.354667128202706],[-101.99595756040023,35.35482934016843],[-101.99598965262588,35.35499496295878],[-101.9960010236171,35.35516233837281],[-101.99599155939194,35.35532979065236],[-101.99574161573629,35.3574297947336],[-101.99571223334297,35.357592282358794],[-101.99566323090163,35.35775167393987],[-101.99559507906694,35.35790643817446],[-101.99550843247616,35.358055088207344],[-101.99540412346394,35.35819619591605],[-101.99528315406913,35.35832840563211],[-101.99514668641055,35.358450447166724],[-101.9949960315239,35.358561148015255],[-101.99483263676714,35.3586594446233],[-101.99465807191524,35.35874439260616],[-101.99447401407782,35.358815175823395],[-101.99428223158496,35.358871114221],[-101.99408456699561,35.35891167036626],[-101.99388291939233,35.35893645461204],[-101.99367922613239,35.35894522884092],[-101.99347544423088,35.358937908753546],[-101.99327353155475,35.35891456467845],[-101.99307542800847,35.35887542089646],[-101.99288303689275,35.35882085348536],[-101.99269820661503,35.35875138670607],[-101.99252271292801,35.35866768796497],[-101.99235824186665,35.35857056140065],[-101.99220637354821,35.35846094015691],[-101.9920685669904,35.35833987741621],[-101.99194614609398,35.35820853628001],[-101.9918402869246,35.3580681785929],[-101.99175200641552,35.35792015281821],[-101.99168215260026,35.35776588108173],[-101.99163139646852,35.357606845507874],[-101.99114110579988,35.35568393869216],[-101.99105966450318,35.355469214958276],[-101.99101020260676,35.355311886527254],[-101.99097988372091,35.35515144358961],[-101.99096899225928,35.354989391858176],[-101.99097763031128,35.35482725213496],[-101.99100571668859,35.354666546038736],[-101.99105298769179,35.354508781725464],[-101.99111899958937,35.3543554397351],[-101.99120313278635,35.354207959098254],[-101.99130459764237,35.35406772383226],[-101.99142244188533,35.35393604995419],[-101.99155555955036,35.353814173131845],[-101.99170270136042,35.353703237089356],[-101.99186248645081,35.353604282875075],[-101.9920334153279,35.353518239093844],[-101.99221388394002,35.353445913193845],[-101.99240219872901,35.353387983890535],[-101.99259659252075,35.353344994798626],[-101.99279524110605,35.353317349331554],[-101.99299628035625,35.35330530691648],[-101.99319782371289,35.35330898056027],[-101.99339797988797,35.35332833578919],[-101.99359487060825,35.35336319097241],[-101.9944648535751,35.35355318723654]]]},"properties":{"fire_id":"F7073","date":"2026-10-10","area_ha":22.8,"cumulative_ha":22.8,"frp_sum":3.9,"n_detections":4,"first_seen":"2026-10-10","last_seen":"2026-10-10","centroid":[-101.99354,35.35603],"history":[{"date":"2026-10-10","area_ha":22.8}],"track":[[-101.99354267052054,35.35602582031672]],"growth_24h_ha":null,"speed_km_day":null,"bearing_deg":null,"direction":null}},{"type":"Feature","geometry":{"type":"Polygon","coordinates":[[[-101.36282217810931,35.69387747286843],[-101.36292851487376,35.6937400145149],[-101.36305090295299,35.69361141425469],[-101.36318820111194,35.693492871170506],[-101.3633391291106,35.69338549056596],[-101.363502279642,35.69329027366069],[-101.36367613145399,35.693208108256464],[-101.36385906353264,35.693139760460284],[-101.3640493702152,35.69308586754271],[-101.36424527709138,35.69304693199671],[-101.36444495754532,35.69302331685341],[-101.36464654978361,35.69301524229774],[-101.36484817419118,35.693022783615945],[-101.36504795085308,35.69304587049362],[-101.36524401707904,35.69308428767134],[-101.3654345447677,35.69313767695121],[-101.36561775744858,35.69320554053613],[-101.36745773136207,35.69397552645757],[-101.36763459754866,35.6940586279695],[-101.36780045167185,35.69415521249601],[-101.36795369801716,35.69426435080179],[-101.36809286215025,35.6943849928682],[-101.36821660510242,35.69451597799416],[-101.36832373625387,35.69465604596178],[-101.36841322479047,35.694803849159804],[-101.36848420962399,35.69495796554775],[-101.36853600767999,35.69511691233666],[-101.36856812047387,35.69527916025435],[-101.36858023891125,35.695443148258235],[-101.3685722462667,35.69560729855438],[-101.36854421931167,35.69577003177778],[-101.36849642758095,35.69592978218832],[-101.36842933078395,35.69608501273593],[-101.36723938138341,35.698455030982814],[-101.36715615379462,35.698600340773034],[-101.36705601006395,35.698738630286734],[-101.36693986276885,35.69886863921538],[-101.36680877035239,35.69898918270994],[-101.36666392747878,35.69909916218064],[-101.36650665414658,35.69919757531003],[-101.36633838365898,35.69928352518919],[-101.36616064956077,35.699356228492995],[-101.36597507166078,35.69941502262022],[-101.36578334126764,35.69945937173345],[-101.36558720577327,35.69948887164332],[-101.3625271403826,35.69982887859147],[-101.36232669155706,35.69984331220155],[-101.36212543916679,35.69984223617187],[-101.36192524866817,35.69982566047637],[-101.3617279756727,35.69979373875845],[-101.3615354487436,35.69974676690656],[-101.36134945244339,35.699685180311036],[-101.36117171078962,35.69960954982773],[-101.36100387127242,35.6995205764857],[-101.36084748958196,35.699419084988286],[-101.36070401518764,35.69930601606756],[-101.36057477790241,35.69918241776348],[-101.36046097555727,35.69904943570827],[-101.36036366289981,35.69890830250625],[-101.36028374181967,35.69876032630772],[-101.36022195299185,35.69860687868278],[-101.36017886901458,35.698449381907466],[-101.36015488910594,35.6982892957803],[-101.36015023540774,35.69812810409111],[-101.36016495093094,35.69796730086806],[-101.36019889916152,35.697808376529856],[-101.36025176533035,35.69765280407199],[-101.36032305933486,35.69750202541456],[-101.36041212028555,35.6973574380385],[-101.36282217810931,35.69387747286843]]]},"properties":{"fire_id":"F5630","date":"2026-10-10","area_ha":41.0,"cumulative_ha":107.7,"frp_sum":6.5,"n_detections":4,"first_seen":"2026-10-01","last_seen":"2026-10-10","centroid":[-101.36443,35.69662],"history":[{"date":"2026-10-01","area_ha":76.8},{"date":"2026-10-04","area_ha":69.7},{"date":"2026-10-05","area_ha":60.8},{"date":"2026-10-06","area_ha":37.8},{"date":"2026-10-07","area_ha":34.1},{"date":"2026-10-08","area_ha":26.3},{"date":"2026-10-10","area_ha":41.0}],"track":[[-101.36715047785789,35.69806150417748],[-101.36448451537781,35.697653092230354],[-101.3641502767764,35.697695014917294],[-101.36650956742913,35.697180461375225],[-101.36620387817726,35.69619181870817],[-101.36506284826667,35.69522545664579],[-101.36443388428454,35.69662129603326]],"growth_24h_ha":7.37,"speed_km_day":0.08,"bearing_deg":23.08,"direction":"NNE"}},{"type":"Feature","geometry":{"type":"Polygon","coordinates":[[[-95.81489676545019,36.19417222858495],[-95.81504321446167,36.1942893688309],[-95.81517443820346,36.194417424125064],[-95.81528915850957,36.19455514723904],[-95.81538625793483,36.1947011967754],[-95.81546479064095,36.19485415023142],[-95.815523991612,36.19501251785269],[-95.8155632841096,36.19517475714233],[-95.81558228529475,36.19533928788394],[-95.8155808099615,36.195504507532526],[-95.8155588723461,36.195668806823065],[-95.81551668599343,36.1958305854451],[-95.81505672141589,36.197240592887],[-95.81499441897657,36.19739887096536],[-95.81491273693025,36.197551467455234],[-95.81481247690245,36.19769688456668],[-95.81469462288483,36.197833694969866],[-95.81456033158018,36.19796055580638],[-95.814410921051,36.19807622187128],[-95.81424785778363,36.19817955783699],[-95.81407274229416,36.19826954939853],[-95.81388729341818,36.198345313231236],[-95.81369333143786,36.19840610566232],[-95.8134927602127,36.198451329971824],[-95.81328754848893,36.19848054225081],[-95.81307971057163,36.198493455759504],[-95.812871286549,36.198489943742295],[-95.81266432226344,36.19847004067225],[-95.8124608492261,36.19843394191255],[-95.8122628646722,36.19838200179866],[-95.81207231195309,36.19831473015953],[-95.81189106145773,36.19823278731236],[-95.81172089225116,36.1981369775801],[-95.8115634746099,36.198028241395136],[-95.81142035362632,36.197907646066945],[-95.8112929340426,36.197776375304414],[-95.81118246646328,36.19763571759551],[-95.81018029757351,36.19620665273691],[-95.80698828658754,36.19293694737304],[-95.8068688573047,36.19280124080328],[-95.80676687062649,36.19265680669899],[-95.8066833251959,36.19250505948679],[-95.80661903904719,36.19234748520143],[-95.80657464159877,36.192185626932265],[-95.80655056749382,36.192021069711224],[-95.80654705234883,36.191855424990436],[-95.8065641304514,36.19169031486154],[-95.80660163442977,36.19152735617101],[-95.806659196897,36.19136814468753],[-95.80673625405358,36.191214239475954],[-95.80683205121291,36.19106714763101],[-95.80694565019552,36.19092830952041],[-95.80707593851923,36.19079908468152],[-95.80722164029545,36.19068073850979],[-95.80738132872447,36.190574429869194],[-95.80755344006766,36.19048119974598],[-95.80773628895966,36.19040196105663],[-95.80792808491043,36.19033748970994],[-95.80812694983591,36.1902884170105],[-95.80833093644573,36.19025522347811],[-95.80853804730783,36.19023823414324],[-95.80874625440363,36.190237615364985],[-95.80895351898242,36.1902533732024],[-95.8091578115207,36.19028535335519],[-95.80935713159138,36.19033324267428],[-95.80954952744814,36.190396572227655],[-95.80973311513375,36.19047472189124],[-95.80990609692518,36.19056692642023],[-95.81006677893494,36.19067228294106],[-95.81489676545019,36.19417222858495]]]},"properties":{"fire_id":"F5981","date":"2026-10-10","area_ha":41.2,"cumulative_ha":107.3,"frp_sum":6.8,"n_detections":4,"first_seen":"2026-10-05","last_seen":"2026-10-10","centroid":[-95.81125,36.1943],"history":[{"date":"2026-10-05","area_ha":42.0},{"date":"2026-10-06","area_ha":49.3},{"date":"2026-10-07","area_ha":56.1},{"date":"2026-10-08","area_ha":65.3},{"date":"2026-10-10","area_ha":41.2}],"track":[[-95.81039030076512,36.1956948220965],[-95.81321472380833,36.19419060894599],[-95.81394006640123,36.19501379497934],[-95.81491820217079,36.1956239821942],[-95.81124983626134,36.194302908387016]],"growth_24h_ha":-12.08,"speed_km_day":0.18,"bearing_deg":114.24,"direction":"ESE"}},{"type":"Feature","geometry":{"type":"Polygon","coordinates":[[[-90.06508260808351,37.97401722827592],[-90.06498840453018,37.973867229861625],[-90.0649139201749,37.973710691511215],[-90.06485989609456,37.97354917095942],[-90.06482686975122,37.9733842755093],[-90.06481516964892,37.97321764603708],[-90.06482491207036,37.973050940663214],[-90.06485599992534,37.97288581825239],[-90.06490812372273,37.972723921906535],[-90.06498076465563,37.972566862615025],[-90.0650731997691,37.97241620322496],[-90.06518450915864,37.972273442890824],[-90.06531358512765,37.97214000215825],[-90.06545914321276,37.97201720883023],[-90.06561973496694,37.971906284756436],[-90.06579376237339,37.97180833367683],[-90.06597949374655,37.97172433024074],[-90.07856930817698,37.966664430925654],[-90.07876208849295,37.96659605005379],[-90.07896258889163,37.96654270486754],[-90.07916886944658,37.96650491150077],[-90.07937893431723,37.96648303561719],[-90.07959075105592,37.96647728887321],[-90.07980227026842,37.966487726870405],[-90.08001144543867,37.966514248617784],[-90.08021625272534,37.96655659750862],[-90.08041471053946,37.96661436380276],[-90.08060489871353,37.96668698859016],[-90.08078497707702,37.96677376919773],[-90.08095320325842,37.96687386598648],[-90.08110794954214,37.966986310474184],[-90.08124771861675,37.96711001470435],[-90.08137115806261,37.96724378177123],[-90.08147707343846,37.96738631739893],[-90.08156443984069,37.967536242462934],[-90.08163241182281,37.967692106332564],[-90.08168033157952,37.967852400905905],[-90.08170773531596,37.968015575200674],[-90.08171435774013,37.96818005036078],[-90.08170013463504,37.96834423493251],[-90.08166520348543,37.96850654026362],[-90.08160990215274,37.968665395874964],[-90.08153476561112,37.968819264657405],[-90.08144052077566,37.96896665774564],[-90.08132807947267,37.96910614892596],[-90.08119852962031,37.96923638843777],[-90.08042853382813,37.96993639862335],[-90.08029047598745,37.97005061496929],[-90.08013926340465,37.97015430588928],[-90.07997622171767,37.97024656231887],[-90.06903610465766,37.97584666708416],[-90.06885616589979,37.975929328549995],[-90.06866675450712,37.97599806334689],[-90.068469653688,37.97605222436475],[-90.06826671905726,37.97609130169854],[-90.06805986116363,37.97611492744943],[-90.06785102749927,37.97612287918943],[-90.06764218416137,37.976115082055685],[-90.06743529733815,37.97609160945547],[-90.06723231479424,37.976052682374984],[-90.06703514752951,37.97599866729838],[-90.0668456517845,37.97593007275682],[-90.06666561156182,37.975847544539896],[-90.06649672182824,37.97575185961482],[-90.0663405725559,37.97564391881011],[-90.06619863375269,37.9755247383336],[-90.06607224162306,37.975395440203755],[-90.06596258598923,37.97525724168512],[-90.06508260808351,37.97401722827592]]]},"properties":{"fire_id":"F5823","date":"2026-10-10","area_ha":71.9,"cumulative_ha":193.8,"frp_sum":7.9,"n_detections":4,"first_seen":"2026-10-03","last_seen":"2026-10-10","centroid":[-90.073,37.97127],"history":[{"date":"2026-10-03","area_ha":78.6},{"date":"2026-10-05","area_ha":89.3},{"date":"2026-10-06","area_ha":95.7},{"date":"2026-10-07","area_ha":104.2},{"date":"2026-10-08","area_ha":126.2},{"date":"2026-10-09","area_ha":142.4},{"date":"2026-10-10","area_ha":71.9}],"track":[[-90.07396675486739,37.96947995565913],[-90.07322916614491,37.97075985792858],[-90.07442896693624,37.96932411947928],[-90.07540452393502,37.97094550863559],[-90.07503102970587,37.970960603372156],[-90.0758901933659,37.97083292805684],[-90.0729988109613,37.971274872142956]],"growth_24h_ha":-70.55,"speed_km_day":0.26,"bearing_deg":75.29,"direction":"ENE"}},{"type":"Feature","geometry":{"type":"Polygon","coordinates":[[[-90.08487230932839,38.010569789048496],[-90.08478910957562,38.0107211623353],[-90.08468714415872,38.01086546010936],[-90.08456739974038,38.011001285930476],[-90.08443103505817,38.0111273253383],[-90.08427936971327,38.011242358574584],[-90.08411387140131,38.01134527238889],[-90.08393614170915,38.01143507081385],[-90.0837479006148,38.011510884805425],[-90.08355096984083,38.011571980654466],[-90.08334725522204,38.01161776708876],[-90.08313872825849,38.01164780099637],[-90.08292740703247,38.011661791714694],[-90.08271533667407,38.01165960384401],[-90.08250456956482,38.011641258558136],[-90.0822971454711,38.011606933399484],[-90.08209507179963,38.01155696056053],[-90.08190030416668,38.01149182366814],[-90.0817147274687,38.01141215310242],[-90.08154013763821,38.01131871989478],[-90.08137822426146,38.01121242826487],[-90.07868821858887,38.009262396291035],[-90.07853980321165,38.009143605862334],[-90.07840723656551,38.009014020409026],[-90.07829181532449,38.008874907529425],[-90.07819466842774,38.00872762801124],[-90.07811674603902,38.008573622519165],[-90.07805881025578,38.008414397501134],[-90.0780214276589,38.00825151045167],[-90.07800496377513,38.008086554675856],[-90.07800957950705,38.00792114370378],[-90.07803522956448,38.00775689550735],[-90.07808166291314,38.007595416674135],[-90.07814842523538,38.00743828669297],[-90.07823486337922,38.00728704250501],[-90.07834013175153,38.00714316347134],[-90.07846320059296,38.00700805690411],[-90.0786028660534,38.00688304430266],[-90.07875776196934,38.00676934842929],[-90.07892637322783,38.00666808135069],[-90.0791070505863,38.0065802335625],[-90.07929802680334,38.006506664302734],[-90.0794974339226,38.00644809314892],[-90.07970332154099,38.00640509298132],[-90.07991367588247,38.00637808438068],[-90.08012643949111,38.00636733151521],[-90.080339531351,38.00637293955752],[-90.08055086723625,38.006394853655976],[-90.08075838009255,38.006432859471154],[-90.08096004025064,38.006486585271844],[-90.08115387527491,38.00655550557021],[-90.08133798925228,38.006638946260566],[-90.08151058133369,38.0067360912116],[-90.08430056386787,38.008476060780694],[-90.08445538860626,38.00858249055808],[-90.08459635688287,38.00869994334115],[-90.0847221710725,38.00882733802387],[-90.08483167301927,38.008963501983246],[-90.08492385469864,38.00910718187156],[-90.08499786749853,38.00925705515182],[-90.08505303003348,38.00941174227033],[-90.08508883442049,38.00956981935423],[-90.0851049509581,38.00972983131746],[-90.08510123116575,38.00989030525412],[-90.08507770915529,38.01004976399633],[-90.08503460132158,38.01020673971174],[-90.08497230435539,38.0103597874153],[-90.08487230932839,38.010569789048496]]]},"properties":{"fire_id":"F5824","date":"2026-10-10","area_ha":23.7,"cumulative_ha":109.7,"frp_sum":7.1,"n_detections":3,"first_seen":"2026-10-03","last_seen":"2026-10-10","centroid":[-90.08158,38.009],"history":[{"date":"2026-10-03","area_ha":67.0},{"date":"2026-10-05","area_ha":36.6},{"date":"2026-10-06","area_ha":38.7},{"date":"2026-10-07","area_ha":35.4},{"date":"2026-10-08","area_ha":57.9},{"date":"2026-10-09","area_ha":79.2},{"date":"2026-10-10","area_ha":23.7}],"track":[[-90.08288836081627,38.009635204075195],[-90.08098067516238,38.00850480542361],[-90.08235602594182,38.00799009860189],[-90.0823392671541,38.01002556257073],[-90.08281750031144,38.00934018909674],[-90.08481605927601,38.00970111962495],[-90.08157658590798,38.009001756006626]],"growth_24h_ha":-55.53,"speed_km_day":0.29,"bearing_deg":101.98,"direction":"ESE"}},{"type":"Feature","geometry":{"type":"Polygon","coordinates":[[[-91.88785176015065,38.37401085425679],[-91.88794851862956,38.3741582134719],[-91.88802597849276,38.37431222315954],[-91.88808338406523,38.374471381093095],[-91.88812017527154,38.37463413481955],[-91.8881359931039,38.37479889680155],[-91.88813068312915,38.374964059902105],[-91.88810429700067,38.37512801306071],[-91.88805709196001,38.375289157008424],[-91.88798952833314,38.375445919868156],[-91.88790226504508,38.37559677248821],[-91.88779615319719,38.375740243359424],[-91.88767222776869,38.375874932970426],[-91.88753169752412,38.37599952746067],[-91.8873759332243,38.37611281143841],[-91.88720645425636,38.37621367983811],[-91.88702491381262,38.376301148701735],[-91.8868330827636,38.37637436477873],[-91.88663283238165,38.37643261385075],[-91.88642611608479,38.376475327700206],[-91.88621495037805,38.37650208965419],[-91.88600139517912,38.37651263864985],[-91.88578753371995,38.37650687178171],[-91.88557545222059,38.37648484530559],[-91.88536721953413,38.376446774089786],[-91.8851648669609,38.3763930295186],[-91.88497036842965,38.376324135868735],[-91.8847856212387,38.37624076519407],[-91.88461242754553,38.376143730768526],[-91.88445247678513,38.37603397915135],[-91.88430732918894,38.37591258095196],[-91.88272733917701,38.37445255966629],[-91.88260318126422,38.37432608502911],[-91.88249510544428,38.374191095577814],[-91.88240408434957,38.37404880626863],[-91.88233093709863,38.373900497752196],[-91.8822763219269,38.373747504846044],[-91.88224073026586,38.373591204520096],[-91.88222448232412,38.373433003502946],[-91.88222772420966,38.3732743256206],[-91.88227774211364,38.37266432649674],[-91.88230166903845,38.37250073630475],[-91.88234630655835,38.37233975423706],[-91.88241122220796,38.37218293946465],[-91.8824957871317,38.37203181078693],[-91.88259918217888,38.37188783192249],[-91.88272040584145,38.37175239733396],[-91.88285828395689,38.3716268187235],[-91.88301148108255,38.37151231233042],[-91.88317851343093,38.3714099871532],[-91.88335776324082,38.37132083421051],[-91.88354749444484,38.371245716944586],[-91.8837458694819,38.37118536286042],[-91.8839509670917,38.37114035648104],[-91.88416080091928,38.37111113368766],[-91.88437333874904,38.37109797749897],[-91.88458652218293,38.371101015330694],[-91.88479828657152,38.37112021776192],[-91.88500658100584,38.37115539881988],[-91.8852093881762,38.3712062177807],[-91.88540474390581,38.37127218246875],[-91.88559075617066,38.371352654022246],[-91.8857656234208,38.37144685307942],[-91.88592765202654,38.371553867325325],[-91.88607527268029,38.371672660326105],[-91.88620705559514,38.37180208156523],[-91.8863217243534,38.37194087758482],[-91.88785176015065,38.37401085425679]]]},"properties":{"fire_id":"F7074","date":"2026-10-10","area_ha":21.8,"cumulative_ha":21.8,"frp_sum":6.9,"n_detections":3,"first_seen":"2026-10-10","last_seen":"2026-10-10","centroid":[-91.88512,38.37382],"history":[{"date":"2026-10-10","area_ha":21.8}],"track":[[-91.88512273152912,38.37382235026189]],"growth_24h_ha":null,"speed_km_day":null,"bearing_deg":null,"direction":null}},{"type":"Feature","geometry":{"type":"Polygon","coordinates":[[[-90.14452985291203,38.69236420483351],[-90.14499195798659,38.69085640511801],[-90.14505151610116,38.69069765060612],[-90.14513115545651,38.69054418715104],[-90.14523009902119,38.690397511838356],[-90.1453473814616,38.690259055524294],[-90.14548185856255,38.690130168878646],[-90.14563221839192,38.69001210921032],[-90.14579699410069,38.689906028203396],[-90.14597457823282,38.689812960684236],[-90.14616323840606,38.68973381452817],[-90.1463611342102,38.68966936180457],[-90.14656633515834,38.68962023124682],[-90.14677683951602,38.68958690212017],[-90.14699059382467,38.6895696995474],[-90.14720551292916,38.689568791337976],[-90.14741950031417,38.68958418635139],[-90.1476304685514,38.68961573441075],[-90.15270036266962,38.69057571297124],[-90.15290120763899,38.69062172818451],[-90.15309536320973,38.69068238295083],[-90.1532810285146,38.69075711468014],[-90.15345648142149,38.690845230212545],[-90.1536200945048,38.69094591224652],[-90.15377035013942,38.69105822691837],[-90.1539058545768,38.6911811324627],[-90.15402535087313,38.691313488873845],[-90.15412773054936,38.691454068478635],[-90.15421204387506,38.69160156732216],[-90.15427750868056,38.691754617261665],[-90.1543235176156,38.691911798655696],[-90.15434964378692,38.69207165353153],[-90.15435564472263,38.69223269910825],[-90.15434146462606,38.69239344155045],[-90.15430723489825,38.692552389824556],[-90.15425327292392,38.69270806952998],[-90.15418007913217,38.69285903657592],[-90.15408833235884,38.69300389057754],[-90.15397888355335,38.69314128784703],[-90.15385274788856,38.69326995385893],[-90.15371109534627,38.69338869507427],[-90.15355523986608,38.69349641001339],[-90.15338662715779,38.69359209947509],[-90.15320682129071,38.69367487580693],[-90.1470567326855,38.69620492711999],[-90.14685262719662,38.696278695115446],[-90.14663968504186,38.69633582775058],[-90.14642019363167,38.69637571130543],[-90.13520994946983,38.69794574683885],[-90.13498251490425,38.697968150589595],[-90.1347532760756,38.69797203514277],[-90.13452477802535,38.697957357371514],[-90.13429955756912,38.69792428023046],[-90.1292294516784,38.69696425878612],[-90.12902732127685,38.69691788719038],[-90.12883198126906,38.696856690195844],[-90.12864526707641,38.696781242817735],[-90.12846893305598,38.696692253967875],[-90.12830463601463,38.69659055979239],[-90.12815391964028,38.696477115813884],[-90.12801819999719,38.69635298795186],[-90.12789875222103,38.69621934250587],[-90.12779669853926,38.69607743519562],[-90.12771299772899,38.69592859936091],[-90.12764843611147,38.69577423343255],[-90.12760362016762,38.69561578779198],[-90.12757897084401,38.69545475114288],[-90.12757471960248,38.69529263652329],[-90.12759090625019,38.69513096708935],[-90.12762737857099,38.69497126180433],[-90.12768379376034,38.694815021167386],[-90.12775962165102,38.694663713116356],[-90.12785414969872,38.69451875923663],[-90.12796648968052,38.69438152140583],[-90.1280955860432,38.694253289000066],[-90.12824022582303,38.694135266781025],[-90.12839905004346,38.694028563578705],[-90.12857056648366,38.693934181875136],[-90.12875316369816,38.693853008387656],[-90.12894512615559,38.69378580573946],[-90.1291446503544,38.69373320529609],[-90.12934986176451,38.693695701234844],[-90.12955883243544,38.69367364590299],[-90.13073880572921,38.69359364773615],[-90.13092496509213,38.69358718314688],[-90.1311111613748,38.69359298547087],[-90.13129602924543,38.69361101216106],[-90.13570552440777,38.69418931504507],[-90.14452985291203,38.69236420483351]]]},"properties":{"fire_id":"F5196","date":"2026-10-10","area_ha":107.5,"cumulative_ha":331.7,"frp_sum":14.0,"n_detections":8,"first_seen":"2026-09-29","last_seen":"2026-10-10","centroid":[-90.14177,38.69429],"history":[{"date":"2026-09-29","area_ha":169.6},{"date":"2026-10-01","area_ha":107.6},{"date":"2026-10-03","area_ha":178.8},{"date":"2026-10-04","area_ha":150.9},{"date":"2026-10-05","area_ha":136.6},{"date":"2026-10-06","area_ha":194.1},{"date":"2026-10-07","area_ha":193.6},{"date":"2026-10-08","area_ha":156.9},{"date":"2026-10-09","area_ha":219.6},{"date":"2026-10-10","area_ha":107.5}],"track":[[-90.13978928436195,38.694278666685506],[-90.14001958763133,38.69481486733873],[-90.14179551400053,38.69447988735089],[-90.13804347727624,38.69401197521604],[-90.1383760907734,38.6943249939011],[-90.14056569128509,38.693872465210994],[-90.13941264424066,38.69540649622675],[-90.13924604559573,38.69613378626683],[-90.14484264083998,38.694429458933385],[-90.14177305685978,38.69428576966282]],"growth_24h_ha":-112.1,"speed_km_day":0.26,"bearing_deg":89.95,"direction":"E"}},{"type":"Feature","geometry":{"type":"Polygon","coordinates":[[[-90.4637295409111,38.7423074403993],[-90.4636860353951,38.74246519630426],[-90.46362295901243,38.742619001178525],[-90.46354089779675,38.7427674257467],[-90.46344061421664,38.742909090722826],[-90.46332304009383,38.74304267962897],[-90.46318926794685,38.74316695103014],[-90.46304054084047,38.74328075007239],[-90.46287824083541,38.74338301921613],[-90.46270387614535,38.74347280806551],[-90.46251906712084,38.74354928220172],[-90.46232553118998,38.7436117309388],[-90.46212506689653,38.74365957392936],[-90.46191953718325,38.74369236655881],[-90.46171085207617,38.743709804078094],[-90.46150095093107,38.74371172443647],[-90.46129178440694,38.7436981097875],[-90.46108529633442,38.743669086655295],[-90.46088340564756,38.743624924758194],[-90.46068798854749,38.74356603450184],[-90.46050086106331,38.74349296316435],[-90.4603237621729,38.743406389809444],[-90.46015833764042,38.74330711897468],[-90.46000612472069,38.743196073193346],[-90.45986853787302,38.74307428441999],[-90.45974685561696,38.742942884438946],[-90.45964220865213,38.742803094345255],[-90.45955556935287,38.74265621319565],[-90.4594877427347,38.74250360593541],[-90.458477813411,38.73981358875752],[-90.45842790583932,38.73965031082048],[-90.45839953141159,38.7394840142573],[-90.45839297520975,38.7393163707386],[-90.45840830298852,38.739149065463465],[-90.4584453605205,38.73898378021921],[-90.45850377515237,38.738822176476056],[-90.45858295955664,38.7386658786863],[-90.45868211764075,38.73851645795616],[-90.45880025255404,38.738375416254144],[-90.4589361767119,38.73824417131478],[-90.45908852373616,38.73812404238928],[-90.45925576219157,38.738016236986425],[-90.45943621098046,38.737921838736575],[-90.46118618948273,38.737101854865934],[-90.46137564878279,38.73702268933688],[-90.4615743722182,38.73695831124818],[-90.46178041028227,38.73690935215122],[-90.46199174172544,38.73687629233541],[-90.46220629338032,38.736859456117465],[-90.46242196049569,38.73685900866042],[-90.46263662737992,38.73687495435382],[-90.4628481881516,38.73690713677069],[-90.46305456739412,38.7369552402016],[-90.46325374051159,38.73701879275128],[-90.46344375358673,38.73709717096698],[-90.46362274254615,38.73718960595345],[-90.463788951445,38.73729519091434],[-90.46394074969166,38.737412890046635],[-90.46407664804411,38.73754154870022],[-90.46419531322017,38.73767990470374],[-90.46429558097925,38.73782660074505],[-90.46437646754639,38.73798019768548],[-90.46443717926704,38.73813918867675],[-90.46447712039742,38.73830201394277],[-90.46449589895388,38.73846707608083],[-90.46449333056383,38.73863275573234],[-90.46446944028013,38.738797427469514],[-90.4637295409111,38.7423074403993]]]},"properties":{"fire_id":"F7075","date":"2026-10-10","area_ha":30.4,"cumulative_ha":30.4,"frp_sum":1.9,"n_detections":3,"first_seen":"2026-10-10","last_seen":"2026-10-10","centroid":[-90.46157,38.74016],"history":[{"date":"2026-10-10","area_ha":30.4}],"track":[[-90.46157193998822,38.74016272880016]],"growth_24h_ha":null,"speed_km_day":null,"bearing_deg":null,"direction":null}},{"type":"Feature","geometry":{"type":"Polygon","coordinates":[[[-90.06673162228522,38.83550764531713],[-90.06693550617383,38.83555521096682],[-90.06713236447659,38.83561781973479],[-90.06732031677186,38.83569487357898],[-90.06749756769295,38.83578563647516],[-90.0676624240758,38.8358892414461],[-90.0678133111311,38.836004698841755],[-90.06794878748661,38.8361309057909],[-90.06806755895617,38.836266656734544],[-90.0681684909036,38.83641065494014],[-90.06825061908354,38.836561524886896],[-90.0683131588554,38.83671782540407],[-90.06835551268261,38.83687806343633],[-90.06837727584501,38.83704070830543],[-90.06837824030993,38.837204206331386],[-90.06835839672469,38.83736699567379],[-90.06831793451117,38.83752752125155],[-90.06825724006167,38.83768424959847],[-90.06817689305271,38.837835683512644],[-90.06807766091197,38.83798037635986],[-90.06796049149126,38.838116945894264],[-90.06782650401495,38.83824408746409],[-90.06767697839047,38.838360586476576],[-90.06751334298296,38.83846533000242],[-90.06733716097068,38.83855731740941],[-90.06715011541151,38.83863566992302],[-90.0669539931633,38.838699639023],[-90.06675066781182,38.83874861359555],[-90.0665420817693,38.83878212577246],[-90.06633022771484,38.83879985540164],[-90.06611712955424,38.83880163310643],[-90.06200703545943,38.83868163033355],[-90.06178469482863,38.83866636153565],[-90.06156555443461,38.83863373139257],[-90.06135191131969,38.8385840819364],[-90.06114600489182,38.83851793359636],[-90.06094999344695,38.838435979742414],[-90.06076593154233,38.83833907941614],[-90.06059574845834,38.838228248324455],[-90.06044122797452,38.8381046481913],[-90.05947123285925,38.837244635178806],[-90.05934039520649,38.83711653163737],[-90.05922640226318,38.836979279830146],[-90.05913033291964,38.836834178900055],[-90.05905309639552,38.83668260227709],[-90.05899542363697,38.83652598467704],[-90.05895786040206,38.836365808520576],[-90.05894076209958,38.836203589900975],[-90.05894429042995,38.836040864233546],[-90.05896841185985,38.83587917172246],[-90.05901289794478,38.8357200427828],[-90.05907732749642,38.83556498355552],[-90.05916109057387,38.835415461652595],[-90.05926339426104,38.83527289226714],[-90.05938327017522,38.83513862478006],[-90.05951958363565,38.83501392998971],[-90.05967104440516,38.83489998808565],[-90.05983621890329,38.834797877480135],[-90.06001354377501,38.8347085646028],[-90.06020134068696,38.83463289475529],[-90.06039783221075,38.83457158411247],[-90.06060115864358,38.83452521294527],[-90.06080939560658,38.8344942201299],[-90.0610205722549,38.83447889899488],[-90.06123268992691,38.83447939454548],[-90.06144374105664,38.834495702091644],[-90.06165172817019,38.8345276672923],[-90.06673162228522,38.83550764531713]]]},"properties":{"fire_id":"F5825","date":"2026-10-10","area_ha":30.1,"cumulative_ha":87.5,"frp_sum":5.1,"n_detections":3,"first_seen":"2026-10-03","last_seen":"2026-10-10","centroid":[-90.06356,38.83677],"history":[{"date":"2026-10-03","area_ha":55.8},{"date":"2026-10-05","area_ha":42.4},{"date":"2026-10-06","area_ha":48.6},{"date":"2026-10-07","area_ha":53.0},{"date":"2026-10-08","area_ha":63.9},{"date":"2026-10-09","area_ha":51.3},{"date":"2026-10-10","area_ha":30.1}],"track":[[-90.06436295997905,38.83732089876933],[-90.06352579180744,38.836114132620175],[-90.06414980183963,38.836487922959996],[-90.06394433794102,38.83703844972927],[-90.0645601889715,38.83790549512996],[-90.06561579334067,38.837848003835056],[-90.06355981985105,38.83676573993314]],"growth_24h_ha":-21.14,"speed_km_day":0.21,"bearing_deg":120.88,"direction":"ESE"}},{"type":"Feature","geometry":{"type":"Polygon","coordinates":[[[-91.31763900270514,39.67868088586438],[-91.31753941832555,39.67882775966417],[-91.3174212285611,39.678966470664726],[-91.31728558495315,39.67909566725986],[-91.31713380913511,39.67921409054501],[-91.316967379956,39.679320586585696],[-91.31678791907126,39.6794141176634],[-91.31659717514093,39.679493772388874],[-91.3163970067892,39.67955877458446],[-91.31618936449156,39.6796084908489],[-91.31597627156606,39.679642436730546],[-91.31575980445409,39.67966028144894],[-91.31554207248297,39.67966185111876],[-91.3153251973078,39.67964713044452],[-91.31511129223306,39.67961626286982],[-91.31490244161557,39.67956954917909],[-91.31470068054999,39.67950744456611],[-91.31450797503466,39.67943055419754],[-91.31432620281143,39.679339627314825],[-91.31415713506647,39.67923554993196],[-91.31400241917004,39.679119336200515],[-91.31386356262387,39.67899211852578],[-91.31374191837264,39.67885513653088],[-91.31363867162226,39.67870972497592],[-91.31355482829385,39.67855730075076],[-91.31269487363097,39.67674728612076],[-91.31263151738135,39.67659012502244],[-91.31258879307299,39.67642900729387],[-91.31256711276663,39.67626548738379],[-91.31256668548689,39.67610114290608],[-91.31258751521115,39.67593755941879],[-91.3126294008368,39.67577631512713],[-91.31269193812682,39.67561896565771],[-91.31277452361503,39.67546702905089],[-91.31287636043278,39.67532197111651],[-91.31299646600088,39.67518519129341],[-91.31313368151255,39.6750580091499],[-91.31328668311528,39.674941651654834],[-91.31345399468431,39.674837241342246],[-91.31363400206389,39.67474578548348],[-91.31382496863922,39.67466816637154],[-91.31402505208881,39.67460513281084],[-91.31423232215562,39.67455729289473],[-91.31444477926591,39.67452510814032],[-91.31466037381593,39.67450888903708],[-91.31487702594094,39.67450879205212],[-91.31677698199785,39.67457879038545],[-91.3169907123341,39.674594601865664],[-91.31720140298077,39.674626103813566],[-91.31740705701974,39.67467299765623],[-91.31760572525988,39.67473483893677],[-91.31779552470836,39.67481104152615],[-91.31797465641476,39.67490088317726],[-91.31814142251969,39.67500351236916],[-91.31829424234593,39.67511795637639],[-91.31843166737995,39.675243130486926],[-91.3185523950017,39.67537784828173],[-91.31865528083253,39.67552083287808],[-91.31873934958423,39.67567072903098],[-91.31880380430638,39.67582611597696],[-91.31884803394385,39.675985520899474],[-91.31887161913323,39.67614743288798],[-91.31887433618265,39.67631031725832],[-91.31885615919724,39.67647263009893],[-91.31881726032996,39.67663283290488],[-91.31875800815509,39.676789407161046],[-91.31867896417961,39.67694086873625],[-91.31763900270514,39.67868088586438]]]},"properties":{"fire_id":"F6661","date":"2026-10-10","area_ha":23.7,"cumulative_ha":41.1,"frp_sum":1.8,"n_detections":3,"first_seen":"2026-10-08","last_seen":"2026-10-10","centroid":[-91.31569,39.67687],"history":[{"date":"2026-10-08","area_ha":39.5},{"date":"2026-10-10","area_ha":23.7}],"track":[[-91.31693277769678,39.677637970340434],[-91.3156851313703,39.676867631043756]],"growth_24h_ha":-7.89,"speed_km_day":0.07,"bearing_deg":126.32,"direction":"SE"}},{"type":"Feature","geometry":{"type":"Polygon","coordinates":[[[-93.04925068587112,39.76742064849661],[-93.0493116440351,39.76758254368639],[-93.04935082048887,39.76774826021113],[-93.0493678184853,39.767916120469735],[-93.04936246579182,39.76808442514726],[-93.0493348164402,39.76825147041751],[-93.04928515018585,39.76841556519171],[-93.0492139696819,39.76857504823882],[-93.04912199539622,39.76872830500391],[-93.0490101583229,39.76887378395457],[-93.04887959056141,39.76901001228963],[-93.0487316138591,39.769135610851016],[-93.04856772623239,39.76924930808805],[-93.04781772199124,39.769719316750596],[-93.04764412707588,39.76981764584278],[-93.04745864547647,39.76990261018257],[-93.0472630636518,39.76997339142003],[-93.0470592653607,39.77002930781014],[-93.0468492135158,39.77006982078051],[-93.04663493127431,39.77009454011975],[-93.04641848254786,39.770103227736655],[-93.04620195211949,39.77009579995391],[-93.0459874255593,39.77007232831441],[-93.04577696913266,39.770033038891754],[-93.04557260989438,39.76997831011248],[-93.04537631616104,39.76990866911033],[-93.04518997854964,39.76982478664805],[-93.04501539176529,39.76972747065549],[-93.04485423731354,39.769617658446435],[-93.04470806730407,39.76949640768923],[-93.04457828950146,39.76936488621809],[-93.04446615376742,39.7692243607834],[-93.04437274002491,39.769076184849425],[-93.04429894785976,39.76892178555707],[-93.04424548786025,39.76876264997721],[-93.04421287477759,39.7686003107873],[-93.04420142257325,39.76843633150876],[-93.04421124140043,39.76827229144813],[-93.04424223654875,39.76810977048614],[-93.0445922759391,39.76674977671144],[-93.04464344615323,39.766592118057446],[-93.04471454314506,39.76643895876791],[-93.0448048974333,39.766291740790244],[-93.0449136582498,39.76615185012735],[-93.04503980155289,39.7660206037901],[-93.04518213967116,39.76589923739958],[-93.04533933248695,39.765788893555715],[-93.04550990005403,39.76569061108191],[-93.04569223653077,39.76560531524664],[-93.04588462529759,39.76553380905408],[-93.04608525511641,39.76547676568571],[-93.04629223718017,39.765434722164045],[-93.0465036228917,39.76540807429794],[-93.04671742220515,39.76539707295713],[-93.04693162235704,39.765401821710846],[-93.04714420681108,39.76542227585321],[-93.04735317423845,39.765458242823854],[-93.04755655735501,39.76550938402043],[-93.04775244143839,39.76557521798559],[-93.0479389823507,39.76565512493869],[-93.04811442389743,39.76574835260934],[-93.04827711435912,39.76585402331836],[-93.04842552204043,39.765971142239046],[-93.04855824968999,39.766098606761325],[-93.04867404765578,39.76623521687073],[-93.04877182565158,39.76637968644445],[-93.04885066302423,39.76653065535812],[-93.04925068587112,39.76742064849661]]]},"properties":{"fire_id":"F7076","date":"2026-10-10","area_ha":17.9,"cumulative_ha":17.9,"frp_sum":1.7,"n_detections":3,"first_seen":"2026-10-10","last_seen":"2026-10-10","centroid":[-93.04672,39.76778],"history":[{"date":"2026-10-10","area_ha":17.9}],"track":[[-93.04671920548658,39.767777972766346]],"growth_24h_ha":null,"speed_km_day":null,"bearing_deg":null,"direction":null}},{"type":"Feature","geometry":{"type":"Polygon","coordinates":[[[-94.57497683114197,40.300309981212585],[-94.57514650285798,40.3004112820353],[-94.5753022752858,40.30052451329426],[-94.57544267196553,40.30064860180076],[-94.57556636214603,40.30078237145664],[-94.57567217339916,40.30092455439965],[-94.57575910273424,40.301073803018795],[-94.5758263261077,40.30122870272545],[-94.57587320623732,40.301387785359985],[-94.57589929864685,40.30154954310605],[-94.57590435588402,40.301712442781366],[-94.57588832987118,40.30187494036924],[-94.57585137236634,40.30203549565315],[-94.57579383353027,40.30219258681579],[-94.57571625861259,40.30234472486414],[-94.57561938278833,40.302490467743624],[-94.57550412419383,40.30262843400797],[-94.57537157522754,40.30275731591464],[-94.57522299219819,40.302875891821955],[-94.57225298850356,40.305025929603296],[-94.5720905100224,40.3051326319368],[-94.57191505940695,40.30522700048399],[-94.57172828525601,40.30530814849523],[-94.57153194259064,40.305375313446866],[-94.57132787636094,40.30542786420794],[-94.57111800410738,40.305465306971676],[-94.57090429793905,40.30548728989692],[-94.57068876599887,40.30549360641479],[-94.57047343358963,40.3054841971703],[-94.5702603241388,40.30545915058012],[-94.57005144018093,40.305418702001724],[-94.56984874453646,40.30536323152111],[-94.56965414186426,40.30529326038066],[-94.56946946076118,40.305209446079985],[-94.56929643657698,40.30511257619648],[-94.56913669510634,40.305003560983266],[-94.56899173731118,40.304883424814435],[-94.56886292521696,40.30475329655765],[-94.56875146911547,40.30461439896541],[-94.56865841619427,40.304468037183646],[-94.56858464069971,40.304315586486766],[-94.56853083572575,40.30415847935375],[-94.56849750670567,40.30399819200711],[-94.5684849666676,40.30383623054108],[-94.56849333329825,40.303674116769585],[-94.56852252784257,40.303513373926954],[-94.56934262561306,40.30020338871549],[-94.56939452449576,40.30003995197573],[-94.5694679481719,40.299881253401566],[-94.56956215642037,40.299728892608336],[-94.56967619953718,40.299584405318846],[-94.56980892791248,40.29944924788533],[-94.56995900362134,40.29932478261197],[-94.57012491391177,40.29921226402538],[-94.57030498645354,40.29911282623174],[-94.57049740619432,40.299027471487676],[-94.57070023365328,40.29895706009998],[-94.57091142446747,40.29890230175611],[-94.57112884999474,40.29886374837251],[-94.57135031876494,40.29884178853296],[-94.57157359856393,40.298836643572784],[-94.57179643892785,40.29884836534852],[-94.572016593821,40.298876835715284],[-94.57223184426923,40.29892176771741],[-94.57244002072088,40.29898270848],[-94.57263902491003,40.299059043772644],[-94.57282685100199,40.29915000419889],[-94.57497683114197,40.300309981212585]]]},"properties":{"fire_id":"F7077","date":"2026-10-10","area_ha":32.6,"cumulative_ha":32.6,"frp_sum":2.9,"n_detections":3,"first_seen":"2026-10-10","last_seen":"2026-10-10","centroid":[-94.57186,40.30212],"history":[{"date":"2026-10-10","area_ha":32.6}],"track":[[-94.57185516996854,40.30212272468968]],"growth_24h_ha":null,"speed_km_day":null,"bearing_deg":null,"direction":null}},{"type":"Feature","geometry":{"type":"Polygon","coordinates":[[[-99.9411954952908,25.591114224447498],[-99.94408638013539,25.591519211139325],[-99.94426307660993,25.5915521957554],[-99.94443545931935,25.591600965047316],[-99.94460188698935,25.59166505467258],[-99.94476077503465,25.591743854419757],[-99.94491061064417,25.59183661401791],[-99.94504996718325,25.59194245027909],[-99.94517751777595,25.592060355506725],[-99.9452920479384,25.592189207089113],[-99.94539246714251,25.592327778187347],[-99.94547781920035,25.592474749415327],[-99.94554729136995,25.592628721401475],[-99.94560022209593,25.59278822811178],[-99.94563610731136,25.592951750807863],[-99.94565460524028,25.59311773250714],[-99.94565553965552,25.593284592807276],[-99.9456389015603,25.593450742933754],[-99.94560484927776,25.593614600867674],[-99.9455537069471,25.593774606409166],[-99.94548596144082,25.593929236033535],[-99.9454022577322,25.594077017398316],[-99.94530339275661,25.594216543363114],[-99.94519030782584,25.594346485388918],[-99.94506407966662,25.594465606189033],[-99.94492591016942,25.59457277151128],[-99.94477711494451,25.59466696093908],[-99.9446191107947,25.594747277608672],[-99.94445340222366,25.594812956749923],[-99.94428156710873,25.594863372969204],[-99.9441052416743,25.594898046204996],[-99.94392610490934,25.59491664629956],[-99.94374586257727,25.594918996143143],[-99.93970578418674,25.59478899432633],[-99.93950128204494,25.594771839160597],[-99.93930010022679,25.594733780207584],[-99.93507002620862,25.593703766278168],[-99.93489398261154,25.593652058188688],[-99.93472439691928,25.593584335775073],[-99.9345629643743,25.593501276012706],[-99.93441129870376,25.593403709192515],[-99.93427091598649,25.593292610620388],[-99.93414321949679,25.593169090866578],[-99.93402948567686,25.593034384663216],[-99.9339308513776,25.592889838560442],[-99.93384830249583,25.592736897465194],[-99.93378266412114,25.592577090196446],[-99.93373459229092,25.59241201420234],[-99.9337045674358,25.592243319591066],[-99.93369288958101,25.592072692635874],[-99.93348319685448,25.577432689920375],[-99.93348984403978,25.577263303177375],[-99.93351456845849,25.577095357622923],[-99.93355712712228,25.57693050311121],[-99.9336171018503,25.57677035912421],[-99.93369390338083,25.576616498862883],[-99.93378677716339,25.576470433793112],[-99.93389481077392,25.576333598798524],[-99.93401694288018,25.5762073380856],[-99.93415197366939,25.57609289197971],[-99.93429857663529,25.575991384741922],[-99.93445531160928,25.57590381352563],[-99.93462063890699,25.575831038582233],[-99.93479293445208,25.5757737748112],[-99.93497050572817,25.575732584738294],[-99.93515160840268,25.575707872990108],[-99.93533446345911,25.575699882319935],[-99.93551727466999,25.575708691223213],[-99.94187715297885,25.57630868288209],[-99.94205882531294,25.5763343250858],[-99.94223684638408,25.576376556658555],[-99.94240945382788,25.576434959513183],[-99.94257493886444,25.5765089554682],[-99.94273166321256,25.576597811971073],[-99.9428780753066,25.5767006493496],[-99.94301272565549,25.57681644951961],[-99.94313428119197,25.576944066062993],[-99.94324153846998,25.577082235576157],[-99.94333343557963,25.577229590176707],[-99.94340906266183,25.577384671044445],[-99.94346767091801,25.577545942863026],[-99.94350868002644,25.57771180901884],[-99.94353168389068,25.577880627407158],[-99.94353645466394,25.578050726688762],[-99.94352294500882,25.578220422836377],[-99.94349128857013,25.578388035806864],[-99.94344179865584,25.57855190617428],[-99.9433749651393,25.578710411559257],[-99.94329144961281,25.578861982691556],[-99.94319207884081,25.57900511894732],[-99.94307783657709,25.57913840320671],[-99.94294985382714,25.579260515885114],[-99.94280939765179,25.57937024799867],[-99.94265785862312,25.579466513134985],[-99.94249673705669,25.57954835821021],[-99.94232762815659,25.579614972906246],[-99.9421522062201,25.57966569769413],[-99.94197220805891,25.579700030364698],[-99.93854517613667,25.580190548306366],[-99.9411954952908,25.591114224447498]]]},"properties":{"fire_id":"F6317","date":"2026-10-10","area_ha":160.7,"cumulative_ha":192.8,"frp_sum":18.3,"n_detections":7,"first_seen":"2026-10-06","last_seen":"2026-10-10","centroid":[-99.93795,25.58566],"history":[{"date":"2026-10-06","area_ha":52.7},{"date":"2026-10-09","area_ha":60.5},{"date":"2026-10-10","area_ha":160.7}],"track":[[-99.93585222643729,25.577048602170674],[-99.93688419973749,25.57852002250345],[-99.93794732550882,25.58566482348679]],"growth_24h_ha":100.19,"speed_km_day":0.79,"bearing_deg":354.53,"direction":"N"}},{"type":"Feature","geometry":{"type":"Polygon","coordinates":[[[-100.92168364171555,25.603359446503692],[-100.92186254838549,25.603385154032935],[-100.92203787754805,25.603426945427792],[-100.92220794554498,25.60348441936726],[-100.92237111923164,25.60355702393093],[-100.92252583165768,25.6036440618982],[-100.9226705971126,25.603744697443272],[-100.92280402539176,25.60385796416042],[-100.92292483514592,25.603982774343624],[-100.92303186618614,25.604117929430974],[-100.92312409062588,25.60426213151338],[-100.92320062275337,25.604413995797835],[-100.92326072753922,25.604572063904804],[-100.92330382769765,25.604734817872597],[-100.92332950923341,25.604900694734074],[-100.92333752542092,25.60506810152573],[-100.92332779917739,25.6052354305852],[-100.92330042380694,25.605401074989988],[-100.92325566210833,25.60556344398947],[-100.9231939438551,25.605720978281862],[-100.92311586167146,25.605872164989247],[-100.92302216534422,25.606015552187184],[-100.9229137546248,25.606149762848982],[-100.92279167059027,25.60627350807099],[-100.92265708564675,25.60638559945146],[-100.9225112922706,25.606484960504673],[-100.92235569059608,25.606570636999916],[-100.92219177496811,25.606641806126564],[-100.92202111958974,25.60669778439706],[-100.92184536340208,25.60673803421148],[-100.92166619434197,25.606762169021266],[-100.92148533312867,25.60676995704187],[-100.92130451673555,25.606761323479112],[-100.91766444704366,25.606421318746218],[-100.91748746304542,25.606396720812995],[-100.91731388098248,25.606356389689527],[-100.91714532968861,25.606300703824456],[-100.91698339078263,25.606230185747577],[-100.91682958382498,25.606145497166132],[-100.91668535205712,25.606047432754977],[-100.91655204885757,25.605936912698926],[-100.91643092504195,25.605814974057356],[-100.91632311712591,25.605682761032067],[-100.91622963666136,25.605541514229966],[-100.91615136074591,25.605392559020977],[-100.91608902379461,25.605237293100814],[-100.91604321065103,25.605077173375292],[-100.91601435110236,25.60491370228906],[-100.91600271584984,25.60474841372742],[-100.91600841397221,25.604582858623203],[-100.91603139190573,25.60441859040393],[-100.91607143395058,25.604257150415943],[-100.91612816429814,25.604100053461867],[-100.91620105056074,25.603948773587682],[-100.91628940876993,25.603804730252087],[-100.91639240979673,25.603669275008496],[-100.91650908713336,25.60354367882424],[-100.91663834596342,25.603429120155983],[-100.91677897343514,25.603326673893328],[-100.91692965004172,25.603237301274092],[-100.9170889620016,25.603161840866168],[-100.91725541452254,25.603101000700082],[-100.91742744582558,25.603055351626534],[-100.91760344179659,25.603025321960747],[-100.91778175112874,25.60301119346423],[-100.91796070081362,25.603013098701375],[-100.91832069385273,25.603033098422085],[-100.91840370442495,25.603039450955762],[-100.92168364171555,25.603359446503692]]]},"properties":{"fire_id":"F6921","date":"2026-10-10","area_ha":25.0,"cumulative_ha":53.6,"frp_sum":4.7,"n_detections":3,"first_seen":"2026-10-09","last_seen":"2026-10-10","centroid":[-100.91967,25.60489],"history":[{"date":"2026-10-09","area_ha":43.5},{"date":"2026-10-10","area_ha":25.0}],"track":[[-100.92174467728616,25.602115083356864],[-100.91966960161868,25.604888024498404]],"growth_24h_ha":-18.51,"speed_km_day":0.37,"bearing_deg":37.67,"direction":"NE"}},{"type":"Feature","geometry":{"type":"Polygon","coordinates":[[[-100.30130952713009,25.699093231796613],[-100.301357535566,25.699257787763468],[-100.30138757698637,25.699425944243515],[-100.30139935267307,25.699596029741738],[-100.30139274546794,25.699766353581367],[-100.30136782094154,25.699935222709538],[-100.30132482674564,25.700100958526377],[-100.30126419015552,25.70026191357123],[-100.3011865138266,25.700416487899133],[-100.30109256980715,25.7005631449856],[-100.30098329186686,25.70070042700101],[-100.30085976621692,25.700826969302817],[-100.29907976636157,25.70247698566764],[-100.29894537028181,25.702589891194343],[-100.29879964052881,25.702690069920653],[-100.29864398228831,25.702776555870035],[-100.29847989649711,25.702848515096985],[-100.2983089653688,25.70290525372948],[-100.29813283713534,25.702946224660227],[-100.29795321015132,25.70297103282293],[-100.29777181651471,25.702979439002227],[-100.29759040536187,25.70297136214058],[-100.29741072599808,25.702946880120063],[-100.2972345110265,25.702906229011166],[-100.29706345963828,25.70284980079627],[-100.29689922122515,25.702778139589437],[-100.29674337947264,25.702691936389098],[-100.29659743708737,25.70259202241429],[-100.29646280130572,25.702479361088763],[-100.29634077032392,25.70235503875018],[-100.29623252078008,25.702220254174097],[-100.2961390964093,25.702076307013836],[-100.29606139798082,25.701924585267726],[-100.29600017461442,25.701766551894547],[-100.29595601655984,25.701603730706438],[-100.29592934950847,25.701437691675032],[-100.29592043049212,25.70127003579297],[-100.29592934540848,25.701102379636385],[-100.29647945248543,25.695942386742708],[-100.29650585027834,25.695777564981256],[-100.29654948211724,25.695615901375874],[-100.29660993341615,25.695458931699058],[-100.29668662981663,25.695308147126063],[-100.29677884264702,25.695164980069702],[-100.29688569584721,25.69503079057354],[-100.29700617429289,25.69490685339264],[-100.29713913344024,25.694794345884862],[-100.29728331019943,25.694694336827197],[-100.2974373349335,25.694607776263837],[-100.29759974446866,25.69453548648201],[-100.29776899599261,25.69447815420146],[-100.29794348170876,25.69443632405165],[-100.29812154410726,25.694410393398737],[-100.2983014917078,25.69440060857108],[-100.29848161512506,25.6944070625197],[-100.29866020330378,25.69442969393529],[-100.29883555976998,25.69446828783061],[-100.29900601874364,25.694522477582453],[-100.29916996096001,25.69459174841401],[-100.29932582904955,25.694675442284424],[-100.29947214233032,25.69477276413912],[-100.29960751087233,25.694882789461683],[-100.29973064870077,25.695004473055462],[-100.2998403860119,25.69513665897163],[-100.29993568028647,25.69527809148922],[-100.30001562619448,25.695427427043263],[-100.30007946419744,25.695583246987322],[-100.30130952713009,25.699093231796613]]]},"properties":{"fire_id":"F7078","date":"2026-10-10","area_ha":38.7,"cumulative_ha":38.7,"frp_sum":2.1,"n_detections":3,"first_seen":"2026-10-10","last_seen":"2026-10-10","centroid":[-100.29843,25.6988],"history":[{"date":"2026-10-10","area_ha":38.7}],"track":[[-100.29843388363312,25.698796667420893]],"growth_24h_ha":null,"speed_km_day":null,"bearing_deg":null,"direction":null}},{"type":"Feature","geometry":{"type":"Polygon","coordinates":[[[-100.30182377057837,25.719587373433324],[-100.30481937899648,25.720010265690252],[-100.30499815246756,25.720043909283426],[-100.30517247022867,25.720093659651123],[-100.30534063696176,25.72015903294386],[-100.30550101716018,25.72023939336985],[-100.30565205103277,25.72033395937761],[-100.30579226967211,25.720441811256254],[-100.30592030933946,25.720561900079236],[-100.30603492472778,25.720693057904846],[-100.30689493342284,25.721783048877466],[-100.30699624020427,25.72192593220506],[-100.3070816074012,25.722077444094577],[-100.30715018247533,25.722236071577726],[-100.3072012805582,25.722400230625265],[-100.30723439129349,25.722568281964076],[-100.30724918393697,25.722738547446248],[-100.30724551066339,25.722909326806498],[-100.3072234080468,25.723078914640826],[-100.30718309669963,25.723245617436792],[-100.30712497907389,25.723407770485107],[-100.307049635446,25.723563754504205],[-100.30695781812574,25.723712011811116],[-100.30685044394636,25.72385106187763],[-100.30672858511146,25.723979516116003],[-100.3065934584892,25.7240960917468],[-100.30644641346127,25.724199624610154],[-100.30628891844768,25.724289080792413],[-100.30612254624198,25.724363566952288],[-100.30594895830339,25.724422339242892],[-100.30576988816287,25.724464810741065],[-100.30558712410875,25.724490557309206],[-100.30540249132521,25.7244993218314],[-100.30521783366186,25.72449101678151],[-100.29854770571156,25.72388100824654],[-100.2983673621503,25.72385616649767],[-100.29819054133807,25.723815042739776],[-100.29801896094634,25.723758036452157],[-100.2978542877315,25.72368570139749],[-100.29769812134143,25.723598740242004],[-100.29755197877454,25.723497997728906],[-100.29741727964226,25.723384452471628],[-100.29729533237827,25.723259207446667],[-100.29718732152837,25.723123479278275],[-100.29709429624465,25.722978586419195],[-100.2970171600956,25.722825936342407],[-100.29695666229092,25.722667011868257],[-100.29691339040663,25.722503356759706],[-100.29688776468056,25.722336560725868],[-100.29688003393392,25.722168243979617],[-100.2968902731581,25.722000041498816],[-100.29748037984433,25.716850049120616],[-100.29750797185547,25.716685898636477],[-100.29755267699863,25.716524998003457],[-100.29761407297866,25.716368866799083],[-100.29769157987799,25.716218979551726],[-100.29778446563637,25.716076751815525],[-100.29789185296708,25.715943526802338],[-100.29801272764396,25.715820562697274],[-100.29814594808117,25.715709020777105],[-100.298290256115,25.715609954444126],[-100.29844428888595,25.71552429927872],[-100.29860659170897,25.71545286420461],[-100.29877563181014,25.71539632385033],[-100.29894981280034,25.715355212178704],[-100.29912748974913,25.7153299174448],[-100.2993069847167,25.7153206785297],[-100.29948660259733,25.71532758268478],[-100.2996646471247,25.71535056470791],[-100.29983943688832,25.71538940755903],[-100.30000932120957,25.715443744409704],[-100.30017269572805,25.715513062106893],[-100.30032801755056,25.715596706018644],[-100.30047381982024,25.71569388621565],[-100.30060872556831,25.715803684930464],[-100.3007314607172,25.715925065224063],[-100.30084086611299,25.716056880777693],[-100.30093590847301,25.716197886717904],[-100.30101569014539,25.716346751372228],[-100.30107945758847,25.7165020688448],[-100.30112660848968,25.716662372293058],[-100.30182377057837,25.719587373433324]]]},"properties":{"fire_id":"F6429","date":"2026-10-10","area_ha":64.6,"cumulative_ha":87.9,"frp_sum":6.4,"n_detections":5,"first_seen":"2026-10-07","last_seen":"2026-10-10","centroid":[-100.30124,25.72083],"history":[{"date":"2026-10-07","area_ha":68.1},{"date":"2026-10-10","area_ha":64.6}],"track":[[-100.30315460703413,25.720684450366857],[-100.30124016987884,25.72083102061525]],"growth_24h_ha":-1.17,"speed_km_day":0.06,"bearing_deg":87.86,"direction":"E"}},{"type":"Feature","geometry":{"type":"Polygon","coordinates":[[[-97.46790736447268,27.81250343624895],[-97.46809522240295,27.812532438324016],[-97.46827888015801,27.81257820812846],[-97.46845647994117,27.81264028267203],[-97.46862622522482,27.81271803403097],[-97.4687863989208,27.812810675698984],[-97.46893538074781,27.812917270542314],[-97.46907166362047,27.813036740278413],[-97.46919386889401,27.813167876382366],[-97.46930076031069,27.81330935231087],[-97.46939125650665,27.813459736919935],[-97.46946444195282,27.813617508941125],[-97.46951957621897,27.813781072369384],[-97.46955610146728,27.813948772607223],[-97.46957364809933,27.814118913201856],[-97.46957203849921,27.8142897730061],[-97.46955128883495,27.814459623589247],[-97.4695116088995,27.81462674672205],[-97.46867166544702,27.81745675786479],[-97.4686147049455,27.817616477254628],[-97.46854045389938,27.81777038546574],[-97.46844963563015,27.817916983009745],[-97.4683431348835,27.818054841618515],[-97.46822198921193,27.81818261816026],[-97.46808737886779,27.818299067726574],[-97.46794061530525,27.81840305576232],[-97.46778312840331,27.818493569120726],[-97.46761645253399,27.81856972593535],[-97.46744221161195,27.818630784213024],[-97.46726210327094,27.818676149064046],[-97.46707788232125,27.818705378498816],[-97.46689134364989,27.818718187734774],[-97.46670430472975,27.81871445197137],[-97.46651858790855,27.818694207606214],[-97.4626285137122,27.81809419854966],[-97.46244656802295,27.818057793374],[-97.46226949281157,27.818005543932713],[-97.46209900118902,27.81793795570858],[-97.46193674256246,27.817855682576944],[-97.46178428667619,27.817759520479346],[-97.46164310842377,27.817650399722066],[-97.46151457357857,27.817529375975226],[-97.46139992558057,27.817397620058752],[-97.46130027350763,27.817256406614423],[-97.46121658134727,27.817107101773612],[-97.46114965867282,27.816951149940138],[-97.46110015281404,27.816790059815812],[-97.46106854259808,27.81662538980445],[-97.46105513372068,27.816458732935093],[-97.46098519486259,27.813708731974884],[-97.46099046920904,27.813537596500034],[-97.46101493303053,27.813367805768486],[-97.46105833776734,27.813201084118873],[-97.46112024250912,27.81303912471366],[-97.46120001847682,27.81288357234443],[-97.46129685541202,27.812736006728837],[-97.46140976980887,27.812597926468683],[-97.46153761490446,27.81247073383185],[-97.46167909232658,27.812355720512898],[-97.46183276527998,27.812254054516405],[-97.4619970731377,27.812166768296805],[-97.46217034728899,27.81209474827452],[-97.462350828083,27.81203872583505],[-97.46253668269637,27.8119992699026],[-97.46272602374306,27.81197678116314],[-97.46291692843805,27.811971487995855],[-97.46310745812019,27.811983444154286],[-97.46790736447268,27.81250343624895]]]},"properties":{"fire_id":"F7079","date":"2026-10-10","area_ha":52.5,"cumulative_ha":52.5,"frp_sum":5.8,"n_detections":4,"first_seen":"2026-10-10","last_seen":"2026-10-10","centroid":[-97.46513,27.81525],"history":[{"date":"2026-10-10","area_ha":52.5}],"track":[[-97.46512695932887,27.815246635406112]],"growth_24h_ha":null,"speed_km_day":null,"bearing_deg":null,"direction":null}},{"type":"Feature","geometry":{"type":"Polygon","coordinates":[[[-97.21071515192439,27.820986220667333],[-97.2108537098154,27.8211009079036],[-97.21097886477605,27.82122736860052],[-97.21108937759602,27.821364350670535],[-97.21118415401962,27.82151049784911],[-97.21126225558177,27.821664363122157],[-97.21132290890223,27.821824423051986],[-97.21136551334594,27.821989092860175],[-97.21138964697352,27.82215674211807],[-97.21139507072304,27.822325710889444],[-97.21138173078128,27.82249432616561],[-97.21134975912089,27.82266091843042],[-97.21129947219814,27.82282383819068],[-97.21123136782353,27.822981472309],[-97.21114612023689,27.823132259976532],[-97.2110445734345,27.82327470816817],[-97.21092773281522,27.8234074064266],[-97.21079675522739,27.82352904082901],[-97.21065293751577,27.823638406998185],[-97.21049770368107,27.823734422028878],[-97.21033259077986,27.823816135211455],[-97.21015923370408,27.8238827374466],[-97.20997934899124,27.823933569257726],[-97.20979471782536,27.82396812732177],[-97.20960716839731,27.823986069453554],[-97.20941855779942,27.823987217994553],[-97.20923075363339,27.823971561572172],[-97.20904561551437,27.823939255212448],[-97.20886497665394,27.823890618804768],[-97.20869062570483,27.823826133934027],[-97.20602058828764,27.822696118280906],[-97.20585756643955,27.822618196205127],[-97.20570378396734,27.82252641990307],[-97.20556070196878,27.82242166135673],[-97.20542967985914,27.822304915892108],[-97.20531196245464,27.822177292721197],[-97.20520866814591,27.822040004402382],[-97.20512077827293,27.821894355318744],[-97.20504912780311,27.82174172928409],[-97.20499439740057,27.821583576394595],[-97.20495710696204,27.82142139925056],[-97.2049376106807,27.821256738679818],[-97.20493609368468,27.821091159098124],[-97.2049525702821,27.82092623364556],[-97.20498688382912,27.82076352924056],[-97.20503870822199,27.820604591692955],[-97.2051075509991,27.820450931018236],[-97.20519275802303,27.820304007091814],[-97.20529351969824,27.820165215779998],[-97.20540887866525,27.820035875679217],[-97.20553773889782,27.81991721558962],[-97.20567887611702,27.819810362841757],[-97.20583094942296,27.819716332587394],[-97.20599251403374,27.819636018156135],[-97.20616203501069,27.81957018256926],[-97.20696202219585,27.81930018643968],[-97.20713513715815,27.819250118620023],[-97.20731280973011,27.819215154471213],[-97.20749340357146,27.819195616011722],[-97.20767525544223,27.819191683189935],[-97.20785669051827,27.819203392226935],[-97.20803603781339,27.81923063528304],[-97.20821164556607,27.819273161450816],[-97.20838189644938,27.819330579065646],[-97.20854522246397,27.819402359312402],[-97.2087001193772,27.819487841095324],[-97.20884516057544,27.819586237125847],[-97.21071515192439,27.820986220667333]]]},"properties":{"fire_id":"F5834","date":"2026-10-10","area_ha":23.5,"cumulative_ha":187.5,"frp_sum":5.4,"n_detections":3,"first_seen":"2026-10-03","last_seen":"2026-10-10","centroid":[-97.20818,27.8216],"history":[{"date":"2026-10-03","area_ha":47.0},{"date":"2026-10-06","area_ha":166.1},{"date":"2026-10-07","area_ha":94.1},{"date":"2026-10-08","area_ha":119.6},{"date":"2026-10-09","area_ha":25.6},{"date":"2026-10-10","area_ha":23.5}],"track":[[-97.19242302611053,27.826346360930938],[-97.19986942035693,27.82504632335941],[-97.20417446540777,27.82413245667982],[-97.20070860920967,27.824875488192415],[-97.20808204625412,27.821720504635927],[-97.20818436784721,27.821598465877702]],"growth_24h_ha":-2.11,"speed_km_day":0.02,"bearing_deg":217.65,"direction":"SW"}},{"type":"Feature","geometry":{"type":"Polygon","coordinates":[[[-97.27304839180592,27.891715349472666],[-97.2719430407907,27.89976720960836],[-97.27191233762262,27.899927226366376],[-97.2718647071273,27.900083887387506],[-97.27180058447854,27.900235761048222],[-97.27172055557047,27.900381459467766],[-97.27162535166616,27.900519651191864],[-97.27151584271759,27.9006490733607],[-97.27139302941718,27.90076854325044],[-97.27125803405437,27.90087696908243],[-97.26863802039276,27.902786991842053],[-97.26848956996132,27.90288486762268],[-97.26833120793837,27.90296938262567],[-97.2681644297873,27.90303973874368],[-97.26799081046178,27.90309527157564],[-97.26781198953094,27.90313545670184],[-97.26762965569398,27.90315991463689],[-97.2674455308302,27.903168414413816],[-97.26726135373563,27.903160875765476],[-97.26707886369961,27.903137369882607],[-97.2668997840768,27.903098118741607],[-97.26672580600975,27.90304349300786],[-97.266558572456,27.90297400853502],[-97.26639966267052,27.902890321492855],[-97.26625057729026,27.90279322217022],[-97.26611272416176,27.90268362751083],[-97.2659874050456,27.902562572453633],[-97.26587580332347,27.902431200158205],[-97.26577897282363,27.902290751208863],[-97.26569782787087,27.902142551898212],[-97.26563313465407,27.90198800170199],[-97.2655855039936,27.90182856006255],[-97.26555538557626,27.901665732606606],[-97.26554306371226,27.90150105692679],[-97.26554865465418,27.901336088061797],[-97.26557210550307,27.901172383811947],[-97.2675321448951,27.89131326663941],[-97.26818204563062,27.88802413188082],[-97.26822331561286,27.887861989501996],[-97.26828209676022,27.887704237884837],[-97.26835782548437,27.887552389287823],[-97.26844977574368,27.88740789937509],[-97.268557066006,27.887272153262742],[-97.26867866770164,27.887146452241744],[-97.26881341508499,27.88703200130442],[-97.26896001641047,27.886929897594207],[-97.26911706631564,27.88684111988936],[-97.26928305929268,27.886766519221304],[-97.26945640411901,27.886706810717424],[-97.26963543910922,27.886662566746764],[-97.26981844804166,27.886634211433865],[-97.27000367660747,27.886622016593645],[-97.27018934922438,27.88662609912622],[-97.27037368605428,27.886646419896266],[-97.27424361222113,27.887246410816037],[-97.27442834000296,27.887283634537788],[-97.27460800318605,27.88733716205932],[-97.27478081177061,27.88740646007768],[-97.27494504403815,27.887490838164943],[-97.27509906370287,27.8875894556461],[-97.27524133621273,27.88770132997394],[-97.27537044403773,27.88782534651724],[-97.27548510079288,27.887960269665015],[-97.2755841640556,27.888104755136013],[-97.27566664674957,27.888257363371224],[-97.27573172698143,27.888416573875524],[-97.2757787562328,27.888580800366196],[-97.27580726582498,27.888748406576873],[-97.27581697159283,27.888917722560027],[-97.2758077767202,27.88908706132505],[-97.27577977270909,27.889254735646606],[-97.27573323847234,27.88941907487561],[-97.27566863755904,27.889578441585403],[-97.2755866135397,27.889731247886974],[-97.27548798359756,27.88987597125119],[-97.27537373038919,27.890011169679685],[-97.27524499225586,27.890135496073903],[-97.2751030518827,27.890247711658255],[-97.27304839180592,27.891715349472666]]]},"properties":{"fire_id":"F3915","date":"2026-10-10","area_ha":105.0,"cumulative_ha":190.2,"frp_sum":8.8,"n_detections":6,"first_seen":"2026-09-20","last_seen":"2026-10-10","centroid":[-97.27002,27.89436],"history":[{"date":"2026-09-20","area_ha":42.9},{"date":"2026-09-22","area_ha":119.4},{"date":"2026-09-23","area_ha":104.7},{"date":"2026-09-24","area_ha":137.4},{"date":"2026-09-25","area_ha":38.9},{"date":"2026-09-28","area_ha":113.4},{"date":"2026-09-29","area_ha":108.3},{"date":"2026-09-30","area_ha":71.8},{"date":"2026-10-03","area_ha":127.0},{"date":"2026-10-06","area_ha":49.8},{"date":"2026-10-07","area_ha":56.8},{"date":"2026-10-08","area_ha":89.7},{"date":"2026-10-09","area_ha":96.3},{"date":"2026-10-10","area_ha":105.0}],"track":[[-97.27112087195296,27.890650233587355],[-97.26898676573734,27.894433436808367],[-97.2700677044152,27.893538368629457],[-97.27007291050893,27.896256906170915],[-97.27148973456653,27.891493117546755],[-97.26866785333333,27.895066406481693],[-97.26960303196522,27.894737616133984],[-97.27001304288584,27.894598774608074],[-97.26948699683119,27.894839981636753],[-97.2711389859595,27.890980954906833],[-97.27189740097764,27.8908780905962],[-97.26923350571684,27.893704439226553],[-97.26976279243738,27.89403449874481],[-97.2700218253651,27.89436491106701]],"growth_24h_ha":8.69,"speed_km_day":0.04,"bearing_deg":325.7,"direction":"NW"}},{"type":"Feature","geometry":{"type":"Polygon","coordinates":[[[-97.43673952317731,28.05778031186386],[-97.43673390206577,28.057708620921844],[-97.43673003495704,28.05754148130726],[-97.43674459087043,28.057374812244284],[-97.43677742855708,28.057210229837377],[-97.43682822950392,28.05704932995063],[-97.43689650102594,28.056893672733842],[-97.43698158104729,28.056744767495264],[-97.43708264452401,28.056604058067585],[-97.43719871144663,28.05647290880889],[-97.4373286563446,28.056352591374466],[-97.43747121920043,28.056244272387637],[-97.4376250176676,28.056149002128933],[-97.43778856047376,28.056067704353485],[-97.4379602618796,28.056001167335175],[-97.43813845705266,28.05595003622439],[-97.43832141820755,28.055914806793275],[-97.43850737135614,28.055895820629363],[-97.43869451350515,28.055893261823993],[-97.43888103013491,28.055907155187526],[-97.43906511278965,28.055937366008838],[-97.43924497660907,28.055983601361362],[-97.43941887763151,28.05604541294282],[-97.43958512970052,28.05612220142158],[-97.43974212081189,28.056213222246956],[-97.4398883287419,28.056317592867686],[-97.44002233580598,28.05643430128819],[-97.4401428426044,28.0565622158801],[-97.44024868062174,28.05670009635356],[-97.44208871224771,28.059370074710813],[-97.44217793826996,28.059514891580324],[-97.44225097365688,28.0596667720085],[-97.44230712596911,28.059824276212417],[-97.4423458628036,28.059985911091086],[-97.44236681684396,28.060150144379083],[-97.44236978934612,28.060315419171626],[-97.44235475202636,28.060480168683696],[-97.44232184733329,28.06064283110279],[-97.4422713871015,28.06080186439503],[-97.44220384959898,28.06095576092395],[-97.44211987499668,28.061103061743314],[-97.44202025930261,28.06124237042891],[-97.44190594681812,28.061372366317382],[-97.44177802118773,28.061491817027346],[-97.44163769512717,28.06159959014352],[-97.44148629892722,28.061694663953237],[-97.44132526784212,28.06177613713354],[-97.44115612848209,28.061843237296895],[-97.44098048433932,28.061895328314552],[-97.43849044009288,28.062515337551112],[-97.43831224844666,28.06255155879901],[-97.4381309856606,28.062572329629816],[-97.43794832723695,28.06257745805077],[-97.4377659615809,28.062566896657906],[-97.43758557439088,28.06254074307425],[-97.43740883307419,28.062499239047323],[-97.43723737133155,28.062442768214325],[-97.43707277405369,28.062371852555536],[-97.43472274493426,28.061231837062593],[-97.4345652353,28.061146342291522],[-97.43441773760057,28.06104762423534],[-97.43428163871062,28.06093661112387],[-97.43415821830787,28.060814346792277],[-97.43404863684069,28.060681980865223],[-97.43395392461724,28.06054075794611],[-97.4338749721194,28.06039200591345],[-97.43381252163162,28.06023712343433],[-97.43376716026417,28.06007756681237],[-97.43373931443585,28.059914836294116],[-97.43372924586794,28.059750461962192],[-97.43373704912712,28.0595859893484],[-97.43376265074015,28.05942296490172],[-97.43380580988861,28.059262921447942],[-97.43386612067688,28.059107363777677],[-97.43394301595205,28.058957754498124],[-97.43403577263962,28.058815500281856],[-97.43414351854472,28.058681938641516],[-97.43426524055486,28.058558325355115],[-97.43439979416694,28.058445822659802],[-97.43454591424884,28.058345488325294],[-97.43470222693468,28.058258265709572],[-97.4348672625415,28.058184974890192],[-97.43503946938623,28.058126304954854],[-97.43521722837312,28.058082807523142],[-97.43673952317731,28.05778031186386]]]},"properties":{"fire_id":"F5835","date":"2026-10-10","area_ha":42.0,"cumulative_ha":108.5,"frp_sum":21.1,"n_detections":5,"first_seen":"2026-10-03","last_seen":"2026-10-10","centroid":[-97.43822,28.05953],"history":[{"date":"2026-10-03","area_ha":62.3},{"date":"2026-10-06","area_ha":64.1},{"date":"2026-10-08","area_ha":75.7},{"date":"2026-10-09","area_ha":69.4},{"date":"2026-10-10","area_ha":42.0}],"track":[[-97.44218250204831,28.05806873554978],[-97.439955296366,28.058556835684403],[-97.44166216046814,28.057721414002316],[-97.44284792577487,28.057785603350705],[-97.43822323217145,28.05952833453099]],"growth_24h_ha":-27.38,"speed_km_day":0.5,"bearing_deg":67.99,"direction":"ENE"}},{"type":"Feature","geometry":{"type":"Polygon","coordinates":[[[-99.55526030335045,28.406611583751324],[-99.55793516346681,28.406252844834626],[-99.5581193702657,28.40623620925775],[-99.55830452406528,28.406235514185],[-99.55848888243051,28.406250766157587],[-99.5586707104106,28.406281821641223],[-99.55884829686333,28.406328388376558],[-99.55901997055554,28.406390028129376],[-99.55918411588826,28.406466160814098],[-99.55933918809885,28.406556069952263],[-99.55948372779692,28.40665890941439],[-99.55961637469764,28.40677371138189],[-99.55973588042278,28.406899395454264],[-99.5598411202496,28.407034778815614],[-99.5599311036966,28.40717858736522],[-99.56000498384661,28.407329467707225],[-99.56006206531947,28.40748599988662],[-99.5601018108191,28.407646710752015],[-99.56012384619346,28.407810087818994],[-99.56012796395923,28.40797459350406],[-99.56011412525844,28.40813867959507],[-99.56008246022795,28.40830080182167],[-99.56003326677877,28.40845943438931],[-99.55996700779583,28.408613084339283],[-99.55988430678515,28.40876030560024],[-99.55978594200863,28.408899712598423],[-99.55967283916203,28.409029993298848],[-99.5578128483096,28.410970013027406],[-99.55766714792782,28.4111059567387],[-99.5575054330386,28.41122675866038],[-99.55597542229239,28.41224677145522],[-99.55582416377365,28.412337890710653],[-99.5556637923095,28.412415738460634],[-99.55549577791473,28.41247960112546],[-99.55532166067412,28.41252889331647],[-99.55514303662358,28.41256316320259],[-99.55496154311781,28.412582096652624],[-99.55477884381915,28.412585520114988],[-99.5545966134448,28.41257340220883],[-99.55441652241282,28.412545854011796],[-99.55424022152742,28.4125031280415],[-99.55406932684431,28.41244561594079],[-99.55390540485483,28.412373844887057],[-99.55374995812467,28.41228847275952],[-99.55360441151932,28.412190282107932],[-99.55184440343227,28.41088026635965],[-99.55169294114536,28.41075447489422],[-99.55155772514351,28.410614827654697],[-99.55144035059185,28.41046297215513],[-99.54873039847922,28.406512939914013],[-99.54864143130752,28.406367780322153],[-99.54856878597545,28.406215613977906],[-99.54851315232911,28.406057886046195],[-99.54847505863964,28.405896094505472],[-99.54845486658942,28.40573177592035],[-99.54845276784083,28.405566490848305],[-99.54846878221994,28.405401809018482],[-99.54850275753229,28.405239294423872],[-99.54855437101212,28.40508049046809],[-99.5486231323916,28.404926905308095],[-99.54870838856023,28.404779997531755],[-99.5488093297705,28.40464116230651],[-99.54892499733045,28.404511718130408],[-99.54905429271003,28.404392894311535],[-99.54919598797497,28.404285819294454],[-99.54934873744864,28.40419150994469],[-99.54951109049152,28.40411086189284],[-99.54968150527651,28.40404464102993],[-99.54985836342986,28.40399347623495],[-99.55003998539823,28.403957853403256],[-99.5502246463963,28.403938110832893],[-99.55041059278365,28.403934436012197],[-99.55059605871529,28.403946863839664],[-99.55077928290805,28.40397527629256],[-99.55095852536375,28.404019403547522],[-99.55113208389028,28.4040788265426],[-99.5512983102641,28.40415298095655],[-99.55145562588054,28.40424116256721],[-99.55526030335045,28.406611583751324]]]},"properties":{"fire_id":"F6431","date":"2026-10-10","area_ha":63.0,"cumulative_ha":99.7,"frp_sum":11.7,"n_detections":6,"first_seen":"2026-10-07","last_seen":"2026-10-10","centroid":[-99.55414,28.40824],"history":[{"date":"2026-10-07","area_ha":83.9},{"date":"2026-10-08","area_ha":40.0},{"date":"2026-10-09","area_ha":30.3},{"date":"2026-10-10","area_ha":63.0}],"track":[[-99.5559857112105,28.40858725100538],[-99.55423511798242,28.408746241238973],[-99.5537419144623,28.40798001936016],[-99.55413677899699,28.408243097684238]],"growth_24h_ha":32.68,"speed_km_day":0.05,"bearing_deg":309.0,"direction":"NW"}},{"type":"Feature","geometry":{"type":"Polygon","coordinates":[[[-98.19040564394375,28.45050849944298],[-98.19059041952654,28.450478591967904],[-98.190777609379,28.45046494995897],[-98.19096540275507,28.450467705381264],[-98.1911519830717,28.450486831580385],[-98.19133554547803,28.45052214354025],[-98.19151431431118,28.450573299672588],[-98.19168656027007,28.450639805120815],[-98.191850617141,28.45072101654637],[-98.19200489791358,28.450816148351212],[-98.192147910131,28.4509242802764],[-98.19227827032654,28.451044366303204],[-98.1923947174063,28.451175244770667],[-98.19249612484913,28.451315649612052],[-98.1925815116053,28.451464222601043],[-98.19265005158896,28.451619526489896],[-98.192701081672,28.451780058911922],[-98.19273410810216,28.451944266914293],[-98.19274881128318,28.452110561980327],[-98.1927450488704,28.452277335396094],[-98.19272285715205,28.45244297381283],[-98.1926824507023,28.452605874854147],[-98.19262422030968,28.452764462617793],[-98.19254872920035,28.452917202921178],[-98.19245670759302,28.453062618143935],[-98.19234904563771,28.453199301523146],[-98.19222678480669,28.45332593076363],[-98.1920911078209,28.453441280830877],[-98.191943327209,28.45354423580348],[-98.19178487261,28.45363379966982],[-98.19161727694211,28.453709105964826],[-98.18648720147502,28.45573913509184],[-98.18631535486806,28.455798476925313],[-98.18613786493475,28.455842824593063],[-98.18595638629108,28.455871764675766],[-98.18577261074365,28.455885027386916],[-98.18558825151555,28.45588248908824],[-98.1854050272721,28.455864173442382],[-98.18522464609593,28.455830251192317],[-98.18504878956094,28.455781038569462],[-98.18487909705333,28.455716994345156],[-98.18471715048645,28.455638715553448],[-98.18456445955191,28.455546931924676],[-98.18442244764432,28.455442499081865],[-98.18429243859133,28.45532639056358],[-98.18417564431239,28.45519968874755],[-98.18407315352151,28.455063574759418],[-98.18398592157924,28.45491931746142],[-98.1839147615884,28.45476826162291],[-98.18386033681668,28.4546118153836],[-98.1838231545164,28.45445143712626],[-98.18380356119923,28.454288621881087],[-98.18380173940955,28.454124887388883],[-98.18381770602657,28.453961759952584],[-98.18385131211092,28.45380076020947],[-98.18390224429659,28.453643388956113],[-98.18397002771592,28.45349111315884],[-98.18452004542671,28.452411120149623],[-98.18460907339767,28.452257631868545],[-98.18471521144123,28.452112977724546],[-98.18483735946911,28.451978656908633],[-98.18497425148516,28.451856061512096],[-98.1851244687075,28.451746462100356],[-98.18528645427318,28.45165099454617],[-98.1854585293729,28.451570648258905],[-98.18563891064863,28.45150625593173],[-98.18582572867392,28.451458484912727],[-98.19040564394375,28.45050849944298]]]},"properties":{"fire_id":"F7080","date":"2026-10-10","area_ha":34.9,"cumulative_ha":34.9,"frp_sum":5.3,"n_detections":3,"first_seen":"2026-10-10","last_seen":"2026-10-10","centroid":[-98.18811,28.45304],"history":[{"date":"2026-10-10","area_ha":34.9}],"track":[[-98.1881121347502,28.453042549416416]],"growth_24h_ha":null,"speed_km_day":null,"bearing_deg":null,"direction":null}},{"type":"Feature","geometry":{"type":"Polygon","coordinates":[[[-106.09109479683106,28.683335472432674],[-106.09321044484659,28.683365270278895],[-106.0934006896186,28.68337635014654],[-106.0935887467369,28.683404120413616],[-106.09377275202344,28.683448305795192],[-106.09395088145817,28.683508468283847],[-106.09412136925746,28.68358401149115],[-106.09428252537553,28.68367418655867],[-106.094432752256,28.683778099580554],[-106.09457056066702,28.683894720463815],[-106.09469458446372,28.684022893138454],[-106.094803594131,28.68416134701646],[-106.09489650897294,28.68430870958622],[-106.09497240782777,28.684463520017164],[-106.09503053820201,28.684624243640393],[-106.0950703237334,28.684789287161166],[-106.09509136990815,28.684957014453083],[-106.09509346797617,28.685125762776956],[-106.09507659702473,28.685293859263847],[-106.09504092419039,28.685459637498948],[-106.09498680300648,28.68562145404157],[-106.0949147699026,28.68577770471794],[-106.0948255388905,28.685926840524722],[-106.09471999448904,28.68606738298616],[-106.09459918295819,28.68619793881195],[-106.09446430192864,28.686317213711042],[-106.09431668853023,28.686424025223964],[-106.09415780613637,28.686517314446547],[-106.09398922985613,28.68659615652882],[-106.09381263091785,28.686659769844926],[-106.09362976009902,28.68670752374291],[-106.0934424303669,28.686738944797725],[-106.0921426189623,28.686898105835063],[-106.08910942005663,28.687777185580142],[-106.08808720867783,28.689145057684524],[-106.08797706053886,28.68927792645967],[-106.08785285360948,28.68940069929632],[-106.08771576209575,28.689512215497643],[-106.08756708203164,28.68961142078366],[-106.0874082190263,28.689697377259783],[-106.08724067497465,28.689769272284533],[-106.08706603385718,28.689826426153388],[-106.0868859467629,28.689868298525575],[-106.08670211627738,28.689894493533224],[-106.08651628038348,28.689904763524414],[-106.08633019602718,28.689899011404925],[-106.08614562250389,28.689877291556265],[-106.08596430482264,28.689839809321498],[-106.08578795720535,28.689786919063554],[-106.08561824687747,28.689719120814686],[-106.08545677830328,28.68963705554831],[-106.08530507801518,28.68954149911848],[-106.0851645801802,28.689433354923995],[-106.0850366130405,28.689313645366507],[-106.08492238635593,28.689183502183667],[-106.08482297996758,28.689044155748704],[-106.08473933359026,28.688896923437344],[-106.08467223793038,28.68874319717249],[-106.08462232721317,28.68858443026434],[-106.08459007318996,28.688422123670065],[-106.08457578068172,28.688257811803663],[-106.08457958470115,28.68809304802947],[-106.08460144918023,28.687929389976844],[-106.08464116731524,28.687768384814877],[-106.08614126757632,28.68284840513512],[-106.08619827538966,28.682691999852015],[-106.08627212759329,28.6825412166615],[-106.08636212980014,28.6823974731124],[-106.08646743580631,28.682262120566573],[-106.08658705554878,28.68213643149543],[-106.08671986441475,28.682021587518193],[-106.08686461381525,28.681918668294294],[-106.08701994292366,28.681828641374466],[-106.08718439146837,28.681752353105708],[-106.08735641346001,28.681690520675676],[-106.08753439172358,28.681643725371302],[-106.08771665309939,28.6816124071147],[-106.08790148416986,28.681596860328188],[-106.08808714736438,28.68159723116665],[-106.0882718972911,28.68161351614388],[-106.08845399714204,28.681645562165215],[-106.08863173501787,28.681693067966677],[-106.08880344001834,28.681755586946707],[-106.08896749794796,28.68183253136411],[-106.08912236648891,28.681923177862654],[-106.08926658969874,28.682026674270542],[-106.08939881169677,28.682142047610817],[-106.0895177894105,28.68226821324723],[-106.08962240426217,28.68240398508017],[-106.08971167268572,28.68254808669619],[-106.08978475537506,28.682699163366884],[-106.08984096517692,28.682855794784135],[-106.08997542691053,28.683304871906596],[-106.09109479683106,28.683335472432674]]]},"properties":{"fire_id":"F6667","date":"2026-10-10","area_ha":54.3,"cumulative_ha":70.0,"frp_sum":8.1,"n_detections":7,"first_seen":"2026-10-08","last_seen":"2026-10-10","centroid":[-106.0891,28.68559],"history":[{"date":"2026-10-08","area_ha":31.4},{"date":"2026-10-09","area_ha":41.7},{"date":"2026-10-10","area_ha":54.3}],"track":[[-106.08790974935782,28.685563564382065],[-106.08801468708421,28.685195568906686],[-106.08909658683011,28.685594655672727]],"growth_24h_ha":12.55,"speed_km_day":0.11,"bearing_deg":298.71,"direction":"WNW"}},{"type":"Feature","geometry":{"type":"Polygon","coordinates":[[[-95.75193203491045,29.066130130055555],[-95.75212041337768,29.066159604300424],[-95.75230453401298,29.06620540564008],[-95.75248257540692,29.066267080982445],[-95.75265277627821,29.06634402020017],[-95.75281345289493,29.066435462165433],[-95.75296301572891,29.066540502278635],[-95.75309998517925,29.0666581014161],[-95.75322300620888,29.066787096208635],[-95.75333086174994,29.06692621054908],[-95.75342248474496,29.067074068215415],[-95.75349696870495,29.06722920648419],[-95.75355357667974,29.067390090599954],[-95.75359174855177,29.067555128957434],[-95.75361110658109,29.06772268884645],[-95.75361145914647,29.06789111260372],[-95.75359280264553,29.06805873401174],[-95.75355532153498,29.06822389478279],[-95.75349938651007,29.068384960964607],[-95.75342555084161,29.068540339105724],[-95.75333454490614,29.068688492020456],[-95.75322726896346,29.068827953997236],[-95.75310478425284,29.06895734530045],[-95.75296830249594,29.069075385821453],[-95.7528191739099,29.069180907744364],[-95.75265887384963,29.06927286710087],[-95.75248898821117,29.069350354099612],[-95.75231119774053,29.06941260212839],[-95.75212726140346,29.069458995339435],[-95.75193899898073,29.069489074743142],[-95.7517482730612,29.069502542749635],[-95.74949822757831,29.069562543714714],[-95.7493324020428,29.06956066873476],[-95.74916737620715,29.069546228736698],[-95.74900437659124,29.06951933104153],[-95.74884461465273,29.06948017555826],[-95.74706458402053,29.068970167754454],[-95.74688769413754,29.068910863235697],[-95.74671828213229,29.068836543029786],[-95.74655798831806,29.068747926735696],[-95.74640836470724,29.06864587237108],[-95.74627085998284,29.068531368063557],[-95.74614680547141,29.068405522482188],[-95.74603740225272,29.068269554101942],[-95.74594370953169,29.068124779404865],[-95.74586663438444,29.06797260013251],[-95.74580692297832,29.067814489713005],[-95.74576515335022,29.067651978994174],[-95.74574172981356,29.067486641421077],[-95.74573687904757,29.067320077801117],[-95.7457506479067,29.067153900804783],[-95.74578290297126,29.066989719351703],[-95.74583333184344,29.06682912303316],[-95.74590144617602,29.06667366672242],[-95.74598658640409,29.066524855520992],[-95.74608792813423,29.066384130187355],[-95.74620449012885,29.06625285318876],[-95.74633514380827,29.066132295511107],[-95.74647862417872,29.066023624354802],[-95.74663354208019,29.065927891835344],[-95.74679839763563,29.065846024798216],[-95.74697159477131,29.065778815846723],[-95.74715145666778,29.06572691566913],[-95.74733624199197,29.065690826739825],[-95.74752416175325,29.065670898455352],[-95.74771339662065,29.065667323752116],[-95.7479021145334,29.065680137238694],[-95.75193203491045,29.066130130055555]]]},"properties":{"fire_id":"F6418","date":"2026-10-10","area_ha":26.7,"cumulative_ha":186.6,"frp_sum":6.2,"n_detections":3,"first_seen":"2026-10-07","last_seen":"2026-10-10","centroid":[-95.74966,29.06764],"history":[{"date":"2026-10-07","area_ha":46.1},{"date":"2026-10-08","area_ha":129.7},{"date":"2026-10-09","area_ha":112.4},{"date":"2026-10-10","area_ha":26.7}],"track":[[-95.7514941686208,29.068461520851052],[-95.7551822841001,29.076153136824118],[-95.75260040274824,29.07480852878421],[-95.74966486774392,29.0676375812578]],"growth_24h_ha":-85.75,"speed_km_day":0.84,"bearing_deg":160.03,"direction":"SSE"}},{"type":"Feature","geometry":{"type":"Polygon","coordinates":[[[-97.10794102377156,29.339649863840954],[-97.10796392334628,29.339514389084652],[-97.10817394462255,29.338544392026684],[-97.10821750133583,29.338385516569712],[-97.10827833041517,29.33823106525227],[-97.10835586460854,29.338082478152547],[-97.10844938091972,29.3379411406656],[-97.10855800735223,29.337808370587226],[-97.10868073104163,29.337685405827877],[-97.10881640770071,29.337573392871843],[-97.10896377228941,29.337473376088717],[-97.10912145080967,29.337386287997155],[-97.1092879731157,29.337312940571366],[-97.10946178661978,29.337254017671615],[-97.10964127076629,29.337210068668945],[-97.10982475213883,29.337181503323777],[-97.11001052005975,29.337168587966083],[-97.11019684253675,29.337171443012565],[-97.11038198240816,29.33719004184413],[-97.11056421353624,29.33722421105401],[-97.11074183689779,29.33727363206431],[-97.11091319642229,29.337337844095867],[-97.1146231446389,29.338917820983806],[-97.11478832813688,29.338997120445338],[-97.11494391107718,29.339090158467375],[-97.11508841207666,29.339196049200087],[-97.1152204552513,29.339313784415317],[-97.11533878331637,29.339442243105214],[-97.11544226955799,29.339580202154725],[-97.11552992856225,29.339726347986502],[-97.11560092559988,29.339879289066975],[-97.11565458457652,29.34003756915514],[-97.11569039447335,29.34019968116739],[-97.11570801421637,29.340364081526907],[-97.1157072759278,29.34052920486068],[-97.11568818652869,29.34069347890418],[-97.11565092767708,29.340855339472352],[-97.11559585404244,29.3410132453535],[-97.11552348993233,29.341165692984873],[-97.11543452430351,29.341311230770227],[-97.1153298042048,29.34144847290241],[-97.11521032671398,29.341576112559988],[-97.11507722944535,29.341692934351794],[-97.11493177971856,29.341797825890982],[-97.1105917481122,29.344627862824986],[-97.11043710871847,29.34471887372457],[-97.11027318367466,29.34479639239481],[-97.11010149952352,29.344859696943914],[-97.1099236550771,29.34490819784775],[-97.1097413065257,29.344941443440565],[-97.10955615201219,29.344959124121594],[-97.10936991581497,29.344961075238814],[-97.10918433228768,29.344947278622328],[-97.10900112970475,29.344917862753743],[-97.10882201416369,29.344873101569355],[-97.10864865369416,29.344813411908902],[-97.10848266272174,29.344739349633052],[-97.1083255870314,29.344651604446334],[-97.10817888937075,29.344550993473426],[-97.10804393582707,29.344438453648696],[-97.10792198310534,29.344315032990135],[-97.1078141668254,29.344181880838736],[-97.1077214909476,29.344040237154346],[-97.10764481842499,29.343891420967708],[-97.10758486316955,29.343736818096446],[-97.10754218340665,29.34357786823909],[-97.10751717647997,29.34341605156765],[-97.10751007515488,29.343252874943563],[-97.10752094545464,29.3430898578852],[-97.10794102377156,29.339649863840954]]]},"properties":{"fire_id":"F6419","date":"2026-10-10","area_ha":47.1,"cumulative_ha":70.5,"frp_sum":3.5,"n_detections":4,"first_seen":"2026-10-07","last_seen":"2026-10-10","centroid":[-97.11105,29.34095],"history":[{"date":"2026-10-07","area_ha":42.3},{"date":"2026-10-09","area_ha":31.6},{"date":"2026-10-10","area_ha":47.1}],"track":[[-97.11364405446776,29.34198746870182],[-97.10978677850484,29.34022101727995],[-97.11104946847708,29.34094906061666]],"growth_24h_ha":15.58,"speed_km_day":0.15,"bearing_deg":304.0,"direction":"NW"}},{"type":"Feature","geometry":{"type":"Polygon","coordinates":[[[-94.93790041639934,29.374033036158973],[-94.93807445241704,29.374084578862355],[-94.93824211135149,29.37415038370443],[-94.9384018754449,29.37422985497703],[-94.93855229839649,29.374322273253078],[-94.93869201845389,29.374426801898462],[-94.93881977074008,29.374542494645],[-94.93893439870375,29.374668304155698],[-94.93903486458963,29.374803091505164],[-94.93912025883435,29.37494563648902],[-94.9400502876348,29.376695624456694],[-94.94012114395517,29.376847868608387],[-94.94017480473592,29.377005420658254],[-94.94021076320303,29.37716679296472],[-94.94022867972427,29.37733046180748],[-94.94022838501998,29.37749488177446],[-94.94020988176533,29.37765850035396],[-94.94017334456917,29.377819772593945],[-94.94011911832933,29.37797717569032],[-94.94004771497958,29.378129223366358],[-94.93995980865935,29.378274479907457],[-94.93985622935091,29.378411573718594],[-94.93973795504483,29.37853921027663],[-94.93960610250699,29.378656184355002],[-94.93946191673443,29.378761391405245],[-94.93930675919982,29.37885383798794],[-94.93914209499513,29.37893265115457],[-94.93896947899623,29.378997086691516],[-94.9382594673145,29.37922709020518],[-94.93805237195102,29.379282821563987],[-94.93783945561596,29.379317871693903],[-94.93762339878789,29.379331799340843],[-94.9356433585768,29.379361799829383],[-94.93547010162952,29.379357605175347],[-94.93529797200947,29.37933981206055],[-94.93512835676766,29.379308563863457],[-94.9214881062218,29.376228515288222],[-94.92131006875238,29.376180158201404],[-94.92113818179268,29.376116981562497],[-94.92097404729873,29.3760395741658],[-94.9208191949624,29.37594865743216],[-94.92067506795358,29.37584507868462],[-94.9205430094691,29.37572980325049],[-94.92042425021431,29.37560390546386],[-94.91836041468947,29.37318724380327],[-94.90863329899872,29.368966372559477],[-94.9084600980604,29.36888121396798],[-94.90829779529538,29.368780911191458],[-94.90814810810684,29.36866652559719],[-94.90801262038443,29.36853926756815],[-94.90789276574401,29.368400483693414],[-94.90778981235864,29.368251642518086],[-94.90770484954128,29.36809431900228],[-94.90763877622092,29.367930177854475],[-94.90737879183548,29.367160174297116],[-94.90733346579962,29.36699633207355],[-94.90730696657768,29.36682934975853],[-94.90729955711183,29.366660884970656],[-94.90731131083922,29.366492610036808],[-94.90734211096742,29.36632619539115],[-94.9073916516385,29.36616329299309],[-94.90745944096942,29.366005519929203],[-94.90754480593898,29.3658544423613],[-94.90764689907219,29.365711559980543],[-94.90776470685583,29.365578291121526],[-94.90789705980143,29.36545595868407],[-94.90804264405573,29.365345777002673],[-94.90820001444334,29.365248839793498],[-94.90836760881216,29.365166109298876],[-94.90854376353897,29.365098406736756],[-94.90872673004168,29.365046404150057],[-94.90891469213406,29.365010617736466],[-94.90910578405104,29.36499140272529],[-94.90929810896569,29.364988949851742],[-94.90948975781426,29.36500328346394],[-94.90967882824259,29.365034261281217],[-94.90986344348596,29.365081575806318],[-94.91004177099514,29.365144757377195],[-94.92231521252418,29.370129307572086],[-94.93790041639934,29.374033036158973]]]},"properties":{"fire_id":"F6125","date":"2026-10-10","area_ha":186.9,"cumulative_ha":409.9,"frp_sum":22.5,"n_detections":10,"first_seen":"2026-10-06","last_seen":"2026-10-10","centroid":[-94.92452,29.37305],"history":[{"date":"2026-10-06","area_ha":195.5},{"date":"2026-10-07","area_ha":209.9},{"date":"2026-10-08","area_ha":244.0},{"date":"2026-10-09","area_ha":298.1},{"date":"2026-10-10","area_ha":186.9}],"track":[[-94.92429773001832,29.374485902088427],[-94.92560091792457,29.37299276135195],[-94.92668677704744,29.374576139548147],[-94.91756197260533,29.372022635378332],[-94.92452230670357,29.373054043641595]],"growth_24h_ha":-111.14,"speed_km_day":0.69,"bearing_deg":278.95,"direction":"W"}},{"type":"Feature","geometry":{"type":"Polygon","coordinates":[[[-98.03541118845172,29.576771052129256],[-98.03547157302773,29.576927163776237],[-98.03551428489426,29.57708766946872],[-98.03553891846475,29.577251045448975],[-98.03554523977311,29.577415740702993],[-98.0355331886988,29.57758019168474],[-98.03550287954168,29.577742837159754],[-98.03545459994108,29.57790213302701],[-98.03538880814891,29.578056566978518],[-98.03530612868282,29.578204672857133],[-98.03520734640041,29.578345044576697],[-98.03509339905067,29.57847634947199],[-98.03496536837316,29.578597340951724],[-98.03300536729688,29.580277360637712],[-98.03286306881901,29.580387868042546],[-98.03270903398851,29.580485625632434],[-98.03254475304509,29.580569687617178],[-98.0323718153743,29.58063924070733],[-98.03219189412904,29.580693611983797],[-98.03200673003974,29.580732275408998],[-98.03181811457043,29.580754856917054],[-98.03162787258337,29.580761138033235],[-98.03143784468035,29.580751057988138],[-98.03124986939146,29.580724714305603],[-98.0310657653841,29.580682361859058],[-98.0308873138641,29.580624410405353],[-98.03071624133989,29.58055142061976],[-98.03055420291605,29.58046409867071],[-98.03040276627844,29.580363289386906],[-98.03026339652574,29.580249968082562],[-98.03013744199423,29.58012523112041],[-98.03002612121308,29.579990285303346],[-98.02993051111622,29.57984643619781],[-98.02985153662495,29.579695075501668],[-98.029789961702,29.57953766757893],[-98.02974638196342,29.579375735291695],[-98.0297212189197,29.579210845266296],[-98.02971471590179,29.579044592736356],[-98.02972693571117,29.578878586109408],[-98.03033704267828,29.574198594802645],[-98.03036781547341,29.574034635543814],[-98.03041684955379,29.573874105999337],[-98.0304836715935,29.573718555424175],[-98.03056763660739,29.57356948501484],[-98.03066793417898,29.573428333422317],[-98.03078359628451,29.573296462868875],[-98.03091350663713,29.57317514600244],[-98.03105641146152,29.573065553615866],[-98.0312109315942,29.572968743348973],[-98.03137557579348,29.572885649482753],[-98.03154875512992,29.57281707392414],[-98.03172879831915,29.572763678467958],[-98.0319139678485,29.57272597841111],[-98.03210247674248,29.57270433758042],[-98.03229250580496,29.572698964821885],[-98.03248222117223,29.57270991198565],[-98.03266979200731,29.57273707342551],[-98.03285340816515,29.572780187018395],[-98.03303129765831,29.572838836693705],[-98.03320174375477,29.572912456447927],[-98.03336310154288,29.573000335806274],[-98.03351381380386,29.573101626678152],[-98.0336524260387,29.573215351540924],[-98.03377760050432,29.573340412872337],[-98.03388812912412,29.573475603741443],[-98.0339829451475,29.573619619455023],[-98.0340611334466,29.573771070147888],[-98.03541118845172,29.576771052129256]]]},"properties":{"fire_id":"F6126","date":"2026-10-10","area_ha":36.9,"cumulative_ha":87.4,"frp_sum":9.9,"n_detections":3,"first_seen":"2026-10-06","last_seen":"2026-10-10","centroid":[-98.03238,29.57682],"history":[{"date":"2026-10-06","area_ha":53.5},{"date":"2026-10-07","area_ha":68.9},{"date":"2026-10-08","area_ha":31.2},{"date":"2026-10-09","area_ha":24.4},{"date":"2026-10-10","area_ha":36.9}],"track":[[-98.03368196773508,29.576728748120217],[-98.0354377778121,29.576034515326945],[-98.03342796954827,29.57595606357083],[-98.03336776086128,29.576645285765803],[-98.03238470609762,29.576821496661925]],"growth_24h_ha":12.53,"speed_km_day":0.1,"bearing_deg":79.63,"direction":"E"}},{"type":"Feature","geometry":{"type":"Polygon","coordinates":[[[-95.02882336452262,29.613770955038333],[-95.02889014031312,29.61392363952801],[-95.02901014664673,29.614243637890883],[-95.02906005958049,29.614402511437135],[-95.02909203544111,29.61456487265634],[-95.02910577066403,29.61472918069793],[-95.02910113478953,29.61489387622808],[-95.0290781717048,29.61505739622808],[-95.02903709923163,29.615218188828063],[-95.0289783070632,29.61537472803502],[-95.02890235306945,29.615525528215713],[-95.02880995800611,29.615669158196624],[-95.02870199867718,29.615804254847486],[-95.02857949961597,29.615929536018893],[-95.02844362336333,29.616043812711837],[-95.0282956594354,29.61614600036313],[-95.02813701208547,29.616235129139763],[-95.02796918697621,29.616310353144254],[-95.02779377688877,29.616370958443966],[-95.02761244660421,29.616416369847617],[-95.02742691710121,29.61644615636516],[-95.02723894921996,29.616460035298736],[-95.02705032694723,29.616457874926052],[-95.0268628404817,29.616439695750827],[-95.02667826924024,29.616405670308012],[-95.0264983649666,29.616356121526234],[-95.02632483510301,29.616291519662337],[-95.02615932658257,29.616212477837795],[-95.02600341019642,29.616119746218782],[-95.02585856568423,29.616014204895738],[-95.02572616768937,29.615896855529638],[-95.02560747271242,29.6157688118444],[-95.02550360718654,29.61563128905583],[-95.02136368689476,29.609521237912993],[-95.0212587232133,29.609342981125195],[-95.02117864553414,29.609155128908625],[-95.0185987942899,29.601795093503686],[-95.01855237643736,29.601635161836832],[-95.01852402066358,29.601472040134563],[-95.01851399675853,29.601307281024702],[-95.01852240002245,29.60114245271284],[-95.01854915036286,29.600979124055684],[-95.01859399306106,29.60081884962866],[-95.01865650120061,29.600663154929624],[-95.01873607973438,29.600513521859583],[-95.0188319711516,29.600371374618696],[-95.01894326269064,29.60023806615168],[-95.0190688950288,29.600114865271443],[-95.01920767236638,29.600002944583842],[-95.01935827380893,29.599903369328096],[-95.01951926593946,29.599817087239078],[-95.01968911646071,29.599744919528042],[-95.0198662087779,29.599687553067632],[-95.02004885738323,29.599645533855135],[-95.02023532389553,29.599619261816617],[-95.0204238336029,29.599608987001115],[-95.02061259235074,29.599614807201043],[-95.02079980361458,29.599636667021603],[-95.02098368559555,29.59967435840791],[-95.02116248817586,29.599727522624946],[-95.02133450957287,29.599795653671332],[-95.02149811253362,29.59987810309476],[-95.02165173991584,29.599974086162774],[-95.02179392950679,29.60008268933087],[-95.02192332793958,29.60020287893627],[-95.02203870357418,29.600333511035085],[-95.02213895822052,29.600473342288964],[-95.02222313759236,29.600621041798128],[-95.02882336452262,29.613770955038333]]]},"properties":{"fire_id":"F7063","date":"2026-10-10","area_ha":80.5,"cumulative_ha":80.5,"frp_sum":5.4,"n_detections":4,"first_seen":"2026-10-10","last_seen":"2026-10-10","centroid":[-95.02362,29.60813],"history":[{"date":"2026-10-10","area_ha":80.5}],"track":[[-95.02361503614327,29.608130208776494]],"growth_24h_ha":null,"speed_km_day":null,"bearing_deg":null,"direction":null}},{"type":"Feature","geometry":{"type":"Polygon","coordinates":[[[-95.00115114919295,29.74663147565346],[-95.00111723704555,29.746789516996994],[-95.00106625504651,29.74694403532762],[-95.00099866422974,29.74709363304461],[-95.00091507586379,29.74723695704763],[-95.00081624592562,29.747372710976027],[-95.0007030682653,29.747499666935255],[-95.00014307096737,29.748069673060858],[-95.00001367178581,29.748189112131616],[-94.9998715839964,29.748297039242342],[-94.99971814932321,29.74839243521894],[-94.99955481665745,29.748474399218285],[-94.99938312837439,29.74854215723607],[-94.99920470576696,29.748595069416844],[-94.99902123373354,29.74863263609708],[-94.99883444486449,29.7486545025244],[-94.99864610307792,29.748660462207972],[-94.99845798695942,29.748650458868802],[-94.99827187296314,29.748624586971296],[-94.99808951863298,29.748583090830987],[-94.99791264600249,29.74852636230712],[-94.99774292533054,29.748454937101698],[-94.99758195932617,29.748369489699986],[-94.99743126801202,29.748270827000333],[-94.99729227436913,29.748159880693535],[-94.99716629089879,29.748037698463584],[-94.99705450722864,29.747905434093273],[-94.99695797887945,29.74776433656761],[-94.99687761729938,29.747615738278697],[-94.99681418125925,29.747461042442808],[-94.99676826969022,29.747301709848983],[-94.99674031603129,29.74713924506413],[-94.99673058414011,29.746975182225057],[-94.99673916580524,29.746811070551395],[-94.99676597988356,29.746648459716493],[-94.99750605354511,29.7433184701792],[-94.99824613336794,29.739988452887314],[-94.99829192411589,29.7398259462994],[-94.99835591823945,29.739668182088305],[-94.9984374886948,29.739516705855173],[-94.9985358362575,29.73937300159163],[-94.99864999735549,29.7392384771424],[-94.99877885351133,29.739114450413833],[-94.99892114230133,29.739002136463835],[-94.99907546972406,29.738902635599462],[-94.99924032385702,29.738816922598662],[-94.99941408966771,29.738745837161876],[-94.99959506483411,29.738690075686776],[-94.99978147641957,29.73865018444681],[-94.99997149823889,29.738626554240476],[-95.00016326874565,29.73861941656313],[-95.00035490926555,29.738628841339647],[-95.00054454239749,29.738654736239393],[-95.0007303104021,29.738696847580677],[-95.00091039339792,29.738754762815596],[-95.00108302718692,29.738827914570937],[-95.00124652053519,29.738915586205863],[-95.00139927173909,29.73901691883161],[-95.00153978431545,29.739130919724627],[-95.0016666816614,29.739256472050894],[-95.00177872054073,29.73939234580595],[-95.00187480326453,29.739537209863904],[-95.00195398844677,29.739689645016913],[-95.00201550022932,29.739848157877987],[-95.00205873588607,29.74001119551058],[-95.00208327173144,29.74017716064186],[-95.00208886727523,29.7403444273106],[-95.00207546758313,29.740511356796425],[-95.00177551752078,29.742691361085235],[-95.00177106025349,29.7427214668097],[-95.00115114919295,29.74663147565346]]]},"properties":{"fire_id":"F3826","date":"2026-10-10","area_ha":41.1,"cumulative_ha":280.4,"frp_sum":8.2,"n_detections":5,"first_seen":"2026-09-19","last_seen":"2026-10-10","centroid":[-94.99949,29.7437],"history":[{"date":"2026-09-19","area_ha":42.2},{"date":"2026-09-20","area_ha":144.4},{"date":"2026-09-21","area_ha":156.8},{"date":"2026-09-22","area_ha":131.7},{"date":"2026-09-25","area_ha":130.2},{"date":"2026-09-26","area_ha":166.6},{"date":"2026-09-27","area_ha":192.3},{"date":"2026-09-28","area_ha":47.7},{"date":"2026-10-01","area_ha":126.8},{"date":"2026-10-02","area_ha":133.3},{"date":"2026-10-03","area_ha":118.5},{"date":"2026-10-06","area_ha":97.8},{"date":"2026-10-07","area_ha":115.3},{"date":"2026-10-08","area_ha":206.1},{"date":"2026-10-09","area_ha":115.2},{"date":"2026-10-10","area_ha":41.1}],"track":[[-94.99827018861731,29.744631398407265],[-95.00456652020462,29.746370977414852],[-95.00717424870936,29.74541076606493],[-95.00647957125157,29.743926463836495],[-95.0051297472208,29.74474833385044],[-95.007368367911,29.74369057140336],[-95.00687253010773,29.745069994482282],[-95.0003657389239,29.742536282215397],[-95.0045689868056,29.743498932370702],[-95.00979159942077,29.745648415864164],[-95.00483124266628,29.74527178608212],[-95.005906244893,29.744522578398577],[-95.00650433990523,29.744072637671586],[-95.0075242893865,29.74445107108765],[-95.00543226461446,29.744070388037066],[-94.9994925565531,29.7437040099098]],"growth_24h_ha":-74.05,"speed_km_day":0.58,"bearing_deg":93.45,"direction":"E"}},{"type":"Feature","geometry":{"type":"Polygon","coordinates":[[[-93.88241947182063,29.755269042692454],[-93.88248138610322,29.755424683683234],[-93.88252562711767,29.755584837797993],[-93.88255177470501,29.755747984415873],[-93.88255958049275,29.755912574495724],[-93.88254897025715,29.75607704528351],[-93.882520044632,29.756239835150385],[-93.88171012022336,29.759679846579992],[-93.88166192075353,29.75984286066115],[-93.88159535801177,29.76000088863678],[-93.88151109191982,29.76015236353525],[-93.88140995795571,29.760295783356995],[-93.88129295887248,29.760429725969086],[-93.88116125475723,29.760552863208062],[-93.88101615152947,29.760663974051056],[-93.88085908799235,29.76076195672447],[-93.88069162156557,29.760845839630594],[-93.88051541284099,29.76091479098299],[-93.88033220911456,29.760968127055587],[-93.88014382705772,29.761005318963527],[-93.87995213470032,29.761025997908305],[-93.87975903290376,29.761029958835355],[-93.87956643650831,29.761017162467663],[-93.87937625534158,29.76098773569544],[-93.87919037527699,29.76094197031744],[-93.87901063952974,29.760880320147255],[-93.87883883037622,29.76080339651247],[-93.87867665147837,29.76071196219194],[-93.878525710988,29.76060692385107],[-93.87838750559918,29.76048932305006],[-93.87826340570653,29.760360325914732],[-93.87815464181683,29.7602212115719],[-93.87811905610819,29.760164238695634],[-93.87452550589948,29.76211496862177],[-93.8743545497849,29.762197648710924],[-93.87417491169414,29.76226491054312],[-93.8739884166811,29.76231607076426],[-93.87379695947607,29.762350609605413],[-93.87360248523287,29.76236817616434],[-93.87340696976321,29.762368591970912],[-93.87321239945942,29.762351852800716],[-93.87302075110935,29.762318128717872],[-93.87283397180919,29.76226776234698],[-93.872653959178,29.762201265391766],[-93.8724825420755,29.762119313435562],[-93.87232146201902,29.762022739076716],[-93.87217235548853,29.76191252346867],[-93.87203673729954,29.761789786350555],[-93.87191598521322,29.761655774670068],[-93.86955601306325,29.758745746906826],[-93.8694614735152,29.75861722303096],[-93.86938062329479,29.758481789787258],[-93.8693141217109,29.758340551701387],[-93.86926251104268,29.758194660635752],[-93.86922621211929,29.758045306394937],[-93.86920552089015,29.757893707021996],[-93.86846572505684,29.749103696393174],[-93.86846107147709,29.748939998946355],[-93.86847460808224,29.748776676871923],[-93.86850620777126,29.748615262383435],[-93.86855557398779,29.74845726979108],[-93.86862224350621,29.748304181295612],[-93.86870559078073,29.748157433083723],[-93.86880483381724,29.74801840185521],[-93.86891904151183,29.74788839190849],[-93.86904714238801,29.747768622905603],[-93.86918793464976,29.747660218431058],[-93.86934009745661,29.747564195452412],[-93.8695022033147,29.7474814547808],[-93.86967273146769,29.747412772621324],[-93.86985008216189,29.747358793292236],[-93.87003259165178,29.747320023181263],[-93.87021854780559,29.747296825995836],[-93.87040620616405,29.747289419351535],[-93.87059380630247,29.747297872730986],[-93.87077958834212,29.747322106832023],[-93.8709618094569,29.74736189431162],[-93.87113876021974,29.747416861918264],[-93.87130878063628,29.747486493992966],[-93.87147027571514,29.74757013730611],[-93.87162173042886,29.74766700718463],[-93.87176172392527,29.74777619487225],[-93.87188894285626,29.747896676053763],[-93.87687480125767,29.75310299753321],[-93.87901489711444,29.752375098555685],[-93.87919418110246,29.75232274036928],[-93.879378461951,29.752285846683684],[-93.87956598843358,29.752264768103526],[-93.87975497848603,29.752259704940684],[-93.87994363613848,29.752270705310856],[-93.88013016857917,29.7522976646765],[-93.88031280318864,29.752340326839985],[-93.88048980438187,29.752398286377982],[-93.88065949009895,29.752470992493727],[-93.88082024778754,29.75255775425051],[-93.88097054972532,29.752657747136947],[-93.88110896753696,29.752770020901433],[-93.88123418576765,29.752893508581522],[-93.88134501438434,29.753027036642337],[-93.8814404000858,29.75316933612799],[-93.88151943631401,29.75331905471979],[-93.88241947182063,29.755269042692454]]]},"properties":{"fire_id":"F1956","date":"2026-10-10","area_ha":145.6,"cumulative_ha":258.8,"frp_sum":11.7,"n_detections":8,"first_seen":"2026-09-04","last_seen":"2026-10-10","centroid":[-93.87475,29.75554],"history":[{"date":"2026-09-04","area_ha":105.6},{"date":"2026-09-07","area_ha":113.8},{"date":"2026-09-09","area_ha":36.8},{"date":"2026-09-11","area_ha":86.0},{"date":"2026-09-12","area_ha":79.8},{"date":"2026-09-13","area_ha":142.4},{"date":"2026-09-14","area_ha":76.2},{"date":"2026-09-16","area_ha":94.1},{"date":"2026-09-17","area_ha":118.9},{"date":"2026-09-18","area_ha":107.4},{"date":"2026-09-19","area_ha":76.3},{"date":"2026-09-20","area_ha":110.8},{"date":"2026-09-21","area_ha":80.2},{"date":"2026-09-23","area_ha":112.8},{"date":"2026-09-25","area_ha":73.2},{"date":"2026-09-28","area_ha":68.1},{"date":"2026-09-29","area_ha":110.3},{"date":"2026-09-30","area_ha":86.3},{"date":"2026-10-02","area_ha":73.6},{"date":"2026-10-03","area_ha":118.3},{"date":"2026-10-06","area_ha":72.0},{"date":"2026-10-07","area_ha":45.2},{"date":"2026-10-08","area_ha":119.1},{"date":"2026-10-09","area_ha":150.3},{"date":"2026-10-10","area_ha":145.6}],"track":[[-93.87748984366375,29.757004906783123],[-93.87534806975725,29.757413073415094],[-93.87972114626815,29.757995821374344],[-93.876151609048,29.75719942028504],[-93.87345082419931,29.757385684971837],[-93.87407357034115,29.75575731451202],[-93.87547073615262,29.757697530367153],[-93.8754422076895,29.758035400648897],[-93.87643584314354,29.75825605492027],[-93.8752612809322,29.757989005816864],[-93.87613518916635,29.75781843747665],[-93.87651887660783,29.758189004484432],[-93.87914900640185,29.757689157996463],[-93.87336474297977,29.754728542166117],[-93.87643834747743,29.75820701500436],[-93.87449473057673,29.75754430395111],[-93.87508373061033,29.758033545039247],[-93.87630948997504,29.757929332875037],[-93.87718938567777,29.756763873580386],[-93.87601073464991,29.757854875115644],[-93.87535032509105,29.75818376386954],[-93.87891756551858,29.758957966040953],[-93.87711807759601,29.757857802678224],[-93.87335183826985,29.755556236260052],[-93.87474807681266,29.75553506113439]],"growth_24h_ha":-4.69,"speed_km_day":0.13,"bearing_deg":267.72,"direction":"W"}},{"type":"Feature","geometry":{"type":"Polygon","coordinates":[[[-95.10471932679668,29.75007947114619],[-95.10480519559539,29.750229006855193],[-95.10487369638261,29.750385205409792],[-95.10492415886429,29.75054653859692],[-95.1049560892191,29.750711427959942],[-95.10496917493373,29.750878260241617],[-95.10496328786475,29.75104540316747],[-95.1049384854968,29.751211221415694],[-95.10489501038462,29.751374092617237],[-95.10483328778422,29.75153242322937],[-95.10475392149615,29.751684664127495],[-95.10465768796158,29.751829325762678],[-95.10454552866848,29.751964992736596],[-95.10441854094245,29.752090337651033],[-95.10427796721183,29.752204134096587],[-95.10412518285248,29.7523052686534],[-95.10396168273083,29.752392751786374],[-95.10378906657691,29.752465727528246],[-95.10360902333069,29.75252348185573],[-95.10342331461477,29.752565449676773],[-95.10323375749536,29.752591220360372],[-95.10304220670028,29.75260054175494],[-95.10285053646807,29.752593322655905],[-95.10266062220613,29.752569633698034],[-95.09456046603006,29.751199611474586],[-95.09437810859448,29.75116069268863],[-95.0942009227172,29.751106587654387],[-95.09403056872434,29.75103780336296],[-95.09386864291238,29.750954984356095],[-95.09371666258829,29.750858906685988],[-95.09357605185012,29.750750470642103],[-95.09344812824203,29.750630692314274],[-95.09333409040829,29.7505006940704],[-95.09323500686212,29.750361694038368],[-95.09315180597483,29.750214994690776],[-95.09308526727861,29.75006197063936],[-95.09303601416477,29.749904055753856],[-95.09300450804542,29.74974272972532],[-95.09299104403364,29.749579504200945],[-95.09299574818186,29.749415908619078],[-95.09301857630486,29.749253475878312],[-95.09305931439764,29.74909372797402],[-95.09311758064469,29.748938161737673],[-95.0931928290012,29.748788234811986],[-95.09328435431276,29.74864535199341],[-95.09339129892541,29.748510852070364],[-95.09351266072406,29.748385995279826],[-95.09364730252376,29.74827195150008],[-95.0937939627258,29.7481697892904],[-95.0939512671389,29.748080465879898],[-95.09411774185462,29.74800481819975],[-95.09429182705624,29.747943555042202],[-95.0944718916321,29.74789725042047],[-95.0946562484564,29.74786633819115],[-95.09484317019412,29.747851107989618],[-95.09503090548277,29.747851702516755],[-95.09521769533859,29.747868116202106],[-95.10309753987619,29.748898099371985],[-95.10328935374423,29.748931865493347],[-95.10347628800477,29.748982307788875],[-95.10365643973797,29.749048912772334],[-95.10382797505542,29.749131002425358],[-95.10398914776596,29.749227741098615],[-95.10413831714949,29.74933814401727],[-95.10427396465809,29.749461087304663],[-95.10439470937416,29.749595319421708],[-95.10449932206868,29.749739473906093],[-95.10471932679668,29.75007947114619]]]},"properties":{"fire_id":"F7081","date":"2026-10-10","area_ha":42.6,"cumulative_ha":42.6,"frp_sum":6.1,"n_detections":3,"first_seen":"2026-10-10","last_seen":"2026-10-10","centroid":[-95.09906,29.75017],"history":[{"date":"2026-10-10","area_ha":42.6}],"track":[[-95.0990632431138,29.750170425533927]],"growth_24h_ha":null,"speed_km_day":null,"bearing_deg":null,"direction":null}},{"type":"Feature","geometry":{"type":"Polygon","coordinates":[[[-95.02268465603078,29.76062477562909],[-95.02273112842377,29.76078432230695],[-95.02275957674205,29.76094705157617],[-95.02276973116747,29.761111420638258],[-95.022761495319,29.761275871140597],[-95.02273494717066,29.761438843951087],[-95.02269033831631,29.761598793939953],[-95.02262809158833,29.76175420462936],[-95.02254879705247,29.761903602571536],[-95.02245320641681,29.762045571319266],[-95.02234222590758,29.762178764855992],[-95.02221690767934,29.76230192035856],[-95.02207843984105,29.762413870171212],[-95.02192813519221,29.762513552877284],[-95.02176741877612,29.762600023363948],[-95.02159781436828,29.762672461783982],[-95.02142093002769,29.762730181329854],[-95.0212384428487,29.76277263474656],[-95.02105208305758,29.76279941952088],[-95.020863617605,29.762810281698286],[-95.02067483340986,29.762805118291137],[-95.02048752041372,29.762783978255275],[-95.02030345460665,29.762747062025813],[-95.02012438118513,29.762694719616448],[-95.01995199800263,29.76262744730036],[-95.01978793946911,29.762545882904327],[-95.01963376105276,29.76245079976046],[-95.01949092453066,29.762343099373094],[-95.01361091676108,29.75745304089585],[-95.01348148647666,29.757334437376024],[-95.01336582344152,29.75720548015],[-95.01326501192233,29.757067378174597],[-95.01317999693947,29.756921426132397],[-95.01311157540948,29.75676899229338],[-95.01306038867679,29.756611505686717],[-95.0130269165042,29.756450442703393],[-95.01301147257884,29.756287313254816],[-95.01301420157515,29.75612364661758],[-95.01372443013611,29.74630365682519],[-95.01374607261276,29.746136851279413],[-95.0137865855416,29.745972738976036],[-95.01384556937417,29.74581293798673],[-95.01392244245702,29.745659023868225],[-95.01401644677024,29.745512514128627],[-95.01412665540445,29.74537485326673],[-95.01425198170209,29.74524739853096],[-95.01439118997305,29.745131406538988],[-95.01454290767892,29.745028020889535],[-95.01470563896537,29.744938260888404],[-95.0148777794098,29.744863011500147],[-95.01505763183835,29.74480301462407],[-95.01524342305663,29.744758861780614],[-95.01543332132952,29.744730988280253],[-95.01562545443745,29.74471966893238],[-95.01581792813147,29.744725015336172],[-95.0160088448054,29.744746974780625],[-95.016196322201,29.74478533076407],[-95.01637851196195,29.744839705128427],[-95.01655361785394,29.744909561786955],[-95.01671991347125,29.744994212008933],[-95.01687575925558,29.745092821209088],[-95.01701961865915,29.745204417174826],[-95.01715007329325,29.74532789965049],[-95.01726583691244,29.74546205118379],[-95.01736576809681,29.745605549127905],[-95.0174488815073,29.74575697868076],[-95.01751435760289,29.745914846833028],[-95.02268465603078,29.76062477562909]]]},"properties":{"fire_id":"F7082","date":"2026-10-10","area_ha":111.0,"cumulative_ha":111.0,"frp_sum":4.6,"n_detections":3,"first_seen":"2026-10-10","last_seen":"2026-10-10","centroid":[-95.01728,29.75423],"history":[{"date":"2026-10-10","area_ha":111.0}],"track":[[-95.01727972934388,29.754225145600934]],"growth_24h_ha":null,"speed_km_day":null,"bearing_deg":null,"direction":null}},{"type":"Feature","geometry":{"type":"Polygon","coordinates":[[[-93.96762473173786,29.835450983061513],[-93.96759914332692,29.83561729585973],[-93.96755473944464,29.835780580243515],[-93.96749195760287,29.835939226970897],[-93.96741141644695,29.836091672498704],[-93.96731390966215,29.83623641439293],[-93.96720039815472,29.836372026136786],[-93.96707200058398,29.836497171191095],[-93.96692998233901,29.83661061616769],[-93.96677574306828,29.83671124298666],[-93.96661080288526,29.836798059896868],[-93.96643678738586,29.83687021125164],[-93.96625541162558,29.83692698594283],[-93.96606846321413,29.83696782441032],[-93.96587778469438,29.83699232415767],[-93.96568525537951,29.83700024371965],[-93.96549277282737,29.83699150504237],[-93.96530223413481,29.836966194252785],[-93.9566820687515,29.83543616939985],[-93.95649567492563,29.83539460609442],[-93.95631492225426,29.835337184407184],[-93.95614158611679,29.835264468340636],[-93.95597736903359,29.83517717211912],[-93.95582388394159,29.835076153172565],[-93.95568263835058,29.83496240371389],[-93.95555501953558,29.834837040992145],[-93.95544228091133,29.83470129631772],[-93.95534552972202,29.834556502967256],[-93.95526571616796,29.8344040830872],[-93.95520362407503,29.834245533724378],[-93.95515986319936,29.834082412121568],[-93.955134863242,29.833916320421665],[-93.9551288696326,29.833748889931243],[-93.95514194112329,29.833581765098117],[-93.95517394921609,29.833416587360002],[-93.95522457942951,29.833254979023007],[-93.9552933343915,29.83309852732853],[-93.9553795387284,29.83294876886467],[-93.95548234570153,29.832807174475395],[-93.95560074552635,29.83267513481585],[-93.95573357529214,29.83255394669506],[-93.95587953038476,29.83244480034087],[-93.95603717730042,29.832348767711277],[-93.95620496772425,29.83226679196787],[-93.95638125373593,29.832199678213684],[-93.95656430399256,29.832148085587306],[-93.95675232073027,29.832112520790055],[-93.95694345741758,29.832093333110365],[-93.95713583688729,29.832090710993835],[-93.95732756976898,29.832104680192725],[-93.96599739735737,29.833114663598447],[-93.9661909086336,29.833145961741273],[-93.96637978585849,29.833194156602534],[-93.96656208790282,29.833258752870922],[-93.96673594119984,29.833339086672545],[-93.96689955899787,29.83343433239267],[-93.96705125972102,29.83354351115978],[-93.96718948425027,29.833665500904516],[-93.96731281194664,29.833799047890206],[-93.96741997525227,29.833942779596786],[-93.96750987271915,29.83409521882533],[-93.96758158033158,29.83425479887886],[-93.96763436100596,29.834419879662878],[-93.96766767217,29.83458876454071],[-93.9676811713435,29.834759717770194],[-93.96767471966311,29.834930982342524],[-93.96762473173786,29.835450983061513]]]},"properties":{"fire_id":"F5838","date":"2026-10-10","area_ha":46.3,"cumulative_ha":95.6,"frp_sum":5.5,"n_detections":3,"first_seen":"2026-10-03","last_seen":"2026-10-10","centroid":[-93.96159,29.83445],"history":[{"date":"2026-10-03","area_ha":41.4},{"date":"2026-10-06","area_ha":27.5},{"date":"2026-10-08","area_ha":43.8},{"date":"2026-10-09","area_ha":44.2},{"date":"2026-10-10","area_ha":46.3}],"track":[[-93.96323342215716,29.834900682608986],[-93.96463823928103,29.835794027449005],[-93.96676400602941,29.836112920715628],[-93.96422798299174,29.8351544152834],[-93.96159179257377,29.83444629985983]],"growth_24h_ha":2.16,"speed_km_day":0.27,"bearing_deg":105.92,"direction":"ESE"}},{"type":"Feature","geometry":{"type":"Polygon","coordinates":[[[-93.93883722144041,29.989930362244447],[-93.93869317346477,29.990040746410568],[-93.93853729389191,29.990138250334077],[-93.93837110291673,29.990221923105114],[-93.93819622131298,29.990290948700366],[-93.93801435462493,29.990344653942422],[-93.93782727653186,29.990382515065782],[-93.93763681154726,29.99040416282581],[-93.93744481722203,29.990409386100154],[-93.93725316602497,29.990398133948222],[-93.93706372707791,29.99037051610796],[-93.93687834792323,29.990326801925505],[-93.93669883650222,29.990267417727964],[-93.93270877609538,29.98874739451433],[-93.93253637818482,29.98867266297669],[-93.93237333748316,29.988583481813343],[-93.93222125375682,29.988480726085424],[-93.93208161924346,29.988365404047283],[-93.9319558040095,29.98823864725213],[-93.93184504250698,29.98810169944778],[-93.93175042146216,29.987955904371955],[-93.93167286921434,29.987802692566117],[-93.93161314660959,29.98764356733811],[-93.93157183953849,29.98748009001082],[-93.93154935319123,29.98731386460189],[-93.93154590808612,29.987146522084913],[-93.9315615379102,29.98697970438616],[-93.93159608919335,29.98681504827449],[-93.93164922281848,29.986654169302],[-93.93172041735318,29.98649864595312],[-93.93180897416966,29.986350004157735],[-93.93191402430281,29.98620970232034],[-93.93203453697899,29.986079117011705],[-93.93216932973138,29.985959529463802],[-93.93231708000324,29.98585211300027],[-93.93247633812452,29.985757921525583],[-93.93264554153485,29.98567787918597],[-93.93282303011343,29.985612771303437],[-93.93300706246524,29.985563236671673],[-93.93319583300404,29.985529761289595],[-93.93338748966463,29.985512673593597],[-93.9335801520707,29.985512141235787],[-93.93377192998025,29.985528169439274],[-93.93880183030373,29.986168158880226],[-93.93898630962617,29.986199603580097],[-93.93916643291038,29.986246372707953],[-93.93934051752183,29.986308029364242],[-93.93950693722667,29.98638399757472],[-93.93966413738133,29.98647356767036],[-93.93981064945375,29.986575902915888],[-93.93994510474096,29.986690047325435],[-93.94006624715476,29.986814934591944],[-93.94017294495606,29.986949398047273],[-93.94026420132835,29.987092181559962],[-93.94033916369143,29.98724195126872],[-93.94039713166846,29.987397308042254],[-93.94043756363158,29.987556800549008],[-93.94046008176511,29.987718938814815],[-93.9404644755988,29.987882208141734],[-93.94045070397787,29.988045083258044],[-93.94041889545154,29.988206042567512],[-93.94036934707604,29.98836358236437],[-93.94030252164333,29.988516230881473],[-93.94021904336097,29.98866256204049],[-93.94011969202387,29.98880120877527],[-93.94000539573179,29.988930875804225],[-93.93987722222063,29.989050351732253],[-93.93883722144041,29.989930362244447]]]},"properties":{"fire_id":"F7083","date":"2026-10-10","area_ha":33.4,"cumulative_ha":33.4,"frp_sum":3.8,"n_detections":3,"first_seen":"2026-10-10","last_seen":"2026-10-10","centroid":[-93.93609,29.98778],"history":[{"date":"2026-10-10","area_ha":33.4}],"track":[[-93.93608517044208,29.987779619907577]],"growth_24h_ha":null,"speed_km_day":null,"bearing_deg":null,"direction":null}},{"type":"Feature","geometry":{"type":"Polygon","coordinates":[[[-93.97319435132597,30.007578136015784],[-93.9865190025716,30.006497732359616],[-93.98670929670867,30.006490424078958],[-93.98689950173508,30.006499311389543],[-93.98708779449956,30.006524309103916],[-93.98727237017692,30.006565177611414],[-93.98745145956464,30.006621525174737],[-93.98762334603818,30.00669281168426],[-93.98778638200298,30.006778353834353],[-93.98793900468522,30.006877331672385],[-93.98807975111015,30.006988796457147],[-93.9882072721248,30.00711167975184],[-93.98832034533002,30.007244803664378],[-93.98841788679879,30.007386892136864],[-93.9884989614676,30.007536583176247],[-93.9885627921019,30.007692441908596],[-93.98860876674908,30.007852974332415],[-93.98863644460803,30.0080166416388],[-93.98864556025808,30.00818187496146],[-93.98863602620756,30.008347090415008],[-93.98860793373662,30.00851070427765],[-93.9885615520265,30.008671148172496],[-93.98849732558338,30.008826884102053],[-93.98841586998107,30.008976419191956],[-93.98831796596367,30.00911832000223],[-93.98820455196424,30.009251226268997],[-93.98807671511118,30.009373863945168],[-93.98793568080843,30.009485057414448],[-93.98778280098962,30.009583740762103],[-93.9876195411582,30.00966896799414],[-93.98744746633822,30.00973992210672],[-93.9872682260705,30.009795922919174],[-93.9870835385976,30.00983643359527],[-93.9712132329269,30.0126064789203],[-93.97102964387683,30.01263066009545],[-93.97084423630878,30.012639533109443],[-93.97065869906487,30.0126330171406],[-93.97047472216863,30.012611171540975],[-93.9702939814281,30.012574195295684],[-93.97011812316852,30.012522425210094],[-93.96994874923378,30.0124563328416],[-93.96978740239346,30.012376520203734],[-93.96963555228842,30.012283714281754],[-93.96949458204294,30.0121787604101],[-93.96936577566571,30.012062614571562],[-93.96925030635408,30.011936334688546],[-93.9691492258085,30.011801070986024],[-93.96906345465412,30.01165805551369],[-93.96771349744134,30.009118037748674],[-93.96764140474204,30.00896254346323],[-93.96758740918013,30.008801610710417],[-93.96755204212074,30.008636823528047],[-93.96753565156351,30.008469803884726],[-93.9675383987216,30.008302195714727],[-93.96756025643938,30.00813564873689],[-93.96760100946433,30.007971802216883],[-93.96766025657013,30.00781226883293],[-93.96773741450987,30.007658618803113],[-93.96783172376072,30.007512364431303],[-93.96794225600259,30.007374945222974],[-93.96806792325778,30.007247713718062],[-93.96820748860122,30.007131922179866],[-93.96835957833588,30.007028710270752],[-93.96852269551341,30.00693909383657],[-93.96869523466715,30.006863954909488],[-93.9688754976123,30.006804033027848],[-93.96906171015796,30.006759917958398],[-93.96925203956654,30.006732043892445],[-93.96944461258906,30.006720685173107],[-93.96963753389855,30.006725953595506],[-93.96982890474088,30.00674779730659],[-93.97001684161896,30.00678600131554],[-93.97319435132597,30.007578136015784]]]},"properties":{"fire_id":"F6910","date":"2026-10-10","area_ha":92.6,"cumulative_ha":139.6,"frp_sum":3.3,"n_detections":4,"first_seen":"2026-10-09","last_seen":"2026-10-10","centroid":[-93.9773,30.00919],"history":[{"date":"2026-10-09","area_ha":98.2},{"date":"2026-10-10","area_ha":92.6}],"track":[[-93.97929239658917,30.006996941873652],[-93.97730331209262,30.009194640629733]],"growth_24h_ha":-5.59,"speed_km_day":0.31,"bearing_deg":36.95,"direction":"NE"}},{"type":"Feature","geometry":{"type":"Polygon","coordinates":[[[-93.88044823139978,30.027891729976226],[-93.88038158888668,30.028049602967748],[-93.8802972015527,30.02820094311101],[-93.8801959051208,30.028344251458417],[-93.88007870280602,30.028478108607015],[-93.87994675538141,30.02860118875821],[-93.87980136968272,30.028712272850413],[-93.87964398566545,30.028810260634515],[-93.87947616214245,30.028894181572817],[-93.87929956134364,30.028963204452975],[-93.87911593245042,30.029016645622033],[-93.87892709426824,30.029053975758686],[-93.87873491720893,30.029074825116833],[-93.87854130476147,30.029078987188413],[-93.87834817463478,30.029066420749032],[-93.87815743975956,30.02903725026641],[-93.87797098933754,30.02899176466735],[-93.87779067012592,30.028930414475575],[-93.87761826814256,30.028853807348714],[-93.87745549097352,30.028762702058867],[-93.87730395085771,30.02865800097607],[-93.87716514871714,30.028540741129543],[-93.87704045929014,30.02841208393512],[-93.87693111751561,30.028273303690494],[-93.87683820630247,30.028125774952642],[-93.876762645806,30.02797095892238],[-93.87670518431689,30.02781038897074],[-93.87666639085312,30.0276456554509],[-93.8766466495281,30.02747838994595],[-93.87664615575056,30.027310249108595],[-93.87666491429374,30.027142898252862],[-93.87729499873197,30.02344290728957],[-93.87733169514775,30.02328190853655],[-93.87738620963131,30.02312476067571],[-93.87745802768472,30.022972946556756],[-93.87754647154438,30.022827898693635],[-93.87765070657923,30.022690985748074],[-93.87776974916892,30.02256349961589],[-93.87790247598694,30.022446643237764],[-93.87804763460139,30.022341519249625],[-93.87820385529307,30.022249119579406],[-93.87836966397978,30.02217031608848],[-93.87854349612437,30.02210585234601],[-93.87872371149575,30.022056336613765],[-93.87890860964353,30.0220222361075],[-93.87909644594039,30.022003872589075],[-93.87928544804087,30.02200141933083],[-93.8794738326015,30.02201489948096],[-93.87965982210459,30.02204418584501],[-93.87984166162704,30.022089002086005],[-93.88001763539638,30.02214892533134],[-93.88018608297737,30.022223390162424],[-93.88034541493727,30.02231169394908],[-93.8804941278414,30.02241300347836],[-93.8806308184382,30.02252636281567],[-93.88075419689945,30.022650702323702],[-93.88086309899109,30.022784848754164],[-93.8809564970598,30.02292753631731],[-93.88103350973138,30.023077418624855],[-93.88109341022971,30.023233081393307],[-93.88142343156126,30.024253076786987],[-93.88146521459853,30.024410913519453],[-93.88148940002841,30.02457149847198],[-93.88149576552365,30.024733356131986],[-93.88148425249084,30.024894999285618],[-93.88145496661248,30.025054942682985],[-93.8814081768799,30.025211716685288],[-93.88044823139978,30.027891729976226]]]},"properties":{"fire_id":"F7084","date":"2026-10-10","area_ha":27.9,"cumulative_ha":27.9,"frp_sum":2.4,"n_detections":3,"first_seen":"2026-10-10","last_seen":"2026-10-10","centroid":[-93.879,30.02553],"history":[{"date":"2026-10-10","area_ha":27.9}],"track":[[-93.87900341469478,30.025531834186758]],"growth_24h_ha":null,"speed_km_day":null,"bearing_deg":null,"direction":null}},{"type":"Feature","geometry":{"type":"Polygon","coordinates":[[[-93.33923862364023,30.04675010775054],[-93.33932886555796,30.046896323322287],[-93.33940215298007,30.047049514951908],[-93.33945777935811,30.047208205945907],[-93.33949520837676,30.04737086659257],[-93.33951407912734,30.04753592890704],[-93.33951420959093,30.047701801745575],[-93.3394955983972,30.047866886143428],[-93.339458424842,30.048029590728408],[-93.3394030471631,30.048188347061533],[-93.3393299990911,30.048341624756866],[-93.33923998470789,30.048487946234857],[-93.33913387166263,30.048625900966822],[-93.33901268281026,30.048754159073393],[-93.33887758635322,30.048871484145437],[-93.33872988458103,30.048976745164268],[-93.33857100131675,30.04906892740584],[-93.33840246819086,30.049147142223926],[-93.3382259098751,30.04921063561774],[-93.33804302841875,30.049258795501693],[-93.33785558683833,30.049291157606575],[-93.33766539211899,30.04930740995609],[-93.33747427779177,30.04930739587468],[-93.33728408625458,30.049291115498043],[-93.33709665100778,30.049258725772],[-93.33691377897547,30.049210538939107],[-93.33673723308328,30.049147019528327],[-93.33656871526073,30.049068779876077],[-93.33640985003197,30.04897657422255],[-93.33626216885362,30.048871291439642],[-93.33612709535015,30.048753946461257],[-93.33600593158984,30.048625670497906],[-93.33233596838103,30.044325627719893],[-93.33223025013375,30.044188168747766],[-93.3321405118499,30.04404240142178],[-93.33206761226047,30.043889720764074],[-93.33201224893374,30.043731587952298],[-93.33197495160258,30.043569516335076],[-93.33195607709852,30.043405056948497],[-93.3319558059408,30.04323978367222],[-93.33197414061286,30.043075278167063],[-93.33201090554303,30.04291311473863],[-93.33206574878876,30.042754845271542],[-93.33213814540873,30.042601984378475],[-93.33222740249,30.04245599490627],[-93.33233266578232,30.04231827393746],[-93.33245292787548,30.042190139421585],[-93.33258703784203,30.042072817563803],[-93.3327337122524,30.041967431091585],[-93.33289154745732,30.041874988511847],[-93.33305903301991,30.041796374460937],[-93.33323456616894,30.041732341240134],[-93.3338045566504,30.041552344066744],[-93.3339876373883,30.04150324101217],[-93.3341753932521,30.04147000231714],[-93.3343660044822,30.041452950139057],[-93.33455762364959,30.04145224975163],[-93.33474839355789,30.04146790794317],[-93.33493646524035,30.04149977295083],[-93.33512001587704,30.0415475359313],[-93.33529726645887,30.041610733953753],[-93.33546649902726,30.04168875448608],[-93.33562607332283,30.04178084133083],[-93.33577444268134,30.041886101953537],[-93.33591016902356,30.042003516132457],[-93.3360319367931,30.04213194584563],[-93.33613856570786,30.042270146299927],[-93.33923862364023,30.04675010775054]]]},"properties":{"fire_id":"F7085","date":"2026-10-10","area_ha":35.8,"cumulative_ha":35.8,"frp_sum":6.0,"n_detections":3,"first_seen":"2026-10-10","last_seen":"2026-10-10","centroid":[-93.33578,30.04531],"history":[{"date":"2026-10-10","area_ha":35.8}],"track":[[-93.3357756306008,30.04530547103874]],"growth_24h_ha":null,"speed_km_day":null,"bearing_deg":null,"direction":null}},{"type":"Feature","geometry":{"type":"Polygon","coordinates":[[[-83.24486918384383,30.052999164656395],[-83.24491045251409,30.053163893916814],[-83.24493259959053,30.05333137243942],[-83.24493540444134,30.05349993266409],[-83.2449188390206,30.053667896251916],[-83.24488306815222,30.05383359079639],[-83.24482844789347,30.053995366475593],[-83.2447555219941,30.054151612480027],[-83.24466501648622,30.05430077305207],[-83.24455783245871,30.05444136297787],[-83.24443503708768,30.0545719823767],[-83.24429785301263,30.05469133064108],[-83.24414764616364,30.054798219388374],[-83.24398591216094,30.05489158429522],[-83.24381426142223,30.054970495696377],[-83.243634403126,30.055034167842923],[-83.24344812819086,30.05508196672732],[-83.24325729144006,30.055113416397326],[-83.24306379312925,30.055128203695805],[-83.24286956002146,30.055126181379524],[-83.24267652619778,30.055107369585567],[-83.24248661379524,30.055071955630662],[-83.24230171386361,30.055020292145784],[-83.2421236675322,30.054952893564447],[-83.24195424767389,30.054870430999348],[-83.24179514124978,30.054773725559144],[-83.24164793250968,30.05466374017119],[-83.2358979244898,30.04991368265638],[-83.23576478572592,30.049792200523846],[-83.23564617667775,30.049659862935325],[-83.23554326547705,30.049517973301263],[-83.23545706562847,30.04936792910577],[-83.23538842602966,30.04921120814158],[-83.23533802261339,30.049049353954235],[-83.23530635169381,30.048883960638985],[-83.23529372508231,30.048716657139842],[-83.23530026702088,30.048549091205988],[-83.23532591296295,30.048382913163046],[-83.23537041021372,30.04821975965959],[-83.23543332042327,30.04806123754826],[-83.23551402390795,30.047908908061114],[-83.23561172575705,30.047764271434122],[-83.23572546366482,30.04762875213292],[-83.2358541174102,30.047503684824918],[-83.23599641989114,30.04739030123584],[-83.23615096960457,30.047289718020405],[-83.23631624444918,30.047202925766015],[-83.2364906167151,30.04713077923842],[-83.23667236911271,30.047073988964488],[-83.23685971168314,30.04703311423574],[-83.23705079942373,30.047008557600957],[-83.23724375045514,30.047000560902298],[-83.2374366645512,30.047009202894007],[-83.23762764184947,30.047034398466796],[-83.23781480155806,30.04707589948598],[-83.24247471907682,30.048325879524715],[-83.24265878432021,30.048384208164816],[-83.24283516053472,30.048458302828287],[-83.24300206041254,30.04854741267912],[-83.24315779265778,30.048650634723323],[-83.24330077912371,30.048766922958002],[-83.24342957080424,30.048895098969997],[-83.24354286251777,30.049033863875927],[-83.24363950613446,30.049181811483408],[-83.24371852221284,30.04933744253955],[-83.24377910992811,30.04949917992281],[-83.24486918384383,30.052999164656395]]]},"properties":{"fire_id":"F7086","date":"2026-10-10","area_ha":49.7,"cumulative_ha":49.7,"frp_sum":4.4,"n_detections":3,"first_seen":"2026-10-10","last_seen":"2026-10-10","centroid":[-83.24052,30.05074],"history":[{"date":"2026-10-10","area_ha":49.7}],"track":[[-83.24052246539732,30.050742342376218]],"growth_24h_ha":null,"speed_km_day":null,"bearing_deg":null,"direction":null}},{"type":"Feature","geometry":{"type":"Polygon","coordinates":[[[-90.67088584682598,30.056743632189512],[-90.66982606168885,30.060693166485784],[-90.66977278570694,30.060854813035238],[-90.66970125811373,30.061011063731584],[-90.66961218724485,30.061160371013848],[-90.66950645520494,30.061301256084406],[-90.66938510913391,30.061432323556442],[-90.6692493508378,30.06155227527569],[-90.66910052488684,30.061659923179146],[-90.6689401052987,30.06175420106351],[-90.66876968093875,30.061834175146583],[-90.66859093978199,30.061899053317166],[-90.66840565219248,30.061948192981706],[-90.6682156533861,30.061981107429617],[-90.66802282525049,30.0619974706549],[-90.66782907770217,30.06199712058546],[-90.66763632976591,30.061980060688594],[-90.66744649056379,30.06194645993669],[-90.66726144040227,30.061896651133388],[-90.66708301214517,30.061831127616756],[-90.66691297305687,30.061750538372234],[-90.6667530072957,30.061655681603867],[-90.66660469923137,30.061547496827334],[-90.66646951775138,30.06142705556328],[-90.66634880171208,30.061295550723226],[-90.66624374667859,30.061154284793147],[-90.66615539308478,30.061004656931782],[-90.6660846159305,30.06084814911164],[-90.66603211611822,30.060686311440058],[-90.66599841351446,30.06052074680543],[-90.66598384180504,30.060353095001243],[-90.66598854519451,30.060185016484567],[-90.66638865475697,30.055505022273515],[-90.66641319570353,30.055335170833498],[-90.66709327066268,30.052005180548655],[-90.66713438442912,30.051847943848628],[-90.66719258160076,30.05169482468701],[-90.66726733201659,30.051547217698534],[-90.66735795475674,30.05140646730616],[-90.66746362434708,30.05127385547665],[-90.66758337827983,30.05115059004519],[-90.66771612578172,30.051037793715178],[-90.66786065774976,30.050936493833728],[-90.668015657764,30.050847613035565],[-90.6681797140771,30.05077196084069],[-90.66835133247149,30.05071022628226],[-90.66852894986708,30.050662971631738],[-90.66871094855561,30.05063062727847],[-90.66889567093206,30.05061348781043],[-90.66908143458923,30.05061170933142],[-90.66926654763799,30.05062530803958],[-90.67030652689472,30.05074530605114],[-90.67049431598696,30.05077517008087],[-90.67067783131556,30.050820855978642],[-90.67085530768277,30.05088192429821],[-90.67102503796812,30.050957787630995],[-90.67118538954658,30.051047716255578],[-90.67133481999088,30.05115084515584],[-90.67147189190676,30.05126618234043],[-90.67159528675884,30.051392618383673],[-90.6717038175538,30.051528937095764],[-90.67179644025927,30.05167382722034],[-90.67187226384816,30.05182589504644],[-90.67193055887205,30.051983677813695],[-90.67197076448092,30.052145657781992],[-90.67199249382169,30.05231027683025],[-90.67199553776342,30.052475951443867],[-90.67197986691312,30.052641087946686],[-90.67194563190291,30.05280409783097],[-90.67088584682598,30.056743632189512]]]},"properties":{"fire_id":"F6398","date":"2026-10-10","area_ha":52.1,"cumulative_ha":98.6,"frp_sum":3.5,"n_detections":5,"first_seen":"2026-10-07","last_seen":"2026-10-10","centroid":[-90.66875,30.05604],"history":[{"date":"2026-10-07","area_ha":60.1},{"date":"2026-10-09","area_ha":70.2},{"date":"2026-10-10","area_ha":52.1}],"track":[[-90.66940349745285,30.058512145084986],[-90.66765570601305,30.05804865497783],[-90.66874649125707,30.056036420773772]],"growth_24h_ha":-18.11,"speed_km_day":0.25,"bearing_deg":201.98,"direction":"SSW"}},{"type":"Feature","geometry":{"type":"Polygon","coordinates":[[[-94.0698754259469,30.06889661321643],[-94.07001145441522,30.069014361569973],[-94.07013344469475,30.06914317017478],[-94.07024020866255,30.069281784564097],[-94.07033070646777,30.069428854767285],[-94.0704040566608,30.069582948456254],[-94.07045954478048,30.0697425648939],[-94.07049663031556,30.06990614954913],[-94.07051495197267,30.070072109236193],[-94.07051433119915,30.070238827630465],[-94.07049477392636,30.070404681010046],[-94.07045647051649,30.0705680540698],[-94.07039979391277,30.07072735565347],[-94.07032529601145,30.070881034251226],[-94.07023370229038,30.071027593110998],[-94.07012590474643,30.071165604817143],[-94.07000295321056,30.071293725193556],[-94.06986604512473,30.071410706396733],[-94.06971651388058,30.071515409070226],[-94.06955581583296,30.071606813442987],[-94.06938551611516,30.07168402926252],[-94.06920727339376,30.07174630446697],[-94.06902282371189,30.071793032510914],[-94.06883396357816,30.071823758273744],[-94.0615038175687,30.072693772693903],[-94.06131446147019,30.072708116027414],[-94.06112439572006,30.072706371535546],[-94.06093543173111,30.072688555843893],[-94.06074937041396,30.072654838742157],[-94.06056798501044,30.072605541565643],[-94.06039300419096,30.072541134132468],[-94.06022609557712,30.072462230265334],[-94.06006884984649,30.072369581940915],[-94.05992276557139,30.07226407212221],[-94.05978923493609,30.072146706342743],[-94.05966953046887,30.07201860312243],[-94.05956479291484,30.071880983306816],[-94.05947602036579,30.071735158430993],[-94.05940405875012,30.07158251821959],[-94.05934959377365,30.07142451734156],[-94.05931314438784,30.07126266154634],[-94.05929505784798,30.071098493313475],[-94.05929550640758,30.070933577152413],[-94.0593144856811,30.070769484692583],[-94.05935181468985,30.070607779706087],[-94.05940713759095,30.070450003205334],[-94.05947992707226,30.07029765875811],[-94.05956948938109,30.070152198159477],[-94.05967497093863,30.070015007597412],[-94.05979536647676,30.06988739444398],[-94.05992952861968,30.069770574797502],[-94.06007617881916,30.069665661894796],[-94.06023391953896,30.06957365550371],[-94.06529386312003,30.066923693454335],[-94.06546231462539,30.066844992930925],[-94.0656388544487,30.06678101778551],[-94.06582177798501,30.066732385739343],[-94.06600931900186,30.06669956636545],[-94.06619966669052,30.066682876555124],[-94.06639098314739,30.06668247745863],[-94.06658142111655,30.066698372929537],[-94.06676914182286,30.066730409487334],[-94.06695233272288,30.06677827779933],[-94.06712922500309,30.0668415156669],[-94.06729811065594,30.06691951248773],[-94.06745735896953,30.067011515150707],[-94.06760543227144,30.0671166353068],[-94.0698754259469,30.06889661321643]]]},"properties":{"fire_id":"F6129","date":"2026-10-10","area_ha":48.6,"cumulative_ha":215.7,"frp_sum":4.4,"n_detections":3,"first_seen":"2026-10-06","last_seen":"2026-10-10","centroid":[-94.06502,30.07002],"history":[{"date":"2026-10-06","area_ha":192.6},{"date":"2026-10-07","area_ha":91.2},{"date":"2026-10-08","area_ha":86.5},{"date":"2026-10-09","area_ha":46.5},{"date":"2026-10-10","area_ha":48.6}],"track":[[-94.07100665669974,30.073494212280423],[-94.06871420537783,30.069040263127704],[-94.0695384171522,30.070449126252964],[-94.06481191613608,30.06994438499533],[-94.06502317006499,30.07002221637211]],"growth_24h_ha":2.16,"speed_km_day":0.02,"bearing_deg":291.84,"direction":"WNW"}},{"type":"Feature","geometry":{"type":"Polygon","coordinates":[[[-94.08441920220868,30.07866579099806],[-94.08450814364225,30.078805864646448],[-94.0845814195041,30.07895260689024],[-94.08463837306321,30.079104702724532],[-94.08467849384829,30.079260789163055],[-94.08470142222522,30.079419467451952],[-94.0847069526233,30.079579315604107],[-94.08469503538092,30.079738901141926],[-94.08466577719416,30.079896793934513],[-94.08461944016433,30.080051579013933],[-94.08455643945254,30.080201869255713],[-94.08447733956234,30.08034631781043],[-94.08438284928376,30.080483630174115],[-94.08427381534372,30.08061257579011],[-94.07789385871126,30.087452647801204],[-94.0777648105671,30.08757772845067],[-94.0776220888467,30.087691081913007],[-94.0774671027294,30.087791588946637],[-94.07730138251047,30.08787825715126],[-94.07712656449024,30.087950230768005],[-94.07694437481598,30.088006799130095],[-94.0767566124357,30.088047403681074],[-94.07656513133264,30.088071643490732],[-94.07637182221585,30.088079279214405],[-94.07617859384769,30.08807023545664],[-94.07598735419312,30.088044601515904],[-94.07579999157664,30.088002630502434],[-94.07561835603346,30.08794473683899],[-94.07544424103911,30.08787149216796],[-94.07527936579797,30.0877836197063],[-94.0751253582657,30.08768198710356],[-94.07498373907353,30.08756759787354],[-94.07485590651305,30.087441581484626],[-94.07474312272971,30.08730518220617],[-94.07464650126161,30.08715974682161],[-94.07456699604637,30.087006711329334],[-94.07450539200474,30.086847586763007],[-94.07446229729366,30.086683944270902],[-94.07402234597068,30.084523937979945],[-94.07399854796101,30.084361462249696],[-94.07399299921401,30.08419775090642],[-94.07400575177809,30.084034342799065],[-94.07403668567464,30.083872773918827],[-94.07408551002978,30.083714562961287],[-94.07415176581237,30.083561197051644],[-94.07423483015238,30.08341411776677],[-94.07433392219868,30.08327470758564],[-94.0744481104614,30.083144276895567],[-94.08029814290124,30.077094341964745],[-94.08042999823888,30.07697099942719],[-94.08057533913457,30.07685964556321],[-94.08073272436278,30.076761384546874],[-94.0809005932859,30.07667719072176],[-94.08107728132855,30.0766078989407],[-94.08126103648148,30.076554196288726],[-94.08145003667204,30.076516615270716],[-94.08164240782854,30.07649552853223],[-94.08183624245997,30.076491145164756],[-94.08202961856662,30.076503508632772],[-94.08222061869449,30.07653249634288],[-94.08240734894478,30.07657782085916],[-94.08258795774984,30.076639032752954],[-94.08276065422983,30.076715525058624],[-94.08292372594828,30.0768065392913],[-94.08307555589018,30.076911172966927],[-94.08321463849497,30.07702838854992],[-94.08333959458488,30.0771570237402],[-94.08344918504126,30.077295802997117],[-94.08441920220868,30.07866579099806]]]},"properties":{"fire_id":"F7087","date":"2026-10-10","area_ha":70.1,"cumulative_ha":70.1,"frp_sum":4.6,"n_detections":4,"first_seen":"2026-10-10","last_seen":"2026-10-10","centroid":[-94.07916,30.08221],"history":[{"date":"2026-10-10","area_ha":70.1}],"track":[[-94.07916127534874,30.082211915788807]],"growth_24h_ha":null,"speed_km_day":null,"bearing_deg":null,"direction":null}},{"type":"Feature","geometry":{"type":"Polygon","coordinates":[[[-93.32513085427841,30.18521410418573],[-93.32501529492718,30.185344122764644],[-93.32488571506484,30.185463813666527],[-93.32474333781092,30.185572047069602],[-93.32458950710301,30.18566780130164],[-93.32442567501054,30.185750172485232],[-93.32425338802709,30.185818383070817],[-93.32407427247078,30.185871789177607],[-93.32389001913049,30.185909886672246],[-93.32370236730287,30.18593231592839],[-93.32351308837124,30.185938865221924],[-93.3233239690812,30.185929472729853],[-93.32313679467102,30.185904227113905],[-93.32295333201651,30.18586336668366],[-93.32277531294915,30.185807277146463],[-93.32260441790545,30.18573648796607],[-93.32244226006186,30.185651667363974],[-93.32229037010516,30.18555361601077],[-93.32215018178202,30.185443259467252],[-93.32202301836456,30.185321639446546],[-93.32039302863227,30.18360162111017],[-93.32027767362906,30.18346674369715],[-93.32017834463295,30.183322613039063],[-93.32009602276756,30.183170652905947],[-93.32003152113953,30.183012364403478],[-93.31998547680948,30.182849311143446],[-93.31995834450274,30.182683103797412],[-93.31995039212161,30.1825153841856],[-93.3199616981034,30.18234780905832],[-93.31999215065032,30.18218203373046],[-93.32004144883832,30.182019695730222],[-93.3201091055941,30.18186239862413],[-93.32019445251048,30.18171169617759],[-93.32029664645242,30.1815690770078],[-93.32041467788844,30.181435949880363],[-93.3205473808649,30.181313629794865],[-93.32069344452454,30.181203324996783],[-93.32085142605557,30.181106125043993],[-93.32626137057262,30.178116167389533],[-93.32642734910745,30.178034054976376],[-93.32660181098332,30.17796641708673],[-93.32678307939422,30.17791390380821],[-93.32696941212637,30.177877019860436],[-93.32715901830065,30.177856119744728],[-93.32735007558205,30.177851404337435],[-93.32754074769123,30.17786291895951],[-93.32772920205022,30.177890552941037],[-93.32791362739223,30.177934040684704],[-93.3280922511671,30.177992964218088],[-93.32826335657474,30.178066757210498],[-93.32842529906344,30.178154710415203],[-93.32857652213421,30.178255978485378],[-93.32871557229957,30.178369588097958],[-93.32884111305299,30.178494447307482],[-93.32895193771475,30.178629356040062],[-93.32904698103088,30.17877301762666],[-93.32912532941344,30.178924051264804],[-93.32918622972394,30.179081005289312],[-93.3292290965151,30.179242371124072],[-93.32925351766151,30.17940659778111],[-93.32925925832473,30.1795721067677],[-93.32924626321467,30.179737307257984],[-93.3292146571253,30.17990061138347],[-93.32916474373957,30.18006044949541],[-93.32909700271436,30.18021528525235],[-93.32901208507408,30.180363630387784],[-93.32891080695633,30.180504059016044],[-93.32513085427841,30.18521410418573]]]},"properties":{"fire_id":"F6400","date":"2026-10-10","area_ha":46.7,"cumulative_ha":99.0,"frp_sum":4.9,"n_detections":3,"first_seen":"2026-10-07","last_seen":"2026-10-10","centroid":[-93.3246,30.18183],"history":[{"date":"2026-10-07","area_ha":79.9},{"date":"2026-10-08","area_ha":64.0},{"date":"2026-10-10","area_ha":46.7}],"track":[[-93.32606330475761,30.180884609297678],[-93.3244976339154,30.181147663967995],[-93.32460063445757,30.181825321897]],"growth_24h_ha":-8.62,"speed_km_day":0.04,"bearing_deg":350.89,"direction":"N"}},{"type":"Feature","geometry":{"type":"Polygon","coordinates":[[[-90.99241484247807,30.185820927788267],[-90.99250586933978,30.18596574137324],[-90.99258016064474,30.186117553545213],[-90.99263700821083,30.18627491734046],[-90.99267587010624,30.18643633287433],[-90.99269637581837,30.18660026163645],[-90.99269832978912,30.186765141154357],[-90.99268171328318,30.18692939988589],[-90.99264668457064,30.187091472198222],[-90.99259357742274,30.187249813290876],[-90.99252289793436,30.18740291392048],[-90.9924353197039,30.187549314786935],[-90.99233167741586,30.187687620443587],[-90.99221295888759,30.187816512599206],[-90.99208029565563,30.187934762684563],[-90.99193495219143,30.188041243563934],[-90.99018494037557,30.189201259044246],[-90.99002547768792,30.189296466422945],[-90.98985589693834,30.18937750118971],[-90.98967787130125,30.189443563806957],[-90.98949315728805,30.18949400245972],[-90.98930357741396,30.189528319488076],[-90.98911100221291,30.18954617629784],[-90.98891733177845,30.189547396701954],[-90.98872447701244,30.189531968659107],[-90.98853434076729,30.18950004439255],[-90.98834879906757,30.189451938887952],[-90.98816968259645,30.189388126785047],[-90.98799875863013,30.189309237693948],[-90.9878377135983,30.189216049982036],[-90.98768813644291,30.189109483093215],[-90.98755150293978,30.18899058847494],[-90.98742916113727,30.18886053920287],[-90.9873223180564,30.188720618405547],[-90.98723202778298,30.188572206603087],[-90.98715918106977,30.188416768085364],[-90.98710449655063,30.188255836463693],[-90.98706851365371,30.188090999538808],[-90.9870515872833,30.18792388363447],[-90.9870538843225,30.18775613755131],[-90.9870753819913,30.187589416299208],[-90.98711586807589,30.187425364768657],[-90.98717494302699,30.187265601502506],[-90.98725202390595,30.187111702727634],[-90.98734635014,30.186965186804724],[-90.98745699102922,30.186827499248995],[-90.98758285493149,30.186699998469837],[-90.98914285756652,30.18527001497325],[-90.98927875326682,30.18515692739289],[-90.98942661702851,30.185055731947205],[-90.9895850676247,30.184967373904332],[-90.98975262495253,30.1848926786156],[-90.98992772385775,30.18483234380708],[-90.99010872875301,30.184786933062984],[-90.99029394889367,30.184756870561984],[-90.99048165416824,30.18474243711549],[-90.99067009125625,30.18474376754514],[-90.99085750000282,30.18476084942345],[-90.99104212985678,30.184793523190095],[-90.99122225621942,30.184841483641918],[-90.99139619655087,30.184904282783513],[-90.99156232608401,30.184981334011304],[-90.99171909299926,30.18507191759224],[-90.99186503291844,30.18517518738579],[-90.9919987825826,30.185290178746875],[-90.99211909258584,30.185415817535596],[-90.99222483904656,30.18555093014964],[-90.99241484247807,30.185820927788267]]]},"properties":{"fire_id":"F7088","date":"2026-10-10","area_ha":20.1,"cumulative_ha":20.1,"frp_sum":4.0,"n_detections":3,"first_seen":"2026-10-10","last_seen":"2026-10-10","centroid":[-90.98988,30.18716],"history":[{"date":"2026-10-10","area_ha":20.1}],"track":[[-90.98987946914923,30.18716440842443]],"growth_24h_ha":null,"speed_km_day":null,"bearing_deg":null,"direction":null}},{"type":"Feature","geometry":{"type":"Polygon","coordinates":[[[-93.27865159621808,30.240531769535238],[-93.27872816690116,30.240722698760084],[-93.2787778368893,30.24092017806172],[-93.27911788011295,30.242810173165065],[-93.27913815490383,30.242977015839372],[-93.27913920313225,30.24314477629566],[-93.2791210143358,30.24331179888174],[-93.27908376790715,30.24347643521935],[-93.27902783132818,30.243637060472516],[-93.27895375654744,30.24379208938401],[-93.27886227453682,30.24393999192124],[-93.27875428808069,30.2440793083777],[-93.27863086286884,30.244208663780228],[-93.27849321698062,30.244326781460405],[-93.27834270886459,30.244432495655882],[-93.2781808239316,30.244524763016923],[-93.27800915989428,30.24460267290513],[-93.27782941099694,30.244665456382105],[-93.27764335129234,30.244712493799565],[-93.27745281712997,30.244743320915916],[-93.27575278318378,30.24494332425329],[-93.27556298952246,30.244957528232046],[-93.27537250003661,30.244955645335267],[-93.27518313070264,30.24493769351276],[-93.27499668681638,30.244903843901152],[-93.27481494577968,30.244854419192002],[-93.2746396401533,30.244789890555197],[-93.27447244113746,30.244710873146577],[-93.27431494263816,30.244618120242855],[-93.27416864607055,30.244512516059537],[-93.27403494604518,30.24439506732072],[-93.27391511707273,30.2442668936609],[-93.2738103014148,30.244129216950316],[-93.27372149819591,30.24398334964592],[-93.27364955388103,30.243830682278798],[-93.27359515420882,30.243672670197576],[-93.27355881765781,30.24351081969401],[-93.27354089050752,30.24334667364323],[-93.27354154354136,30.243181796795614],[-93.27356077042286,30.243017760860265],[-93.27419085315938,30.23940776993974],[-93.2742295427498,30.239242473107407],[-93.27428708788732,30.23908134086355],[-93.27436291450586,30.238925980352427],[-93.27445626621109,30.23877794114342],[-93.27456621182826,30.238638699776306],[-93.27469165469253,30.238509645035517],[-93.274831343589,30.238392064099497],[-93.27498388523345,30.238287129703934],[-93.27514775816911,30.238195888446185],[-93.27532132794094,30.238119250348],[-93.27550286339613,30.23805797978026],[-93.27569055394807,30.238012687840367],[-93.2758825276322,30.237983826258105],[-93.27607686977326,30.23797168289097],[-93.27627164207823,30.23797637885348],[-93.27646490196457,30.237997867309414],[-93.27665472193125,30.238035933938917],[-93.2768392087795,30.23809019907574],[-93.2770165224917,30.23816012149327],[-93.27718489458039,30.238245003802017],[-93.27734264572435,30.238343999404066],[-93.27748820251628,30.238456120935858],[-93.27762011315482,30.238580250114758],[-93.27773706192453,30.23871514889139],[-93.27783788231953,30.238859471796516],[-93.27792156867984,30.23901177935941],[-93.27865159621808,30.240531769535238]]]},"properties":{"fire_id":"F5841","date":"2026-10-10","area_ha":32.8,"cumulative_ha":72.7,"frp_sum":6.5,"n_detections":4,"first_seen":"2026-10-03","last_seen":"2026-10-10","centroid":[-93.27628,30.24171],"history":[{"date":"2026-10-03","area_ha":50.2},{"date":"2026-10-06","area_ha":26.3},{"date":"2026-10-07","area_ha":37.1},{"date":"2026-10-08","area_ha":33.4},{"date":"2026-10-09","area_ha":34.2},{"date":"2026-10-10","area_ha":32.8}],"track":[[-93.27807147737663,30.242462758853303],[-93.27536514578968,30.241640495990644],[-93.27629792221605,30.24084922853821],[-93.27742623428051,30.243485304806484],[-93.27641063855043,30.241912047706645],[-93.27627572679538,30.241708002585522]],"growth_24h_ha":-1.38,"speed_km_day":0.03,"bearing_deg":148.58,"direction":"SSE"}},{"type":"Feature","geometry":{"type":"Polygon","coordinates":[[[-91.23543445912968,30.32237256563036],[-91.23546124304214,30.32220521636717],[-91.23550723734446,30.322041018816506],[-91.23557198143453,30.32188161690604],[-91.23565482700033,30.321728606542283],[-91.23575494451445,30.32158351963343],[-91.23587133154255,30.32144780875327],[-91.23600282278187,30.32132283259937],[-91.23614810172974,30.321209842391553],[-91.23630571386482,30.321109969346185],[-91.23647408120932,30.32102421335239],[-91.23665151812624,30.320953432962515],[-91.23683624819367,30.320898336797935],[-91.23702642198725,30.320859476455585],[-91.23722013559278,30.320837240986418],[-91.237415449664,30.320831853001007],[-91.23761040883473,30.320843366441167],[-91.2378030612911,30.320871666040095],[-91.23799147830854,30.32091646847602],[-91.23817377355756,30.320977325208414],[-91.23834812198557,30.321053626967874],[-91.23851277808579,30.321144609854947],[-91.24379273450229,30.324394565134483],[-91.24394532578309,30.32449875313913],[-91.24408517738726,30.324615541728722],[-91.24421090309713,30.324743773326105],[-91.24432125668862,30.32488217692948],[-91.2444151442848,30.32502938070904],[-91.24449163520018,30.325183925603103],[-91.24454997116813,30.325344279779003],[-91.24458957386024,30.325508853815588],[-91.24461005062258,30.32567601645686],[-91.24461119837191,30.325844110780302],[-91.24459300561341,30.326011470620163],[-91.24455565255906,30.326176437082673],[-91.24449950934621,30.326337374989443],[-91.24442513237292,30.326492689086024],[-91.24433325878682,30.326640839855273],[-91.24422479918178,30.32678035877829],[-91.24410082857456,30.326909862891895],[-91.24396257575098,30.327028068498276],[-91.24381141108691,30.327133803890657],[-91.24364883296491,30.327226020969125],[-91.24347645292121,30.32730380563103],[-91.24166642628356,30.328023816680982],[-91.24149536744298,30.32808356799771],[-91.2413185496819,30.328129099734653],[-91.24113755082232,30.328160005594434],[-91.2409539860029,30.328176009791687],[-91.24076949326384,30.32817696951445],[-91.24058571892708,30.328162876198775],[-91.2404043029028,30.328133855604996],[-91.24022686405289,30.328090166695507],[-91.2400549857426,30.328032199323548],[-91.23989020170923,30.327960470753844],[-91.2362001566923,30.32616044427058],[-91.2360425413433,30.326074743489592],[-91.23589508307668,30.325976456629267],[-91.23575912216562,30.325866477053623],[-91.23563589436428,30.32574580440272],[-91.23552651967604,30.325615535505676],[-91.23543199217411,30.325476854410343],[-91.2353531709677,30.325331021619995],[-91.23529077239522,30.32517936263572],[-91.23524536351611,30.32502325590784],[-91.23521735695968,30.324864120306223],[-91.23520700717802,30.324703402223765],[-91.23521440813694,30.324542562429574],[-91.23543445912968,30.32237256563036]]]},"properties":{"fire_id":"F6131","date":"2026-10-10","area_ha":48.1,"cumulative_ha":89.2,"frp_sum":5.0,"n_detections":4,"first_seen":"2026-10-06","last_seen":"2026-10-10","centroid":[-91.23952,30.3247],"history":[{"date":"2026-10-06","area_ha":80.6},{"date":"2026-10-09","area_ha":62.0},{"date":"2026-10-10","area_ha":48.1}],"track":[[-91.2392979149275,30.32546095159453],[-91.23986120387553,30.324327623763338],[-91.23952180590192,30.324697578628466]],"growth_24h_ha":-13.95,"speed_km_day":0.05,"bearing_deg":35.55,"direction":"NE"}},{"type":"Feature","geometry":{"type":"Polygon","coordinates":[[[-95.00457956089666,31.248713505510718],[-95.00473070354464,31.24881430727927],[-95.00486967193265,31.248927142161904],[-95.00499515521767,31.24905094586012],[-95.00510596973598,31.249184550609353],[-95.00520107016894,31.24932669619279],[-95.00527955940454,31.249476041826984],[-95.00534069700183,31.249631178807984],[-95.00538390617801,31.249790643797883],[-95.00540877925248,31.249952932627323],[-95.00541508149614,31.250116514483157],[-95.00540275334964,31.25027984634773],[-95.00537191098942,31.25044138755369],[-95.00532284523594,31.250599614316762],[-95.00525601881459,31.250753034109792],[-95.00517206199461,31.250900199741963],[-95.005071766647,31.25103972301065],[-95.00495607877781,31.251170287797347],[-95.00482608960657,31.25129066248339],[-95.0046830252743,31.251399711568986],[-95.00452823527804,31.25149640638562],[-95.00436317974092,31.251579834800594],[-95.00418941563801,31.251649209822435],[-95.00400858210777,31.251703877025644],[-95.00382238498784,31.251743320724962],[-95.00363258072105,31.251767168840487],[-95.00344095978367,31.251775196408218],[-95.0032493297924,31.251767327702503],[-95.00305949844926,31.251743636950405],[-94.99899941883078,31.251063625274373],[-94.9988125292896,31.25102416262061],[-94.99863103080843,31.250969365812686],[-94.99845664763667,31.250899755423447],[-94.99829103641575,31.250815992754358],[-94.9981357704388,31.250718873552202],[-94.99799232470309,31.250609320448454],[-94.99786206189678,31.250488374193193],[-94.99774621945357,31.250357183766905],[-94.99764589779781,31.250216995464022],[-94.99756204989218,31.25006914105216],[-94.99749547218696,31.249915025119638],[-94.99744679705661,31.249756111731028],[-94.99741648679591,31.24959391051832],[-94.99740482923197,31.249429962339185],[-94.99741193499416,31.24926582463904],[-94.9974377364674,31.249103056655695],[-94.99748198843882,31.248943204607446],[-94.99754427043128,31.248787787004893],[-94.99762399070163,31.248638280226636],[-94.99772039186537,31.248496104494997],[-94.99783255809437,31.248362610385765],[-94.997959423819,31.24823906599962],[-94.99809978385196,31.248126644917164],[-94.99825230483768,31.248026415051893],[-94.99841553791828,31.247939328506977],[-94.99858793249616,31.247866212532266],[-94.9987678509621,31.24780776166698],[-94.9989535842492,31.247764531143286],[-94.99914336806522,31.24773693161271],[-94.99933539964886,31.247725225245986],[-94.99952785489121,31.247729523243],[-95.00280778729025,31.247939519578946],[-95.00298424487733,31.24795765552844],[-95.00315807745925,31.2479892499762],[-95.00332787772632,31.248034047138884],[-95.00349227100767,31.248091684345752],[-95.00364992639848,31.248161694974424],[-95.00379956753322,31.248243512227887],[-95.00457956089666,31.248713505510718]]]},"properties":{"fire_id":"F7089","date":"2026-10-10","area_ha":26.7,"cumulative_ha":26.7,"frp_sum":2.3,"n_detections":3,"first_seen":"2026-10-10","last_seen":"2026-10-10","centroid":[-95.00144,31.24969],"history":[{"date":"2026-10-10","area_ha":26.7}],"track":[[-95.00144434600168,31.24969255541769]],"growth_24h_ha":null,"speed_km_day":null,"bearing_deg":null,"direction":null}},{"type":"Feature","geometry":{"type":"Polygon","coordinates":[[[-101.58916299081895,31.34399427341164],[-101.58933715086951,31.34393805302832],[-101.58951674592129,31.34389603997],[-101.58970018324462,31.34386860682914],[-101.58988583604125,31.343855996896085],[-101.59241578347594,31.34378599812468],[-101.59261327510426,31.343788940014075],[-101.59280943728785,31.343808651520487],[-101.59300231326895,31.34384493601592],[-101.59318997906426,31.343897431551596],[-101.5933705626539,31.34396561446812],[-101.59354226265235,31.344048804618186],[-101.59370336627545,31.34414617215039],[-101.59385226642442,31.344256745786183],[-101.59398747771618,31.344379422507483],[-101.59410765130077,31.344512978558424],[-101.59421158831744,31.344656081651593],[-101.59429825185545,31.34480730425697],[-101.59436677730048,31.344965137841104],[-101.59441648096262,31.345128007914663],[-101.5944468669006,31.34529428973801],[-101.59445763187338,31.345462324528455],[-101.59444866836989,31.345630436007482],[-101.59442006568642,31.345796947122775],[-101.59437210904059,31.34596019677827],[-101.59430527673084,31.346118556405553],[-101.59422023536919,31.346270446210863],[-101.5941178332352,31.34641435093597],[-101.59399909181653,31.34654883497551],[-101.59386519562116,31.346672556699833],[-101.59371748036236,31.34678428184053],[-101.59355741963411,31.346882895804953],[-101.59037738755984,31.348642921725208],[-101.59020835318479,31.348726651530587],[-101.59003043961555,31.348795752083003],[-101.58984538594721,31.348849547926406],[-101.58965500108192,31.348887513206947],[-101.5894611460441,31.34890927681382],[-101.58926571578566,31.348914626007435],[-101.58907062065931,31.34890350849937],[-101.58887776774124,31.34887603296343],[-101.58868904218569,31.348832467973303],[-101.58850628879425,31.348773239376776],[-101.58833129397973,31.348698926132492],[-101.58816576830147,31.348610254649827],[-101.58801132974261,31.348508091687115],[-101.58786948789317,31.348393435878254],[-101.58774162919332,31.348267407969693],[-101.58762900338148,31.348131239864234],[-101.58753271127932,31.34798626257803],[-101.58745369403337,31.347833893228938],[-101.58739272391817,31.347675621183658],[-101.58735039679075,31.347512993498466],[-101.58708042835494,31.346162989516397],[-101.58705770999644,31.346004126208808],[-101.58705278582889,31.3458441431337],[-101.58706570017314,31.345684483669224],[-101.58709633641095,31.345526588266733],[-101.5871444180407,31.34537188145498],[-101.5872095111757,31.345221758988707],[-101.58729102846203,31.345077575256433],[-101.58738823438058,31.34494063106213],[-101.58750025188522,31.344812161890363],[-101.58762607031743,31.344693326760854],[-101.58776455452552,31.344585197772986],[-101.58791445510649,31.344488750434717],[-101.58807441967787,31.34440485486289],[-101.58824300507787,31.344334267934133],[-101.58916299081895,31.34399427341164]]]},"properties":{"fire_id":"F7090","date":"2026-10-10","area_ha":29.8,"cumulative_ha":29.8,"frp_sum":3.5,"n_detections":4,"first_seen":"2026-10-10","last_seen":"2026-10-10","centroid":[-101.59052,31.34609],"history":[{"date":"2026-10-10","area_ha":29.8}],"track":[[-101.59052384933946,31.346093857695053]],"growth_24h_ha":null,"speed_km_day":null,"bearing_deg":null,"direction":null}},{"type":"Feature","geometry":{"type":"Polygon","coordinates":[[[-96.16598872563962,31.35036281413077],[-96.16602285741502,31.3502012081225],[-96.16607529233234,31.350043199853754],[-96.16614553228415,31.34989029001626],[-96.16623291006982,31.349743930872116],[-96.16633659573537,31.349605512461675],[-96.16645560445885,31.349476349402632],[-96.16658880590556,31.349357668405606],[-96.16673493496468,31.349250596624785],[-96.1668926037651,31.34915615095401],[-96.16706031485636,31.349075228370268],[-96.16723647542939,31.349008597415875],[-96.16741941244246,31.34895689090046],[-96.16760738850822,31.348920599891926],[-96.1677986183914,31.3489000690533],[-96.16799128596058,31.348895493369866],[-96.168183561433,31.348906916297807],[-96.1728234669007,31.349376908100457],[-96.17301389107362,31.349404281271564],[-96.17320027393501,31.34944734513469],[-96.17338083853036,31.349505689121514],[-96.17355386336591,31.349578756983014],[-96.17371769881882,31.349665852091917],[-96.17387078286272,31.34976614408352],[-96.17401165595878,31.34987867677121],[-96.17413897497055,31.35000237726168],[-96.17425152596962,31.35013606618278],[-96.17434823581031,31.35027846892663],[-96.17442818236299,31.35042822780077],[-96.17449060330807,31.350583914971562],[-96.17453490340726,31.350744046076713],[-96.1745606601822,31.350907094376723],[-96.17456762794652,31.351071505310816],[-96.17455574015241,31.351235711318452],[-96.17452511002959,31.35139814678482],[-96.1744760295099,31.35155726296844],[-96.17440896644817,31.351711542767923],[-96.17432456016519,31.351859515187417],[-96.17422361535556,31.351999769362788],[-96.17410709441795,31.35213096801459],[-96.1739761082813,31.352251860199612],[-96.17383190581377,31.352361293239532],[-96.17367586191605,31.352458223712425],[-96.17350946441182,31.35254172740291],[-96.17333429986093,31.35261100811536],[-96.17315203843033,31.3526654052667],[-96.17296441796725,31.35270440018571],[-96.17277322742633,31.352727621059348],[-96.17258028980919,31.35273484647847],[-96.17238744477886,31.35272600754921],[-96.1713584746371,31.352635755872697],[-96.17098597072787,31.354381362146714],[-96.17093988794063,31.354548435367494],[-96.17087409182214,31.354710648252713],[-96.17078926496218,31.354866317673757],[-96.17068628742933,31.355013828389254],[-96.17056622764308,31.355151649806164],[-96.17043033129052,31.355278351862697],[-96.17028000840283,31.355392619868283],[-96.17011681872549,31.355493268146528],[-96.1699424555339,31.35557925233962],[-96.16820243178121,31.35633926422035],[-96.16802440150535,31.356407786587948],[-96.16783930383362,31.35646101396683],[-96.16764894460303,31.356498427065123],[-96.16745518099256,31.356519660876092],[-96.16725990340123,31.356524508239964],[-96.16706501700145,31.356512921865214],[-96.16687242314842,31.356485014790078],[-96.16668400082659,31.356441059279433],[-96.16650158831469,31.356381484168306],[-96.16632696524815,31.356306870677386],[-96.16616183525427,31.356217946741737],[-96.16600780932954,31.35611557990807],[-96.1658663901213,31.356000768869755],[-96.16573895726745,31.35587463372228],[-96.16562675393696,31.355738405034487],[-96.16553087470274,31.35559341184187],[-96.16545225486482,31.355441068679497],[-96.16539166132847,31.355282861780925],[-96.1653496851256,31.3551203345778],[-96.16532673565261,31.354955072641836],[-96.16532303668068,31.354788688215734],[-96.16533862417718,31.35462280448459],[-96.16598872563962,31.35036281413077]]]},"properties":{"fire_id":"F5984","date":"2026-10-10","area_ha":50.1,"cumulative_ha":71.0,"frp_sum":7.8,"n_detections":5,"first_seen":"2026-10-05","last_seen":"2026-10-10","centroid":[-96.16925,31.35229],"history":[{"date":"2026-10-05","area_ha":32.1},{"date":"2026-10-06","area_ha":52.1},{"date":"2026-10-07","area_ha":43.9},{"date":"2026-10-10","area_ha":50.1}],"track":[[-96.17058185521549,31.35133019415761],[-96.16993455548928,31.352055086675183],[-96.17137472563441,31.353522586608157],[-96.16925494561097,31.352285273376193]],"growth_24h_ha":2.07,"speed_km_day":0.08,"bearing_deg":124.52,"direction":"SE"}},{"type":"Feature","geometry":{"type":"Polygon","coordinates":[[[-93.25822031246439,31.381406343353348],[-93.25827731918568,31.381564141374565],[-93.2583159148878,31.381725932820775],[-93.25833572884402,31.381890164085224],[-93.25833657067489,31.382055258124687],[-93.25831843218091,31.382219629602957],[-93.2582814874255,31.382381700114227],[-93.25822609106804,31.382539913340107],[-93.25815277496224,31.38269274999511],[-93.25806224305269,31.382838742416634],[-93.25795536461833,31.382976488659434],[-93.25783316592751,31.383104665959326],[-93.25769682038496,31.38322204343673],[-93.25754763726492,31.383327493917747],[-93.2573870491386,31.383420004759802],[-93.25721659811705,31.383498687577035],[-93.25703792104116,31.383562786772806],[-93.25685273376119,31.383611686796606],[-93.25666281465712,31.383644918056138],[-93.25646998755775,31.383662161427587],[-93.25627610422316,31.383663251320637],[-93.2560830265586,31.383648177268874],[-93.25589260873079,31.383617084030416],[-93.25570667935882,31.38357027019741],[-93.25552702395035,31.38350818532833],[-93.2553553677524,31.383431425630075],[-93.25519335918123,31.383340728231722],[-93.25504255399072,31.38323696410482],[-93.25490440033124,31.38312112969833],[-93.25478022484275,31.382994337368594],[-93.25467121991538,31.382857804696084],[-93.25457843224031,31.38271284279189],[-93.25339846734643,31.380632826881858],[-93.25332855635386,31.380494021269186],[-93.25327352463371,31.380350441915102],[-93.2532338143714,31.380203242699842],[-93.25320974461472,31.38005360658946],[-93.25310976706713,31.379123605098545],[-93.25310159556416,31.37895618436819],[-93.25311299434499,31.378788900420307],[-93.25314385053316,31.37862340801564],[-93.25319385878548,31.378461344184682],[-93.25326252431704,31.378304312034633],[-93.2533491677997,31.378153864892486],[-93.25345293208571,31.378011490940622],[-93.25357279068936,31.377878598497283],[-93.25370755794316,31.37775650208686],[-93.25385590072759,31.377646409438523],[-93.25401635165859,31.377549409540972],[-93.25418732360218,31.377466461872135],[-93.25436712537277,31.377398386909356],[-93.25455397845982,31.37734585801507],[-93.25474603461768,31.377309394776976],[-93.25494139414442,31.37728935786938],[-93.25513812466933,31.37728594548622],[-93.25533428026324,31.37729919138091],[-93.25552792068271,31.377328964532413],[-93.25571713055818,31.37737497044122],[-93.25590003833629,31.377436754041785],[-93.25607483478905,31.377513704203135],[-93.25623979090726,31.377605059772993],[-93.25639327500097,31.37770991710568],[-93.25653376883821,31.37782723899935],[-93.25665988266219,31.37795586495423],[-93.25677036893863,31.378094522650585],[-93.25686413469724,31.37824184053274],[-93.25694025234496,31.37839636137484],[-93.25822031246439,31.381406343353348]]]},"properties":{"fire_id":"F6806","date":"2026-10-10","area_ha":24.9,"cumulative_ha":390.2,"frp_sum":3.0,"n_detections":3,"first_seen":"2026-10-08","last_seen":"2026-10-10","centroid":[-93.25567,31.38048],"history":[{"date":"2026-10-08","area_ha":280.3},{"date":"2026-10-09","area_ha":240.3},{"date":"2026-10-10","area_ha":24.9}],"track":[[-93.25553117351322,31.375510236769532],[-93.25839089773021,31.378136064008356],[-93.25567345294986,31.38048177693827]],"growth_24h_ha":-215.39,"speed_km_day":0.37,"bearing_deg":42.96,"direction":"NE"}},{"type":"Feature","geometry":{"type":"Polygon","coordinates":[[[-101.78835015481759,31.529988410041977],[-101.7884398725259,31.53013442421582],[-101.78851237651197,31.530287186632837],[-101.7885669732568,31.530445236285928],[-101.78860314049415,31.53060706159391],[-101.78862053220924,31.530771114857604],[-101.78861898195223,31.530935827061587],[-101.78859850443445,31.531099622880202],[-101.78855929539213,31.531260935744072],[-101.78850172971866,31.531418222823383],[-101.78842635788311,31.531569979784162],[-101.78833390066916,31.531714755176967],[-101.78822524228445,31.53185116431965],[-101.78810142190639,31.531977902542028],[-101.78796362374497,31.532093757665397],[-101.78781316571767,31.532197621597476],[-101.78765148684468,31.532288500931795],[-101.78748013348512,31.532365526450516],[-101.7873007445457,31.532427961438962],[-101.78711503580362,31.532475208733093],[-101.78692478349355,31.5325068164319],[-101.78673180731572,31.53252248222034],[-101.78653795302829,31.53252205626124],[-101.78634507478972,31.53250554262876],[-101.78615501742118,31.53247309926929],[-101.78596959875807,31.53242503649069],[-101.78579059226004,31.53236181399369],[-101.7856197100457,31.532284036474437],[-101.78545858651472,31.53219244784004],[-101.78239856350208,31.530262420434074],[-101.78224636037967,31.53015605065991],[-101.78210734020871,31.53003736419361],[-101.78198287713163,31.529907534233704],[-101.78187420137756,31.52976784412551],[-101.781782387103,31.529619674674283],[-101.78170834177628,31.52946449049503],[-101.78165279721037,31.529303825534146],[-101.78161630233275,31.529139267905993],[-101.78159921776354,31.528972444194114],[-101.78160171225542,31.528805003372888],[-101.78162376103033,31.52863860050776],[-101.78166514602917,31.52847488039595],[-101.78172545807182,31.528315461308786],[-101.78180410090609,31.528161918996634],[-101.78190029710524,31.528015771114514],[-101.78201309575572,31.527878462221956],[-101.78214138185892,31.527751349505905],[-101.78228388735405,31.527635689367084],[-101.78243920365303,31.52753262500298],[-101.78260579556333,31.527443175109543],[-101.78278201646151,31.527368223813564],[-101.78296612456714,31.527308511935196],[-101.78315630015656,31.52726462966656],[-101.78335066354636,31.527237010739267],[-101.78354729366887,31.52722592813803],[-101.78374424705653,31.527231491402876],[-101.78393957704722,31.527253645546708],[-101.78413135302132,31.52729217159865],[-101.78431767948021,31.527346688768034],[-101.78657764276264,31.52811667613032],[-101.78674742376057,31.528182564800794],[-101.78690915882909,31.528261731436025],[-101.78706141387063,31.52835347407586],[-101.78720283883209,31.528456979248144],[-101.78733217967473,31.528571329180867],[-101.78744828949374,31.528695509938856],[-101.7875501386881,31.52882842041343],[-101.78835015481759,31.529988410041977]]]},"properties":{"fire_id":"F6683","date":"2026-10-10","area_ha":26.0,"cumulative_ha":46.6,"frp_sum":4.3,"n_detections":3,"first_seen":"2026-10-08","last_seen":"2026-10-10","centroid":[-101.78519,31.5298],"history":[{"date":"2026-10-08","area_ha":27.8},{"date":"2026-10-10","area_ha":26.0}],"track":[[-101.7845728048448,31.527157277183093],[-101.78519305945973,31.52979937443722]],"growth_24h_ha":-0.94,"speed_km_day":0.15,"bearing_deg":352.21,"direction":"N"}},{"type":"Feature","geometry":{"type":"Polygon","coordinates":[[[-96.08426636197616,31.53196872746184],[-96.08444884068308,31.531914614030136],[-96.08463665394066,31.531875857592166],[-96.08482801633404,31.531852826581492],[-96.08502110871538,31.53184573993955],[-96.08521409549417,31.531854665034597],[-96.08540514208359,31.53187951702135],[-96.0855924323374,31.53192005964748],[-96.08577418581166,31.531975907499184],[-96.0859486746873,31.53204652966444],[-96.08611424019308,31.532131254779404],[-96.08626930837245,31.532229277409648],[-96.08641240504498,31.532339665706115],[-96.08815240509882,31.533819647206897],[-96.0882874799367,31.53394686422223],[-96.08840664503055,31.534085082873723],[-96.08850866717992,31.534232872871904],[-96.08859249056114,31.534388704876044],[-96.08865724765604,31.534550966318413],[-96.0887022682328,31.534717978090395],[-96.08872708628603,31.5348880119172],[-96.08873144486398,31.53505930824187],[-96.08872145197428,31.535349308392032],[-96.08870681828037,31.535510113565742],[-96.08867414905643,31.535668992138834],[-96.08862374377163,31.53582448720854],[-96.08855606454074,31.53597517289144],[-96.08847173188988,31.536119667399415],[-96.08837151906951,31.536256645711212],[-96.08825634496617,31.53638485172398],[-96.08812726567821,31.536503109772607],[-96.08798546483263,31.536610335411947],[-96.08783224273168,31.536705545362267],[-96.08766900442889,31.53678786652722],[-96.08749724684372,31.536856544001438],[-96.08731854503324,31.53691094799401],[-96.08713453774645,31.536950579604767],[-96.08694691239432,31.536975075399923],[-96.08675738957295,31.536984210745473],[-96.0865677072822,31.536977901867466],[-96.08637960498461,31.536956206620236],[-96.08236952554505,31.536326195662614],[-96.08210816702291,31.536269263502806],[-96.08153815696552,31.536109260815643],[-96.08135784639921,31.536050218826528],[-96.08118515868826,31.535976540754124],[-96.08102173485649,31.53588892675334],[-96.08086912787911,31.535788209408608],[-96.08072878792386,31.535675345820874],[-96.08060204856972,31.535551408511342],[-96.08049011413448,31.535417575228305],[-96.08039404823133,31.535275117754093],[-96.08031476366337,31.535125389818585],[-96.08025301375197,31.53496981423412],[-96.08020938518125,31.534809869374076],[-96.08018429242654,31.534647075123857],[-96.08017797381983,31.53448297843748],[-96.08019048928917,31.534319138637404],[-96.08022171979357,31.534157112596958],[-96.08027136845844,31.533998439946604],[-96.08033896340078,31.533844628443955],[-96.08042386221696,31.533697139647412],[-96.08052525809042,31.533557375028607],[-96.08064218746102,31.533426662656343],[-96.08077353918324,31.533306244578043],[-96.08091806508588,31.53319726501881],[-96.08107439183308,31.533100759509967],[-96.08124103397387,31.533017645050663],[-96.08141640805621,31.532948711395488],[-96.08426636197616,31.53196872746184]]]},"properties":{"fire_id":"F6022","date":"2026-10-10","area_ha":33.7,"cumulative_ha":250.1,"frp_sum":7.9,"n_detections":5,"first_seen":"2026-10-05","last_seen":"2026-10-10","centroid":[-96.0846,31.53454],"history":[{"date":"2026-10-05","area_ha":56.0},{"date":"2026-10-06","area_ha":170.2},{"date":"2026-10-07","area_ha":138.1},{"date":"2026-10-08","area_ha":111.5},{"date":"2026-10-09","area_ha":102.1},{"date":"2026-10-10","area_ha":33.7}],"track":[[-96.09280530494378,31.538891515363595],[-96.08985063378069,31.539145623407503],[-96.0872763420448,31.539689576751783],[-96.08423328468223,31.537231797167582],[-96.0834022934388,31.534205522557436],[-96.0845997136547,31.534544770225914]],"growth_24h_ha":-68.38,"speed_km_day":0.12,"bearing_deg":288.49,"direction":"WNW"}},{"type":"Feature","geometry":{"type":"Polygon","coordinates":[[[-95.92575880038204,31.58473661376852],[-95.9258581002494,31.584880225087083],[-95.92594021015088,31.585031460963307],[-95.92600432714951,31.585188842666334],[-95.92604982422408,31.58535083136612],[-95.92607625640376,31.585515843178875],[-95.92608336512315,31.58568226465327],[-95.9260710807549,31.5858484685461],[-95.92603952329527,31.586012829733182],[-95.92598900119543,31.586173741099714],[-95.92592000834983,31.586329629255022],[-95.92583321927107,31.58647896991778],[-95.92572948249808,31.58662030282129],[-95.92560981230211,31.58675224599318],[-95.92547537877137,31.586873509269573],[-95.92532749637118,31.586982906911803],[-95.9251676110917,31.587079369202073],[-95.92499728630857,31.587161952904687],[-95.92481818749486,31.587229850490417],[-95.92463206593396,31.587282398033924],[-95.92444074159266,31.587319081706724],[-95.92424608532204,31.587339542802386],[-95.9240500005603,31.587343581244667],[-95.9238544047167,31.58733115754407],[-95.91932431235378,31.586851149103243],[-95.91913302513676,31.586822742897287],[-95.91894592631503,31.586778591702277],[-95.91876480921724,31.58671911870233],[-95.91859140982727,31.58664489393839],[-95.91842739014261,31.58655662884362],[-95.91827432224245,31.586455169423513],[-95.91813367321836,31.58634148814596],[-95.91800679111203,31.58621667461912],[-95.91789489199493,31.586081925146676],[-95.91779904831357,31.585938531260386],[-95.91772017861224,31.585787867340013],[-95.91765903873171,31.585631377439288],[-95.91761621456776,31.58547056144446],[-95.91759211645945,31.585306960697746],[-95.91758697526014,31.585142143223866],[-95.91760084012924,31.584977688701006],[-95.9176335780655,31.584815173320568],[-95.91768487518615,31.584656154680435],[-95.91775423973942,31.584502156856992],[-95.91784100682153,31.584354655798503],[-95.91794434475267,31.58421506518017],[-95.91806326305085,31.584084722856087],[-95.91819662192697,31.58396487803827],[-95.9183431432101,31.583856679325198],[-95.91850142259831,31.583761163694835],[-95.91866994311734,31.583679246567332],[-95.91884708965848,31.583611713032848],[-95.92215703518161,31.582511731183665],[-95.92234007531708,31.582459470076973],[-95.92252823317382,31.582422569945283],[-95.9227197252773,31.582401380552533],[-95.92291273655489,31.58239610274568],[-95.92310543753702,31.582406786551214],[-95.92329600169475,31.582433330701075],[-95.92348262274946,31.582475483592333],[-95.92366353179064,31.582532845671704],[-95.92383701403999,31.582604873222248],[-95.92400142510282,31.582690883516257],[-95.92415520655284,31.582790061285724],[-95.92429690070276,31.582901466449044],[-95.92442516442085,31.583024043020615],[-95.92453878186225,31.58315662911923],[-95.92575880038204,31.58473661376852]]]},"properties":{"fire_id":"F7091","date":"2026-10-10","area_ha":32.8,"cumulative_ha":32.8,"frp_sum":3.8,"n_detections":3,"first_seen":"2026-10-10","last_seen":"2026-10-10","centroid":[-95.92198,31.58505],"history":[{"date":"2026-10-10","area_ha":32.8}],"track":[[-95.92198496148896,31.58505276624967]],"growth_24h_ha":null,"speed_km_day":null,"bearing_deg":null,"direction":null}},{"type":"Feature","geometry":{"type":"Polygon","coordinates":[[[-102.05442723905897,31.79673191209441],[-102.05459905634119,31.796815883020344],[-102.05476013532586,31.796913927168266],[-102.05490887298026,31.79702506883656],[-102.05504378906971,31.797148201977983],[-102.05516354088837,31.79728210120531],[-102.05526693662229,31.79742543398478],[-102.05535294721182,31.797576773895845],[-102.05542071659512,31.797734614825394],[-102.05546957023083,31.797897385955526],[-102.05566958976158,31.79873738299082],[-102.05569921387787,31.798904933442],[-102.05570879337927,31.799074155746574],[-102.0556982311221,31.79924333608869],[-102.05566763395097,31.7994107610683],[-102.05561731162187,31.799574735054012],[-102.05554777366984,31.79973359735636],[-102.05545972425317,31.799885739047543],[-102.05535405502577,31.80002961925728],[-102.05523183611,31.80016378077954],[-102.05509430526112,31.80028686483239],[-102.05494285533305,31.800397624820864],[-102.05477902017245,31.80049493896395],[-102.05460445908359,31.800577821657356],[-102.05442094002193,31.800645433457124],[-102.05423032168622,31.800697089582762],[-102.05403453469079,31.80073226685372],[-102.05383556200881,31.800750608989222],[-102.05363541888495,31.80075193021706],[-102.05252539571812,31.80071192950313],[-102.05234080634472,31.800697961240807],[-102.05215855453116,31.8006695097558],[-102.05198022286827,31.80062682210598],[-102.05180735989981,31.80057026896828],[-102.05164146667352,31.800500341419365],[-102.05148398370483,31.800417646670837],[-102.05133627846676,31.800322902795685],[-102.04963627014473,31.799122886332224],[-102.04947642187584,31.798996821564685],[-102.0493338743647,31.798856675819263],[-102.04823388403335,31.79764666263768],[-102.04812441923524,31.797513418085995],[-102.04803062105009,31.79737186994239],[-102.04795336119717,31.797223333815236],[-102.0478933576683,31.79706919025588],[-102.04785116805755,31.796910871926357],[-102.0478271843822,31.796749850283167],[-102.04782162944295,31.796587621900564],[-102.0478345547572,31.79642569456086],[-102.04786584008438,31.796265573240596],[-102.04791519454751,31.796108746123377],[-102.04798215934066,31.795956670768756],[-102.04806611199672,31.795810760566248],[-102.04816627217583,31.795672371600034],[-102.04828170892056,31.79554279004634],[-102.04841134931031,31.79542322022085],[-102.0485539884343,31.795314773387112],[-102.04870830059063,31.7952184574296],[-102.04887285160711,31.795135167487768],[-102.04904611216955,31.795065677638025],[-102.04922647203347,31.795010633700404],[-102.04941225498742,31.79497054723761],[-102.04960173442882,31.79494579080115],[-102.04979314940763,31.794936594469736],[-102.04998472098912,31.794943043711175],[-102.05017466878334,31.79496507858826],[-102.05036122748841,31.795002494315646],[-102.05054266329354,31.795054943162885],[-102.05071728998963,31.795121937685472],[-102.05442723905897,31.79673191209441]]]},"properties":{"fire_id":"F7092","date":"2026-10-10","area_ha":32.5,"cumulative_ha":32.5,"frp_sum":5.0,"n_detections":5,"first_seen":"2026-10-10","last_seen":"2026-10-10","centroid":[-102.05183,31.7979],"history":[{"date":"2026-10-10","area_ha":32.5}],"track":[[-102.05183190699469,31.797900002755327]],"growth_24h_ha":null,"speed_km_day":null,"bearing_deg":null,"direction":null}},{"type":"Feature","geometry":{"type":"Polygon","coordinates":[[[-103.93241440120752,31.800053801808694],[-103.93236312038744,31.800215926580744],[-103.93229302258014,31.800372923393574],[-103.93220480442875,31.800523231751555],[-103.93209934270118,31.80066535763279],[-103.93197768557833,31.80079788834026],[-103.93184104223795,31.800919506544943],[-103.93169077083714,31.801029003381075],[-103.93152836501336,31.80112529046334],[-103.93135543903766,31.80120741070672],[-103.93117371176794,31.80127454784095],[-103.93098498956198,31.801326034525424],[-103.93079114831977,31.801361358983424],[-103.93059411483412,31.801380170090006],[-103.9303958476349,31.80138228086271],[-103.93019831751751,31.801367670320467],[-103.93000348794925,31.80133648369206],[-103.92981329554881,31.801289030972573],[-103.92962963083266,31.801225783841367],[-103.92945431942019,31.801147370972863],[-103.92928910388451,31.801054571786743],[-103.92913562642951,31.800948308699386],[-103.92899541256521,31.800829637953917],[-103.92466542600157,31.79677958940867],[-103.9245418962564,31.79665199015387],[-103.92443371399838,31.796514768549642],[-103.92434191807885,31.79636924240201],[-103.92426738996764,31.796216809263292],[-103.92421084529062,31.796058933009867],[-103.92417282696051,31.795897129782926],[-103.92415369996704,31.795732953428008],[-103.92415364787587,31.795567980572283],[-103.92417267107028,31.79540379548372],[-103.9242105867519,31.795241974856904],[-103.9242670307006,31.795084072672132],[-103.92434146077633,31.7949316052728],[-103.92443316212905,31.794786036804506],[-103.92454125406684,31.794648765155845],[-103.9246646985158,31.79452110853535],[-103.9248023099907,31.794404292814107],[-103.92495276698017,31.794299439755036],[-103.92511462463762,31.79420755624191],[-103.92528632865537,31.794129524611716],[-103.9254662301895,31.794066094182867],[-103.92565260169128,31.79401787406066],[-103.92584365349428,31.793985327289178],[-103.92603755099698,31.79396876640529],[-103.92623243227683,31.793968350438117],[-103.92642642596621,31.793984083382043],[-103.92661766921906,31.794015814158474],[-103.92680432559581,31.7940632380662],[-103.92698460269494,31.79412589970709],[-103.92715676936199,31.79420319735833],[-103.92731917231103,31.79429438874986],[-103.92747025199898,31.79439859819105],[-103.93196023870449,31.797818552780058],[-103.93209507281016,31.7979315525152],[-103.93221657223924,31.798054914440147],[-103.93232363107222,31.798187515740548],[-103.93241527480953,31.79832814950229],[-103.932490669243,31.798475535695633],[-103.932549128051,31.798628332824993],[-103.93259011904804,31.798785150138254],[-103.93261326903205,31.798944560284855],[-103.93261836718476,31.799105112306943],[-103.93260536699445,31.799265344845843],[-103.93257438668321,31.799423799443428],[-103.93241440120752,31.800053801808694]]]},"properties":{"fire_id":"F7093","date":"2026-10-10","area_ha":36.2,"cumulative_ha":36.2,"frp_sum":2.3,"n_detections":3,"first_seen":"2026-10-10","last_seen":"2026-10-10","centroid":[-103.92848,31.79766],"history":[{"date":"2026-10-10","area_ha":36.2}],"track":[[-103.92847946849419,31.797656508708176]],"growth_24h_ha":null,"speed_km_day":null,"bearing_deg":null,"direction":null}},{"type":"Feature","geometry":{"type":"Polygon","coordinates":[[[-104.02539673577141,31.922040162393255],[-104.02557073630842,31.922111018601164],[-104.02573579710739,31.922195782171563],[-104.02589036607465,31.92229365606841],[-104.02603298975582,31.922403719975883],[-104.02616232700218,31.9225249389511],[-104.0262771615817,31.92265617315473],[-104.02637641361629,31.9227961885678],[-104.0264591497377,31.922943668594336],[-104.02652459186645,31.92309722644062],[-104.02657212453111,31.923255418154643],[-104.02660130065927,31.923416756203306],[-104.02661184578524,31.923579723459678],[-104.02660366063508,31.923742787468807],[-104.02657682206437,31.92390441485796],[-104.0265315823398,31.924063085755773],[-104.02646836677097,31.924217308084806],[-104.0263877697149,31.92436563159291],[-104.02629054899033,31.92450666149164],[-104.02617761875436,31.924639071573342],[-104.02605004090829,31.92476161668332],[-104.02590901511344,31.924873144430165],[-104.02575586751065,31.92497260602384],[-104.0255920382497,31.92505906613943],[-104.02541906794575,31.925131711713913],[-104.02523858319039,31.92518985959325],[-104.02505228125337,31.925232962957615],[-104.02486191411921,31.925260616464342],[-104.02070182886457,31.92569062412506],[-104.02050406720451,31.925702661838233],[-104.02030586890343,31.925698027575297],[-104.02010919781395,31.92567676725457],[-104.01991600265343,31.925639091532464],[-104.01972819769158,31.925585373715904],[-104.01954764377969,31.925516146062957],[-104.01937612990963,31.925432094508015],[-104.01921535548551,31.925334051864525],[-104.01906691348368,31.925222989571797],[-104.01893227466819,31.925100008068597],[-104.01881277301798,31.92496632588824],[-104.01870959251036,31.92482326758378],[-104.01862375539156,31.92467225060276],[-104.01855611205069,31.92451477124173],[-104.01850733259714,31.924352389819646],[-104.018477900225,31.92418671521736],[-104.01846810642988,31.924019388936046],[-104.01847804812536,31.92385206883288],[-104.01850762668776,31.92368641269499],[-104.018556548938,31.92352406181445],[-104.01862433005113,31.92336662472697],[-104.01871029836413,31.923215661275595],[-104.01881360203446,31.923072667156983],[-104.01893321748302,31.922939059103673],[-104.01906795953794,31.922816160848637],[-104.01921649317843,31.92270519001172],[-104.01937734676245,31.922607246037185],[-104.02149732510489,31.921447263511723],[-104.02166526786769,31.921364896146827],[-104.02184190387624,31.921296738217926],[-104.02202555443523,31.921243437475045],[-104.02221447419772,31.921205500469476],[-104.02240686774961,31.92118328774053],[-104.02260090666952,31.921177010389545],[-104.02279474690228,31.921186728074087],[-104.02298654628049,31.921212348440996],[-104.02317448202855,31.92125362800395],[-104.0233567680823,31.921310174457115],[-104.02539673577141,31.922040162393255]]]},"properties":{"fire_id":"F7094","date":"2026-10-10","area_ha":28.8,"cumulative_ha":28.8,"frp_sum":3.1,"n_detections":3,"first_seen":"2026-10-10","last_seen":"2026-10-10","centroid":[-104.02252,31.92359],"history":[{"date":"2026-10-10","area_ha":28.8}],"track":[[-104.02252064894373,31.92359239100993]],"growth_24h_ha":null,"speed_km_day":null,"bearing_deg":null,"direction":null}},{"type":"Feature","geometry":{"type":"Polygon","coordinates":[[[-100.68720757040849,32.050226178944754],[-100.68710619364035,32.05036813963192],[-100.68698875196745,32.050501000766936],[-100.68685638448768,32.050623473614316],[-100.68671037509581,32.05073437019879],[-100.68655214003054,32.05083261482965],[-100.6863832141372,32.050917254536316],[-100.68620523597907,32.050987468313195],[-100.6860199319418,32.051042575084644],[-100.68582909948533,32.051082040312295],[-100.68563458970563,32.05110548118096],[-100.68543828937587,32.0511126703125],[-100.6852421026411,32.05110353797178],[-100.68504793254424,32.05107817274318],[-100.68485766256289,32.051036820671285],[-100.68467313833595,32.050979882873726],[-100.68449614975773,32.05090791164977],[-100.68432841361323,32.05082160512223],[-100.68417155692322,32.050721800464515],[-100.68402710116071,32.05060946577914],[-100.68389644749212,32.050485690705756],[-100.68378086318616,32.050351675850585],[-100.68368146932245,32.050208721139406],[-100.68359922991901,32.05005821320718],[-100.68353494258386,32.04990161194686],[-100.68348923078169,32.04974043634791],[-100.6834625377901,32.04957624976161],[-100.68343254492585,32.049286249307144],[-100.68342502503145,32.049131161302675],[-100.68343447994494,32.04897614861214],[-100.68346082911876,32.04882253020154],[-100.68350384825926,32.04867161316685],[-100.68356317123835,32.04852468161254],[-100.68363829321167,32.048382985725944],[-100.68372857491707,32.048247731140385],[-100.68524860125414,32.04619775074058],[-100.68536169454154,32.04606082763747],[-100.68549030981052,32.04593402636463],[-100.68563318211562,32.04581859396439],[-100.68578890631815,32.0457156656661],[-100.6859559509053,32.04562625372299],[-100.68613267305152,32.045551237458334],[-100.68631733477355,32.045491354618875],[-100.68650812002052,32.04544719412062],[-100.68670315253128,32.045419190257924],[-100.68690051428322,32.04540761843315],[-100.6870982643514,32.04541259244868],[-100.68729445799276,32.045434063387845],[-100.68748716576783,32.04547182009607],[-100.68767449251204,32.0455254912569],[-100.68785459597036,32.045594549043315],[-100.68802570491192,32.04567831430779],[-100.68818613654696,32.04577596326033],[-100.68833431307455,32.04588653556887],[-100.68846877719875,32.04600894380264],[-100.68858820646042,32.04614198412508],[-100.68869142624402,32.04628434813196],[-100.68877742133108,32.0464346357177],[-100.68884534588713,32.04659136884392],[-100.6888945317834,32.04675300607442],[-100.68892449517143,32.04691795773413],[-100.68893494124602,32.047084601542636],[-100.68892576714906,32.04725129856875],[-100.68889706298603,32.0474164093491],[-100.68884911094447,32.04757831001241],[-100.68878238252336,32.04773540825067],[-100.68869753390005,32.04788615898032],[-100.68720757040849,32.050226178944754]]]},"properties":{"fire_id":"F6172","date":"2026-10-10","area_ha":22.5,"cumulative_ha":78.1,"frp_sum":1.3,"n_detections":3,"first_seen":"2026-10-06","last_seen":"2026-10-10","centroid":[-100.68616,32.04826],"history":[{"date":"2026-10-06","area_ha":29.1},{"date":"2026-10-07","area_ha":77.5},{"date":"2026-10-10","area_ha":22.5}],"track":[[-100.68645545766721,32.049236292046025],[-100.6881677780887,32.04907424221989],[-100.68615885965727,32.048256039211594]],"growth_24h_ha":-18.34,"speed_km_day":0.07,"bearing_deg":118.6,"direction":"ESE"}},{"type":"Feature","geometry":{"type":"Polygon","coordinates":[[[-101.82380352655166,32.055061466346864],[-101.82386093557604,32.05521650083388],[-101.82390035464611,32.05537548109016],[-101.82392141639721,32.05553692593674],[-101.82392392449032,32.05569933122496],[-101.82390785544541,32.05586118385],[-101.82387335886442,32.05602097584836],[-101.82382075604154,32.05617721844748],[-101.82375053697368,32.05632845593694],[-101.8236633557988,32.056473279231945],[-101.8235600247045,32.056610339002575],[-101.82344150636344,32.05673835824644],[-101.82330890496598,32.05685614418785],[-101.82316345593377,32.05696259939204],[-101.82300651440954,32.05705673199139],[-101.82283954263099,32.057137664928014],[-101.82266409630591,32.05720464412659],[-101.82248181011579,32.05725704552131],[-101.82229438248295,32.05729438087127],[-101.82210355974333,32.05731630231037],[-101.82191111987233,32.0573226055889],[-101.82171885591569,32.05731323197703],[-101.82152855927981,32.05728826881196],[-101.82134200303726,32.05724794868421],[-101.82116092540335,32.05719264726992],[-101.82098701353782,32.05712287983031],[-101.82082188782258,32.05703929640976],[-101.82066708676217,32.05694267577853],[-101.82052405264787,32.05683391817563],[-101.81935405241033,32.055853905633924],[-101.81922528380633,32.05573520429119],[-101.81911054574438,32.05560667365441],[-101.81901088709998,32.055469488755556],[-101.81892721887704,32.05532490373888],[-101.81886030588154,32.05517424039445],[-101.81881075973237,32.05501887607374],[-101.818779033273,32.05486023109708],[-101.81876541643521,32.05469975576892],[-101.81877003359234,32.054538917118876],[-101.8187928424263,32.054379185490454],[-101.81883363431837,32.054222021099534],[-101.81889203626022,32.05406886068587],[-101.81896751426756,32.053921104379256],[-101.81905937826475,32.05378010290094],[-101.81916678839625,32.05364714521659],[-101.81928876270634,32.053523446754106],[-101.81942418611744,32.053410138293934],[-101.81957182062459,32.0533082556332],[-101.81973031661289,32.053218730117976],[-101.8203403096265,32.052908734906744],[-101.82051226353828,32.05283075414558],[-101.82069243074365,32.052767321581776],[-101.82087908602819,32.05271904462089],[-101.82107044206168,32.05268638554353],[-101.82126466651006,32.052669657079335],[-101.82145989957792,32.05266901941296],[-101.82165427181354,32.05268447865043],[-101.82184592200666,32.05271588676067],[-101.82203301500698,32.05276294299278],[-101.82221375929369,32.052825196755464],[-101.8223864241275,32.05290205193092],[-101.82254935612102,32.052992772582456],[-101.82270099506933,32.05309649000015],[-101.82283988888886,32.05321221101856],[-101.82296470752172,32.05333882752561],[-101.8230742556724,32.05347512707232],[-101.82316748425481,32.053619804481784],[-101.82324350044019,32.05377147434616],[-101.82380352655166,32.055061466346864]]]},"properties":{"fire_id":"F7095","date":"2026-10-10","area_ha":18.6,"cumulative_ha":18.6,"frp_sum":2.5,"n_detections":3,"first_seen":"2026-10-10","last_seen":"2026-10-10","centroid":[-101.82143,32.05498],"history":[{"date":"2026-10-10","area_ha":18.6}],"track":[[-101.82142663602146,32.05498298218262]],"growth_24h_ha":null,"speed_km_day":null,"bearing_deg":null,"direction":null}},{"type":"Feature","geometry":{"type":"Polygon","coordinates":[[[-101.96202626585435,32.15079520468288],[-101.96221085999737,32.15074241946584],[-101.96240068392488,32.150705040074435],[-101.96259392982674,32.15068342249746],[-101.96278875730944,32.15067777261323],[-101.96298331091997,32.150688144229306],[-101.96317573781306,32.150714438570034],[-101.96336420539362,32.15075640521708],[-101.96354691876647,32.15081364449402],[-101.96372213782733,32.15088561127212],[-101.96388819383256,32.15097162016116],[-101.96404350528978,32.151070852035915],[-101.96418659301828,32.15118236183624],[-101.96431609423585,32.1513050875664],[-101.96443077553766,32.15143786040819],[-101.96706081579342,32.154817826869944],[-101.96716022709735,32.154960398389754],[-101.96724254216655,32.15511049927702],[-101.96730696593046,32.15526667990049],[-101.9673528760954,32.15542743190513],[-101.96737982915812,32.15559120277863],[-101.9673875646932,32.15575641084479],[-101.9673760078727,32.155921460538764],[-101.9673452701934,32.15608475781681],[-101.9672956484045,32.15624472555154],[-101.96722762164603,32.15639981876434],[-101.96714184682534,32.156548539547536],[-101.96703915227621,32.156689451531925],[-101.96692052976171,32.156821193760706],[-101.96678712489785,32.156942493834805],[-101.96664022609063,32.15705218020334],[-101.966481252093,32.15714919347996],[-101.96631173830205,32.157232596676025],[-101.9661333219289,32.15730158425155],[-101.96594772618431,32.15735548989647],[-101.96575674363308,32.15739379296713],[-101.96556221887796,32.1574161235156],[-101.96536603074047,32.15742226586343],[-101.96517007411101,32.15741216068502],[-101.96497624164353,32.157385905580796],[-101.9647864054718,32.15734375413429],[-101.96285564740033,32.15682834476009],[-101.96036173608887,32.15711675042344],[-101.96017356724883,32.15713091513399],[-101.95998465100223,32.157130046771286],[-101.9597966769732,32.1571141531017],[-101.9596113263573,32.157083376273356],[-101.95943025688256,32.15703799154452],[-101.95925508798047,32.15697840482149],[-101.95908738629998,32.15690514902772],[-101.95892865169392,32.15681887933672],[-101.95878030380321,32.156720367311706],[-101.95864366935918,32.15661049400399],[-101.95683367202882,32.15501047402328],[-101.95670604440215,32.15488599456431],[-101.95659345853262,32.15475161479797],[-101.95649699028408,32.15460861893629],[-101.95641756147505,32.154458373525515],[-101.95635593107177,32.15430231438587],[-101.95631268793841,32.15414193288906],[-101.95628824521316,32.153978761705424],[-101.95628283636427,32.153814360156495],[-101.95629651296329,32.153650299313405],[-101.95632914419667,32.15348814698313],[-101.9563804181203,32.15332945272614],[-101.95644984464471,32.15317573304917],[-101.9565367602224,32.1530284569137],[-101.95664033419227,32.152889031699154],[-101.95675957672023,32.15275878975501],[-101.95689334826041,32.15263897566991],[-101.95704037044611,32.15253073437943],[-101.95719923830643,32.152435100226555],[-101.95736843369211,32.15235298707874],[-101.95754633978184,32.152285179596205],[-101.96202626585435,32.15079520468288]]]},"properties":{"fire_id":"F6917","date":"2026-10-10","area_ha":54.9,"cumulative_ha":73.5,"frp_sum":7.2,"n_detections":5,"first_seen":"2026-10-09","last_seen":"2026-10-10","centroid":[-101.96193,32.15428],"history":[{"date":"2026-10-09","area_ha":43.4},{"date":"2026-10-10","area_ha":54.9}],"track":[[-101.96276716067804,32.152155787287725],[-101.96192999697078,32.15427978514428]],"growth_24h_ha":11.52,"speed_km_day":0.25,"bearing_deg":21.96,"direction":"NNE"}},{"type":"Feature","geometry":{"type":"Polygon","coordinates":[[[-101.8183901824398,32.23171779692091],[-101.81841938054569,32.23188044467349],[-101.81842955621592,32.232044713840295],[-101.81842061203332,32.23220903367574],[-101.81839263340564,32.23237183294145],[-101.81834588775318,32.232531554930596],[-101.8182808219562,32.23268667235374],[-101.81819805808557,32.23283570194356],[-101.8180983874582,32.23297721863893],[-101.81670840827508,32.23474723635385],[-101.81659074385125,32.23488199168649],[-101.81645775767987,32.23500625463163],[-101.81631076363335,32.235118797443675],[-101.81615121400458,32.23521850817032],[-101.81598068515784,32.23530440164019],[-101.81580086195328,32.235375629198025],[-101.81561352109843,32.235431487090615],[-101.81542051359133,32.23547142342141],[-101.81522374642935,32.23549504360407],[-101.81502516376383,32.235502114261855],[-101.81482672768753,32.23549256553387],[-101.81463039884457,32.23546649176533],[-101.8144381170547,32.235424150575355],[-101.81425178214353,32.235365960311086],[-101.81407323516818,32.23529249591367],[-101.81110319715343,32.23391247397961],[-101.81093906388912,32.23382726685567],[-101.81078545261616,32.23372915339276],[-101.81064379245758,32.23361904641],[-101.81051540133015,32.23349797030718],[-101.81040147368309,32.23336705153308],[-101.81030306938612,32.2332275081042],[-101.81022110387053,32.233080638271744],[-101.81015633961458,32.23292780844231],[-101.81010937905265,32.232770440464535],[-101.81008065897382,32.23260999840026],[-101.81007044646205,32.23244797490325],[-101.81007883641527,32.232285877332124],[-101.81010575066689,32.232125213726704],[-101.81015093871693,32.23196747877841],[-101.81021398006675,32.23181413992519],[-101.81029428813466,32.231666623700114],[-101.81039111571641,32.23152630246082],[-101.81050356193944,32.23139448162332],[-101.81063058064593,32.23127238751845],[-101.810770990127,32.231161155984495],[-101.81223071922035,32.23011174553618],[-101.81353944143672,32.227195798747566],[-101.81361867535588,32.227042710268435],[-101.813715557715,32.22689698445966],[-101.8138291339213,32.226760057039144],[-101.81395828492875,32.22663327703542],[-101.81410173826492,32.22651789349783],[-101.8142580805688,32.22641504319209],[-101.81442577151556,32.22632573940226],[-101.81460315899142,32.226250861949026],[-101.81478849536892,32.22619114852283],[-101.81497995472243,32.226147187417325],[-101.81517565081444,32.22611941173438],[-101.81537365567539,32.22610809511787],[-101.81557201859438,32.2261133490581],[-101.81576878533367,32.22613512179373],[-101.81596201737786,32.226173198821506],[-101.81614981102827,32.226227205009344],[-101.81633031615489,32.226296608291335],[-101.81650175442074,32.22638072490895],[-101.81666243679966,32.226478726146404],[-101.81681078021508,32.226589646493956],[-101.81694532313558,32.22671239315888],[-101.81706473997413,32.22684575683056],[-101.81716785414862,32.226988423593134],[-101.81725364967544,32.22713898786931],[-101.81732128118166,32.22729596626714],[-101.81737008223709,32.22745781219369],[-101.8183901824398,32.23171779692091]]]},"properties":{"fire_id":"F7096","date":"2026-10-10","area_ha":53.7,"cumulative_ha":53.7,"frp_sum":4.6,"n_detections":5,"first_seen":"2026-10-10","last_seen":"2026-10-10","centroid":[-101.8147,32.23115],"history":[{"date":"2026-10-10","area_ha":53.7}],"track":[[-101.81470420876803,32.23114598765811]],"growth_24h_ha":null,"speed_km_day":null,"bearing_deg":null,"direction":null}},{"type":"Feature","geometry":{"type":"Polygon","coordinates":[[[-97.5517847492994,32.24408650293464],[-97.5519646464902,32.24414920621638],[-97.55213644096396,32.244226328399854],[-97.5522985039467,32.24431713829992],[-97.55244929891188,32.244420774957554],[-97.55258739614709,32.244536255801606],[-97.55271148630877,32.2446624859632],[-97.55282039283638,32.24479826865498],[-97.5529130831087,32.24494231651668],[-97.55298867823599,32.24509326381951],[-97.55304646139547,32.24524967941369],[-97.55308588463083,32.24541008029661],[-97.55310657405114,32.24557294567264],[-97.55310833337995,32.2457367313717],[-97.55309114582043,32.24589988448973],[-97.55305517421911,32.246060858112145],[-97.55300075952617,32.24621812598101],[-97.55292841756687,32.24637019696652],[-97.55283883415453,32.246515629205696],[-97.55273285859134,32.24665304377434],[-97.55261149561835,32.24678113776229],[-97.55247589589102,32.24689869662817],[-97.55232734507041,32.24700460571655],[-97.55216725163363,32.247097860827694],[-97.55199713351881,32.2471775777405],[-97.55181860373155,32.24724300059749],[-97.55090858839407,32.24753300552394],[-97.55072641072475,32.247582809673496],[-97.550539403373,32.24761772559456],[-97.55034928207886,32.24763743294505],[-97.5501577911574,32.24764175091633],[-97.54996668749205,32.24763063989241],[-97.54977772441251,32.24760420181338],[-97.54959263560555,32.24756267924008],[-97.54941311920585,32.247506453128196],[-97.5492408222136,32.247436039332726],[-97.54907732538152,32.24735208387434],[-97.54892412871021,32.24725535701162],[-97.54878263768506,32.24714674617318],[-97.54865415038095,32.24702724781483],[-97.54853984555307,32.246897958276506],[-97.54844077182318,32.24676006372271],[-97.54799078272538,32.246060057674676],[-97.5479073782564,32.24591388200738],[-97.54784109346204,32.24576163136964],[-97.54779254408881,32.24560472030365],[-97.54776218109635,32.245444606643844],[-97.54775028647127,32.24528277797177],[-97.5477569706113,32.245120737794984],[-97.54778217130374,32.24495999157819],[-97.54782565430767,32.24480203275653],[-97.54788701553416,32.24464832886094],[-97.54796568480435,32.24450030788436],[-97.5480609311502,32.24435934501561],[-97.54817186960832,32.244226749864076],[-97.54829746944418,32.24410375429378],[-97.54843656372972,32.24399150097992],[-97.54858786018559,32.243891032794146],[-97.54874995318708,32.243803283116975],[-97.54892133682253,32.24372906716768],[-97.54910041888245,32.24366907443147],[-97.54928553564996,32.24362386225511],[-97.54947496735475,32.243593850669704],[-97.54966695414754,32.24357931848922],[-97.54985971244638,32.24358040072052],[-97.55005145150324,32.243597087309496],[-97.55024039003723,32.243629223234315],[-97.55042477277985,32.24367650994544],[-97.5517847492994,32.24408650293464]]]},"properties":{"fire_id":"F6414","date":"2026-10-10","area_ha":17.3,"cumulative_ha":58.8,"frp_sum":4.1,"n_detections":3,"first_seen":"2026-10-07","last_seen":"2026-10-10","centroid":[-97.55038,32.24559],"history":[{"date":"2026-10-07","area_ha":32.2},{"date":"2026-10-08","area_ha":37.7},{"date":"2026-10-09","area_ha":37.7},{"date":"2026-10-10","area_ha":17.3}],"track":[[-97.554388111702,32.247504477880355],[-97.55232310769236,32.24618887137039],[-97.55201135422448,32.24606496141685],[-97.55037500336698,32.2455897653255]],"growth_24h_ha":-20.31,"speed_km_day":0.16,"bearing_deg":109.98,"direction":"ESE"}},{"type":"Feature","geometry":{"type":"Polygon","coordinates":[[[-101.41167589485646,32.28057433136072],[-101.41180232820105,32.28070268224608],[-101.41191303366429,32.28084092094025],[-101.41200692451395,32.280987690531575],[-101.41208307904876,32.28114155036496],[-101.41214074964856,32.281300990181805],[-101.4121793701164,32.28146444494352],[-101.41219856124022,32.28163031019308],[-101.4121981345196,32.28179695780356],[-101.41217809402093,32.28196275195972],[-101.41213863634214,32.282126065215024],[-101.41208014868764,32.28228529446713],[-101.41200320507195,32.28243887669456],[-101.41190856068914,32.28258530430043],[-101.4117971445031,32.2827231399122],[-101.4116700501315,32.28285103049241],[-101.41152852511257,32.28296772062169],[-101.41137395866006,32.283072064823855],[-101.41120786802675,32.28316303881148],[-101.4110318836098,32.283239749542055],[-101.41084773294504,32.28330144398576],[-101.41065722374661,32.283347516518575],[-101.41046222615888,32.28337751486829],[-101.41026465439516,32.28339114455502],[-101.41006644794311,32.2833882717823],[-101.40986955252212,32.28336892475085],[-101.40967590097927,32.283333293381645],[-101.40948739431172,32.28328172745121],[-101.40930588300233,32.28321473315753],[-101.40913314885124,32.283132968150184],[-101.40897088748255,32.28303723507352],[-101.40882069169754,32.28292847368645],[-101.40867069148159,32.28280847210517],[-101.40856898973777,32.282720967794724],[-101.40601899738891,32.280360938931494],[-101.40589441292965,32.280233612710205],[-101.40578525473599,32.280096644241205],[-101.40569257150078,32.279951349489615],[-101.40561725361314,32.27979912441131],[-101.40556002460653,32.279641431540064],[-101.40552143421063,32.279479785935],[-101.40550185307357,32.27931574062365],[-101.4055014692051,32.27915087168079],[-101.40552028617478,32.278986763085804],[-101.40555812308217,32.27882499150467],[-101.40561461629935,32.278667111142354],[-101.4056892229686,32.27851463881157],[-101.4057812262218,32.27836903936075],[-101.40588974207091,32.27823171160169],[-101.40601372790339,32.27810397487194],[-101.40615199250097,32.277987056360594],[-101.40630320748511,32.2778820793199],[-101.4064659200795,32.27779005227502],[-101.40663856706665,32.27771185933645],[-101.40681948980496,32.27764825170731],[-101.40700695016143,32.27759984046762],[-101.40719914720778,32.27756709070445],[-101.407394234519,32.27755031704459],[-101.40759033790874,32.277549680632326],[-101.40778557343116,32.277565187581686],[-101.40797806547629,32.27759668891762],[-101.40816596478564,32.277643882007],[-101.40834746621469,32.27770631346561],[-101.40852082607198,32.27778338351301],[-101.40868437886851,32.27787435173389],[-101.40883655331625,32.27797834419019],[-101.4089758874226,32.278094361815945],[-101.41167589485646,32.28057433136072]]]},"properties":{"fire_id":"F7097","date":"2026-10-10","area_ha":25.1,"cumulative_ha":25.1,"frp_sum":2.7,"n_detections":3,"first_seen":"2026-10-10","last_seen":"2026-10-10","centroid":[-101.40885,32.28047],"history":[{"date":"2026-10-10","area_ha":25.1}],"track":[[-101.4088488785552,32.28047159179542]],"growth_24h_ha":null,"speed_km_day":null,"bearing_deg":null,"direction":null}},{"type":"Feature","geometry":{"type":"Polygon","coordinates":[[[-101.5104264246919,32.368875430439175],[-101.5097468891655,32.368463146342954],[-101.50959255903483,32.36835940405304],[-101.50945116130505,32.368243392655934],[-101.50932407346082,32.36811624236657],[-101.50921253355753,32.36797919191309],[-101.50911762816116,32.36783357646772],[-101.5090402817648,32.36768081463791],[-101.50898124778475,32.367522394645164],[-101.50894110122427,32.36735985982551],[-101.50892023307568,32.36719479359361],[-101.5089188465158,32.36702880401664],[-101.50893695493112,32.36686350814827],[-101.50897438179213,32.36670051627545],[-101.50903076237779,32.3665414162315],[-101.50910554733281,32.366387757928266],[-101.5091980080235,32.36624103825795],[-101.50930724363931,32.36610268651176],[-101.50943218997115,32.36597405045729],[-101.50957162978057,32.36585638321033],[-101.50972420465901,32.36575083102876],[-101.50988842826119,32.36565842214764],[-101.5100627007841,32.365580056763804],[-101.51024532455033,32.36551649826795],[-101.51043452054394,32.365468365809086],[-101.51062844573832,32.36543612826412],[-101.5108252110466,32.36542009967104],[-101.51102289972079,32.36542043617027],[-101.51121958601979,32.36543713448382],[-101.51141335396508,32.365470031947304],[-101.51160231600142,32.36551880809423],[-101.51492225884965,32.36652879076632],[-101.51510024396698,32.3665912284735],[-101.5152702509458,32.36666775225869],[-101.51543070306737,32.36675765241306],[-101.5155801122132,32.36686009516824],[-101.51571709266553,32.366974130428055],[-101.51584037395874,32.367098700578936],[-101.51594881266257,32.36723265029767],[-101.51604140298808,32.36737473726512],[-101.51611728611753,32.3675236436873],[-101.51617575817215,32.36767798851619],[-101.51621627674325,32.367836340257675],[-101.5162384659264,32.36799723024745],[-101.51624211981165,32.36815916627211],[-101.5162272043974,32.368320646408556],[-101.51619385790981,32.36848017295414],[-101.51614238952511,32.36863626631779],[-101.51607327650574,32.36878747874335],[-101.51598715977758,32.36893240773807],[-101.5158848379885,32.3690697090815],[-101.51576726010359,32.36919810929398],[-101.51563551660557,32.36931641744939],[-101.51330551460678,32.37121644232354],[-101.51315916458037,32.37132466836191],[-101.51300097251465,32.37142043185778],[-101.51283243802813,32.37150282498094],[-101.51265515880094,32.37157106664895],[-101.5124708154275,32.37162450993285],[-101.51228115548247,32.371662648190934],[-101.51208797695102,32.37168511987237],[-101.51189311118114,32.37169171194542],[-101.5116984055189,32.37168236191706],[-101.51150570579229,32.371657158425734],[-101.5113168388093,32.371616340400806],[-101.51113359503641,32.371560294797185],[-101.51095771162214,32.37148955292638],[-101.51079085592627,32.371404785418946],[-101.51063460971142,32.37130679586595],[-101.51049045414658,32.37119651319996],[-101.5103597557653,32.371074982887656],[-101.510243753511,32.370943357017694],[-101.51014354699306,32.37080288337804],[-101.51006008606427,32.37065489362583],[-101.50999416181874,32.37050079066273],[-101.50994639909555,32.37034203533464],[-101.50991725055903,32.37018013258285],[-101.50990699241156,32.37001661717703],[-101.50991572177949,32.36985303916593],[-101.50994335579688,32.36969094918352],[-101.50998963239532,32.36953188374997],[-101.5100541127925,32.369377350706564],[-101.51013618565558,32.369228814922884],[-101.51023507289968,32.369087684411646],[-101.51034983706658,32.36895529698252],[-101.5104264246919,32.368875430439175]]]},"properties":{"fire_id":"F7098","date":"2026-10-10","area_ha":32.8,"cumulative_ha":32.8,"frp_sum":3.2,"n_detections":4,"first_seen":"2026-10-10","last_seen":"2026-10-10","centroid":[-101.5124,32.36837],"history":[{"date":"2026-10-10","area_ha":32.8}],"track":[[-101.5124043790834,32.36837248723067]],"growth_24h_ha":null,"speed_km_day":null,"bearing_deg":null,"direction":null}},{"type":"Feature","geometry":{"type":"Polygon","coordinates":[[[-101.67463219711686,32.53154636317697],[-101.67480543112477,32.531464912156764],[-101.67498742828508,32.531398205501546],[-101.67517640574516,32.53134689667051],[-101.67537051228591,32.531311488284665],[-101.6755678464534,32.53129232720376],[-101.6757664751821,32.531289601129245],[-101.6759644527275,32.531303336765625],[-101.6761598397228,32.53133339955906],[-101.67635072217317,32.53137949501513],[-101.6765352302018,32.531441171583275],[-101.676711556364,32.53151782507953],[-101.67687797335041,32.53160870460412],[-101.67703285090587,32.53171291989627],[-101.6771746717982,32.53182945005409],[-101.67730204668078,32.53195715353408],[-101.67741372770318,32.532094779332496],[-101.67750862073666,32.5322409792392],[-101.67758579609445,32.53239432104367],[-101.6776444976421,32.53255330256427],[-101.67768415020838,32.53271636636309],[-101.67770436522372,32.53288191500235],[-101.67770494453147,32.53304832669323],[-101.67747504832724,32.537178330226354],[-101.67745653953615,32.53734078298503],[-101.67741931536419,32.537500967438454],[-101.67736372639337,32.53765737447128],[-101.67729029623104,32.53780853054799],[-101.67719971658069,32.53795301159599],[-101.67709284072852,32.53808945642302],[-101.67697067550705,32.53821657954211],[-101.67683437181145,32.53833318328371],[-101.67668521375795,32.53843816908048],[-101.67652460658624,32.538530547818475],[-101.67635406341988,32.53860944915725],[-101.67617519100963,32.538674129730644],[-101.67598967459398,32.53872398015157],[-101.67579926201931,32.538758530754116],[-101.67560574727014,32.5387774560192],[-101.6754109535638,32.53878057764197],[-101.67521671616973,32.53876786621196],[-101.675024865115,32.538739441490286],[-101.67483720793943,32.53869557128101],[-101.67465551266244,32.53863666890773],[-101.67448149112292,32.538563289318716],[-101.67431678284876,32.538476123857855],[-101.67416293960822,32.53837599374997],[-101.67402141078882,32.53826384236284],[-101.6738935297416,32.53814072631808],[-101.67378050121934,32.538007805535074],[-101.67368339002721,32.537866332301924],[-101.67360311099254,32.537717639475986],[-101.67354042034857,32.53756312792575],[-101.67349590861278,32.53740425333198],[-101.67304403425415,32.5353470098912],[-101.66934251906547,32.53436246099945],[-101.66915808615474,32.53430492037417],[-101.6689812676127,32.53423252572385],[-101.6688137635504,32.53414597312767],[-101.66865718450428,32.53404609479218],[-101.6685130359494,32.53393385104853],[-101.66838270382367,32.533810321117585],[-101.66826744120233,32.53367669273213],[-101.66816835625077,32.53353425071555],[-101.66808640157127,32.53338436462718],[-101.66802236504648,32.533228475593226],[-101.66797686226727,32.53306808244956],[-101.66795033061754,32.532904727330006],[-101.66794302507323,32.53273998083861],[-101.66795501575508,32.5325754269486],[-101.66798618725917,32.532412647772816],[-101.66803623977088,32.532253208352664],[-101.66810469195192,32.53209864161139],[-101.66819088557217,32.53195043361647],[-101.66829399184176,32.53181000929275],[-101.66841301938236,32.53167871872371],[-101.66854682376095,32.531557824172474],[-101.6686941184943,32.53144848794721],[-101.66885348741835,32.53135176122774],[-101.66902339830341,32.53126857396051],[-101.66920221758463,32.53119972591908],[-101.66938822606565,32.53114587901614],[-101.66957963544516,32.531107550940796],[-101.66977460550692,32.53108511018204],[-101.6699712618087,32.53107877248691],[-101.6701677136998,32.53108859878637],[-101.67036207249441,32.531114494609774],[-101.67417860935797,32.53178509497508],[-101.67463219711686,32.53154636317697]]]},"properties":{"fire_id":"F5914","date":"2026-10-10","area_ha":48.6,"cumulative_ha":96.9,"frp_sum":6.4,"n_detections":5,"first_seen":"2026-10-04","last_seen":"2026-10-10","centroid":[-101.67373,32.53424],"history":[{"date":"2026-10-04","area_ha":32.1},{"date":"2026-10-06","area_ha":84.2},{"date":"2026-10-07","area_ha":26.9},{"date":"2026-10-08","area_ha":47.3},{"date":"2026-10-09","area_ha":19.6},{"date":"2026-10-10","area_ha":48.6}],"track":[[-101.67075603149911,32.53407707439568],[-101.6721996310894,32.53485156125675],[-101.67204832976499,32.53490482726079],[-101.67275595698167,32.533976527481585],[-101.67269327844356,32.53474896335614],[-101.67373123877724,32.534235833584916]],"growth_24h_ha":29.05,"speed_km_day":0.11,"bearing_deg":242.87,"direction":"WSW"}},{"type":"Feature","geometry":{"type":"Polygon","coordinates":[[[-103.7411359926916,32.56768209652765],[-103.74128807204598,32.567789346707386],[-103.74142673726254,32.567908664058315],[-103.74155062864317,32.568038878647826],[-103.74165853133186,32.56817871368821],[-103.74174938722815,32.568326798054855],[-103.74182230536442,32.56848167972908],[-103.74187657064509,32.568641840034694],[-103.74191165086222,32.56880570852846],[-103.74192720191805,32.56897167839809],[-103.74192307120371,32.56913812221752],[-103.74189929910042,32.569303407904464],[-103.7418561185882,32.569465914724034],[-103.74179395296615,32.569624049181456],[-103.74171341170612,32.56977626064788],[-103.74161528448028,32.56992105656639],[-103.74150053342119,32.570057017088615],[-103.74137028368999,32.57018280899865],[-103.74122581244514,32.57029719878788],[-103.74106853631977,32.570399064751726],[-103.73712850122871,32.57269909944263],[-103.73695946606425,32.572787664438785],[-103.73678077220572,32.57286175710719],[-103.7365941817639,32.57292064681084],[-103.73640153473306,32.57296375282976],[-103.73620473084355,32.57299065008851],[-103.73600571082517,32.573001073348564],[-103.7358064372656,32.572994919824254],[-103.73560887525325,32.57297225019664],[-103.73541497299533,32.57293328801485],[-103.7352266426026,32.57287841749144],[-103.7350457412304,32.572808179712915],[-103.73487405276197,32.57272326730315],[-103.73471327021527,32.572624517592345],[-103.73456497904621,32.5725129043589],[-103.73443064151364,32.572389528225585],[-103.73431158226003,32.572255605804905],[-103.73420897525011,32.572112457700825],[-103.7341238321962,32.57196149548505],[-103.73405699258437,32.57180420777636],[-103.73400911539972,32.571642145560695],[-103.7339806726321,32.5714769068961],[-103.73340080164608,32.56629689800777],[-103.73339204960475,32.56613497208263],[-103.73340196227319,32.56597309301554],[-103.73343044739616,32.56581276553389],[-103.73347724008423,32.56565547993456],[-103.73354190528006,32.5655026982316],[-103.7336238418062,32.56535584056686],[-103.73372228795655,32.565216272010154],[-103.73383632857936,32.56508528987161],[-103.73396490358603,32.56496411164391],[-103.73410681780635,32.5648538636868],[-103.73426075209859,32.56475557075846],[-103.7344252756111,32.56467014649163],[-103.73459885908161,32.56459838490249],[-103.73477988905042,32.56454095301125],[-103.73496668285557,32.56449838464323],[-103.7351575042708,32.564471075467665],[-103.73535057964081,32.56445927932075],[-103.73554411436407,32.56446310584641],[-103.73573630957031,32.56448251947749],[-103.73592537883744,32.56451733976626],[-103.73610956479301,32.56456724306138],[-103.73628715544594,32.564631765515685],[-103.73645650009664,32.564710307397036],[-103.73661602467814,32.564802138661854],[-103.7411359926916,32.56768209652765]]]},"properties":{"fire_id":"F6173","date":"2026-10-10","area_ha":51.6,"cumulative_ha":116.6,"frp_sum":2.4,"n_detections":3,"first_seen":"2026-10-06","last_seen":"2026-10-10","centroid":[-103.73702,32.56876],"history":[{"date":"2026-10-06","area_ha":108.4},{"date":"2026-10-07","area_ha":29.6},{"date":"2026-10-09","area_ha":23.7},{"date":"2026-10-10","area_ha":51.6}],"track":[[-103.73363545299142,32.56698936821619],[-103.73614896237825,32.56971502155003],[-103.73650545524383,32.56953779376634],[-103.73701632472596,32.5687626799963]],"growth_24h_ha":27.92,"speed_km_day":0.1,"bearing_deg":213.56,"direction":"SSW"}},{"type":"Feature","geometry":{"type":"Polygon","coordinates":[[[-104.39950051804328,32.85096153356855],[-104.40116222131999,32.8525587774096],[-104.40128318210714,32.852687143341846],[-104.40138863529583,32.85282469096393],[-104.40147758558162,32.85297012215567],[-104.40154919339298,32.85312206438841],[-104.40160278281773,32.853279083677634],[-104.40163784798543,32.85343969811542],[-104.40165405784542,32.853602391855915],[-104.40165125929545,32.85376562942089],[-104.40162947863094,32.85392787019142],[-104.40158892130115,32.854087582947855],[-104.40152996997467,32.854243260321894],[-104.40145318093164,32.854393433023404],[-104.40135927881735,32.85453668370851],[-104.40124914980623,32.85467166035734],[-104.4011238332405,32.8547970890357],[-104.40098451182267,32.85491178591978],[-104.4008325004541,32.85501466847059],[-104.40066923382506,32.85510476565224],[-104.40049625287337,32.85518122709843],[-104.40031519023947,32.85524333113914],[-104.4001277548553,32.85529049161339],[-104.39993571581243,32.85532226340226],[-104.39974088566193,32.855338346630845],[-104.39954510330358,32.85533858949909],[-104.39935021662632,32.85532298971465],[-104.39915806506356,32.85529169451475],[-104.39897046222859,32.85524499927597],[-104.39878917879375,32.85518334472625],[-104.39861592577536,32.8551073127841],[-104.39599221405112,32.8538164082529],[-104.39591317915362,32.853835469136605],[-104.39571657966077,32.853865689666215],[-104.39551735670526,32.85387951852762],[-104.39531747087885,32.853876819629306],[-104.39511888929805,32.85385761953146],[-104.39492356624153,32.85382210718453],[-104.3947334239142,32.853770632069455],[-104.39455033352722,32.85370370075787],[-104.3943760968801,32.85362197192596],[-104.39421242862673,32.85352624987155],[-104.39406093939968,32.85341747659769],[-104.39392311995888,32.85329672254123],[-104.39380032652105,32.853165176037265],[-104.39298548446953,32.85219670141794],[-104.39027226567563,32.851532393987],[-104.39008480074958,32.85147799623307],[-104.38990466297253,32.851408483003574],[-104.3897336000665,32.851324528729165],[-104.3895732716921,32.85122694794814],[-104.38942523334467,32.851116687402616],[-104.38929092126186,32.85099481685187],[-104.38917163848927,32.8508625186921],[-104.38906854223897,32.85072107648343],[-104.38898263266393,32.85057186249564],[-104.388914743157,32.8504163243932],[-104.38886553226854,32.850255971189064],[-104.38883547732097,32.8500923586037],[-104.38882486978207,32.84992707397105],[-104.38883381244179,32.849761720838124],[-104.38886221841965,32.84959790340783],[-104.38890981201232,32.84943721097542],[-104.38897613137303,32.84928120251031],[-104.39068619919635,32.84581122701487],[-104.39076837052517,32.84566491307494],[-104.39086700999144,32.845525856173744],[-104.39098120575926,32.84539534165786],[-104.39110990221693,32.845274575908554],[-104.39125190973576,32.84516467519187],[-104.39140591566711,32.84506665534201],[-104.39157049647554,32.84498142237282],[-104.39174413089633,32.844909764104465],[-104.39501407944871,32.843719784364744],[-104.39520542418128,32.8436595904079],[-104.39540309900673,32.84361588126722],[-104.39560506787952,32.84358910714721],[-104.39580925053396,32.843579543821214],[-104.39601354390689,32.843587289791365],[-104.39621584379502,32.84361226527425],[-104.39641406652383,32.84365421302254],[-104.39660617040545,32.84371270097415],[-104.40076610377055,32.845182675831495],[-104.40094435830306,32.84525446668914],[-104.40111330665783,32.84534049720113],[-104.4012713184267,32.845439937155355],[-104.40141686872471,32.845551826932976],[-104.40154855290497,32.84567508676764],[-104.40166510011413,32.84580852716425],[-104.40176538555734,32.84595086037676],[-104.40184844135483,32.846100712834044],[-104.40191346588482,32.846256638394415],[-104.40195983152266,32.84641713230042],[-104.40198709070154,32.84658064569978],[-104.401994980236,32.84674560059203],[-104.40198342386616,32.846910405056846],[-104.4019525329985,32.84707346861686],[-104.4019026056352,32.84723321758721],[-104.40183412350281,32.847388110263026],[-104.4017477474072,32.84753665179877],[-104.39950051804328,32.85096153356855]]]},"properties":{"fire_id":"F7099","date":"2026-10-10","area_ha":107.9,"cumulative_ha":107.9,"frp_sum":29.7,"n_detections":9,"first_seen":"2026-10-10","last_seen":"2026-10-10","centroid":[-104.39589,32.84911],"history":[{"date":"2026-10-10","area_ha":107.9}],"track":[[-104.39588916995967,32.849109520300594]],"growth_24h_ha":null,"speed_km_day":null,"bearing_deg":null,"direction":null}},{"type":"Feature","geometry":{"type":"Polygon","coordinates":[[[-120.0170492508361,38.79671051993163],[-120.01723484759567,38.796787244382465],[-120.01740991952998,38.796877375223715],[-120.01757282850417,38.79698006912984],[-120.01772205016984,38.79709436522282],[-120.01785618822768,38.79721919406149],[-120.0179739874931,38.797353387646574],[-120.018074345642,38.79749569034789],[-120.01815632352749,38.79764477065184],[-120.01821915397052,38.79779923361904],[-120.01826224894175,38.79795763393565],[-120.01828520506842,38.79811848943642],[-120.01828780741316,38.79828029497268],[-120.01827003149013,38.79844153649619],[-120.01823204349937,38.79860070522619],[-120.01817419877642,38.79875631176778],[-120.01809703847213,38.798906900049154],[-120.01800128449334,38.79905106094743],[-120.01788783275148,38.79918744547551],[-120.0177577447823,38.79931477740632],[-120.01761223781503,38.79943186521664],[-120.01745267338357,38.79953761323816],[-120.01728054458674,38.799631031912],[-120.01709746211615,38.7997112470501],[-120.016905139183,38.79977750801701],[-120.01567511695448,38.800147515971794],[-120.01547394643117,38.8001995066112],[-120.01526714067373,38.80023622728694],[-120.01505666180451,38.80025732960084],[-120.01484450680267,38.800262613338305],[-120.0146326885534,38.80025202836819],[-120.01442321674625,38.8002256751187],[-120.0142180788036,38.80018380362419],[-120.01401922102077,38.80012681115263],[-120.01382853009675,38.800055238435306],[-120.01364781523073,38.79996976453588],[-120.01347879095485,38.79987120040615],[-120.01332306086574,38.79976048119075],[-120.01318210240956,38.79963865735327],[-120.01305725286488,38.79950688470836],[-120.01294969665628,38.79936641345439],[-120.01286045411914,38.7992185763106],[-120.01279037182216,38.799064775871685],[-120.01274011453917,38.79890647129954],[-120.01271015894636,38.798745164478916],[-120.01270078910463,38.798582385767595],[-120.01271209376978,38.798419679477306],[-120.01274396555553,38.79825858922231],[-120.01279610195756,38.79810064327509],[-120.01286800822844,38.797947340068106],[-120.01295900207585,38.79780013397881],[-120.01306822013981,38.79766042153295],[-120.01319462618662,38.79752952815728],[-120.013824630659,38.796939536793325],[-120.01396324999912,38.79682161483118],[-120.01411581336758,38.796714316499454],[-120.01428094534268,38.79661860909544],[-120.01445715721455,38.79653535542034],[-120.01464286040517,38.796465306002354],[-120.01483638078827,38.79640909233192],[-120.0150359737794,38.796367221169824],[-120.01523984006091,38.79634006997984],[-120.01544614179969,38.796327883526445],[-120.01565301921163,38.79633077166893],[-120.01585860732422,38.796348708371035],[-120.01606105278533,38.79638153193577],[-120.01625853056777,38.7964289464628],[-120.01644926041847,38.79649052451519],[-120.0170492508361,38.79671051993163]]]},"properties":{"fire_id":"F7100","date":"2026-10-10","area_ha":16.1,"cumulative_ha":16.1,"frp_sum":14.7,"n_detections":3,"first_seen":"2026-10-10","last_seen":"2026-10-10","centroid":[-120.01547,38.79832],"history":[{"date":"2026-10-10","area_ha":16.1}],"track":[[-120.01546764808899,38.7983197413794]],"growth_24h_ha":null,"speed_km_day":null,"bearing_deg":null,"direction":null}},{"type":"Feature","geometry":{"type":"Polygon","coordinates":[[[-111.65414744436934,39.06679544192732],[-111.65435377771884,39.06689822869129],[-111.6545279151373,39.06699461729526],[-111.65468884173632,39.067103613327525],[-111.65483500327998,39.067224164143],[-111.65496498810752,39.067355105498976],[-111.65507754076769,39.06749517279757],[-111.65517157414558,39.067643013297115],[-111.65524617996468,39.06779719917555],[-111.65530063756248,39.067956241318505],[-111.65533442085498,39.06811860370037],[-111.65534720342244,39.06828271821805],[-111.65533886166716,39.06844699983564],[-111.6553094760128,39.06860986189239],[-111.655259330133,39.068769731427196],[-111.65518890821699,39.068925064371136],[-111.65509889029805,39.069074360461165],[-111.65499014569005,39.06921617773126],[-111.65486372459502,39.069349146440786],[-111.65472084796276,39.069471982305394],[-111.65456289570056,39.06958349890311],[-111.65439139334639,39.069682619134774],[-111.65420799733457,39.06976838562917],[-111.65401447899626,39.06983996999149],[-111.65381270744912,39.069896680805854],[-111.6536046315417,39.06993797031495],[-111.65339226102695,39.06996343971167],[-111.65317764714695,39.069972842991795],[-111.65296286281642,39.06996608933078],[-111.65274998259683,39.069943243960964],[-111.65254106265435,39.06990452754164],[-111.64833097780529,39.068954506294666],[-111.64813077131032,39.0689011307892],[-111.6479382625166,39.06883318107002],[-111.64775526026385,39.06875129561124],[-111.64758348404966,39.06865624382866],[-111.64742454787104,39.068548918848705],[-111.64727994505836,39.06843032911512],[-111.64715103424366,39.06830158891193],[-111.64703902659595,39.068163907892014],[-111.64694497444262,39.06801857970968],[-111.64405508771273,39.06294853246888],[-111.64397875877417,39.06279425979879],[-111.6439226646192,39.062634987501866],[-111.64388735048486,39.06247226409192],[-111.64387315956773,39.06230767162526],[-111.64388022969264,39.06214281031896],[-111.64390849197821,39.06197928299282],[-111.6439576715122,39.06181867948658],[-111.64402729002956,39.061662561203406],[-111.6441166705673,39.06151244593082],[-111.64422494405056,39.06136979308551],[-111.64435105774558,39.061235989526125],[-111.64449378549749,39.06111233607189],[-111.64465173965296,39.061000034857706],[-111.64482338455213,39.06090017764878],[-111.64500705145818,39.06081373522847],[-111.6452009547798,39.06074154796207],[-111.64540320942857,39.06068431762857],[-111.64561184914285,39.0606426005995],[-111.64582484560007,39.06061680243109],[-111.64604012813165,39.06060717392242],[-111.64625560384927,39.06061380867779],[-111.64646917798696,39.060636642196904],[-111.6466787742613,39.060675452501805],[-111.65026224764803,39.061483887237905],[-111.65373351858015,39.05957502527147],[-111.65183839351194,39.05579965773967],[-111.65177220975531,39.055645970169856],[-111.65172574648544,39.05548811032453],[-111.6516994382818,39.05532755513593],[-111.65169353114763,39.055165806744],[-111.65170808021323,39.055004378441915],[-111.65174294922524,39.05484478051807],[-111.65179781182657,39.05468850612616],[-111.65187215461431,39.05453701731627],[-111.65196528194765,39.05439173135712],[-111.6520763224599,39.054254007477624],[-111.65220423721395,39.05412513415177],[-111.65234782942468,39.05400631704554],[-111.6525057556573,39.05389866773899],[-111.6526765383966,39.05380319332819],[-111.65285857986983,39.05372078700525],[-111.65305017699353,39.05365221970341],[-111.65324953730499,39.05359813288618],[-111.65345479572889,39.053559032547355],[-111.65366403202266,39.05353528447831],[-111.65387528873751,39.05352711084663],[-111.6540865895271,39.053534588118076],[-111.65429595763283,39.05355764634145],[-111.65450143437302,39.05359606980285],[-111.65847135447432,39.05449604969186],[-111.6586745988244,39.054550583329494],[-111.65886984513233,39.054620145907904],[-111.6590551996147,39.05470406271738],[-111.65922886441489,39.05480151981942],[-111.65938915503936,39.05491157193989],[-111.65953451669554,39.05503315163609],[-111.65966353937257,39.05516507964872],[-111.65977497151881,39.05530607633847],[-111.65986773218337,39.055454774096376],[-111.65994092150385,39.055609730607685],[-111.65999382943843,39.05576944284046],[-111.66002594265755,39.05593236162339],[-111.66003694952794,39.056096906671996],[-111.66002674314089,39.05626148191625],[-111.6599954223547,39.05642449098232],[-111.65870556387516,39.06141451354488],[-111.65865141433251,39.06157943264399],[-111.65857565670562,39.0617392952739],[-111.65683572879227,39.064899323868005],[-111.65674075261762,39.06505021369674],[-111.65662652788218,39.06519308462012],[-111.65649419916726,39.06532650487178],[-111.65634509250269,39.065449137386594],[-111.65618070208052,39.06555975320168],[-111.65414744436934,39.06679544192732]]]},"properties":{"fire_id":"F6874","date":"2026-10-10","area_ha":137.1,"cumulative_ha":447.2,"frp_sum":18.1,"n_detections":10,"first_seen":"2026-10-08","last_seen":"2026-10-10","centroid":[-111.6527,39.06214],"history":[{"date":"2026-10-08","area_ha":65.3},{"date":"2026-10-09","area_ha":437.6},{"date":"2026-10-10","area_ha":137.1}],"track":[[-111.65563290447794,39.06280323061791],[-111.65098162560386,39.059217835062704],[-111.65270411527743,39.06214335035244]],"growth_24h_ha":-300.54,"speed_km_day":0.36,"bearing_deg":345.19,"direction":"NNW"}},{"type":"Feature","geometry":{"type":"Polygon","coordinates":[[[-111.61419026296362,39.06121114281344],[-111.61780759409903,39.05927855058327],[-111.61799217493592,39.059190053734454],[-111.6181873494077,39.05911604128463],[-111.61839118120918,39.0590572474918],[-111.61860164816432,39.05901425563203],[-111.61881666228457,39.05898749221407],[-111.61903409047949,39.058977222749085],[-111.61925177571426,39.058983549116974],[-111.6194675584046,39.05900640855598],[-111.61967929783685,39.059045574285136],[-111.61988489340115,39.059100657753646],[-111.62008230542708,39.05917111249478],[-111.62026957541534,39.05925623954617],[-111.62044484546499,39.059355194382704],[-111.62060637670348,39.05946699529334],[-111.62075256653692,39.059590533118865],[-111.62088196454938,39.059724582253935],[-111.6209932868936,39.05986781280457],[-111.62108542903015,39.060018803780224],[-111.6211574766888,39.06017605718999],[-111.62120871494317,39.060338012902974],[-111.62123863530827,39.06050306412541],[-111.62124694079058,39.06066957334125],[-111.62123354884038,39.06083588855794],[-111.62119859217651,39.06100035969615],[-111.62114241747554,39.06116135496115],[-111.61944252154652,39.06521138382309],[-111.61937017336238,39.06535934444014],[-111.61927990041839,39.06550142592249],[-111.61917250758027,39.065636361322184],[-111.61904895238814,39.06576294740645],[-111.61891033652047,39.06588005538798],[-111.6187578959719,39.06598664099181],[-111.61859299003258,39.06608175376872],[-111.61267292990513,39.06917181328007],[-111.61248289977452,39.06926050383427],[-111.61228206630545,39.06933396218254],[-111.61207250989388,39.06939142737231],[-111.6118564013136,39.06943230412205],[-111.61163597922572,39.06945616898883],[-111.61141352698405,39.069462774755785],[-111.61119134897709,39.06945205299353],[-111.61097174675199,39.069424114769184],[-111.61075699516786,39.069379249495576],[-111.61054931882582,39.06931792193259],[-111.60831450454711,39.068555860138964],[-111.60709483117752,39.06851096214751],[-111.60688015009453,39.0684949142935],[-111.60666857976217,39.06846277204179],[-111.60646217783422,39.06841484799701],[-111.60626295168828,39.06835160825135],[-111.60607283889956,39.068273667850605],[-111.60589368839385,39.06818178481129],[-111.60572724246374,39.06807685274724],[-111.60557511982265,39.06795989217714],[-111.60543879986179,39.06783204059787],[-111.60531960826314,39.06769454142014],[-111.60521870410828,39.06754873187427],[-111.6051370686086,39.06739603000362],[-111.60339910155649,39.06362384556071],[-111.60263075811193,39.06269326502192],[-111.60252651580097,39.062552333405705],[-111.60244057560263,39.0624043535008],[-111.60237374257072,39.062250711721106],[-111.60232664273259,39.06209284751715],[-111.60229971722816,39.06193223988928],[-111.60229321818166,39.06177039353045],[-111.60230720634436,39.06160882472883],[-111.6023415505307,39.06144904716201],[-111.60239592885216,39.06129255771611],[-111.60246983173795,39.061140822462725],[-111.60256256671329,39.060995262924564],[-111.60267326489094,39.06085724275912],[-111.60280088911456,39.060728054984494],[-111.60294424367787,39.060608909867355],[-111.60310198552817,39.06050092358612],[-111.60327263684943,39.06040510777605],[-111.6034545989068,39.06032236005329],[-111.6036461670232,39.060253455607445],[-111.6038455465474,39.060199039940755],[-111.60405086966423,39.060159622822134],[-111.60426021288967,39.060135573512575],[-111.6044716150867,39.06012711730656],[-111.6046830958338,39.060134333421985],[-111.60489267397372,39.06015715425813],[-111.60509838616925,39.060195366028914],[-111.6074477034926,39.060725033682886],[-111.60834287055536,39.05826196171449],[-111.60841104958811,39.058104916244],[-111.60849917853304,39.05795379142168],[-111.60860639498233,39.057810065908605],[-111.60873164978698,39.05767514595949],[-111.60887371732507,39.057550351665206],[-111.60903120749597,39.05743690403788],[-111.60920257932278,39.057335913066225],[-111.60938615602991,39.057248366856705],[-111.60958014144825,39.057175121967354],[-111.60978263758751,39.05711689502886],[-111.60999166320408,39.057074255734044],[-111.61020517318237,39.057047621265276],[-111.61042107854067,39.057037252213526],[-111.61063726686574,39.05704325002921],[-111.6108516229764,39.05706555602994],[-111.61106204961408,39.057103951974455],[-111.61126648795836,39.057158062197445],[-111.6114629377667,39.05722735728429],[-111.61164947694166,39.05731115925],[-111.61182428033426,39.057408648171176],[-111.61198563759959,39.05751887020683],[-111.61213196993027,39.05764074692936],[-111.61226184550387,39.05777308587424],[-111.61237399349318,39.05791459220584],[-111.61246731650252,39.05806388138472],[-111.61419026296362,39.06121114281344]]]},"properties":{"fire_id":"F7020","date":"2026-10-10","area_ha":140.5,"cumulative_ha":155.6,"frp_sum":25.1,"n_detections":10,"first_seen":"2026-10-09","last_seen":"2026-10-10","centroid":[-111.61165,39.06346],"history":[{"date":"2026-10-09","area_ha":95.1},{"date":"2026-10-10","area_ha":140.5}],"track":[[-111.60829231719134,39.064957651990866],[-111.61164907011208,39.06345518695748]],"growth_24h_ha":45.41,"speed_km_day":0.33,"bearing_deg":249.08,"direction":"WSW"}},{"type":"Feature","geometry":{"type":"Polygon","coordinates":[[[-111.77068413845562,39.38519664967101],[-111.77629992751503,39.389046582460175],[-111.77645578144414,39.38916469303609],[-111.77659535183997,39.38929407494063],[-111.77671724069613,39.389433432305644],[-111.77682022708049,39.389581369342565],[-111.77690327936672,39.38973640432078],[-111.77696556557079,39.38989698440704],[-111.77700646168867,39.390061501217545],[-111.77702555795166,39.390228306926616],[-111.77702266293642,39.39039573077094],[-111.77699780548821,39.39056209578401],[-111.77695123443816,39.39072573559317],[-111.77688341611679,39.39088501111097],[-111.77679502968857,39.39103832695376],[-111.7766869603543,39.39118414742289],[-111.77656029048859,39.39132101188834],[-111.7764162888018,39.39144754942103],[-111.77625639763427,39.39156249252645],[-111.77608221851021,39.391664689842706],[-111.77589549609617,39.39175311767524],[-111.77569810072433,39.391826890252645],[-111.77549200965599,39.39188526860103],[-111.77527928727315,39.39192766794764],[-111.7750620643964,39.39195366357956],[-111.7748425169367,39.391962995098986],[-111.77253246353364,39.39197299533489],[-111.77229681282363,39.391964367717726],[-111.77206373569639,39.391936549067935],[-111.77183591977018,39.39188986016408],[-111.7716159919839,39.391824839377904],[-111.7714064883003,39.391742236465056],[-111.76901645713302,39.3906722147035],[-111.76883768896384,39.39058299234387],[-111.76867115276609,39.390480964192946],[-111.76851842477856,39.39036709596572],[-111.76121844369578,39.38436699977249],[-111.76111328114345,39.38427392256897],[-111.75938329532872,39.382623898286056],[-111.75926053785963,39.38249461959561],[-111.75915450837732,39.38235702373146],[-111.7590661710086,39.382212361981594],[-111.75899632897438,39.382061949882875],[-111.75894561728872,39.381907155256705],[-111.75891449698783,39.381749385769254],[-111.75890325094193,39.381590076130045],[-111.75891198128738,39.38143067504459],[-111.75894060850271,39.38127263204015],[-111.75898887213648,39.38111738428466],[-111.75905633318035,39.380966343517976],[-111.75914237806556,39.380820883215044],[-111.75924622424613,39.38068232609713],[-111.75936692731831,39.38055193210479],[-111.75950338961104,39.38043088694229],[-111.76211500173076,39.378326186269696],[-111.7628788483041,39.37551140154267],[-111.76293300224846,39.37535190876965],[-111.76300748845392,39.375197245677555],[-111.76310158458503,39.375048911857334],[-111.76321437818724,39.374908345523025],[-111.76334477553758,39.37477690956842],[-111.76349151225202,39.374655878354325],[-111.76365316554663,39.37454642535425],[-111.76382816803343,39.374449611778466],[-111.76401482291729,39.37436637628672],[-111.76421132044648,39.37429752588877],[-111.76441575545738,39.37424372812158],[-111.76462614584361,39.37420550457842],[-111.76484045177016,39.37418322585288],[-111.76505659544691,39.374177107946394],[-111.76527248126963,39.37418721017455],[-111.76548601613356,39.37421343459213],[-111.76569512972286,39.37425552694248],[-111.76589779457913,39.37431307912219],[-111.76609204575507,39.374385533136916],[-111.76627599986256,39.37447218651044],[-111.76644787333055,39.374572199094125],[-111.7666059996965,39.37468460121123],[-111.76674884576286,39.37480830305678],[-111.76687502646278,39.374942105262285],[-111.76698331829057,39.375084710522785],[-111.76707267116673,39.375234736173574],[-111.7671422186223,39.375390727594706],[-111.76719128620405,39.37555117231352],[-111.76721939801843,39.37571451466842],[-111.76722628135082,39.37587917089167],[-111.76721186931532,39.37604354446526],[-111.76673819665321,39.379141258591595],[-111.76754931627697,39.38162306024415],[-111.77068413845562,39.38519664967101]]]},"properties":{"fire_id":"F7101","date":"2026-10-10","area_ha":122.4,"cumulative_ha":122.4,"frp_sum":10.7,"n_detections":10,"first_seen":"2026-10-10","last_seen":"2026-10-10","centroid":[-111.76708,39.3841],"history":[{"date":"2026-10-10","area_ha":122.4}],"track":[[-111.76707942108486,39.38410006598227]],"growth_24h_ha":null,"speed_km_day":null,"bearing_deg":null,"direction":null}},{"type":"Feature","geometry":{"type":"Polygon","coordinates":[[[-111.14503236838874,40.44778184318868],[-111.14524500037334,40.44772548842401],[-111.14546412691226,40.44768554478795],[-111.14568750684872,40.44766242080842],[-111.14591285553266,40.447656352988155],[-111.14613786818268,40.44766740338634],[-111.14636024345343,40.44769545898404],[-111.15089014471418,40.44844544102683],[-111.1511022657502,40.44848889030677],[-111.15130765510834,40.448547812434235],[-111.15150431553553,40.44862163444417],[-111.15169033464376,40.44870963848132],[-111.1518639035042,40.44881096877949],[-111.1520233342361,40.44892463998156],[-111.15216707641964,40.44904954671966],[-111.15229373217302,40.449184474362326],[-111.15240206974745,40.44932811082431],[-111.15249103550765,40.44947905932416],[-111.15255976418105,40.44963585196554],[-111.1526075872764,40.449796964010616],[-111.15263403958933,40.449960828706374],[-111.15263886373164,40.450125852519996],[-111.15262201263991,40.45029043063506],[-111.15258365003913,40.450452962557854],[-111.15252414885613,40.45061186768228],[-111.15244408759845,40.450765600661505],[-111.15234424473353,40.4509126664375],[-111.15222559112242,40.451051634781464],[-111.15208928058188,40.45118115420449],[-111.15193663866623,40.45129996510254],[-111.15176914977793,40.45140691200788],[-111.15158844273232,40.45150095482822],[-111.14073831035434,40.45657106037937],[-111.14049852475173,40.45666836031665],[-111.14024471466337,40.456742972222955],[-111.1389646890552,40.45705297945854],[-111.13877188750811,40.45709260553119],[-111.13042132144417,40.4585099199743],[-111.1253325266766,40.46089912317451],[-111.12514316189113,40.46097867580749],[-111.1249443918213,40.461044036545864],[-111.1247380988073,40.461094586418135],[-111.12452623644613,40.461129846711586],[-111.1243108110876,40.46114948350693],[-111.12409386283048,40.46115331084098],[-111.12387744619859,40.4611412924684],[-111.1236636106801,40.461113542204835],[-111.11913661615492,40.46035404483875],[-111.11549769190107,40.45975158656603],[-111.11083941948397,40.46193058813188],[-111.11066007382665,40.462006090375056],[-111.11047222474008,40.46206887222105],[-111.11027746944956,40.462118399846034],[-111.11007746391412,40.462154252123646],[-111.10987390874384,40.46217612420647],[-111.09548357573235,40.46321614960074],[-111.09526269195122,40.46322383449608],[-111.09504188002211,40.46321506317663],[-111.09482331094529,40.463189921881394],[-111.09460913366492,40.46314865779766],[-111.09440145393665,40.463091676630135],[-111.09420231362026,40.46301953861129],[-111.09401367060109,40.46293295299205],[-111.09383737953794,40.46283277106713],[-111.09367517362689,40.46271997780373],[-111.09352864756013,40.46259568215591],[-111.09339924184789,40.462461106159765],[-111.09328822865707,40.462317572917094],[-111.09319669930628,40.46216649358544],[-111.09312555353978,40.462009353502744],[-111.09307549068585,40.461847697582805],[-111.09304700278624,40.46168311512544],[-111.09304036976424,40.46151722419094],[-111.09305565667842,40.4613516556917],[-111.093092713089,40.46118803735841],[-111.0931511745428,40.461027977737764],[-111.09323046616184,40.46087305037921],[-111.09332980830033,40.460724778366426],[-111.0934482242138,40.46058461934489],[-111.09358454966547,40.46045395119357],[-111.09373744437443,40.46033405848062],[-111.09390540519384,40.460226119836975],[-111.09408678088883,40.46013119637122],[-111.09427978836926,40.46005022123992],[-111.0944825302176,40.45998399047582],[-111.10955521112122,40.45571277329815],[-111.11477751802701,40.45326090983553],[-111.12018758902168,40.45072089854902],[-111.12560922912043,40.44818015118875],[-111.12579821674092,40.44810087969027],[-111.12599655373988,40.448035740778515],[-111.12620237040645,40.447985348504716],[-111.1264137265342,40.44795017790541],[-111.12662862970791,40.44793056052514],[-111.1268450540821,40.44792668129197],[-111.12706095947424,40.447938576774376],[-111.12727431059315,40.44796613483678],[-111.13182023067864,40.448725451790715],[-111.136237926216,40.4494504577376],[-111.13907538234822,40.44961974189845],[-111.14503236838874,40.44778184318868]]]},"properties":{"fire_id":"F7029","date":"2026-10-10","area_ha":401.5,"cumulative_ha":742.5,"frp_sum":36.3,"n_detections":26,"first_seen":"2026-10-09","last_seen":"2026-10-10","centroid":[-111.12447,40.45527],"history":[{"date":"2026-10-09","area_ha":623.6},{"date":"2026-10-10","area_ha":401.5}],"track":[[-111.12842560232822,40.45109143102878],[-111.12446587026157,40.45526900896663]],"growth_24h_ha":-222.12,"speed_km_day":0.57,"bearing_deg":44.55,"direction":"NE"}},{"type":"Feature","geometry":{"type":"Polygon","coordinates":[[[-114.25890313018898,40.81979800607053],[-114.25908138552546,40.81988997171431],[-114.25924692285666,40.81999436295817],[-114.25939819567718,40.8201102045842],[-114.25953379072008,40.82023641440041],[-114.25965244116044,40.82037181334883],[-114.25975303845176,40.820515136518786],[-114.25983464268474,40.820665044962546],[-114.25989649137121,40.82082013820254],[-114.25993800657173,40.82097896731383],[-114.2599588002992,40.82114004845968],[-114.25995867814865,40.821301876753324],[-114.25993764111871,40.821462940317],[-114.25989588560748,40.821621734406634],[-114.25983380158303,40.82177677547026],[-114.259751968945,40.82192661500894],[-114.25965115211127,40.82206985311044],[-114.25953229288038,40.82220515152932],[-114.2593965016356,40.82233124619124],[-114.25924504697346,40.82244695900444],[-114.25601503926752,40.82468699980703],[-114.25584532959371,40.824793517272326],[-114.25566236392044,40.82488699263624],[-114.25546793172506,40.824966511644625],[-114.25526393465563,40.825031296543266],[-114.2550523679292,40.82508071368626],[-114.25483530081435,40.82511427973488],[-114.25461485638873,40.8251316663861],[-114.25439319076952,40.825132703584224],[-114.2541724720207,40.82511738118456],[-114.25395485894312,40.825085849052776],[-114.25374247995543,40.825038415598634],[-114.2535374122724,40.82497554475894],[-114.25334166158449,40.82489785145882],[-114.25315714243789,40.824806095596095],[-114.25298565950669,40.82470117460745],[-114.25282888994066,40.82458411468927],[-114.25268836696137,40.824456060759005],[-114.25256546486725,40.824318265255464],[-114.25246138559385,40.8241720758875],[-114.2523771469612,40.82401892245114],[-114.25231357272267,40.82386030284411],[-114.25227128451291,40.823697768414576],[-114.2522506957731,40.8235329087875],[-114.25225200771305,40.823367336317176],[-114.25227520734916,40.823202670317706],[-114.25298531116299,40.81979268334367],[-114.25302999744649,40.819631026067334],[-114.25309577636845,40.81947344150444],[-114.2531820084155,40.819321461385655],[-114.25328785528363,40.81917656295596],[-114.25341228803087,40.819040154617134],[-114.25355409708196,40.818913562239636],[-114.25371190398796,40.818798016276986],[-114.25388417482617,40.81869463980754],[-114.25406923511017,40.818604437620365],[-114.25426528606492,40.8185282864506],[-114.25447042210914,40.81846692645944],[-114.25468264937456,40.81842095404142],[-114.25489990508268,40.81839081602903],[-114.25512007759058,40.81837680535053],[-114.2553410269111,40.81837905818341],[-114.25556060550845,40.81839755263112],[-114.25577667916687,40.81843210893593],[-114.2559871477301,40.81848239122562],[-114.25618996551007,40.818547910777255],[-114.25638316116682,40.81862803076655],[-114.25890313018898,40.81979800607053]]]},"properties":{"fire_id":"F5624","date":"2026-10-10","area_ha":34.3,"cumulative_ha":96.0,"frp_sum":4.2,"n_detections":3,"first_seen":"2026-10-01","last_seen":"2026-10-10","centroid":[-114.2557,40.82169],"history":[{"date":"2026-10-01","area_ha":29.1},{"date":"2026-10-02","area_ha":72.4},{"date":"2026-10-03","area_ha":44.8},{"date":"2026-10-04","area_ha":30.6},{"date":"2026-10-07","area_ha":47.0},{"date":"2026-10-08","area_ha":25.3},{"date":"2026-10-09","area_ha":39.5},{"date":"2026-10-10","area_ha":34.3}],"track":[[-114.25622847459627,40.82271674512125],[-114.26001420061911,40.82192418714055],[-114.25874836968076,40.82172489314163],[-114.25761205716415,40.82157342378554],[-114.26150663053302,40.822873180405],[-114.25770819732142,40.821824941033604],[-114.25738439002738,40.822474485831584],[-114.25570374578237,40.82169129426131]],"growth_24h_ha":-5.27,"speed_km_day":0.17,"bearing_deg":132.97,"direction":"SE"}},{"type":"Feature","geometry":{"type":"Polygon","coordinates":[[[-110.39379912424971,43.63168831468284],[-110.40727817065063,43.6316398075724],[-110.40750942587628,43.631647230007154],[-110.40773852213042,43.63167111191269],[-110.40796320528831,43.631711218312475],[-110.40818126463718,43.63176715459505],[-110.40839055462357,43.63183837039538],[-110.40858901596039,43.63192416500915],[-110.40877469588584,43.632023694285195],[-110.40894576737537,43.632135978929796],[-110.40910054711755,43.63225991414015],[-110.40923751207704,43.6323942804729],[-110.40935531448183,43.63253775584079],[-110.40945279508716,43.63268892851928],[-110.40952899458556,43.632846311035394],[-110.40958316305048,43.63300835480246],[-110.40961476732075,43.63317346535622],[-110.40962349625256,43.63334001804311],[-110.40960926378753,43.63350637400588],[-110.40851949913034,43.640536395504846],[-110.40848319467847,43.64069836130746],[-110.40842512221433,43.64085700609425],[-110.40834583525455,43.64101081733473],[-110.4082460895899,43.64115832857059],[-110.40812683608422,43.64129813339816],[-110.40798921161286,43.64142889887899],[-110.40783452822646,43.64154937824999],[-110.40766426064377,43.64165842281235],[-110.40748003219232,43.64175499288539],[-110.40728359933112,43.64183816772131],[-110.40707683490295,43.64190715428577],[-110.40686171027598,43.641961294820696],[-110.40664027654503,43.642000073117146],[-110.40641464497207,43.64202311943828],[-110.40618696685223,43.64203021404559],[-110.40595941299786,43.64202128929442],[-110.40573415303619,43.6419964302792],[-110.40551333471848,43.641955874021825],[-110.40529906343771,43.641900007211255],[-110.39520879918129,43.63885978346281],[-110.39559572684028,43.63998687137864],[-110.39563975614743,43.64014894885807],[-110.39566147197338,43.640313355278515],[-110.39566066436979,43.64047850238162],[-110.39563734097607,43.640642794740586],[-110.39559172695185,43.64080464517327],[-110.395524262808,43.64096249007578],[-110.39543560015669,43.6411148045288],[-110.39532659542165,43.641260117030846],[-110.39519830156894,43.641397023715584],[-110.39505195793804,43.641524201916305],[-110.39488897827144,43.64164042294598],[-110.39471093705812,43.641744563969695],[-110.39451955432297,43.64183561885449],[-110.39431667900885,43.64191270789176],[-110.39410427111235,43.641975086298004],[-110.39388438274524,43.64202215141208],[-110.39365913830547,43.64205344851913],[-110.3934307139487,43.64206867524474],[-110.39320131655964,43.64206768447692],[-110.39297316242576,43.64205048578792],[-110.39274845582047,43.64201724534167],[-110.39252936770212,43.641968284287934],[-110.39231801473557,43.64190407565893],[-110.39211643883856,43.64182523979795],[-110.38993371341027,43.640868661591064],[-110.38667206269041,43.64034012819131],[-110.38440086959393,43.64157306945304],[-110.38218661308159,43.64424961841559],[-110.38431930890525,43.64650428253718],[-110.38443692583256,43.6466425130099],[-110.38453549242426,43.64678825895959],[-110.3846140912133,43.64694016395843],[-110.38467199055408,43.647096814247284],[-110.3847086514364,43.64725675189215],[-110.38472373250697,43.64741848835229],[-110.38471709325191,43.64758051833353],[-110.38468879531013,43.647741333797796],[-110.38463910190536,43.64789943799897],[-110.3845684754019,43.648053359413616],[-110.3844775730064,43.6482016654379],[-110.38436724065572,43.648342975722244],[-110.38423850514764,43.64847597502008],[-110.3840925645872,43.6485994254312],[-110.38393077723785,43.64871217792501],[-110.38375464888067,43.64881318303709],[-110.38356581879984,43.648901500639],[-110.38336604452425,43.64897630869036],[-110.38315718546765,43.64903691089196],[-110.38294118561959,43.64908274316799],[-110.38272005544822,43.64911337891774],[-110.38249585318398,43.64912853298718],[-110.37851575572887,43.64925853656904],[-110.37835329914843,43.64925976623432],[-110.372643159024,43.64915976347705],[-110.37242484499073,43.64914854646287],[-110.37220895032921,43.6491226590159],[-110.37199737334434,43.649082328760116],[-110.3717919743686,43.64902791031214],[-110.3715945594015,43.64895988216236],[-110.3681538425683,43.64762798551935],[-110.3637530328751,43.646908523894396],[-110.36353342727512,43.64686439732629],[-110.36332085026905,43.64680505725843],[-110.36311733030583,43.6467310699353],[-110.36292480939227,43.646643141368415],[-110.36274512455961,43.64654211059796],[-110.3625799903326,43.64642894168467],[-110.36243098236874,43.64630471450886],[-110.3622995224235,43.646170614464005],[-110.36218686478554,43.64602792114384],[-110.36209408431063,43.64587799613057],[-110.36202206616896,43.64572227000111],[-110.36197149740318,43.64556222867516],[-110.36194286037788,43.64539939923562],[-110.36193642818236,43.645235335356794],[-110.36195226203088,43.64507160247907],[-110.36199021068474,43.644909762871976],[-110.36298995412352,43.64163096493344],[-110.36397969970916,43.63836216717906],[-110.36398043773775,43.63835973824366],[-110.36498054174982,43.63507975763153],[-110.3650409959891,43.63491967544627],[-110.36512308119313,43.63476466571131],[-110.36522599704999,43.63461623945953],[-110.36534874020886,43.63447584353736],[-110.36549011406464,43.634344846502486],[-110.36564874042577,43.63422452528528],[-110.36582307295058,43.63411605274331],[-110.36601141222191,43.634020486230646],[-110.36621192231254,43.63393875729308],[-110.36642264868019,43.63387166258945],[-110.36664153721752,43.63381985612804],[-110.36686645427197,43.63378384289286],[-110.3670952074399,43.63376397392255],[-110.36732556693302,43.63376044288941],[-110.36755528730869,43.63377328421209],[-110.36778212935276,43.63380237272013],[-110.3725020223347,43.63458235176317],[-110.37272373234188,43.63462738438765],[-110.37293819594198,43.63468793506631],[-110.3731433235272,43.63476341383989],[-110.37333711643532,43.63485308529883],[-110.37351768642094,43.63495607574694],[-110.37368327405176,43.635071381712315],[-110.37383226585108,43.635197879722696],[-110.37396321001924,43.63533433724991],[-110.37407483058088,43.63547942471703],[-110.37416603982042,43.635631728451415],[-110.37423594888403,43.635789764457236],[-110.37507531587595,43.63807097829468],[-110.3793687071507,43.636596125537515],[-110.38013126490092,43.63412749046906],[-110.38113068834758,43.63084974171883],[-110.38119101402091,43.630689942852605],[-110.38127289341217,43.63053519576587],[-110.38137553106034,43.630387003556585],[-110.38149792989202,43.63024680564267],[-110.3816389009103,43.63011596378249],[-110.3817970747469,43.62999574884941],[-110.38197091496518,43.629887328489886],[-110.38215873298472,43.629791755783785],[-110.38235870448244,43.629709959017966],[-110.38256888711122,43.62964273267169],[-110.38278723936364,43.629590729701555],[-110.38301164039798,43.629554455200996],[-110.38323991063409,43.629534261495564],[-110.38346983291898,43.62953034472152],[-110.3836991740571,43.62954274292149],[-110.38392570649627,43.62957133567495],[-110.38864559926392,43.63034131497665],[-110.38893409609238,43.63040268787616],[-110.39379912424971,43.63168831468284]]]},"properties":{"fire_id":"F6856","date":"2026-10-10","area_ha":479.8,"cumulative_ha":479.8,"frp_sum":126.8,"n_detections":30,"first_seen":"2026-10-08","last_seen":"2026-10-10","centroid":[-110.38422,43.63899],"history":[{"date":"2026-10-08","area_ha":60.1},{"date":"2026-10-10","area_ha":479.8}],"track":[[-110.37023376471488,43.64241611904223],[-110.38422408908971,43.6389885697331]],"growth_24h_ha":209.81,"speed_km_day":0.59,"bearing_deg":259.87,"direction":"W"}},{"type":"Feature","geometry":{"type":"Polygon","coordinates":[[[-103.28457566536946,44.11523894013794],[-103.28479053060609,44.115289481883906],[-103.28499761178443,44.11535456869753],[-103.28519499112149,44.11543359782185],[-103.28538084066439,44.115525837380154],[-103.28555343921695,44.11563043315221],[-103.28571118827875,44.11574641648359],[-103.28585262684857,44.11587271325443],[-103.28597644495568,44.11600815382525],[-103.2860814957935,44.11615148386731],[-103.28616680634299,44.116301375977386],[-103.28623158638757,44.1164564419697],[-103.28627523583582,44.11661524573107],[-103.28629735028399,44.116776316520124],[-103.28629772476678,44.116938162587815],[-103.28621776714068,44.11816816419233],[-103.28619537876833,44.11833430455627],[-103.2861500847493,44.11849803872051],[-103.28608233108092,44.118657753847764],[-103.28599278500799,44.118811876676894],[-103.28588232845581,44.118958889021336],[-103.28575204934774,44.11909734272549],[-103.28560323089266,44.11922587393153],[-103.28543733894767,44.119343216516185],[-103.28525600758034,44.119448214564876],[-103.28506102297274,44.11953983376047],[-103.2848543058259,44.119617171574134],[-103.28463789243787,44.11967946615786],[-103.28441391464204,44.11972610385101],[-103.28418457880333,44.11975662522691],[-103.28395214407954,44.11977072961971],[-103.28371890016192,44.11976827808702],[-103.28348714471483,44.119749294778906],[-103.28325916073658,44.11971396669991],[-103.28303719406502,44.11966264186652],[-103.28282343124955,44.11959582587796],[-103.28060339424793,44.11880580602341],[-103.28039981781153,44.11872409617654],[-103.28020857264053,44.11862834029037],[-103.28003154503617,44.11851948286601],[-103.27987048103965,44.11839859762775],[-103.27972696921016,44.11826687693055],[-103.27863698510238,44.117156859019055],[-103.27851387860235,44.117017419069285],[-103.27841045300981,44.11687002085054],[-103.2783277030044,44.11671608213518],[-103.27826642437819,44.116557083595076],[-103.27822720638628,44.11639455455863],[-103.27821042608441,44.11623005829972],[-103.27821624470842,44.11606517700089],[-103.27824460612956,44.115901496535166],[-103.27829523740058,44.11574059121267],[-103.27836765138724,44.11558400863913],[-103.27846115145934,44.115433254831686],[-103.27857483819604,44.115289779735065],[-103.27870761804118,44.11515496327745],[-103.27885821382445,44.11503010210013],[-103.27902517704781,44.11491639708857],[-103.2792069018185,44.114814941824235],[-103.27940164029457,44.11472671206893],[-103.27960751949466,44.114652556382],[-103.27982255931026,44.11459318796104],[-103.28004469154709,44.114549177784156],[-103.28027177981306,44.11452094911988],[-103.28050164006126,44.11450877345725],[-103.28073206159084,44.114512767895604],[-103.280960828304,44.11453289401845],[-103.28118574001473,44.11456895826301],[-103.28457566536946,44.11523894013794]]]},"properties":{"fire_id":"F7102","date":"2026-10-10","area_ha":28.0,"cumulative_ha":28.0,"frp_sum":2.7,"n_detections":4,"first_seen":"2026-10-10","last_seen":"2026-10-10","centroid":[-103.28245,44.11704],"history":[{"date":"2026-10-10","area_ha":28.0}],"track":[[-103.28245264815237,44.117037348190884]],"growth_24h_ha":null,"speed_km_day":null,"bearing_deg":null,"direction":null}},{"type":"Feature","geometry":{"type":"Polygon","coordinates":[[[-123.16713602443534,45.229148906435505],[-123.16892626771387,45.22820137007303],[-123.16911988204397,45.22810897592004],[-123.1693253638146,45.22803037243871],[-123.16954074661137,45.227966311823955],[-123.16976396929066,45.22791740710064],[-123.16999289570037,45.22788412625873],[-123.17022533511846,45.227866787775966],[-123.17045906321249,45.22786555757106],[-123.1706918433209,45.227880447416304],[-123.17092144785177,45.22791131482498],[-123.17114567959511,45.22795786441455],[-123.1713623927448,45.22801965073247],[-123.17156951342885,45.22809608251793],[-123.17176505955227,45.22818642835849],[-123.17194715976264,45.22828982368773],[-123.17211407135655,45.22840527905678],[-123.17226419695648,45.22853168960127],[-123.17239609979782,45.2286678456122],[-123.17250851748024,45.22881244411071],[-123.17260037405134,45.22896410131531],[-123.17267079030738,45.22912136588292],[-123.17271909221166,45.22928273279646],[-123.1727448173507,45.22944665776673],[-123.17274771936528,45.22961157201062],[-123.17272777031454,45.22977589726404],[-123.17268516094978,45.229938060886234],[-123.17262029889525,45.23009651091073],[-123.17253380475302,45.23024973089894],[-123.17092386867644,45.23273976114701],[-123.17081988218985,45.232882235763995],[-123.17069719212073,45.23301710025978],[-123.17055690699817,45.23314313597867],[-123.17040029436306,45.233259204035505],[-123.17022876931598,45.23336425560832],[-123.17004388173125,45.23345734141766],[-123.16984730225185,45.23353762030613],[-123.16964080719202,45.233604366841135],[-123.16942626248445,45.233656977871604],[-123.16920560681638,45.233694977979596],[-123.16898083410786,45.23371802377758],[-123.16875397549042,45.23372590701206],[-123.16852708094886,45.233718556446135],[-123.16353695712837,45.23338854682926],[-123.1632991285978,45.233364250490254],[-123.16306596188019,45.23332322185259],[-123.162839815494,45.23326587593419],[-123.16262297693031,45.233192792806285],[-123.16241763951061,45.233104711724145],[-123.16222588019767,45.233002523647585],[-123.1620496385848,45.23288726222676],[-123.16189069727608,45.23276009334433],[-123.1617506638554,45.232622303320284],[-123.1616309546278,45.23247528589837],[-123.16153278029655,45.2323205281464],[-123.16145713372119,45.23215959541259],[-123.16140477988029,45.23199411549073],[-123.16137624813993,45.23182576215403],[-123.16109634968133,45.22895575638662],[-123.16109137639894,45.228800296161985],[-123.16110672419893,45.22864517395435],[-123.16114226237104,45.22849170945153],[-123.16190234697085,45.225951724807],[-123.16196305902491,45.22578932885306],[-123.1620463683819,45.22563200133692],[-123.16215144809263,45.225481303629586],[-123.16227725517068,45.225338731293704],[-123.16242254094796,45.225205699242956],[-123.16258586347035,45.22508352770197],[-123.16276560181042,45.2249734291065],[-123.16295997215498,45.2248764960733],[-123.16316704550763,45.224793690559096],[-123.16338476683124,45.224725834316224],[-123.16361097543968,45.2246736007396],[-123.16384342643714,45.224637508185566],[-123.16407981299238,45.22461791482914],[-123.16431778922664,45.224615015110416],[-123.16455499348889,45.22462883780556],[-123.16478907178738,45.22465924574126],[-123.16501770114517,45.22470593715566],[-123.16523861264834,45.22476844869217],[-123.16544961395812,45.22484615999673],[-123.16564861106409,45.22493829987242],[-123.16583362906238,45.225043953931],[-123.16600283175305,45.22516207366529],[-123.16615453986245,45.22529148685241],[-123.16628724770902,45.225430909184716],[-123.16639963814823,45.22557895701326],[-123.16649059564728,45.22573416107741],[-123.16655921736023,45.225894981084274],[-123.16660482209352,45.22605982099356],[-123.16662695707225,45.226227044855996],[-123.16662540244047,45.22639499304862],[-123.1664806943904,45.228204659716376],[-123.16713602443534,45.229148906435505]]]},"properties":{"fire_id":"F5416","date":"2026-10-10","area_ha":62.0,"cumulative_ha":82.7,"frp_sum":14.6,"n_detections":7,"first_seen":"2026-09-30","last_seen":"2026-10-10","centroid":[-123.16614,45.22981],"history":[{"date":"2026-09-30","area_ha":51.2},{"date":"2026-10-01","area_ha":40.3},{"date":"2026-10-02","area_ha":39.6},{"date":"2026-10-03","area_ha":50.8},{"date":"2026-10-06","area_ha":62.4},{"date":"2026-10-07","area_ha":40.4},{"date":"2026-10-08","area_ha":23.1},{"date":"2026-10-09","area_ha":37.1},{"date":"2026-10-10","area_ha":62.0}],"track":[[-123.16625462520557,45.229728702972835],[-123.16564812426961,45.22935144546339],[-123.16419756310167,45.22906084651296],[-123.16534698540964,45.23060560702771],[-123.16612833508755,45.23007618864348],[-123.1669112641518,45.22997627433305],[-123.16595360258547,45.22977360274083],[-123.16492166020821,45.2291909727174],[-123.16614320712422,45.22980763163016]],"growth_24h_ha":24.82,"speed_km_day":0.12,"bearing_deg":321.96,"direction":"NW"}},{"type":"Feature","geometry":{"type":"Polygon","coordinates":[[[-118.47907432096129,45.74450810258153],[-118.47958255972715,45.74403896059331],[-118.47973382826012,45.74391264798976],[-118.47990195530876,45.743797287632596],[-118.48008533598274,45.743693980649574],[-118.48028221981775,45.743603713111824],[-118.48049072748366,45.743527346623885],[-118.4807088687214,45.7434656101014],[-118.4809345613377,45.74341909281532],[-118.4811656510766,45.74338823876872],[-118.4813999321778,45.743373342459975],[-118.48163516842628,45.743374546072495],[-118.48186911449218,45.74339183811791],[-118.48209953735766,45.74342505354583],[-118.48232423762636,45.74347387531869],[-118.48254107051217,45.7435378374371],[-118.48274796630753,45.74361632938669],[-118.48294295013577,45.74370860196387],[-118.48312416079905,45.74381377442538],[-118.48328986854256,45.743930842893064],[-118.483438491565,45.744058689934114],[-118.4835686111181,45.744196095225014],[-118.48367898505091,45.744341747197716],[-118.4837685596694,45.74449425555721],[-118.4838364797986,45.744652164550544],[-118.48388209695017,45.74481396686121],[-118.48390497551841,45.74497811799609],[-118.48390489694411,45.74514305102773],[-118.48388186180736,45.74530719155124],[-118.48383608982851,45.745468972713255],[-118.48376801777704,45.74562685016899],[-118.4836782953083,45.745779316825335],[-118.48356777876754,45.74592491722857],[-118.48343752301992,45.7460622614595],[-118.48002756594464,45.749302318874875],[-118.47987415803833,45.749433694571955],[-118.47970270217706,45.7495536027201],[-118.47951493266405,45.749660830353136],[-118.47931274885471,45.74975429277189],[-118.47909819594284,45.749833044519036],[-118.4788734442701,45.749896288945486],[-118.47864076736874,45.7499433862711],[-118.47524068813055,45.75050340254365],[-118.47501135049642,45.75053304073912],[-118.47477899875113,45.750546987382734],[-118.47454581224042,45.75054511165991],[-118.4743139781414,45.750527431164315],[-118.47408567094331,45.750494111732614],[-118.47386303204752,45.750445465888596],[-118.47364814967773,45.75038194991123],[-118.47344303929019,45.75030415955364],[-118.47324962466647,45.75021282445386],[-118.47306971986752,45.75010880128973],[-118.4729050122175,45.74999306574163],[-118.47275704647751,45.749866703339464],[-118.4726272103577,45.74973089927911],[-118.47251672150317,45.749586927303966],[-118.47242661607658,45.74943613775674],[-118.47235773904329,45.749279944912416],[-118.47231073625122,45.74911981371238],[-118.4722860483784,45.748957246023416],[-118.47228390680588,45.74879376655115],[-118.47230433145353,45.748630908539546],[-118.47314448252796,45.7443309259551],[-118.47318801381859,45.74416804769422],[-118.47325411270599,45.74400894662773],[-118.47334214209847,45.74385515585711],[-118.47345125359725,45.74370815730137],[-118.47358039567631,45.74356936741894],[-118.47372832381926,45.74344012356038],[-118.47389361251433,45.74332167108403],[-118.47407466899254,45.74321515135788],[-118.47426974857598,45.74312159076389],[-118.47447697148908,45.743041890810176],[-118.47469434097003,45.74297681944645],[-118.47491976250865,45.74292700366601],[-118.475151064025,45.74289292346599],[-118.47538601679469,45.74287490722355],[-118.47562235691943,45.742873128532516],[-118.47585780713602,45.74288760453128],[-118.47609009875409,45.742918195737765],[-118.47631699351116,45.742964607392814],[-118.47653630513514,45.74302639229986],[-118.47674592040603,45.74310295513251],[-118.47694381951483,45.74319355816957],[-118.47712809552307,45.74329732840151],[-118.47907432096129,45.74450810258153]]]},"properties":{"fire_id":"F7103","date":"2026-10-10","area_ha":55.1,"cumulative_ha":55.1,"frp_sum":16.5,"n_detections":5,"first_seen":"2026-10-10","last_seen":"2026-10-10","centroid":[-118.47746,45.74661],"history":[{"date":"2026-10-10","area_ha":55.1}],"track":[[-118.47745555822334,45.74660676824403]],"growth_24h_ha":null,"speed_km_day":null,"bearing_deg":null,"direction":null}},{"type":"Feature","geometry":{"type":"Polygon","coordinates":[[[-103.14971992964377,47.57256310746473],[-103.14974929694404,47.57272953365507],[-103.14975458618483,47.572897134825716],[-103.14973574560531,47.573064276695746],[-103.14969295873736,47.573229329447535],[-103.14962664262295,47.57339068361949],[-103.14742678605278,47.57788072941652],[-103.14733713983341,47.57803747643748],[-103.14722529212857,47.578187363401014],[-103.14709234293991,47.578328915984805],[-103.14693959985131,47.57846074183385],[-103.14676856517067,47.57858154425836],[-103.1465809211553,47.57869013499077],[-103.14637851346573,47.5787854458763],[-103.14616333301086,47.57886653938227],[-103.14593749636326,47.57893261782234],[-103.14570322493694,47.57898303120502],[-103.1454628231329,47.57901728362917],[-103.14521865566748,47.579035038163184],[-103.14417862870134,47.57907503944233],[-103.14393887450012,47.579076286189526],[-103.14370006878107,47.57906162380903],[-103.14346445136255,47.57903118982558],[-103.14323423215214,47.57898526969188],[-103.1430115704149,47.578924294110834],[-103.14279855451699,47.578848834994446],[-103.14259718233531,47.57875960009829],[-103.1424093425164,47.57865742638163],[-103.14223679676111,47.57854327215535],[-103.13950680309452,47.57655322848537],[-103.1393502519798,47.576427338607665],[-103.13921231444208,47.5762915966318],[-103.13909430048021,47.576147291836605],[-103.13899733083788,47.575995794819804],[-103.1389223263628,47.5758385444784],[-103.13886999926552,47.57567703434073],[-103.1388408463607,47.57551279837975],[-103.1388351443547,47.575347396443235],[-103.13885294722421,47.575182399438276],[-103.13889408571026,47.57501937441154],[-103.13895816893249,47.57485986966668],[-103.13904458810788,47.57470540006017],[-103.13915252233846,47.5745574326156],[-103.13928094641285,47.57441737259246],[-103.13942864054718,47.57428655014191],[-103.13959420197297,47.57416620767641],[-103.13977605826152,47.574057488072505],[-103.13997248225854,47.5739614238193],[-103.145922405608,47.57134149441601],[-103.1461339365098,47.571258140533324],[-103.1463564035571,47.571189470288395],[-103.14658764615845,47.571136150583534],[-103.14682541851442,47.571098699240046],[-103.14706741142423,47.571077479970654],[-103.14731127470748,47.57107269884812],[-103.14755464002332,47.57108440230474],[-103.14779514386598,47.571112476681456],[-103.1480304505132,47.57115664933123],[-103.14825827470516,47.57121649126627],[-103.14847640383405,47.57129142132306],[-103.14868271942869,47.57138071180479],[-103.1488752177259,47.571483495546815],[-103.14905202912904,47.57159877433623],[-103.14921143636468,47.571725428604104],[-103.14935189116137,47.571862228296325],[-103.14947202928818,47.572007844817506],[-103.14957068380728,47.57216086393219],[-103.14964689641154,47.57231979949802],[-103.14969992673677,47.572483107897604],[-103.14971992964377,47.57256310746473]]]},"properties":{"fire_id":"F6930","date":"2026-10-10","area_ha":48.2,"cumulative_ha":48.4,"frp_sum":3.4,"n_detections":5,"first_seen":"2026-10-09","last_seen":"2026-10-10","centroid":[-103.14464,47.57512],"history":[{"date":"2026-10-09","area_ha":24.6},{"date":"2026-10-10","area_ha":48.2}],"track":[[-103.14437022823817,47.57599833934881],[-103.14464396556693,47.575119920498054]],"growth_24h_ha":23.63,"speed_km_day":0.1,"bearing_deg":196.37,"direction":"SSW"}},{"type":"Feature","geometry":{"type":"Polygon","coordinates":[[[-102.86918502561446,47.86255506295735],[-102.86923644293422,47.86243204864816],[-102.86930125470977,47.86231202649225],[-102.87035130581613,47.86057204797768],[-102.87045310957276,47.8604239990127],[-102.87057526826446,47.86028332567269],[-102.87071664992497,47.86015133132726],[-102.87087594450486,47.86002923892372],[-102.87105167601194,47.859918179658266],[-102.87124221618807,47.85981918249732],[-102.87144579959549,47.859733164646066],[-102.87166053997328,47.85966092305276],[-102.87188444771174,47.8596031270267],[-102.87211544828374,47.859560312038845],[-102.87235140146178,47.85953287476209],[-102.87259012114303,47.85952106939717],[-102.87282939559915,47.85952500531823],[-102.87306700796299,47.85954464605986],[-102.87330075676303,47.85957980965473],[-102.87352847631529,47.85963017031901],[-102.87374805678398,47.85969526146994],[-102.87395746372546,47.85977448004731],[-102.87415475693429,47.85986709209937],[-102.8743381084172,47.859972239581005],[-102.87450581932832,47.86008894830163],[-102.87465633570909,47.860216136949035],[-102.87781637799365,47.863166080512734],[-102.87795210105277,47.863306939970585],[-102.87806672699966,47.863456299979454],[-102.87815912675417,47.863612689531045],[-102.87822839011727,47.863774568371404],[-102.8782738347413,47.86394034216914],[-102.87829501285661,47.86410837821643],[-102.8782917156889,47.86427702150881],[-102.87826397552273,47.86444461104513],[-102.87821206539098,47.86460949618696],[-102.87813649639307,47.86477005291697],[-102.8780380126677,47.864924699835264],[-102.87791758406993,47.86507191373693],[-102.87777639662387,47.86521024461644],[-102.87761584084524,47.86533832995197],[-102.87743749804852,47.86545490812786],[-102.87724312477344,47.86555883086381],[-102.87703463548414,47.86564907452752],[-102.8768140837115,47.86572475021977],[-102.87658364182427,47.86578511253221],[-102.87634557962862,47.86582956689149],[-102.87143546026545,47.866569590298155],[-102.87119876704293,47.86659714656058],[-102.8709592883354,47.86660897387502],[-102.87071925686658,47.866604961970154],[-102.8704809105149,47.86658514825081],[-102.87024647144435,47.86654971744895],[-102.87001812538193,47.86649899990094],[-102.86979800123513,47.86643346846684],[-102.86958815123994,47.86635373412044],[-102.86939053182432,47.866260540251474],[-102.86920698536585,47.866154755733],[-102.86903922301381,47.86603736681869],[-102.86888880873585,47.86590946794572],[-102.86875714473786,47.865772251529144],[-102.8686454583934,47.86562699684274],[-102.86855479080398,47.865475058090524],[-102.86848598709706,47.865317851779814],[-102.8684396885519,47.865156843513816],[-102.86841632662676,47.86499353432707],[-102.86841611894252,47.864829446690784],[-102.86843906726037,47.864666110319135],[-102.8684849574719,47.8645050479084],[-102.86918502561446,47.86255506295735]]]},"properties":{"fire_id":"F7104","date":"2026-10-10","area_ha":41.1,"cumulative_ha":41.1,"frp_sum":34.2,"n_detections":4,"first_seen":"2026-10-10","last_seen":"2026-10-10","centroid":[-102.87305,47.8634],"history":[{"date":"2026-10-10","area_ha":41.1}],"track":[[-102.87305331935285,47.86339600005769]],"growth_24h_ha":null,"speed_km_day":null,"bearing_deg":null,"direction":null}},{"type":"Feature","geometry":{"type":"Polygon","coordinates":[[[-102.79760777413459,48.0079356096342],[-102.797486145892,48.00807968746693],[-102.7973444740188,48.008214971580124],[-102.79718411308399,48.00834016835055],[-102.79700659639103,48.00845408060384],[-102.79681362131772,48.00855561906466],[-102.79660703308599,48.00864381277487],[-102.7963888071164,48.00871781838052],[-102.79616103013697,48.00877692819837],[-102.79592588022595,48.00882057698488],[-102.79568560598061,48.00884834734298],[-102.79544250501067,48.00885997371459],[-102.79519890196265,48.00885534492063],[-102.79495712628528,48.008834505224726],[-102.79471948994906,48.00879765390964],[-102.79448826533296,48.008745143371115],[-102.79426566349038,48.00867747574707],[-102.79405381300205,48.008595298114535],[-102.79385473961842,48.00849939630029],[-102.79367034688646,48.00839068736447],[-102.79350239794607,48.00827021082897],[-102.79335249867053,48.008139118735215],[-102.79322208231176,48.00799866462528],[-102.79311239579778,48.00785019155339],[-102.7930244878128,48.00769511924106],[-102.79295919877421,48.00753493049988],[-102.79291715280183,48.00737115705121],[-102.79289875175625,48.00720536487879],[-102.79290417140287,48.00703913925421],[-102.79293335973813,48.006874069578494],[-102.79346343772053,48.00475408118924],[-102.79351481382788,48.00459500147817],[-102.79358826463981,48.004440006280355],[-102.79368311587464,48.00429051812226],[-102.79379849685613,48.00414790897551],[-102.79393334850892,48.00401348766658],[-102.79408643308231,48.003888487866526],[-102.79425634551274,48.00377405677057],[-102.79444152632081,48.0036712445717],[-102.79464027592428,48.0035809948244],[-102.79485077023594,48.003504135787225],[-102.79507107740278,48.00344137282339],[-102.79529917553343,48.00339328192907],[-102.79553297125092,48.003360304448606],[-102.79577031890085,48.003342743025385],[-102.79600904023867,48.00334075882521],[-102.79624694441597,48.00335437005757],[-102.79648184808191,48.00338345180869],[-102.79743182511173,48.00353344704944],[-102.79766108852331,48.003577620045675],[-102.79788312279219,48.003636528044744],[-102.79809589889473,48.003709632741035],[-102.79829747239255,48.00379626609591],[-102.7984860011989,48.00389563644085],[-102.79865976241061,48.00400683570995],[-102.79881716805191,48.004128847736105],[-102.79895677958649,48.004260557535076],[-102.79907732106481,48.00440076149255],[-102.79917769078692,48.00454817836141],[-102.79925697137377,48.004701460968555],[-102.79931443815506,48.00485920852468],[-102.79934956579683,48.00501997942416],[-102.79936203310785,48.00518230441862],[-102.799351725981,48.005344700043395],[-102.79931873844211,48.005505682174615],[-102.79926337179708,48.005663779592496],[-102.79918613188413,48.00581754742765],[-102.79908772445647,48.00596558036654],[-102.79760777413459,48.0079356096342]]]},"properties":{"fire_id":"F7105","date":"2026-10-10","area_ha":22.3,"cumulative_ha":22.3,"frp_sum":3.0,"n_detections":3,"first_seen":"2026-10-10","last_seen":"2026-10-10","centroid":[-102.79596,48.00601],"history":[{"date":"2026-10-10","area_ha":22.3}],"track":[[-102.79596257385742,48.00601337482568]],"growth_24h_ha":null,"speed_km_day":null,"bearing_deg":null,"direction":null}},{"type":"Feature","geometry":{"type":"Polygon","coordinates":[[[-102.86745742413582,48.11246133307487],[-102.86755382535786,48.11230220263259],[-102.86767333598377,48.11215052726157],[-102.86781473174439,48.11200786051317],[-102.8679765642356,48.11187566365465],[-102.86815717575769,48.11175529070448],[-102.86835471629662,48.11164797456647],[-102.86856716247384,48.11155481440463],[-102.86879233826994,48.11147676438773],[-102.86902793731046,48.11141462391885],[-102.86927154648534,48.11136902944989],[-102.86952067066045,48.111340447964714],[-102.86977275822835,48.111329172197635],[-102.8700252272368,48.11133531763598],[-102.87027549182764,48.11135882133766],[-102.87052098871567,48.111399442575674],[-102.87457089574508,48.11221941686768],[-102.8747974732225,48.1122734943066],[-102.87501537986982,48.112342153789996],[-102.87522260020197,48.11242476028618],[-102.87541721755291,48.11252054976406],[-102.87559743180137,48.11262863625814],[-102.87576157601956,48.112748020060735],[-102.87590813189115,48.112877596966605],[-102.87603574375592,48.113016168483796],[-102.87614323115092,48.11316245291681],[-102.87622959973235,48.113315097219754],[-102.87629405047701,48.11347268950947],[-102.87633598707774,48.11363377212339],[-102.87635502146483,48.11379685510125],[-102.87635097740149,48.11396042996607],[-102.87632389212042,48.11412298367681],[-102.87627401598591,48.11428301262381],[-102.87620181018413,48.1144390365376],[-102.87610794246322,48.114589612182165],[-102.87599328096206,48.11473334670623],[-102.87585888618445,48.11486891052885],[-102.87570600119327,48.11499504964004],[-102.87224601384428,48.117585106670866],[-102.87207120596723,48.11770362735715],[-102.8718800895062,48.1178098174399],[-102.87167452941415,48.1179026406375],[-102.87145653162058,48.1179811911072],[-102.87122822345482,48.118044702287065],[-102.87099183288342,48.11809255437879],[-102.87074966676444,48.11812428039777],[-102.86825960329561,48.118364288171534],[-102.86801676684676,48.11837949513855],[-102.8677729115316,48.118378484774645],[-102.86753036443916,48.11836126672185],[-102.86729144017137,48.11832800529352],[-102.86705841874978,48.11827901790594],[-102.866833523853,48.118214772048255],[-102.86661890159215,48.118135880819935],[-102.8664166000275,48.118043097078555],[-102.86622854962174,48.11793730625312],[-102.86605654481653,48.11781951789274],[-102.86590222690837,48.117690856030265],[-102.86576706838713,48.11755254845377],[-102.86565235888663,48.11740591498772],[-102.86555919288159,48.11725235489648],[-102.86548845924764,48.11709333352975],[-102.86544083278461,48.1169303683379],[-102.8654167677832,48.116765014390566],[-102.86541649369649,48.1165988495368],[-102.8654400129573,48.116433459348485],[-102.86548710096189,48.11627042199038],[-102.86555730822003,48.11611129316174],[-102.86745742413582,48.11246133307487]]]},"properties":{"fire_id":"F7106","date":"2026-10-10","area_ha":44.9,"cumulative_ha":44.9,"frp_sum":3.2,"n_detections":4,"first_seen":"2026-10-10","last_seen":"2026-10-10","centroid":[-102.87057,48.11484],"history":[{"date":"2026-10-10","area_ha":44.9}],"track":[[-102.87057091670317,48.114841322397545]],"growth_24h_ha":null,"speed_km_day":null,"bearing_deg":null,"direction":null}},{"type":"Feature","geometry":{"type":"Polygon","coordinates":[[[-103.3615352366711,48.571576248148666],[-103.3617777664423,48.571536258128894],[-103.36202495091545,48.57151276662408],[-103.36227435364533,48.57150600518002],[-103.36252351632703,48.57151604044132],[-103.36276998302121,48.571542773494734],[-103.36301132435598,48.57158594084387],[-103.3632451614673,48.57164511700557],[-103.36346918944217,48.571719718702504],[-103.36368120003347,48.57180901061073],[-103.36387910342334,48.571912112605595],[-103.36406094882022,48.57202800843467],[-103.36422494368686,48.57215555573239],[-103.36436947140992,48.572293497277684],[-103.36449310723678,48.57244047338384],[-103.3645946323227,48.57259503529869],[-103.36467304574953,48.57275565948276],[-103.36472757439734,48.572920762625444],[-103.36475768057169,48.57308871725042],[-103.36476306731086,48.57325786775724],[-103.3647436813206,48.57342654674073],[-103.36469971350719,48.57359309142739],[-103.36463159710294,48.57375586006668],[-103.36454000340296,48.57391324811586],[-103.36442583515422,48.57406370405849],[-103.36429021766233,48.57420574470083],[-103.36413448770317,48.5743379697952],[-103.3639601803488,48.574459075845894],[-103.363769013837,48.57456786896157],[-103.36356287263393,48.574663276627525],[-103.36334378885657,48.574744358281116],[-103.35821369518253,48.57642440866839],[-103.35798817811413,48.57648927253269],[-103.35775441749266,48.57653895167373],[-103.35751463291568,48.576572974366776],[-103.35727110119282,48.5765910175509],[-103.35702613472223,48.57659290989772],[-103.35678205952857,48.57657863343846],[-103.35654119317158,48.576548323734805],[-103.35630582273508,48.57650226859124],[-103.35607818310572,48.576440905321405],[-103.35586043574783,48.576364816594385],[-103.35565464817628,48.57627472490063],[-103.35546277432246,48.57617148568968],[-103.35528663597967,48.57605607924545],[-103.35512790550446,48.575929601376004],[-103.35498808993823,48.57579325300638],[-103.35486851669968,48.57564832877344],[-103.35477032098397,48.575496204731124],[-103.3546944349883,48.575338325282964],[-103.35464157906581,48.575176189465886],[-103.35461225489183,48.57501133671597],[-103.354606740707,48.57484533225082],[-103.35462508868231,48.574679752207906],[-103.35466712443065,48.574516168679835],[-103.35473244866948,48.57435613478835],[-103.35482044101836,48.574201169939364],[-103.35493026589516,48.57405274539834],[-103.35506088045463,48.5739122703233],[-103.35521104449396,48.57378107838795],[-103.35631105133963,48.5729110972448],[-103.35647605363518,48.572792571008826],[-103.35665700412626,48.572685270023214],[-103.35685224796956,48.572590175525974],[-103.35705999963551,48.57250815712498],[-103.35727835923568,48.572439964847625],[-103.35750532989493,48.572386222283946],[-103.3615352366711,48.571576248148666]]]},"properties":{"fire_id":"F7107","date":"2026-10-10","area_ha":28.3,"cumulative_ha":28.3,"frp_sum":3.0,"n_detections":3,"first_seen":"2026-10-10","last_seen":"2026-10-10","centroid":[-103.3596,48.57398],"history":[{"date":"2026-10-10","area_ha":28.3}],"track":[[-103.35960009456583,48.57397903936813]],"growth_24h_ha":null,"speed_km_day":null,"bearing_deg":null,"direction":null}},{"type":"Feature","geometry":{"type":"Polygon","coordinates":[[[-109.63984751173939,30.4969973356616],[-109.63992242218372,30.497147071022635],[-109.63998022612896,30.497302341822223],[-109.6400203838488,30.49746169852757],[-109.64004252034569,30.49762365345482],[-109.64004642885519,30.497786694656938],[-109.64003207278024,30.4979493000384],[-109.63999958603695,30.498109951564917],[-109.63994927180828,30.498267149435453],[-109.63988159971748,30.49841942608442],[-109.63979720144737,30.498565359883056],[-109.63769724758626,30.50179538674518],[-109.63759387201769,30.50193736059342],[-109.63747467280355,30.50206979086474],[-109.63734082588088,30.50219137102043],[-109.63719365171775,30.502300901562844],[-109.63703460228609,30.502397301870882],[-109.63686524673676,30.50247962086251],[-109.63668725591728,30.502547046379295],[-109.63650238588556,30.50259891320016],[-109.63631246058243,30.502634709605463],[-109.63611935383355,30.502654082426254],[-109.63592497085892,30.502656840529287],[-109.63573122947234,30.502642956702946],[-109.63554004115639,30.502612567925837],[-109.63535329220008,30.50256597401507],[-109.63517282508516,30.50250363466784],[-109.6350004203052,30.502426164925396],[-109.63483777879655,30.50233432910412],[-109.63468650515507,30.502229033253847],[-109.63454809180405,30.50211131621759],[-109.6307481016967,30.49854127516367],[-109.6306280223917,30.49841698938306],[-109.63052229316094,30.49828336070693],[-109.63043188527668,30.498141616787432],[-109.62870193505115,30.495091593999835],[-109.62862679404304,30.494940983672368],[-109.62856895327658,30.494784796319454],[-109.62852895850214,30.494624505895715],[-109.6285071870477,30.494461625069704],[-109.62850384426187,30.49429769094813],[-109.62851896158006,30.49413425057013],[-109.62855239623192,30.493972846307752],[-109.62860383259287,30.493815001310942],[-109.62867278516649,30.49366220513422],[-109.6287586031696,30.49351589968054],[-109.6288604766768,30.493377465595128],[-109.62897744426617,30.4932482092377],[-109.62910840209388,30.493129350355584],[-109.62925211431212,30.493022010574578],[-109.62940722473199,30.492927202815718],[-109.62957226962115,30.492845821737752],[-109.62974569151561,30.492778635295828],[-109.62992585391531,30.492726277495496],[-109.63011105672501,30.492689242410805],[-109.63029955229456,30.492667879522607],[-109.63048956190777,30.492662390421213],[-109.63067929256398,30.492672826904357],[-109.6308669538944,30.49269909048847],[-109.63105077505358,30.492740933337938],[-109.63122902142682,30.492797960603365],[-109.63140001099613,30.492869634147027],[-109.6315621302101,30.492955277620382],[-109.63369071973852,30.49420624890514],[-109.63521183569344,30.493280844268014],[-109.63537046643377,30.493193863245075],[-109.63553804142883,30.49312040832757],[-109.63571301472629,30.493061157166007],[-109.63589377213381,30.493016656374515],[-109.63607864610834,30.492987316488932],[-109.63626593113727,30.49297340818002],[-109.63645389946946,30.492975059756688],[-109.63664081705129,30.492992255982546],[-109.63682495952081,30.493024838216527],[-109.63700462811249,30.493072505876004],[-109.63717816532612,30.49313481920955],[-109.63734397021538,30.493211203353106],[-109.63750051315503,30.493300953632556],[-109.63764634995081,30.493403242063824],[-109.63778013516178,30.493517124990362],[-109.63790063451228,30.493641551787853],[-109.63800673627907,30.493775374555536],[-109.63809746154861,30.493917358705275],[-109.63984751173939,30.4969973356616]]]},"properties":{"fire_id":"F5419","date":"2026-10-10","area_ha":79.3,"cumulative_ha":118.6,"frp_sum":28.8,"n_detections":6,"first_seen":"2026-09-30","last_seen":"2026-10-10","centroid":[-109.6346,30.49717],"history":[{"date":"2026-09-30","area_ha":48.2},{"date":"2026-10-01","area_ha":55.2},{"date":"2026-10-03","area_ha":28.1},{"date":"2026-10-04","area_ha":34.1},{"date":"2026-10-06","area_ha":24.5},{"date":"2026-10-08","area_ha":28.6},{"date":"2026-10-09","area_ha":71.5},{"date":"2026-10-10","area_ha":79.3}],"track":[[-109.63106840764247,30.496944497370123],[-109.63069890923377,30.49758300260246],[-109.62955499007764,30.49498542070075],[-109.63283809596933,30.49767931552084],[-109.63107035480978,30.496554362652745],[-109.63208976010314,30.497262969395244],[-109.63208636560536,30.49679337561549],[-109.63460198102013,30.497173214698805]],"growth_24h_ha":7.74,"speed_km_day":0.24,"bearing_deg":288.15,"direction":"WNW"}},{"type":"Feature","geometry":{"type":"Polygon","coordinates":[[[-103.53386708392524,31.49888382808381],[-103.53391325198571,31.49904100249738],[-103.53394144503382,31.499201220259703],[-103.53395140217674,31.499362999355746],[-103.53394303120089,31.499524843320422],[-103.53391640942911,31.499685255081054],[-103.53387178300935,31.499842750805534],[-103.53380956464166,31.499995873628176],[-103.53373032976438,31.500143207126683],[-103.53363481123442,31.50028338842482],[-103.53352389255096,31.500415120800476],[-103.53339859968501,31.50053718568156],[-103.53326009159036,31.500648453919254],[-103.53310964948386,31.50074789623431],[-103.53294866499365,31.50083459273929],[-103.53277862728565,31.500907741449087],[-103.53260110928684,31.500966665700563],[-103.53241775313322,31.501010820413075],[-103.53223025497685,31.501039797131376],[-103.53204034929298,31.50105332780466],[-103.52939029414439,31.501133329216895],[-103.529195588585,31.50113106598583],[-103.52900208460755,31.501112567495877],[-103.52881165109706,31.501078012406115],[-103.52862612727805,31.501027734450687],[-103.52844730494819,31.500962219214923],[-103.52827691117022,31.50088209944494],[-103.52811659158971,31.500788148935694],[-103.52796789453971,31.50068127505661],[-103.5278322560862,31.50056250998713],[-103.52771098615835,31.500433000746852],[-103.52760525589808,31.500293998116447],[-103.52751608635069,31.500146844556696],[-103.52744433860587,31.49999296124209],[-103.52739070548448,31.499833834334492],[-103.5273557048507,31.49967100062941],[-103.52733967461477,31.4995060327134],[-103.52734276947365,31.499340523776286],[-103.52736495942162,31.499176072224486],[-103.52740603004447,31.499014266244565],[-103.52866611800944,31.495014284519954],[-103.52872650211636,31.49485480227522],[-103.52880522328284,31.494701208646244],[-103.5289015026034,31.494555023169873],[-103.52901438748124,31.494417692085527],[-103.52914276105527,31.49429057402852],[-103.52928535325132,31.494174926590045],[-103.5294407533483,31.49407189387706],[-103.52960742393475,31.49398249519477],[-103.52978371611812,31.493907614963877],[-103.52996788583577,31.49384799397227],[-103.53015811110697,31.49380422204733],[-103.53035251005488,31.493776732221797],[-103.53054915952075,31.493765796450372],[-103.53074611408591,31.49377152291969],[-103.53094142531401,31.493793854978307],[-103.53113316102291,31.493832571696963],[-103.53131942439596,31.493887290053884],[-103.53149837274383,31.493957468723494],[-103.53166823573119,31.494042413430854],[-103.53182733288835,31.49414128381906],[-103.53197409023457,31.494253101761895],[-103.53210705584857,31.49437676103906],[-103.53222491423269,31.49451103827892],[-103.5323264993279,31.494654605060035],[-103.53241080605163,31.49480604105216],[-103.53247700024374,31.494963848066778],[-103.53386708392524,31.49888382808381]]]},"properties":{"fire_id":"F7108","date":"2026-10-10","area_ha":38.4,"cumulative_ha":38.4,"frp_sum":2.7,"n_detections":3,"first_seen":"2026-10-10","last_seen":"2026-10-10","centroid":[-103.53062,31.49787],"history":[{"date":"2026-10-10","area_ha":38.4}],"track":[[-103.53061560500899,31.497867572516483]],"growth_24h_ha":null,"speed_km_day":null,"bearing_deg":null,"direction":null}},{"type":"Feature","geometry":{"type":"Polygon","coordinates":[[[-114.93923648110321,32.53750013998773],[-114.93928482894574,32.53765618778755],[-114.93931511139434,32.53781539687231],[-114.93932704991074,32.537976303406126],[-114.93932053461545,32.53813742793824],[-114.93929562530195,32.53829728900581],[-114.93858570480505,32.54160729975523],[-114.93854051380231,32.5417706854556],[-114.9384761129142,32.54192948720656],[-114.93839314286126,32.54208212482544],[-114.93829242915344,32.54222707945905],[-114.93817497387903,32.54236290869836],[-114.93804194573612,32.542488260932764],[-114.93789466840475,32.542601888801016],[-114.93773460737648,32.54270266160486],[-114.9375633553714,32.54278957656178],[-114.93738261648862,32.542861768785095],[-114.93719418924721,32.5429185198914],[-114.93699994868686,32.54295926515041],[-114.93680182770669,32.54298359910535],[-114.93660179782735,32.542991279608394],[-114.9364018495688,32.542982230230564],[-114.93620397263855,32.54295654102257],[-114.93601013612833,32.54291446761838],[-114.93582226891562,32.54285642869109],[-114.93564224046636,32.54278300178602],[-114.93547184222885,32.54269491757269],[-114.93531276980492,32.54259305257287],[-114.93516660607563,32.54247842043707],[-114.93503480544955,32.54235216185662],[-114.93467481514841,32.54197044624746],[-114.93300823919198,32.54231288248207],[-114.93281224717816,32.542344592389675],[-114.93261346394527,32.54235984140129],[-114.93241385531424,32.54235847871649],[-114.93221539527018,32.54234051781115],[-114.9320200464374,32.542306136304134],[-114.93182974066677,32.542255674200455],[-114.93164635992798,32.54218963052855],[-114.93147171769529,32.542108658404246],[-114.93130754101134,32.542013558571306],[-114.93115545340643,32.54190527148141],[-114.93101695884222,32.54178486799289],[-114.93089342683885,32.54165353877941],[-114.93078607893239,32.54151258255416],[-114.9306959765966,32.54136339322552],[-114.93062401074842,32.541207446111635],[-114.93057089294112,32.54104628334996],[-114.93053714833138,32.54088149864647],[-114.93052311049057,32.540714721515144],[-114.93052891811077,32.5405476011636],[-114.93055451363809,32.54038179018447],[-114.93126459287423,32.53708180093381],[-114.9313080248372,32.53692394565232],[-114.93136939145226,32.5367703241154],[-114.93144812294886,32.536622362401424],[-114.93154348836919,32.53648143404156],[-114.93165460235637,32.53634884727005],[-114.93178043337583,32.53622583288083],[-114.93191981329262,32.536113532803434],[-114.932071448216,32.53601298950342],[-114.93223393051095,32.5359251363067],[-114.9324057518645,32.53585078873665],[-114.93577570064623,32.534560810282095],[-114.9359618539437,32.53449875795011],[-114.93615446477263,32.534452559956605],[-114.93635161412791,32.53442267657921],[-114.93655133779511,32.53440940555013],[-114.93675164591662,32.534412879090375],[-114.93695054281301,32.53443306259264],[-114.93714604686222,32.534469754965976],[-114.93733621023914,32.53452259063899],[-114.9375191383184,32.53459104320158],[-114.93769300854784,32.53467443064872],[-114.93785608860452,32.5347719221744],[-114.93800675365256,32.53488254644803],[-114.93814350253068,32.53500520129058],[-114.93826497270871,32.535138664654674],[-114.93836995386383,32.53528160679881],[-114.93845739994104,32.53543260353463],[-114.93852643957794,32.535590150415594],[-114.93923648110321,32.53750013998773]]]},"properties":{"fire_id":"F7109","date":"2026-10-10","area_ha":60.1,"cumulative_ha":60.1,"frp_sum":15.3,"n_detections":6,"first_seen":"2026-10-10","last_seen":"2026-10-10","centroid":[-114.93513,32.53882],"history":[{"date":"2026-10-10","area_ha":60.1}],"track":[[-114.93512585976289,32.53881639875365]],"growth_24h_ha":null,"speed_km_day":null,"bearing_deg":null,"direction":null}},{"type":"Feature","geometry":{"type":"Polygon","coordinates":[[[-110.86044863142693,33.42044886193289],[-110.86026109510213,33.42040640899273],[-110.86007932981062,33.42034930751268],[-110.85990500347289,33.42027808147019],[-110.85973971573546,33.420193384451835],[-110.85958498329025,33.420095993654854],[-110.85944222595597,33.41998680275459],[-110.85931275364912,33.41986681370258],[-110.85919775436412,33.41973712753163],[-110.85909828327306,33.41959893425131],[-110.85901525304492,33.419453501927265],[-110.85894942547314,33.419302165044506],[-110.85890140448825,33.419146312261105],[-110.8573915525743,33.41303628904183],[-110.8573613883805,33.41287423889897],[-110.85735047297314,33.412710527412045],[-110.85735891031732,33.41254671567205],[-110.8573866198378,33.41238436571727],[-110.85743333719205,33.41222502563856],[-110.85749861679527,33.412070214817774],[-110.85758183607331,33.41192140944033],[-110.85768220140295,33.41178002841997],[-110.85779875568257,33.41164741986992],[-110.8579303874608,33.411524848249194],[-110.85807584153642,33.41141348230687],[-110.85823373092786,33.411314383939136],[-110.85840255009862,33.411228498065],[-110.85858068931218,33.4111566436177],[-110.85876644997974,33.4110995057371],[-110.85895806085446,33.411057629237845],[-110.8591536949178,33.4110314134153],[-110.85935148679737,33.41102110823894],[-110.85954955054987,33.411026811969116],[-110.8597459976402,33.4110484702205],[-110.85993895494524,33.41108587648042],[-110.8601265826106,33.41113867407766],[-110.86030709159081,33.411206359582835],[-110.86047876070512,33.41128828760782],[-110.86997866082879,33.4163482068915],[-110.87013807210731,33.416442402766464],[-110.87028576382764,33.416548873176346],[-110.87042036011601,33.416666626289796],[-110.8705406070727,33.41679456516649],[-110.87064538445348,33.416931497974936],[-110.870733716107,33.41707614909361],[-110.87080477907028,33.41722717099331],[-110.87085791123802,33.41738315678952],[-110.87089261753393,33.41754265334756],[-110.87090857452651,33.41770417481929],[-110.87090563344621,33.41786621648458],[-110.87088382157565,33.41802726876896],[-110.8708433419997,33.41818583130682],[-110.87078457171785,33.41834042691907],[-110.87070805813606,33.41848961537515],[-110.87061451397062,33.418632006811066],[-110.87050481061164,33.4187662746784],[-110.87037997000742,33.4188911681038],[-110.87024115514583,33.41900552354344],[-110.87008965922064,33.419108275624204],[-110.8669296348751,33.42104830518564],[-110.86676906781678,33.421137391675224],[-110.86659898220559,33.42121343673824],[-110.86642092126365,33.421275750395],[-110.86623650058873,33.42132376725371],[-110.8660473934932,33.42135705164113],[-110.86585531581915,33.42137530155638],[-110.86566201036706,33.421378351411406],[-110.86546923107967,33.4213661735338],[-110.86527872712469,33.42133887841781],[-110.86044863142693,33.42044886193289]]]},"properties":{"fire_id":"F5618","date":"2026-10-10","area_ha":91.3,"cumulative_ha":164.2,"frp_sum":17.0,"n_detections":4,"first_seen":"2026-10-01","last_seen":"2026-10-10","centroid":[-110.8634,33.41666],"history":[{"date":"2026-10-01","area_ha":39.1},{"date":"2026-10-02","area_ha":123.5},{"date":"2026-10-03","area_ha":80.6},{"date":"2026-10-04","area_ha":91.7},{"date":"2026-10-05","area_ha":36.1},{"date":"2026-10-06","area_ha":46.2},{"date":"2026-10-07","area_ha":58.0},{"date":"2026-10-08","area_ha":27.0},{"date":"2026-10-09","area_ha":103.6},{"date":"2026-10-10","area_ha":91.3}],"track":[[-110.86306402834568,33.418490434979134],[-110.8639211182454,33.41774106065792],[-110.86507369602836,33.417825208398185],[-110.86486867733011,33.4178251973824],[-110.86351926306133,33.41735926308936],[-110.86404154017158,33.418477328582156],[-110.86060515734724,33.414779014122814],[-110.86369017101556,33.417006069703376],[-110.86346374673046,33.41790503309832],[-110.86339838647741,33.416659169741095]],"growth_24h_ha":-12.3,"speed_km_day":0.14,"bearing_deg":186.48,"direction":"S"}},{"type":"Feature","geometry":{"type":"Polygon","coordinates":[[[-111.91308915540608,35.43354289950493],[-111.91326462096754,35.43346322684137],[-111.91344883816438,35.43339755893988],[-111.91364008339727,35.43334651020714],[-111.91383656732316,35.433310558267905],[-111.91403645159387,35.433290039496974],[-111.91423786605316,35.433285145872674],[-111.91443892623084,35.433295923180815],[-111.91463775097083,35.43332227058649],[-111.91897766225495,35.434072255603866],[-111.91917612019573,35.43411487671891],[-111.91936839352026,35.43417300693404],[-111.91955261285166,35.43424608108099],[-111.91972698710332,35.43433338869803],[-111.91988982089053,35.43443408093641],[-111.92003953101249,35.434547178811954],[-111.92017466184456,35.434671582721926],[-111.92029389949083,35.434806083134575],[-111.92039608455998,35.43494937234751],[-111.92048022343963,35.43510005720074],[-111.92054549795984,35.43525667262074],[-111.92059127335149,35.43541769586391],[-111.9206171044223,35.435581561321115],[-111.9206227398899,35.4357466757393],[-111.92060812483,35.4359114337122],[-111.92057340121556,35.43607423328963],[-111.92051890654125,35.436233491553494],[-111.92044517054694,35.436387660009245],[-111.92035291007129,35.4365352396428],[-111.92024302208569,35.43667479549669],[-111.92011657497609,35.436804970623854],[-111.91997479815718,35.436924499282775],[-111.91981907012004,35.43703221924633],[-111.9196509050293,35.4371270831039],[-111.91528795000784,35.43933836666697],[-111.91466693637568,35.44197205138023],[-111.91461812950396,35.442134353123265],[-111.91454946803786,35.44229194161725],[-111.91446163412,35.442443250967315],[-111.91435550041707,35.442586777663536],[-111.91423212145209,35.44272109552192],[-111.91409272312879,35.44284486985728],[-111.91393869055214,35.44295687074719],[-111.91377155426589,35.44305598525497],[-111.9135929750439,35.443141228490276],[-111.91340472738652,35.44321175339725],[-111.91320868188578,35.443266859172994],[-111.91300678663505,35.44330599823262],[-111.91280104786773,35.443328781651445],[-111.91259351001783,35.443334983030525],[-111.9123862354004,35.44332454074662],[-111.91218128371423,35.44329755856488],[-111.90785170581306,35.4425476320291],[-111.89495195274932,35.44031767571388],[-111.89475570244566,35.44027559578927],[-111.89456548116678,35.44021835031568],[-111.89438309695632,35.44014648341084],[-111.89421028335302,35.44006067816752],[-111.89404868291143,35.439961750159505],[-111.89389983158827,35.43985063968868],[-111.89376514414258,35.43972840284596],[-111.893645900689,35.439596201472156],[-111.89354323453149,35.43945529211337],[-111.89345812139345,35.43930701407669],[-111.89339137014625,35.43915277669909],[-111.89334361512459,35.43899404595114],[-111.89331531010117,35.43883233050266],[-111.89330672397813,35.438669167382855],[-111.89331793823588,35.43850610737118],[-111.89334884616346,35.43834470025784],[-111.89339915387751,35.43818648011415],[-111.8934683831201,35.438032950712504],[-111.89355587580843,35.43788557123487],[-111.89366080029328,35.437745742404985],[-111.8937821592664,35.43761479317682],[-111.89391879924155,35.43749396810518],[-111.89406942151919,35.437384415518544],[-111.8942325945303,35.43728717660663],[-111.89440676744222,35.437203175526356],[-111.89459028489703,35.4371332106199],[-111.89478140274257,35.43707794682831],[-111.8949783046066,35.43703790937336],[-111.89517911915674,35.437013478766424],[-111.90837264647291,35.435933333304924],[-111.91308915540608,35.43354289950493]]]},"properties":{"fire_id":"F6994","date":"2026-10-10","area_ha":152.1,"cumulative_ha":464.6,"frp_sum":9.6,"n_detections":8,"first_seen":"2026-10-09","last_seen":"2026-10-10","centroid":[-111.90803,35.4384],"history":[{"date":"2026-10-09","area_ha":450.6},{"date":"2026-10-10","area_ha":152.1}],"track":[[-111.89865317484066,35.43893915125983],[-111.9080321491448,35.43840052593004]],"growth_24h_ha":-298.52,"speed_km_day":0.85,"bearing_deg":275.5,"direction":"W"}},{"type":"Feature","geometry":{"type":"Polygon","coordinates":[[[-113.31607192279019,35.518322006871074],[-113.31607404593011,35.518482472652],[-113.31605704021642,35.518642365161014],[-113.31602106162079,35.518800216787035],[-113.31596644026703,35.51895457864331],[-113.3158936774053,35.51910403386689],[-113.3158034408148,35.519247210624314],[-113.31569655867784,35.5193827947045],[-113.31557401198076,35.51950954158279],[-113.31543692551163,35.51962628784543],[-113.31528655753733,35.51973196186995],[-113.31512428825447,35.519825593662766],[-113.31495160712048,35.519906323764154],[-113.31477009918099,35.51997341113851],[-113.31458143051886,35.520026239977526],[-113.31438733295901,35.52006432535375],[-113.31418958816903,35.52008731767261],[-113.31399001130188,35.52009500588199],[-113.31295998869814,35.520095005882],[-113.31275624185024,35.52008699227802],[-113.31255444452204,35.520063029912016],[-113.31235652746885,35.52002334805036],[-113.31216438431312,35.51996832635937],[-113.31197985342347,35.51989849127225],[-113.31180470032292,35.51981451095132],[-113.31164060079472,35.51971718889434],[-113.31148912484741,35.51960745624547],[-113.31135172169296,35.51948636288527],[-113.31122970588119,35.51935506738437],[-113.31112424472387,35.51921482591742],[-113.3110363471281,35.51906698024326],[-113.31096685394621,35.518912944866486],[-113.31091642993428,35.51875419350312],[-113.310885557396,35.518592244980205],[-113.31087453157264,35.51842864870392],[-113.31088345782317,35.51826496983567],[-113.31091225062102,35.518102774317676],[-113.31170233559875,35.51481278708721],[-113.31175184140618,35.514650588366464],[-113.31182120942206,35.51449315532559],[-113.3119097499923,35.514342052886796],[-113.31201658289808,35.514198783036115],[-113.31214064610911,35.514064769894524],[-113.31228070634312,35.51394134556333],[-113.31243537132681,35.51382973688458],[-113.31260310363622,35.513731053247334],[-113.31278223597874,35.51364627556233],[-113.31297098776518,35.51357624651282],[-113.31316748280699,35.51352166217992],[-113.31336976796291,35.513483065124696],[-113.31357583254986,35.51346083899613],[-113.31378362832521,35.513455204718376],[-113.31399108984205,35.51346621829523],[-113.31419615497525,35.513493770253554],[-113.31439678541463,35.513537586731196],[-113.31459098692154,35.513597232198684],[-113.31477682914789,35.51367211378755],[-113.31495246482059,35.51376148718232],[-113.31511614810111,35.51386446401785],[-113.31526625193762,35.51398002070803],[-113.3154012842372,35.51410700861898],[-113.31551990269784,35.51424416548476],[-113.31562092815221,35.51439012795299],[-113.31570335629108,35.51454344513523],[-113.31576636764935,35.51470259302773],[-113.31580933575567,35.514865989659334],[-113.31583183336416,35.51503201081566],[-113.31607192279019,35.518322006871074]]]},"properties":{"fire_id":"F6417","date":"2026-10-10","area_ha":28.4,"cumulative_ha":38.7,"frp_sum":5.2,"n_detections":3,"first_seen":"2026-10-07","last_seen":"2026-10-10","centroid":[-113.31359,35.51696],"history":[{"date":"2026-10-07","area_ha":34.1},{"date":"2026-10-08","area_ha":28.7},{"date":"2026-10-10","area_ha":28.4}],"track":[[-113.31399272882686,35.51704244018279],[-113.31414144628646,35.51757684986788],[-113.31359188686648,35.516959061348985]],"growth_24h_ha":-0.13,"speed_km_day":0.04,"bearing_deg":154.89,"direction":"SSE"}},{"type":"Feature","geometry":{"type":"Polygon","coordinates":[[[-114.91411927196985,36.3551575944894],[-114.91415521732335,36.355165113236616],[-114.91535519355033,36.35542510793647],[-114.91555051836166,36.355475662687],[-114.9157387192184,36.355541066839876],[-114.91591800968628,36.35562069957325],[-114.91608668789411,36.35571380500437],[-114.91624315268632,36.355819499363186],[-114.91638591882055,36.35593677938008],[-114.91651363106567,36.35606453180752],[-114.91662507706666,36.35620154398601],[-114.91671919885424,36.35634651535359],[-114.91679510288965,36.35649806978984],[-114.91685206854973,36.356654768677515],[-114.91688955497088,36.35681512455736],[-114.91690720618756,36.35697761524718],[-114.91690485451589,36.357140698290664],[-114.91688252215023,36.35730282559898],[-114.9168404209573,36.35746245814629],[-114.91677895047,36.357618080579655],[-114.91669869409901,36.357768215604246],[-114.91660041359894,36.35791143800811],[-114.91648504184052,36.35804638819221],[-114.91635367395791,36.35817178507842],[-114.91620755695489,36.35828643827191],[-114.91604807786814,36.35838925936301],[-114.91587675060089,36.3584792722608],[-114.91569520155073,36.358555622460834],[-114.91550515416905,36.35861758515812],[-114.91530841259807,36.358664572129136],[-114.91510684454137,36.358696137316706],[-114.91490236353043,36.358711981065575],[-114.9146969107555,36.35871195296731],[-114.91449243663395,36.35869605328872],[-114.91429088229064,36.358664432969036],[-114.90862076776065,36.357544410001395],[-114.90842378243025,36.357497283525056],[-114.9082335201191,36.357435142344556],[-114.90805179205708,36.35735857802636],[-114.90788032821568,36.35726831943919],[-114.90772076083735,36.357165225814306],[-114.90757460889608,36.35705027856457],[-114.90744326363696,36.35692457194046],[-114.9073279753327,36.356789302611865],[-114.90722984138303,36.35664575827483],[-114.90714979587004,36.356495305392215],[-114.90708860066944,36.35633937618446],[-114.90704683820135,36.356179454994695],[-114.90702490589034,36.356017064158046],[-114.9070230123868,36.355853749509436],[-114.9070411755855,36.35569106566827],[-114.90707922246027,36.355530561239654],[-114.90713679071584,36.355373764073285],[-114.90721333224126,36.355222166720324],[-114.90730811833151,36.35507721222652],[-114.90742024662785,36.35494028039695],[-114.90754864971025,36.35481267466299],[-114.9076921052604,36.35469560967632],[-114.90784924769821,36.354590199748415],[-114.90801858118112,36.35449744824499],[-114.90819849384246,36.354418238036665],[-114.90838727313333,36.354353323096646],[-114.908583122122,36.35430332132489],[-114.90878417659577,36.35426870866773],[-114.90898852280286,36.35424981458832],[-114.90919421566507,36.35424681893118],[-114.9093992972885,36.35425975021061],[-114.90960181559633,36.35428848533947],[-114.91174177175657,36.354678477307615],[-114.91178931884095,36.354687604114865],[-114.91411927196985,36.3551575944894]]]},"properties":{"fire_id":"F5753","date":"2026-10-10","area_ha":30.6,"cumulative_ha":102.4,"frp_sum":6.5,"n_detections":4,"first_seen":"2026-10-02","last_seen":"2026-10-10","centroid":[-114.91197,36.35647],"history":[{"date":"2026-10-02","area_ha":43.5},{"date":"2026-10-03","area_ha":49.3},{"date":"2026-10-04","area_ha":81.3},{"date":"2026-10-06","area_ha":34.2},{"date":"2026-10-07","area_ha":38.4},{"date":"2026-10-08","area_ha":35.9},{"date":"2026-10-09","area_ha":56.1},{"date":"2026-10-10","area_ha":30.6}],"track":[[-114.91081866136773,36.35707066839096],[-114.9117259163389,36.358760202676216],[-114.9140415297341,36.358123102997915],[-114.91043033494897,36.35837565618985],[-114.91052075121407,36.35774346600946],[-114.91188742804245,36.35789769227161],[-114.91149098669612,36.357291008598274],[-114.91196704998768,36.35647394078398]],"growth_24h_ha":-25.51,"speed_km_day":0.1,"bearing_deg":216.22,"direction":"SW"}},{"type":"Feature","geometry":{"type":"Polygon","coordinates":[[[-112.21696771374017,36.74470249371976],[-112.21717073976612,36.74474471837883],[-112.21736747948519,36.74480259505321],[-112.21755600266233,36.744875555911975],[-112.21773445966046,36.74496288513074],[-112.21790109958519,36.745063725913475],[-112.21805428746161,36.745177088897215],[-112.21819252027467,36.74530186185736],[-112.21831444171578,36.74543682061839],[-112.21841885549132,36.74558064106307],[-112.21850473706175,36.74573191212224],[-112.21857124369694,36.74588914961785],[-112.22116142701027,36.75319910740351],[-112.22120828002363,36.75336240883333],[-112.22123423025,36.75352858911586],[-112.22123901779862,36.75369598485176],[-112.22122259460636,36.753862920464755],[-112.22118512492447,36.75402772497351],[-112.22112698368015,36.75418874871813],[-112.22104875272879,36.7543443798732],[-112.22095121503469,36.75449306058302],[-112.22083534683793,36.754633302556606],[-112.22070230788573,36.75476370196673],[-112.22055342982601,36.754882953503966],[-112.22039020287936,36.75498986344417],[-112.22021426092228,36.75508336159982],[-112.22002736513164,36.755162512033976],[-112.21983138635382,36.75522652243102],[-112.21962828637486,36.755274752029095],[-112.21143686331541,36.75687165523288],[-112.20998657155559,36.76243723855834],[-112.20993294593443,36.76260072652414],[-112.2098587206037,36.762759115806375],[-112.20976465127659,36.76291079351934],[-112.2096516957553,36.76305421511241],[-112.20952100418158,36.76318792009963],[-112.20937390732767,36.76331054693365],[-112.20921190304676,36.76342084687227],[-112.2090366410209,36.76351769669635],[-112.20386658176089,36.766077743207255],[-112.20368917200257,36.76615648097914],[-112.20350301474357,36.76622142787562],[-112.20330982557756,36.76627198535138],[-112.20311138491594,36.76630768747188],[-112.20290952157713,36.76632820520798],[-112.20270609592899,36.766333349468994],[-112.20250298274053,36.76632307284556],[-112.20230205390052,36.76629747004672],[-112.19798297945096,36.76557762423153],[-112.19364390473869,36.764857777628784],[-112.19344317933259,36.76481628338082],[-112.19324855394333,36.76475949922527],[-112.19306189284244,36.76468796908778],[-112.19288498399885,36.764602378141454],[-112.19271952195014,36.76450354624276],[-112.19256709156942,36.76439242007681],[-112.19242915288379,36.7642700640881],[-112.1923070270893,36.76413765028301],[-112.1922018838969,36.763996447002114],[-112.19211473033012,36.76384780676989],[-112.19204640108205,36.7636931533382],[-112.19199755052375,36.7635339680478],[-112.1919686464404,36.76337177563845],[-112.19195996555531,36.76320812964377],[-112.1919715908842,36.76304459751047],[-112.19200341094518,36.76288274558487],[-112.19286313854697,36.759584140680886],[-112.19371286891932,36.75629553609179],[-112.1937140965269,36.75629081947871],[-112.19510013294995,36.75100370389972],[-112.18790442512389,36.74843856612033],[-112.18549870196824,36.74936439545059],[-112.18531088355677,36.74942801942079],[-112.18511617721018,36.74947706627248],[-112.18491639308787,36.74951108002169],[-112.1847133885661,36.749529744445276],[-112.1845090509669,36.74953288602142],[-112.18430528000835,36.74952047554308],[-112.18410397013943,36.749492628389625],[-112.183906992924,36.74944960345397],[-112.18371617963754,36.74939180073519],[-112.18353330423919,36.74931975761907],[-112.18336006687673,36.749234143881196],[-112.18319807807872,36.749135755459086],[-112.18304884378038,36.74902550705132],[-112.18291375132274,36.74890442361231],[-112.1827940565551,36.74877363082246],[-112.18269087216082,36.74863434462142],[-112.1818787384527,36.74740570744478],[-112.17309857037316,36.74890604896236],[-112.17280247058285,36.74950216955336],[-112.17212691157914,36.75161750275441],[-112.17438999513304,36.75861669714261],[-112.17818536985236,36.76087313131223],[-112.17834612927906,36.76097890867174],[-112.17849289447386,36.761096682762066],[-112.17862423522423,36.761225305939455],[-112.17873887160044,36.76136352483589],[-112.17883568642954,36.76150999257096],[-112.17891373618413,36.76166328187532],[-112.17897226018009,36.761821898997624],[-112.17901068799299,36.761984298259506],[-112.17902864502136,36.76214889711692],[-112.17902595614215,36.76231409158141],[-112.17900264742232,36.76247827185006],[-112.17895894587022,36.76263983799321],[-112.17889527722853,36.762797215545845],[-112.17881226183029,36.76294887085152],[-112.17871070855809,36.76309332600877],[-112.17859160696528,36.76322917327449],[-112.17845611763566,36.76335508878417],[-112.17830556087553,36.76346984545434],[-112.17814140384836,36.76357232494264],[-112.17466137282302,36.76553235916129],[-112.17448259286569,36.765622739519245],[-112.17429325789332,36.76569855294818],[-112.1740952664614,36.765759039219475],[-112.17389060394524,36.765803591797855],[-112.17368132262844,36.765831763924716],[-112.17346952111953,36.76584327309883],[-112.17325732330386,36.76583800390972],[-112.17304685704158,36.765816009195184],[-112.17284023282592,36.76577750951143],[-112.1678101340811,36.7646274858207],[-112.16780516076301,36.76462634345722],[-112.16273506147782,36.76345631937305],[-112.16253733112418,36.76340218875891],[-112.16234732541717,36.76333293254512],[-112.16216689595717,36.76324922563873],[-112.16199780100676,36.763151883767435],[-112.16184168835463,36.76304185552905],[-112.16170007925723,36.7629202131459],[-112.16157435361418,36.76278814201465],[-112.157785486305,36.75836934462581],[-112.15432661640762,36.7543505503838],[-112.15421647459081,36.754207702449676],[-112.15412494083625,36.75405688943334],[-112.15405292902857,36.753899617258135],[-112.15400115810384,36.75373745633522],[-112.15397014487542,36.753572025881496],[-112.15396019887837,36.75340497775057],[-112.15397141928409,36.75323797993826],[-112.15400369391573,36.75307269992724],[-112.15486378136843,36.74977271418463],[-112.15486477482976,36.74976892449602],[-112.15573486214221,36.74646893891123],[-112.1557859715539,36.746313083012325],[-112.15585581116139,36.746161825748835],[-112.1559437345656,36.746016566840325],[-112.15604892803532,36.74587865049057],[-112.15617041804062,36.74574935294936],[-112.16225046014235,36.73988943253555],[-112.1624041052007,36.7397565926667],[-112.16257491989276,36.73963754325352],[-112.162760930369,36.739533659920944],[-112.167930871462,36.73696370652328],[-112.16812816951801,36.73687685511361],[-112.16833605215855,36.73680707852632],[-112.16855215803925,36.73675516934863],[-112.17804196509431,36.734905207830074],[-112.17822820210418,36.73487581598662],[-112.17841702324687,36.73485970832563],[-112.17860691223179,36.73485701419673],[-112.17879634419488,36.7348677552346],[-112.17898379794143,36.73489184518533],[-112.1832837081823,36.73560183029575],[-112.18329648420318,36.73560397204317],[-112.18758639502201,36.73633395675364],[-112.18778622225182,36.736376108922116],[-112.18797989486988,36.736433441951],[-112.18816556832265,36.73650540979941],[-112.18834147422663,36.73659132704239],[-112.18850593720867,36.73669037539784],[-112.18865739086084,36.73680161151873],[-112.18879439265854,36.736923975976126],[-112.1889156376996,36.73705630334805],[-112.18901997113352,36.73719733331765],[-112.18910639916258,36.737345722675514],[-112.1891740985098,36.7375000581115],[-112.18922242426339,36.73765886967449],[-112.1892509160235,36.73782064477193],[-112.18925930229146,36.737983842575744],[-112.18924750306071,36.73814690869764],[-112.18921563058373,36.7383082899938],[-112.18866609918268,36.7404108238362],[-112.19688472523868,36.744129307243185],[-112.1980141930626,36.73980219153115],[-112.19805239425699,36.739679467561146],[-112.19810221398834,36.73955936969459],[-112.20492698089757,36.72498814658334],[-112.20661480646255,36.7185220922506],[-112.20666590373206,36.71836516723673],[-112.20673597327657,36.71821288060099],[-112.2068243582085,36.71806665975454],[-112.20693022998071,36.717927875245046],[-112.20705259615565,36.717797827911276],[-112.20719030971024,36.717677736691435],[-112.20734207978859,36.71756872719934],[-112.20750648380233,36.71747182117542],[-112.20768198076453,36.71738792691132],[-112.20786692573267,36.71731783073789],[-112.20805958522507,36.717262189656175],[-112.2082581534665,36.71722152518062],[-112.20846076931082,36.71719621845165],[-112.20866553368197,36.71718650666422],[-112.20887052737022,36.717192480844915],[-112.20907382901699,36.71721408499899],[-112.20927353311959,36.71725111663504],[-112.20946776788774,36.7173032286626],[-112.20965471278426,36.71736993264479],[-112.20983261558591,36.717450603375404],[-112.20999980880444,36.717544484737964],[-112.21015472531423,36.71765069679148],[-112.21029591304006,36.71776824401676],[-112.21042204856717,36.71789602464598],[-112.21053194954654,36.71803284098826],[-112.21062458577862,36.718177410654235],[-112.21069908887175,36.71832837857484],[-112.21075476038497,36.7184843297013],[-112.21079107837814,36.71864380226788],[-112.21254137035793,36.72925377291337],[-112.2125581617735,36.72941931415712],[-112.21255409637212,36.72958535465598],[-112.2125292140467,36.72975025946046],[-112.21248375967146,36.72991240479358],[-112.21241818069602,36.730070194040195],[-112.21233312274448,36.730222073469264],[-112.20754301304297,36.73774179318903],[-112.20958371927364,36.74346474616171],[-112.21265066310976,36.743982985423344],[-112.21696771374017,36.74470249371976]]]},"properties":{"fire_id":"F6939","date":"2026-10-10","area_ha":1368.5,"cumulative_ha":2375.9,"frp_sum":87.6,"n_detections":80,"first_seen":"2026-10-09","last_seen":"2026-10-10","centroid":[-112.1887,36.7478],"history":[{"date":"2026-10-09","area_ha":2283.0},{"date":"2026-10-10","area_ha":1368.5}],"track":[[-112.19263867803059,36.74562635479898],[-112.18870002994849,36.74780094365957]],"growth_24h_ha":-914.44,"speed_km_day":0.43,"bearing_deg":64.8,"direction":"ENE"}},{"type":"Feature","geometry":{"type":"Polygon","coordinates":[[[-110.82893170770492,28.93275662957332],[-110.82885770723514,28.932909800270025],[-110.82876701428428,28.93305582349455],[-110.82866050501237,28.933193288428264],[-110.82853920840618,28.933320866934043],[-110.8284042963395,28.933437326389296],[-110.82825707225173,28.9335415415962],[-110.82809895855496,28.93363250565423],[-110.82793148289045,28.933709339689674],[-110.82775626336786,28.93377130134801],[-110.82757499292963,28.93381779196739],[-110.82738942299171,28.933848362363545],[-110.82720134651896,28.933862717170285],[-110.82701258069856,28.93386071769375],[-110.82682494937939,28.93384238325253],[-110.8266402654468,28.933807890991126],[-110.82646031330358,28.933757574168077],[-110.82628683162618,28.93369191893557],[-110.82612149656332,28.93361155964181],[-110.82596590553908,28.93351727270119],[-110.82582156181735,28.93340996909178],[-110.82568985997666,28.933290685552716],[-110.82557207243597,28.933160574566358],[-110.8254693371614,28.933020893222164],[-110.82538264667284,28.932872991070184],[-110.8253128384566,28.93271829708107],[-110.8252605868766,28.932558305839002],[-110.82522639666212,28.932394563101056],[-110.82521059803501,28.932228650862164],[-110.82521334352336,28.93206217207031],[-110.82523460649186,28.931896735139706],[-110.82527418140359,28.93173393841121],[-110.82691429308956,28.926303960782136],[-110.82697050783115,28.92614840103996],[-110.8270434402672,28.925998337549963],[-110.8271324127528,28.92585516443949],[-110.8272365986399,28.92572021181709],[-110.82735502995925,28.92559473341622],[-110.82748660641475,28.925479894948943],[-110.82763010560627,28.92537676327721],[-110.82778419438631,28.92528629650254],[-110.82794744124462,28.925209335066352],[-110.82811832960617,28.925146593942937],[-110.82829527191855,28.9250986559983],[-110.8284766243984,28.925065966575964],[-110.82866070229953,28.925048829360325],[-110.8288457955615,28.92504740355588],[-110.82903018469301,28.925061702408257],[-110.82921215674284,28.92509159308142],[-110.8293900212101,28.92513679789133],[-110.82956212574621,28.925196896885396],[-110.82972687150247,28.92527133174321],[-110.82988272798147,28.92535941096269],[-110.83002824725361,28.92546031628344],[-110.83016207740748,28.92557311028728],[-110.8302829751088,28.925696745106247],[-110.83038981715129,28.925830072156117],[-110.83048161089229,28.925971852806093],[-110.83055750347619,28.92612076988491],[-110.83061678975967,28.92627543991669],[-110.83065891886548,28.92643442597307],[-110.8308689408598,28.92744442305731],[-110.83089513927446,28.927624111037147],[-110.830899430846,28.927805239149574],[-110.83088176634232,28.92798573550396],[-110.83084234768499,28.92816353542585],[-110.83078162564583,28.92833660507451],[-110.82893170770492,28.93275662957332]]]},"properties":{"fire_id":"F7110","date":"2026-10-10","area_ha":36.1,"cumulative_ha":36.1,"frp_sum":2.7,"n_detections":3,"first_seen":"2026-10-10","last_seen":"2026-10-10","centroid":[-110.82806,28.92944],"history":[{"date":"2026-10-10","area_ha":36.1}],"track":[[-110.8280602998146,28.929439171387912]],"growth_24h_ha":null,"speed_km_day":null,"bearing_deg":null,"direction":null}},{"type":"Feature","geometry":{"type":"Polygon","coordinates":[[[-83.41465861084296,45.0774505110007],[-83.41449522627006,45.07756112005884],[-83.41431774621515,45.07766028270013],[-83.41412776890118,45.07774710591531],[-83.41392700511491,45.077820807814184],[-83.4137172627992,45.077880724668326],[-83.41350043076953,45.07792631688979],[-83.41327846170151,45.07795717389159],[-83.41305335454261,45.07797301778628],[-83.41282713650689,45.077973705888965],[-83.41260184481465,45.07795923200289],[-83.41237950834208,45.077929726475034],[-83.41216212934611,45.077885455021985],[-83.41195166542914,45.077826816336454],[-83.41175001190638,45.07775433849585],[-83.40665993697299,45.075704286667865],[-83.40646402025892,45.07561617249257],[-83.40628115983412,45.07551500079865],[-83.40611309074367,45.075401731583064],[-83.40596140765867,45.075277439627676],[-83.40582754974537,45.075143304299026],[-83.40571278701115,45.075000598355764],[-83.40561820825656,45.07485067587009],[-83.40554471074783,45.07469495937805],[-83.40549299170767,45.07453492638025],[-83.40546354170495,45.07437209532172],[-83.40545664000564,45.07420801118348],[-83.4054723519293,45.07404423082297],[-83.4055105282354,45.07388230820216],[-83.40557080654564,45.0737237796437],[-83.40565261478812,45.073570149254955],[-83.40575517663063,45.073422874658036],[-83.40587751885133,45.07328335316143],[-83.40601848057656,45.07315290850414],[-83.40617672429828,45.0730327782981],[-83.406350748566,45.07292410228817],[-83.40653890223338,45.0728279115404],[-83.40673940012364,45.07274511866195],[-83.40695033996563,45.07267650914431],[-83.40716972043988,45.07262273391287],[-83.40739546016314,45.072584303152745],[-83.40762541743214,45.072561581469536],[-83.40785741053865,45.07255478443125],[-83.41564721515647,45.07259478326755],[-83.41587750740479,45.072603848141455],[-83.41610548255817,45.072628605431085],[-83.41632900637222,45.072668823368275],[-83.41654598626565,45.07272412544753],[-83.41675439090649,45.07279399395004],[-83.4169522692258,45.072877774789006],[-83.41713776868032,45.072974683631664],[-83.41730915259411,45.073083813240316],[-83.41746481641619,45.073204141963906],[-83.41760330274231,45.07333454330068],[-83.41772331496047,45.073473796442464],[-83.41782372939188,45.07362059770213],[-83.41790360581419,45.07377357271683],[-83.41796219626792,45.07393128931364],[-83.41799895206384,45.07409227091645],[-83.41801352892521,45.074255010368994],[-83.41800579021685,45.074417984044885],[-83.41797580823035,45.07457966611191],[-83.41792386351327,45.07473854281792],[-83.41785044224834,45.074893126663575],[-83.41775623170717,45.07504197033025],[-83.41764211382039,45.07518368023182],[-83.4175091569248,45.07531692956389],[-83.41735860576415,45.07544047072796],[-83.41465861084296,45.0774505110007]]]},"properties":{"fire_id":"F5806","date":"2026-10-10","area_ha":43.8,"cumulative_ha":124.7,"frp_sum":6.2,"n_detections":3,"first_seen":"2026-10-03","last_seen":"2026-10-10","centroid":[-83.41188,45.07481],"history":[{"date":"2026-10-03","area_ha":39.1},{"date":"2026-10-05","area_ha":70.8},{"date":"2026-10-06","area_ha":56.4},{"date":"2026-10-08","area_ha":59.7},{"date":"2026-10-09","area_ha":37.3},{"date":"2026-10-10","area_ha":43.8}],"track":[[-83.40591218542454,45.07160571449422],[-83.40928633762849,45.07185687438756],[-83.40493291842256,45.071647694852246],[-83.40660409029456,45.07349265739373],[-83.40451497035524,45.072095726489046],[-83.4118829153197,45.07480757843741]],"growth_24h_ha":6.5,"speed_km_day":0.65,"bearing_deg":289.91,"direction":"WNW"}},{"type":"Feature","geometry":{"type":"Polygon","coordinates":[[[-102.79212600194246,48.16515875139143],[-102.79227835577234,48.1652873754779],[-102.79241166804506,48.16542545899613],[-102.79252468093749,48.165571699249355],[-102.79261632811306,48.16572471657782],[-102.79268574478607,48.16588306737308],[-102.79273227588563,48.16604525769585],[-102.79275548224145,48.166209757369224],[-102.79275514473369,48.166375014414236],[-102.79273126636684,48.16653946969164],[-102.79268407224815,48.16670157161183],[-102.79261400747048,48.16685979077413],[-102.79252173291924,48.16701263439713],[-102.79240811904286,48.167158660404155],[-102.79227423764527,48.16729649103073],[-102.7921213517775,48.1674248258257],[-102.79195090382406,48.167542453923126],[-102.79176450189587,48.16764826546914],[-102.79156390465852,48.16774126209591],[-102.79135100473852,48.167820566343664],[-102.7911278108648,48.167885429941926],[-102.79089642891329,48.16793524087158],[-102.79065904203414,48.167969529141054],[-102.79041789004897,48.16798797122224],[-102.79017524831278,48.16799039310402],[-102.7899334062402,48.16797677193455],[-102.78969464569899,48.16794723623714],[-102.78946121947473,48.167902064696925],[-102.78923533001036,48.16784168353086],[-102.78901910862108,48.167766662464764],[-102.78881459538134,48.16767770935637],[-102.78862371987341,48.16757566351461],[-102.78574370564378,48.16587562141062],[-102.78556885658668,48.165761857364636],[-102.78541097802251,48.16563711349958],[-102.785271549174,48.16550255868231],[-102.78515187636515,48.165359453700255],[-102.78505308078394,48.165209139445714],[-102.78497608798062,48.16505302434987],[-102.78492161920022,48.164892571184396],[-102.78489018463011,48.1647292833542],[-102.7848820786257,48.164564690810025],[-102.78489737695901,48.164400335712706],[-102.78493593611523,48.164237757983834],[-102.78499739464411,48.16407848087753],[-102.7850811765528,48.16392399670928],[-102.78518649670843,48.16377575287501],[-102.78531236819963,48.163635138291546],[-102.78545761158733,48.16350347038513],[-102.78562086595886,48.16338198275052],[-102.78580060168066,48.163271813595244],[-102.7859951347311,48.163173995078154],[-102.78620264247799,48.16308944364117],[-102.78642118075412,48.163018951425514],[-102.78664870206985,48.16296317885217],[-102.7868830747931,48.16292264843612],[-102.78712210311639,48.16289773989255],[-102.78736354762498,48.162888686580374],[-102.78760514627257,48.16289557331666],[-102.78784463556913,48.16291833558218],[-102.78807977178211,48.162956760125724],[-102.78830835195275,48.16301048696143],[-102.78852823453086,48.16307901274033],[-102.78974821367729,48.163509000225034],[-102.7899460729079,48.163586743672866],[-102.79013267835056,48.16367647037936],[-102.79030646984486,48.16377743019832],[-102.7904659943415,48.16388877906627],[-102.79212600194246,48.16515875139143]]]},"properties":{"fire_id":"F7111","date":"2026-10-10","area_ha":22.2,"cumulative_ha":22.2,"frp_sum":1.1,"n_detections":3,"first_seen":"2026-10-10","last_seen":"2026-10-10","centroid":[-102.78885,48.16541],"history":[{"date":"2026-10-10","area_ha":22.2}],"track":[[-102.78884897325015,48.1654115801327]],"growth_24h_ha":null,"speed_km_day":null,"bearing_deg":null,"direction":null}},{"type":"Feature","geometry":{"type":"Polygon","coordinates":[[[-108.16901883387025,38.47527629205763],[-108.17028675148924,38.47562382491999],[-108.17049041670884,38.47568880917064],[-108.1706844798029,38.475769389953236],[-108.17086693795517,38.475864735653154],[-108.17103590809471,38.4759738622746],[-108.17118964632844,38.47609564359381],[-108.17132656593859,38.47622882278032],[-108.1714452537591,38.47637202536616],[-108.17154448476231,38.47652377342909],[-108.17162323470485,38.47668250084384],[-108.1716806907027,38.47684656944398],[-108.17171625962546,38.47701428592752],[-108.17172957422363,38.47718391933208],[-108.17172049692489,38.477353718899124],[-108.17168912126041,38.47752193214306],[-108.17139915311358,38.47866193715043],[-108.1713498867413,38.478816349735226],[-108.17128182571487,38.478966458054664],[-108.17119558494845,38.479110905668314],[-108.17109194364882,38.47924838728029],[-108.17097183827737,38.47937766053561],[-108.17083635409028,38.47949755724794],[-108.1706867153334,38.47960699395708],[-108.17052427418032,38.47970498172132],[-108.17035049851361,38.47979063505527],[-108.17016695865969,38.47986317993318],[-108.16997531319699,38.479921960784644],[-108.16977729396609,38.479966446420086],[-108.1695746904172,38.47999623483168],[-108.16936933343624,38.480011056827145],[-108.16916307879647,38.48001077846278],[-108.16455018792085,38.479835223239974],[-108.15956066700485,38.48508834122275],[-108.15942468983096,38.48521749121903],[-108.15927274658809,38.48533559189096],[-108.15910633962281,38.48544147545515],[-108.15892711432139,38.48553409492655],[-108.1587368428398,38.48561253447283],[-108.1585374065793,38.485676018471715],[-108.15833077758076,38.4857239191819],[-108.15811899902192,38.485755762951335],[-108.1579041650106,38.48577123490181],[-108.15768839987366,38.485770182043126],[-108.15747383714712,38.485752614786186],[-108.15726259847477,38.48571870684008],[-108.15705677262483,38.485668793493964],[-108.15685839483179,38.48560336830111],[-108.15666942666823,38.485523078197524],[-108.15649173664568,38.485428717103716],[-108.15632708173656,38.48532121807294],[-108.15617708999993,38.485201644063515],[-108.15604324448303,38.485071177426526],[-108.1559268685578,38.48493110821309],[-108.1558291128372,38.484782821416744],[-108.15575094380091,38.484627783277176],[-108.15569313424263,38.48446752678103],[-108.15565625563312,38.48430363650276],[-108.15564067247487,38.48413773293604],[-108.15564653870332,38.48397145647021],[-108.15567379617053,38.483806451170615],[-108.15572217522586,38.48364434852278],[-108.1557911973877,38.48348675130171],[-108.15588018007966,38.483335217725184],[-108.15598824338419,38.48319124604829],[-108.16178039946465,38.476289558232935],[-108.16357242116736,38.471943236552704],[-108.16364901595585,38.47178545634149],[-108.16374580431652,38.47163441655375],[-108.1638618044542,38.47149164910712],[-108.16399583973872,38.47135860200847],[-108.16414655064189,38.47123662466933],[-108.16431240852833,38.47112695422122],[-108.1644917311605,38.4710307029702],[-108.16686170312062,38.46989072503998],[-108.16704635836216,38.469811266975626],[-108.16724016854175,38.46974604802374],[-108.16744129237436,38.46969568778671],[-108.16892126217596,38.46938569461258],[-108.16912644392575,38.46935084479125],[-108.1693350352501,38.46933146210719],[-108.16954507989485,38.46932772833898],[-108.16975460797873,38.46933967850327],[-108.1699616544641,38.46936720052675],[-108.17016427758192,38.46941003629684],[-108.17036057703908,38.46946778408185],[-108.17054871183691,38.469539902297974],[-108.17072691753425,38.469625714587416],[-108.17089352279311,38.4697244161605],[-108.17104696505206,38.46983508134201],[-108.17118580518022,38.46995667225142],[-108.17130874097455,38.47008804853496],[-108.17141461937398,38.47022797805944],[-108.17150244727544,38.470375148466495],[-108.17157140085085,38.47052817947943],[-108.17162083327699,38.470685635847595],[-108.17165028080605,38.47084604080639],[-108.17165946711961,38.471007889926916],[-108.17164830592507,38.4711696652256],[-108.17161690177005,38.47132984940129],[-108.17131693379993,38.47247985457563],[-108.17126236492146,38.47264501854856],[-108.17118628213942,38.472805043819655],[-108.1710894751589,38.47295826910837],[-108.17097294884837,38.47310310371716],[-108.16901883387025,38.47527629205763]]]},"properties":{"fire_id":"F7051","date":"2026-10-10","area_ha":114.4,"cumulative_ha":194.5,"frp_sum":17.8,"n_detections":10,"first_seen":"2026-10-09","last_seen":"2026-10-10","centroid":[-108.16478,38.47714],"history":[{"date":"2026-10-09","area_ha":141.6},{"date":"2026-10-10","area_ha":114.4}],"track":[[-108.15997026450702,38.47721909076689],[-108.16477776022217,38.477143803538986]],"growth_24h_ha":-27.24,"speed_km_day":0.42,"bearing_deg":276.17,"direction":"W"}},{"type":"Feature","geometry":{"type":"Polygon","coordinates":[[[-107.19624163000404,44.751655631962215],[-107.19634644571452,44.75151460360654],[-107.19646958188986,44.75138124424778],[-107.1966099345124,44.75125674944164],[-107.19676624524016,44.751142235266585],[-107.19693711268953,44.75103872831982],[-107.1971210049993,44.750947156515736],[-107.19731627356344,44.750868340768996],[-107.19752116780963,44.750802987636874],[-107.19773385089091,44.750751682986554],[-107.19795241615019,44.750714886744255],[-107.19817490420974,44.750692928773276],[-107.2136345230606,44.74969295739656],[-107.2138664419368,44.74968603714469],[-107.21409820341081,44.749695238603955],[-107.21432758877908,44.749720473687766],[-107.21455240208003,44.749761500817705],[-107.21477049111196,44.74981792723552],[-107.2149797680325,44.74988921276225],[-107.21517822934273,44.74997467496798],[-107.2153639750644,44.7500734957036],[-107.21553522692746,44.75018472893128],[-107.2156903453932,44.75030730977928],[-107.21582784535053,44.750440064734455],[-107.21594641033505,44.75058172287477],[-107.2160449051346,44.750730928034514],[-107.21612238666083,44.75088625178595],[-107.21617811298222,44.75104620711289],[-107.21621155043225,44.75120926264577],[-107.2162223787243,44.75137385732162],[-107.21621049402405,44.751538415328795],[-107.21617600994996,44.7517013611935],[-107.21611925649174,44.75186113486348],[-107.21604077685716,44.752016206644676],[-107.21594132227692,44.75216509184756],[-107.21582184481736,44.752306365003136],[-107.21568348826943,44.75243867351237],[-107.21552757720109,44.75256075059795],[-107.21535560427783,44.75267142743501],[-107.2151692159726,44.75276964434379],[-107.21497019680199,44.75285446093769],[-107.21476045223955,44.75292506512876],[-107.19781716740033,44.75792188442999],[-107.19341655830925,44.76581939109882],[-107.1933272382999,44.76596037874342],[-107.19322007837852,44.76609495973613],[-107.19309598137666,44.76622200008384],[-107.19295599285599,44.76634042932456],[-107.1928012923003,44.76644924954857],[-107.19263318317826,44.76654754380844],[-107.1924530819607,44.766634483846815],[-107.19064305802412,44.76742450319963],[-107.1904383120612,44.76750428773333],[-107.1902235049098,44.76756939958189],[-107.19000071801668,44.76761920780748],[-107.18977211016835,44.7676532297639],[-107.18953989656853,44.76767113577463],[-107.18930632736839,44.76767275232823],[-107.18907366585783,44.76765806376008],[-107.18884416652928,44.76762721240421],[-107.18862005322677,44.767580497213814],[-107.18840349759245,44.76751837086349],[-107.18819659801932,44.7674414353618],[-107.18800135931473,44.76735043621632],[-107.18781967327135,44.767246255208],[-107.1876533003345,44.76712990184494],[-107.18750385254333,44.767002503578354],[-107.18737277791114,44.766865294875515],[-107.18726134639635,44.766719605256334],[-107.18717063759998,44.7665668464085],[-107.18710153030851,44.7664084985071],[-107.18705469398374,44.7662460958708],[-107.1870305822815,44.766081212093965],[-107.18702942866202,44.76591544479852],[-107.18705124413427,44.7657504001535],[-107.18709581715586,44.765587677312574],[-107.18716271568913,44.76542885291966],[-107.18725129139328,44.76527546583348],[-107.19624163000404,44.751655631962215]]]},"properties":{"fire_id":"F7112","date":"2026-10-10","area_ha":152.0,"cumulative_ha":152.0,"frp_sum":5.8,"n_detections":5,"first_seen":"2026-10-10","last_seen":"2026-10-10","centroid":[-107.19983,44.75643],"history":[{"date":"2026-10-10","area_ha":152.0}],"track":[[-107.19982942645095,44.756431968038314]],"growth_24h_ha":null,"speed_km_day":null,"bearing_deg":null,"direction":null}},{"type":"Feature","geometry":{"type":"Polygon","coordinates":[[[-120.80208482661081,48.37476902873549],[-120.8020636272421,48.374938695704905],[-120.80201759039693,48.375106075952196],[-120.80194717627704,48.37526949558117],[-120.80185308888407,48.37542732028828],[-120.80173626898583,48.37557797170821],[-120.80159788471396,48.37571994320034],[-120.80143931988648,48.37585181491863],[-120.80126216017243,48.37597226801357],[-120.80106817723586,48.37608009782457],[-120.80085931101874,48.376174225930306],[-120.80063765033913,48.37625371093659],[-120.8004054119992,48.37631775789393],[-120.80016491861188,48.37636572624985],[-120.7999185753683,48.37639713625721],[-120.79966884597819,48.37641167377361],[-120.7994182280246,48.37640919340404],[-120.79916922797938,48.37638971995557],[-120.79892433612956,48.37635344818918],[-120.79868600166596,48.376300740871265],[-120.79845660818306,48.37623212514442],[-120.79823844983598,48.376148287253926],[-120.79803370839248,48.37605006568241],[-120.79784443141065,48.375938442762056],[-120.79767251175974,48.37581453484753],[-120.79751966868979,48.37567958114881],[-120.79738743063879,48.375534931335196],[-120.79068762417359,48.367314799759505],[-120.79057936234582,48.3671650853435],[-120.79049318191304,48.36700889189393],[-120.7904299098646,48.36684771855204],[-120.79039015330225,48.36668311224178],[-120.79037429361956,48.36651665282141],[-120.7903824828481,48.366349937919615],[-120.79041464220536,48.36618456760163],[-120.79047046285802,48.36602212901265],[-120.7905494088929,48.365864181145675],[-120.79065072246665,48.36571223988025],[-120.79077343108523,48.36556776343542],[-120.79091635694189,48.36543213837644],[-120.79107812822521,48.36530666630983],[-120.79125719228728,48.36519255139369],[-120.79145183054662,48.36509088878369],[-120.79166017498193,48.365002654125234],[-120.7918802260589,48.36492869419239],[-120.7921098719179,48.36486971876358],[-120.79234690863863,48.3648262938118],[-120.79258906138702,48.364798836074705],[-120.79283400624239,48.36478760905623],[-120.79307939249473,48.36479272049871],[-120.79332286519902,48.36481412134919],[-120.79356208777001,48.36485160623001],[-120.79379476440111,48.364904815409076],[-120.79401866209233,48.364973238251416],[-120.79423163207606,48.36505621811784],[-120.7944316304357,48.365152958665234],[-120.79461673771858,48.36526253148671],[-120.80150672776915,48.36976242430783],[-120.80166753537627,48.36987771365425],[-120.80181183190912,48.37000268184642],[-120.80193836169359,48.37013624150557],[-120.80204602362963,48.370277230487716],[-120.80213388077503,48.37042442199435],[-120.80220116850174,48.370576535245625],[-120.80224730115332,48.37073224662397],[-120.80227187714605,48.370890201190456],[-120.80227468246841,48.37104902447425],[-120.80208482661081,48.37476902873549]]]},"properties":{"fire_id":"F6685","date":"2026-10-10","area_ha":62.4,"cumulative_ha":135.6,"frp_sum":8.6,"n_detections":3,"first_seen":"2026-10-08","last_seen":"2026-10-10","centroid":[-120.79694,48.37048],"history":[{"date":"2026-10-08","area_ha":29.9},{"date":"2026-10-09","area_ha":111.7},{"date":"2026-10-10","area_ha":62.4}],"track":[[-120.80019625154613,48.37402260330825],[-120.79528228106223,48.37067977910663],[-120.79694142126719,48.370481603970795]],"growth_24h_ha":-49.26,"speed_km_day":0.13,"bearing_deg":274.98,"direction":"W"}},{"type":"Feature","geometry":{"type":"Polygon","coordinates":[[[-118.25437881783051,48.615618105063405],[-118.25460960647698,48.615656835325865],[-118.25483396780788,48.61571015325432],[-118.25504989787228,48.61577758263721],[-118.25525546800846,48.61585852122375],[-118.25544884206766,48.61595224610149],[-118.2556282928123,48.616057920151505],[-118.25579221734233,48.616174599523305],[-118.25593915141218,48.61630124206328],[-118.26023921554871,48.62039116288988],[-118.26037395394496,48.62053380870569],[-118.26048713205135,48.62068480869566],[-118.26057763239919,48.62084267217601],[-118.26064456137767,48.62100584069204],[-118.2606872580617,48.621172703401655],[-118.26070530074352,48.621341612976856],[-118.26069851110324,48.62151090186582],[-118.26066695597689,48.62167889875546],[-118.2606109467043,48.621843945071625],[-118.26053103606282,48.62200441135423],[-118.26042801281686,48.622158713345655],[-118.26030289393705,48.6223053276332],[-118.26015691456509,48.62244280669169],[-118.25999151582377,48.62256979317681],[-118.25980833059182,48.622685033328835],[-118.25960916738417,48.6227873893535],[-118.25939599249689,48.62287585065829],[-118.25917091059283,48.62294954383266],[-118.25893614391966,48.62300774127371],[-118.25869401036593,48.62304986837203],[-118.25844690057198,48.623075509186684],[-118.25819725432132,48.62308441055321],[-118.25794753644647,48.62307648458387],[-118.25770021248748,48.62305180953579],[-118.25242008077774,48.62234178629506],[-118.25218976717682,48.62230308241026],[-118.25196586075232,48.62224985136956],[-118.25175035335043,48.622182566723765],[-118.25154516208359,48.622101827044574],[-118.2513521122733,48.62200835059789],[-118.2511729212105,48.62190296895263],[-118.2510091828777,48.62178661958121],[-118.25086235376925,48.62166033751793],[-118.24655241755582,48.61757025822205],[-118.24641743363838,48.61742766084047],[-118.24630401140712,48.61727668983298],[-118.24621327120708,48.61711883665866],[-118.24614610928626,48.616955660752225],[-118.24610318894747,48.61678877411658],[-118.24608493400258,48.616619825396725],[-118.24609152459279,48.61645048359223],[-118.24612289541689,48.61628242156936],[-118.24617873638392,48.616117299535375],[-118.24625849568403,48.61595674863891],[-118.24636138524643,48.61580235485775],[-118.24648638853066,48.61565564333346],[-118.24663227057377,48.61551806330755],[-118.2467975901939,48.615390973807706],[-118.24698071422971,48.61527563022556],[-118.24717983367476,48.61517317191832],[-118.24739298154763,48.61508461095675],[-118.24761805232083,48.61501082213045],[-118.24785282271726,48.61495253430899],[-118.24809497366832,48.614910323244224],[-118.2483421132174,48.614884605884804],[-118.24859180014249,48.61487563625883],[-118.24884156806482,48.61488350296543],[-118.24908894980567,48.61490812829978],[-118.25437881783051,48.615618105063405]]]},"properties":{"fire_id":"F6866","date":"2026-10-10","area_ha":62.0,"cumulative_ha":139.6,"frp_sum":5.6,"n_detections":4,"first_seen":"2026-10-08","last_seen":"2026-10-10","centroid":[-118.2534,48.61898],"history":[{"date":"2026-10-08","area_ha":126.0},{"date":"2026-10-10","area_ha":62.0}],"track":[[-118.25295043947621,48.61629532284344],[-118.25339610203508,48.618979209263294]],"growth_24h_ha":-31.97,"speed_km_day":0.15,"bearing_deg":7.0,"direction":"N"}},{"type":"Feature","geometry":{"type":"Polygon","coordinates":[[[-110.38203056921687,40.13958908228093],[-110.38203613699004,40.1394253094871],[-110.38206292013194,40.139262731801466],[-110.38211066183842,40.139102907194285],[-110.38217890446879,40.138947367242565],[-110.38226699393634,40.13879760245386],[-110.38237408598098,40.13865504798405],[-110.38249915426344,40.13852106988581],[-110.38264100020362,40.13839695201955],[-110.38279826446846,40.13828388375222],[-110.38296943999927,40.13818294856181],[-110.38315288645362,40.13809511365644],[-110.38334684592343,40.13802122070777],[-110.38354945977865,40.13796197778714],[-110.38375878647527,40.13791795258195],[-110.38397282015707,40.137889566956886],[-110.38418950987294,40.13787709291238],[-110.38440677922604,40.1378806499788],[-110.38462254626641,40.137900204071116],[-110.3848347434367,40.13793556781572],[-110.38504133738037,40.137986402345284],[-110.38524034842217,40.138052220545404],[-110.38542986953499,40.13813239172118],[-110.38967981853699,40.14014235044234],[-110.38985946730988,40.14023693067925],[-110.39002587264362,40.14034440032558],[-110.39017741341095,40.140463712450604],[-110.39031261326846,40.14059370475277],[-110.39043015503977,40.14073311088066],[-110.3905288935489,40.140880572767976],[-110.39060786677946,40.14103465386179],[-110.39066630525001,40.141193853116086],[-110.39070363951491,40.14135661961358],[-110.39071950571687,40.141521367673825],[-110.39071374913713,40.14168649230064],[-110.39068642570861,40.14185038481763],[-110.39063780147663,40.14201144854058],[-110.3878280093977,40.14957149799642],[-110.38776138760097,40.14972264003143],[-110.38767600535202,40.14986832424205],[-110.38757263584411,40.15000723116839],[-110.38745221519639,40.15013810272449],[-110.3873158339783,40.15025975359425],[-110.38716472733425,40.1503710819681],[-110.38604472321344,40.15112109556648],[-110.38587368930749,40.151224695795754],[-110.38568992335823,40.15131506640839],[-110.38549522001277,40.15139132482652],[-110.38529148075429,40.15145272629222],[-110.38508069532949,40.15149867114227],[-110.38486492231345,40.15152871066591],[-110.38464626900122,40.151542551487914],[-110.38442687082357,40.15154005843447],[-110.38420887048729,40.15152125585352],[-110.38399439704465,40.15148632737693],[-110.38378554509612,40.15143561412685],[-110.38358435433013,40.15136961138329],[-110.38339278959943,40.151288963746204],[-110.38321272172911,40.151194458838916],[-110.38304590924398,40.151087019614494],[-110.38289398119322,40.15096769534042],[-110.38275842124101,40.150837651349654],[-110.38264055317781,40.15069815765814],[-110.38254152799406,40.15055057656003],[-110.38246231264264,40.150396349322136],[-110.38240368059935,40.150236982107124],[-110.38236620431378,40.150074031263415],[-110.38235024962395,40.149909088125355],[-110.38203056921687,40.13958908228093]]]},"properties":{"fire_id":"F4709","date":"2026-10-10","area_ha":83.0,"cumulative_ha":175.7,"frp_sum":5.3,"n_detections":4,"first_seen":"2026-09-26","last_seen":"2026-10-10","centroid":[-110.38568,40.14437],"history":[{"date":"2026-09-26","area_ha":28.9},{"date":"2026-09-27","area_ha":95.8},{"date":"2026-09-30","area_ha":67.7},{"date":"2026-10-01","area_ha":122.9},{"date":"2026-10-02","area_ha":97.6},{"date":"2026-10-04","area_ha":114.5},{"date":"2026-10-05","area_ha":95.5},{"date":"2026-10-07","area_ha":74.3},{"date":"2026-10-08","area_ha":96.4},{"date":"2026-10-09","area_ha":113.1},{"date":"2026-10-10","area_ha":83.0}],"track":[[-110.3872821871494,40.13974502384144],[-110.38613158862715,40.14361113887995],[-110.38577905681133,40.143943640507906],[-110.38718654440036,40.14300730101119],[-110.3870375342825,40.144024466005334],[-110.38765045175197,40.14428538742002],[-110.38589931994055,40.14230449088604],[-110.38596078746035,40.144591700736626],[-110.38660820659015,40.14278906293166],[-110.38761261992003,40.1440028926366],[-110.38568212096457,40.14437381432722]],"growth_24h_ha":-30.09,"speed_km_day":0.17,"bearing_deg":84.37,"direction":"E"}}]}