{"type":"FeatureCollection","features":[{"type":"Feature","geometry":{"type":"Polygon","coordinates":[[[-80.09664241815807,42.816975439752],[-80.0965127070102,42.81715098187764],[-80.09635530498912,42.81731409521678],[-80.09505531642854,42.81850411501971],[-80.09490655998982,42.81862739636458],[-80.09474196849455,42.81873951905419],[-80.09456311520364,42.81883941129931],[-80.09437170972973,42.81892611821772],[-80.09416958169426,42.818998810963656],[-80.09395866323639,42.8190567946525],[-80.09374097054103,42.81909951500474],[-80.09351858456255,42.81912656364565],[-80.09329363112887,42.81913768200999],[-80.09306826061605,42.81913276381418],[-80.09284462738792,42.81911185607265],[-80.09262486919768,42.819075158648246],[-80.09241108674836,42.819023022341206],[-80.0922053236078,42.81895594553514],[-80.09200954667051,42.818874569431514],[-80.09182562735306,42.8187796719192],[-80.08958561097039,42.817499644996886],[-80.0894109780185,42.81738910251214],[-80.08925245483672,42.8172663791359],[-80.08911163841482,42.817132711280344],[-80.08898994732704,42.81698944561263],[-80.08888860744275,42.81683802548582],[-80.08880863957991,42.81667997639559],[-80.08875084922514,42.81651689061002],[-80.08871581842429,42.8163504111269],[-80.08870389992478,42.81618221512037],[-80.08871521362832,42.816013997044],[-80.08874964538981,42.81584745156014],[-80.088806848174,42.81568425646764],[-80.0888862455581,42.815526055800284],[-80.08898703754478,42.81537444326555],[-80.0891082086267,42.81523094619106],[-80.09176859471121,42.81240833263498],[-80.09229081579085,42.810112542389064],[-80.09236560269115,42.80858045539074],[-80.0923860812607,42.8084091415852],[-80.09243054665163,42.808240252633595],[-80.0924985316951,42.80807556228061],[-80.09258932222217,42.807916800161635],[-80.09270196457042,42.80776563363889],[-80.09283527560551,42.80762365029192],[-80.0943527404986,42.806173017225824],[-80.09342575442186,42.805133307532856],[-80.09331402152448,42.80499369440591],[-80.0932212580552,42.80484690825278],[-80.09314832395093,42.80469431001115],[-80.09309589528556,42.8045373144957],[-80.09306445800622,42.80437737727975],[-80.09305430343284,42.80421598119919],[-80.09306552556248,42.804054622604156],[-80.0930980202035,42.80389479748563],[-80.09315148594692,42.80373798760619],[-80.09322542696619,42.80358564676264],[-80.09331915761898,42.80343918730865],[-80.09343180880829,42.80329996706172],[-80.09356233604355,42.803169276716346],[-80.09370952912711,42.8030483278795],[-80.09387202337598,42.802938241839605],[-80.09404831227475,42.80284003917309],[-80.0942367614426,42.80275463028444],[-80.09443562378455,42.80268280696776],[-80.09464305568682,42.802625235067914],[-80.09485713410609,42.802582448308975],[-80.09507587439447,42.802554843347515],[-80.09529724869483,42.80254267609607],[-80.09551920473652,42.80254605935134],[-80.09688918968224,42.80261505868435],[-80.09768853058983,42.80164472893805],[-80.0968233076329,42.80026786612216],[-80.09673950645521,42.80011512677552],[-80.09667665426744,42.79995715043857],[-80.09663535477185,42.79979545485945],[-80.09661600459525,42.79963159350701],[-80.09661878948414,42.79946714064516],[-80.09664368252622,42.79930367620829],[-80.09669044441488,42.799142770622545],[-80.09675862575422,42.79898596971882],[-80.09684757138194,42.79883477988275],[-80.09695642666868,42.79869065358368],[-80.09708414573268,42.79855497542249],[-80.0972295014911,42.7984290488312],[-80.09739109745105,42.798314083553066],[-80.09756738112709,42.79821118402252],[-80.09775665895609,42.79812133875716],[-80.1004366219988,42.79698136506004],[-80.1006412814925,42.79690402770914],[-80.10085553211788,42.79684195705915],[-80.10107723046673,42.79679577406699],[-80.10130415863844,42.796765940747754],[-80.10153404642395,42.79675275555368],[-80.10176459401241,42.79675635038918],[-80.10199349499369,42.79677668929164],[-80.10221845942687,42.79681356879093],[-80.10243723674405,42.79686661994471],[-80.10264763826082,42.79693531202816],[-80.10284755906815,42.797018957842404],[-80.10303499908717,42.7971167205877],[-80.1032080830761,42.797227622232995],[-80.10336507938945,42.797350553298635],[-80.10350441730203,42.79748428395359],[-80.10362470272408,42.797627476317025],[-80.10577419049409,42.80049977513758],[-80.10724298788458,42.80192175426611],[-80.10737003909853,42.80205822824475],[-80.10747807664178,42.80220311643478],[-80.1075660576732,42.80235502046024],[-80.10763313290846,42.80251247422212],[-80.1076786548214,42.802673958046945],[-80.10770218389881,42.802837913353144],[-80.10770349288818,42.803002757692994],[-80.10768256899699,42.80316690002564],[-80.10763961402239,42.80332875607342],[-80.10757504240935,42.803486763613456],[-80.1074894772563,42.803639397556736],[-80.10738374430625,42.803785184669316],[-80.10725886398112,42.803922717793405],[-80.10711604153644,42.80405066943084],[-80.1069566554308,42.80416780455819],[-80.10678224402257,42.80427299254928],[-80.10659449072199,42.80436521809014],[-80.1063952077422,42.804443590981094],[-80.10618631860584,42.80450735473094],[-80.10491478247657,42.80484304953077],[-80.10427363490012,42.807249419187784],[-80.10422290982544,42.80740146987255],[-80.10415294238403,42.80754942113883],[-80.1040643408589,42.80769198646851],[-80.1025443885742,42.80986201281443],[-80.10243268616613,42.81000393245465],[-80.10230252717011,42.81013726462149],[-80.10215514806895,42.81026074257693],[-80.10199194896886,42.81037319319684],[-80.10181448029893,42.81047354811824],[-80.10162442808154,42.81056085389128],[-80.10142359791335,42.81063428103947],[-80.1012138978093,42.810693131941974],[-80.10099732007261,42.810736847463],[-80.09845820668437,42.81115353849434],[-80.09781246272189,42.81291429909236],[-80.09811695429896,42.81368814665761],[-80.09816999001113,42.81385450335055],[-80.09819951347777,42.81402392102754],[-80.09820521872436,42.814194644878704],[-80.09818704648006,42.81436490655062],[-80.0981451847989,42.81453294246278],[-80.09808006711906,42.814697012075186],[-80.09799236778014,42.81485541591795],[-80.09664241815807,42.816975439752]]]},"properties":{"fire_id":"F3937","date":"2026-09-27","area_ha":178.1,"cumulative_ha":326.1,"frp_sum":42.3,"n_detections":22,"first_seen":"2026-09-20","last_seen":"2026-09-27","centroid":[-80.09805,42.80744],"history":[{"date":"2026-09-20","area_ha":108.1},{"date":"2026-09-21","area_ha":140.0},{"date":"2026-09-22","area_ha":173.0},{"date":"2026-09-23","area_ha":215.3},{"date":"2026-09-24","area_ha":207.8},{"date":"2026-09-25","area_ha":125.2},{"date":"2026-09-26","area_ha":158.4},{"date":"2026-09-27","area_ha":178.1}],"track":[[-80.09691266855467,42.80916100906583],[-80.0976903568977,42.80643357931289],[-80.0973005777304,42.80761454478986],[-80.09866439217447,42.807563298695115],[-80.09945680261735,42.8095723458272],[-80.0985279751286,42.81307394963266],[-80.09824361316224,42.807359513910995],[-80.09804884394687,42.807437552610445]],"growth_24h_ha":19.75,"speed_km_day":0.02,"bearing_deg":51.58,"direction":"NE"}},{"type":"Feature","geometry":{"type":"Polygon","coordinates":[[[-82.42118016554436,42.94544202741031],[-82.42119040834463,42.94560655883662],[-82.42117840098052,42.94577102733549],[-82.42114425893006,42.94593384900265],[-82.42108831084353,42.94609345578122],[-82.42101109538415,42.946248310563576],[-82.42091335604596,42.946396921995344],[-82.42079603399834,42.94653785883937],[-82.42066025902592,42.946669763760994],[-82.42050733865129,42.94679136640194],[-82.42033874554457,42.94690149561662],[-82.42015610334174,42.946999090753344],[-82.41996117100757,42.94708321187103],[-82.4197558258944,42.94715304879371],[-82.41954204565948,42.947207928914956],[-82.41932188921547,42.9472473236772],[-82.41909747689759,42.94727085366357],[-82.41676742100516,42.94743085794402],[-82.41654318023376,42.9474382981692],[-82.41631900383896,42.94742989648998],[-82.4160970079807,42.94740573221637],[-82.41587928823071,42.94736603345363],[-82.41566789978702,42.94731117494865],[-82.4154648380697,42.94724167455141],[-82.4152720198815,42.94715818832555],[-82.41509126531153,42.947061504354146],[-82.41492428055253,42.94695253529864],[-82.4147726417944,42.946832309782216],[-82.41463778034588,42.94670196267817],[-82.41452096912492,42.94656272439554],[-82.4144233106451,42.94641590926301],[-82.41434572661176,42.9462629031208],[-82.41428894922545,42.946105150237926],[-82.41425351427523,42.94594413967817],[-82.41423975608635,42.94578139124368],[-82.41424780436996,42.94561844112865],[-82.41427758300466,42.945456827419086],[-82.41432881076068,42.945298075574705],[-82.41440100396007,42.94514368403087],[-82.41449348104733,42.944995110055714],[-82.41460536902717,42.944853755996505],[-82.41473561170866,42.9447209560445],[-82.4148829796775,42.944597963643496],[-82.4170229827748,42.942977993781646],[-82.41718967558727,42.94286373090964],[-82.4173711322766,42.94276202766042],[-82.417565567169,42.942673884832146],[-82.4177710669026,42.9426001697793],[-82.41798560925399,42.9425416078796],[-82.41820708303504,42.94249877539742],[-82.41843330886428,42.94247209381456],[-82.41866206060858,42.94246182568369],[-82.41889108728446,42.94246807204538],[-82.4191181352036,42.94249077143411],[-82.41934097014506,42.942529700482986],[-82.41955739933587,42.94258447612107],[-82.41976529302465,42.94265455934214],[-82.41996260543524,42.94273926050739],[-82.42014739489512,42.94283774613022],[-82.42031784294032,42.942949047076276],[-82.42047227220894,42.94307206809828],[-82.42060916294747,42.94320559861174],[-82.42072716796714,42.94334832460584],[-82.42082512590362,42.943498841572016],[-82.42090207264889,42.94365566832363],[-82.42095725084316,42.94381726157005],[-82.42099011733302,42.94398203110287],[-82.42118016554436,42.94544202741031]]]},"properties":{"fire_id":"F4394","date":"2026-09-27","area_ha":23.9,"cumulative_ha":46.3,"frp_sum":2.5,"n_detections":3,"first_seen":"2026-09-24","last_seen":"2026-09-27","centroid":[-82.41794,42.94515],"history":[{"date":"2026-09-24","area_ha":37.3},{"date":"2026-09-26","area_ha":31.1},{"date":"2026-09-27","area_ha":23.9}],"track":[[-82.4173019360902,42.944535015578836],[-82.41674995959771,42.94587233799004],[-82.41794472555107,42.94514619386194]],"growth_24h_ha":-7.14,"speed_km_day":0.13,"bearing_deg":221.89,"direction":"SW"}},{"type":"Feature","geometry":{"type":"Polygon","coordinates":[[[-80.86026416389414,43.071534310515545],[-80.86024832644813,43.07169900799759],[-80.86021025661148,43.071861780663454],[-80.86015032249051,43.07202105395741],[-80.86006910370271,43.07217528716246],[-80.8599673857752,43.072322988305196],[-80.85984615255083,43.072462728589684],[-80.85970657667488,43.07259315622054],[-80.85955000825464,43.07271300948127],[-80.85937796180096,43.07282112894159],[-80.8591921015784,43.07291646867532],[-80.85899422550565,43.0729981063803],[-80.85878624776176,43.073065252302335],[-80.85857018026668,43.07311725687691],[-80.85834811321551,43.07315361701421],[-80.85812219485453,43.07317398096729],[-80.85789461069527,43.073178151735505],[-80.85766756236748,43.07316608897095],[-80.8574432463163,43.073137909368604],[-80.8572238325492,43.073093885537446],[-80.85701144363954,43.07303444336241],[-80.85680813418887,43.07296015788349],[-80.85661587094792,43.07287174773162],[-80.8564365137881,43.07277006817516],[-80.85627179770786,43.072656102844526],[-80.85612331604831,43.07253095421478],[-80.85599250508005,43.07239583293881],[-80.85588063011092,43.07225204613391],[-80.85578877324835,43.072100984735435],[-80.8557178229352,43.07194411003982],[-80.85566846535983,43.07178293956739],[-80.85564117782334,43.07161903238152],[-80.85549122881834,43.070089029452696],[-80.85548542524417,43.069962915535235],[-80.85549270060925,43.069836841790064],[-80.85575277944521,43.06746684686481],[-80.8557824066452,43.06730138251749],[-80.85583453671069,43.0671388688044],[-80.85590865443604,43.06698091136986],[-80.8560040273897,43.06682907082988],[-80.85611971315602,43.066684847354495],[-80.85625456865077,43.06654966584775],[-80.85640726141827,43.06642486187159],[-80.85657628279849,43.066311668452585],[-80.85675996283364,43.06621120390204],[-80.85695648676732,43.066124460769466],[-80.85716391297287,43.06605229603834],[-80.85738019213417,43.06599542266133],[-80.85760318748925,43.065954402518166],[-80.85783069593695,43.06592964086582],[-80.85806046979847,43.06592138233578],[-80.85829023901861,43.06592970851763],[-80.85851773358803,43.0659545371534],[-80.85874070596496,43.06599562294986],[-80.85895695327527,43.06605256000144],[-80.85916433907155,43.0661247857993],[-80.85936081443685,43.066211586787496],[-80.85954443822425,43.066312105410866],[-80.85971339623296,43.06642534858576],[-80.85986601913119,43.06655019750923],[-80.86000079894912,43.06668541871058],[-80.86011640397861,43.06682967623566],[-80.86021169193303,43.066981544844054],[-80.86028572123644,43.067139524088304],[-80.86033776033082,43.0673020531369],[-80.86036729490934,43.06746752619397],[-80.86037403300351,43.06763430836375],[-80.86026416389414,43.071534310515545]]]},"properties":{"fire_id":"F4097","date":"2026-09-27","area_ha":27.7,"cumulative_ha":60.5,"frp_sum":4.8,"n_detections":3,"first_seen":"2026-09-22","last_seen":"2026-09-27","centroid":[-80.85797,43.06955],"history":[{"date":"2026-09-22","area_ha":18.6},{"date":"2026-09-23","area_ha":40.3},{"date":"2026-09-24","area_ha":44.7},{"date":"2026-09-25","area_ha":25.8},{"date":"2026-09-26","area_ha":16.2},{"date":"2026-09-27","area_ha":27.7}],"track":[[-80.85839245573528,43.0687926842629],[-80.8586117260628,43.068576144672114],[-80.85928029431984,43.06925250721977],[-80.85781370173608,43.07059741626818],[-80.85745634022656,43.06907828151402],[-80.85797377835998,43.06955164103175]],"growth_24h_ha":11.55,"speed_km_day":0.07,"bearing_deg":312.46,"direction":"NW"}},{"type":"Feature","geometry":{"type":"Polygon","coordinates":[[[-79.81138302424964,43.270375040609515],[-79.82566749630074,43.27749739170199],[-79.82584970544232,43.27759817817678],[-79.82601727471773,43.27771147812928],[-79.8261685682643,43.27783618554886],[-79.82630210907692,43.27797108306052],[-79.82641659342785,43.27811485380682],[-79.82651090359629,43.278266094301195],[-79.8265841187831,43.27842332812695],[-79.82663552410432,43.27858502034876],[-79.82666461757508,43.278749592495735],[-79.82667111501597,43.278915437969935],[-79.82665495283344,43.27908093772982],[-79.82661628864695,43.27924447609591],[-79.82655549975655,43.27940445652397],[-79.82647317946561,43.27955931719185],[-79.82637013129411,43.27970754624807],[-79.8262473611392,43.27984769657258],[-79.82610606745902,43.27997839990626],[-79.82594762957567,43.28009838021064],[-79.82577359421117,43.28020646612767],[-79.82558566038826,43.28030160241733],[-79.82538566284276,43.28038286026194],[-79.82517555411017,43.280449446335965],[-79.82495738546086,43.28050071055303],[-79.8247332868706,43.280536152414065],[-79.82450544622165,43.28055542589499],[-79.82427608793824,43.28055834282569],[-79.8240474512646,43.28054487472774],[-79.8238217683982,43.28051515309234],[-79.82360124269209,43.28046946809635],[-79.82338802713893,43.28040826576855],[-79.80598571175587,43.27467635506978],[-79.80130897638591,43.27683546474506],[-79.80111693029961,43.276915066303516],[-79.80091527580758,43.27698107704271],[-79.8007058461003,43.277032896862906],[-79.80049054506625,43.277070054671725],[-79.80027132998073,43.277092212667995],[-79.80005019370905,43.277099169413404],[-79.79982914658572,43.2770908616641],[-79.7996101981346,43.27706736494587],[-79.79737014654485,43.27674735640617],[-79.79736022869038,43.276745923230976],[-79.79476016897551,43.27636591309905],[-79.79453752118347,43.27632498215852],[-79.79432155664139,43.276268334982845],[-79.79411439018442,43.276196526299486],[-79.7939180504744,43.27611025930539],[-79.79373446013129,43.27601037877939],[-79.79356541690395,43.275897862807916],[-79.79341257606511,43.275773813205085],[-79.79327743420241,43.27563944472132],[-79.79316131456468,43.275496073145995],[-79.79306535410683,43.2753451024209],[-79.79299049235986,43.27518801089063],[-79.79293746223536,43.27502633682487],[-79.79290678285386,43.274861663354066],[-79.7928987544674,43.2746956029665],[-79.79291345552564,43.27452978171809],[-79.79295074191411,43.2743658233101],[-79.79301024837174,43.27420533319028],[-79.79309139207352,43.274049882833225],[-79.79319337834299,43.27390099435396],[-79.79331520843857,43.27376012560514],[-79.79345568933694,43.27362865590398],[-79.79361344541795,43.27350787252838],[-79.79378693193607,43.27339895811442],[-79.79397445014696,43.27330297907877],[-79.79805672888314,43.271425480773395],[-79.79713206866184,43.2698441401828],[-79.79705496682115,43.269692270609845],[-79.79699842807914,43.26953573852212],[-79.79696297716548,43.26937599707191],[-79.79694894303506,43.26921452919396],[-79.79695645581957,43.26905283383844],[-79.79698544562494,43.26889241205547],[-79.79703564318596,43.26873475306068],[-79.79710658237117,43.26858132041122],[-79.79719760451519,43.26843353842],[-79.79730786453777,43.26829277893504],[-79.79743633879256,43.26816034860587],[-79.79758183457275,43.26803747675552],[-79.79774300118513,43.26792530397061],[-79.79791834248977,43.2678248715153],[-79.79810623078879,43.2677371116672],[-79.80273037755917,43.2657987955018],[-79.80330479630815,43.26226397842102],[-79.80334222589357,43.262102231193],[-79.80340128735094,43.261943896916954],[-79.80348141715899,43.26179048590533],[-79.8035818508443,43.261643461497826],[-79.80458187731683,43.26034347868425],[-79.80469887681384,43.2602071497894],[-79.80483332956497,43.26007952314866],[-79.80498400759586,43.25996176429796],[-79.80514953477714,43.259854948650485],[-79.8053283993928,43.259760051677034],[-79.8055189679458,43.259677939999484],[-79.80571950007487,43.25960936347814],[-79.8059281644465,43.25955494836523],[-79.80614305547667,43.25951519158716],[-79.8086329984206,43.25914520144004],[-79.80886807970855,43.2591192645209],[-79.80910559539264,43.259110865627285],[-79.80934305234364,43.25912009291908],[-79.80957795804862,43.259146849541075],[-79.80980784676856,43.25919085463928],[-79.81003030541495,43.25925164630839],[-79.81024299887453,43.259328586438976],[-79.8104436945163,43.259420867414065],[-79.81063028562389,43.25952752058453],[-79.8108008135075,43.259647426434725],[-79.81095348806336,43.25977932633156],[-79.81319351309612,43.26192929114913],[-79.81331724908708,43.26206053226793],[-79.81342328765042,43.26219964544691],[-79.81351067957193,43.2623453855506],[-79.81357864251967,43.262496448120025],[-79.81362656804997,43.26265148104736],[-79.81365402705778,43.26280909667724],[-79.81366077362206,43.26296788422657],[-79.81364674721199,43.26312642241173],[-79.81361207323394,43.26328329217027],[-79.813557061914,43.263437089362974],[-79.81348220552603,43.263586437342724],[-79.81338817398995,43.26372999927775],[-79.81154922193565,43.266225114593155],[-79.80953785434251,43.269091488870714],[-79.81138302424964,43.270375040609515]]]},"properties":{"fire_id":"F3640","date":"2026-09-27","area_ha":251.0,"cumulative_ha":338.2,"frp_sum":65.9,"n_detections":23,"first_seen":"2026-09-18","last_seen":"2026-09-27","centroid":[-79.80808,43.27089],"history":[{"date":"2026-09-18","area_ha":175.6},{"date":"2026-09-19","area_ha":105.0},{"date":"2026-09-20","area_ha":156.1},{"date":"2026-09-21","area_ha":100.6},{"date":"2026-09-23","area_ha":163.4},{"date":"2026-09-24","area_ha":201.7},{"date":"2026-09-25","area_ha":157.0},{"date":"2026-09-26","area_ha":134.3},{"date":"2026-09-27","area_ha":251.0}],"track":[[-79.80560473474853,43.27000377140376],[-79.80360902708856,43.27059282362385],[-79.80223839166345,43.26989731246157],[-79.80020211521794,43.271877674567705],[-79.8072603228164,43.26903602768372],[-79.80563988760163,43.268050271306535],[-79.80531371102052,43.267384858889066],[-79.80504398605542,43.2684306411044],[-79.80807983266797,43.27089112532824]],"growth_24h_ha":116.61,"speed_km_day":0.37,"bearing_deg":308.49,"direction":"NW"}},{"type":"Feature","geometry":{"type":"Polygon","coordinates":[[[-76.32549659179384,43.41875162748889],[-76.32562557894283,43.4188455911612],[-76.32574392312821,43.41894659269392],[-76.32774394245311,43.42079656156482],[-76.32787352358497,43.42092915727501],[-76.32798477640523,43.4210701621918],[-76.32807666231669,43.421218260120654],[-76.32814832348384,43.42137206864838],[-76.32819909084424,43.421530152045904],[-76.32822849035874,43.42169103466906],[-76.3282362474416,43.42185321473243],[-76.32822228952918,43.42201517832751],[-76.3281867467631,43.42217541355447],[-76.3281299507809,43.42233242463588],[-76.32805243162595,43.42248474587985],[-76.32795491280434,43.422630955363324],[-76.32783830453573,43.42276968820676],[-76.32770369526001,43.42289964931678],[-76.3275523414798,43.42301962547757],[-76.32738565603272,43.42312849667827],[-76.32720519490358,43.423225246570226],[-76.327012642699,43.423308971956686],[-76.3268097969203,43.42337889122614],[-76.32659855118168,43.423434351650506],[-76.32638087753001,43.42347483548],[-76.32615880803209,43.42349996477771],[-76.32593441580057,43.42350950494858],[-76.3257097956366,43.423503366930106],[-76.32548704446964,43.423481608023934],[-76.32526824177745,43.423444431360764],[-76.32505543016906,43.42339218400365],[-76.3248505963125,43.423325353707085],[-76.32210074687075,43.422309917237946],[-76.32080603165676,43.422700024003305],[-76.32059270233435,43.42275565051951],[-76.32037288353254,43.42279601511322],[-76.32014866474805,43.42282073409216],[-76.31992217731107,43.42282957248565],[-76.31969557412137,43.42282244627869],[-76.31947100917921,43.42279942321079],[-76.31925061710594,43.42276072213186],[-76.31903649284872,43.42270671092142],[-76.31883067176302,43.42263790299086],[-76.31863511026201,43.42255495240192],[-76.31845166721713,43.42245864764815],[-76.31828208628693,43.42234990415821],[-76.31812797934172,43.42222975559246],[-76.31799081114227,43.42209934401575],[-76.31787188541783,43.421959909039835],[-76.31777233247591,43.42181277603858],[-76.3176930984615,43.42165934354827],[-76.31763493636775,43.42150106997276],[-76.31759839888329,43.42133945971988],[-76.31758383314421,43.42117604890101],[-76.31759137744024,43.421012390729636],[-76.31762095990622,43.420850040757976],[-76.31767229921117,43.42069054209166],[-76.31774490723805,43.4205354107234],[-76.31783809372867,43.420386121124565],[-76.31795097284926,43.4202440922319],[-76.31808247161426,43.4201106739626],[-76.31823134008788,43.419987134385444],[-76.31839616326661,43.41987464767025],[-76.32138614850732,43.41802468608505],[-76.32156485490475,43.41792456831762],[-76.32175618342433,43.417837454114455],[-76.32195832525382,43.41776416702356],[-76.32216936937459,43.417705399873384],[-76.32238732062551,43.4176617082246],[-76.32261011856129,43.417633505119184],[-76.3228356569277,43.41762105717665],[-76.32306180356908,43.41762448207418],[-76.3232864205807,43.417643747434354],[-76.32350738451514,43.41767867113119],[-76.3237226064524,43.417728923011516],[-76.32393005174383,43.4177940280153],[-76.32412775924344,43.41787337066553],[-76.32431385984536,43.41796620088563],[-76.32448659415168,43.41807164108864],[-76.32549659179384,43.41875162748889]]]},"properties":{"fire_id":"F4783","date":"2026-09-27","area_ha":37.5,"cumulative_ha":37.5,"frp_sum":15.2,"n_detections":5,"first_seen":"2026-09-27","last_seen":"2026-09-27","centroid":[-76.32301,43.42076],"history":[{"date":"2026-09-27","area_ha":37.5}],"track":[[-76.3230119591818,43.42076201991023]],"growth_24h_ha":null,"speed_km_day":null,"bearing_deg":null,"direction":null}},{"type":"Feature","geometry":{"type":"Polygon","coordinates":[[[-81.4672391418569,44.16857119114354],[-81.46735017140851,44.16870869882288],[-81.46744257310708,44.16885308076478],[-81.46751552333417,44.169003050221704],[-81.46756837181198,44.1691572706398],[-81.46760064740289,44.16931436756938],[-81.46761206231318,44.16947294091378],[-81.46760251466277,44.16963157740677],[-81.46757208939853,44.169788863208254],[-81.46752105754236,44.169943396504955],[-81.4674498737807,44.17009380000465],[-81.46735917241686,44.17023873321206],[-81.46724976172199,44.17037690437722],[-81.46712261673486,44.170507082009685],[-81.46602262806725,44.17152709952707],[-81.46587489750615,44.17165116183995],[-81.46571107106301,44.17176441992972],[-81.46553268632636,44.17186581075528],[-81.46534141755095,44.17195438265655],[-81.465139059943,44.17202930428869],[-81.46492751280881,44.17208987242687],[-81.46470876172566,44.172135518568105],[-81.46448485990186,44.172165814268766],[-81.4642579089016,44.17218047516691],[-81.46403003891534,44.17217936365206],[-81.4638033887611,44.172162490157184],[-81.4635800858049,44.17213001306062],[-81.4633622259887,44.17208223719932],[-81.46315185415352,44.17201961100671],[-81.4629509448429,44.17194272230277],[-81.46276138376666,44.1718522927752],[-81.46258495009955,44.171749171204155],[-81.46242329978053,44.17163432549385],[-81.46227794996985,44.171508833586],[-81.46215026480994,44.17137387334038],[-81.45982031588088,44.1686338333059],[-81.45971350651966,44.168493633454155],[-81.45962576851761,44.16834682328722],[-81.45955789233844,44.16819472568728],[-81.45951048946175,44.168038711170425],[-81.45948398687756,44.16788018553636],[-81.45947862324385,44.16772057720044],[-81.45949444674126,44.167561324322456],[-81.45953131464432,44.16740386184782],[-81.45958889461278,44.167249608578366],[-81.45966666769122,44.1670999543888],[-81.45976393298979,44.166956247704334],[-81.45987981400359,44.16681978335197],[-81.46001326651384,44.16669179089524],[-81.46016308799929,44.16657342355706],[-81.46032792847305,44.16646574783058],[-81.46155792118313,44.165735763626074],[-81.4617452741662,44.165635396247474],[-81.4619456507148,44.165548844325734],[-81.46215706587331,44.16547696522805],[-81.46237742536036,44.16542047097249],[-81.46260454631145,44.16537992117664],[-81.46283617889846,44.16535571751529],[-81.46307002861151,44.16534809974273],[-81.46330377898323,44.165357143318275],[-81.46353511453003,44.165382758659035],[-81.46376174368388,44.16542469202703],[-81.46398142148719,44.165482528042084],[-81.46419197182676,44.1655556937954],[-81.46439130898627,44.16564346452332],[-81.46457745830422,44.16574497078509],[-81.4647485757331,44.165859207073524],[-81.46490296610556,44.165985041773396],[-81.46503909992714,44.166121228369086],[-81.4672391418569,44.16857119114354]]]},"properties":{"fire_id":"F4784","date":"2026-09-27","area_ha":33.3,"cumulative_ha":33.3,"frp_sum":6.1,"n_detections":4,"first_seen":"2026-09-27","last_seen":"2026-09-27","centroid":[-81.46357,44.16873],"history":[{"date":"2026-09-27","area_ha":33.3}],"track":[[-81.46356847193488,44.168732395761154]],"growth_24h_ha":null,"speed_km_day":null,"bearing_deg":null,"direction":null}},{"type":"Feature","geometry":{"type":"Polygon","coordinates":[[[-74.99644341599382,45.302646512889915],[-74.99666727538552,45.302695277780394],[-74.99688329323051,45.30275924839079],[-74.99708939686487,45.30283781094584],[-74.99728360873003,45.30293021166281],[-74.99746406534459,45.30303556398234],[-74.99762903518284,45.30315285707284],[-74.99777693528829,45.30328096552715],[-74.99790634646281,45.30341866015875],[-74.99801602688582,45.303564619793626],[-74.99810492403252,45.30371744394506],[-74.99817218477699,45.30387566624979],[-74.99821716358291,45.30403776853639],[-74.99823942870317,45.30420219539129],[-74.99823876632856,45.304367369082755],[-74.99821518264581,45.30453170469928],[-74.99816890378474,45.30469362535749],[-74.99810037365462,45.30485157733366],[-74.99801024969084,45.30500404497314],[-74.99789939655173,45.30514956523543],[-74.99776887782647,45.305286741734456],[-74.99761994583307,45.30541425813965],[-74.99745402960424,45.30553089080922],[-74.99727272117656,45.30563552053416],[-74.99707776031407,45.30572714328007],[-74.99687101781338,45.305804879824024],[-74.99665447754997,45.30586798419342],[-74.99643021743856,45.305915850826246],[-74.99382015768896,45.30637586392423],[-74.99358043779068,45.306409046290135],[-74.9933371667535,45.30642481951011],[-74.99309288216003,45.30642301905007],[-74.99285013216763,45.30640366369107],[-74.99261144892259,45.30636695533323],[-74.99237932214115,45.30631327688917],[-74.99215617313367,45.30624318828877],[-74.99194432954336,45.30615742063688],[-74.9917460010627,45.306056868585415],[-74.98931598384958,45.30468683718405],[-74.98914198749695,45.30457857222098],[-74.98898369420158,45.304458929999186],[-74.9888425940815,45.30432903686493],[-74.98872001537156,45.304190115661555],[-74.9886171119213,45.30404347421552],[-74.98853485233579,45.303890493022664],[-74.98847401086114,45.30373261225055],[-74.98843516010051,45.303571318179415],[-74.98841866562925,45.30340812920946],[-74.98842468255914,45.30324458156627],[-74.98845315408443,45.303082214838795],[-74.98850381202273,45.30292255748622],[-74.98857617934556,45.30276711245012],[-74.98866957467457,45.30261734300722],[-74.98878311870087,45.30247465899604],[-74.98891574246659,45.30234040354697],[-74.98906619743124,45.302215840440496],[-74.98923306722705,45.30210214221269],[-74.98941478099331,45.30200037911993],[-74.98960962816388,45.30191150906617],[-74.98981577456846,45.301836368588056],[-74.99003127969658,45.30177566498222],[-74.99025411496137,45.30172996964918],[-74.99048218279164,45.301699712716044],[-74.9907133363727,45.30168517898866],[-74.99094539985009,45.30168650527159],[-74.99117618880636,45.301703679080696],[-74.99140353081853,45.301736538760544],[-74.99644341599382,45.302646512889915]]]},"properties":{"fire_id":"F4785","date":"2026-09-27","area_ha":29.2,"cumulative_ha":29.2,"frp_sum":2.3,"n_detections":3,"first_seen":"2026-09-27","last_seen":"2026-09-27","centroid":[-74.99327,45.30402],"history":[{"date":"2026-09-27","area_ha":29.2}],"track":[[-74.99327224498332,45.30402342950401]],"growth_24h_ha":null,"speed_km_day":null,"bearing_deg":null,"direction":null}},{"type":"Feature","geometry":{"type":"Polygon","coordinates":[[[-76.82514933464451,45.689455009398],[-76.82537549597991,45.6895120136344],[-76.82559242351252,45.689584562852914],[-76.82579795288896,45.68967193322743],[-76.82599003345454,45.68977325305692],[-76.82616674871106,45.68988751146047],[-76.82632633543723,45.69001356846094],[-76.82646720128137,45.690150166356396],[-76.82658794065037,45.690295942266395],[-76.82668734873668,45.690449441727665],[-76.82676443354345,45.690609133203964],[-76.82681842578704,45.69077342336522],[-76.8268487865787,45.6909406729838],[-76.82685521280787,45.69110921328898],[-76.8268376401737,45.69127736261712],[-76.82679624383368,45.69144344319071],[-76.82673143666327,45.691605797859495],[-76.82664386514288,45.69176280663622],[-76.82653440291375,45.69191290286212],[-76.82640414206607,45.69205458884089],[-76.82625438224656,45.692186450784774],[-76.82581438435093,45.69253645767999],[-76.82565039672836,45.69265471382934],[-76.82547073514031,45.69276117285113],[-76.82527711618381,45.69285481751825],[-76.82507138984302,45.69293475304133],[-76.82485552181123,45.69300021562058],[-76.82463157470636,45.69305057974563],[-76.82440168835925,45.69308536417388],[-76.82416805936363,45.693104236530175],[-76.82393292008274,45.693107016483495],[-76.82369851731424,45.693093677470536],[-76.82346709081662,45.6930643469496],[-76.81823696874928,45.692214322286375],[-76.81802230095049,45.692171986954556],[-76.81781414247544,45.69211588975295],[-76.81761428157381,45.69204651261296],[-76.81357421955714,45.69047647171033],[-76.81337451049416,45.69038965595834],[-76.81318782388176,45.69028958789891],[-76.81301594005326,45.69017722187275],[-76.81286049814648,45.69005362949927],[-76.81272298047202,45.689919989454616],[-76.81260469837841,45.68977757622907],[-76.81250677974887,45.689627747970455],[-76.81243015824862,45.689471933530385],[-76.81237556442552,45.689311618836186],[-76.81234351874834,45.68914833271926],[-76.81233432664935,45.68898363233449],[-76.81234807561773,45.688819088310176],[-76.81238463437178,45.68865626976978],[-76.81244365411712,45.68849672936894],[-76.81252457187915,45.68834198848955],[-76.81262661587726,45.688193522732995],[-76.81274881288968,45.68805274784994],[-76.81288999753836,45.687921006241744],[-76.81304882340518,45.687799554161145],[-76.81322377587367,45.68768954973499],[-76.81341318657314,45.68759204192265],[-76.81361524928809,45.687507960515596],[-76.81382803718074,45.687438107273145],[-76.81404952116267,45.6873831482791],[-76.81427758924069,45.68734360759183],[-76.81451006665222,45.687319862248316],[-76.81474473659867,45.687312138669974],[-76.81497936137916,45.6873205105042],[-76.81521170372348,45.68734489792224],[-76.81543954812065,45.68738506838022],[-76.82514933464451,45.689455009398]]]},"properties":{"fire_id":"F4830","date":"2026-09-27","area_ha":45.4,"cumulative_ha":45.4,"frp_sum":13.8,"n_detections":4,"first_seen":"2026-09-27","last_seen":"2026-09-27","centroid":[-76.81963,45.69025],"history":[{"date":"2026-09-27","area_ha":45.4}],"track":[[-76.81962504605013,45.690248352100035]],"growth_24h_ha":null,"speed_km_day":null,"bearing_deg":null,"direction":null}},{"type":"Feature","geometry":{"type":"Polygon","coordinates":[[[-73.89979303077146,45.7752522097704],[-73.89967962919546,45.77511459485733],[-73.89958519311244,45.774970116734046],[-73.89951055917737,45.77482005560179],[-73.89945638856774,45.77466574112177],[-73.89942316112939,45.77450854063219],[-73.89941117112966,45.774349847031885],[-73.89942052465503,45.77419106643794],[-73.89945113867664,45.7740336057264],[-73.89950274179121,45.77387886006674],[-73.89957487663108,45.7737282005607],[-73.89966690392154,45.77358296209438],[-73.8997780081494,45.77344443151186],[-73.90002801337214,45.77316443594947],[-73.90016030572815,45.773031011345466],[-73.90031028517193,45.77290711741342],[-73.90047656254251,45.77279390161318],[-73.90065759775602,45.77269241250115],[-73.90085171407003,45.772603590020836],[-73.90105711361241,45.77252825679926],[-73.90127189403124,45.77246711053007],[-73.9014940661112,45.7724207175133],[-73.9017215721937,45.77238950741206],[-73.90195230523024,45.77237376927411],[-73.90218412829273,45.77237364885576],[-73.90241489436008,45.77238914727228],[-73.90264246619833,45.772420120987455],[-73.90286473615015,45.7724662831428],[-73.90307964565072,45.77252720621332],[-73.90328520428945,45.772602325966126],[-73.90347950824123,45.772690946684676],[-73.90366075789649,45.77279224761057],[-73.90382727452703,45.772905290543285],[-73.9039775158334,45.7730290285276],[-73.9131776128499,45.78138887596916],[-73.91331187742692,45.78152400663762],[-73.91342671952351,45.78166766047342],[-73.91352104662133,45.781818471035905],[-73.91359396132364,45.78197500379821],[-73.91364476989618,45.78213576979109],[-73.91367298887137,45.78229923976523],[-73.91367834965321,45.78246385873697],[-73.91366080107845,45.78262806077934],[-73.9136205099097,45.7827902839178],[-73.9135578592555,45.78294898498885],[-73.91347344493202,45.78310265432019],[-73.91336806980095,45.78324983009272],[-73.91324273613702,45.78338911224787],[-73.9130986360978,45.78351917580766],[-73.91293714038612,45.783638783480946],[-73.9127597852129,45.7837467974356],[-73.91256825768437,45.78384219012483],[-73.91111823939013,45.784492206490036],[-73.9109133072242,45.784574443501796],[-73.91069786981627,45.784642225472524],[-73.9104739972103,45.78469490109772],[-73.91024384051877,45.78473196422539],[-73.91000961124946,45.784753058720796],[-73.90977356005124,45.784757981889335],[-73.90953795508341,45.78474668642483],[-73.9093050602166,45.78471928086418],[-73.90907711327488,45.7846760285441],[-73.9088563045284,45.784617345070096],[-73.90864475564359,45.784543794322076],[-73.90844449929314,45.784456083034556],[-73.90825745962206,45.78435505400432],[-73.90808543375748,45.78424167799033],[-73.90793007454019,45.78411704438393],[-73.90779287464366,45.78398235073931],[-73.89979303077146,45.7752522097704]]]},"properties":{"fire_id":"F4505","date":"2026-09-27","area_ha":67.6,"cumulative_ha":87.4,"frp_sum":1.8,"n_detections":4,"first_seen":"2026-09-25","last_seen":"2026-09-27","centroid":[-73.90651,45.77872],"history":[{"date":"2026-09-25","area_ha":37.2},{"date":"2026-09-27","area_ha":67.6}],"track":[[-73.91267102817282,45.78300015320263],[-73.9065101201985,45.77872432695224]],"growth_24h_ha":15.16,"speed_km_day":0.34,"bearing_deg":121.4,"direction":"ESE"}},{"type":"Feature","geometry":{"type":"Polygon","coordinates":[[[-73.14091928110867,46.04129248409451],[-73.1411335940552,46.04121019236049],[-73.14135870752538,46.04114343962721],[-73.14159231996993,46.041092908354045],[-73.14183204296624,46.04105911515535],[-73.1420754256325,46.0410424055205],[-73.14231997967973,46.04104295028246],[-73.14256320484571,46.04106074387182],[-73.14280261445136,46.041095604373595],[-73.1430357608182,46.041147175386754],[-73.14326026028765,46.04121492966679],[-73.14347381758657,46.041298174514765],[-73.14779376095836,46.0431881261659],[-73.14798883572914,46.04328309836832],[-73.14816961816315,46.04339099177363],[-73.14833436099485,46.04351076364531],[-73.14848147194994,46.04364125644028],[-73.14860952913517,46.043781208993934],[-73.14871729478284,46.04392926870684],[-73.14880372721679,46.044084004615264],[-73.14886799092442,46.044243921219554],[-73.1489094646369,46.044407472936285],[-73.14892774733978,46.04457307903532],[-73.14892266215496,46.044739138916796],[-73.14889425805708,46.04490404758075],[-73.14884280940687,46.04506621113992],[-73.14876881330586,46.045224062225444],[-73.14867298479803,46.04537607513712],[-73.14855624996416,46.04552078059101],[-73.14841973697567,46.04565677992255],[-73.14826476519413,46.045782758607146],[-73.14809283242177,46.04589749896794],[-73.14790560042583,46.04599989194762],[-73.14770487887719,46.04608894783046],[-73.14749260785783,46.0461638058108],[-73.1472708391068,46.046223742315355],[-73.1470417161858,46.04626817799892],[-73.14680745375632,46.04629668334581],[-73.14657031616885,46.04630898282254],[-73.14633259557101,46.04630495754192],[-73.14609658974716,46.046284646412445],[-73.14586457990298,46.04624824576219],[-73.14130680808739,46.045366644882364],[-73.13705412611381,46.04692595796397],[-73.13683673900147,46.04699630075121],[-73.13661045523102,46.04705127618275],[-73.13637749501622,46.04709034484785],[-73.1361401440925,46.04711312340957],[-73.1359007312855,46.04711938836717],[-73.13566160565618,46.047109078249505],[-73.13542511344708,46.04708229421842],[-73.13519357505648,46.04703929907582],[-73.13496926226618,46.04698051468447],[-73.13475437594703,46.04690651782765],[-73.13455102446083,46.046818034548366],[-73.13436120297094,46.04671593302388],[-73.13418677386458,46.046601215045435],[-73.13402944847915,46.04647500618669],[-73.13389077031192,46.04633854475812],[-73.13377209987756,46.04619316965468],[-73.13367460136253,46.04604030721756],[-73.1335992312068,46.04588145723746],[-73.13354672872482,46.04571817823823],[-73.1335176088578,46.0455520721843],[-73.13351215712775,46.045384768762595],[-73.13353042684327,46.045217909392946],[-73.13357223858328,46.04505313112398],[-73.13363718196439,46.04489205057234],[-73.13372461967364,46.044736248063266],[-73.13383369372733,46.04458725212726],[-73.13396333389359,46.044446524505744],[-73.13411226819672,46.04431544581225],[-73.13427903539942,46.04419530198979],[-73.13446199934054,46.044087271697336],[-73.1346593649878,46.04399241474873],[-73.14091928110867,46.04129248409451]]]},"properties":{"fire_id":"F4235","date":"2026-09-27","area_ha":49.1,"cumulative_ha":72.7,"frp_sum":7.0,"n_detections":4,"first_seen":"2026-09-23","last_seen":"2026-09-27","centroid":[-73.14126,46.04423],"history":[{"date":"2026-09-23","area_ha":49.8},{"date":"2026-09-24","area_ha":45.4},{"date":"2026-09-25","area_ha":25.5},{"date":"2026-09-27","area_ha":49.1}],"track":[[-73.14208905633811,46.044637086102476],[-73.1409220952136,46.04352909986585],[-73.14309576055788,46.04333639602738],[-73.14126129714533,46.044227839089714]],"growth_24h_ha":11.8,"speed_km_day":0.09,"bearing_deg":41.39,"direction":"NE"}},{"type":"Feature","geometry":{"type":"Polygon","coordinates":[[[-84.39565478045895,46.514244056548534],[-84.39579211635231,46.514104940580495],[-84.3959487144748,46.513976014015775],[-84.39612301816464,46.51385855834583],[-84.3963132947984,46.51375374103706],[-84.3965176530134,46.51366260392891],[-84.399277611859,46.512562633251676],[-84.39949123692149,46.51248694358949],[-84.39971454232915,46.51242621045643],[-84.39994536371071,46.512381022489144],[-84.40018146386367,46.51235181765645],[-84.40042055443357,46.51233887901549],[-84.40066031808854,46.51234233196921],[-84.40089843097456,46.51236214305118],[-84.40113258523363,46.51239812024979],[-84.40136051136717,46.51244991486896],[-84.40158000022811,46.512517024906636],[-84.40178892442859,46.51259879991912],[-84.4019852589561,46.51269444732361],[-84.40216710079845,46.51280304007845],[-84.40233268738726,46.51292352566609],[-84.40248041368152,46.51305473629231],[-84.40260884772572,46.51319540020299],[-84.4027167445313,46.51334415400823],[-84.40280305814741,46.51349955589528],[-84.40286695180332,46.513660099601616],[-84.40290780602442,46.51382422901332],[-84.4029252246426,46.51399035324702],[-84.40291903864299,46.51415686206935],[-84.4028893078088,46.51432214150458],[-84.40185945157089,46.518402163160815],[-84.40180839384416,46.518559765639864],[-84.4017359251685,46.51871326779135],[-84.40164270611626,46.51886127008276],[-84.4015295864635,46.519002423114536],[-84.40139759744643,46.51913543992459],[-84.40124794236264,46.51925910772383],[-84.40108198560272,46.51937229895548],[-84.40090124021194,46.51947398157754],[-84.40070735409554,46.51956322847446],[-84.40050209499358,46.51963922591217],[-84.40028733436176,46.519701280959225],[-84.40006503030608,46.51974882780629],[-84.3998372097264,46.51978143292664],[-84.39960594983205,46.51979879902973],[-84.39937335919846,46.51980076777281],[-84.39914155853718,46.519787321205065],[-84.39510145764945,46.51941730992856],[-84.39486302228327,46.51938702171348],[-84.39463010154228,46.51934042715557],[-84.39440500155357,46.519277987592886],[-84.39418995099447,46.51920032124487],[-84.39398707902289,46.51910819708973],[-84.39379839419396,46.519002527248894],[-84.39362576457191,46.51888435795407],[-84.39347089923429,46.51875485918624],[-84.39333533135158,46.51861531308961],[-84.39322040300972,46.51846710127519],[-84.39312725192593,46.51831169113953],[-84.39305680018893,46.51815062133475],[-84.39300974513529,46.51798548653324],[-84.39298655245149,46.517817921638624],[-84.39298745157039,46.51764958559826],[-84.39301243340678,46.517482144978985],[-84.39306125045468,46.51731725746765],[-84.39313341924473,46.517156555460204],[-84.39322822513739,46.51700162990176],[-84.39334472940396,46.51685401453769],[-84.39565478045895,46.514244056548534]]]},"properties":{"fire_id":"F4786","date":"2026-09-27","area_ha":45.7,"cumulative_ha":45.7,"frp_sum":4.1,"n_detections":4,"first_seen":"2026-09-27","last_seen":"2026-09-27","centroid":[-84.39838,46.51633],"history":[{"date":"2026-09-27","area_ha":45.7}],"track":[[-84.39837992982196,46.51633063945759]],"growth_24h_ha":null,"speed_km_day":null,"bearing_deg":null,"direction":null}},{"type":"Feature","geometry":{"type":"Polygon","coordinates":[[[-79.02090666561276,48.25038864317645],[-79.02105535525602,48.25026087570388],[-79.02122132435751,48.25014336948359],[-79.0214030511357,48.25003720185957],[-79.02159886935954,48.249943346212774],[-79.02180698362515,48.249862663038726],[-79.02202548581592,48.249795892060256],[-79.02225237259469,48.24974364544724],[-79.0224855637684,48.24970640220552],[-79.02272292135626,48.2496845037866],[-79.02296226918726,48.2496781509581],[-79.02320141284765,48.24968740196348],[-79.02343815979503,48.24971217198841],[-79.02367033945572,48.24975223393799],[-79.02389582312064,48.24980722051821],[-79.02411254345805,48.24987662760244],[-79.02431851346404,48.249959818852005],[-79.02845846218185,48.251819767809856],[-79.02865940332491,48.251920167206265],[-79.02884465835305,48.252033675380694],[-79.02901238728224,48.252159165020714],[-79.0291609241637,48.25229538981072],[-79.02928879363145,48.25244099680747],[-79.02939472555818,48.25259453987463],[-79.02947766767419,48.2527544940435],[-79.02953679602382,48.252919270656776],[-79.02957152315508,48.25308723314551],[-79.0295815039614,48.253256713282425],[-79.02956663911657,48.25342602775036],[-79.02952707606907,48.253593494861185],[-79.02946320758525,48.25375745125912],[-79.02937566785546,48.25391626844273],[-79.02926532620198,48.25406836894122],[-79.02913327845032,48.25421224198455],[-79.02898083604994,48.25434645851139],[-79.028809513052,48.25446968536586],[-79.02862101107326,48.25458069854199],[-79.0284172023956,48.254678395344236],[-79.02820011136889,48.2547618053429],[-79.02797189430204,48.25483010001586],[-79.02773481804186,48.254882600980494],[-79.02749123745298,48.254918786733924],[-79.02724357202237,48.2549382978347],[-79.02699428182143,48.254940940474256],[-79.02674584306419,48.254926688402605],[-79.02650072350535,48.25489568318908],[-79.02626135792207,48.25484823281585],[-79.02422259377101,48.254367876282615],[-79.02362102578934,48.254846321448],[-79.0234452723491,48.25497245054586],[-79.02325152721765,48.2550857278792],[-79.02304181074744,48.255184972135126],[-79.02281830987704,48.255269148338364],[-79.02258335532323,48.25533737864721],[-79.02233939727238,48.25538895151048],[-79.02208897982449,48.25542332909013],[-79.02139896225867,48.25549333136727],[-79.0211608097649,48.255509615346384],[-79.02092145977224,48.2555103409506],[-79.02068310341188,48.25549550153725],[-79.02044792271658,48.25546523295645],[-79.02021807064078,48.25541981230712],[-79.01999565134689,48.255359655399424],[-79.01978270093903,48.25528531294715],[-79.01932269391494,48.255105307815256],[-79.01911594491357,48.255014930956584],[-79.01892322813774,48.2549111895924],[-79.0187464033068,48.254795084882296],[-79.01858717674993,48.25466773729158],[-79.01844708494009,48.254530375775964],[-79.01832747966861,48.25438432591955],[-79.01822951500317,48.254230997140255],[-79.01815413615505,48.254071869086474],[-79.01810207036297,48.25390847735692],[-79.0180738198812,48.25374239868032],[-79.01806965713943,48.25357523569918],[-79.01808962212094,48.25340860150389],[-79.01813352198384,48.25324410406667],[-79.01820093292913,48.253083330725445],[-79.01829120429693,48.252927832867464],[-79.01840346485135,48.252779110960255],[-79.01853663119296,48.25263860007474],[-79.02090666561276,48.25038864317645]]]},"properties":{"fire_id":"F4107","date":"2026-09-27","area_ha":37.8,"cumulative_ha":78.7,"frp_sum":12.2,"n_detections":6,"first_seen":"2026-09-22","last_seen":"2026-09-27","centroid":[-79.0236,48.25281],"history":[{"date":"2026-09-22","area_ha":34.2},{"date":"2026-09-23","area_ha":57.8},{"date":"2026-09-24","area_ha":45.9},{"date":"2026-09-27","area_ha":37.8}],"track":[[-79.02373196084531,48.25358223402608],[-79.023205456303,48.2535429051785],[-79.0231199968839,48.25495886870376],[-79.02359932500858,48.25281443776765]],"growth_24h_ha":-2.69,"speed_km_day":0.08,"bearing_deg":178.41,"direction":"S"}},{"type":"Feature","geometry":{"type":"Polygon","coordinates":[[[-81.89610814679662,29.14648572129666],[-81.896199676734,29.14665372772888],[-81.89626965975837,29.146829558943676],[-81.89631724843004,29.14701108610095],[-81.89657727750298,29.148331082464864],[-81.89660036957082,29.14849619221127],[-81.89660492045367,29.148662497423768],[-81.89659088610212,29.14882839241881],[-81.89655840190922,29.14899227546596],[-81.89650778140748,29.149152564252873],[-81.89643951324575,29.149307711163058],[-81.89635425647486,29.149456218219097],[-81.89625283418769,29.149596651546503],[-81.89613622557464,29.149727655219273],[-81.89600555647125,29.149847964352556],[-81.89586208848941,29.149956417316854],[-81.8957072068364,29.150051966954905],[-81.89554240694022,29.150133690693615],[-81.8953692800095,29.15020079945292],[-81.89518949766827,29.150252645265734],[-81.8929094564708,29.150802653827927],[-81.89272459013941,29.150838756559075],[-81.89253658423642,29.150858719056593],[-81.89234725723264,29.15086234823715],[-81.8921584403794,29.15084960899815],[-81.89197195999274,29.150820624557454],[-81.89178961978537,29.15077567526124],[-81.8916131834174,29.15071519587214],[-81.89144435743486,29.15063977136342],[-81.89128477476108,29.15055013126027],[-81.89113597890083,29.15044714258272],[-81.89099940900998,29.150331801458538],[-81.89087638597519,29.150205223487543],[-81.89076809963838,29.150068632950013],[-81.89067559728936,29.14992335096427],[-81.89059977353817,29.14977078270763],[-81.89054136166473,29.14961240382444],[-81.89050092652967,29.14944974615277],[-81.89047885911437,29.14928438290792],[-81.89047537274357,29.1491179134658],[-81.89049050102611,29.148951947893764],[-81.89110059381166,29.144821956479518],[-81.89113340041922,29.144661099192355],[-81.89118369248935,29.14450377248611],[-81.89125100132325,29.144351442273777],[-81.89133469967625,29.14420552790655],[-81.89143400760508,29.14406738894957],[-81.89154799973757,29.14393831251499],[-81.89167561389675,29.14381950127015],[-81.89181566099884,29.14371206223275],[-81.89196683613315,29.143616996457336],[-81.89212773072029,29.143535189708977],[-81.89229684563584,29.143467404211325],[-81.89247260517678,29.143414271545492],[-81.89265337174096,29.14337628676618],[-81.8928374610829,29.14335380378978],[-81.89302315800361,29.14334703209719],[-81.89320873232865,29.143356034782375],[-81.89339245502566,29.14338072796453],[-81.89357261431113,29.14342088156952],[-81.89374753159672,29.143476121473302],[-81.89391557712639,29.143545932987223],[-81.89407518515928,29.143629665652824],[-81.89422486855621,29.14372653930179],[-81.89436323263475,29.143835651323986],[-81.89448898816333,29.14395598507656],[-81.89460096337365,29.144086419355347],[-81.89469811487906,29.1442257388407],[-81.89610814679662,29.14648572129666]]]},"properties":{"fire_id":"F4793","date":"2026-09-27","area_ha":37.7,"cumulative_ha":37.7,"frp_sum":3.3,"n_detections":4,"first_seen":"2026-09-27","last_seen":"2026-09-27","centroid":[-81.89336,29.14736],"history":[{"date":"2026-09-27","area_ha":37.7}],"track":[[-81.89335936610934,29.147358434695644]],"growth_24h_ha":null,"speed_km_day":null,"bearing_deg":null,"direction":null}},{"type":"Feature","geometry":{"type":"Polygon","coordinates":[[[-82.65114252527538,30.01573606498838],[-82.65130362104937,30.015840582148936],[-82.65145143362042,30.015958978984653],[-82.65158438412843,30.016089990877482],[-82.6517010524364,30.01623221846054],[-82.65180019230044,30.016384142563545],[-82.65188074468345,30.016544140438036],[-82.65194184907018,30.01671050308927],[-82.65306192762209,30.02041048738595],[-82.65310209165136,30.020576749237787],[-82.65312282383282,30.020745672611145],[-82.65312391444927,30.02091554972728],[-82.65310535235385,30.021084663156767],[-82.65306732508753,30.021251303182286],[-82.65301021698798,30.021413785084064],[-82.65293460530843,30.021570466172616],[-82.65284125438582,30.021719762397193],[-82.65273110791688,30.021860164361406],[-82.65260527942016,30.021990252584466],[-82.65246504098035,30.022108711853434],[-82.6523118103885,30.02221434452165],[-82.65214713680835,30.02230608261836],[-82.65197268511336,30.022382998647423],[-82.65024265919865,30.023053008864423],[-82.6500636598673,30.02311332426446],[-82.649878685525,30.023158029248957],[-82.64968953720137,30.023186688544047],[-82.64949805657399,30.023199023105846],[-82.64930610803358,30.023194912837603],[-82.64911556052763,30.0231743977594],[-82.64892826935964,30.023137677618283],[-82.6487460581214,30.023085109943228],[-82.64857070093433,30.023017206563424],[-82.64840390517273,30.022934628624203],[-82.64824729483773,30.02283818014877],[-82.64810239474355,30.022728800208913],[-82.64797061567023,30.022607553780528],[-82.64785324062753,30.02247562137329],[-82.64775141236362,30.02233428753563],[-82.64766612224028,30.022184928346597],[-82.64759820058286,30.02202899801684],[-82.64754830859881,30.021868014728923],[-82.6475169319434,30.021703545855154],[-82.64683705028743,30.01658353606317],[-82.64682448940844,30.016416795830953],[-82.64683095777774,30.016249793612023],[-82.64685639201274,30.016084162868708],[-82.64690054322763,30.015921523640834],[-82.64696297947204,30.01576346670049],[-82.64704308996012,30.01561153799307],[-82.64714009104812,30.015467223517287],[-82.64725303390227,30.01533193479174],[-82.6473808137817,30.01520699504997],[-82.64752218084521,30.015093626299386],[-82.64767575237691,30.014992937370266],[-82.64784002631005,30.014905913071686],[-82.64801339591787,30.014833404560637],[-82.64819416552697,30.014776121018084],[-82.64838056710015,30.014734622713767],[-82.6485707775262,30.014709315527057],[-82.64876293644814,30.01470044697781],[-82.64895516445515,30.01470810380587],[-82.64914558146083,30.014732211122816],[-82.64933232508811,30.014772533144193],[-82.64951356888092,30.014828675495487],[-82.64968754016509,30.014900089068586],[-82.64985253738345,30.014986075391874],[-82.65114252527538,30.01573606498838]]]},"properties":{"fire_id":"F4794","date":"2026-09-27","area_ha":43.0,"cumulative_ha":43.0,"frp_sum":6.7,"n_detections":4,"first_seen":"2026-09-27","last_seen":"2026-09-27","centroid":[-82.64977,30.01904],"history":[{"date":"2026-09-27","area_ha":43.0}],"track":[[-82.64977006374507,30.019037821569615]],"growth_24h_ha":null,"speed_km_day":null,"bearing_deg":null,"direction":null}},{"type":"Feature","geometry":{"type":"Polygon","coordinates":[[[-83.28458089382096,30.354414308572892],[-83.28449397978987,30.354561184772926],[-83.28439089232965,30.35470002993438],[-83.28427261560057,30.354829518424676],[-83.28414027880011,30.354948413939624],[-83.28399514538307,30.35505558130831],[-83.28383860099922,30.355149997332376],[-83.28367214026338,30.355230760556335],[-83.28349735248446,30.35529709987548],[-83.2833159064896,30.355348381899113],[-83.28312953468848,30.355384116998874],[-83.28294001653009,30.355403963984184],[-83.28274916150986,30.355407733360423],[-83.2825587918898,30.355395389138394],[-83.28237072529649,30.35536704917805],[-83.28218675736349,30.355322984062934],[-83.28200864458387,30.35526361451644],[-83.28183808753674,30.35518950738417],[-83.28167671464819,30.35510137022108],[-83.28152606664167,30.355000044535096],[-83.28138758182642,30.354886497751497],[-83.2812625823644,30.35476181397528],[-83.2811522616471,30.354627183639245],[-83.2810576729023,30.354483892137157],[-83.28097971914025,30.354333307550284],[-83.28091914453428,30.35417686758451],[-83.28087652731898,30.354016065843133],[-83.28085227427295,30.353852437565973],[-83.28084661683896,30.35368754497134],[-83.28085960891853,30.353522962340705],[-83.28147971516862,30.348962971339525],[-83.28151139410585,30.34879961708164],[-83.2815614421881,30.348639731419077],[-83.28162937762957,30.348484853151916],[-83.2817145465005,30.34833647288001],[-83.28181612902416,30.348196018657916],[-83.28193314746947,30.348064842251762],[-83.28206447556308,30.347944206130517],[-83.28220884933023,30.347835271316914],[-83.28236487926026,30.347739086214666],[-83.28253106367922,30.347656576519682],[-83.2827058032015,30.34758853631211],[-83.2828874161208,30.347535620415076],[-83.28307415459288,30.347498338093533],[-83.28326422145429,30.347477048153667],[-83.28345578751512,30.347471955490363],[-83.28364700916003,30.34748310911551],[-83.28383604608766,30.347510401686375],[-83.28402107901833,30.34755357053858],[-83.28420032719964,30.34761220021359],[-83.28437206554153,30.347685726456444],[-83.28453464121617,30.347773441645543],[-83.28468648956297,30.347874501601773],[-83.28482614914579,30.347987933712098],[-83.28495227581732,30.34811264628876],[-83.2850636556557,30.348247439074953],[-83.28515921664842,30.34839101479494],[-83.28523803901133,30.348541991638367],[-83.28529936404328,30.348698916558064],[-83.28597940759529,30.3507689069991],[-83.28602330888214,30.35093345470028],[-83.28604796981664,30.351100969104504],[-83.28605314357746,30.351269774427724],[-83.28603877828706,30.351438181963196],[-83.28600501753546,30.3516045069751],[-83.28595219894844,30.351767085552726],[-83.28588085081459,30.351924291256555],[-83.28458089382096,30.354414308572892]]]},"properties":{"fire_id":"F4795","date":"2026-09-27","area_ha":33.1,"cumulative_ha":33.1,"frp_sum":1.9,"n_detections":3,"first_seen":"2026-09-27","last_seen":"2026-09-27","centroid":[-83.28332,30.35145],"history":[{"date":"2026-09-27","area_ha":33.1}],"track":[[-83.28331509626368,30.35144708570685]],"growth_24h_ha":null,"speed_km_day":null,"bearing_deg":null,"direction":null}},{"type":"Feature","geometry":{"type":"Polygon","coordinates":[[[-91.18642422497142,30.4801622957091],[-91.18661255431289,30.48020698552143],[-91.18679478035926,30.480267647917366],[-91.18696908745105,30.480343678469463],[-91.18713373881755,30.480434319623676],[-91.18728709387973,30.48053866824637],[-91.18742762459534,30.480655684621894],[-91.18755393068372,30.48078420281094],[-91.1876647535782,30.48092294226658],[-91.18775898896776,30.48107052059223],[-91.18783569780227,30.48122546731477],[-91.18789411565204,30.481386238535116],[-91.18793366032797,30.481551232310945],[-91.18795393768669,30.481718804617856],[-91.18795474556217,30.4818872857302],[-91.18793607578483,30.482054996858295],[-91.18789811426777,30.482220266876354],[-91.18784123915886,30.482381448974255],[-91.18776601707721,30.48253693706753],[-91.18767319747124,30.482685181801763],[-91.1875637051542,30.482824705991867],[-91.18558372394801,30.48509472918575],[-91.18545952481414,30.485223314507373],[-91.18532117146702,30.485340658507024],[-91.18517002421942,30.485445607399264],[-91.18500756919865,30.48553712927012],[-91.18483540373393,30.485614324224596],[-91.18465522064919,30.48567643323626],[-91.18446879161644,30.48572284561119],[-91.18427794973306,30.485753104993755],[-91.1841789601839,30.485760173737464],[-91.1838772816922,30.486183634701565],[-91.18377001504413,30.486318991139107],[-91.18364802759899,30.48644473236888],[-91.18351247040677,30.48655967186219],[-91.18336462258249,30.486662725014558],[-91.18320587923643,30.48675291938148],[-91.18303773830901,30.486829403855822],[-91.18286178643477,30.486891456700246],[-91.1826796839684,30.486938492358686],[-91.18249314931484,30.486970066982632],[-91.18230394271102,30.486985882620136],[-91.17868386842575,30.4871358851668],[-91.1784946544573,30.487135823502385],[-91.17830633191532,30.487120001023793],[-91.17812066150665,30.487088565660567],[-91.17793937913778,30.48704181131198],[-91.17776417968219,30.48698017509889],[-91.17759670113189,30.486904233276423],[-91.17743850928126,30.48681469584559],[-91.17729108308622,30.486712399914328],[-91.17715580083618,30.48659830187027],[-91.17703392726769,30.48647346843823],[-91.17692660174052,30.486339066705984],[-91.17683482758666,30.48619635321199],[-91.17675946273172,30.486046662196898],[-91.17670121167653,30.485891393128497],[-91.17666061891356,30.48573199761755],[-91.17588070967362,30.48176198634478],[-91.17585765203964,30.481593670825088],[-91.17585428071014,30.481424209233115],[-91.17587062955772,30.481255310312243],[-91.17590653361094,30.48108867712346],[-91.17596163072272,30.480925989873278],[-91.1760353652265,30.480768888972065],[-91.1761269935434,30.480618958494237],[-91.17623559168348,30.48047771020668],[-91.17636006456544,30.48034656832648],[-91.17649915706066,30.48022685516156],[-91.17665146665001,30.48011977777929],[-91.176815457566,30.4800264158367],[-91.17698947627741,30.479947710695807],[-91.17717176816066,30.479884455933053],[-91.17736049518933,30.479837289338764],[-91.17755375446423,30.47980668648747],[-91.17774959739685,30.479792955943218],[-91.17794604935304,30.479796236149024],[-91.17977601194673,30.47990623428426],[-91.1799672723425,30.47992592651834],[-91.18015536167051,30.479961743284953],[-91.18178649748586,30.480345848231355],[-91.18186668227796,30.480250599615022],[-91.18199825969657,30.48012353408166],[-91.18214401696007,30.480008557362222],[-91.18230246895698,30.479906840912072],[-91.18247200125357,30.479819421079082],[-91.18265088654184,30.4797471885462],[-91.18283730223668,30.47969087925776],[-91.18302934904305,30.47965106692227],[-91.18322507030399,30.47962815716808],[-91.18342247193249,30.479622383411243],[-91.18361954272443,30.47963380447762],[-91.1838142748458,30.47966230400372],[-91.18642422497142,30.4801622957091]]]},"properties":{"fire_id":"F4796","date":"2026-09-27","area_ha":75.4,"cumulative_ha":75.4,"frp_sum":20.6,"n_detections":9,"first_seen":"2026-09-27","last_seen":"2026-09-27","centroid":[-91.18144,30.48314],"history":[{"date":"2026-09-27","area_ha":75.4}],"track":[[-91.18144406761255,30.48314093130133]],"growth_24h_ha":null,"speed_km_day":null,"bearing_deg":null,"direction":null}},{"type":"Feature","geometry":{"type":"Polygon","coordinates":[[[-88.59854391070573,32.0901474617375],[-88.59874177881717,32.090156918129],[-88.59893755922319,32.09018286839342],[-88.59912932192594,32.090225056711986],[-88.59931517652679,32.09028306718995],[-88.5994932908585,32.09035632795607],[-88.5996619090443,32.090444116799056],[-88.59981936880521,32.09054556828638],[-88.5999641178457,32.090659682294564],[-88.6000947291557,32.0907853338672],[-88.60020991507865,32.09092128430377],[-88.60030854000657,32.09106619336966],[-88.60038963157704,32.09121863250743],[-88.60045239026181,32.0913770989186],[-88.60049619725213,32.09154003037799],[-88.60052062056324,32.09170582063391],[-88.60052541929744,32.09187283524278],[-88.60051054602367,32.092039427681854],[-88.59987065066785,32.09633943734952],[-88.59983720509028,32.09650040972869],[-88.59978539000811,32.096657887890856],[-88.5997156941283,32.096810386220724],[-88.59962877485225,32.096956466074644],[-88.59952545207733,32.09709474935308],[-88.59940670046483,32.097223931502555],[-88.59927364024716,32.097342793823614],[-88.59912752666116,32.09745021496927],[-88.5989697381068,32.09754518152484],[-88.59880176314327,32.09762679756978],[-88.59862518644502,32.097694293130935],[-88.59844167385039,32.09774703144752],[-88.59825295664375,32.09778451497933],[-88.59806081521978,32.0978063901013],[-88.59786706228402,32.09781245044011],[-88.59767352574823,32.09780263882163],[-88.59748203148223,32.09777704781019],[-88.59729438608494,32.097735918835255],[-88.59711235983752,32.09767963991348],[-88.59693766999938,32.09760874198737],[-88.5967719646048,32.09752389391564],[-88.59661680691329,32.097425896162186],[-88.5964736606604,32.09731567324341],[-88.59447680232815,32.09562092072719],[-88.59303748604526,32.0958037775373],[-88.59283866684758,32.095820510699625],[-88.59263885902696,32.09582040619467],[-88.59244006461955,32.095803465069544],[-88.5922442755054,32.09576985706951],[-88.59205345344657,32.095719918937036],[-88.59186951042716,32.09565415103703],[-88.59169428949274,32.09557321234267],[-88.59152954628102,32.0954779138317],[-88.59137693142915,32.09536921035956],[-88.59123797403377,32.0952481910908],[-88.59111406633001,32.095116068584844],[-88.5910064497425,32.09497416664514],[-88.59091620244854,32.09482390705418],[-88.59084422857771,32.094666795326525],[-88.59079124915624,32.09450440562354],[-88.59075779488657,32.094338364980224],[-88.59074420083454,32.09417033700275],[-88.59075060307703,32.094002005199926],[-88.59077693734348,32.093835056115516],[-88.59082293966492,32.09367116243064],[-88.59088814902358,32.09351196620528],[-88.59277822574724,32.08955199290073],[-88.59286245873474,32.08939831848403],[-88.59296458315885,32.08925255667694],[-88.59308356520225,32.08911618291475],[-88.59321820042975,32.08899057759849],[-88.5933671259817,32.08887701212349],[-88.59352883437005,32.088776636011794],[-88.59370168873748,32.088690465277736],[-88.5938839394249,32.088619372145125],[-88.59407374167998,32.088564076219875],[-88.5942691743273,32.08852513720717],[-88.59446825921141,32.08850294924694],[-88.59466898121622,32.08849773692511],[-88.59486930865795,32.08850955300063],[-88.59506721384581,32.08853827787154],[-88.5952606936022,32.08858362078544],[-88.59544778953507,32.088645122781976],[-88.59562660785734,32.08872216133767],[-88.59579533855297,32.08881395666623],[-88.59595227369589,32.088919579610405],[-88.59759192673795,32.09014186497376],[-88.59854391070573,32.0901474617375]]]},"properties":{"fire_id":"F4701","date":"2026-09-27","area_ha":65.2,"cumulative_ha":117.2,"frp_sum":13.6,"n_detections":6,"first_seen":"2026-09-26","last_seen":"2026-09-27","centroid":[-88.59594,32.09314],"history":[{"date":"2026-09-26","area_ha":102.2},{"date":"2026-09-27","area_ha":65.2}],"track":[[-88.59285897750848,32.09312190885474],[-88.59593707084318,32.09313644869157]],"growth_24h_ha":-36.94,"speed_km_day":0.29,"bearing_deg":265.86,"direction":"W"}},{"type":"Feature","geometry":{"type":"Polygon","coordinates":[[[-90.13995692861957,32.315101101220804],[-90.14061849089431,32.31773235970814],[-90.14064943551315,32.31789396493172],[-90.14066153822003,32.31805733221913],[-90.14065468427442,32.31822091431586],[-90.1406289384746,32.31838316192467],[-90.14058454454829,32.31854253837937],[-90.14052192284854,32.31869753419882],[-90.14044166637655,32.318846681384215],[-90.14034453516865,32.31898856732342],[-90.14023144910104,32.31912184817117],[-90.14010347917964,32.319245261578004],[-90.13996183739812,32.319357638647624],[-90.13980786525948,32.319457915009075],[-90.13964302107054,32.31954514089904],[-90.13946886612896,32.319618490158724],[-90.13928704993442,32.31967726805986],[-90.1390992945633,32.31972091788575],[-90.1389073783557,32.31974902620498],[-90.13871311906888,32.319761326788004],[-90.138518356657,32.31975770312907],[-90.13832493584061,32.31973818954989],[-90.13813468863071,32.319702970874566],[-90.13794941697348,32.31965238067862],[-90.13777087567998,32.31958689812912],[-90.13760075580264,32.31950714344551],[-90.13744066861628,32.31941387202428],[-90.13729213035538,32.319307967283216],[-90.13715654785209,32.319190432293034],[-90.13703520521149,32.31906238027566],[-90.13427534559337,32.31583958661393],[-90.13147220068268,32.31514284218479],[-90.13128407704214,32.31508737940497],[-90.13110345295468,32.3150164664176],[-90.13093212037712,32.314930806747945],[-90.13077177906956,32.31483125022044],[-90.1306240197307,32.31471878452647],[-90.13049030821581,32.314594525424255],[-90.13037197099429,32.31445970566823],[-90.13027018199104,32.31431566277777],[-90.13018595094185,32.31416382576663],[-90.13012011337891,32.31400570096491],[-90.1300733223449,32.3138428570741],[-90.13004604191846,32.313676909603785],[-90.13003854261468,32.31350950484418],[-90.13005089870619,32.313342303533595],[-90.1300829874912,32.3131769643831],[-90.13013449051577,32.31301512762147],[-90.13020489673752,32.31285839872386],[-90.13029350759986,32.31270833248575],[-90.1303994439656,32.312566417599676],[-90.13052165484136,32.312434061888275],[-90.13065892780617,32.31231257833941],[-90.13080990104038,32.312203172082626],[-90.13097307683589,32.31210692843545],[-90.13114683645337,32.31202480213811],[-90.13132945617926,32.311957607884054],[-90.13151912442329,32.31190601223903],[-90.13171395968692,32.311870527029974],[-90.13191202922475,32.31185150426833],[-90.13334486675636,32.31177435872351],[-90.13392702190362,32.31075961823201],[-90.1340214327467,32.310613895579806],[-90.13413246968855,32.310476698599224],[-90.13425905214682,32.31034936235958],[-90.13439994828336,32.31023312596952],[-90.13455378699264,32.31012912052068],[-90.13471907124415,32.31003835808227],[-90.13489419264961,32.30996172185397],[-90.13507744711285,32.309899957572824],[-90.13526705141027,32.30985366625752],[-90.13546116054052,32.309823298360925],[-90.13565788567495,32.30980914938753],[-90.13585531253403,32.309811357018255],[-90.13605152001125,32.3098298997711],[-90.13624459886327,32.30986459721002],[-90.13643267028496,32.30991511170049],[-90.13661390418835,32.309980951694435],[-90.13678653700799,32.31006147651266],[-90.1369488888596,32.31015590257825],[-90.13756888460723,32.31055589680075],[-90.13772321986255,32.31066634139603],[-90.13786346981985,32.310789337677825],[-90.13798819584522,32.31092362404659],[-90.13809611851696,32.31106782309231],[-90.13818613075055,32.31122045572126],[-90.13825730915713,32.31137995632648],[-90.13830892351834,32.311544688845366],[-90.1383404442808,32.31171296354067],[-90.13834659099733,32.31180712132871],[-90.13881952527771,32.3117131764478],[-90.1390119312939,32.31168321524544],[-90.139206899328,32.31166918472266],[-90.13940256600814,32.31167121897478],[-90.13959706128647,32.311689298559635],[-90.13978852630848,32.311723250683436],[-90.1399751311754,32.31177275085194],[-90.14015509243018,32.31183732597131],[-90.14032669009983,32.3119163588689],[-90.14048828413172,32.31200909419105],[-90.1406383300667,32.31211464562127],[-90.14077539379915,32.312232004350044],[-90.14089816528342,32.312360048715355],[-90.14100547105508,32.31249755492187],[-90.14109628544782,32.312643208736134],[-90.14116974039841,32.3127956180466],[-90.14122513374619,32.31295332616774],[-90.14126193594748,32.313114825762],[-90.1412797951406,32.31327857324581],[-90.14127854051324,32.313443003542446],[-90.14125818393933,32.31360654504056],[-90.14121891987017,32.3137676346156],[-90.14116112348022,32.31392473257036],[-90.14108534708528,32.314076337351814],[-90.14099231486732,32.31422099990384],[-90.14088291595584,32.31435733751837],[-90.14075819593226,32.314484047052446],[-90.14061934683782,32.31459991738514],[-90.13995692861957,32.315101101220804]]]},"properties":{"fire_id":"F3900","date":"2026-09-27","area_ha":67.1,"cumulative_ha":82.8,"frp_sum":14.5,"n_detections":9,"first_seen":"2026-09-20","last_seen":"2026-09-27","centroid":[-90.13639,32.31441],"history":[{"date":"2026-09-20","area_ha":28.5},{"date":"2026-09-23","area_ha":48.3},{"date":"2026-09-24","area_ha":44.1},{"date":"2026-09-26","area_ha":42.3},{"date":"2026-09-27","area_ha":67.1}],"track":[[-90.13450549949638,32.31394940729164],[-90.13423460957837,32.31344972343153],[-90.1353808084003,32.314168027668174],[-90.13473161227105,32.313556928673044],[-90.1363924167679,32.31441303248665]],"growth_24h_ha":24.83,"speed_km_day":0.18,"bearing_deg":297.99,"direction":"WNW"}},{"type":"Feature","geometry":{"type":"Polygon","coordinates":[[[-82.47764731909382,32.59332831515713],[-82.47783199316366,32.593301712334075],[-82.47801882557468,32.59328962882775],[-82.4782061903711,32.593292169798666],[-82.47839245696483,32.59330931313327],[-82.47857600432332,32.59334090963619],[-82.4820459378654,32.59408089643938],[-82.4822370339898,32.594130243817006],[-82.48242132032799,32.59419525017507],[-82.4825969702381,32.59427527117387],[-82.48276224266698,32.594369513647464],[-82.48291549940554,32.59447704346443],[-82.48305522132577,32.5945967947856],[-82.48318002343802,32.594727580627506],[-82.48328866861985,32.59486810462635],[-82.48338007987995,32.59501697388652],[-82.48345335103586,32.59517271278585],[-82.48350775569929,32.59533377760123],[-82.48354275448011,32.595498571809536],[-82.48355800033714,32.595665461911906],[-82.48355334202292,32.59583279362539],[-82.48352882558774,32.59599890828049],[-82.4828389054367,32.59930891875035],[-82.48279594717151,32.59946862729215],[-82.48273463120249,32.599624081870786],[-82.48265553885714,32.59977380838088],[-82.48255942004059,32.59991638702659],[-82.48244718612779,32.600050465786],[-82.48231990132376,32.6001747732327],[-82.48217877257395,32.600288130593626],[-82.4820251381201,32.60038946292812],[-82.48186045481044,32.60047780932261],[-82.48168628428428,32.60055233200389],[-82.4815042781619,32.60061232428469],[-82.48131616238093,32.60065721726608],[-82.48112372082687,32.60068658523307],[-82.48092877841401,32.60070014969225],[-82.48073318377662,32.60069778201319],[-82.48053879173519,32.60067950464837],[-82.48034744570388,32.600645490920215],[-82.4801609602062,32.60059606337729],[-82.47998110366501,32.60053169073516],[-82.47980958162992,32.60045298343069],[-82.47964802060172,32.60036068783284],[-82.4794979526067,32.60025567916355],[-82.47936080066798,32.60013895319737],[-82.47923786531086,32.60001161681738],[-82.47580790270105,32.5960815741521],[-82.47569851417458,32.59594220803649],[-82.47560616035933,32.59579445800462],[-82.47553174975134,32.59563977764201],[-82.47547601430469,32.59547968870811],[-82.47543950223415,32.59531576616435],[-82.47542257262603,32.59514962267877],[-82.47542539190997,32.594982892760115],[-82.4754479322265,32.59481721667761],[-82.47548997170594,32.594654224324046],[-82.47555109665583,32.59449551918148],[-82.47563070563527,32.594342662547206],[-82.47572801537574,32.59419715817479],[-82.47584206849011,32.59406043748168],[-82.47597174289386,32.59393384546858],[-82.4761157628457,32.59381862748909],[-82.47627271149891,32.593715916999926],[-82.47644104483987,32.5936267244117],[-82.47661910687681,32.59355192715047],[-82.47680514592905,32.59349226102726],[-82.4769973318571,32.59344831300059],[-82.47764731909382,32.59332831515713]]]},"properties":{"fire_id":"F4577","date":"2026-09-27","area_ha":43.5,"cumulative_ha":154.4,"frp_sum":4.3,"n_detections":4,"first_seen":"2026-09-25","last_seen":"2026-09-27","centroid":[-82.47982,32.59662],"history":[{"date":"2026-09-25","area_ha":100.9},{"date":"2026-09-26","area_ha":127.6},{"date":"2026-09-27","area_ha":43.5}],"track":[[-82.47541608015652,32.598517952861854],[-82.4773170590915,32.59834651717742],[-82.47982073665608,32.59661621680401]],"growth_24h_ha":-84.15,"speed_km_day":0.3,"bearing_deg":222.3,"direction":"SW"}},{"type":"Feature","geometry":{"type":"Polygon","coordinates":[[[-85.33787931756153,32.930888347500336],[-85.33807541152404,32.93092120745843],[-85.33826663473104,32.930970081960055],[-85.33845110711385,32.931034490480044],[-85.33862701496447,32.93111379976431],[-85.33879262876502,32.93120723005508],[-85.33894632019032,32.93131386275616],[-85.33908657811637,32.93143264946326],[-85.33921202347727,32.93156242227052],[-85.33932142282484,32.93170190525192],[-85.33941370045724,32.931849727004895],[-85.33948794899767,32.93200443413288],[-85.33954343831884,32.93216450553396],[-85.3395796227253,32.93232836735579],[-85.33959614632309,32.93249440846921],[-85.3395928465236,32.93266099630882],[-85.33956975564695,32.93282649292463],[-85.33952710060919,32.932989271086946],[-85.33946530069585,32.93314773028629],[-85.33938496344392,32.93330031247095],[-85.33928687867221,32.93344551736726],[-85.33917201071894,32.93358191723214],[-85.33904148896264,32.933708170892686],[-85.33889659671921,32.93382303693471],[-85.33873875862486,32.93392538591057],[-85.33856952662813,32.93401421144596],[-85.33839056472966,32.934088640136814],[-85.3382036326188,32.934147940138324],[-85.338010568369,32.93419152836235],[-85.33781327036148,32.93421897621157],[-85.33761367861554,32.93423001379454],[-85.33329358695198,32.934290014912605],[-85.33309832407448,32.93428484273352],[-85.33290457759111,32.93426396251903],[-85.33271416469015,32.93422757010765],[-85.33252887128765,32.93417600682881],[-85.33235043527415,32.93410975630075],[-85.33218053021206,32.934029439894005],[-85.33202074963711,32.93393581090272],[-85.33187259211094,32.93382974747818],[-85.33173744716511,32.933712244391664],[-85.33101745041127,32.933022235955974],[-85.33089596750379,32.932893668194204],[-85.33079007308962,32.93275586856024],[-85.33070077115885,32.93261014364264],[-85.33062890835987,32.93245787516952],[-85.33057516597444,32.93230050690615],[-85.33054005346146,32.93213953096492],[-85.33052390363021,32.931976473656945],[-85.33052686948909,32.931812881019695],[-85.33054892279921,32.931650304158055],[-85.3305898543467,32.93149028453743],[-85.33064927593061,32.931334339368775],[-85.33072662404777,32.93118394722374],[-85.33082116523937,32.93104053401656],[-85.33093200304823,32.93090545948538],[-85.33105808652105,32.93078000430126],[-85.33119822017464,32.93066535792699],[-85.33135107533168,32.930562607340796],[-85.33151520271852,32.93047272673178],[-85.33168904620563,32.930396568264705],[-85.33187095756011,32.93033485400169],[-85.33205921207113,32.93028816905734],[-85.3322520248994,32.93025695605208],[-85.33244756799657,32.930241510916304],[-85.33264398743364,32.93024198008523],[-85.33283942097474,32.93025835911066],[-85.33787931756153,32.930888347500336]]]},"properties":{"fire_id":"F4742","date":"2026-09-27","area_ha":30.9,"cumulative_ha":193.5,"frp_sum":2.0,"n_detections":3,"first_seen":"2026-09-26","last_seen":"2026-09-27","centroid":[-85.33497,32.93236],"history":[{"date":"2026-09-26","area_ha":193.5},{"date":"2026-09-27","area_ha":30.9}],"track":[[-85.33691881929859,32.93384894317265],[-85.33497181927765,32.93235546212589]],"growth_24h_ha":-162.63,"speed_km_day":0.25,"bearing_deg":126.21,"direction":"SE"}},{"type":"Feature","geometry":{"type":"Polygon","coordinates":[[[-80.33483162198182,35.50453215096782],[-80.33496088883071,35.50465797062298],[-80.33507430685484,35.50479329514247],[-80.33517080016439,35.50493684093074],[-80.33524945338951,35.50508724640399],[-80.3353095203658,35.50524308490411],[-80.33535043121549,35.50540287823025],[-80.33537179775705,35.50556511065939],[-80.33537341719178,35.50572824332335],[-80.33535527403203,35.50589072880544],[-80.33531754025303,35.506051025818785],[-80.33526057366626,35.50620761382656],[-80.33518491452973,35.50635900746613],[-80.33509128042742,35.5065037706395],[-80.33498055946596,35.5066405301368],[-80.33485380185319,35.50676798866363],[-80.334712209938,35.5068849371484],[-80.33455712680662,35.50699026621272],[-80.33439002354245,35.50708297669651],[-80.33421248527134,35.50716218913741],[-80.3340261961238,35.50722715211469],[-80.33383292325749,35.507277249378376],[-80.33363450009132,35.50731200569636],[-80.33343280891047,35.50733109136305],[-80.33322976300727,35.507334325327705],[-80.33302728852789,35.5073216769122],[-80.32861719408535,35.50687166776657],[-80.32841355223465,35.506842577048296],[-80.3282145002414,35.5067974224355],[-80.3280219967705,35.50673664824844],[-80.32783793603738,35.50666085250244],[-80.32766412916624,35.506570781022376],[-80.32750228636652,35.506467320102736],[-80.3273540001035,35.50635148778514],[-80.32722072942803,35.50622442383954],[-80.32710378562037,35.506087378547626],[-80.32700431928875,35.50594170039884],[-80.32692330905007,35.50578882282026],[-80.32686155190365,35.505630250070844],[-80.32681965539288,35.50546754243908],[-80.32679803163167,35.50530230088952],[-80.32679689325435,35.50513615130945],[-80.32681625132848,35.504970728510884],[-80.32685591525133,35.50480766014477],[-80.3269154946303,35.504648550686426],[-80.32699440312916,35.50449496564909],[-80.32709186424141,35.5043484161814],[-80.32720691893456,35.50421034419995],[-80.32733843508915,35.50408210820327],[-80.32928844101106,35.50236213192795],[-80.32943304306968,35.5022464935219],[-80.3295910213209,35.50214276244513],[-80.32976086303742,35.50205193194857],[-80.32994094191487,35.50197487175373],[-80.3301295336429,35.50191231972629],[-80.330324832414,35.50186487481196],[-80.33052496821173,35.50183299130253],[-80.3307280247136,35.50181697448671],[-80.33093205763647,35.5018169777274],[-80.33113511334983,35.501833000993585],[-80.3313352475781,35.50186489086058],[-80.33153054401379,35.5019123419788],[-80.33171913266285,35.501974899997094],[-80.33189920774723,35.50205196591232],[-80.33206904499286,35.50214280180406],[-80.33222701813823,35.50224653789915],[-80.33237161450488,35.50236218089858],[-80.33483162198182,35.50453215096782]]]},"properties":{"fire_id":"F4792","date":"2026-09-27","area_ha":33.8,"cumulative_ha":33.8,"frp_sum":2.6,"n_detections":3,"first_seen":"2026-09-27","last_seen":"2026-09-27","centroid":[-80.33108,35.50488],"history":[{"date":"2026-09-27","area_ha":33.8}],"track":[[-80.33108121034812,35.50487512314835]],"growth_24h_ha":null,"speed_km_day":null,"bearing_deg":null,"direction":null}},{"type":"Feature","geometry":{"type":"Polygon","coordinates":[[[-79.99880678518373,37.27657692788717],[-79.99863466420017,37.276672297648986],[-79.99845138201094,37.276753897181706],[-79.9982587257035,37.27682093083786],[-79.99805857378564,37.276872744994634],[-79.9978528778663,37.27690883442833],[-79.9976436436228,37.27692884724144],[-79.99743291124062,37.276932588294784],[-79.99722273551605,37.27692002111032],[-79.9970151658165,37.27689126822715],[-79.99681222609365,37.27684661000639],[-79.99661589514473,37.27678648189676],[-79.99642808731446,37.27671147018812],[-79.99625063382615,37.27662230629346],[-79.99608526492388,37.2765198596161],[-79.99593359300034,37.27640512907094],[-79.99579709687451,37.27627923334306],[-79.99567710737294,37.276143399978345],[-79.99557479435492,37.275998953412774],[-79.99549115530812,37.27584730205725],[-79.99542700562588,37.2756899245636],[-79.99538297066073,37.27552835540621],[-79.99535947963143,37.27536416991949],[-79.99535676144308,37.275198968937524],[-79.99537484246042,37.275034363185206],[-79.99541354625616,37.27487195757361],[-79.99547249533643,37.27471333555221],[-79.99555111482643,37.27456004367095],[-79.99564863807991,37.274413576502276],[-79.99576411415812,37.274275362070355],[-79.99654412330989,37.27343537287022],[-79.99667284989337,37.27330990867669],[-79.99681636448703,37.273194723215894],[-79.9969733382272,37.27309088298868],[-79.997142317651,37.27299934944647],[-79.9999922843409,37.27160937522986],[-80.0001747398852,37.27152981180421],[-80.00036623868534,37.271464601216536],[-80.00056494866313,37.27141436733349],[-80.00076896876446,37.27137959073917],[-80.00097634714366,37.27136060413831],[-80.00118509983318,37.27135758917396],[-80.00139322972018,37.27137057468996],[-80.00159874564892,37.27139943645516],[-80.00179968146614,37.27144389835162],[-80.00199411482747,37.271503535015675],[-80.00218018558513,37.2715777759067],[-80.00235611358121,37.27166591076434],[-80.00252021567636,37.27176709640246],[-80.0026709218511,37.27188036477452],[-80.00280679022589,37.27200463223345],[-80.002926520856,37.272138709897604],[-80.00302896816969,37.27228131502352],[-80.00311315193014,37.27243108327666],[-80.00317826661664,37.27258658178306],[-80.00322368913478,37.272746322837094],[-80.00324898478212,37.27290877813375],[-80.00325391141183,37.2730723933901],[-80.00323842175436,37.27323560321537],[-80.00320266387489,37.27339684608781],[-80.00314697976165,37.2735545792948],[-80.00307190205892,37.273707293693604],[-80.00297814897515,37.27385352815097],[-80.00286661741542,37.27399188352396],[-80.00273837440328,37.27412103604782],[-80.00259464687412,37.27423975000297],[-80.00243680993776,37.27434688953952],[-79.99880678518373,37.27657692788717]]]},"properties":{"fire_id":"F4722","date":"2026-09-27","area_ha":27.0,"cumulative_ha":34.4,"frp_sum":2.3,"n_detections":3,"first_seen":"2026-09-26","last_seen":"2026-09-27","centroid":[-79.99926,37.27411],"history":[{"date":"2026-09-26","area_ha":25.7},{"date":"2026-09-27","area_ha":27.0}],"track":[[-79.99845300337246,37.27389591749],[-79.99925540280492,37.274112011496854]],"growth_24h_ha":1.3,"speed_km_day":0.07,"bearing_deg":279.31,"direction":"W"}},{"type":"Feature","geometry":{"type":"Polygon","coordinates":[[[-86.1471769003264,38.00366918897364],[-86.14737634707454,38.00372815977543],[-86.14756730209368,38.00380214596507],[-86.14774789365678,38.003890422345826],[-86.14791635159938,38.00399212364884],[-86.14807102466884,38.004106253012814],[-86.14821039670933,38.0042316917535],[-86.14833310152335,38.00436721032756],[-86.14843793626461,38.00451148038259],[-86.14852387323062,38.00466308777641],[-86.14859006993946,38.00482054643694],[-86.14863587739188,38.00498231292792],[-86.14866084643751,38.00514680157678],[-86.14866473218258,38.0053124000172],[-86.14864749639597,38.0054774849936],[-86.14860930788934,38.00564043827286],[-86.14829933561188,38.00667044352825],[-86.1482409986802,38.006828683944406],[-86.1481629046292,38.00698171006983],[-86.14806580930109,38.00712804058847],[-86.14795065248924,38.00726625899036],[-86.14781854884437,38.00739502728484],[-86.14767077708699,38.007513098954135],[-86.1475087676306,38.00761933102147],[-86.1473340887357,38.0077126951172],[-86.14714843132826,38.00779228743516],[-86.14695359262966,38.00785733748353],[-86.14675145875704,38.007907215544826],[-86.14654398646206,38.00794143877292],[-86.1463331841854,38.0079596758683],[-86.14612109261023,38.0079617502857],[-86.14590976490346,38.007947641943616],[-86.14570124683574,38.007917487418666],[-86.14549755697342,38.007871578623245],[-86.14530066713392,38.00781035997905],[-86.14511248329421,38.00773442411401],[-86.14493482713716,38.00764450612436],[-86.14476941841485,38.00754147645716],[-86.14471249119626,38.00750229269924],[-86.14218015636895,38.00771331057876],[-86.14196349772166,38.00772283848717],[-86.14174670230366,38.0077154165031],[-86.14153196687488,38.007691119832536],[-86.1413214673174,38.00765019467016],[-86.14111733658326,38.007593055704305],[-86.14092164307775,38.00752028191408],[-86.14073636969721,38.00743261070165],[-86.14056339373421,38.00733093041887],[-86.14040446785374,38.00721627136431],[-86.14026120233326,38.0070897953419],[-86.14013504874659,38.00695278388688],[-86.13994505208132,38.00672278110203],[-86.13985253678084,38.006599514982994],[-86.1397738913572,38.00647058094472],[-86.1390939190236,38.005220570038276],[-86.13902558349895,38.005076924427364],[-86.13897446035966,38.004929031883165],[-86.13894097782159,38.00477813148028],[-86.13892541629795,38.00462548748621],[-86.1388454708712,38.00275548609473],[-86.13884855153847,38.002594828585025],[-86.13887147951861,38.00243514146391],[-86.13891404317172,38.00227789785529],[-86.13897584972393,38.00212454833242],[-86.13905632889528,38.0019765075366],[-86.13915473816435,38.001835141128296],[-86.13927016962168,38.001701753189835],[-86.13940155834776,38.001577574196695],[-86.13954769223898,38.001463749667806],[-86.13970722319031,38.00136132959993],[-86.13987867953183,38.00127125878295],[-86.1400604796041,38.00119436808605],[-86.1402509463475,38.00113136679434],[-86.14044832277068,38.00108283606726],[-86.14065078815572,38.00104922357865],[-86.14085647485072,38.00103083938784],[-86.14336641829514,38.00090084229757],[-86.1435764984277,38.00089792357434],[-86.14378594683271,38.00091089010838],[-86.14399277377257,38.000939618718995],[-86.1441950144083,38.00098383648711],[-86.14439074746177,38.0010431233475],[-86.14457811346445,38.0011169160787],[-86.14475533241962,38.0012045136524],[-86.14492072071025,38.00130508389215],[-86.145072707092,38.00141767137761],[-86.14520984761981,38.001541206519725],[-86.1453308393658,38.00167451572031],[-86.14543453279853,38.00181633252001],[-86.1455199427059,38.00196530962842],[-86.14558625755788,38.00212003172243],[-86.14563284721984,38.00227902889098],[-86.14565926894325,38.00244079059896],[-86.14566527157677,38.00260378003717],[-86.14564760069432,38.00328311579813],[-86.1471769003264,38.00366918897364]]]},"properties":{"fire_id":"F4555","date":"2026-09-27","area_ha":51.3,"cumulative_ha":59.9,"frp_sum":22.3,"n_detections":9,"first_seen":"2026-09-25","last_seen":"2026-09-27","centroid":[-86.1434,38.00457],"history":[{"date":"2026-09-25","area_ha":44.9},{"date":"2026-09-27","area_ha":51.3}],"track":[[-86.1429939445147,38.0037117769483],[-86.14340326926416,38.00456610636769]],"growth_24h_ha":3.16,"speed_km_day":0.05,"bearing_deg":333.66,"direction":"NNW"}},{"type":"Feature","geometry":{"type":"Polygon","coordinates":[[[-82.83713262063196,38.59667854692539],[-82.83770712290209,38.59729627118508],[-82.83782155319535,38.59743287446906],[-82.83791822043472,38.59757738106379],[-82.83799621190983,38.59772842673157],[-82.83805479120755,38.59788458549285],[-82.8380934051681,38.5980443830876],[-82.83811168911163,38.598206310892515],[-82.83810947028611,38.59836884016336],[-82.83808676950325,38.59853043646721],[-82.83804380094709,38.598689574169185],[-82.837980970157,38.5988447508362],[-82.83789887020367,38.598994501422276],[-82.83779827609418,38.599137412101],[-82.83768013745873,38.59927213361487],[-82.83754556958817,38.59939739401517],[-82.83739584290628,38.59951201067232],[-82.8372323709769,38.599614901442926],[-82.83705669715846,38.59970509488822],[-82.83687048003215,38.59978173944725],[-82.8366754777414,38.5998441114784],[-82.8364735313904,38.59989162209281],[-82.83411348242593,38.60035163231539],[-82.83391229548988,38.60038314454244],[-82.83370814286984,38.60039990338774],[-82.83350284659446,38.600401759281205],[-82.83329823890136,38.600388695659284],[-82.83309614588146,38.600360829112745],[-82.83289837117806,38.60031840834608],[-82.83270667988647,38.60026181195713],[-82.83252278279821,38.6001915450578],[-82.83069138866209,38.59940666606805],[-82.82916219697715,38.59970991805504],[-82.82896047325737,38.599742157992225],[-82.82875568958107,38.59975955005943],[-82.82854968641252,38.599761937947754],[-82.82834431517816,38.59974930019633],[-82.82814142162385,38.59972175038531],[-82.82794282922316,38.599679536114785],[-82.82775032278595,38.59962303677913],[-82.82756563241476,38.59955276015651],[-82.82739041795358,38.59946933784451],[-82.82722625406834,38.5993735195827],[-82.8257962465062,38.598453503401075],[-82.82563947589465,38.59834213625211],[-82.82549764650143,38.5982194745742],[-82.82537212494647,38.59808670036162],[-82.82526412068411,38.59794509304841],[-82.82517467435079,38.59779601717818],[-82.82510464774023,38.597640909253776],[-82.82505471550301,38.597481263894],[-82.82502535864997,38.59731861943028],[-82.82501685992203,38.59715454308306],[-82.8250293010711,38.59699061585944],[-82.82506256207762,38.596828417319095],[-82.8251163223124,38.59666951035408],[-82.82519006363133,38.59651542612983],[-82.82528307537275,38.59636764933223],[-82.82539446120938,38.59622760386285],[-82.82552314778843,38.59609663912018],[-82.8256678950767,38.595976016998954],[-82.82582730831066,38.595866899732904],[-82.82599985143658,38.595770338697726],[-82.82618386191089,38.59568726428239],[-82.82634878386227,38.59562095665721],[-82.82718244049806,38.59352936546193],[-82.82725321275254,38.59337812931272],[-82.82734251573217,38.59323282046814],[-82.82744952470576,38.59309478070976],[-82.82757325146119,38.59296528468901],[-82.8277125534332,38.592845528158335],[-82.82786614425555,38.592736616931134],[-82.8280326056402,38.59263955667226],[-82.82821040047378,38.592555243613205],[-82.82839788701037,38.59248445627801],[-82.82859333402966,38.5924278482957],[-82.82879493682056,38.59238594236611],[-82.82900083384263,38.592359125434214],[-82.82920912391198,38.592347645118025],[-82.82941788375267,38.59235160742266],[-82.82962518575188,38.592370975761604],[-82.82982911575529,38.592405571294606],[-82.83002779073811,38.59245507457857],[-82.830219376189,38.5925190285167],[-82.83040210304661,38.592596842578274],[-82.83183208584323,38.59327682931908],[-82.83201143964634,38.59337199202599],[-82.83217751647157,38.59348049825848],[-82.83232864761925,38.5936012578133],[-82.83246331453256,38.59373305736759],[-82.8325801640561,38.5938745726682],[-82.83267802203363,38.59402438183514],[-82.83275444734738,38.59417804856462],[-82.83346074806585,38.59375260341993],[-82.83363508012076,38.59365783537135],[-82.83382064711866,38.5935766873675],[-82.83401565934753,38.593509942030046],[-82.83421823601873,38.59345824307401],[-82.83442642340357,38.5934220891008],[-82.8346382136725,38.59340182879024],[-82.83485156425574,38.59339765753874],[-82.83506441753842,38.59340961557503],[-82.8352747207008,38.593437587572346],[-82.83548044551226,38.59348130376047],[-82.83567960788838,38.593540342526815],[-82.83587028702269,38.593614134481946],[-82.83605064390873,38.59370196794986],[-82.83621893907393,38.59380299583028],[-82.83637354935445,38.5939162437672],[-82.83651298354916,38.594040619544295],[-82.83663589680194,38.594174923617366],[-82.83674110357354,38.59431786068167],[-82.83682758907787,38.59446805216319],[-82.83689451907235,38.594624049513065],[-82.83694124790769,38.59478434817734],[-82.83696732475963,38.59494740210685],[-82.83713262063196,38.59667854692539]]]},"properties":{"fire_id":"F4513","date":"2026-09-27","area_ha":72.3,"cumulative_ha":86.4,"frp_sum":17.6,"n_detections":11,"first_seen":"2026-09-25","last_seen":"2026-09-27","centroid":[-82.83165,38.59663],"history":[{"date":"2026-09-25","area_ha":45.4},{"date":"2026-09-26","area_ha":57.7},{"date":"2026-09-27","area_ha":72.3}],"track":[[-82.83034763618478,38.5975061542787],[-82.83290709678838,38.596906550716064],[-82.83164738766192,38.59663402932306]],"growth_24h_ha":14.56,"speed_km_day":0.11,"bearing_deg":97.76,"direction":"E"}},{"type":"Feature","geometry":{"type":"Polygon","coordinates":[[[-84.24226205410567,38.83442903772219],[-84.24244168627398,38.83451493342462],[-84.24260961695231,38.83461378812104],[-84.24276426352989,38.83472467021617],[-84.24290416856455,38.83484653476537],[-84.24302801351782,38.8349782333206],[-84.24313463118203,38.83511852475193],[-84.24322301668218,38.835266086942646],[-84.2432923369488,38.8354195292475],[-84.24334193857246,38.83557740559731],[-84.24337135396587,38.835738228126054],[-84.24338030577515,38.83590048119218],[-84.2433687094986,38.83606263566216],[-84.24333667428829,38.83622316332134],[-84.2432845019265,38.83638055127684],[-84.24321268398637,38.8365333162161],[-84.24312189720378,38.836680018387256],[-84.2430129971034,38.8368192751692],[-84.24288700993918,38.83694977410348],[-84.24274512302486,38.837070285265185],[-84.24258867354584,38.83717967285614],[-84.24045866158177,38.83852969692248],[-84.24028906084749,38.83862695665309],[-84.24010796306317,38.83871113644839],[-84.23991707614115,38.838781442400986],[-84.23971820033286,38.83883721144684],[-84.23951321124814,38.83887791761989],[-84.23930404216341,38.83890317701349],[-84.2390926657853,38.83891275140177],[-84.23888107564203,38.83890655048693],[-84.23867126727833,38.83888463275093],[-84.23846521943119,38.83884720490387],[-84.23826487536438,38.838794619934156],[-84.23807212453781,38.83872737377854],[-84.23788878478484,38.83864610064415],[-84.23771658516581,38.83855156702597],[-84.23755714965942,38.83844466447664],[-84.23741198184611,38.83832640119689],[-84.2372824507278,38.8381978925255],[-84.23716977781785,38.83806035041921],[-84.23707502562273,38.837915072021325],[-84.23699908762426,38.837763427427255],[-84.23694267985677,38.83760684676203],[-84.23690633415823,38.83744680669232],[-84.23689039315927,38.83728481649944],[-84.23689500705673,38.83712240384555],[-84.2369687658544,38.836319515243474],[-84.236751352987,38.835145295156394],[-84.23673184501429,38.834984534037],[-84.23673262746118,38.834823078783806],[-84.23675369290453,38.83466243341465],[-84.23679484497991,38.83450409439306],[-84.23685570021576,38.834349536688435],[-84.23693569161006,38.83420020003691],[-84.23703407391648,38.83405747553075],[-84.23714993059009,38.83392269266107],[-84.23728218232824,38.833797106934796],[-84.23742959712648,38.83368188818082],[-84.2375908017564,38.83357810965459],[-84.23776429455775,38.83348673804208],[-84.23794845942614,38.83340862445685],[-84.23814158086593,38.83334449651319],[-84.23834185996805,38.83329495154991],[-84.2385474311641,38.833260451067204],[-84.23875637960083,38.833241316428705],[-84.23896675897313,38.833237725868806],[-84.23917660964989,38.83324971283265],[-84.23938397692359,38.83327716566469],[-84.23958692921431,38.833319828648605],[-84.23978357605841,38.83337730438859],[-84.23997208571463,38.833449057510435],[-84.24226205410567,38.83442903772219]]]},"properties":{"fire_id":"F4556","date":"2026-09-27","area_ha":27.0,"cumulative_ha":50.1,"frp_sum":11.3,"n_detections":4,"first_seen":"2026-09-25","last_seen":"2026-09-27","centroid":[-84.23971,38.83603],"history":[{"date":"2026-09-25","area_ha":24.4},{"date":"2026-09-26","area_ha":48.5},{"date":"2026-09-27","area_ha":27.0}],"track":[[-84.240073313003,38.83576188021872],[-84.24010524297661,38.83579091987771],[-84.23970627971678,38.8360260480997]],"growth_24h_ha":-21.54,"speed_km_day":0.04,"bearing_deg":45.38,"direction":"NE"}},{"type":"Feature","geometry":{"type":"Polygon","coordinates":[[[-84.38838284840197,39.48335391921672],[-84.3894258590239,39.483377681211785],[-84.38963876598474,39.4833904180833],[-84.38984904588915,39.48341879536584],[-84.39005471707972,39.483462545635646],[-84.39025384132223,39.48352125659534],[-84.39044454206822,39.48359437495846],[-84.39062502213662,39.483681211662784],[-84.39079358064821,39.48378094836252],[-84.39094862905338,39.48389264513922],[-84.39108870610222,39.48401524935787],[-84.3912124916157,39.48414760558564],[-84.39131881892858,39.48428846647912],[-84.39140668588631,39.484436504538124],[-84.39147526429255,39.48459032461492],[-84.39152390771797,39.4847484770614],[-84.39155215759665,39.484909471389955],[-84.39155974755262,39.48507179031976],[-84.39154660591535,39.48523390407597],[-84.39151285640037,39.48539428480689],[-84.3914588169486,39.48555142098349],[-84.39138499673479,39.485703831645544],[-84.39129209137343,39.48585008035992],[-84.39118097636688,39.48598878875968],[-84.39105269885737,39.48611864953595],[-84.39090846776067,39.48623843876078],[-84.39074964237405,39.486347027423676],[-84.390577719566,39.48644339207437],[-84.39039431966845,39.48652662447019],[-84.3860742564473,39.488276661037425],[-84.3858817782079,39.48834575630394],[-84.38568142054461,39.48840038323475],[-84.385475058882,39.4884400304958],[-84.38526462485602,39.48846432696911],[-84.3850520882297,39.48847304522738],[-84.38483943845152,39.48846610366322],[-84.38462866602927,39.488443567253256],[-84.38442174389421,39.48840564694973],[-84.38422060892964,39.4883526977055],[-84.38402714383747,39.48828521515078],[-84.3838431595123,39.48820383095302],[-84.3794592511672,39.48604214388401],[-84.36566634445755,39.48748233835148],[-84.36508863834443,39.48930256467903],[-84.36502673136017,39.4894622941948],[-84.36494425083771,39.48961655256275],[-84.36484201376008,39.489763811586926],[-84.36472103285082,39.48990261240265],[-84.36458250654475,39.490031579930715],[-84.36442780711803,39.49014943650157],[-84.36425846709494,39.49025501451477],[-84.36407616406603,39.4903472680082],[-84.36388270406795,39.49042528302195],[-84.36368000368965,39.490488286654696],[-84.36347007108256,39.49053565472223],[-84.36325498606256,39.49056691794263],[-84.36303687950145,39.49058176658635],[-84.362817912212,39.490580053545436],[-84.3626002535361,39.49056179579127],[-84.36238605984839,39.49052717420643],[-84.36217745318825,39.49047653179211],[-84.36197650023274,39.4904103702695],[-84.36178519181799,39.49032934510797],[-84.36160542321323,39.4902342590301],[-84.36143897534221,39.49012605405757],[-84.36128749713835,39.490005802176796],[-84.36115248920886,39.48987469471724],[-84.36103528896919,39.48973403054704],[-84.36093705739547,39.48958520320375],[-84.3608587675258,39.48942968708711],[-84.36080119482443,39.48926902285114],[-84.36076490950416,39.48910480214019],[-84.36039498106919,39.486704795524304],[-84.3603806146827,39.48654886084138],[-84.36038544762437,39.48639258710265],[-84.36040943758155,39.48623733848055],[-84.36045237501583,39.48608447019005],[-84.36051388499615,39.48593531665871],[-84.36257420946649,39.48165110916682],[-84.36030552286954,39.48043903449993],[-84.36013282975524,39.48033663783461],[-84.3599743779177,39.48022169026147],[-84.35983173742035,39.480095330823154],[-84.35970632162649,39.47995881163877],[-84.3595993731957,39.47981348549463],[-84.35951195177253,39.47966079243788],[-84.35944492349005,39.479502245505344],[-84.35939895239142,39.47933941572959],[-84.35937449385507,39.47917391657067],[-84.35937179008775,39.479007387927915],[-84.3593908677304,39.478841479889915],[-84.35943153760017,39.478677836384364],[-84.35949339657068,39.47851807888911],[-84.3595758315721,39.4783637903663],[-84.3596780256709,39.4782164995784],[-84.35979896616878,39.4780776659418],[-84.35993745464064,39.477948665067686],[-84.36009211881178,39.47783077513358],[-84.36026142615646,39.477725164220644],[-84.36044369908346,39.47763287874155],[-84.36063713155761,39.47755483307435],[-84.36083980699303,39.477491800504104],[-84.36104971724075,39.47744440556263],[-84.36126478248269,39.47741311784172],[-84.36148287183502,39.477398247341455],[-84.36170182445704,39.47739994139913],[-84.36191947095647,39.47741818323005],[-84.36213365487949,39.477452792093516],[-84.36234225407266,39.47750342508342],[-84.3667386478892,39.47875702397623],[-84.37542635438798,39.477462241648226],[-84.38084467677645,39.46857612491514],[-84.38091189683243,39.46847499078644],[-84.38262194100095,39.46610501776487],[-84.3827379433128,39.465961816003464],[-84.38287226122537,39.46582819852334],[-84.38302353700904,39.46570551587569],[-84.3831902415541,39.4655950080802],[-84.38337068982757,39.46549779209322],[-84.3835630579046,39.465414850519956],[-84.38376540140266,39.46534702168464],[-84.38397567513238,39.465294991158665],[-84.38419175376593,39.46525928483269],[-84.3844114533151,39.465240263602354],[-84.38463255320127,39.465238119721256],[-84.3848528186951,39.46525287485829],[-84.38507002349898,39.46528437987862],[-84.3852819722444,39.46533231635072],[-84.3854865226769,39.465396199764236],[-84.38568160730503,39.46547538442599],[-84.38586525429395,39.46556906998522],[-84.38603560739345,39.46567630952119],[-84.38619094469863,39.465796019112766],[-84.38769920308941,39.46708161696365],[-84.39974264501173,39.467761520180744],[-84.39995073391249,39.46778087825312],[-84.40015545485947,39.46781521855056],[-84.4003549480459,39.46786422910687],[-84.40054740114745,39.4679274646824],[-84.40073106578373,39.46800435080792],[-84.40090427339926,39.46809418900256],[-84.40106545042013,39.468196163117995],[-84.4012131325484,39.468309346751575],[-84.4013459780647,39.46843271166104],[-84.40146278001788,39.468565137104434],[-84.40156247719149,39.46870542002041],[-84.40164416374684,39.46885228595652],[-84.40246503592569,39.470549273074475],[-84.40530310494464,39.47419808742958],[-84.40540283271032,39.47434179392774],[-84.40548376176541,39.47449218133303],[-84.4055451285714,39.47464783101336],[-84.40558635411207,39.47480727468706],[-84.40560704935993,39.4749690082729],[-84.40560701895096,39.47513150607772],[-84.40558626303266,39.47529323518875],[-84.40554497726798,39.47545266993415],[-84.40548355099462,39.47560830627579],[-84.40540256355717,39.475758675998264],[-84.40530277884619,39.475902360560234],[-84.4051851380959,39.47603800447773],[-84.40505075100805,39.476164328112645],[-84.40490088528566,39.476280139745946],[-84.40473695467533,39.476384346821696],[-84.40456050563084,39.47647596625579],[-84.40437320272386,39.47655413371155],[-84.40417681293941,39.47661811175558],[-84.40397318900422,39.47666729681576],[-84.40376425190564,39.47670122487671],[-84.40355197276581,39.476719575858105],[-84.40333835424232,39.47672217663493],[-84.40312541163132,39.47670900267117],[-84.402915153851,39.4766801782514],[-84.4027095644854,39.47663597530779],[-84.40251058306755,39.47657681085447],[-84.40232008677847,39.47650324305226],[-84.40213987273509,39.47641596594216],[-84.40197164103417,39.476315802896316],[-84.40181697871226,39.47620369884915],[-84.4016773447733,39.47608071138117],[-84.39820791403838,39.472706404094936],[-84.39058830229979,39.47184236539056],[-84.38838284840197,39.48335391921672]]]},"properties":{"fire_id":"F4515","date":"2026-09-27","area_ha":467.4,"cumulative_ha":622.5,"frp_sum":24.9,"n_detections":20,"first_seen":"2026-09-25","last_seen":"2026-09-27","centroid":[-84.38106,39.47823],"history":[{"date":"2026-09-25","area_ha":375.0},{"date":"2026-09-26","area_ha":527.0},{"date":"2026-09-27","area_ha":467.4}],"track":[[-84.38288621714429,39.478988751980104],[-84.38045387834548,39.47743436459174],[-84.38105836189213,39.478230322754385]],"growth_24h_ha":-59.6,"speed_km_day":0.1,"bearing_deg":322.98,"direction":"NW"}},{"type":"Feature","geometry":{"type":"Polygon","coordinates":[[[-86.48999029916195,39.872720643069165],[-86.4901967468758,39.872777316368804],[-86.49039474817901,39.872849199199564],[-86.490582351005,39.87293558289053],[-86.4907577057842,39.873035615808305],[-86.49091908367689,39.8731483117515],[-86.49106489361675,39.87327255967189],[-86.4911936979972,39.87340713462618],[-86.49130422684605,39.873550709850846],[-86.49139539034833,39.87370186984114],[-86.49146628959407,39.8738591243047],[-86.4915162254449,39.87402092285339],[-86.49154470543168,39.874185670287424],[-86.49155144861533,39.87435174232213],[-86.49153638836229,39.87451750160169],[-86.49149967300757,39.874681313842146],[-86.49144166439793,39.87484156394473],[-86.49136293433004,39.874996671920414],[-86.49126425891804,39.87514510846877],[-86.49114661094588,39.87528541005731],[-86.49101115027996,39.87541619335281],[-86.49085921243606,39.87553616886224],[-86.49069229541351,39.87564415364838],[-86.49051204492612,39.87573908299535],[-86.49032023817571,39.87582002090799],[-86.48786019939217,39.876740040711596],[-86.48765841615646,39.87680627243707],[-86.48744893487822,39.87685701541294],[-86.48723382718266,39.87689176782173],[-86.48701522034803,39.876910185982425],[-86.48679527626406,39.87691208774995],[-86.48657617004784,39.876897454316946],[-86.48636006852871,39.87686643039969],[-86.48614910881525,39.87681932280666],[-86.4859453771564,39.87675659740385],[-86.48575088830613,39.8766788745065],[-86.48556756559589,39.87658692274351],[-86.48539722191185,39.87648165145463],[-86.48524154176556,39.87636410169624],[-86.48510206463499,39.87623543594422],[-86.48498016974114,39.87609692659628],[-86.48487706241042,39.87594994338734],[-86.48479376215784,39.875795939842355],[-86.48473109260858,39.87563643890096],[-86.48468967335783,39.87547301785586],[-86.4843997199442,39.87391301263975],[-86.48437987673363,39.87374567369409],[-86.48438231469214,39.87357767287323],[-86.48440700908611,39.87341070385722],[-86.48445371081009,39.87324644991189],[-86.48452194890406,39.873086566919895],[-86.48461103530715,39.87293266668803],[-86.48472007179934,39.87278630069951],[-86.48484795906099,39.87264894447456],[-86.48499340775867,39.87252198269731],[-86.48515495154564,39.872406695258476],[-86.48533096184556,39.872304244354744],[-86.48551966427033,39.872215662774636],[-86.48571915650682,39.87214184348895],[-86.48592742749213,39.87208353065058],[-86.4861423776839,39.872041312094254],[-86.48636184022202,39.87201561341206],[-86.48658360276798,39.87200669366403],[-86.4868054298024,39.87201464276716],[-86.48702508515602,39.87203938058915],[-86.48724035454701,39.87208065775618],[-86.48999029916195,39.872720643069165]]]},"properties":{"fire_id":"F4789","date":"2026-09-27","area_ha":25.2,"cumulative_ha":25.2,"frp_sum":3.4,"n_detections":3,"first_seen":"2026-09-27","last_seen":"2026-09-27","centroid":[-86.48769,39.8744],"history":[{"date":"2026-09-27","area_ha":25.2}],"track":[[-86.48769389906373,39.8743986667937]],"growth_24h_ha":null,"speed_km_day":null,"bearing_deg":null,"direction":null}},{"type":"Feature","geometry":{"type":"Polygon","coordinates":[[[-86.84465652139201,39.97676368574199],[-86.84466492443336,39.97692444599678],[-86.84465285372173,39.977085072911045],[-86.84462042069703,39.977244081717565],[-86.84456792502449,39.97740000259613],[-86.8444958518295,39.977551394260374],[-86.8444048672178,39.97769685728148],[-86.84429581212218,39.97783504702491],[-86.84047587474255,39.982185104986954],[-86.84034508066517,39.98231906363531],[-86.84019731583176,39.982442543257086],[-86.84003404229843,39.982554322013996],[-86.83985687560352,39.982653293842894],[-86.83966756878202,39.98273847940213],[-86.83946799501821,39.98280903576404],[-86.83926012910841,39.982864264757296],[-86.83904602791743,39.982903619877],[-86.83882781002201,39.98292671169341],[-86.8386076347431,39.98293331170635],[-86.8383876807745,39.98292335460671],[-86.83817012461961,39.98289693892298],[-86.83795711904996,39.98285432604585],[-86.83775077179862,39.98279593764135],[-86.8375531247,39.982722351477264],[-86.83736613348206,39.982634295705054],[-86.83719164841172,39.982532641653044],[-86.83703139598451,39.982418395202984],[-86.8368869618401,39.98229268683503],[-86.83675977507271,39.9821567604397],[-86.8351298052508,39.98021673538047],[-86.83502293964347,39.98007464581971],[-86.83493493054446,39.979925359018814],[-86.83486661723124,39.979770298819865],[-86.83481865111673,39.97961094411981],[-86.83479148954108,39.97944881476435],[-86.83475540180218,39.979095649661225],[-86.83381944868135,39.979695407924254],[-86.83360759910121,39.98096010503287],[-86.8335697927136,39.9811217040314],[-86.83351121536903,39.981279728538745],[-86.83343243027903,39.981432658810384],[-86.83333419500933,39.98157902408398],[-86.83321745419842,39.981717416725004],[-86.8330833304763,39.98184650576581],[-86.83293311367059,39.9819650497073],[-86.83276824840364,39.982071908460675],[-86.83259032019984,39.98216605431366],[-86.83240104023695,39.982246581816156],[-86.83220222888775,39.982312716489986],[-86.83199579821084,39.98236382227884],[-86.83178373355854,39.98239940766694],[-86.83156807447943,39.98241913040704],[-86.83135089509902,39.9824228008128],[-86.83113428416758,39.98241038358355],[-86.83092032496704,39.98238199814383],[-86.83071107527076,39.98233791749457],[-86.83050854754872,39.982278565586945],[-86.83031468960884,39.982204513244014],[-86.83013136586098,39.98211647266986],[-86.82996033938359,39.98201529059834],[-86.82980325496597,39.98190194014837],[-86.82966162328897,39.98177751146315],[-86.82953680639666,39.98164320122433],[-86.82943000459844,39.98150030114119],[-86.82934224492753,39.981350185526466],[-86.82901166957186,39.98070020864717],[-86.82805948288606,39.980236314555796],[-86.82788311446814,39.98014083573687],[-86.82771995791677,39.98003277936095],[-86.82757157872959,39.979913182279525],[-86.8274394005878,39.97978319207681],[-86.82732469169646,39.97964405605682],[-86.8272285526175,39.97949710927321],[-86.82715190571234,39.97934376171772],[-86.82709548629535,39.979185484789646],[-86.8270598355825,39.97902379717629],[-86.82704529550348,39.97886025028028],[-86.82705200542591,39.97869641333313],[-86.82707990082383,39.9785338583384],[-86.82712871390216,39.97837414498833],[-86.82719797617169,39.97821880569947],[-86.82728702294916,39.97806933090992],[-86.82739499973925,39.977927154780204],[-86.82752087043714,39.97779364143402],[-86.8276634272726,39.977670071871486],[-86.82782130240042,39.97755763168008],[-86.82799298102547,39.97745739966108],[-86.82817681593681,39.97737033748074],[-86.82837104331115,39.977297280445185],[-86.82857379963427,39.9772389294878],[-86.82878313957796,39.9771958444452],[-86.82899705466124,39.97716843868749],[-86.82921349251679,39.97715697515283],[-86.82955585087426,39.977151543005384],[-86.8308944925741,39.97419794456138],[-86.83097928863994,39.97403817237306],[-86.83108536090255,39.97388582684705],[-86.83121158683811,39.97374252000963],[-86.83135663069223,39.97360976823558],[-86.83151895761719,39.973488976204955],[-86.83169684991476,39.97338142204165],[-86.83188842521224,39.97328824379164],[-86.83209165637966,39.97321042738301],[-86.8323043929775,39.97314879619563],[-86.83252438400781,39.97310400235075],[-86.83689428904009,39.972394019077626],[-86.83710754905877,39.97236751525354],[-86.83732321269609,39.97235684089235],[-86.83753922659002,39.9723620976259],[-86.83775353404438,39.97238323540418],[-86.83796409460683,39.97242005297212],[-86.8381689034924,39.97247219978506],[-86.83836601066777,39.97253917934582],[-86.83855353941462,39.97262035393094],[-86.8387297041959,39.97271495066119],[-86.83889282765449,39.97282206885916],[-86.83904135658285,39.972940688623176],[-86.83917387671167,39.9730696805365],[-86.83928912617642,39.973207816419276],[-86.83936664389181,39.973324607181],[-86.84214926218769,39.973257462973805],[-86.8423728632146,39.973260599373496],[-86.84259490589471,39.973280755072444],[-86.84281312663572,39.97331772459602],[-86.84302530079971,39.97337113106287],[-86.84322926537769,39.97344043002609],[-86.84342294103648,39.973524915022466],[-86.8436043533135,39.97362372477302],[-86.84377165274329,39.97373585196164],[-86.84392313371103,39.97386015350249],[-86.84405725184068,39.97399536219106],[-86.84417263974044,39.974140099621394],[-86.84426812094542,39.974292890236214],[-86.84434272191473,39.97445217636842],[-86.84439568196098,39.97461633411958],[-86.84442646101053,39.97478368991418],[-86.84465652139201,39.97676368574199]]]},"properties":{"fire_id":"F4517","date":"2026-09-27","area_ha":120.6,"cumulative_ha":125.0,"frp_sum":33.7,"n_detections":13,"first_seen":"2026-09-25","last_seen":"2026-09-27","centroid":[-86.83636,39.97747],"history":[{"date":"2026-09-25","area_ha":74.7},{"date":"2026-09-26","area_ha":53.3},{"date":"2026-09-27","area_ha":120.6}],"track":[[-86.83638700451107,39.9760407889173],[-86.83483741991277,39.976772736456574],[-86.83635573742824,39.97747386294501]],"growth_24h_ha":67.35,"speed_km_day":0.15,"bearing_deg":295.91,"direction":"WNW"}},{"type":"Feature","geometry":{"type":"Polygon","coordinates":[[[-80.61312082561889,40.310256372215534],[-80.61324356423057,40.310390775769164],[-80.61334833210877,40.310533523884025],[-80.61343413484826,40.310683261817395],[-80.61350015801564,40.310838568481024],[-80.61354577488254,40.310997969926824],[-80.61357055237832,40.31115995333453],[-80.61357425520517,40.31132298136863],[-80.61355684807653,40.311485506768435],[-80.61351849605752,40.311645987032726],[-80.61345956300364,40.31180289905955],[-80.611869656228,40.31536292671515],[-80.61178718875773,40.31552062981041],[-80.61168393915635,40.315671253090684],[-80.61156096578353,40.31581325240428],[-80.61141952922365,40.31594517200108],[-80.61126107936578,40.31606565945807],[-80.61108724054164,40.31617347954647],[-80.61089979487392,40.31626752689685],[-80.61070066400593,40.316346837333384],[-80.6104918893994,40.31641059776043],[-80.61027561140291,40.31645815449997],[-80.60893558260734,40.3166981601967],[-80.60871951069832,40.316728467476345],[-80.60850051719751,40.31674259789772],[-80.60828073828729,40.316740413624494],[-80.60806231781294,40.31672193596335],[-80.60784738636606,40.31668734515608],[-80.60763804049729,40.316636978621005],[-80.60743632226158,40.31657132766104],[-80.60724419929545,40.31649103267],[-80.60706354562093,40.31639687688491],[-80.60689612336353,40.316289778744256],[-80.60674356556254,40.316170782927564],[-80.60660736024181,40.31604105016354],[-80.60648883589583,40.315901845906154],[-80.60638914853315,40.31575452798924],[-80.60630927040334,40.315600533380454],[-80.6062499805171,40.31544136416325],[-80.60621185705229,40.31527857288439],[-80.6061952717194,40.31511374740922],[-80.60617096032449,40.31441417304156],[-80.60390523397307,40.3116477709211],[-80.60380003774408,40.31150397908477],[-80.60371407298571,40.31135312967375],[-80.60364816620131,40.311196673240474],[-80.6036029510056,40.31103611424391],[-80.60357886203661,40.310872996581914],[-80.6035761307816,40.310708888744806],[-80.60359478335654,40.31054536873282],[-80.60363464026075,40.310384008882764],[-80.60369531810835,40.31022636074916],[-80.60377623332006,40.31007394018616],[-80.60387660773945,40.309928212772554],[-80.60399547611947,40.309790579721025],[-80.60413169540703,40.3096623644064],[-80.60428395573673,40.309544799642524],[-80.604450793027,40.309439015830215],[-80.6046306030584,40.30934603008987],[-80.60482165689825,40.309266736483515],[-80.60502211752343,40.309201897419825],[-80.60523005748136,40.309152136324954],[-80.60544347741988,40.30911793164954],[-80.60566032530764,40.30909961226936],[-80.6058785161605,40.309097354323875],[-80.60683927826477,40.30912286190159],[-80.60689579658721,40.309117882751224],[-80.60682644414348,40.30778549168152],[-80.60682840057385,40.307624070120184],[-80.60685102390852,40.30746354116544],[-80.60689410355167,40.30730539816677],[-80.60695723861568,40.30715111226765],[-80.60703984165526,40.30700211872071],[-80.60714114413659,40.306859803536994],[-80.60726020359044,40.30672549059378],[-80.6073959123826,40.306600429320454],[-80.60754700801992,40.30648578307736],[-80.60771208489601,40.30638261833533],[-80.60788960736733,40.3062918947565],[-80.60807792403786,40.306214456268904],[-80.60827528311982,40.30615102321751],[-80.60847984872724,40.306102185664706],[-80.60868971795122,40.3060683979025],[-80.60890293855795,40.3060499742277],[-80.60911752714513,40.30604708601873],[-80.60933148758801,40.30605976014197],[-80.60954282960374,40.30608787870173],[-80.60974958726125,40.30613118013681],[-80.60994983726498,40.30618926165301],[-80.61014171684242,40.30626158296914],[-80.61032344106914,40.3063474713418],[-80.61049331947042,40.30644612782213],[-80.61064977174507,40.306556634686274],[-80.61079134246522,40.30667796397102],[-80.61091671461551,40.30680898703439],[-80.61102472184565,40.3069484850533],[-80.61111435932231,40.30709516035991],[-80.61245245107939,40.30959587957336],[-80.61312082561889,40.310256372215534]]]},"properties":{"fire_id":"F4519","date":"2026-09-27","area_ha":65.3,"cumulative_ha":107.5,"frp_sum":20.5,"n_detections":9,"first_seen":"2026-09-25","last_seen":"2026-09-27","centroid":[-80.60886,40.31155],"history":[{"date":"2026-09-25","area_ha":82.0},{"date":"2026-09-26","area_ha":27.4},{"date":"2026-09-27","area_ha":65.3}],"track":[[-80.6101559176851,40.31222178931499],[-80.60858698237696,40.311152565662454],[-80.60886154372696,40.31155065148132]],"growth_24h_ha":37.9,"speed_km_day":0.05,"bearing_deg":323.3,"direction":"NW"}},{"type":"Feature","geometry":{"type":"Polygon","coordinates":[[[-79.85855255148437,40.397064737079816],[-79.85560543479623,40.399093927220704],[-79.85543582400554,40.39919960121816],[-79.85525314708764,40.39929217270151],[-79.8550591908209,40.39937073619505],[-79.85485585233086,40.39943452323749],[-79.85464512053164,40.39948290990004],[-79.8544290566687,40.39951542289051],[-79.85420977415335,40.3995317441839],[-79.8539894178865,40.399531714133694],[-79.85377014327416,40.39951533303383],[-79.85355409513996,40.399482761115834],[-79.85334338674132,40.399434316981086],[-79.85314007909471,40.39937047448391],[-79.85294616081259,40.39929185809557],[-79.85276352864881,40.399199236794665],[-79.85259396894394,40.399093516544234],[-79.85243914015109,40.39897573142839],[-79.85230055661395,40.39884703353603],[-79.85217957375541,40.39870868169019],[-79.85207737482162,40.398562029133394],[-79.85199495931138,40.398408510289975],[-79.85193313320362,40.39824962673424],[-79.85189250107835,40.398086932502366],[-79.85187346020868,40.39792201889148],[-79.85187619668037,40.39775649889468],[-79.85188682756988,40.39768507871968],[-79.84967151521845,40.397351040344766],[-79.84945628553305,40.39731010875529],[-79.84924754738954,40.39725328842099],[-79.84904737358751,40.397181143582415],[-79.84885775186434,40.39709439065435],[-79.848680565154,40.3969938911103],[-79.8485175728875,40.39688064292617],[-79.84837039352078,40.39675577066871],[-79.84824048846376,40.39662051432642],[-79.84812914756978,40.39647621699474],[-79.84803747632985,40.39632431153735],[-79.84796638489877,40.39616630635643],[-79.84791657906148,40.39600377041297],[-79.84788855323,40.39583831764628],[-79.84771438503805,40.39413633049983],[-79.84623951096121,40.39291426230897],[-79.8460997709478,40.392786286327386],[-79.8459775404303,40.39264856648002],[-79.84587401478733,40.39250244974667],[-79.84579020643426,40.392349365224554],[-79.84572693492477,40.39219081014974],[-79.84568481893972,40.3920283352522],[-79.84566427024127,40.391863529588136],[-79.84566548965117,40.391698004997856],[-79.84568846509251,40.39153338034127],[-79.84573297171369,40.39137126566513],[-79.84579857409335,40.39121324645705],[-79.84588463050419,40.391060868139945],[-79.84599029919401,40.39091562095888],[-79.84611454662242,40.39077892540791],[-79.84625615757206,40.39065211833923],[-79.84641374703591,40.390536439890795],[-79.8465857737639,40.39043302135972],[-79.84677055533649,40.39034287414024],[-79.84696628461768,40.39026687983459],[-79.84717104742683,40.390205781632616],[-79.8473828412562,40.3901601770452],[-79.84759959485166,40.39013051206224],[-79.84781918846481,40.390117076791775],[-79.84803947457911,40.39012000262359],[-79.84825829890713,40.390139260944636],[-79.84847352145397,40.390174663418705],[-79.85156345669294,40.39080464854263],[-79.85181148416373,40.39086717119084],[-79.85440343448408,40.391650504306554],[-79.85454675884924,40.391593642041215],[-79.85474747904786,40.39153192473679],[-79.85495523546534,40.39148516213944],[-79.85516805936669,40.39145379737545],[-79.85538393400665,40.39143812765951],[-79.85560081373693,40.391438301478765],[-79.85581664338686,40.391454317186096],[-79.8560293777344,40.3914860230157],[-79.85623700088274,40.391533118520954],[-79.85643754535948,40.39159515742088],[-79.85662911075734,40.39167155182815],[-79.85680988173998,40.391761577818954],[-79.85697814524237,40.391864382291665],[-79.85713230670302,40.39197899104938],[-79.85727090517418,40.392104318030256],[-79.85739262716662,40.39223917559751],[-79.85746313306541,40.39233648423112],[-79.85975230357701,40.3921283553864],[-79.85997337957447,40.392116595550476],[-79.86019491690368,40.392121395628905],[-79.86041472334487,40.39214270812272],[-79.86063062380272,40.39218032213493],[-79.86084048182549,40.39223386545703],[-79.86104222074246,40.39230280825142],[-79.86123384421012,40.39238646829319],[-79.86141345596435,40.392484017719966],[-79.86157927858326,40.392594491222304],[-79.8617296710749,40.392716795594424],[-79.8618631451161,40.3928497205504],[-79.8619783797817,40.39299195069895],[-79.86207423461832,40.393142078558576],[-79.86226424267669,40.39348207533806],[-79.86233780695436,40.393633839314894],[-79.86239155826462,40.393790223510635],[-79.86242499597182,40.393949771758116],[-79.86243780858251,40.39411099841788],[-79.86242987665106,40.39427240221131],[-79.86240127389698,40.394432480199825],[-79.86235226652362,40.394589741779804],[-79.86228331074459,40.39474272256313],[-79.8621950485401,40.39488999801397],[-79.86208830168337,40.39503019671464],[-79.86196406409199,40.39516201313754],[-79.8618234925755,40.395284219803294],[-79.86166789606537,40.39539567871267],[-79.86149872342749,40.39549535194514],[-79.85855255148437,40.397064737079816]]]},"properties":{"fire_id":"F4386","date":"2026-09-27","area_ha":89.7,"cumulative_ha":152.2,"frp_sum":34.5,"n_detections":13,"first_seen":"2026-09-24","last_seen":"2026-09-27","centroid":[-79.85374,40.39446],"history":[{"date":"2026-09-24","area_ha":79.7},{"date":"2026-09-25","area_ha":129.9},{"date":"2026-09-26","area_ha":74.9},{"date":"2026-09-27","area_ha":89.7}],"track":[[-79.85438277625984,40.39359117585604],[-79.85754455341464,40.39491600389696],[-79.85260780073244,40.39359697886653],[-79.8537419977096,40.394461833228235]],"growth_24h_ha":14.81,"speed_km_day":0.14,"bearing_deg":305.69,"direction":"NW"}},{"type":"Feature","geometry":{"type":"Polygon","coordinates":[[[-86.43881214261002,40.73502723496093],[-86.43933761572852,40.735844600778336],[-86.43942251547516,40.735995036154044],[-86.43948741530131,40.73615094107157],[-86.4395316977201,40.73631083250131],[-86.43955494135614,40.73647318948165],[-86.43955692495898,40.73663646758653],[-86.43953762951331,40.73679911361651],[-86.43949723842523,40.736959580373636],[-86.43943613578318,40.73711634137973],[-86.43935490270935,40.737267905397964],[-86.43925431183638,40.737412830619675],[-86.43913531996165,40.7375497383811],[-86.43899905894878,40.73767732627993],[-86.43884682496304,40.737794380566484],[-86.43868006614245,40.73789978769186],[-86.43850036882259,40.73799254490277],[-86.43830944244532,40.73807176978251],[-86.43810910329569,40.73813670864714],[-86.43790125722127,40.73818674371677],[-86.4376878814989,40.7382213989939],[-86.43747100602107,40.73824034479265],[-86.43725269398128,40.7382434008758],[-86.43192256859068,40.738123397903784],[-86.43169953731416,40.73811000641048],[-86.43147940763124,40.738080032953626],[-86.43126437853357,40.73803377695562],[-86.43105659804976,40.737971700494064],[-86.43085814178389,40.73789442368458],[-86.43067099217782,40.737802718485014],[-86.43049701870548,40.73769750098243],[-86.43033795919631,40.737579822240164],[-86.43019540247509,40.737450857796446],[-86.43007077249133,40.73731189591975],[-86.42996531409675,40.73716432473797],[-86.42988008061307,40.73700961837027],[-86.42981592331398,40.73684932220043],[-86.42977348292638,40.736685037438306],[-86.4297531832354,40.736518405124365],[-86.4297552268572,40.73635108973655],[-86.4297795932211,40.73618476256365],[-86.42982603878144,40.73602108501103],[-86.42989409945638,40.73586169200567],[-86.42998309526926,40.735708175666076],[-86.43009213714595,40.73556206940025],[-86.4302201357999,40.73542483259057],[-86.43036581261626,40.735297836018184],[-86.43052771242584,40.735182348172906],[-86.43070421804161,40.73507952258489],[-86.43089356641225,40.73499038630449],[-86.4315953978799,40.734695540662116],[-86.43212800355414,40.73143689797415],[-86.43216444467427,40.73127794918244],[-86.43222116563555,40.73112236009768],[-86.43229763999297,40.730971574430065],[-86.43239315802224,40.730826991309456],[-86.43250683330929,40.73068995230397],[-86.43263761097872,40.73056172897287],[-86.43278427748444,40.73044351106949],[-86.43294547187179,40.73033639550322],[-86.43311969840643,40.73024137616316],[-86.43330534045286,40.73015933469764],[-86.43350067547402,40.73009103233529],[-86.43370389101234,40.73003710282321],[-86.43391310150461,40.72999804654787],[-86.43412636577435,40.72997422589324],[-86.43434170503973,40.729965861879165],[-86.43455712127006,40.72997303211106],[-86.43477061572072,40.72999567006006],[-86.43498020747457,40.73003356568001],[-86.43518395181833,40.73008636735611],[-86.43537995828318,40.73015358516667],[-86.43556640818274,40.73023459542778],[-86.43574157148548,40.730328646479215],[-86.43590382286553,40.730434865657216],[-86.43605165678258,40.730552267390365],[-86.43618370145141,40.73067976234268],[-86.43629873157126,40.73081616751983],[-86.43639567969686,40.730960217244295],[-86.43881214261002,40.73502723496093]]]},"properties":{"fire_id":"F4669","date":"2026-09-27","area_ha":51.4,"cumulative_ha":60.0,"frp_sum":4.3,"n_detections":5,"first_seen":"2026-09-26","last_seen":"2026-09-27","centroid":[-86.43471,40.73481],"history":[{"date":"2026-09-26","area_ha":36.8},{"date":"2026-09-27","area_ha":51.4}],"track":[[-86.43425679932125,40.73436246319009],[-86.43470731532223,40.73480596725911]],"growth_24h_ha":14.58,"speed_km_day":0.06,"bearing_deg":317.01,"direction":"NW"}},{"type":"Feature","geometry":{"type":"Polygon","coordinates":[[[-87.34396613489058,40.930387360679156],[-87.34380055608892,40.93050035301903],[-87.34362067885998,40.93060044881319],[-87.34342830102625,40.930686647597646],[-87.34322534537647,40.930758087806176],[-87.34301384044521,40.93081405538369],[-87.34279590023493,40.930853990924696],[-87.34257370308259,40.93087749526571],[-87.3423494698828,40.93088433347603],[-87.34212544188514,40.930874437206256],[-87.3419038582877,40.93084790537173],[-87.34168693385122,40.93080500316355],[-87.34147683675779,40.93074615939742],[-87.34127566693552,40.93067196222662],[-87.34108543506608,40.93058315326198],[-87.34090804248522,40.93048062015807],[-87.34074526217718,40.930365387739286],[-87.34059872105301,40.93023860775467],[-87.34046988369022,40.930101547364615],[-87.34036003769596,40.929955576473574],[-87.34027028084024,40.929802154036395],[-87.34020151008764,40.92964281347459],[-87.34015441263682,40.929479147348935],[-87.34012945905754,40.92931279144109],[-87.34012689859328,40.929145408403855],[-87.34014675667636,40.92897867114329],[-87.34018883468006,40.92881424609888],[-87.3404888613129,40.927894251524464],[-87.34055108960216,40.92773728344854],[-87.34063356739793,40.92758559771213],[-87.3407355063712,40.927440643903125],[-87.34085593222869,40.927303807266455],[-87.34099369402708,40.92717639546746],[-87.34114747517467,40.92705962609682],[-87.3413158060149,40.926954615036415],[-87.3414970778717,40.92686236579737],[-87.34168955842223,40.926783759931915],[-87.34189140825028,40.92671954861058],[-87.34334138052087,40.92631955797103],[-87.34354807147068,40.926270861628204],[-87.34376009506111,40.92623726276299],[-87.34397547438724,40.926219074648586],[-87.34419220126193,40.92621646686926],[-87.34440825493627,40.926229463739745],[-87.34462162093683,40.92625794407841],[-87.34483030984472,40.92630164233698],[-87.3450323758411,40.92636015107587],[-87.34522593484655,40.926432924762395],[-87.34540918208558,40.92651928485619],[-87.34558040891214,40.92661842613464],[-87.34573801873992,40.92672942419939],[-87.34588054192847,40.9268512440939],[-87.34600664948672,40.926982749952074],[-87.34611516546607,40.92712271558748],[-87.34620507792724,40.92726983592525],[-87.34627554837894,40.927422739169444],[-87.34632591959992,40.927579999592986],[-87.34635572177147,40.92774015083067],[-87.34636467686305,40.92790169955156],[-87.34635270122988,40.928063139383056],[-87.34631990639818,40.92822296495705],[-87.34626659803058,40.92837968594713],[-87.34619327308093,40.92853184096597],[-87.3461006151651,40.928678011193],[-87.34598948819063,40.92881683360595],[-87.34586092830443,40.92894701369182],[-87.34571613423381,40.92906733751964],[-87.34396613489058,40.930387360679156]]]},"properties":{"fire_id":"F4704","date":"2026-09-27","area_ha":19.9,"cumulative_ha":111.6,"frp_sum":3.5,"n_detections":3,"first_seen":"2026-09-26","last_seen":"2026-09-27","centroid":[-87.34314,40.92848],"history":[{"date":"2026-09-26","area_ha":111.6},{"date":"2026-09-27","area_ha":19.9}],"track":[[-87.34014642126729,40.93105312023412],[-87.34314388877864,40.92848299902289]],"growth_24h_ha":-91.67,"speed_km_day":0.38,"bearing_deg":215.8,"direction":"SW"}},{"type":"Feature","geometry":{"type":"Polygon","coordinates":[[[-85.3572349551209,41.12028049742043],[-85.357132148617,41.12114723741171],[-85.35710086459683,41.12131432408722],[-85.35704714482635,41.12147822126124],[-85.35697153429953,41.121637265705445],[-85.3568748001717,41.12178984342533],[-85.3567579239797,41.12193440604035],[-85.35662209168565,41.122069486498674],[-85.35646868164504,41.122193713966695],[-85.3562992506213,41.122305827742636],[-85.35611551798867,41.12240469005251],[-85.3559193482835,41.122489297598555],[-85.35571273228115,41.122558791743025],[-85.35549776679079,41.122612467223775],[-85.35527663337294,41.122649779313015],[-85.35505157619617,41.12267034934673],[-85.35482487925772,41.122673968568414],[-85.35459884319948,41.122660600248096],[-85.35437576195503,41.122630380055256],[-85.35222808389052,41.12225539110901],[-85.3499583653398,41.12243525245053],[-85.3497367087705,41.12244462309969],[-85.34951488963854,41.122437701796656],[-85.34929506606163,41.122414555880276],[-85.3490793767382,41.12237541054212],[-85.34886992013551,41.12232064663504],[-85.34866873406943,41.122250796966924],[-85.34847777587491,41.122166541115824],[-85.34829890336027,41.12206869881698],[-85.34813385673075,41.12195822198583],[-85.34798424165704,41.12183618545519],[-85.34785151365405,41.121703776516405],[-85.34773696392134,41.12156228336643],[-85.34764170678353,41.12141308257337],[-85.34756666885227,41.12125762568251],[-85.34751258001553,41.12109742509322],[-85.34747996634142,41.12093403934391],[-85.34746914496556,41.12076905794892],[-85.34748022101158,41.12060408593409],[-85.34751308657424,41.1204407282222],[-85.34756742177512,41.12028057401957],[-85.34777750196585,41.119769117024894],[-85.34712378997496,41.11870758423799],[-85.3470410935635,41.118553581651106],[-85.34697927495326,41.11839424853174],[-85.34693894024342,41.118231147427636],[-85.34692048483561,41.118065877826865],[-85.34692408956208,41.117900060471364],[-85.34694971891815,41.11773532146266],[-85.34699712141669,41.11757327631542],[-85.34706583205995,41.11741551411526],[-85.34715517690537,41.117263581936236],[-85.34726427967937,41.11711896967076],[-85.34739207037482,41.116983095420544],[-85.3475372957473,41.11685729159186],[-85.3476985316072,41.116742791831506],[-85.34787419678706,41.11664071893116],[-85.34806256864726,41.11655207381919],[-85.3482617999677,41.11647772574709],[-85.3484699370601,41.116418403767305],[-85.34868493892354,41.11637468958564],[-85.34890469725512,41.11634701185835],[-85.34912705712009,41.11633564198956],[-85.34934983807861,41.11634069147061],[-85.34957085556259,41.11636211078703],[-85.3497879422927,41.11639968990386],[-85.34999896952624,41.116453060324936],[-85.35020186792735,41.11652169870535],[-85.3503946478554,41.11660493198235],[-85.35057541887257,41.11670194397395],[-85.35074240827969,41.116811783380804],[-85.35089397849839,41.11693337311301],[-85.35102864312944,41.11706552085024],[-85.35137265302177,41.11744029097157],[-85.35270819733445,41.11718958371539],[-85.35546828471394,41.116526384068216],[-85.35568029006109,41.11648381568047],[-85.35589686132109,41.116456821326636],[-85.35611593715062,41.116445657939614],[-85.35633543237276,41.116450431772726],[-85.35655325781964,41.11647109738855],[-85.35676734021303,41.1165074580913],[-85.3569756418939,41.116559167798705],[-85.35717618021332,41.11662573433507],[-85.35736704640016,41.11670652411499],[-85.35754642372653,41.11680076817266],[-85.35771260479778,41.116907569479466],[-85.35786400780287,41.11702591148041],[-85.35799919157039,41.11715466776842],[-85.35811686928692,41.117292612803894],[-85.35821592074726,41.11743843357829],[-85.35829540301974,41.117590742110174],[-85.35835455942502,41.117748088655325],[-85.35839282674296,41.117908975504946],[-85.35840984057845,41.11807187124078],[-85.35840543883526,41.11823522531149],[-85.35837966326469,41.11839748279168],[-85.35833275907359,41.118557099182766],[-85.35826517259585,41.1187125551153],[-85.35817754704897,41.11886237081222],[-85.3572349551209,41.12028049742043]]]},"properties":{"fire_id":"F4387","date":"2026-09-27","area_ha":53.7,"cumulative_ha":70.4,"frp_sum":25.8,"n_detections":9,"first_seen":"2026-09-24","last_seen":"2026-09-27","centroid":[-85.35257,41.11944],"history":[{"date":"2026-09-24","area_ha":39.9},{"date":"2026-09-26","area_ha":37.8},{"date":"2026-09-27","area_ha":53.7}],"track":[[-85.35163420399894,41.1206804027534],[-85.35232494775633,41.118118632677294],[-85.35256971496398,41.1194447944115]],"growth_24h_ha":15.84,"speed_km_day":0.15,"bearing_deg":345.76,"direction":"NNW"}},{"type":"Feature","geometry":{"type":"Polygon","coordinates":[[[-80.69549326616739,41.13343898833549],[-80.69550108287264,41.133601220170405],[-80.69548774742508,41.13376325281973],[-80.69545338498625,41.13392356374867],[-80.69539831830237,41.13408064658961],[-80.69532306467681,41.134233025297306],[-80.69522833111414,41.13437926801941],[-80.69511500768083,41.13451800055219],[-80.6949841591453,41.1346479192548],[-80.69483701497539,41.13476780330083],[-80.69467495778724,41.13487652615164],[-80.69449951035416,41.13497306614402],[-80.69431232129746,41.13505651609232],[-80.6941151495937,41.13512609181475],[-80.693909848044,41.13518113950379],[-80.69369834586094,41.13522114187141],[-80.69348263053666,41.13524572301093],[-80.6932647291627,41.13525465193031],[-80.69304668937744,41.1352478447234],[-80.69283056012021,41.135225365358366],[-80.69261837237316,41.13518742507662],[-80.692412120072,41.13513438040726],[-80.69221374136538,41.135066729815954],[-80.69202510039885,41.13498510901989],[-80.69184796979506,41.134890285012645],[-80.6916840139947,41.13478314885528],[-80.69153477361506,41.1346647073016],[-80.69140165097294,41.134536073336065],[-80.69128589690827,41.13439845571358],[-80.69118859903215,41.134253147599466],[-80.69111067150942,41.13410151441641],[-80.69105284647222,41.133944981012604],[-80.69101566714451,41.13378501827184],[-80.6906857290814,41.13179501214773],[-80.69067031572303,41.131651461525735],[-80.69059036720404,41.13003146003125],[-80.69059290150547,41.12986961192969],[-80.690616426659,41.129708701793454],[-80.69066072276739,41.12955023272884],[-80.69072537591315,41.12939568502875],[-80.69080978202996,41.129246502345616],[-80.69091315254995,41.12910407820706],[-80.69103452177369,41.1289697429998],[-80.691172755894,41.128844751543966],[-80.69132656358946,41.1287302713732],[-80.69149450808793,41.128627371830504],[-80.69167502058805,41.12853701408115],[-80.69186641491294,41.12846004213621],[-80.69206690325935,41.12839717497038],[-80.69227461289516,41.128348999807386],[-80.6924876036496,41.12831596663627],[-80.69270388603258,41.128298384008836],[-80.69292143981431,41.12829641615836],[-80.69313823289184,41.128310081465884],[-80.69335224026612,41.128339252288455],[-80.69356146295313,41.12838365615124],[-80.69376394665191,41.12844287829201],[-80.69395779999601,41.128516365534495],[-80.69414121221735,41.12860343145427],[-80.69431247005812,41.12870326278932],[-80.69446997377273,41.12881492703495],[-80.69461225207017,41.128937381152674],[-80.69473797585782,41.12906948131148],[-80.69484597065755,41.1292099935706],[-80.69493522757884,41.129357605404316],[-80.69500491274582,41.12951093796077],[-80.69505437509041,41.12966855894081],[-80.69508315243843,41.12982899597628],[-80.69549326616739,41.13343898833549]]]},"properties":{"fire_id":"F4502","date":"2026-09-27","area_ha":26.4,"cumulative_ha":81.0,"frp_sum":1.8,"n_detections":3,"first_seen":"2026-09-25","last_seen":"2026-09-27","centroid":[-80.69303,41.13178],"history":[{"date":"2026-09-25","area_ha":43.0},{"date":"2026-09-26","area_ha":63.6},{"date":"2026-09-27","area_ha":26.4}],"track":[[-80.68881697647551,41.13147753551063],[-80.68928377451161,41.12983353163707],[-80.69302924374969,41.13177550485672]],"growth_24h_ha":-37.14,"speed_km_day":0.38,"bearing_deg":295.65,"direction":"WNW"}},{"type":"Feature","geometry":{"type":"Polygon","coordinates":[[[-83.20819930326469,41.223009264857346],[-83.20840248115358,41.22294350724731],[-83.2086133674543,41.22289289124583],[-83.20882992383491,41.22285790607884],[-83.20905005717067,41.22283888989274],[-83.2092716397712,41.22283602648674],[-83.20949252994126,41.22284934353682],[-83.20971059267686,41.222878712328274],[-83.20992372029669,41.222923848999486],[-83.21012985280976,41.222984317285004],[-83.21119983443073,41.223344309013584],[-83.21140105217974,41.22342127299511],[-83.21159086936999,41.22351284021607],[-83.21176737266762,41.223618087716794],[-83.211928782915,41.22373595464132],[-83.21207347306367,41.223865252928604],[-83.2121999845752,41.2240046792858],[-83.21230704212466,41.224152828323334],[-83.21239356645891,41.22430820671909],[-83.21245868527896,41.22446924826928],[-83.21250174203777,41.22463432967436],[-83.21252230256373,41.22480178690079],[-83.2125201594432,41.22496993195396],[-83.21249533411779,41.225137069893],[-83.21244807667459,41.22530151591632],[-83.21237886333165,41.22546161234527],[-83.21228839164355,41.22561574533496],[-83.21217757347513,41.22576236114376],[-83.21117759271678,41.2269423770028],[-83.21104926559066,41.227078351685776],[-83.21090344383252,41.22720421552429],[-83.21074156114948,41.227318730954984],[-83.21056520919157,41.22742077199232],[-83.21037612190237,41.227509335301676],[-83.21017615846914,41.22758355006657],[-83.20996728504056,41.22764268655283],[-83.20975155539175,41.22768616328519],[-83.20953109072684,41.227713552766154],[-83.20930805881784,41.227724585680384],[-83.2090846526852,41.22771915354322],[-83.20886306902983,41.22769730976792],[-83.2086454866288,41.22765926914008],[-83.20843404490765,41.22760540570538],[-83.20823082289985,41.227536249090846],[-83.20652079661886,41.226876234316954],[-83.20633875912345,41.22679774532837],[-83.20616736826179,41.22670698431938],[-83.20600811815245,41.22660474253505],[-83.20586239705517,41.22649191130488],[-83.20573147526811,41.22636947427088],[-83.2044214920569,41.22501945435667],[-83.20430178282692,41.22488246490738],[-83.20420060251875,41.22473746336739],[-83.20411891330892,41.22458582880236],[-83.20405749198454,41.22442900335309],[-83.20401692256003,41.2242684785186],[-83.20399759072747,41.22410578097019],[-83.20399968019382,41.22394245803158],[-83.20402317093942,41.22378006296273],[-83.20406783941392,41.22362014018799],[-83.20413326066785,41.22346421060835],[-83.20421881239916,41.223313757138136],[-83.20432368087624,41.22317021060315],[-83.20444686868068,41.22303493613457],[-83.20458720419613,41.22290922018796],[-83.2047433527529,41.22279425831065],[-83.20491382932225,41.22269114377377],[-83.20509701263948,41.22260085717715],[-83.20529116062154,41.222524257125585],[-83.20549442693282,41.22246207206519],[-83.20570487854118,41.22241489335759],[-83.205920514098,41.22238316965718],[-83.20613928296683,41.222367202645756],[-83.20635910472072,41.22236714416407],[-83.20657788892217,41.222382994768246],[-83.2067935549984,41.22241460372454],[-83.20700405202284,41.222461670442385],[-83.20720737821503,41.222523747332275],[-83.20740159997352,41.22260024406137],[-83.2075848702612,41.22269043316608],[-83.20775544616814,41.22279345696877],[-83.20791170548507,41.222908335732534],[-83.20808714755817,41.223050549877314],[-83.20819930326469,41.223009264857346]]]},"properties":{"fire_id":"F4672","date":"2026-09-27","area_ha":30.1,"cumulative_ha":57.1,"frp_sum":16.4,"n_detections":6,"first_seen":"2026-09-26","last_seen":"2026-09-27","centroid":[-83.20829,41.22493],"history":[{"date":"2026-09-26","area_ha":55.8},{"date":"2026-09-27","area_ha":30.1}],"track":[[-83.20910002260976,41.2241309470842],[-83.20828975456457,41.22492570603057]],"growth_24h_ha":-25.64,"speed_km_day":0.11,"bearing_deg":29.43,"direction":"NNE"}},{"type":"Feature","geometry":{"type":"Polygon","coordinates":[[[-84.92410084476249,41.371026570640474],[-84.92411868084083,41.37201766813809],[-84.92411047691466,41.37218438459235],[-84.92407994976159,41.37234966907493],[-84.92402740203615,41.37251188206734],[-84.92395335483232,41.372669414506596],[-84.9238585425203,41.372820703746754],[-84.92374390546696,41.37296424906095],[-84.92361058071212,41.37309862652941],[-84.92345989069298,41.373222503165785],[-84.92329333012843,41.37333465014184],[-84.923112551193,41.37343395497896],[-84.92291934712813,41.3735194325856],[-84.92271563445249,41.3735902350311],[-84.92070559764122,41.37420024934851],[-84.92049008636093,41.374256397651436],[-84.92026802950538,41.37429611955321],[-84.92004169783888,41.37431900885219],[-84.91981340584945,41.374324831478944],[-84.91958548807588,41.37431352789036],[-84.91936027522935,41.37428521367872],[-84.9191400703543,41.37424017838932],[-84.91892712527265,41.37417888255895],[-84.91872361755203,41.374101953005294],[-84.91853162823458,41.37401017641566],[-84.91835312055332,41.373904491300735],[-84.9181899198546,41.373785978395404],[-84.91631288648281,41.37227762652005],[-84.9125536697464,41.37122750244294],[-84.9123533415378,41.37116317849684],[-84.91216232253055,41.371084814871004],[-84.91198239688407,41.37099314351584],[-84.91181524512292,41.37088902067848],[-84.91166242843889,41.37077341890357],[-84.91152537410895,41.37064741794773],[-84.91140536216479,41.37051219469286],[-84.91130351343872,41.37036901215189],[-84.91122077909746,41.370219207670885],[-84.91115793176144,41.37006418043636],[-84.91111555829248,41.36990537840593],[-84.91109405431716,41.36974428478321],[-84.91109362053676,41.369582404164426],[-84.9111142608579,41.36942124848512],[-84.91115578236163,41.36926232289903],[-84.9112177971104,41.36910711172064],[-84.91129972577643,41.36895706456276],[-84.91140080305702,41.36881358279848],[-84.91152008482618,41.36867800647426],[-84.91165645695571,41.36855160179567],[-84.91180864572316,41.368435549303484],[-84.91197522970924,41.36833093284941],[-84.91215465307391,41.36823872947552],[-84.91234524008661,41.368159800290805],[-84.91254521077548,41.36809488243069],[-84.91498516446745,41.367404898778],[-84.91519366303726,41.36735438826849],[-84.91540778470014,41.367319112689295],[-84.91562551041429,41.367299404665815],[-84.9180521416516,41.367167985067084],[-84.91784894529705,41.36596887233557],[-84.91783208334721,41.3658035840359],[-84.91783733307139,41.365637869140095],[-84.91786464290418,41.365473350480606],[-84.91791374525141,41.3653116391632],[-84.91798415911654,41.36515431879016],[-84.91912421445538,41.36297433877426],[-84.9192149877379,41.36282332595686],[-84.91932539303792,41.362679685651194],[-84.91945435457708,41.36254481731955],[-84.91960061580754,41.36242003495224],[-84.91976275165688,41.36230655426721],[-84.91993918241357,41.36220548086743],[-84.92012818911817,41.36211779947134],[-84.92032793030981,41.362044364320546],[-84.92053645996543,41.36198589085923],[-84.92075174645656,41.36194294876504],[-84.9209716923393,41.361915956400416],[-84.92119415478503,41.36190517673746],[-84.9214169664527,41.36191071479655],[-84.92163795659965,41.361932516623376],[-84.92185497222567,41.36197036981455],[-84.92206589904424,41.362023905586426],[-84.9222686820771,41.36209260236713],[-84.92246134567151,41.36217579087694],[-84.92264201274553,41.36227266064746],[-84.92280892307382,41.36238226791596],[-84.92296045043598,41.36250354481853],[-84.92309511846035,41.362635309792026],[-84.92321161500911,41.36277627908395],[-84.92330880496424,41.362925079258055],[-84.92360596548549,41.36344384398377],[-84.92436165399752,41.36274869637404],[-84.92450983067828,41.36262536602209],[-84.92467366599065,41.36251345927627],[-84.92485156659644,41.362414064404945],[-84.92504180239771,41.36232814799656],[-84.92524252336098,41.362256545561685],[-84.92545177750661,41.36219995340936],[-84.92566752988871,41.362158921877274],[-84.92588768238109,41.362133849980935],[-84.92611009407696,41.36212498153431],[-84.92633260210427,41.36213240277936],[-84.92655304265433,41.36215604154758],[-84.92676927201973,41.362195667961565],[-84.92697918743669,41.36225089667013],[-84.92718074753,41.36232119059469],[-84.92737199216131,41.36240586615121],[-84.92755106148832,41.36250409989627],[-84.92771621404947,41.362614936533475],[-84.92786584369861,41.36273729820155],[-84.92799849522449,41.362869994954615],[-84.92811287850391,41.36301173633248],[-84.92820788105018,41.36316114390843],[-84.92828257883534,41.36331676469295],[-84.92833624528035,41.36347708526251],[-84.92836835832593,41.36364054647671],[-84.92837860551508,41.363805558640244],[-84.92836688703748,41.363970516962624],[-84.92833331670619,41.36413381716497],[-84.92827822085661,41.36429387108243],[-84.92820213517861,41.364449122110244],[-84.92677626484507,41.366964577624536],[-84.92774529965583,41.36881307421112],[-84.92781662306929,41.36897231961542],[-84.92786610397135,41.36913605777794],[-84.92789324566377,41.369302645574784],[-84.92789777561666,41.36947041127325],[-84.92787964820988,41.36963767130751],[-84.92783904519709,41.36980274717346],[-84.92777637388835,41.36996398227331],[-84.92769226306855,41.37011975854087],[-84.92758755669301,41.37026851268048],[-84.92746330542276,41.37040875185697],[-84.92732075608465,41.37053906867855],[-84.92716133916166,41.37065815532279],[-84.92698665443908,41.370764816663375],[-84.92679845495024,41.370857982265946],[-84.92659862938326,41.37093671713285],[-84.92638918312508,41.37100023108828],[-84.92617221813333,41.37104788670997],[-84.92594991183807,41.37107920572783],[-84.92572449528545,41.37109387382474],[-84.92549823074246,41.37109174379178],[-84.92410084476249,41.371026570640474]]]},"properties":{"fire_id":"F4086","date":"2026-09-27","area_ha":118.7,"cumulative_ha":150.3,"frp_sum":36.3,"n_detections":14,"first_seen":"2026-09-22","last_seen":"2026-09-27","centroid":[-84.92089,41.36818],"history":[{"date":"2026-09-22","area_ha":27.8},{"date":"2026-09-24","area_ha":124.4},{"date":"2026-09-25","area_ha":27.6},{"date":"2026-09-26","area_ha":22.2},{"date":"2026-09-27","area_ha":118.7}],"track":[[-84.92322921719429,41.3686739956889],[-84.92062421342192,41.3704409271626],[-84.92185302929721,41.366961867252925],[-84.92252284723135,41.365578315655796],[-84.9208891315345,41.368176913085364]],"growth_24h_ha":96.44,"speed_km_day":0.32,"bearing_deg":18.32,"direction":"NNE"}},{"type":"Feature","geometry":{"type":"Polygon","coordinates":[[[-81.6783080627879,41.46575513174369],[-81.67824487260648,41.46591346108635],[-81.67816094528084,41.46606641464766],[-81.6780570959119,41.466212506701396],[-81.66922729494966,41.477272649966956],[-81.66910360166,41.47741135682637],[-81.66896195377737,41.477540303520506],[-81.66880374583036,41.47765822047442],[-81.6686305354167,41.47776394670257],[-81.6684440278683,41.47785644124142],[-81.66824605946074,41.47793479340045],[-81.66803857933219,41.47799823173038],[-81.66782363029031,41.47804613162031],[-81.66760332869582,41.47807802144895],[-81.66737984362123,41.47809358722914],[-81.66715537549008,41.47809267570007],[-81.66693213440715,41.478075295836675],[-81.66671231839311,41.4780416187612],[-81.6664980917385,41.477991976058],[-81.66629156369002,41.47792685650794],[-81.66609476767935,41.477846901274944],[-81.66590964129928,41.47775289759169],[-81.65971959202345,41.47426282690675],[-81.65954308075928,41.47415230500452],[-81.65938272170763,41.474029020905135],[-81.65924018916998,41.47389426188495],[-81.65911697128648,41.47374943502798],[-81.65901435450027,41.47359605253178],[-81.65893341012864,41.47343571591602],[-81.65887498318176,41.47327009929882],[-81.65883968354547,41.4731009319155],[-81.65882787961947,41.472929980062055],[-81.65882790340504,41.472189980062275],[-81.65883822774755,41.47203015082511],[-81.65886909621271,41.4718717801883],[-81.65892022703461,41.471716313046],[-81.65899115359177,41.47156516779219],[-81.65908122866894,41.47141972338084],[-81.65918963036592,41.47128130674602],[-81.65931536959977,41.47115118069714],[-81.65945729913113,41.471030532399304],[-81.65961412403301,41.470920462543944],[-81.65978441350575,41.47082197530861],[-81.65996661393079,41.4707359691973],[-81.66015906304412,41.47066322884482],[-81.66036000509985,41.47060441785982],[-81.66056760688598,41.470560072772095],[-81.66077997444614,41.4705305981388],[-81.66099517035501,41.4705162628545],[-81.6612112313898,41.47051719769865],[-81.66142618643687,41.470533394142755],[-81.66674239942103,41.47112496244542],[-81.67146633658795,41.46337029224204],[-81.67131920826205,41.46314223047041],[-81.67124497594929,41.46301361902838],[-81.6711854886673,41.462880869338115],[-81.67050553858736,41.461120857018756],[-81.6704544730298,41.46095853266209],[-81.67042543861034,41.460793253284855],[-81.67041872259237,41.46062665503089],[-81.67043439130087,41.46046038708756],[-81.6704722894719,41.46029609535995],[-81.67053204179588,41.46013540617817],[-81.6706130566387,41.45997991019884],[-81.67071453190377,41.45983114666024],[-81.67083546297678,41.45969058814673],[-81.67417667187694,41.4562027398181],[-81.67340426952983,41.452441965995156],[-81.67338522278709,41.45231864995483],[-81.67337855462988,41.452194627760306],[-81.67336864039869,41.449524627572714],[-81.67337904838129,41.449359418018155],[-81.67341139747343,41.449195773958465],[-81.67346537220266,41.44903529050442],[-81.67354044631107,41.4488795319475],[-81.67363588789053,41.448730016512954],[-81.67375076652151,41.44858820156236],[-81.67388396234625,41.448455469389756],[-81.6740341769875,41.44833311374977],[-81.67419994620617,41.448222327248885],[-81.67437965417469,41.448124189723],[-81.67457154922675,41.448039657713885],[-81.67477376092992,41.44796955514758],[-81.67498431831501,41.447914565305226],[-81.67520116908423,41.44787522416455],[-81.6754221996114,41.447851915176905],[-81.67564525553937,41.44784486553074],[-81.6758681627738,41.44785414393756],[-81.67608874866937,41.44787965996256],[-81.6763048632018,41.447921164905644],[-81.6765143999194,41.447978254225184],[-81.68064432580216,41.44927822379774],[-81.68084869667213,41.449351734067605],[-81.68104207967242,41.44944006373715],[-81.68122252300131,41.449542321325126],[-81.68138820543062,41.449657474776046],[-81.68153745468636,41.44978436187461],[-81.68166876432696,41.449921701973665],[-81.6817808089492,41.45006810891767],[-81.68187245756809,41.45022210503098],[-81.68194278503564,41.45038213603044],[-81.6819910813831,41.45054658671132],[-81.68201685899216,41.450713797248355],[-81.6820198575226,41.450882079948045],[-81.68200004654646,41.451049736282364],[-81.68195762586163,41.45121507403245],[-81.68189302348169,41.45137642436916],[-81.67965087476199,41.45609267762752],[-81.6801137459161,41.45879951727526],[-81.68013161261742,41.459022264610326],[-81.68012164506727,41.46003226479844],[-81.68010470229399,41.46022504560548],[-81.68005790585575,41.460415099696796],[-81.6783080627879,41.46575513174369]]]},"properties":{"fire_id":"F4463","date":"2026-09-27","area_ha":232.5,"cumulative_ha":350.8,"frp_sum":99.9,"n_detections":25,"first_seen":"2026-09-24","last_seen":"2026-09-27","centroid":[-81.67259,41.4639],"history":[{"date":"2026-09-24","area_ha":98.5},{"date":"2026-09-25","area_ha":253.4},{"date":"2026-09-26","area_ha":212.1},{"date":"2026-09-27","area_ha":232.5}],"track":[[-81.67430775018303,41.45780648655806],[-81.67554279580739,41.46358468909404],[-81.6720290229442,41.46432764643406],[-81.67258934405447,41.463899960588606]],"growth_24h_ha":20.4,"speed_km_day":0.07,"bearing_deg":215.5,"direction":"SW"}},{"type":"Feature","geometry":{"type":"Polygon","coordinates":[[[-83.36962853201949,41.46674731584717],[-83.36964745929765,41.46680866240311],[-83.36967554894224,41.46697424771783],[-83.36968125341268,41.46714108128714],[-83.36966451593597,41.46730750736723],[-83.36962550246669,41.467471874245916],[-83.36956460004629,41.467632550635436],[-83.36817468307825,41.470702575473815],[-83.36809520137089,41.47085348949992],[-83.36799640901279,41.47099801286],[-83.36787922964825,41.471134794182234],[-83.36774475886833,41.47126255447892],[-83.36759425396906,41.47138009910717],[-83.36742912219685,41.471486328941175],[-83.36725090759066,41.47158025065147],[-83.36706127654415,41.47166098599488],[-83.36686200222273,41.471727780028324],[-83.36665494798143,41.471780008169546],[-83.36644204993837,41.4718171820387],[-83.3662252988675,41.47183895402616],[-83.3660067215795,41.47184512054371],[-83.36578836196537,41.47183562392867],[-83.36557226188026,41.47181055298318],[-83.36536044204627,41.47177014214381],[-83.36515488315304,41.47171476928862],[-83.36495750733316,41.471644952203064],[-83.36477016018563,41.47156134373716],[-83.36459459351568,41.47146472569943],[-83.3644324489525,41.471356001545075],[-83.36428524259802,41.47123618792631],[-83.36415435085054,41.47110640518427],[-83.36404099753561,41.470967866871554],[-83.3639462424645,41.4708218684031],[-83.36387097152723,41.47066977494183],[-83.36381588841277,41.47051300863247],[-83.36378150803347,41.470353035302836],[-83.36359154843245,41.469073031743534],[-83.36358083352499,41.468973703190684],[-83.3635308572188,41.468233702249705],[-83.36353031792304,41.46822529335537],[-83.36305057102238,41.460325284321],[-83.36305121336767,41.4601648324232],[-83.36307257802602,41.46000516206899],[-83.36311446885684,41.45984773808297],[-83.36317650141774,41.459694004671064],[-83.3632581064962,41.45954537217189],[-83.36335853533596,41.459403204119376],[-83.36347686650986,41.459268804734826],[-83.36361201437607,41.45914340696368],[-83.36376273904004,41.459028161166046],[-83.3639276577306,41.45892412456523],[-83.36410525748573,41.45883225155061],[-83.36429390903199,41.458753384924115],[-83.36727386169609,41.4576434101521],[-83.3674736807682,41.45757773719439],[-83.36768112616888,41.4575266600827],[-83.3678942598611,41.45749065599383],[-83.36811109067698,41.45747006128747],[-83.36832959291624,41.4574650683646],[-83.36854772526694,41.4574757238703],[-83.36876344987203,41.45750192825818],[-83.3689747513636,41.457543436720194],[-83.36917965568716,41.457599861473064],[-83.36937624854058,41.45767067538035],[-83.36956269325508,41.457755216876045],[-83.3697372479519,41.45785269614384],[-83.36989828181416,41.45796220249449],[-83.37004429032191,41.45808271287224],[-83.3701739093084,41.45821310141104],[-83.37028592770606,41.4583521499514],[-83.37037929886293,41.4584985594195],[-83.37045315032418,41.45865096196249],[-83.37050679198683,41.45880793372667],[-83.3705397225514,41.45896800815906],[-83.37055163421051,41.45912968970841],[-83.3705424155297,41.45929146779735],[-83.36962853201949,41.46674731584717]]]},"properties":{"fire_id":"F4389","date":"2026-09-27","area_ha":78.7,"cumulative_ha":115.3,"frp_sum":11.1,"n_detections":7,"first_seen":"2026-09-24","last_seen":"2026-09-27","centroid":[-83.36665,41.46426],"history":[{"date":"2026-09-24","area_ha":90.0},{"date":"2026-09-25","area_ha":78.8},{"date":"2026-09-26","area_ha":82.2},{"date":"2026-09-27","area_ha":78.7}],"track":[[-83.36634061047371,41.46545613875959],[-83.36631404675173,41.464348642120726],[-83.36610703353394,41.46528990437961],[-83.36664846949388,41.464260991311875]],"growth_24h_ha":-3.45,"speed_km_day":0.12,"bearing_deg":193.68,"direction":"SSW"}},{"type":"Feature","geometry":{"type":"Polygon","coordinates":[[[-84.05644513680058,41.56644466667276],[-84.05666698354054,41.56645382345673],[-84.05688655016147,41.56647901197729],[-84.05710172411513,41.56651998988615],[-84.0573104351083,41.56657636291861],[-84.05751067501812,41.56664758868627],[-84.05770051721001,41.566732981894404],[-84.05787813507236,41.56683172093409],[-84.05804181958963,41.56694285578575],[-84.0581899957851,41.56706531715819],[-84.05832123787489,41.56719792677512],[-84.05843428298779,41.56733940871025],[-84.05852804331832,41.56748840166228],[-84.05860161659669,41.56764347205144],[-84.05865429477419,41.56780312781175],[-84.05868557084074,41.56796583274634],[-84.05869514370856,41.56813002130797],[-84.05868292111484,41.56829411366215],[-84.05864902051538,41.56845653088827],[-84.05859376796023,41.56861571017239],[-84.0585176949619,41.568770119845574],[-84.05842153338632,41.568918274122844],[-84.0556516090332,41.57269832013174],[-84.05553579747503,41.57283931036086],[-84.05540179834595,41.57297119350682],[-84.05525091079521,41.57309269083448],[-84.055084597744,41.573202624302525],[-84.0549044717021,41.57329992798742],[-84.05471227913321,41.57338365842061],[-84.05450988352007,41.573453003738045],[-84.05429924729428,41.57350729155389],[-84.05408241280558,41.57354599548121],[-84.05386148251553,41.57356874023723],[-84.0536385986077,41.5735753052829],[-84.05341592221244,41.57356562696178],[-84.05319561244752,41.57353979911745],[-84.05297980547856,41.573498072183334],[-84.052770593802,41.573440850753904],[-84.05257000595212,41.57336868966074],[-84.05237998682877,41.57328228859161],[-84.05220237883692,41.57318248530484],[-84.05203890402079,41.573070247504624],[-84.05189114736625,41.5729466634564],[-84.05176054143297,41.57281293143311],[-84.05164835246586,41.5726703480951],[-84.05155566811993,41.57252029591589],[-84.05148338691792,41.57236422977655],[-84.05143220954251,41.57220366285779],[-84.05140263204753,41.572040151967755],[-84.05139494105381,41.5718752824466],[-84.05142347356342,41.57044624288271],[-84.05058725611546,41.570401242446636],[-84.04947309600195,41.571998247579344],[-84.04936211740542,41.57213987700079],[-84.04923297981412,41.572272820448326],[-84.04908691597355,41.57239580873988],[-84.04892532024186,41.57250766772615],[-84.04874973527959,41.57260732950185],[-84.04856183732231,41.57269384260249],[-84.04836342017745,41.57276638108966],[-84.04815637809726,41.57282425243764],[-84.04794268769218,41.57286690414647],[-84.04772438905715,41.57289392901774],[-84.04750356629108,41.57290506904293],[-84.04728232759602,41.5729002178673],[-84.04706278514567,41.572879421805425],[-84.04684703491627,41.57284287939898],[-84.04663713667198,41.57279093952077],[-84.04643509429648,41.572724098043274],[-84.04624283665875,41.572642993103585],[-84.04606219919538,41.572548399009676],[-84.04589490638608,41.572441218846826],[-84.04574255528914,41.572322475854115],[-84.04560660029468,41.57219330365409],[-84.04293663779974,41.56938326238309],[-84.04283145904623,41.56926175505879],[-84.04274080510488,41.569134005434414],[-84.0426653481953,41.56900096091863],[-84.04260564782409,41.56886360818185],[-84.04198569580934,41.56719359688769],[-84.04193625621245,41.567027994697995],[-84.04190970547667,41.56685954418378],[-84.04190631549776,41.566689971428794],[-84.04192612084478,41.56652101400286],[-84.04196891841279,41.56635440315724],[-84.04203426951072,41.56619184608561],[-84.04212150436285,41.56603500843164],[-84.04222972897757,41.56588549722332],[-84.04235783431277,41.5657448444079],[-84.04250450764364,41.565614491156694],[-84.04266824601642,41.56549577310034],[-84.04284737165,41.5653899066456],[-84.0430400491276,41.56529797651377],[-84.04607000727422,41.56400800506727],[-84.04626349734718,41.56393453667355],[-84.04646562169833,41.56387513323498],[-84.04667451678367,41.56383034243047],[-84.04688825664776,41.563800577214565],[-84.04710487067722,41.563786112011],[-84.04732236176542,41.56378708018323],[-84.04753872472133,41.56380347280507],[-84.04775196475263,41.563835138743066],[-84.0479601158533,41.56388178604948],[-84.04816125892573,41.563942984653394],[-84.04835353947128,41.564018170324964],[-84.04853518468533,41.564106649876194],[-84.04870451980034,41.56420760755077],[-84.04885998352547,41.564320112543584],[-84.0490001424411,41.564443127581015],[-84.04912370421535,41.56457551848289],[-84.04922952952049,41.564716064617805],[-84.04931664253996,41.564863470155885],[-84.04986335467922,41.56592468660164],[-84.05458237926429,41.566435446256115],[-84.05644513680058,41.56644466667276]]]},"properties":{"fire_id":"F4390","date":"2026-09-27","area_ha":95.4,"cumulative_ha":122.3,"frp_sum":26.9,"n_detections":10,"first_seen":"2026-09-24","last_seen":"2026-09-27","centroid":[-84.04997,41.56872],"history":[{"date":"2026-09-24","area_ha":61.6},{"date":"2026-09-25","area_ha":102.4},{"date":"2026-09-26","area_ha":54.0},{"date":"2026-09-27","area_ha":95.4}],"track":[[-84.04936138530934,41.56764724744816],[-84.0500686611723,41.56850794219361],[-84.04646070631773,41.56830297392439],[-84.04996698528778,41.56871642986915]],"growth_24h_ha":41.35,"speed_km_day":0.29,"bearing_deg":271.85,"direction":"W"}},{"type":"Feature","geometry":{"type":"Polygon","coordinates":[[[-87.37907476493844,41.62873025915238],[-87.37925055215983,41.62885727807564],[-87.37940669592255,41.628997616858854],[-87.37954136005658,41.629149625306205],[-87.37965296093321,41.629311515990324],[-87.3813730290299,41.632181486235986],[-87.38145275706339,41.63233426632977],[-87.38151192368386,41.63249206808089],[-87.38154996363714,41.63265338429027],[-87.38156651344597,41.632816674180305],[-87.38156141488713,41.632980378110624],[-87.38153471650844,41.63314293247447],[-87.38148667317068,41.63330278463361],[-87.38141774361905,41.63345840774859],[-87.38132858610655,41.63360831536332],[-87.38122005211147,41.63375107560407],[-87.38109317820849,41.63388532485764],[-87.38094917617076,41.63400978079776],[-87.38078942139789,41.634123254635156],[-87.38061543977983,41.63422466247448],[-87.38042889312207,41.63431303566937],[-87.38023156327189,41.63438753007654],[-87.38002533509673,41.6344474341206],[-87.37981217847766,41.63449217559255],[-87.37959412949006,41.634521327116595],[-87.37937327095125,41.634534610233594],[-87.37915171252136,41.63453189806124],[-87.37893157054737,41.63451321650665],[-87.37871494784325,41.63447874401864],[-87.37850391359952,41.63442880988277],[-87.37830048361431,41.63436389107542],[-87.37810660103499,41.634284607706505],[-87.36732328411871,41.629350837408786],[-87.36389195767765,41.62833274354475],[-87.34836723784284,41.624059242439436],[-87.34504319035103,41.62358974080916],[-87.3348164642525,41.622346115721186],[-87.33212245029843,41.62441255959826],[-87.33195815085867,41.62452664089032],[-87.33177933257969,41.62462809776722],[-87.33158776377634,41.62471592689519],[-87.33138533887869,41.624789259705075],[-87.33117405969573,41.62484737098364],[-87.33095601561645,41.6248896860468],[-87.33073336294376,41.62491578642419],[-87.33050830356606,41.62492541399848],[-87.33028306317766,41.62491847355857],[-87.33005986926327,41.624895033741346],[-87.32984092906499,41.62485532635284],[-87.32962840774957,41.6247997440752],[-87.32942440699235,41.62472883658251],[-87.32923094418945,41.62464330510363],[-87.32904993250462,41.624543995486036],[-87.32888316194749,41.624431889829445],[-87.32873228167105,41.62430809677168],[-87.32859878366308,41.62417384052329],[-87.32848398799305,41.624030448759264],[-87.3241041149655,41.61788037544966],[-87.3240069386024,41.61772517025201],[-87.32393167453478,41.617563451574924],[-87.32387910680059,41.61739690440069],[-87.32384978294698,41.617227264007774],[-87.32384400833185,41.61705629788972],[-87.3238618429492,41.616885787339086],[-87.32484201981708,41.61126580572234],[-87.32488159508576,41.611102853499894],[-87.32494273326834,41.610943583993965],[-87.32502483726815,41.61078955230799],[-87.32512710529319,41.610642262392766],[-87.32524853868932,41.61050315236316],[-87.32538795169503,41.61037358045806],[-87.32554398302177,41.610254811780564],[-87.32571510914721,41.61014800594753],[-87.32589965919142,41.61005420576927],[-87.32609583123056,41.60997432706984],[-87.32630170988904,41.60990914974698],[-87.32651528503833,41.60985931015897],[-87.32673447142004,41.609825294913],[-87.32695712900184,41.60980743611521],[-87.32718108386742,41.60980590812881],[-87.32740414943723,41.60982072587222],[-87.32762414781246,41.609851744673335],[-87.32783893103449,41.60989866168177],[-87.32804640205232,41.609961018825054],[-87.32824453519345,41.61003820727999],[-87.32843139593854,41.61012947341565],[-87.32860515980698,41.61023392614995],[-87.32876413016909,41.610350545648245],[-87.32890675481102,41.61047819327862],[-87.33000676731318,41.61156817660499],[-87.33007356109152,41.611638010613426],[-87.33362361910123,41.615557954822265],[-87.33374659145535,41.61571067433454],[-87.3338469869255,41.615872162711845],[-87.33392367576316,41.61604060298794],[-87.33424243692329,41.616886784452994],[-87.34722226212743,41.61574627285241],[-87.34744098340934,41.61573493622181],[-87.34766016328575,41.61573927205756],[-87.3478777511306,41.6157592397942],[-87.34809171120955,41.615794652616366],[-87.34830004172223,41.61584517920622],[-87.34850079352721,41.61591034684244],[-87.34869208837493,41.61598954582215],[-87.35145888681315,41.617268707220354],[-87.36778218351175,41.62236660167141],[-87.36789877894454,41.622405911668686],[-87.37084873098667,41.62347588708407],[-87.37102357936051,41.62354651248975],[-87.37118936159567,41.623628212367116],[-87.3713447969547,41.62372035556959],[-87.37907476493844,41.62873025915238]]]},"properties":{"fire_id":"F4674","date":"2026-09-27","area_ha":406.6,"cumulative_ha":421.2,"frp_sum":75.4,"n_detections":24,"first_seen":"2026-09-26","last_seen":"2026-09-27","centroid":[-87.35034,41.62206],"history":[{"date":"2026-09-26","area_ha":137.7},{"date":"2026-09-27","area_ha":406.6}],"track":[[-87.33604148061,41.61815828813905],[-87.35033816036196,41.62205819475691]],"growth_24h_ha":268.88,"speed_km_day":1.26,"bearing_deg":285.04,"direction":"WNW"}},{"type":"Feature","geometry":{"type":"Polygon","coordinates":[[[-87.14555969425433,41.642298810725784],[-87.14453803500616,41.64628200982042],[-87.14448498970555,41.64644419274253],[-87.14441037527205,41.64660167341784],[-87.14431493150904,41.64675289011996],[-87.14419960480015,41.646896343231326],[-87.14406553872819,41.6470306101164],[-87.1439140627376,41.647154359231735],[-87.14374667895278,41.647266363332825],[-87.1435650472825,41.647365511646775],[-87.1433709689585,41.64745082089007],[-87.14316636867136,41.64752144502184],[-87.14295327548103,41.64757668363593],[-87.14273380269108,41.64761598890862],[-87.14251012688689,41.64763897103279],[-87.14228446634546,41.64764540208455],[-87.14205905903142,41.64763521828429],[-87.14183614039749,41.6476085206293],[-87.14161792120996,41.6475655738919],[-87.14140656561916,41.647506803993096],[-87.14120416969284,41.64743279377738],[-87.14101274062534,41.64734427723145],[-87.14083417682902,41.647242132203296],[-87.14067024910555,41.64712737169472],[-87.14052258308382,41.64700113381322],[-87.14039264309883,41.646864670483296],[-87.1402817176711,41.64671933502896],[-87.14019090673108,41.646566568750956],[-87.14012111071467,41.64640788663159],[-87.13965222467006,41.645128280619154],[-87.1393092343269,41.64480671766495],[-87.13866620414822,41.64422161939547],[-87.13746422525477,41.645088810565866],[-87.13730281881055,41.645194653574436],[-87.13712852553451,41.64528868051476],[-87.13694292399988,41.6453700397556],[-87.13674769522034,41.645437994398115],[-87.13654460742306,41.645491928951365],[-87.1363355000311,41.645531354908435],[-87.13612226700032,41.64555591517169],[-87.13590683966197,41.645565387288165],[-87.13569116922613,41.64555968546469],[-87.13547720910522,41.64553886134523],[-87.13526689721738,41.645503103542936],[-87.13506213843031,41.64545273593148],[-87.1349221357804,41.64541273497587],[-87.13472452610085,41.645348117790725],[-87.13453613856132,41.6452698958905],[-87.13435868398791,41.645178779658245],[-87.13419377390017,41.64507559657538],[-87.13404290587499,41.644961283705605],[-87.13390744994634,41.64483687918321],[-87.13378863616391,41.64470351278398],[-87.13368754342426,41.64456239566342],[-87.13219312031906,41.6422117068882],[-87.13113910635711,41.64197048419044],[-87.13091974096484,41.64191096422831],[-87.13070983132748,41.641835077881794],[-87.13051160693155,41.641743631168985],[-87.13032717312768,41.64163759537694],[-87.13015848876726,41.641518096743226],[-87.13000734539624,41.641386404491776],[-87.12987534822743,41.64124391734975],[-87.12872537221128,41.63985389878261],[-87.12862152188877,41.63971376260076],[-87.12853620806729,41.63956695439673],[-87.1284702064106,41.639414809140675],[-87.12842411695902,41.63925871032473],[-87.12839835867744,41.639100077381684],[-87.12839316565025,41.63894035277715],[-87.12840858495777,41.63878098889278],[-87.12844447625322,41.638623434819614],[-87.1285005130439,41.63846912318178],[-87.12857618566487,41.63831945711019],[-87.12924876912771,41.63716092711941],[-87.1280262677503,41.63647295688156],[-87.12784383624614,41.63635856489313],[-87.12767873343297,41.63623060413215],[-87.12615874193656,41.63492058229878],[-87.12602276932205,41.63479107063892],[-87.125904573713,41.63465236021408],[-87.12580528634018,41.634505778729874],[-87.12572585743106,41.6343527292228],[-87.12566704711813,41.63419467662929],[-87.12562941816778,41.63403313376309],[-87.12561333059871,41.633869646833816],[-87.12561893824169,41.633705780647226],[-87.12564618727262,41.63354310362738],[-87.12569481673371,41.633383172804734],[-87.12576436103673,41.6332275189138],[-87.12585415442449,41.633077631742836],[-87.12596333734783,41.63293494587592],[-87.1260908646965,41.63280082696362],[-87.1262355158053,41.63267655865385],[-87.12639590613958,41.632563330307654],[-87.12657050054788,41.63246222561771],[-87.12675762795533,41.632374212238105],[-87.12695549735672,41.632300132524826],[-87.12716221495641,41.63224069547528],[-87.12737580229133,41.63219646994408],[-87.12759421516314,41.63216787919982],[-87.1278153631993,41.63215519687506],[-87.12803712985536,41.63215854434802],[-87.12825739266741,41.63217788958115],[-87.12847404356141,41.63221304742776],[-87.12868500902465,41.632263681403565],[-87.12888826994697,41.632329306906314],[-87.12908188094173,41.63240929585276],[-87.12926398896194,41.63250288268866],[-87.12943285103349,41.63260917171422],[-87.12958685093582,41.632727145655],[-87.13067501215266,41.63364680432367],[-87.13279851914461,41.63405097344023],[-87.13400558596624,41.633868507740466],[-87.1340128859233,41.63386741343742],[-87.13467049025398,41.6337696639687],[-87.13426687661169,41.631106499275106],[-87.13425304951467,41.63094535394144],[-87.13426027676854,41.63078397334445],[-87.1342884911058,41.63062385630444],[-87.13433743034571,41.63046648989558],[-87.13440663983438,41.630313335635115],[-87.13449547667231,41.630165815910516],[-87.1346031156896,41.63002530077022],[-87.13472855711323,41.6298930952011],[-87.13487063585528,41.629770427009895],[-87.13502803233553,41.629658435422186],[-87.13519928473785,41.6295581605038],[-87.13538280258675,41.62947053350335],[-87.13557688151751,41.62939636820535],[-87.13577971910351,41.62933635337397],[-87.13598943159305,41.62929104635817],[-87.13620407140081,41.629260867916386],[-87.1364216451917,41.62924609831023],[-87.13664013238888,41.62924687470214],[-87.13685750393464,41.6292631898819],[-87.13707174112992,41.62929489233366],[-87.13728085437786,41.62934168764259],[-87.13748290165714,41.62940314122852],[-87.13767600655407,41.62947868238097],[-87.13869337664028,41.62992431271739],[-87.14242935673191,41.62754198396433],[-87.14225491219891,41.62723014231836],[-87.14217897277007,41.627072524786186],[-87.14212468287387,41.62691009577909],[-87.14209258373695,41.62674447503917],[-87.14208299529166,41.626577314124205],[-87.14209601299201,41.62641027993777],[-87.1421315068681,41.62624503810697],[-87.14218912282854,41.626083236373525],[-87.1422682861975,41.62592648816344],[-87.14236820745079,41.6257763564995],[-87.14248789009372,41.62563433841683],[-87.14262614060188,41.625501850036606],[-87.14278158032552,41.625380212447155],[-87.14295265923886,41.62527063853272],[-87.143137671397,41.625174220881256],[-87.14333477194644,41.62509192089196],[-87.14514474302523,41.62442193622535],[-87.1453435023418,41.62435697135835],[-87.14554976506143,41.624306370974416],[-87.1457616356708,41.624270600075306],[-87.14597716713222,41.62424998738367],[-87.1461943787729,41.6242447223231],[-87.14641127448304,41.6242548532777],[-87.14662586105548,41.62428028714748],[-87.14683616649887,41.62432079020384],[-87.14704025815597,41.62437599023688],[-87.14723626046093,41.6244453799752],[-87.14871623842848,41.62503536668401],[-87.1489094799109,41.625121851562],[-87.14909011576022,41.625222121027214],[-87.14925635224407,41.625335179429754],[-87.14940653858947,41.62545990412342],[-87.1495391833751,41.62559505661145],[-87.14965296934234,41.625739294842774],[-87.14974676647819,41.62589118653661],[-87.14981964323964,41.62604922340337],[-87.1498708758085,41.62621183612056],[-87.14989995528413,41.62637740991522],[-87.14990659274265,41.62654430059801],[-87.14989072211226,41.626710850890035],[-87.1498525008356,41.62687540687992],[-87.1497923083126,41.627036334448185],[-87.14971074213884,41.627192035495455],[-87.1496086121767,41.62734096381339],[-87.14948693251782,41.62748164044074],[-87.14934691141652,41.62761266835205],[-87.1491899392941,41.62773274633282],[-87.14726824785468,41.62906317591398],[-87.14499456494198,41.632346584193805],[-87.144871569661,41.634524863293414],[-87.14497578836368,41.63464509291299],[-87.14609581535697,41.63608507453927],[-87.14623045550132,41.636289004714044],[-87.14793053265163,41.639378974913505],[-87.14800482504245,41.63953589715314],[-87.14805770634625,41.639697487189274],[-87.14808865579731,41.63986215416936],[-87.14809736854119,41.64002827693627],[-87.14808375864207,41.64019421998821],[-87.14804795993507,41.64035834958027],[-87.1479903247146,41.640519049809285],[-87.14791142027202,41.64067473852342],[-87.14781202331586,41.6408238828999],[-87.14769311232969,41.640965014537585],[-87.1475558579425,41.641096743915554],[-87.14740161140658,41.64121777407533],[-87.14723189129558,41.6413269133921],[-87.14555969425433,41.642298810725784]]]},"properties":{"fire_id":"F1539","date":"2026-09-27","area_ha":266.8,"cumulative_ha":534.0,"frp_sum":135.5,"n_detections":42,"first_seen":"2026-09-01","last_seen":"2026-09-27","centroid":[-87.13903,41.63646],"history":[{"date":"2026-09-01","area_ha":192.2},{"date":"2026-09-02","area_ha":196.7},{"date":"2026-09-03","area_ha":199.8},{"date":"2026-09-04","area_ha":266.4},{"date":"2026-09-05","area_ha":312.9},{"date":"2026-09-06","area_ha":140.1},{"date":"2026-09-07","area_ha":97.2},{"date":"2026-09-08","area_ha":277.0},{"date":"2026-09-11","area_ha":250.3},{"date":"2026-09-12","area_ha":245.2},{"date":"2026-09-13","area_ha":280.9},{"date":"2026-09-14","area_ha":253.8},{"date":"2026-09-15","area_ha":194.9},{"date":"2026-09-18","area_ha":84.5},{"date":"2026-09-19","area_ha":129.9},{"date":"2026-09-21","area_ha":85.7},{"date":"2026-09-24","area_ha":60.9},{"date":"2026-09-25","area_ha":193.0},{"date":"2026-09-26","area_ha":276.5},{"date":"2026-09-27","area_ha":266.8}],"track":[[-87.13804917967967,41.6378855576987],[-87.13764483915534,41.63901903432655],[-87.13791848272339,41.63567999220313],[-87.13764566688957,41.63579061958872],[-87.14403917705819,41.63355690518864],[-87.1389861653977,41.640204894551374],[-87.13271308075122,41.63610272079765],[-87.13828542702329,41.635572123359104],[-87.13980878213587,41.63527415881062],[-87.13828112774576,41.635488735109426],[-87.14294560789632,41.6313511172481],[-87.13809612193742,41.6368860491858],[-87.13979084927638,41.6364854003305],[-87.1350576167455,41.63884484449812],[-87.13818253718631,41.6405453810074],[-87.13949598729836,41.63859145602724],[-87.13540346367525,41.64045834400341],[-87.13971970930044,41.6355951943633],[-87.13859954573866,41.63549171393766],[-87.13903376749953,41.63645664329404]],"growth_24h_ha":-9.61,"speed_km_day":0.11,"bearing_deg":336.26,"direction":"NNW"}},{"type":"Feature","geometry":{"type":"Polygon","coordinates":[[[-83.50612056252893,41.632831414577524],[-83.50622822755882,41.63297612628512],[-83.5063160923027,41.63312796750648],[-83.50638330306825,41.63328546318398],[-83.50642920679184,41.633447083319055],[-83.50645335738793,41.6336112578345],[-83.50645552008801,41.63377639182646],[-83.5064356737273,41.63394088105792],[-83.50639401095629,41.634103127543526],[-83.50633093637514,41.63426155507417],[-83.5062470626086,41.63441462453008],[-83.50614320435965,41.63456084883466],[-83.506020370499,41.634698807402366],[-83.50587975426774,41.63482715994166],[-83.50572272168748,41.63494465947754],[-83.50555079829115,41.63505016446816],[-83.50536565430282,41.63514264989684],[-83.50516908841074,41.63522121723235],[-83.5049630102913,41.63528510316002],[-83.50474942205375,41.635333686999196],[-83.50453039878585,41.63536649673476],[-83.50430806838996,41.635383213603866],[-83.50408459090553,41.6353836751937],[-83.50386213751881,41.635367877019675],[-83.50364286946437,41.63533597256905],[-83.50342891702334,41.63528827180937],[-83.50322235882258,41.63522523817631],[-83.50302520163643,41.63514748407017],[-83.50283936088698,41.635055764904884],[-83.50266664203302,41.63495097176741],[-83.50250872302796,41.63483412275876],[-83.50059872980255,41.633274095961156],[-83.5004594658827,41.63314863277202],[-83.50033727946202,41.633013802318324],[-83.50023331660417,41.632870869375616],[-83.50014855240907,41.63272117471624],[-83.50008378186944,41.63256612253092],[-83.50003961241747,41.63240716725588],[-83.50001645823166,41.63224579992875],[-83.50001453635682,41.63208353420168],[-83.50003386467355,41.63192189214277],[-83.50007426173602,41.63176238995876],[-83.5001353484793,41.63160652377338],[-83.5002165517802,41.631455755594295],[-83.50031710983787,41.631311499600514],[-83.50043607932349,41.63117510887875],[-83.50057234423207,41.63104786273321],[-83.50072462635282,41.63093095468748],[-83.50089149726024,41.63082548129133],[-83.50107139171303,41.630732431837174],[-83.50126262233539,41.63065267908249],[-83.50146339544284,41.6305869710655],[-83.5016718278643,41.630535924090125],[-83.50188596460272,41.63050001694683],[-83.50210379716877,41.63047958642273],[-83.50232328241557,41.63047482414342],[-83.5025423616984,41.630485774776055],[-83.50275898017942,41.63051233561066],[-83.50297110609681,41.63055425752291],[-83.50317674981764,41.63061114731064],[-83.50337398249611,41.63068247138073],[-83.50356095416214,41.63076756075299],[-83.5037359110708,41.63086561733344],[-83.50499590419714,41.63164560202533],[-83.50517347132332,41.63176806163699],[-83.50533229388216,41.631903855402626],[-83.5054705492189,41.63205142504936],[-83.50612056252893,41.632831414577524]]]},"properties":{"fire_id":"F4391","date":"2026-09-27","area_ha":20.1,"cumulative_ha":59.3,"frp_sum":3.5,"n_detections":3,"first_seen":"2026-09-24","last_seen":"2026-09-27","centroid":[-83.50326,41.63291],"history":[{"date":"2026-09-24","area_ha":41.6},{"date":"2026-09-25","area_ha":50.0},{"date":"2026-09-26","area_ha":40.3},{"date":"2026-09-27","area_ha":20.1}],"track":[[-83.50267862361946,41.6325196946039],[-83.50245144172935,41.63336593734877],[-83.50322987270587,41.6333237058207],[-83.50325982584343,41.632914760555714]],"growth_24h_ha":-20.15,"speed_km_day":0.05,"bearing_deg":175.56,"direction":"S"}},{"type":"Feature","geometry":{"type":"Polygon","coordinates":[[[-87.41512993442129,41.64106934485701],[-87.41515320461312,41.64122639207112],[-87.41515635288727,41.64138436065739],[-87.41513935111713,41.64154184612892],[-87.41510235033056,41.641697448283985],[-87.41388247029218,41.64570747080921],[-87.41382187869286,41.64586858770981],[-87.41373985239059,41.64602443966993],[-87.41363720830644,41.6461734742517],[-87.41351496875286,41.64631420691478],[-87.41337435125462,41.64644523580519],[-87.41321675642394,41.64656525572132],[-87.41304375401094,41.64667307111696],[-87.41285706726808,41.646767608012425],[-87.41265855578415,41.64684792469446],[-87.4124501969592,41.646913221098984],[-87.4122340663049,41.64696284678221],[-87.41201231676646,41.64699630740142],[-87.41178715727253,41.64701326964042],[-87.41156083072686,41.647013564530525],[-87.41133559166119,41.646997189134254],[-87.4111136837721,41.64696430657442],[-87.41089731756597,41.64691524440891],[-87.41068864833491,41.64685049136709],[-87.41048975468321,41.64677069248011],[-87.4103026178186,41.64667664265428],[-87.41012910181446,41.64656927875105],[-87.40709388152274,41.644492165171144],[-87.4061927339974,41.64480044757798],[-87.4059855054139,41.64486236865308],[-87.40577103234145,41.64490891367748],[-87.40555139892342,41.64493963034472],[-87.40532873945966,41.64495422016155],[-87.40510521766205,41.64495254134942],[-87.40488300562409,41.64493461022244],[-87.40466426270885,41.64490060102882],[-87.4044511145608,41.64485084425716],[-87.40424563244568,41.64478582342427],[-87.40404981311924,41.64470617037543],[-87.4038655594209,41.644612659143164],[-87.40369466178076,41.64450619842397],[-87.4035387808201,41.644387822746374],[-87.40339943121424,41.64425868241627],[-87.40327796697471,41.644120032337],[-87.40317556829389,41.643973219813454],[-87.40309323007959,41.64381967145801],[-87.40303175229116,41.64366087932661],[-87.40299173217062,41.64349838641878],[-87.40297355844463,41.64333377168334],[-87.40297740755267,41.64316863467501],[-87.40300324193868,41.64300458001124],[-87.40305081042186,41.64284320178057],[-87.40311965064332,41.64268606805347],[-87.40320909356416,41.64253470564646],[-87.40420781728,41.64104888666135],[-87.40411514189388,41.640962760655036],[-87.40398692649917,41.64083097416028],[-87.40387656996492,41.64069063925138],[-87.40378510778818,41.64054307286152],[-87.4037133981409,41.64038965977657],[-87.40366211382045,41.64023183963874],[-87.40363173594062,41.64007109343594],[-87.40362254942181,41.63990892960338],[-87.40363464032255,41.639746869867885],[-87.40366789503759,41.63958643496833],[-87.40372200136926,41.639429130385246],[-87.4037964514625,41.63927643221439],[-87.40389054657517,41.639129773316185],[-87.40400340363935,41.63899052987159],[-87.40413396355125,41.63886000846959],[-87.40428100111235,41.63873943384861],[-87.40444313652814,41.63862993740553],[-87.40461884835639,41.638532546581224],[-87.40480648778377,41.63844817522121],[-87.4050042940964,41.638377615002426],[-87.40521041119972,41.638321528006216],[-87.40535925177535,41.63829274845018],[-87.40821424125063,41.63666383901037],[-87.40839727703677,41.636569645938174],[-87.40859195092182,41.636489197469146],[-87.40879637911856,41.63642327205465],[-87.40900858347099,41.63637250761313],[-87.4092265105929,41.636337395358574],[-87.40944805173385,41.636318275048374],[-87.40967106318016,41.63631533169657],[-87.40989338699399,41.63632859378396],[-87.41011287188988,41.6363579329825],[-87.41032739404692,41.63640306539686],[-87.41053487765555,41.636463554310765],[-87.41073331500016,41.63653881441207],[-87.41092078588355,41.63662811745495],[-87.41109547620525,41.63673059930554],[-87.41125569551427,41.63684526830188],[-87.41139989336622,41.636971014848015],[-87.41152667432696,41.63710662214926],[-87.41163481147714,41.637250777984875],[-87.41172325828732,41.637402087404254],[-87.41179115874839,41.63755908622394],[-87.41183785565929,41.63772025519478],[-87.41186289699168,41.637884034702616],[-87.41186604026952,41.63804883985957],[-87.41184725492143,41.63821307584062],[-87.41181360569036,41.63839818383585],[-87.41275648971951,41.63843711390431],[-87.41297527843793,41.638454044003126],[-87.41319081741418,41.63848656059519],[-87.41340107799962,41.638534357637475],[-87.41360408121541,41.63859698526787],[-87.41379791637515,41.63867385403856],[-87.41398075906561,41.63876424046252],[-87.41415088831612,41.63886729382163],[-87.41430670279532,41.638982044172245],[-87.41444673588272,41.63910741147249],[-87.4145696694735,41.63924221574629],[-87.41467434638625,41.639385188187866],[-87.41475978125726,41.639534983102244],[-87.41482516981833,41.63969019057023],[-87.41486989647092,41.63984934971761],[-87.41512993442129,41.64106934485701]]]},"properties":{"fire_id":"F4675","date":"2026-09-27","area_ha":83.0,"cumulative_ha":84.8,"frp_sum":24.0,"n_detections":11,"first_seen":"2026-09-26","last_seen":"2026-09-27","centroid":[-87.40938,41.64167],"history":[{"date":"2026-09-26","area_ha":42.8},{"date":"2026-09-27","area_ha":83.0}],"track":[[-87.40897406423632,41.64068337408443],[-87.40938177545283,41.64166841518283]],"growth_24h_ha":40.18,"speed_km_day":0.12,"bearing_deg":337.82,"direction":"NNW"}},{"type":"Feature","geometry":{"type":"Polygon","coordinates":[[[-87.48052973585978,41.660642723942665],[-87.48072876705768,41.660573000065426],[-87.48093601488357,41.66051786665878],[-87.4811495247613,41.66047784368456],[-87.48136728306937,41.660453308597695],[-87.48158723612765,41.660444492787164],[-87.4818073095618,41.66045147939434],[-87.48202542786242,41.66047420252892],[-87.48223953395507,41.66051244789043],[-87.48244760859644,41.66056585478857],[-87.48264768941432,41.660633919544296],[-87.48283788941148,41.66071600023886],[-87.48301641475975,41.66081132276655],[-87.48318158171585,41.66091898813386],[-87.48333183250033,41.661037980936364],[-87.48346574998915,41.66116717893345],[-87.49077585834317,41.66897706508156],[-87.49089212048172,41.669115129790974],[-87.49098971865472,41.66926086778799],[-87.49106773374045,41.6694129067792],[-87.49112543100016,41.66956981513006],[-87.4911622670008,41.6697301153447],[-87.49117789473712,41.669892297977384],[-87.49117216690438,41.67005483584566],[-87.4911451372911,41.67021619841062],[-87.49109706027792,41.67037486618926],[-87.49102838844779,41.67052934506348],[-87.49093976832911,41.67067818035001],[-87.49083203431226,41.67081997049995],[-87.49070620079631,41.67095338029808],[-87.49056345263985,41.67107715343763],[-87.49040513400561,41.67119012435243],[-87.49023273570424,41.67129122919467],[-87.48940272789974,41.67173123835957],[-87.48922089287505,41.671818227494434],[-87.48902865198923,41.67189200821496],[-87.48882775860665,41.67195190757741],[-87.48862004502497,41.6719973792463],[-87.48840740576047,41.67202800847855],[-87.48819178026528,41.672043515907156],[-87.48797513523431,41.67204376008983],[-87.48775944666359,41.6720287387994],[-87.48754668182347,41.67199858904409],[-87.4873387813117,41.6719535858177],[-87.48713764134985,41.67189413959066],[-87.48694509648504,41.671820792565526],[-87.48455506357936,41.67080076992223],[-87.48449022718948,41.6707720226922],[-87.48253501172631,41.669872010314364],[-87.46916242672164,41.67597543790169],[-87.46896170665174,41.67605698929941],[-87.46875087380707,41.6761231740972],[-87.46853207810042,41.67617331738165],[-87.46830755066114,41.67620690781975],[-87.46807958107935,41.67622360287453],[-87.46751956775762,41.67624360338682],[-87.46734294654341,41.67624482665764],[-87.46048281586864,41.67609482353254],[-87.45379757265827,41.675948435373094],[-87.44114750205497,41.67703167572208],[-87.43547705122063,41.680210601405705],[-87.43170430355464,41.68599696620503],[-87.43163073144369,41.68610040588773],[-87.42908079394202,41.68940044784525],[-87.42896194987011,41.68953818375244],[-87.42882551106125,41.68966672167276],[-87.4286727736842,41.68978484040438],[-87.42850518877731,41.68989141772889],[-87.42832434846352,41.689985441074896],[-87.42813197082391,41.69006601713982],[-87.4279298835736,41.690132380378905],[-87.42772000669498,41.69018390027972],[-87.42750433419366,41.690220087354064],[-87.42728491515031,41.69024059778952],[-87.42706383424871,41.69024523671673],[-87.4268431919652,41.690233960061306],[-87.42662508460798,41.69020687496262],[-87.42641158439592,41.690164238755685],[-87.42620471976666,41.69010645652564],[-87.4198246065305,41.688056408299865],[-87.4196319962067,41.68798633054165],[-87.41944921884168,41.687903121931086],[-87.41927791122177,41.687807527628664],[-87.41911960740052,41.68770040370936],[-87.41897572496023,41.687582709494755],[-87.41884755231759,41.687455498960766],[-87.41463762012205,41.682835432796445],[-87.41452680005916,41.68270049381819],[-87.41443366279056,41.682558453525544],[-87.4143590344771,41.682410572036666],[-87.4143035770636,41.68225816128155],[-87.41426778241005,41.68210257336222],[-87.4142519679324,41.681945188556945],[-87.41425627379125,41.68178740307487],[-87.41428066165307,41.68163061666959],[-87.41432491503512,41.68147622022158],[-87.41438864123064,41.68132558339982],[-87.41447127479692,41.68118004251189],[-87.41457208257548,41.681040888650344],[-87.41626211989427,41.678950916133786],[-87.41639164585236,41.678807953930125],[-87.41654033499681,41.67867555249266],[-87.41670662023014,41.678555107158864],[-87.41688874904186,41.67844788725722],[-87.41708480197836,41.67835502273245],[-87.42207355344877,41.67625057202346],[-87.42375968913969,41.66765842519845],[-87.42048640600721,41.6663279557802],[-87.42029526716661,41.66624088911137],[-87.42011672007399,41.66614028885332],[-87.41995251461925,41.66602714099759],[-87.41980426010672,41.665902554510325],[-87.41967340948266,41.66576775046149],[-87.41956124509653,41.66562405005535],[-87.41946886613539,41.665472861679675],[-87.41939717785421,41.66531566710086],[-87.41934688270815,41.66515400693996],[-87.41837700652154,41.66113398886045],[-87.41834876965848,41.66097104437573],[-87.41834226879317,41.66080684045434],[-87.41835756626247,41.660642955495526],[-87.4183945148699,41.660480964820586],[-87.41845275930625,41.66032242553079],[-87.41853173957058,41.660168861540406],[-87.41863069635816,41.66002174892961],[-87.41874867836358,41.65988250175717],[-87.4188845514287,41.659752458469804],[-87.4190370094471,41.659632869038674],[-87.41920458692043,41.659524882946286],[-87.41938567304578,41.65942953813947],[-87.41957852719851,41.65934775105461],[-87.41978129566199,41.65928030781068],[-87.41999202944332,41.6592278566546],[-87.42020870300401,41.65919090173189],[-87.42042923372557,41.65916979824201],[-87.42065150192332,41.65916474902497],[-87.42732134281248,41.659254746718844],[-87.42753904392117,41.659265431822085],[-87.42775434816885,41.65929151942679],[-87.42796526340058,41.65933276815277],[-87.42816983806335,41.65938879633825],[-87.43381973658443,41.661168754375275],[-87.43402548665654,41.66124284300834],[-87.43422008126313,41.66133187253323],[-87.43440153877532,41.661434936354475],[-87.4345680113178,41.66155098495953],[-87.43471780358534,41.66167883660416],[-87.4348493901071,41.66181718934434],[-87.43496143078247,41.66196463429229],[-87.43505278453064,41.66211966996171],[-87.43512252091466,41.66228071755632],[-87.43516992962134,41.66244613704581],[-87.43577988707511,41.66527126963317],[-87.44094940379766,41.67155675678557],[-87.44909051389185,41.667257081670016],[-87.44926027090195,41.66717561745191],[-87.44943918415072,41.66710565655039],[-87.44962582878172,41.6670477561182],[-87.44981871837923,41.66700237725995],[-87.45342864125573,41.66628239507906],[-87.45364547677418,41.66624745155773],[-87.45386589723996,41.66622832701306],[-87.45408779278071,41.66622520450476],[-87.46049237334333,41.66636649161975],[-87.47473609280938,41.66293299709327],[-87.48052973585978,41.660642723942665]]]},"properties":{"fire_id":"F4787","date":"2026-09-27","area_ha":891.2,"cumulative_ha":891.2,"frp_sum":146.4,"n_detections":66,"first_seen":"2026-09-27","last_seen":"2026-09-27","centroid":[-87.44605,41.67223],"history":[{"date":"2026-09-27","area_ha":891.2}],"track":[[-87.44604597457325,41.672231020205096]],"growth_24h_ha":null,"speed_km_day":null,"bearing_deg":null,"direction":null}},{"type":"Feature","geometry":{"type":"Polygon","coordinates":[[[-83.45724023267073,41.675765498837826],[-83.45745753764842,41.675791978740456],[-83.45767034231625,41.675833896052815],[-83.45787664119358,41.67589085574825],[-83.45807449009793,41.675962321040174],[-83.458262024464,41.67604761843982],[-83.45843747691316,41.67614594410165],[-83.45859919390773,41.67625637139752],[-83.45874565133367,41.67637785964766],[-83.45887546886425,41.67650926392642],[-83.45898742296984,41.67664934585075],[-83.45908045845096,41.67679678524931],[-83.45915369838578,41.67695019260266],[-83.45920645239845,41.677108122137454],[-83.45923822316999,41.677269085450796],[-83.45924871113023,41.677431565536956],[-83.45923781728646,41.67759403108401],[-83.45920564416203,41.67775495090567],[-83.45915249483559,41.677912808372334],[-83.45907887009002,41.678066115705555],[-83.45898546369766,41.678213428000774],[-83.45887315588602,41.678353356846394],[-83.4587430050456,41.67848458341093],[-83.45859623775753,41.678605870874264],[-83.4584342372352,41.67871607608643],[-83.45825853028855,41.67881416034367],[-83.45807077293398,41.67889919917993],[-83.45787273478548,41.678970391081805],[-83.45766628237412,41.67902706504452],[-83.45745336155318,41.679068686897594],[-83.45723597915494,41.679094864340705],[-83.4570161840723,41.67910535064199],[-83.45679604794319,41.67910004696424],[-83.45263594961257,41.67885004057389],[-83.45241191825616,41.67882823481382],[-83.45219193543228,41.67879007786207],[-83.45197818355531,41.678735948271125],[-83.45177278321061,41.67866638305567],[-83.45157777211281,41.67858207236385],[-83.4513950848872,41.67848385262902],[-83.45122653387476,41.67837269826989],[-83.45107379115152,41.67824971202174],[-83.45093837194047,41.67811611399466],[-83.45082161958082,41.677973229567215],[-83.45072469220364,41.67782247623609],[-83.45064855124585,41.677665349552036],[-83.45059395191667,41.677503408281794],[-83.45056143571067,41.67733825894314],[-83.45055132504153,41.67717153986688],[-83.45056372004987,41.67700490494353],[-83.45059849761601,41.67684000721617],[-83.45065531258766,41.67667848248224],[-83.4507336012099,41.67652193306683],[-83.45083258672338,41.676371911928584],[-83.45095128707453,41.67622990725578],[-83.45108852466178,41.67609732770495],[-83.45124293802034,41.67597548842922],[-83.45141299532987,41.67586559803405],[-83.4515970096109,41.67576874659015],[-83.45179315545896,41.67568589482227],[-83.45199948715117,41.67561786458104],[-83.45221395794468,41.67556533069216],[-83.45243444037672,41.67552881426385],[-83.45265874736425,41.67550867751897],[-83.4534187293592,41.675468678542124],[-83.45362973603615,41.67546484241841],[-83.45384031222503,41.67547550622539],[-83.45724023267073,41.675765498837826]]]},"properties":{"fire_id":"F4677","date":"2026-09-27","area_ha":24.1,"cumulative_ha":31.4,"frp_sum":2.8,"n_detections":3,"first_seen":"2026-09-26","last_seen":"2026-09-27","centroid":[-83.4549,41.67729],"history":[{"date":"2026-09-26","area_ha":30.2},{"date":"2026-09-27","area_ha":24.1}],"track":[[-83.45490841652392,41.677797128993184],[-83.45489746089426,41.67729199935268]],"growth_24h_ha":-6.02,"speed_km_day":0.06,"bearing_deg":171.52,"direction":"S"}},{"type":"Feature","geometry":{"type":"Polygon","coordinates":[[[-81.2883346626661,41.75026839564033],[-81.28851248043249,41.75037055428233],[-81.2886757008028,41.75048521319084],[-81.28882271653166,41.75061124336687],[-81.28895207991157,41.75074740383628],[-81.28906251702976,41.75089235386754],[-81.28915294031462,41.751044666171694],[-81.28922245924835,41.751202840954996],[-81.28927038914036,41.751365320685736],[-81.28929625787438,41.75153050543008],[-81.28929981056329,41.751696768605754],[-81.28928101206495,41.75186247299861],[-81.28924004733457,41.75202598688452],[-81.28917731960946,41.75218570009757],[-81.28909344644424,41.75234003988638],[-81.2889892536348,41.7524874864027],[-81.28886576709125,41.752626587669056],[-81.28872420273906,41.75275597387873],[-81.28856595454826,41.75287437088669],[-81.28839258080808,41.75298061275859],[-81.28820578878236,41.7530736532545],[-81.28800741789681,41.7531525761337],[-81.28779942162352,41.75321660417933],[-81.28758384824151,41.75326510685379],[-81.28736282066261,41.753297606509626],[-81.28713851552172,41.75331378309416],[-81.28691314173747,41.75331347730221],[-81.28244303533563,41.75314347293632],[-81.28221858348326,41.75312665415154],[-81.28199750079415,41.753093487947964],[-81.28178196894658,41.753044301617535],[-81.28157411483078,41.75297958054162],[-81.2813759895567,41.752899963400225],[-81.2811895482104,41.75280623586796],[-81.28101663055878,41.75269932285933],[-81.28085894289346,41.75258027939984],[-81.28071804119274,41.75245028021315],[-81.28059531576837,41.75231060812684],[-81.28049197754774,41.75216264141196],[-81.28040904612794,41.75200784018042],[-81.2803473397182,41.75184773197548],[-81.28030746707104,41.751683896697024],[-81.2802898214806,41.7515179510105],[-81.28029457690765,41.75135153239372],[-81.28032168626935,41.75118628297869],[-81.28037088190993,41.75102383334784],[-81.280441678248,41.750865786445],[-81.28053337657353,41.75071370175939],[-81.28064507194756,41.75056907993878],[-81.28077566213571,41.7504333479838],[-81.28092385848774,41.75030784516911],[-81.28259386067629,41.74902786799514],[-81.28276130542888,41.7489118813467],[-81.28294377008883,41.748808966205615],[-81.28313938858606,41.74872017504796],[-81.28334616035426,41.74864641590488],[-81.28356197078823,41.74858844307841],[-81.28378461286624,41.74854684942913],[-81.28401180971657,41.74852206031458],[-81.28424123789766,41.74851432924029],[-81.28447055115403,41.74852373526795],[-81.28469740440522,41.748550182207],[-81.28491947772274,41.748593399598164],[-81.28513450005016,41.748652945478575],[-81.28534027242372,41.748728210900644],[-81.28553469045671,41.74881842615806],[-81.2883346626661,41.75026839564033]]]},"properties":{"fire_id":"F4504","date":"2026-09-27","area_ha":29.8,"cumulative_ha":41.6,"frp_sum":3.1,"n_detections":3,"first_seen":"2026-09-25","last_seen":"2026-09-27","centroid":[-81.28474,41.7512],"history":[{"date":"2026-09-25","area_ha":31.4},{"date":"2026-09-26","area_ha":30.7},{"date":"2026-09-27","area_ha":29.8}],"track":[[-81.28375966937877,41.75107609929123],[-81.28457962495784,41.75075577191165],[-81.28474240287485,41.75119530093402]],"growth_24h_ha":-0.92,"speed_km_day":0.05,"bearing_deg":335.84,"direction":"NNW"}},{"type":"Feature","geometry":{"type":"Polygon","coordinates":[[[-83.43819259701719,42.26760871033397],[-83.43927088679492,42.26833725994454],[-83.43942718010163,42.268453675953324],[-83.4395672780949,42.26858068252364],[-83.43968985162725,42.268717074798104],[-83.43979373777839,42.26886155887311],[-83.43987795089001,42.2690127640722],[-83.43994169192018,42.269169255947645],[-83.43998435602786,42.26932954988765],[-83.440005538316,42.26949212519968],[-83.44000503767802,42.269655439536294],[-83.43998285871143,42.269817943527244],[-83.43993921168001,42.26997809547827],[-83.43987451052462,42.27013437599772],[-83.43978936894145,42.270285302412056],[-83.43968459456461,42.27042944283312],[-83.4395611813082,42.27056542974435],[-83.43942029994027,42.270691972976266],[-83.4392632869777,42.270807871948364],[-83.43909163200807,42.27091202706165],[-83.43890696355767,42.271003450132554],[-83.43871103364066,42.2710812737702],[-83.43850570113543,42.2711447596077],[-83.43829291414623,42.27119330530876],[-83.43807469151741,42.27122645028387],[-83.43785310367583,42.27124388006108],[-83.43763025298328,42.27124542927052],[-83.43740825378573,42.27123108321361],[-83.43718921234867,42.27120097800264],[-83.43369913526446,42.27059096245099],[-83.43348454550102,42.270545229452765],[-83.43327706788878,42.27048437296459],[-83.43307868188384,42.2704089736021],[-83.43289128018533,42.270319750728355],[-83.43271665067556,42.27021755558918],[-83.43255645936131,42.270103363190124],[-83.43241223447865,42.269978262992595],[-83.43228535191338,42.26984344851797],[-83.432177022076,42.26970020595918],[-83.43208827835645,42.26954990190811],[-83.43201996726856,42.269393970316194],[-83.43197274037826,42.26923389881301],[-83.4319470480925,42.26907121451263],[-83.43194313536746,42.268907469444066],[-83.43196103937748,42.26874422574423],[-83.43200058916624,42.26858304075514],[-83.43268065462851,42.266423053481304],[-83.43273969473488,42.26626934712039],[-83.43281841808955,42.26612045369832],[-83.43291611060191,42.26597772357356],[-83.43303188615965,42.26584245119897],[-83.43316469466845,42.26571586338341],[-83.43331333157809,42.26559910816686],[-83.43347644880848,42.265493244410294],[-83.43365256697662,42.26539923219435],[-83.43533254781208,42.26458924992685],[-83.43552336108617,42.26450666418111],[-83.4357241810423,42.26443799498885],[-83.4359331236624,42.26438388656603],[-83.43614822874098,42.26434484652612],[-83.43636747827156,42.26432124111911],[-83.43658881537502,42.26431329179626],[-83.43681016359197,42.264321073133154],[-83.43702944635875,42.26434451213019],[-83.4372446064845,42.264383388897194],[-83.43745362544642,42.26443733871594],[-83.437654542323,42.26450585546092],[-83.43784547218709,42.26458829634634],[-83.43802462378686,42.264683887955236],[-83.43819031634894,42.264791733493745],[-83.43834099534581,42.26491082120283],[-83.43847524707986,42.26504003384841],[-83.43859181194732,42.26517815920122],[-83.43868959625748,42.26532390140791],[-83.43876768249622,42.265475893146885],[-83.43882533793783,42.26563270845481],[-83.43886202152356,42.265792876103866],[-83.43887738894277,42.2659548934036],[-83.43887129586865,42.266117240298776],[-83.43884379931777,42.266278393630344],[-83.43879515712075,42.26643684142596],[-83.43872582550874,42.266591097086035],[-83.43819259701719,42.26760871033397]]]},"properties":{"fire_id":"F4095","date":"2026-09-27","area_ha":37.3,"cumulative_ha":42.3,"frp_sum":4.1,"n_detections":5,"first_seen":"2026-09-22","last_seen":"2026-09-27","centroid":[-83.43596,42.26801],"history":[{"date":"2026-09-22","area_ha":23.9},{"date":"2026-09-24","area_ha":23.3},{"date":"2026-09-27","area_ha":37.3}],"track":[[-83.43663214669375,42.26727427452452],[-83.4375212746548,42.26722673303182],[-83.4359572613862,42.268008132858725]],"growth_24h_ha":4.64,"speed_km_day":0.05,"bearing_deg":48.14,"direction":"NE"}},{"type":"Feature","geometry":{"type":"Polygon","coordinates":[[[-83.13245006379822,42.277732314799174],[-83.13255043162,42.277877963936604],[-83.13263100504159,42.278030071617486],[-83.13269102097497,42.27818719752529],[-83.13272991098003,42.27834785381492],[-83.1327473066522,42.27851051920022],[-83.13274304311639,42.27867365335897],[-83.13271716059384,42.27883571151822],[-83.13266990402708,42.2789951590823],[-83.13260172076596,42.279150486165065],[-83.13251325633685,42.27930022188834],[-83.13240534833453,42.27944294831153],[-83.1322790184947,42.279577313860194],[-83.1320290211118,42.27981731767794],[-83.13188085435256,42.279945670429655],[-83.13171589117303,42.280062506717776],[-83.13153578980517,42.280166652026246],[-83.13134236068434,42.28025705941166],[-83.13113754824921,42.280332820030054],[-83.13092341139323,42.28039317227495],[-83.13070210276443,42.28043750943521],[-83.1304758471219,42.28046538579565],[-83.13024691896658,42.28047652111868],[-83.13001761967143,42.2804708034622],[-83.1297902543412,42.28044829030512],[-83.12956710863469,42.280409207969534],[-83.12935042578262,42.280353949344864],[-83.12914238403255,42.280283069937376],[-83.12894507474772,42.2801972822845],[-83.12750757868467,42.27949858254663],[-83.11616152584537,42.28340152702265],[-83.11481482698636,42.284293726092976],[-83.11480711833495,42.28429880982035],[-83.11154710680039,42.286438851617135],[-83.11136879483536,42.28654458923844],[-83.11117693031063,42.28663671667689],[-83.11097344101636,42.286714308238196],[-83.11076037156941,42.28677658428104],[-83.11053986286664,42.28682291905266],[-83.11031413056978,42.2868528469778],[-83.11008544283834,42.2868660673379],[-83.10985609753453,42.286862447293416],[-83.10962839912928,42.28684202321893],[-83.10940463554186,42.286805000337566],[-83.10918705514598,42.28675175065847],[-83.10897784417367,42.28668280923781],[-83.10877910474416,42.286598868801526],[-83.10859283373888,42.28650077278311],[-83.1084209027348,42.2863895068472],[-83.10826503919795,42.286266188983724],[-83.10812680912622,42.28613205827244],[-83.10800760131578,42.285988462430964],[-83.10790861340926,42.28583684427116],[-83.10783083986566,42.28567872720044],[-83.10777506197292,42.285515699913596],[-83.10707514220186,42.282925686721285],[-83.10704200207658,42.282759992216974],[-83.10703158496119,42.28259270203273],[-83.10704399460234,42.282425484881244],[-83.10707910705182,42.282260008733594],[-83.10713657190946,42.282097924181784],[-83.10721581582453,42.28194084797489],[-83.10731604822055,42.28179034689339],[-83.10743626918621,42.28164792212245],[-83.10757527945341,42.281514994279696],[-83.10773169236283,42.281392889246945],[-83.10790394769735,42.28128282494725],[-83.10939393700153,42.28042284266081],[-83.1095630025674,42.280334076560145],[-83.1097423688855,42.28025692452636],[-83.10993055428128,42.28019202386493],[-83.11012600424468,42.280139910678464],[-83.11032710426946,42.280101015439364],[-83.11053219318738,42.280075659434615],[-83.11217598080944,42.27992834231517],[-83.12661309799927,42.27365769402985],[-83.12681409329308,42.273579988018845],[-83.12702461566793,42.27351727510528],[-83.12724258864678,42.2734701738444],[-83.12746586227973,42.273439148808166],[-83.1276922343459,42.2734245060039],[-83.12791947207012,42.273426389857015],[-83.12814533414084,42.273444781786615],[-83.12836759281205,42.27347950038882],[-83.12858405587157,42.273530203225604],[-83.12879258825933,42.27359639020153],[-83.12899113312227,42.27367740849521],[-83.12917773209895,42.27377245899695],[-83.12935054463341,42.27388060418895],[-83.12950786612818,42.274000777390626],[-83.12964814475751,42.27413179327787],[-83.12976999677478,42.274272359572585],[-83.13245006379822,42.277732314799174]]]},"properties":{"fire_id":"F4084","date":"2026-09-27","area_ha":130.4,"cumulative_ha":178.4,"frp_sum":18.8,"n_detections":13,"first_seen":"2026-09-22","last_seen":"2026-09-27","centroid":[-83.11969,42.27985],"history":[{"date":"2026-09-22","area_ha":39.5},{"date":"2026-09-24","area_ha":108.6},{"date":"2026-09-25","area_ha":107.8},{"date":"2026-09-26","area_ha":141.7},{"date":"2026-09-27","area_ha":130.4}],"track":[[-83.11352587421678,42.283099084210384],[-83.11768470900128,42.28035876559185],[-83.11919209346696,42.28037215421645],[-83.11995587810935,42.28023672411342],[-83.11969484392178,42.27985026272847]],"growth_24h_ha":-11.28,"speed_km_day":0.05,"bearing_deg":145.9,"direction":"SE"}},{"type":"Feature","geometry":{"type":"Polygon","coordinates":[[[-84.52254723647852,42.775219636894725],[-84.52239288222047,42.77510268494599],[-84.52225475994862,42.77497542973039],[-84.52213416020953,42.77483906034895],[-84.52203220979582,42.77469485105957],[-84.52194986122016,42.77454414936845],[-84.5218878838183,42.774388363437694],[-84.52184685656476,42.774228948925945],[-84.52182716266783,42.77406739538614],[-84.5218289859941,42.7739052123465],[-84.5218523093561,42.77374391520553],[-84.52189691467842,42.77358501107247],[-84.5219623850409,42.77342998468582],[-84.5220481085794,42.773280284541016],[-84.52215328420758,42.77313730935745],[-84.52227692910597,42.77300239501071],[-84.5224178879084,42.772876802052295],[-84.52257484349948,42.77276170393354],[-84.52274632932271,42.77265817604327],[-84.5229307430835,42.77256718566191],[-84.52312636171975,42.77248958292562],[-84.52333135749946,42.772426092885084],[-84.52354381509578,42.772377308732445],[-84.52376174947929,42.77234368626048],[-84.52398312446114,42.772325539605],[-84.52914300009101,42.77208554599986],[-84.52936841004673,42.77208310079435],[-84.5295930697982,42.77209670042266],[-84.5298148298653,42.772126214768534],[-84.53003156850534,42.77217136144902],[-84.53024121200906,42.77223170851582],[-84.5304417545377,42.772306678586894],[-84.53063127731136,42.772395554369574],[-84.53080796696507,42.7724974855219],[-84.53097013289738,42.77261149678687],[-84.5311162234454,42.77273649732177],[-84.5312448407314,42.77287129113337],[-84.53135475403933,42.773014588519366],[-84.53144491159279,42.77316501840646],[-84.53151445062205,42.773321141467335],[-84.53156270562344,42.773481463890974],[-84.53158921473188,42.773644451674635],[-84.53159372414572,42.77380854530069],[-84.53157619056095,42.77397217465838],[-84.53153678159157,42.774133774066975],[-84.5314758741716,42.774291797257206],[-84.53139405095412,42.77444473216758],[-84.53069407869593,42.77558474459006],[-84.53059130507353,42.77573216626601],[-84.53046910171125,42.77587150919383],[-84.5303286549148,42.77600142054847],[-84.53017132813022,42.77612063906415],[-84.52999864870874,42.77622800728148],[-84.5298122930792,42.776322482786654],[-84.52961407047204,42.7764031483339],[-84.52940590535275,42.776469220752595],[-84.52715586162996,42.7770892362365],[-84.52693278203762,42.777141433169625],[-84.52670357508202,42.77717687074197],[-84.52647060998282,42.77719518264588],[-84.52623629481461,42.77719617959644],[-84.5260030516101,42.777179851288416],[-84.5257732913192,42.77714636650292],[-84.52554938888242,42.777096071362315],[-84.52533365867711,42.77702948575153],[-84.52512833059036,42.77694729794314],[-84.524935526966,42.77685035748123],[-84.52475724066454,42.77673966639807],[-84.52254723647852,42.775219636894725]]]},"properties":{"fire_id":"F4788","date":"2026-09-27","area_ha":34.6,"cumulative_ha":34.6,"frp_sum":1.8,"n_detections":4,"first_seen":"2026-09-27","last_seen":"2026-09-27","centroid":[-84.5268,42.77439],"history":[{"date":"2026-09-27","area_ha":34.6}],"track":[[-84.52680496772692,42.7743921683194]],"growth_24h_ha":null,"speed_km_day":null,"bearing_deg":null,"direction":null}},{"type":"Feature","geometry":{"type":"Polygon","coordinates":[[[-79.88960494897857,33.01430032066456],[-79.88970011881759,33.01444992484314],[-79.88977671215103,33.01460673684004],[-79.88983395140835,33.01476916493561],[-79.88987125546018,33.01493556039539],[-79.8898882455217,33.01510423420465],[-79.88988474900253,33.015273474212584],[-79.88986080126384,33.0154415625114],[-79.88981664526477,33.015606792874344],[-79.88975272910136,33.01576748807576],[-79.88966970146285,33.015922016916704],[-79.88956840505122,33.016068810784084],[-79.88864842003943,33.017258822818285],[-79.88853660409724,33.01738932439832],[-79.88841034986058,33.01751036832819],[-79.88827080619787,33.01762085309605],[-79.88811924292932,33.017719773275694],[-79.88795703927183,33.01780622867696],[-79.88778567128729,33.01787943253891],[-79.88760669844918,33.017938718690424],[-79.88742174944936,33.017983547613355],[-79.88723250737443,33.0180135113531],[-79.88704069438658,33.018028337231634],[-79.88684805604859,33.01802789032946],[-79.88665634543564,33.01801217471348],[-79.8864673071787,33.01798133340011],[-79.88628266158477,33.017935647053456],[-79.88610408897885,33.01787553143089],[-79.88136886553792,33.016058069456626],[-79.86194662614959,33.01034387932234],[-79.86176046008725,33.01028023481526],[-79.86158283425694,33.01020148615224],[-79.86141551348584,33.01010841575923],[-79.86126016019558,33.01000194835647],[-79.86111831788375,33.00988314176937],[-79.86099139578782,33.0097531764172],[-79.8608806548842,33.00961334358319],[-79.86078719536101,33.00946503258371],[-79.86071194568949,33.00930971696332],[-79.86065565340228,33.009148939853226],[-79.86061887767013,33.00898429863861],[-79.86060198375058,33.00881742908723],[-79.86060513936381,33.008649989097],[-79.8606283130312,33.008483642224085],[-79.86067127439314,33.0083200411551],[-79.86073359650258,33.00816081128761],[-79.86081466007145,33.00800753458232],[-79.86091365962749,33.007861733846866],[-79.86102961152021,33.00772485760775],[-79.86116136369628,33.00759826572046],[-79.86130760714724,33.007483215860645],[-79.8614668889154,33.0073808510307],[-79.86163762652919,33.00729218820556],[-79.86181812372402,33.007218108230546],[-79.86200658729295,33.007159347071656],[-79.86220114489957,33.00711648850496],[-79.87727084578005,33.00445653713173],[-79.87744327962646,33.00443252685221],[-79.87761756320026,33.00442101859942],[-79.8777923898515,33.004422098654395],[-79.87796644885948,33.00443575891962],[-79.88370633036116,33.005095746702395],[-79.88390537988992,33.005127166697235],[-79.88409964340144,33.005175026392806],[-79.8842871650824,33.00523884394456],[-79.88446605698267,33.00531797684536],[-79.88463451802023,33.00541162839305],[-79.88479085211226,33.0055188557106],[-79.88493348525,33.00563857923745],[-79.88506098134546,33.005769593597144],[-79.88517205669062,33.0059105797316],[-79.88526559288339,33.00606011818006],[-79.88534064809006,33.00621670336912],[-79.88625061038847,33.00843213601055],[-79.88770655636976,33.011648377946194],[-79.88960494897857,33.01430032066456]]]},"properties":{"fire_id":"F0088","date":"2026-09-27","area_ha":235.5,"cumulative_ha":350.7,"frp_sum":30.6,"n_detections":9,"first_seen":"2026-08-23","last_seen":"2026-09-27","centroid":[-79.87707,33.01035],"history":[{"date":"2026-08-23","area_ha":35.3},{"date":"2026-08-24","area_ha":132.4},{"date":"2026-08-25","area_ha":64.8},{"date":"2026-08-27","area_ha":74.1},{"date":"2026-08-30","area_ha":57.2},{"date":"2026-09-01","area_ha":117.1},{"date":"2026-09-02","area_ha":130.8},{"date":"2026-09-03","area_ha":116.8},{"date":"2026-09-04","area_ha":164.8},{"date":"2026-09-05","area_ha":125.4},{"date":"2026-09-06","area_ha":135.0},{"date":"2026-09-08","area_ha":58.5},{"date":"2026-09-09","area_ha":93.8},{"date":"2026-09-10","area_ha":59.2},{"date":"2026-09-11","area_ha":120.8},{"date":"2026-09-12","area_ha":87.4},{"date":"2026-09-13","area_ha":103.4},{"date":"2026-09-16","area_ha":72.3},{"date":"2026-09-17","area_ha":129.4},{"date":"2026-09-18","area_ha":86.8},{"date":"2026-09-19","area_ha":156.2},{"date":"2026-09-20","area_ha":151.2},{"date":"2026-09-21","area_ha":92.9},{"date":"2026-09-22","area_ha":35.3},{"date":"2026-09-25","area_ha":111.6},{"date":"2026-09-26","area_ha":103.9},{"date":"2026-09-27","area_ha":235.5}],"track":[[-79.88581782646236,33.01413268239847],[-79.884500926007,33.011248036009285],[-79.88518229911607,33.013759868676416],[-79.8826483078312,33.00818731590652],[-79.88209727640793,33.00983586505519],[-79.88266420330943,33.00991235881733],[-79.88203660600414,33.00973005669366],[-79.88507707148649,33.012765118477596],[-79.88478791211277,33.011050761408555],[-79.88415050213641,33.00994724401652],[-79.88299575348715,33.010294057743366],[-79.88771615448401,33.01479039589219],[-79.88538329931028,33.012210234863446],[-79.88519344833833,33.010572704225666],[-79.8835848576525,33.010769258056676],[-79.88571891338842,33.012677878485945],[-79.8832177756545,33.011387007454104],[-79.88326202511331,33.01013272606897],[-79.882777494869,33.009231141089515],[-79.8840590836011,33.00975331542752],[-79.88236837127566,33.010475196634296],[-79.88347203834788,33.009868778419126],[-79.88352178134991,33.01000930387356],[-79.88425179578782,33.01310104491114],[-79.88326402858046,33.010663853599205],[-79.88181569167605,33.00874550708051],[-79.87707220971188,33.010353417712864]],"growth_24h_ha":131.59,"speed_km_day":0.48,"bearing_deg":58.11,"direction":"ENE"}},{"type":"Feature","geometry":{"type":"Polygon","coordinates":[[[-80.35060242013148,33.09018468165533],[-80.35077683648598,33.09026299464308],[-80.35094118352357,33.09035513045731],[-80.35109388038143,33.09046020285444],[-80.35123345824076,33.09057720115207],[-80.35135857445518,33.09070499994942],[-80.35365859909194,33.09330497107773],[-80.35377000986693,33.09344507636609],[-80.3538640313976,33.093593725847754],[-80.35393972395205,33.09374943394587],[-80.3539963309601,33.09391064453297],[-80.35403328657836,33.09407574648201],[-80.35405022134951,33.09424308976687],[-80.35404696589953,33.094411001952366],[-80.35402355263547,33.09457780490823],[-80.3539802154266,33.0947418315807],[-80.35391738727226,33.09490144265349],[-80.35383569597886,33.09505504293219],[-80.35373595788981,33.095201097287706],[-80.35361916973034,33.09533814600003],[-80.35348649864865,33.095464819348315],[-80.35333927055316,33.09557985130176],[-80.35317895686197,33.095682092174286],[-80.35300715979692,33.09577052011653],[-80.35282559636973,33.09584425133002],[-80.35263608121961,33.095902548901606],[-80.35244050847453,33.0959448301698],[-80.3522408328172,33.09597067254913],[-80.35203904994543,33.09597981775432],[-80.35183717662197,33.09597217438233],[-80.35163723051382,33.09594781882593],[-80.34337706493447,33.09458779381364],[-80.34318480725233,33.09454790243275],[-80.34299817370618,33.09449255857428],[-80.34281895796717,33.094422294129394],[-80.34264888240342,33.09433778438461],[-80.34248958152492,33.09423984153074],[-80.34234258627333,33.09412940685626],[-80.34220930930813,33.094007541699746],[-80.34209103143021,33.093875417248455],[-80.34198888927367,33.09373430328141],[-80.34190386438382,33.09358555596498],[-80.34183677378672,33.09343060481845],[-80.34178826214024,33.09327093897472],[-80.34175879554235,33.09310809286849],[-80.34174865705606,33.09294363148931],[-80.34175794399346,33.09277913534117],[-80.34178656698515,33.09261618525359],[-80.34256664665917,33.08931619717838],[-80.3426131009851,33.08915976000534],[-80.34267737564517,33.08900774142392],[-80.34275887918463,33.08886154007227],[-80.34285686164772,33.088722501060765],[-80.34297042148026,33.08859190359735],[-80.34309851382662,33.088470949219285],[-80.34323996014432,33.088360750739874],[-80.34339345904785,33.088262322011246],[-80.34355759828193,33.08817656859787],[-80.34373086771416,33.08810427944629],[-80.34391167322725,33.08804611962779],[-80.34409835138348,33.08800262422036],[-80.34428918472618,33.08797419338682],[-80.34448241757791,33.08796108869389],[-80.34467627218982,33.08796343070602],[-80.34486896509392,33.0879811978765],[-80.345058723508,33.088014226745535],[-80.3452438016421,33.088062213443955],[-80.3454224967572,33.088124716488316],[-80.35060242013148,33.09018468165533]]]},"properties":{"fire_id":"F4584","date":"2026-09-27","area_ha":68.6,"cumulative_ha":95.0,"frp_sum":2.5,"n_detections":4,"first_seen":"2026-09-25","last_seen":"2026-09-27","centroid":[-80.34747,33.0923],"history":[{"date":"2026-09-25","area_ha":53.2},{"date":"2026-09-26","area_ha":25.7},{"date":"2026-09-27","area_ha":68.6}],"track":[[-80.3475383522471,33.08980369028818],[-80.34418837309987,33.090007722682756],[-80.34747233686569,33.09229761688293]],"growth_24h_ha":42.89,"speed_km_day":0.4,"bearing_deg":300.56,"direction":"WNW"}},{"type":"Feature","geometry":{"type":"Polygon","coordinates":[[[-87.51618612157426,33.231093602742014],[-87.5162196606055,33.23125435748375],[-87.51623423679933,33.23141705277304],[-87.51622971249927,33.231580153437484],[-87.51620613027818,33.231742120471196],[-87.51616371254114,33.23190142555681],[-87.51610285943117,33.23205656548693],[-87.5160241450575,33.232206076348966],[-87.51592831208187,33.23234854733948],[-87.51581626471403,33.2324826340775],[-87.51568906018184,33.23260707129151],[-87.51554789875708,33.232720684759855],[-87.51054788073834,33.23637073639566],[-87.51039114241077,33.236474200074895],[-87.5102228448626,33.236564313563555],[-87.51004463509966,33.23664019497217],[-87.50985825714979,33.2367011016905],[-87.50966553499296,33.2367464376561],[-87.50946835470829,33.236775759188625],[-87.50926864601281,33.23678877933256],[-87.50906836337275,33.23678537066607],[-87.50886946687234,33.236765566548094],[-87.50867390302771,33.236729560791964],[-87.50848358573349,33.23667770576825],[-87.50830037752918,33.23661050895569],[-87.50812607136842,33.23652862797405],[-87.50796237306996,33.23643286414724],[-87.50781088462205,33.23632415466019],[-87.50767308850378,33.2362035633858],[-87.50755033317692,33.23607227047215],[-87.50744381989018,33.235931560791855],[-87.50735459092499,33.235782811366676],[-87.50728351939796,33.235627477890255],[-87.50723130071943,33.23546708048142],[-87.50719844579197,33.23530318880724],[-87.5071852760148,33.23513740672126],[-87.50719192014327,33.234971356567726],[-87.5072183130337,33.234806663305164],[-87.50726419628565,33.23464493860473],[-87.5073291207754,33.23448776507883],[-87.50741245105542,33.23433668079455],[-87.50751337157661,33.234193164223285],[-87.50763089467257,33.23405861977392],[-87.50993023907138,33.231682976545166],[-87.51012768616988,33.22839643285672],[-87.51014688331642,33.22823475698682],[-87.51018482279468,33.22807537589394],[-87.51024114950953,33.227919780838455],[-87.510315336333,33.227769427648724],[-87.5111653638149,33.2262594396855],[-87.51125942448454,33.22611193880533],[-87.51137066600927,33.22597290795566],[-87.51149799026257,33.225843719482754],[-87.51164014038751,33.22572564857491],[-87.51179571320418,33.2256198606769],[-87.51196317306085,33.22552739998736],[-87.51214086699142,33.22544917915328],[-87.51232704103015,33.22538597026285],[-87.51251985752253,33.22533839722553],[-87.51271741326134,33.22530692961478],[-87.5129177582693,33.22529187803367],[-87.51311891504282,33.22529339104973],[-87.51331889806741,33.225311453728665],[-87.51351573341175,33.22534588778172],[-87.51370747820792,33.22539635332524],[-87.51389223982491,33.22546235223495],[-87.51406819454714,33.22554323306194],[-87.51423360557293,33.22563819746191],[-87.51438684015616,33.225746308074015],[-87.51452638572155,33.22586649777219],[-87.51465086479455,33.22599758019683],[-87.51475904859879,33.22613826146383],[-87.51484986918666,33.226287152934795],[-87.51492242998322,33.22644278492276],[-87.51497601463929,33.22660362119832],[-87.51618612157426,33.231093602742014]]]},"properties":{"fire_id":"F2977","date":"2026-09-27","area_ha":60.7,"cumulative_ha":182.4,"frp_sum":8.0,"n_detections":5,"first_seen":"2026-09-13","last_seen":"2026-09-27","centroid":[-87.51207,33.2312],"history":[{"date":"2026-09-13","area_ha":90.3},{"date":"2026-09-14","area_ha":88.1},{"date":"2026-09-15","area_ha":38.3},{"date":"2026-09-16","area_ha":81.3},{"date":"2026-09-17","area_ha":106.5},{"date":"2026-09-18","area_ha":132.6},{"date":"2026-09-19","area_ha":86.7},{"date":"2026-09-20","area_ha":85.8},{"date":"2026-09-21","area_ha":101.7},{"date":"2026-09-23","area_ha":111.4},{"date":"2026-09-24","area_ha":68.3},{"date":"2026-09-26","area_ha":37.2},{"date":"2026-09-27","area_ha":60.7}],"track":[[-87.51124389343846,33.234035544574304],[-87.51042781645938,33.233541951513295],[-87.50823072443751,33.23658098961309],[-87.51112733243865,33.233324409384764],[-87.51157046136966,33.23336463407942],[-87.51110412265349,33.23422470174797],[-87.51005901222891,33.23230736183684],[-87.51042964205945,33.2331009381946],[-87.5104238834499,33.23367187639867],[-87.51045408671924,33.23458483277577],[-87.51079639525202,33.23393908913908],[-87.51183215490157,33.233705600380006],[-87.51206614993373,33.231197379562914]],"growth_24h_ha":23.53,"speed_km_day":0.28,"bearing_deg":179.31,"direction":"S"}},{"type":"Feature","geometry":{"type":"Polygon","coordinates":[[[-84.80169718414865,34.242286005869765],[-84.80165679650665,34.242447052533336],[-84.80159732049918,34.24260409249462],[-84.80151932743664,34.24275561697311],[-84.8014235665468,34.242900170171126],[-84.80131095778019,34.243036363261595],[-84.80118258297406,34.243162887732645],[-84.8010396754607,34.24327852796068],[-84.80088360821897,34.24338217289122],[-84.8007158806835,34.24347282671507],[-84.8005381043379,34.243549618437186],[-84.80035198723073,34.24361181024637],[-84.8001593175627,34.2436588046053],[-84.79996194650325,34.243690149992474],[-84.79976177040155,34.243705545241205],[-84.79956071256294,34.24370484243369],[-84.79936070476619,34.243688048322575],[-84.79916366869926,34.24365532426586],[-84.79897149749209,34.2436069846765],[-84.79878603752398,34.243543494000875],[-84.79860907068071,34.2434654622557],[-84.79844229723179,34.24337363916606],[-84.79828731949256,34.24326890696093],[-84.79814562642818,34.24315227189569],[-84.79801857934766,34.24302485458261],[-84.79790739882506,34.24288787922308],[-84.79781315297394,34.24274266184432],[-84.79773674718737,34.242590597654],[-84.7976789154419,34.24243314763454],[-84.7976402132496,34.24227182450542],[-84.79762101232473,34.24210817818885],[-84.79762149701705,34.241943780918305],[-84.7977115346143,34.2405137823561],[-84.79772751626484,34.2403740884287],[-84.79775772046372,34.24023597545458],[-84.79834777361187,34.238065984665795],[-84.79840172441473,34.23790558052978],[-84.79847484219962,34.23775033579203],[-84.79856640752935,34.2376017777369],[-84.79867551949646,34.23746136785787],[-84.79880110458954,34.23733048748093],[-84.79894192725672,34.23721042417651],[-84.79909660206233,34.237102359094],[-84.79926360731722,34.23700735534347],[-84.79944130004851,34.23692634753835],[-84.79962793216167,34.236860132602565],[-84.7998216676357,34.23680936193163],[-84.80002060058276,34.236774534985685],[-84.80022277399436,34.23675599437689],[-84.80042619899004,34.236753922499375],[-84.80062887437927,34.23676833973533],[-84.80082880634433,34.236799104254516],[-84.80102402805076,34.23684591340925],[-84.80121261899257,34.2369083067113],[-84.8013927238822,34.2369856703611],[-84.80156257089935,34.23707724328512],[-84.80172048911953,34.23718212462189],[-84.8018649249508,34.23729928258304],[-84.80199445741721,34.237427564602285],[-84.80210781213839,34.237565708672655],[-84.80220387386808,34.23771235576046],[-84.80228169746802,34.237866063173875],[-84.80234051720902,34.23802531875468],[-84.80237975430799,34.23818855575386],[-84.80239902262623,34.238354168244335],[-84.80239813247302,34.238520526919594],[-84.80237709247676,34.23868599512261],[-84.80169718414865,34.242286005869765]]]},"properties":{"fire_id":"F4790","date":"2026-09-27","area_ha":26.7,"cumulative_ha":26.7,"frp_sum":3.4,"n_detections":3,"first_seen":"2026-09-27","last_seen":"2026-09-27","centroid":[-84.79998,34.24023],"history":[{"date":"2026-09-27","area_ha":26.7}],"track":[[-84.79998166219936,34.24022851529564]],"growth_24h_ha":null,"speed_km_day":null,"bearing_deg":null,"direction":null}},{"type":"Feature","geometry":{"type":"Polygon","coordinates":[[[-79.88610030444012,34.37302764516633],[-79.8862394369851,34.372904233442206],[-79.88639297614921,34.3727927806528],[-79.88655938638016,34.37269440140505],[-79.886737003426,34.37261007955751],[-79.88692405097807,34.37254065838267],[-79.88711865843338,34.37248683213485],[-79.88731887959942,34.372449139108355],[-79.88752271215404,34.37242795625517],[-79.88772811766621,34.37242349541578],[-79.8879330419776,34.37243580120111],[-79.8881354357412,34.37246475054634],[-79.89158536676298,34.373104738280254],[-79.89177600121947,34.37314807522314],[-79.89196064370316,34.37320617866723],[-79.89213758154872,34.37327850967148],[-79.89230517354257,34.373364397325005],[-79.89246186514424,34.37346304496909],[-79.89260620290447,34.373573537585656],[-79.89273684794631,34.37369485028342],[-79.89285258838443,34.37382585780309],[-79.89295235056711,34.373965344953966],[-79.89303520903688,34.374112017884265],[-79.89310039511733,34.37426451608186],[-79.89314730404618,34.374421424992875],[-79.89317550058855,34.37458128914245],[-79.89318472307812,34.374742625634916],[-79.89317488584855,34.37490393790875],[-79.8931460800325,34.3750637296186],[-79.89309857272067,34.375220518515654],[-79.89303280448844,34.375372850197536],[-79.89294938531295,34.375519311600115],[-79.89284908891834,34.37565854410626],[-79.89273284560146,34.37578925614963],[-79.89260173360458,34.375910235196734],[-79.89245696911486,34.37602035899604],[-79.8922998949835,34.37611860598965],[-79.89213196826904,34.37620406479088],[-79.88930193151239,34.377494086929126],[-79.88911635424968,34.37756892862606],[-79.88892249179067,34.377628152359364],[-79.88872231163508,34.37767115706879],[-79.88851784541302,34.37769750629972],[-79.88831116826236,34.37770693263363],[-79.88810437776418,34.37769934040255],[-79.88789957265013,34.37767480666011],[-79.88567952742866,34.37731479971922],[-79.88548327836891,34.37727468628571],[-79.88529281425677,34.37721901680894],[-79.8851099815397,34.377148330975885],[-79.88493655266917,34.37706331404784],[-79.88477420891547,34.376964790216135],[-79.88462452406733,34.37685371461089],[-79.88448894917418,34.37673116404026],[-79.88436879847941,34.37659832655004],[-79.8842652366805,34.376456489905216],[-79.88417926764015,34.37630702910442],[-79.88411172465699,34.37615139304934],[-79.88406326239094,34.375991090497735],[-79.88403435052066,34.37582767543636],[-79.88402526919492,34.37566273201599],[-79.88403610632152,34.37549785919409],[-79.88406675671995,34.375334655234575],[-79.88411692314595,34.37517470221441],[-79.88418611917763,34.375019550687576],[-79.88427367393513,34.374870704655066],[-79.88437873858774,34.37472960698626],[-79.88450029458569,34.37459762543317],[-79.88610030444012,34.37302764516633]]]},"properties":{"fire_id":"F4791","date":"2026-09-27","area_ha":36.0,"cumulative_ha":36.0,"frp_sum":9.0,"n_detections":4,"first_seen":"2026-09-27","last_seen":"2026-09-27","centroid":[-79.8885,34.37508],"history":[{"date":"2026-09-27","area_ha":36.0}],"track":[[-79.88850139328046,34.37507512982747]],"growth_24h_ha":null,"speed_km_day":null,"bearing_deg":null,"direction":null}},{"type":"Feature","geometry":{"type":"Polygon","coordinates":[[[-83.40615842239693,45.07036183829781],[-83.40638748899336,45.07038471092018],[-83.40661234090344,45.070423174668676],[-83.40683086034291,45.070476867275396],[-83.40704098915735,45.07054528303945],[-83.40724074820353,45.070627777588626],[-83.40742825598741,45.07072357394697],[-83.4076017463833,45.07083176985113],[-83.40775958526753,45.070951346246595],[-83.40790028590978,45.07108117688387],[-83.40802252297738,45.07122003892431],[-83.4081251450205,45.07136662445603],[-83.40820718532062,45.07151955281096],[-83.40826787099996,45.07167738356782],[-83.40830663030601,45.071838630117995],[-83.40832309800228,45.07200177366699],[-83.40831711881434,45.07216527753948],[-83.4082887488984,45.072327601653186],[-83.40823825531852,45.072487217025405],[-83.40816611353715,45.07264262017546],[-83.40807300294199,45.07279234728735],[-83.40795980045176,45.07293498799922],[-83.40782757226044,45.07306919868987],[-83.40767756379778,45.07319371513656],[-83.40751118800034,45.07330736442551],[-83.40733001200385,45.07340907600225],[-83.40713574238174,45.073497891757924],[-83.40693020906912,45.073572975056464],[-83.4067153481238,45.07363361861715],[-83.40649318348649,45.07367925117894],[-83.40626580791246,45.07370944288283],[-83.40603536325423,45.07372390932226],[-83.4049753367295,45.07375391019441],[-83.40473021797067,45.07375192839905],[-83.40448668327465,45.07373215974014],[-83.40262663854682,45.073512153427316],[-83.4023962907529,45.073476546961345],[-83.40217204585855,45.07342502573785],[-83.40195609804674,45.07335809388927],[-83.40175056029797,45.073276406338216],[-83.40155744371185,45.073180762387615],[-83.40137863782691,45.07307209789767],[-83.40121589213071,45.07295147612695],[-83.40107079894153,45.072820077326334],[-83.40094477782934,45.07267918718863],[-83.40083906172808,45.07253018426658],[-83.40075468487544,45.072374526482186],[-83.40069247269766,45.072213736860164],[-83.40065303373858,45.07204938862458],[-83.4006367537113,45.07188308980471],[-83.40064379173069,45.07171646750103],[-83.40067407876327,45.07155115196509],[-83.40072731830945,45.07138876064893],[-83.40080298931088,45.07123088238059],[-83.40090035125479,45.071079061819844],[-83.40101845142453,45.07093478434684],[-83.40115613422557,45.07079946153097],[-83.40131205249533,45.070674417322245],[-83.40148468068615,45.07056087510027],[-83.40167232979232,45.07045994570725],[-83.40187316387508,45.07037261658207],[-83.40208521802381,45.07029974210177],[-83.40230641757812,45.07024203522469],[-83.4025345984222,45.070200060516875],[-83.40276752815394,45.070174228630165],[-83.40300292792102,45.070164792285645],[-83.40323849471116,45.07017184380184],[-83.40615842239693,45.07036183829781]]]},"properties":{"fire_id":"F1552","date":"2026-09-27","area_ha":19.8,"cumulative_ha":141.5,"frp_sum":11.1,"n_detections":3,"first_seen":"2026-09-01","last_seen":"2026-09-27","centroid":[-83.40448,45.07196],"history":[{"date":"2026-09-01","area_ha":43.7},{"date":"2026-09-02","area_ha":40.2},{"date":"2026-09-03","area_ha":70.5},{"date":"2026-09-04","area_ha":28.6},{"date":"2026-09-05","area_ha":35.6},{"date":"2026-09-06","area_ha":65.4},{"date":"2026-09-07","area_ha":58.5},{"date":"2026-09-10","area_ha":73.1},{"date":"2026-09-11","area_ha":68.3},{"date":"2026-09-12","area_ha":53.9},{"date":"2026-09-13","area_ha":72.0},{"date":"2026-09-14","area_ha":22.1},{"date":"2026-09-16","area_ha":30.1},{"date":"2026-09-17","area_ha":39.8},{"date":"2026-09-18","area_ha":62.6},{"date":"2026-09-19","area_ha":60.6},{"date":"2026-09-22","area_ha":30.1},{"date":"2026-09-23","area_ha":61.3},{"date":"2026-09-24","area_ha":33.8},{"date":"2026-09-25","area_ha":30.7},{"date":"2026-09-26","area_ha":66.6},{"date":"2026-09-27","area_ha":19.8}],"track":[[-83.403917721129,45.07250687449736],[-83.40613974708137,45.07275456281799],[-83.40880291250855,45.07243782470169],[-83.40581430516792,45.07250433195331],[-83.40481446199482,45.072238333026895],[-83.40475457173808,45.072722356340314],[-83.40570855053355,45.07350715506756],[-83.40391379437803,45.07226217714091],[-83.40706888139786,45.07239523080157],[-83.40564668707728,45.07259822077909],[-83.4044422698552,45.07275245067559],[-83.40369001673119,45.07142352666233],[-83.40277730181491,45.07306310765608],[-83.40516683960647,45.07219288633925],[-83.4073888459498,45.07263068824104],[-83.40876950799303,45.073035406288376],[-83.40692338043793,45.07158698158843],[-83.40533369285305,45.07220965822623],[-83.40707131429711,45.07204276771666],[-83.40575050478402,45.07207795094685],[-83.40485797607437,45.07203189952799],[-83.40447975274182,45.071957847400796]],"growth_24h_ha":-46.79,"speed_km_day":0.03,"bearing_deg":97.89,"direction":"E"}},{"type":"Feature","geometry":{"type":"Polygon","coordinates":[[[-81.03858910221196,46.48612111935954],[-81.03880411987647,46.48619572809087],[-81.03900750353984,46.486284700950236],[-81.03919727163276,46.4863871711075],[-81.03937157521456,46.48650214022798],[-81.03952871598646,46.48662848819702],[-81.03966716283831,46.486764984030614],[-81.03978556676792,46.486910297866615],[-81.03988277402718,46.48706301391932],[-81.0399578373671,46.487221644271585],[-81.04001002527188,46.48738464336996],[-81.04003882909204,46.48755042308196],[-81.04004396800661,46.48771736816866],[-81.03985414151275,46.492427372218465],[-81.03983637489397,46.49258938707276],[-81.03979631658657,46.49274947056228],[-81.03973433597997,46.492906145865845],[-81.03965100471399,46.49305796759151],[-81.03954709141078,46.49320353511173],[-81.03942355458864,46.493341505486256],[-81.0392815338231,46.49347060585271],[-81.039122339237,46.49358964517155],[-81.03894743941584,46.4936975252158],[-81.03875844786033,46.49379325070513],[-81.03855710810083,46.493875938489815],[-81.03834527761114,46.49394482570049],[-81.03812491067005,46.49399927678785],[-81.03789804032883,46.49403878938782],[-81.03487796748979,46.49445880203549],[-81.0346331108949,46.49448394002072],[-81.03438584582324,46.49449168056119],[-81.03413872699103,46.49448194368127],[-81.03389430760333,46.49445482998287],[-81.0336551129684,46.4944106196058],[-81.0334236144009,46.49434976933264],[-81.0285235214161,46.49285972741416],[-81.02830682661398,46.492784700525306],[-81.02810192796169,46.49269509489434],[-81.02791085110634,46.49259179640502],[-81.02773548502266,46.492475826309764],[-81.02757756333735,46.4923483311311],[-81.02743864719051,46.49221057132431],[-81.02732010980382,46.492063908814146],[-81.02722312290781,46.491909793528194],[-81.02714864516204,46.491749749060936],[-81.0270974126832,46.49158535760965],[-81.02706993177378,46.49141824433151],[-81.02706647392355,46.49125006127656],[-81.02708707313272,46.4910824710553],[-81.02713152558309,46.49091713040256],[-81.02719939165996,46.490755673799974],[-81.02729000030482,46.49059969731912],[-81.02740245565539,46.49045074284481],[-81.02753564590695,46.49031028283456],[-81.02768825430746,46.4901797057647],[-81.02785877217745,46.49006030240728],[-81.02804551382584,46.489953253072585],[-81.02824663321428,46.4898596159441],[-81.02846014220513,46.48978031662045],[-81.02868393021288,46.48971613896812],[-81.02891578506475,46.48966771737474],[-81.02915341486451,46.48963553047998],[-81.0293944706434,46.48961989644538],[-81.02963656957468,46.48962096981029],[-81.02987731852251,46.489638739964725],[-81.03011433769244,46.48967303125418],[-81.03034528415046,46.48972350471546],[-81.03046617351323,46.489754592162676],[-81.03032606432635,46.486236813205196],[-81.03033160950604,46.486066715636504],[-81.03036171891924,46.485897865450774],[-81.03041608781054,46.48573197063184],[-81.0304941660409,46.48557070925373],[-81.03059516365941,46.4854157125073],[-81.0307180589002,46.485268548202015],[-81.03086160852308,46.485130704909096],[-81.03102436039333,46.48500357690669],[-81.03120466817325,46.48488845007905],[-81.03140070797642,46.48478648891237],[-81.03161049681671,46.48469872471856],[-81.03183191266494,46.48462604520615],[-81.0320627159106,46.48456918550335],[-81.03230057201199,46.48452872072453],[-81.03254307510507,46.48450506015446],[-81.03278777233328,46.48449844310981],[-81.03303218865213,46.48450893651909],[-81.03327385185777,46.484536434246024],[-81.03351031758697,46.48458065816264],[-81.03373919403585,46.48464116096179],[-81.03858910221196,46.48612111935954]]]},"properties":{"fire_id":"F3973","date":"2026-09-27","area_ha":79.3,"cumulative_ha":188.8,"frp_sum":9.5,"n_detections":6,"first_seen":"2026-09-21","last_seen":"2026-09-27","centroid":[-81.03434,46.48983],"history":[{"date":"2026-09-21","area_ha":137.7},{"date":"2026-09-22","area_ha":50.4},{"date":"2026-09-23","area_ha":30.3},{"date":"2026-09-26","area_ha":100.9},{"date":"2026-09-27","area_ha":79.3}],"track":[[-81.03923985226773,46.48653538512953],[-81.03664828452705,46.4877563286291],[-81.03473508857867,46.48851316652946],[-81.03569295317492,46.48686822604223],[-81.03433642874265,46.489826722441464]],"growth_24h_ha":-21.59,"speed_km_day":0.34,"bearing_deg":8.65,"direction":"N"}},{"type":"Feature","geometry":{"type":"Polygon","coordinates":[[[-103.18399887959549,48.372691264191445],[-103.1841705817025,48.37254128101471],[-103.18436581036909,48.3724052285325],[-103.18720580162137,48.370635271630825],[-103.18739710749102,48.37052740783089],[-103.18760320069423,48.370432951561895],[-103.18782205337281,48.37035283218514],[-103.18805151215089,48.37028783799646],[-103.18828931931951,48.37023860847191],[-103.18853313504702,48.37020562797792],[-103.18878056039634,48.370189221006825],[-103.18902916092325,48.370189548985245],[-103.18927649062357,48.37020660868625],[-103.18952011599394,48.37024023226105],[-103.18975763996983,48.37029008889007],[-103.18998672550528,48.37035568803678],[-103.19020511856296,48.37043638427284],[-103.19041067028833,48.37053138362659],[-103.19060135814992,48.37063975139302],[-103.19077530583799,48.37076042132816],[-103.19093080172597,48.37089220613747],[-103.19106631571259,48.37103380915562],[-103.19118051427974,48.37118383710233],[-103.19127227361699,48.37134081378901],[-103.19134069068424,48.371503194641726],[-103.19138509210299,48.371669381897476],[-103.19140504078867,48.37183774032403],[-103.19140034025862,48.37200661330958],[-103.19137103657293,48.37217433916276],[-103.19131741788873,48.37233926746383],[-103.19124001163215,48.372499775305236],[-103.19006007623743,48.37458980003837],[-103.18996257654693,48.37474032076553],[-103.18984415794597,48.374883749575055],[-103.18970592491986,48.375018748535524],[-103.18954916680866,48.37514405834053],[-103.18937534578276,48.37525851005798],[-103.18918608320527,48.375361036036104],[-103.18898314450816,48.37545067986536],[-103.18565309447735,48.37677071754341],[-103.18543845618224,48.37684660954175],[-103.18521404561382,48.37690808686267],[-103.18498195439832,48.3769545764874],[-103.18474434576663,48.376985645093264],[-103.1845034343875,48.37700100309394],[-103.18426146572071,48.377000507339375],[-103.18402069508306,48.3769841624504],[-103.18378336662227,48.376952120775755],[-103.18355169239504,48.37690468097162],[-103.1833278317448,48.37684228521697],[-103.18311387117107,48.37676551509114],[-103.18291180487876,48.376675086151316],[-103.18272351618843,48.376571841261395],[-103.1825507599813,48.37645674273389],[-103.18239514634233,48.376330863358504],[-103.18225812555427,48.37619537640087],[-103.1821409745821,48.37605154466504],[-103.18204478517423,48.375900708721645],[-103.18197045369092,48.37574427441131],[-103.18191867275472,48.3755836997403],[-103.18188992480066,48.37542048129028],[-103.181884477586,48.375256140269045],[-103.18190238170108,48.375092208332354],[-103.18194347010447,48.37493021330865],[-103.18200735968638,48.37477166496035],[-103.18209345484534,48.374618040913724],[-103.18220095304494,48.37447077288895],[-103.1823288522984,48.37433123335846],[-103.18399887959549,48.372691264191445]]]},"properties":{"fire_id":"F4542","date":"2026-09-27","area_ha":33.5,"cumulative_ha":57.4,"frp_sum":4.0,"n_detections":4,"first_seen":"2026-09-25","last_seen":"2026-09-27","centroid":[-103.18679,48.37367],"history":[{"date":"2026-09-25","area_ha":47.6},{"date":"2026-09-27","area_ha":33.5}],"track":[[-103.18970439618259,48.374677652964046],[-103.18678771085503,48.37367470968773]],"growth_24h_ha":-7.05,"speed_km_day":0.12,"bearing_deg":121.18,"direction":"ESE"}},{"type":"Feature","geometry":{"type":"Polygon","coordinates":[[[-103.16090157760695,48.37188214706582],[-103.16113472827806,48.371927435273115],[-103.16136034583108,48.371987819548856],[-103.16157631821726,48.37206273464125],[-103.16178062365773,48.3721514792741],[-103.16197134956707,48.37225322270971],[-103.16214671045567,48.3723670125234],[-103.16230506464352,48.37249178351718],[-103.16244492962883,48.37262636768901],[-103.16256499596804,48.37276950516465],[-103.16266413953653,48.372919855989466],[-103.16274143205601,48.37307601267049],[-103.16279614978923,48.37323651335088],[-103.16282778032074,48.37339985549365],[-103.16283602736003,48.37356450994699],[-103.16282081352178,48.373728935259],[-103.162782281057,48.37389159210826],[-103.16272079052796,48.37405095771494],[-103.16263691743893,48.37420554009758],[-103.16253144685444,48.374353892042144],[-103.1624053660546,48.374494624652236],[-103.16225985529663,48.37462642035398],[-103.16209627676868,48.374748045233275],[-103.16191616183917,48.3748583605902],[-103.16172119672105,48.374956333602114],[-103.16151320668517,48.37504104699539],[-103.16129413897066,48.37511170763567],[-103.16106604455204,48.37516765395525],[-103.16083105893433,48.37520836214901],[-103.15982103392135,48.37534836668215],[-103.15958286681617,48.37537334597806],[-103.15934226931685,48.37538266983387],[-103.1591014659215,48.37537625204203],[-103.15886268303225,48.375354151940876],[-103.1586281283659,48.37531657386579],[-103.15839997053716,48.37526386525948],[-103.1556399133745,48.37452384251278],[-103.15541925949896,48.374456136800276],[-103.15520925167986,48.374374282299385],[-103.155011849785,48.37427904293581],[-103.15482889601338,48.374171307548075],[-103.1546620977018,48.37405208159006],[-103.15451301139115,48.37392247774552],[-103.15438302830118,48.373783705541854],[-103.15427336134942,48.37363706005995],[-103.15418503383508,48.373483909846115],[-103.15411886989355,48.37332568413869],[-103.15407548681064,48.37316385952851],[-103.15405528926759,48.37299994617793],[-103.15405846557091,48.37283547372726],[-103.15408498590165,48.37267197701965],[-103.15413460260025,48.372510981778156],[-103.1542068524842,48.37235399036851],[-103.15430106117645,48.37220246778015],[-103.15441634940414,48.37205782795671],[-103.15455164120853,48.371921420603265],[-103.15470567398933,48.37179451859326],[-103.15487701028974,48.37167830609282],[-103.15506405121195,48.37157386751294],[-103.15526505133795,48.37148217739267],[-103.15547813501628,48.37140409130752],[-103.15570131386305,48.371340337887965],[-103.15593250531373,48.371291512022246],[-103.15616955205286,48.37125806930687],[-103.15641024214044,48.37124032179673],[-103.15665232964764,48.371238435094064],[-103.15689355560907,48.371252426803714],[-103.15713166909674,48.371282166368886],[-103.16090157760695,48.37188214706582]]]},"properties":{"fire_id":"F4543","date":"2026-09-27","area_ha":22.5,"cumulative_ha":51.2,"frp_sum":1.7,"n_detections":3,"first_seen":"2026-09-25","last_seen":"2026-09-27","centroid":[-103.15844,48.37329],"history":[{"date":"2026-09-25","area_ha":41.9},{"date":"2026-09-27","area_ha":22.5}],"track":[[-103.1581625577025,48.37536791548796],[-103.15844371005679,48.37329282735889]],"growth_24h_ha":-9.68,"speed_km_day":0.11,"bearing_deg":189.57,"direction":"S"}},{"type":"Feature","geometry":{"type":"Polygon","coordinates":[[[-103.73257126199464,48.56469127037064],[-103.73276594628152,48.564450627453084],[-103.73289682302159,48.56430635785638],[-103.7330481793672,48.56417160796583],[-103.73321852004592,48.56404770886987],[-103.73340616228083,48.56393588446112],[-103.73360925241492,48.5638372393492],[-103.73382578422202,48.56375274795167],[-103.73405361872345,48.56368324487108],[-103.73429050531473,48.56362941665286],[-103.73453410399384,48.563591795005685],[-103.73478200847138,48.563570751550586],[-103.73503176993506,48.563566494151395],[-103.73528092123351,48.56357906486189],[-103.73552700124124,48.5636083395108],[-103.73576757916386,48.563654028927736],[-103.73600027854437,48.56371568179882],[-103.73622280073307,48.563792689123446],[-103.7364329475899,48.56388429022827],[-103.73662864319488,48.563989580279085],[-103.73680795435254,48.5641075192164],[-103.73696910968792,48.564236942027094],[-103.73711051714534,48.564376570249756],[-103.73723077971734,48.56452502460131],[-103.73732870924816,48.56468083859965],[-103.73740333817557,48.564842473047854],[-103.73745392909434,48.56500833123732],[-103.73747998204743,48.56517677471952],[-103.73756002050443,48.566166772916084],[-103.73756128633686,48.56633601427241],[-103.7375377798912,48.566504506132205],[-103.73748973285204,48.566670586418375],[-103.73741761899171,48.56683261682657],[-103.73732214950401,48.56698899898731],[-103.73720426599505,48.56713819023463],[-103.73706513120045,48.56727871882572],[-103.73690611751985,48.567409198461505],[-103.73672879348209,48.56752834196451],[-103.73653490827405,48.56763497397932],[-103.73632637448613,48.56772804256988],[-103.73610524924406,48.56780662959946],[-103.73587371391386,48.567869959790265],[-103.73563405257957,48.567917408373965],[-103.73538862950684,48.567948507256766],[-103.73513986581462,48.56796294963862],[-103.73348982225187,48.56800295096973],[-103.73324366992028,48.56800074083846],[-103.73299901686067,48.5679822206829],[-103.73275820939666,48.56794756812272],[-103.73252355696239,48.56789711549683],[-103.73229730994929,48.567831346675064],[-103.73208163811975,48.56775089241622],[-103.7318786097949,48.56765652431724],[-103.73169017201624,48.56754914741109],[-103.73151813187164,48.56742979148511],[-103.73136413916467,48.56729960120255],[-103.73122967059379,48.567159825122765],[-103.73111601559278,48.56701180372481],[-103.73102426396841,48.56685695654998],[-103.7309552954536,48.56669676858636],[-103.73090977127633,48.56653277602618],[-103.7308881278246,48.566366551532646],[-103.7308905724683,48.56619968915744],[-103.73091708157764,48.56603378905384],[-103.73096740075687,48.565870442131725],[-103.73104104729083,48.56571121480207],[-103.73113731478058,48.56555763395676],[-103.73125527992336,48.56541117232781],[-103.73139381137176,48.5652732343668],[-103.73155158058674,48.56514514277895],[-103.73172707458056,48.565028125841785],[-103.73191861042717,48.564923305629414],[-103.7321243514006,48.56483168725513],[-103.73234232458722,48.56475414923567],[-103.73257043980244,48.5646914350695],[-103.73257126199464,48.56469127037064]]]},"properties":{"fire_id":"F4806","date":"2026-09-27","area_ha":19.0,"cumulative_ha":19.0,"frp_sum":1.7,"n_detections":4,"first_seen":"2026-09-27","last_seen":"2026-09-27","centroid":[-103.73442,48.56593],"history":[{"date":"2026-09-27","area_ha":19.0}],"track":[[-103.73441567765093,48.56593034391202]],"growth_24h_ha":null,"speed_km_day":null,"bearing_deg":null,"direction":null}},{"type":"Feature","geometry":{"type":"Polygon","coordinates":[[[-103.36135913770997,48.57452285901302],[-103.36136260932447,48.57468896805815],[-103.36134220201716,48.57485451701685],[-103.36129810954958,48.57501793256357],[-103.36123075078716,48.575177661633035],[-103.36114076572498,48.575332186181164],[-103.36102900941145,48.575480037613374],[-103.36089654382734,48.57561981074381],[-103.3607446277972,48.5757501771518],[-103.36057470502898,48.57586989780961],[-103.36038839039504,48.57597783486041],[-103.36018745458551,48.57607296243513],[-103.35997380727909,48.576154376404716],[-103.35974947899187,48.57622130297559],[-103.3595166017765,48.57627310604581],[-103.35927738895525,48.57630929325271],[-103.35903411407982,48.576329520653886],[-103.35878908931811,48.57633359599697],[-103.35854464347348,48.5763214805477],[-103.35830309984577,48.576293289457965],[-103.35806675414462,48.57624929067116],[-103.35698672991283,48.57600928307453],[-103.35676105006623,48.57595085108844],[-103.35654468671852,48.57587800712913],[-103.35633963769953,48.57579142383844],[-103.35614779634298,48.57569190072363],[-103.35597093400209,48.57558035677288],[-103.35581068369267,48.575457821967426],[-103.35566852501468,48.57532542776874],[-103.35554577049163,48.575184396668824],[-103.35544355345377,48.57503603090013],[-103.35536281757699,48.57488170040924],[-103.35530430817386,48.57472283020585],[-103.35526856531706,48.574560887203724],[-103.35525591885852,48.57439736667485],[-103.35526648539005,48.574233778442874],[-103.35530016717325,48.57407163294192],[-103.35535665304855,48.573912427271075],[-103.35622672227676,48.57189244612608],[-103.35630893757848,48.57173182767484],[-103.35641435471075,48.57157756157143],[-103.35654192426358,48.57143118325834],[-103.3566903763625,48.57129414965653],[-103.35685823331211,48.57116782466656],[-103.357043824307,48.571053465596144],[-103.35724530206302,48.570952210648656],[-103.35746066120373,48.57086506759724],[-103.35768775821892,48.57079290375688],[-103.35792433279649,48.57073643735465],[-103.3581680303159,48.57069623038313],[-103.3584164252789,48.57067268300872],[-103.35866704544522,48.57066602959001],[-103.35891739643263,48.570676336346054],[-103.35916498653742,48.570703500697455],[-103.35940735152805,48.57074725228704],[-103.35964207916572,48.57080715566983],[-103.35986683320813,48.57088261464556],[-103.36007937665767,48.57097287819095],[-103.36027759402285,48.57107704793239],[-103.3604595123718,48.57119408708492],[-103.36062332096803,48.57132283076895],[-103.36076738929347,48.57146199760157],[-103.36089028327916,48.571610202447594],[-103.3609907795821,48.571765970203714],[-103.36106787776602,48.57192775047808],[-103.36112081026468,48.57209393302001],[-103.36114905002825,48.572262863745735],[-103.36135913770997,48.57452285901302]]]},"properties":{"fire_id":"F4544","date":"2026-09-27","area_ha":22.6,"cumulative_ha":64.7,"frp_sum":1.9,"n_detections":3,"first_seen":"2026-09-25","last_seen":"2026-09-27","centroid":[-103.35847,48.57359],"history":[{"date":"2026-09-25","area_ha":59.3},{"date":"2026-09-27","area_ha":22.6}],"track":[[-103.36294824892924,48.57292941565613],[-103.35847334554545,48.573593076506]],"growth_24h_ha":-18.36,"speed_km_day":0.17,"bearing_deg":82.1,"direction":"E"}},{"type":"Feature","geometry":{"type":"Polygon","coordinates":[[[-103.8120377279645,48.67718858418131],[-103.81223447925355,48.67728413633177],[-103.81241676561335,48.67739204026778],[-103.81258290157187,48.6775112983396],[-103.81273135095641,48.67764080791297],[-103.81286074109806,48.67777937156172],[-103.8129698755256,48.67792570813699],[-103.8130577450314,48.67807846461071],[-103.81312353700683,48.67823622858403],[-103.81316664296075,48.678397541345106],[-103.81318666415159,48.6785609113554],[-103.81318341528026,48.678724828040146],[-103.81315692621,48.67888777575532],[-103.81233705770775,48.68237779409201],[-103.81228544182356,48.68254377778275],[-103.812209716597,48.68270546771771],[-103.81211063148467,48.68286126325223],[-103.81198916721219,48.683009622078615],[-103.81184652607116,48.68314907549626],[-103.81168412002167,48.6832782429534],[-103.81150355671767,48.683395845716376],[-103.81130662359385,48.6835007195315],[-103.81109527017121,48.68359182615334],[-103.81087158875657,48.68366826362584],[-103.81063779372717,48.68372927521383],[-103.81039619960562,48.68377425689686],[-103.81014919814226,48.683802763350656],[-103.80989923463216,48.68381451235712],[-103.80964878370136,48.68380938759924],[-103.80940032480252,48.683787439812924],[-103.80915631766268,48.683748886284626],[-103.80891917792633,48.68369410869948],[-103.80869125323576,48.68362364936142],[-103.80847479998512,48.68353820582292],[-103.80827196097896,48.68343862397723],[-103.80808474421637,48.683325889681875],[-103.80791500301108,48.683201118996216],[-103.80540502179971,48.68116107532215],[-103.80525716408899,48.681028214840175],[-103.80512913735997,48.6808862315327],[-103.80502216043476,48.68073647725344],[-103.80493725169578,48.68058037783307],[-103.80487521939443,48.68041941950187],[-103.80483665396136,48.68025513473773],[-103.80482192239126,48.680089087674475],[-103.80483116475541,48.67992285920929],[-103.80486429287527,48.679758031950975],[-103.80492099116881,48.6795961751526],[-103.805000719662,48.67943882977201],[-103.80510271913597,48.67928749380201],[-103.80522601836091,48.67914360801033],[-103.80718605749627,48.677093645267846],[-103.80733033106095,48.676957849574855],[-103.80749356679311,48.67683227980915],[-103.80767419310722,48.67671814482125],[-103.80787047102575,48.67661654337223],[-103.80808051092086,48.67652845355838],[-103.80830229070494,48.6764547233976],[-103.80853367529517,48.676396062667635],[-103.80877243716476,48.676353036075355],[-103.80901627778304,48.67632605782177],[-103.80926284973864,48.67631538761604],[-103.80950977933223,48.67632112817594],[-103.8097546894224,48.676343224239425],[-103.80999522230458,48.67638146309639],[-103.81022906240281,48.67643547663577],[-103.81045395855682,48.67650474488823],[-103.81066774568933,48.676588601030225],[-103.8120377279645,48.67718858418131]]]},"properties":{"fire_id":"F4807","date":"2026-09-27","area_ha":37.0,"cumulative_ha":37.0,"frp_sum":2.5,"n_detections":4,"first_seen":"2026-09-27","last_seen":"2026-09-27","centroid":[-103.8093,48.67999],"history":[{"date":"2026-09-27","area_ha":37.0}],"track":[[-103.80930010746427,48.679992451755034]],"growth_24h_ha":null,"speed_km_day":null,"bearing_deg":null,"direction":null}},{"type":"Feature","geometry":{"type":"Polygon","coordinates":[[[-103.27602040441704,48.762604669776],[-103.27605720836426,48.76243651893372],[-103.27611857884605,48.762271681499406],[-103.27620390597912,48.76211179507499],[-103.27631234189545,48.76195844806058],[-103.27644280917185,48.761813163876255],[-103.27659401153893,48.76167738582945],[-103.27676444676301,48.76155246277893],[-103.27695242157283,48.76143963573728],[-103.27715606848264,48.76134002554486],[-103.27737336434451,48.76125462173773],[-103.27760215044567,48.761184272719895],[-103.2778401539512,48.76112967733743],[-103.27808501047915,48.76109137793802],[-103.27833428758434,48.761069754984945],[-103.2785855089173,48.761065023278476],[-103.27883617881895,48.76107722982288],[-103.27908380710689,48.76110625335965],[-103.28151374739603,48.76147624124653],[-103.28174813558917,48.7615200569871],[-103.2819751935651,48.76157894007906],[-103.28219280949854,48.761652342878115],[-103.28239895936301,48.761739582696165],[-103.28259172575315,48.76183984814919],[-103.28276931571635,48.761952206701494],[-103.28293007742812,48.762075613336954],[-103.28307251555577,48.762208920276386],[-103.28319530516808,48.76235088765047],[-103.28329730406105,48.76250019502974],[-103.2833775633853,48.76265545370395],[-103.28343533647595,48.76281521959677],[-103.283470085803,48.76297800669603],[-103.28348148797681,48.76314230087438],[-103.28346943676269,48.763306573972024],[-103.28343404407545,48.76346929801047],[-103.28337563894517,48.763628959405146],[-103.28329476446318,48.76378407304472],[-103.28212482321088,48.765724097634575],[-103.2820275768315,48.765866294166536],[-103.28191144594724,48.76600185498226],[-103.28177741055643,48.766129635971794],[-103.28162660178656,48.76624855867721],[-103.28146029235008,48.766357619396274],[-103.2812798858042,48.766455897655305],[-103.28108690470557,48.766542563979634],[-103.27965688386818,48.76712258067458],[-103.2794354329802,48.767202544775046],[-103.27920332290195,48.76726722063587],[-103.27896285417519,48.76731596720666],[-103.27871641020742,48.76734830132243],[-103.2784664336439,48.76736390249393],[-103.27821540215183,48.767362616085336],[-103.27796580385686,48.76734445484725],[-103.27772011267606,48.76730959879044],[-103.27748076379163,48.76725839340097],[-103.27725012950917,48.76719134621487],[-103.27703049573975,48.76710912178613],[-103.27682403933937,48.76701253509789],[-103.2766328065303,48.766902543482615],[-103.27645869261859,48.76678023713087],[-103.27630342320889,48.766646828283534],[-103.27616853710238,48.76650363921391],[-103.27605537104806,48.766352089119934],[-103.27596504649756,48.76619368005554],[-103.2757750594522,48.7658036759594],[-103.27570616970692,48.765632899132235],[-103.27566382565759,48.76545821276813],[-103.27564848330631,48.76528149896425],[-103.27566030772935,48.76510466164201],[-103.27602040441704,48.762604669776]]]},"properties":{"fire_id":"F4808","date":"2026-09-27","area_ha":31.2,"cumulative_ha":31.2,"frp_sum":5.0,"n_detections":5,"first_seen":"2026-09-27","last_seen":"2026-09-27","centroid":[-103.27928,48.76409],"history":[{"date":"2026-09-27","area_ha":31.2}],"track":[[-103.27928307528943,48.764087450581826]],"growth_24h_ha":null,"speed_km_day":null,"bearing_deg":null,"direction":null}},{"type":"Feature","geometry":{"type":"Polygon","coordinates":[[[-103.32920132821076,48.80856371927282],[-103.32925655559113,48.80873002304642],[-103.32928695540535,48.80889922251866],[-103.32929222392185,48.809069628277534],[-103.32927230833576,48.8092395388495],[-103.32922740730426,48.80940725768844],[-103.32915796897072,48.809571110115805],[-103.32906468649765,48.80972946004334],[-103.32894849115215,48.80988072631102],[-103.32881054301325,48.810023398476936],[-103.32865221939328,48.81015605190171],[-103.32847510108863,48.810277361976404],[-103.32828095659758,48.81038611735184],[-103.32807172446216,48.810481232037276],[-103.32784949391052,48.81056175624707],[-103.32761648399338,48.81062688588733],[-103.32737502142275,48.810675970587624],[-103.32712751733428,48.81070852019712],[-103.32687644320589,48.8107242096806],[-103.32662430617304,48.81072288236518],[-103.3263736239875,48.810704551505175],[-103.32612689986993,48.810669400149955],[-103.32588659750799,48.81061777931517],[-103.32565511644931,48.810550204476854],[-103.32543476813598,48.81046735042223],[-103.32522775281959,48.810370044509746],[-103.32503613758794,48.81025925840513],[-103.32320613386491,48.809089229826085],[-103.3230390255702,48.80897165866942],[-103.32288928724245,48.80884383897916],[-103.32275828698938,48.80870693870702],[-103.3226472216788,48.808562208768635],[-103.32255710600536,48.80841097161177],[-103.32248876322318,48.808254609130735],[-103.32244281762836,48.808094550038376],[-103.32241968886021,48.8079322568105],[-103.32241958807296,48.80776921232241],[-103.3224425160127,48.80760690629934],[-103.32248826301694,48.80744682170502],[-103.32255641093653,48.80729042119241],[-103.3233064585726,48.80583043729407],[-103.32339842236989,48.80567614766025],[-103.32351217976448,48.805528647389835],[-103.32364664874689,48.80538933923657],[-103.32380055035914,48.80525954803452],[-103.32397242086124,48.805140508100806],[-103.32416062565389,48.80503335149949],[-103.32436337482457,48.80493909727787],[-103.32457874016961,48.80485864177781],[-103.32480467353004,48.80479275011363],[-103.3250390262671,48.804742048898085],[-103.32527956969234,48.804707020284994],[-103.32552401625804,48.80468799738544],[-103.32577004130678,48.804685161100906],[-103.32601530517357,48.80469853840358],[-103.32625747543041,48.80472800207971],[-103.32649424906224,48.80477327193919],[-103.32672337436333,48.804833917479264],[-103.32694267234655,48.80490936197719],[-103.32715005746157,48.804998887973355],[-103.32734355742568,48.80510164409215],[-103.3275213319784,48.80521665313649],[-103.32768169038188,48.805342821378474],[-103.3278231075005,48.80547894895857],[-103.32794423830697,48.80562374129401],[-103.32804393067671,48.8057758213881],[-103.32812123634893,48.80593374292385],[-103.32920132821076,48.80856371927282]]]},"properties":{"fire_id":"F4809","date":"2026-09-27","area_ha":24.8,"cumulative_ha":24.8,"frp_sum":1.9,"n_detections":3,"first_seen":"2026-09-27","last_seen":"2026-09-27","centroid":[-103.32593,48.80775],"history":[{"date":"2026-09-27","area_ha":24.8}],"track":[[-103.32593182361657,48.80775355163435]],"growth_24h_ha":null,"speed_km_day":null,"bearing_deg":null,"direction":null}},{"type":"Feature","geometry":{"type":"Polygon","coordinates":[[[-100.8175437594259,49.06820718899748],[-100.81756249929037,49.068371658791996],[-100.81755760667791,49.068536580019284],[-100.81752912706322,49.06870041368041],[-100.81747732603266,49.06886163091028],[-100.81740268681241,49.06901872724529],[-100.81730590576545,49.06917023666391],[-100.81718788589876,49.06931474526847],[-100.8170497284413,49.06945090448168],[-100.81689272257144,49.06957744363349],[-100.81671833338908,49.06969318182125],[-100.81652818824499,49.069797038932535],[-100.81632406155481,49.06988804572727],[-100.81610785823928,49.069965352885205],[-100.81588159594541,49.07002823893429],[-100.81564738621468,49.07007611698551],[-100.81540741477387,49.07010854021178],[-100.81516392113296,49.070125206019064],[-100.81491917768034,49.0701259588713],[-100.81467546847104,49.0701107917424],[-100.81443506790572,49.070079846181805],[-100.81420021950008,49.07003341099305],[-100.81397311494263,49.06997191953772],[-100.81375587363691,49.069895945689815],[-100.8122258503167,49.0692959280719],[-100.81202145697881,49.06920664085977],[-100.81183072993335,49.06910453743998],[-100.81165543201217,49.06899056157658],[-100.8114971834097,49.068865766766365],[-100.81135744670785,49.068731306499224],[-100.81123751335939,49.06858842359416],[-100.81113849175378,49.06843843870984],[-100.81106129697645,49.06828273813611],[-100.81100664235545,49.068122760979],[-100.81097503287398,49.06795998585828],[-100.81096676050885,49.06779591723985],[-100.81098190153836,49.06763207153026],[-100.81102031584395,49.06746996306103],[-100.81108164821168,49.067311090092794],[-100.81116533162175,49.067156920968614],[-100.81127059249476,49.06700888054426],[-100.81139645784667,49.06686833702063],[-100.81154176428566,49.066736589300696],[-100.81277177435855,49.06572661106786],[-100.81293675088209,49.06560380984246],[-100.81311860553394,49.06549236188677],[-100.81331562661242,49.06539331613346],[-100.81352595969572,49.0653076047816],[-100.81374762509508,49.065236034525064],[-100.81397853648535,49.06517927896207],[-100.81421652053837,49.06513787225728],[-100.81445933737432,49.06511220411588],[-100.81470470163863,49.0651025161167],[-100.81495030400652,49.0651088994395],[-100.81519383291268,49.06513129400688],[-100.81543299630229,49.065169489049694],[-100.81566554319835,49.06522312508995],[-100.81588928488306,49.06529169732328],[-100.81610211549368,49.0653745603685],[-100.81630203183975,49.0654709343401],[-100.81648715225464,49.0655799121864],[-100.81665573430467,49.06570046822441],[-100.81680619118899,49.06583146779119],[-100.81693710667582,49.06597167792109],[-100.81704724843456,49.066119778948014],[-100.81713557963822,49.06627437692445],[-100.81720126872672,49.0664340167395],[-100.81724369723916,49.0665971958133],[-100.8175437594259,49.06820718899748]]]},"properties":{"fire_id":"F4810","date":"2026-09-27","area_ha":20.4,"cumulative_ha":20.4,"frp_sum":2.3,"n_detections":3,"first_seen":"2026-09-27","last_seen":"2026-09-27","centroid":[-100.81448,49.06766],"history":[{"date":"2026-09-27","area_ha":20.4}],"track":[[-100.81447806566236,49.06766240416414]],"growth_24h_ha":null,"speed_km_day":null,"bearing_deg":null,"direction":null}},{"type":"Feature","geometry":{"type":"Polygon","coordinates":[[[-89.63358570019861,40.63791150874934],[-89.63348961686965,40.6377433084484],[-89.63341861813217,40.637568261537524],[-89.63337355172388,40.63738845857272],[-89.63335495566297,40.63720604689393],[-89.63327504293183,40.63442604541623],[-89.63328129379961,40.634259848540864],[-89.63330952891106,40.63409493571192],[-89.63335946960099,40.63393293364431],[-89.63343062310709,40.63377544032946],[-89.63352228743594,40.63362400927337],[-89.63363355829252,40.633480134174114],[-89.63376333800427,40.633345234189484],[-89.63391034635175,40.6332206399401],[-89.63407313319894,40.63310758038635],[-89.63425009279825,40.633007170708005],[-89.6344394796296,40.63292040130622],[-89.63463942561687,40.63284812803635],[-89.63484795855209,40.632791063767776],[-89.63506302154602,40.63274977135387],[-89.63528249331299,40.63272465808142],[-89.63550420909031,40.63271597165428],[-89.63572598198624,40.63272379775064],[-89.63594562454563,40.632748059178134],[-89.63616097032161,40.63278851663509],[-89.63636989523984,40.63284477107033],[-89.6365703385455,40.63291626761831],[-89.63676032312625,40.63300230107102],[-89.63693797501105,40.63310202283235],[-89.6371015418525,40.63321444928669],[-89.64586154586222,40.63986433399646],[-89.64600857471827,40.63998754158558],[-89.64613866727527,40.64012100210761],[-89.64625055613648,40.64026341545794],[-89.64634315121667,40.64041339430957],[-89.6464155503646,40.64056947762644],[-89.64646704815529,40.64073014489485],[-89.64649714276709,40.64089383093476],[-89.64650554087538,40.64105894114659],[-89.64649216051589,40.641223867045184],[-89.64645713188908,40.64138700192915],[-89.64640079609737,40.6415467565336],[-89.64632370182798,40.64170157451341],[-89.64622660001258,40.64184994760601],[-89.64611043651632,40.641990430326366],[-89.64597634292682,40.642121654050534],[-89.64582562553304,40.6422423403508],[-89.64565975260095,40.642351313452174],[-89.6454803400703,40.6424475116891],[-89.64528913581148,40.64252999785027],[-89.64508800259597,40.64259796831107],[-89.6399579076322,40.64410800301207],[-89.63974804110963,40.64416094717579],[-89.63953220851748,40.64419808552463],[-89.63931252758859,40.64421905365737],[-89.6390911538233,40.644223645834586],[-89.63887025933558,40.64421181699781],[-89.6386520115357,40.64418368321171],[-89.63843855185928,40.64413952052495],[-89.63823197475146,40.64407976226113],[-89.63803430711249,40.64400499476607],[-89.63784748840685,40.64391595165337],[-89.63767335163107,40.6438135066049],[-89.6375136053271,40.64369866479673],[-89.63736981681797,40.64357255303469],[-89.63724339683,40.64343640869669],[-89.63713558565284,40.64329156759011],[-89.63358570019861,40.63791150874934]]]},"properties":{"fire_id":"F4423","date":"2026-09-27","area_ha":84.4,"cumulative_ha":92.2,"frp_sum":4.8,"n_detections":4,"first_seen":"2026-09-24","last_seen":"2026-09-27","centroid":[-89.63907,40.63888],"history":[{"date":"2026-09-24","area_ha":67.8},{"date":"2026-09-27","area_ha":84.4}],"track":[[-89.63957359241594,40.63793091110605],[-89.63906862564151,40.6388778153578]],"growth_24h_ha":5.55,"speed_km_day":0.04,"bearing_deg":17.93,"direction":"NNE"}},{"type":"Feature","geometry":{"type":"Polygon","coordinates":[[[-111.59784082254066,42.685234702078986],[-111.60080838998829,42.684919842174054],[-111.60103628183083,42.68490404454815],[-111.60126519951928,42.68490482408494],[-111.60149287889605,42.68492217307427],[-111.60171706804869,42.68495591992358],[-111.60193554957809,42.6850057308545],[-111.60214616252594,42.68507111320352],[-111.60234682374427,42.68515142029352],[-111.60253554849625,42.685245857828555],[-111.60271047008462,42.68535349174837],[-111.6028698583137,42.68547325746512],[-111.60301213660229,42.685603970391156],[-111.60313589757862,42.68574433765367],[-111.60323991700264,42.68589297088056],[-111.60332316587824,42.68604839993103],[-111.60338482063517,42.68620908743519],[-111.60342427128025,42.68637344399928],[-111.60344112743643,42.68653984392539],[-111.60343522221036,42.686706641291416],[-111.60340661384956,42.686872186230886],[-111.6033555851727,42.68703484125271],[-111.60328264077839,42.68719299743901],[-111.60318850205991,42.68734509036063],[-111.60307410007458,42.68748961555317],[-111.60294056633867,42.68762514340025],[-111.60278922163836,42.68775033327661],[-111.60262156296724,42.687863946811376],[-111.60243924871983,42.687964860139694],[-111.60224408228723,42.68805207502214],[-111.60203799421716,42.68812472872106],[-111.6018230231153,42.68818210253665],[-111.60160129547656,42.688223628917996],[-111.59677118565382,42.688943647693065],[-111.59652642886881,42.68897023301499],[-111.5962791706091,42.688977514768624],[-111.59603226867414,42.68896540879111],[-111.59314604014068,42.68870969640729],[-111.59320123032342,42.69035911920371],[-111.59319541567127,42.69052599642953],[-111.59316687494827,42.690691626453706],[-111.59311589056516,42.69085436942668],[-111.59304296714917,42.69101261407001],[-111.59294882655364,42.691164793630286],[-111.59283440071647,42.69130940139228],[-111.5927008224377,42.69144500559841],[-111.59254941416737,42.69157026362606],[-111.59238167491448,42.691683935282896],[-111.59219926540698,42.69178489508808],[-111.5920039916488,42.6918721434176],[-111.59179778703793,42.69194481640384],[-111.59158269322158,42.69200219449057],[-111.59136083987858,42.692043709559],[-111.59113442362958,42.69206895055425],[-111.59090568628336,42.69207766755614],[-111.59067689263559,42.69206977425446],[-111.5904503080394,42.69204534880369],[-111.59022817597086,42.69200463304898],[-111.5900126958109,42.69194803013099],[-111.58980600106446,42.6918761004934],[-111.5896101382326,42.69178955633246],[-111.5894270465469,42.69168925454381],[-111.58925853876688,42.69157618823647],[-111.58910628323092,42.69145147689798],[-111.58897178733808,42.69131635530824],[-111.58885638262481,42.6911721613118],[-111.58876121158404,42.69102032257014],[-111.58868721635687,42.69086234242451],[-111.5886351294092,42.69069978501028],[-111.58860546628497,42.69053425976923],[-111.58840674006703,42.68872993739928],[-111.58827623134118,42.68870639820933],[-111.58805982743857,42.68865017119161],[-111.5878521920943,42.68857850158351],[-111.5876553938041,42.68849210338389],[-111.58747139308115,42.688391837320026],[-111.58730202292321,42.68827870227103],[-111.58714897055104,42.68815382531478],[-111.5870137606003,42.68801845049776],[-111.58689773993443,42.68787392643967],[-111.58680206422967,42.68772169289655],[-111.58672768646585,42.687563266415935],[-111.58667534743742,42.6874002252277],[-111.58664556837915,42.68723419352061],[-111.58663864577966,42.687066825261596],[-111.58671874375263,42.68411682681408],[-111.58673576771164,42.6839436865509],[-111.58677724578197,42.6837727552681],[-111.58684273373825,42.68360586288118],[-111.5869315303289,42.6834447960526],[-111.58904160894377,42.68012483318813],[-111.5891446230397,42.67998134076016],[-111.58926613822305,42.67984575707015],[-111.58940502203136,42.67971934557016],[-111.58955998017105,42.679603284232826],[-111.58972956858022,42.6794986545759],[-111.58991220688608,42.67940643158607],[-111.59010619313146,42.679327474634924],[-111.59030971963344,42.67926251947273],[-111.59052088982631,42.67921217137376],[-111.59073773593191,42.67917689949751],[-111.59095823729287,42.679157032517715],[-111.59118033919812,42.67915275556055],[-111.5914019720254,42.67916410847988],[-111.59162107052254,42.67919098548605],[-111.59183559304805,42.67923313613134],[-111.59204354059193,42.679290167643245],[-111.59224297539978,42.679361548583564],[-111.59243203902645,42.67944661379943],[-111.59260896965158,42.679544570620116],[-111.59277211849552,42.67965450624191],[-111.59291996518287,42.67977539623252],[-111.59305113191043,42.67990611407541],[-111.59620118641143,42.68338606307702],[-111.5962130219226,42.68339927200161],[-111.59784082254066,42.685234702078986]]]},"properties":{"fire_id":"F1432","date":"2026-09-27","area_ha":104.0,"cumulative_ha":181.5,"frp_sum":85.4,"n_detections":10,"first_seen":"2026-08-31","last_seen":"2026-09-27","centroid":[-111.59313,42.68575],"history":[{"date":"2026-08-31","area_ha":80.2},{"date":"2026-09-02","area_ha":84.8},{"date":"2026-09-03","area_ha":35.4},{"date":"2026-09-04","area_ha":71.9},{"date":"2026-09-05","area_ha":48.3},{"date":"2026-09-06","area_ha":79.4},{"date":"2026-09-07","area_ha":34.7},{"date":"2026-09-08","area_ha":75.8},{"date":"2026-09-09","area_ha":74.2},{"date":"2026-09-10","area_ha":87.3},{"date":"2026-09-12","area_ha":93.1},{"date":"2026-09-13","area_ha":120.5},{"date":"2026-09-14","area_ha":28.4},{"date":"2026-09-15","area_ha":58.4},{"date":"2026-09-18","area_ha":107.5},{"date":"2026-09-19","area_ha":57.8},{"date":"2026-09-20","area_ha":35.3},{"date":"2026-09-21","area_ha":54.7},{"date":"2026-09-22","area_ha":50.0},{"date":"2026-09-23","area_ha":80.6},{"date":"2026-09-24","area_ha":65.3},{"date":"2026-09-25","area_ha":79.9},{"date":"2026-09-26","area_ha":79.7},{"date":"2026-09-27","area_ha":104.0}],"track":[[-111.59098231500019,42.686043504078285],[-111.5928118637906,42.686442741686406],[-111.58973342556011,42.68559809717614],[-111.59087295530152,42.686402576445424],[-111.59062814876631,42.68543069144543],[-111.59167171716432,42.685720110213985],[-111.59372751398678,42.68517444337374],[-111.59145536007011,42.68550080927934],[-111.5905486986206,42.68497872358805],[-111.59034267517276,42.685564514747384],[-111.5913677647937,42.68511693938208],[-111.5919998412434,42.686802759682145],[-111.58913593284866,42.68639577977757],[-111.59111060627772,42.68655871313153],[-111.59382595864207,42.68761604660358],[-111.5919672236614,42.6856241875158],[-111.59149471346547,42.685518757141274],[-111.59343924436136,42.68658461835257],[-111.59273991286834,42.687162693797674],[-111.59358102082396,42.686584689223736],[-111.58962010508168,42.68572069916118],[-111.59072243404665,42.68483730257457],[-111.59122836038615,42.68597003934422],[-111.5931316389963,42.685750932207775]],"growth_24h_ha":24.28,"speed_km_day":0.16,"bearing_deg":270.43,"direction":"W"}},{"type":"Feature","geometry":{"type":"Polygon","coordinates":[[[-108.80275907371262,46.97081395623914],[-108.80280948021624,46.97078908429306],[-108.80484945789898,46.96980910945994],[-108.80505419386694,46.969720749956366],[-108.80527051303179,46.96964671991481],[-108.80549631998217,46.9695877364169],[-108.80572942742288,46.969544370795845],[-108.80596757735839,46.96951704310393],[-108.80620846296034,46.96950601804475],[-108.8064497509076,46.96951140240997],[-108.80668910398268,46.96953314404519],[-108.80692420370576,46.96957103235504],[-108.80715277278749,46.96962470034236],[-108.80737259718317,46.96969362816224],[-108.80758154753521,46.969777148155934],[-108.80777759979577,46.96987445131648],[-108.80795885483077,46.96998459512314],[-108.80812355681485,46.97010651266891],[-108.80827011023935,46.970239022993155],[-108.80839709536896,46.97038084251848],[-108.80850328199656,46.97053059748266],[-108.80858764136372,46.970686837243385],[-108.80864935613066,46.97084804832898],[-108.80868782829918,46.9710126690975],[-108.80870268501174,46.97117910486333],[-108.80869378216991,46.97134574334413],[-108.80866120583723,46.97151097027901],[-108.80783131468199,46.97458098790738],[-108.8077747129135,46.974744774730766],[-108.80769485088793,46.974903871994385],[-108.80759251733319,46.97505670809411],[-108.80746872297556,46.975201773262334],[-108.80732469056052,46.97533763448341],[-108.80716184277807,46.97546294965198],[-108.80698178821167,46.97557648083282],[-108.80577178054513,46.97626649747989],[-108.8055704849008,46.97636980405417],[-108.80535496915945,46.97645837573325],[-108.80512748589226,46.97653128673093],[-108.80489041278372,46.97658777494931],[-108.80464622777569,46.976627249946446],[-108.80439748316246,46.97664929910968],[-108.80414677890772,46.976653691969595],[-108.80389673546273,46.976640382609716],[-108.80364996637014,46.976609510146496],[-108.80340905094009,46.97656139727485],[-108.79967897079771,46.97567137095576],[-108.7994539294987,46.97560890913093],[-108.79923891911508,46.97553140357386],[-108.79903604155601,46.97543961199232],[-108.79884728009645,46.9753344317525],[-108.79867447998689,46.97521689110427],[-108.79851933041402,46.97508813912669],[-108.79838334798816,46.97494943449239],[-108.79826786191907,46.97480213316061],[-108.7981740010252,46.9746476751195],[-108.79810268270289,46.97448757030716],[-108.79805460396348,46.97432338384935],[-108.79803023462577,46.974156720758074],[-108.79802981272978,46.97398921024097],[-108.79805334221696,46.97382248977451],[-108.79810059289869,46.973658189097044],[-108.7981711027135,46.973497914278234],[-108.79826418225048,46.97334323202013],[-108.79837892149433,46.97319565434378],[-108.79851419872637,46.97305662381091],[-108.7986686914934,46.97292749942467],[-108.79884088953803,46.972809543347736],[-108.79902910956329,46.9727039085672],[-108.80275907371262,46.97081395623914]]]},"properties":{"fire_id":"F4811","date":"2026-09-27","area_ha":43.7,"cumulative_ha":43.7,"frp_sum":9.0,"n_detections":5,"first_seen":"2026-09-27","last_seen":"2026-09-27","centroid":[-108.80389,46.97327],"history":[{"date":"2026-09-27","area_ha":43.7}],"track":[[-108.80388800423093,46.973266182571926]],"growth_24h_ha":null,"speed_km_day":null,"bearing_deg":null,"direction":null}},{"type":"Feature","geometry":{"type":"Polygon","coordinates":[[[-101.83830665872178,47.35634230943869],[-101.84106735200716,47.36360082922903],[-101.8411166009789,47.36376183991445],[-101.84114293057083,47.3639253733024],[-101.84114609294566,47.36408989114725],[-101.8411260581823,47.36425384592912],[-101.84108301456371,47.36441569541028],[-101.8410173668124,47.36457391714265],[-101.84092973228948,47.364727022789396],[-101.84082093519321,47.36487357212647],[-101.84069199881093,47.36501218659163],[-101.8405441358975,47.36514156225415],[-101.84037873727038,47.36526048208248],[-101.84019735872862,47.36536782739496],[-101.8400017064186,47.36546258838527],[-101.83979362078442,47.36554387362375],[-101.83957505925366,47.365610918445306],[-101.83934807782173,47.36566309214441],[-101.83911481170793,47.36569990390979],[-101.83887745526548,47.365721007443014],[-101.83863824133459,47.36572620421691],[-101.83839942023323,47.36571544534394],[-101.83816323858306,47.365688832036],[-101.83793191817036,47.36564661465215],[-101.83770763504073,47.3655891903427],[-101.83749249902476,47.365517099312115],[-101.83728853388699,47.36543101973584],[-101.83709765828563,47.36533176137889],[-101.83692166772178,47.365220257976475],[-101.83676221764864,47.36509755844816],[-101.8366208078989,47.36496481702868],[-101.83273087988829,47.3609147461504],[-101.83261326755506,47.36077891694465],[-101.83251455598673,47.360636151044815],[-101.83243560217564,47.36048768810533],[-101.83237709154143,47.36033481723817],[-101.83153718668954,47.35763479930543],[-101.83149577572631,47.3574549358306],[-101.83148264563552,47.35727305688132],[-101.83149794748321,47.357091258304486],[-101.83154150470746,47.356911634999584],[-101.83173926547077,47.35630044545078],[-101.83236549953158,47.353150297738445],[-101.83240980538706,47.35298727780971],[-101.8324770505929,47.35282801156918],[-101.83256659230479,47.352674021157235],[-101.83267757460193,47.35252677827918],[-101.8328089366725,47.35238769014143],[-101.83295942295612,47.35225808600464],[-101.83312759514665,47.35213920448171],[-101.83331184594024,47.3520321817029],[-101.83351041439728,47.35193804046001],[-101.83372140277135,47.351857680433874],[-101.83394279464441,47.35179186959849],[-101.8341724741951,47.351741236883484],[-101.83440824641585,47.35170626616532],[-101.83464785808606,47.3516872916442],[-101.83488901930099,47.35168449465128],[-101.83512942535076,47.351697901916175],[-101.8353667787407,47.351727385311584],[-101.83559881114289,47.35177266307747],[-101.83582330506914,47.351833302512865],[-101.8360381150588,47.35190872411],[-101.83624118817893,47.351998207090894],[-101.83643058364109,47.35210089629384],[-101.83660449134752,47.35221581034406],[-101.83676124918946,47.352341851030225],[-101.83689935893247,47.352477813797854],[-101.83701750053675,47.3526223992589],[-101.83711454477569,47.35277422560782],[-101.83718956403206,47.35293184182579],[-101.83767960546483,47.354161831508875],[-101.83772141877722,47.35428448461548],[-101.83830665872178,47.35634230943869]]]},"properties":{"fire_id":"F4099","date":"2026-09-27","area_ha":70.4,"cumulative_ha":103.8,"frp_sum":10.9,"n_detections":8,"first_seen":"2026-09-22","last_seen":"2026-09-27","centroid":[-101.83605,47.3588],"history":[{"date":"2026-09-22","area_ha":36.0},{"date":"2026-09-25","area_ha":86.9},{"date":"2026-09-27","area_ha":70.4}],"track":[[-101.83588859097381,47.35660528494378],[-101.8379801325161,47.35949757247513],[-101.8360533177271,47.358795129104905]],"growth_24h_ha":-8.26,"speed_km_day":0.08,"bearing_deg":121.45,"direction":"ESE"}},{"type":"Feature","geometry":{"type":"Polygon","coordinates":[[[-103.79270006312255,47.72909321812811],[-103.79290806557567,47.72918130990751],[-103.79310238867077,47.72928299061176],[-103.79328114448607,47.7293972724247],[-103.79344259630969,47.7295230451052],[-103.79358517551235,47.72965908677061],[-103.79370749678858,47.72980407576519],[-103.79380837161806,47.72995660349799],[-103.79388681981642,47.73011518812552],[-103.7939420790632,47.7302782889465],[-103.79397361231382,47.73044432136891],[-103.79398111302389,47.73061167230395],[-103.79396450813428,47.73077871583744],[-103.7939239587883,47.730943829026394],[-103.79385985877302,47.731105407667364],[-103.79377283070029,47.73126188188316],[-103.79366371996386,47.731411731376944],[-103.79353358653117,47.73155350020463],[-103.79338369464948,47.73168581092294],[-103.79321550056598,47.731807377974675],[-103.79303063838132,47.73191702018173],[-103.7928309041736,47.73201367222404],[-103.79261823854735,47.73209639499281],[-103.79239470777698,47.73216438471732],[-103.79216248372795,47.73221698077681],[-103.79192382275085,47.732253672121],[-103.79133380802658,47.732323674343355],[-103.79109896316605,47.732343697419154],[-103.79086239963607,47.73234831662819],[-103.79062626904395,47.732337489956755],[-103.79039271905839,47.732311315878064],[-103.79016387387134,47.73227003245629],[-103.78994181487366,47.73221401518063],[-103.78972856172055,47.732143773549275],[-103.78952605395895,47.73205994643385],[-103.7893361333845,47.73196329626733],[-103.78916052728836,47.73185470210773],[-103.78819052707486,47.73119468702593],[-103.78802552617499,47.73107074360448],[-103.78787918306872,47.7309362681495],[-103.78775292384073,47.73079257122201],[-103.78764797882096,47.73064105324206],[-103.78756537059829,47.73048319083845],[-103.7875059040598,47.73032052245658],[-103.78747015855258,47.730154633363945],[-103.78745848224429,47.729987140200166],[-103.7874709887372,47.7298196752215],[-103.78750755596823,47.72965387039411],[-103.78756782740575,47.72949134149043],[-103.78765121553089,47.7293336723443],[-103.78775690756949,47.729182399417475],[-103.78788387341811,47.72903899682864],[-103.78803087568724,47.72890486199028],[-103.78819648176318,47.728781301993244],[-103.7883790777711,47.72866952087205],[-103.78857688430315,47.72857060787416],[-103.78878797375832,47.728485526848395],[-103.78901028912496,47.728415106854776],[-103.78924166402324,47.72836003408797],[-103.78947984381219,47.7283208451925],[-103.7897225075559,47.72829792203493],[-103.78996729063488,47.72829148798402],[-103.79021180778284,47.7283016057346],[-103.79045367632419,47.72832817669696],[-103.79069053938649,47.72837094195728],[-103.79092008886163,47.728429484799705],[-103.79114008789246,47.72850323476594],[-103.79270006312255,47.72909321812811]]]},"properties":{"fire_id":"F4100","date":"2026-09-27","area_ha":16.5,"cumulative_ha":66.9,"frp_sum":2.6,"n_detections":3,"first_seen":"2026-09-22","last_seen":"2026-09-27","centroid":[-103.7907,47.73033],"history":[{"date":"2026-09-22","area_ha":44.3},{"date":"2026-09-23","area_ha":21.3},{"date":"2026-09-25","area_ha":51.0},{"date":"2026-09-27","area_ha":16.5}],"track":[[-103.7927982130038,47.73132681575329],[-103.79554665536493,47.730192481105554],[-103.79509035207602,47.73088335784729],[-103.79069725485625,47.73033194922882]],"growth_24h_ha":-17.22,"speed_km_day":0.17,"bearing_deg":105.09,"direction":"ESE"}},{"type":"Feature","geometry":{"type":"Polygon","coordinates":[[[-103.56798366455823,47.7451121993468],[-103.56801530294453,47.74528430439639],[-103.56802113100198,47.74545772043268],[-103.56800108775438,47.745630639216074],[-103.56795538199314,47.74580125767411],[-103.56788449010868,47.74596779670323],[-103.56778915113098,47.74612851972096],[-103.56767035903083,47.746281750775644],[-103.5675293523616,47.746425892024405],[-103.56736760134945,47.746559440397114],[-103.56548760746435,47.747959470939],[-103.56531185534699,47.748077950508254],[-103.56511978557043,47.74818390537725],[-103.56491329540312,47.74827628886573],[-103.56469442459134,47.74835418835396],[-103.56446533520784,47.74841683430006],[-103.56422829029101,47.748463607844194],[-103.56398563148569,47.748494046923526],[-103.56373975590643,47.748507850838244],[-103.5634930924522,47.74850488322289],[-103.56324807780697,47.7484851733938],[-103.56300713236298,47.74844891605946],[-103.56277263630535,47.748396469396546],[-103.56254690609421,47.74832835151041],[-103.5623321715772,47.748245235315714],[-103.56213055395837,47.74814794188696],[-103.56194404484141,47.74803743234549],[-103.56177448655457,47.74791479836263],[-103.56162355395135,47.747781251373375],[-103.56149273786707,47.74763811060679],[-103.56138333039456,47.7474867900519],[-103.56129641212438,47.747328784487756],[-103.5612328414755,47.74716565471574],[-103.5611932462217,47.74699901214021],[-103.56117801729697,47.74683050284976],[-103.56118730494103,47.7466617913565],[-103.5612210172228,47.74649454415396],[-103.5612788209559,47.746330413255926],[-103.56136014499702,47.74617101987915],[-103.56292022266808,47.7435410517708],[-103.56302401736899,47.74338828013896],[-103.56314941307349,47.74324329676663],[-103.56329517617836,47.74310752777932],[-103.5634598727616,47.74298230865478],[-103.56364188268995,47.74286887108897],[-103.56383941555696,47.74276833088312],[-103.56405052829437,47.74268167697063],[-103.56427314428393,47.74260976169202],[-103.5645050737814,47.742553292413426],[-103.56474403545248,47.74251282457031],[-103.56498767880814,47.74248875620597],[-103.56523360732004,47.742481324057415],[-103.56547940198773,47.74249060122728],[-103.56572264512704,47.74251649646525],[-103.56596094414527,47.74255875506516],[-103.56619195506998,47.74261696136964],[-103.56641340560012,47.74269054285743],[-103.5666231174528,47.7427787757732],[-103.56681902778658,47.74288079224456],[-103.56699920948999,47.742995588816655],[-103.56716189013662,47.743122036319924],[-103.56730546941978,47.743258890974644],[-103.5674285348957,47.74340480662288],[-103.56752987587993,47.743558347967564],[-103.56760849536055,47.7437180046887],[-103.56766361981065,47.74388220629807],[-103.56798366455823,47.7451121993468]]]},"properties":{"fire_id":"F4812","date":"2026-09-27","area_ha":24.6,"cumulative_ha":24.6,"frp_sum":1.4,"n_detections":3,"first_seen":"2026-09-27","last_seen":"2026-09-27","centroid":[-103.56464,47.74553],"history":[{"date":"2026-09-27","area_ha":24.6}],"track":[[-103.56464255496324,47.74553209659309]],"growth_24h_ha":null,"speed_km_day":null,"bearing_deg":null,"direction":null}},{"type":"Feature","geometry":{"type":"Polygon","coordinates":[[[-103.56309591685275,47.96318392042095],[-103.5630171073909,47.96334314784171],[-103.56291565108057,47.96349628515351],[-103.56279253937835,47.96364183561224],[-103.56264897541962,47.96377837661467],[-103.56248636226327,47.96390457360472],[-103.56230628918141,47.96401919311981],[-103.56211051612746,47.964121114849064],[-103.56190095653487,47.96420934258577],[-103.56167965861424,47.96428301396683],[-103.56144878533189,47.964341408903756],[-103.56121059326566,47.96438395662298],[-103.56096741054462,47.9644102412462],[-103.5607216140889,47.964420005856624],[-103.5604756063718,47.96441315501075],[-103.56023179193204,47.96438975567174],[-103.55999255386573,47.964350036554436],[-103.55976023052814,47.96429438588941],[-103.55953709267334,47.964223347627055],[-103.55932532125529,47.96413761611939],[-103.55912698610759,47.964038029331384],[-103.55894402571055,47.963925560648455],[-103.55877822824321,47.963801309360115],[-103.55863121410599,47.96366648991302],[-103.55850442008423,47.96352242003849],[-103.5583990853081,47.963370507870685],[-103.55694915553559,47.96098047813787],[-103.5568659716072,47.96082143112585],[-103.5568063140395,47.96065753487901],[-103.55677077137047,47.96049040677964],[-103.55675969415547,47.96032169608732],[-103.55677319151532,47.960153067663036],[-103.55681113006679,47.959986185539975],[-103.55687313524648,47.9598226965029],[-103.55695859501405,47.95966421383851],[-103.55706666589867,47.95951230141697],[-103.55719628132803,47.959368458261466],[-103.55734616215813,47.95923410375828],[-103.5575148292993,47.95911056365294],[-103.55770061831412,47.95899905697072],[-103.55790169584267,47.95890068399034],[-103.55811607769347,47.95881641538953],[-103.55834164842108,47.958747082669134],[-103.55857618219792,47.9586933699508],[-103.5588173647739,47.9586558072281],[-103.55906281630762,47.95863476513865],[-103.5593101148442,47.95863045130785],[-103.55955682020802,47.95864290830086],[-103.56191675978278,47.95884290184846],[-103.56215164760711,47.95887065380447],[-103.56238157263961,47.958913610096175],[-103.56260442820124,47.958971377147684],[-103.562818172372,47.95904342568169],[-103.5630208466965,47.959129095567754],[-103.56321059412576,47.959227601868896],[-103.56338567603069,47.959338042031774],[-103.56354448813167,47.959459404154224],[-103.56368557519825,47.95959057625488],[-103.56380764438424,47.95973035645969],[-103.56390957707612,47.95987746401227],[-103.56399043914591,47.96003055100733],[-103.56404948951469,47.96018821473954],[-103.56408618694796,47.960349010555],[-103.5641001950206,47.96051146508758],[-103.56409138520536,47.960674089758484],[-103.56405983805696,47.96083539441619],[-103.56400584248009,47.96099390099091],[-103.56309591685275,47.96318392042095]]]},"properties":{"fire_id":"F4813","date":"2026-09-27","area_ha":26.7,"cumulative_ha":26.7,"frp_sum":2.5,"n_detections":3,"first_seen":"2026-09-27","last_seen":"2026-09-27","centroid":[-103.56049,47.96129],"history":[{"date":"2026-09-27","area_ha":26.7}],"track":[[-103.56048997581881,47.96129456981327]],"growth_24h_ha":null,"speed_km_day":null,"bearing_deg":null,"direction":null}},{"type":"Feature","geometry":{"type":"Polygon","coordinates":[[[-103.59737789202882,48.08913307777897],[-103.60089399402199,48.08993752019251],[-103.60112332642528,48.08999872357885],[-103.60134269097583,48.09007503811931],[-103.60154995088021,48.09016572047293],[-103.60174308722841,48.09026988734498],[-103.6019202186576,48.0903865240886],[-103.60207961967748,48.09051449458586],[-103.60221973747869,48.09065255231187],[-103.60233920706027,48.0907993524746],[-103.60243686452928,48.09095346511202],[-103.60251175844252,48.09111338901928],[-103.60256315907986,48.09127756637004],[-103.60259056555867,48.09144439789017],[-103.60259371071973,48.091612258435454],[-103.6025725637369,48.091779512821894],[-103.60252733042465,48.09194453175471],[-103.60245845124042,48.09210570770016],[-103.60236659700077,48.09226147054639],[-103.60225266235288,48.09241030289989],[-103.60211775706485,48.09255075486929],[-103.60196319521911,48.09268145819157],[-103.60179048241464,48.09280113956376],[-103.60160130110177,48.09290863304964],[-103.6013974941931,48.09300289144047],[-103.60118104710973,48.09308299645951],[-103.60095406843793,48.093148167709856],[-103.60071876938464,48.093197770279374],[-103.60047744223233,48.09323132092768],[-103.600232438003,48.09324849279539],[-103.59998614354944,48.093249118589355],[-103.59709606789923,48.093159115651154],[-103.5968565687854,48.093143743165584],[-103.59662035429301,48.09311272353994],[-103.59638961967924,48.09306634506109],[-103.59616650926236,48.09300503875536],[-103.5959530964895,48.09292937438169],[-103.59575136466384,48.092840055134964],[-103.59556318851048,48.092737911109204],[-103.59242317436144,48.09085786495125],[-103.59224653712135,48.09074109320317],[-103.59208763229664,48.090613030858954],[-103.5919480050564,48.09047492328321],[-103.59182901307767,48.090328113516826],[-103.59173181334587,48.09017402921442],[-103.59165735090808,48.090014168758884],[-103.59160634968835,48.089850086689054],[-103.5915793054541,48.08968337858132],[-103.59157648100206,48.08951566553293],[-103.59159790360977,48.08934857839771],[-103.59164336477768,48.08918374192736],[-103.59171242226377,48.08902275897297],[-103.59180440439074,48.08886719489979],[-103.59191841658354,48.08871856236721],[-103.59205335007356,48.08857830662174],[-103.59220789268446,48.08844779144591],[-103.59238054159482,48.08832828589944],[-103.59256961795316,48.0882209519821],[-103.59277328320333,48.08812683333719],[-103.59298955696137,48.08804684510628],[-103.59321633627029,48.087981765033085],[-103.59345141604528,48.08793222590334],[-103.5936925105111,48.087898709393684],[-103.593937275423,48.08788154138953],[-103.59418333085563,48.08788088881741],[-103.5944282843385,48.08789675802234],[-103.59466975411318,48.087928994706225],[-103.59490539228653,48.08797728542751],[-103.59513290765501,48.08804116064824],[-103.59535008797839,48.088119999297845],[-103.59555482148663,48.08821303481049],[-103.59737789202882,48.08913307777897]]]},"properties":{"fire_id":"F4103","date":"2026-09-27","area_ha":31.7,"cumulative_ha":73.2,"frp_sum":6.1,"n_detections":4,"first_seen":"2026-09-22","last_seen":"2026-09-27","centroid":[-103.59698,48.09076],"history":[{"date":"2026-09-22","area_ha":44.0},{"date":"2026-09-25","area_ha":52.1},{"date":"2026-09-27","area_ha":31.7}],"track":[[-103.60053737820894,48.09080956866264],[-103.60108934871836,48.09216429913325],[-103.59698223092411,48.09076389109775]],"growth_24h_ha":-10.21,"speed_km_day":0.17,"bearing_deg":121.16,"direction":"ESE"}},{"type":"Feature","geometry":{"type":"Polygon","coordinates":[[[-102.90987464560192,48.09585944080739],[-102.9100455975667,48.095722179454356],[-102.91023687867032,48.095598003369396],[-102.9104463456346,48.09548830383734],[-102.91330631299,48.094148339928864],[-102.91351629130942,48.09406004361884],[-102.91373803498081,48.093986311219936],[-102.91396937659302,48.09392786339758],[-102.91420805494276,48.09388527142246],[-102.91445173713207,48.09385895158864],[-102.9146980413659,48.0938491611457],[-102.91494456022686,48.093855995785134],[-102.91518888420026,48.09387938870538],[-102.91542862521959,48.09391911126455],[-102.91566144000257,48.09397477521439],[-102.91588505295,48.09404583649417],[-102.91609727838387,48.09413160054673],[-102.91629604190736,48.0942312291053],[-102.91647940067847,48.094343748384844],[-102.91664556239887,48.094468058597734],[-102.91679290283278,48.09460294470092],[-102.91691998168439,48.09474708826983],[-102.91702555667875,48.09489908038279],[-102.91710859570843,48.095057435390515],[-102.9171682869269,48.095220605435635],[-102.91720404669002,48.09538699558099],[-102.91721552526762,48.095554979398514],[-102.91720261026917,48.09572291486657],[-102.91716542774968,48.09588916042032],[-102.91710434098489,48.096052090998135],[-102.91701994692735,48.096210113927484],[-102.91691307037769,48.09636168449461],[-102.91678475592792,48.09650532104606],[-102.91663625775521,48.09663961947417],[-102.91646902736586,48.09676326694482],[-102.913141137151,48.09899181640195],[-102.91053209584928,48.10086958077286],[-102.91035571977119,48.100984675511064],[-102.91016368412592,48.101087471997836],[-102.90995782730154,48.10117698609352],[-102.90974012002927,48.101252360815025],[-102.90951264651471,48.10131287454224],[-102.90927758448183,48.101357947928506],[-102.90903718432055,48.10138714944872],[-102.908793747538,48.1014001995317],[-102.90854960471965,48.10139697323778],[-102.90830709321199,48.10137750145503],[-102.90806853474018,48.101341970603606],[-102.90783621317549,48.10129072085052],[-102.90761235266567,48.101224242851856],[-102.90739909633758,48.101143173054126],[-102.90719848577648,48.101048287599404],[-102.90701244147826,48.10094049489276],[-102.90684274446235,48.10082082690353],[-102.90669101922094,48.100690429283304],[-102.90655871816807,48.10055055039565],[-102.90644710773732,48.10040252936291],[-102.90635725626136,48.10024778324396],[-102.90629002374872,48.1000877934665],[-102.90624605365633,48.09992409164342],[-102.90622576673553,48.09975824490907],[-102.90622935701087,48.099591840916275],[-102.9062567899296,48.099426472637305],[-102.90630780269946,48.099263723114504],[-102.9063819068112,48.09910515030665],[-102.90647839272143,48.09895227217585],[-102.90659633665074,48.09880655215804],[-102.90673460943181,48.09866938515556],[-102.90987464560192,48.09585944080739]]]},"properties":{"fire_id":"F4814","date":"2026-09-27","area_ha":36.7,"cumulative_ha":36.7,"frp_sum":3.0,"n_detections":4,"first_seen":"2026-09-27","last_seen":"2026-09-27","centroid":[-102.91163,48.09755],"history":[{"date":"2026-09-27","area_ha":36.7}],"track":[[-102.91163147611636,48.09754939105755]],"growth_24h_ha":null,"speed_km_day":null,"bearing_deg":null,"direction":null}},{"type":"Feature","geometry":{"type":"Polygon","coordinates":[[[-91.2436592942141,30.586269982604747],[-91.24365000738719,30.58643412146116],[-91.24362222704856,30.58659670393272],[-91.24357621655352,30.58675618811494],[-91.2435124121561,30.586911061479594],[-91.24343141887528,30.587059855219962],[-91.2433340047606,30.587201158181447],[-91.24322109361073,30.58733363024595],[-91.24309375621444,30.587456015042374],[-91.24295320019678,30.587567151863247],[-91.24280075856672,30.587665986674164],[-91.2426378770748,30.58775158211139],[-91.24246610050089,30.587823126373067],[-91.24228705800185,30.587879940919517],[-91.24210244765848,30.587921486909455],[-91.24191402036806,30.58794737031132],[-91.24172356323554,30.587957345640756],[-91.2415328826212,30.58795131828935],[-91.24134378700523,30.587929345421962],[-91.24115806983242,30.58789163543451],[-91.24097749249944,30.587838545977192],[-91.24080376764644,30.587770580561898],[-91.24063854291147,30.587688383786215],[-91.2404833853018,30.587592735218966],[-91.24033976633082,30.587484542005765],[-91.24020904806112,30.587364830264356],[-91.24009247018648,30.587234735351746],[-91.23848249029395,30.585244715940636],[-91.23838064107245,30.585104666699866],[-91.23829518538268,30.584956708777632],[-91.23822694269062,30.584802261147374],[-91.23817656737042,30.584642805014493],[-91.23814454243217,30.58447986961043],[-91.23813117489335,30.58431501752623],[-91.23813659283873,30.58414982972654],[-91.23816074419615,30.583985890387694],[-91.23820339724034,30.58382477170526],[-91.2382641428194,30.583668018816805],[-91.23834239828247,30.58351713498453],[-91.23843741307098,30.583373567179454],[-91.23854827591948,30.583238692206155],[-91.2386739235971,30.58311380350002],[-91.23881315110549,30.58300009872469],[-91.2389646232356,30.58289866828762],[-91.23912688737232,30.582810484884533],[-91.23929838742421,30.582736394172557],[-91.2394774787449,30.582677106661645],[-91.2396624439028,30.582633190901884],[-91.23985150914844,30.582605068032066],[-91.24004286142126,30.58259300774168],[-91.24023466573306,30.58259712568501],[-91.24042508276159,30.582617382372344],[-91.24061228648564,30.582653583548492],[-91.24079448169262,30.58270538205534],[-91.24096992119108,30.582772281160647],[-91.24113692256306,30.58285363932068],[-91.2412938842959,30.582948676331675],[-91.2429038739936,30.58402866179483],[-91.24305361015115,30.584140004785972],[-91.24318954758031,30.584263784872533],[-91.2433103004636,30.584398740225858],[-91.2434146377573,30.584543495089886],[-91.24350149574249,30.58469657380459],[-91.24356998887144,30.58485641584794],[-91.24361941879835,30.5850213917431],[-91.24364928150248,30.585189819669033],[-91.24365927243078,30.585359982604896],[-91.2436592942141,30.586269982604747]]]},"properties":{"fire_id":"F4801","date":"2026-09-27","area_ha":22.4,"cumulative_ha":22.4,"frp_sum":3.2,"n_detections":3,"first_seen":"2026-09-27","last_seen":"2026-09-27","centroid":[-91.24101,30.58523],"history":[{"date":"2026-09-27","area_ha":22.4}],"track":[[-91.24101026239921,30.585229396217606]],"growth_24h_ha":null,"speed_km_day":null,"bearing_deg":null,"direction":null}},{"type":"Feature","geometry":{"type":"Polygon","coordinates":[[[-88.00909739934558,30.938250611175874],[-88.00921012425367,30.93809264510121],[-88.00934238009401,30.937946222284104],[-88.0112923889195,30.936016244129156],[-88.0114247643817,30.93589744622999],[-88.01156999926482,30.935790249187473],[-88.01172671543374,30.935695670167828],[-88.01189342582732,30.93561460660512],[-88.01206854856771,30.935547827686975],[-88.01225042196891,30.935495967056887],[-88.0124373203018,30.935459516802666],[-88.01262747016641,30.935438822787866],[-88.0128190673161,30.935434081370506],[-88.01301029377416,30.935445337540138],[-88.01319933508051,30.935472484491076],[-88.0133843975052,30.935515264635683],[-88.01356372506527,30.93557327204813],[-88.01373561618372,30.935645956315483],[-88.01389843983297,30.9357326277597],[-88.01405065100913,30.93583246398084],[-88.01419080539094,30.935944517659525],[-88.01431757304394,30.936067725544685],[-88.01442975104013,30.936200918541395],[-88.01452627487322,30.936342832803096],[-88.01460622856119,30.93649212172283],[-88.01466885334025,30.93664736871009],[-88.0147135548677,30.936807100631952],[-88.01603369202333,30.942797081409566],[-88.01606058846885,30.94296502489919],[-88.01606767054122,30.943134433678527],[-88.01605486654292,30.943303595638973],[-88.0160223057536,30.943470801157453],[-88.01597031712845,30.943634360374837],[-88.01589942597847,30.94379262027488],[-88.0158103486656,30.943943981391108],[-88.01570398536673,30.944086913973006],[-88.01558141097905,30.9442199734475],[-88.01544386425884,30.944341815020152],[-88.0152927353033,30.944451207267857],[-88.01512955150179,30.944547044585867],[-88.01495596209858,30.94462835836332],[-88.01477372152328,30.944694326773924],[-88.01458467165703,30.94474428308321],[-88.01439072321436,30.944777722388142],[-88.00806059646303,30.945587736244654],[-88.00787227332309,30.94560394334308],[-88.0076830040911,30.94560457358384],[-88.00749453962557,30.94558962113689],[-88.00730862333897,30.94555922432019],[-88.00712697506731,30.945513664320206],[-88.00695127515768,30.945453362590143],[-88.00678314892168,30.945378876950947],[-88.00662415159829,30.9452908964302],[-88.00647575396556,30.945190234887587],[-88.00633932873409,30.945077823485345],[-88.00621613784855,30.944954702073446],[-88.0061073208145,30.944822009569645],[-88.00601388415836,30.944680973422923],[-88.0059366921186,30.9445328982582],[-88.00587645865323,30.944379153807258],[-88.00583374083861,30.944221162237607],[-88.00580893371945,30.94406038499649],[-88.00580226665828,30.943898309291782],[-88.00581380121774,30.94373643433482],[-88.0058434305951,30.943576257472614],[-88.00589088061407,30.94341926033747],[-88.00595571226484,30.943266895142177],[-88.0060373257684,30.94312057124772],[-88.00909739934558,30.938250611175874]]]},"properties":{"fire_id":"F1386","date":"2026-09-27","area_ha":74.6,"cumulative_ha":224.4,"frp_sum":15.1,"n_detections":4,"first_seen":"2026-08-31","last_seen":"2026-09-27","centroid":[-88.01138,30.9412],"history":[{"date":"2026-08-31","area_ha":61.6},{"date":"2026-09-01","area_ha":132.3},{"date":"2026-09-02","area_ha":81.8},{"date":"2026-09-04","area_ha":43.5},{"date":"2026-09-05","area_ha":94.2},{"date":"2026-09-06","area_ha":85.2},{"date":"2026-09-07","area_ha":124.2},{"date":"2026-09-08","area_ha":102.1},{"date":"2026-09-09","area_ha":58.5},{"date":"2026-09-10","area_ha":58.4},{"date":"2026-09-11","area_ha":57.6},{"date":"2026-09-12","area_ha":50.8},{"date":"2026-09-13","area_ha":108.5},{"date":"2026-09-14","area_ha":32.9},{"date":"2026-09-15","area_ha":62.2},{"date":"2026-09-16","area_ha":61.9},{"date":"2026-09-17","area_ha":95.9},{"date":"2026-09-18","area_ha":92.9},{"date":"2026-09-19","area_ha":80.5},{"date":"2026-09-20","area_ha":54.0},{"date":"2026-09-21","area_ha":95.9},{"date":"2026-09-22","area_ha":59.2},{"date":"2026-09-23","area_ha":93.7},{"date":"2026-09-24","area_ha":58.5},{"date":"2026-09-25","area_ha":63.3},{"date":"2026-09-26","area_ha":68.5},{"date":"2026-09-27","area_ha":74.6}],"track":[[-88.01262270533903,30.94428753014838],[-88.01411119643139,30.941917295435587],[-88.01318390202351,30.9421513903471],[-88.0114682716876,30.943113509124284],[-88.01863739713085,30.941750135338264],[-88.01307262935802,30.943094124039742],[-88.01305702440557,30.942766519797956],[-88.01353581005309,30.941823394945477],[-88.01244204064294,30.94343134051662],[-88.01295309336855,30.94217530650442],[-88.01391163077457,30.942681755605875],[-88.0151788677475,30.94070126661663],[-88.01312989022468,30.9433514724188],[-88.01393001421812,30.94007640619957],[-88.01216509597623,30.943035821981045],[-88.01224094987259,30.942522809849798],[-88.01456041463707,30.94273699547622],[-88.01415643041672,30.941611334137033],[-88.01234478614617,30.941987972716987],[-88.01168655761556,30.941080675620746],[-88.01192493803653,30.942382564931286],[-88.01158255481728,30.940665926185346],[-88.01376721916378,30.94273388299092],[-88.0127755450579,30.943306801347987],[-88.01269479037579,30.941618236566097],[-88.01228765180588,30.94234130067715],[-88.01138116595581,30.94120040010058]],"growth_24h_ha":6.06,"speed_km_day":0.15,"bearing_deg":140.94,"direction":"SE"}},{"type":"Feature","geometry":{"type":"Polygon","coordinates":[[[-87.98339272757808,31.154866041256806],[-87.98594053816586,31.16214728578339],[-87.98598678386512,31.162307707115314],[-87.98601442092844,31.162471225174997],[-87.98602318370499,31.162636268872554],[-87.98601298788614,31.16280125245162],[-87.98598393131999,31.16296459072543],[-87.98593629307553,31.1631247143075],[-87.98587053076558,31.163280084691092],[-87.9857872761539,31.16342920903205],[-87.98568732908845,31.16357065449333],[-87.98557164981918,31.163703062012974],[-87.98544134977392,31.163825159363675],[-87.9852976808808,31.163935773377947],[-87.98514202354013,31.164033841221677],[-87.98497587336075,31.16411842060744],[-87.98480082678878,31.16418869884979],[-87.98461856576672,31.16424400067494],[-87.98443084157023,31.164283794710062],[-87.9842394579783,31.16430769858985],[-87.98404625393837,31.16431548263106],[-87.98385308589329,31.164307072039808],[-87.98366180994,31.164282547630272],[-87.98347426399147,31.164242145048114],[-87.98329225011364,31.164186252505917],[-87.98311751720703,31.16411540705239],[-87.98295174419975,31.1640302894114],[-87.98279652391321,31.163931717440175],[-87.98265334775616,31.1638206382699],[-87.98252359139373,31.163698119204035],[-87.97528363809738,31.15614803577448],[-87.97516527870975,31.156011014099906],[-87.97506370806661,31.155864489265927],[-87.97497996286964,31.155709956935656],[-87.97491489784983,31.155548994501945],[-87.97486917704632,31.15538324498505],[-87.97484326703234,31.155214400260736],[-87.97483743215739,31.15504418378996],[-87.97485173185389,31.154874333026484],[-87.97488602003564,31.15470658168212],[-87.97493994659415,31.154542642030314],[-87.97501296097697,31.15438418742923],[-87.9751043178119,31.154232835242208],[-87.97521308451888,31.154090130330044],[-87.97533815083214,31.1539575292836],[-87.97547824013506,31.15383638555784],[-87.97563192249216,31.153727935658218],[-87.98258187089114,31.14930799746692],[-87.98270876456692,31.149233677648024],[-87.98357531135906,31.148767504505237],[-87.98523705836503,31.141803319618692],[-87.98528560385076,31.141641359917436],[-87.98535268814766,31.141484306037963],[-87.98543765117269,31.14133370308733],[-87.98553965696445,31.141191032700814],[-87.98565770191045,31.141057698466586],[-87.9857906246231,31.140935012118415],[-87.98593711736696,31.140824180631967],[-87.98609573892489,31.140726294352152],[-87.98626492877665,31.140642316267517],[-87.98644302245006,31.14057307253794],[-87.98662826789429,31.14051924436794],[-87.98681884271379,31.140481361306144],[-87.98701287209381,31.140459796036527],[-87.98720844724109,31.14045476071258],[-87.98740364415843,31.140466304870447],[-87.98759654256891,31.140494314941787],[-87.98778524480325,31.140538515370764],[-87.98796789446523,31.140598471324548],[-87.9881426946913,31.140673592970412],[-87.98830792582513,31.140763141277528],[-87.9884619623331,31.140866235286428],[-87.98860328879489,31.140981860774456],[-87.98873051481128,31.141108880232537],[-87.98884238868303,31.141246044054295],[-87.98893780972628,31.141392002828592],[-87.9890158391028,31.141545320613613],[-87.98907570905908,31.14170448906272],[-87.98911683048281,31.141867942262582],[-87.99018696093064,31.147457926537243],[-87.99020950150255,31.147632071682338],[-87.99021076171253,31.14780727506759],[-87.99003084285717,31.151157277744804],[-87.99001256516543,31.151321491216393],[-87.9899755864565,31.151483391890846],[-87.98992026079068,31.151641429135893],[-87.98984711795819,31.151794089314457],[-87.98975685840865,31.151939910282483],[-87.98965034654567,31.15207749539387],[-87.98952860245032,31.15220552687821],[-87.98939279211307,31.152322778463358],[-87.98924421626718,31.152428127121603],[-87.98908429793097,31.152520563827277],[-87.9889145687779,31.15259920322212],[-87.98339272757808,31.154866041256806]]]},"properties":{"fire_id":"F1290","date":"2026-09-27","area_ha":169.4,"cumulative_ha":358.3,"frp_sum":24.8,"n_detections":9,"first_seen":"2026-08-30","last_seen":"2026-09-27","centroid":[-87.98359,31.15275],"history":[{"date":"2026-08-30","area_ha":151.9},{"date":"2026-09-01","area_ha":90.4},{"date":"2026-09-02","area_ha":103.9},{"date":"2026-09-05","area_ha":166.8},{"date":"2026-09-06","area_ha":162.2},{"date":"2026-09-07","area_ha":169.6},{"date":"2026-09-08","area_ha":159.5},{"date":"2026-09-09","area_ha":144.7},{"date":"2026-09-10","area_ha":77.0},{"date":"2026-09-12","area_ha":244.6},{"date":"2026-09-13","area_ha":113.3},{"date":"2026-09-14","area_ha":139.2},{"date":"2026-09-15","area_ha":154.2},{"date":"2026-09-16","area_ha":203.3},{"date":"2026-09-17","area_ha":169.1},{"date":"2026-09-18","area_ha":147.6},{"date":"2026-09-19","area_ha":48.5},{"date":"2026-09-20","area_ha":155.6},{"date":"2026-09-21","area_ha":134.7},{"date":"2026-09-22","area_ha":36.0},{"date":"2026-09-23","area_ha":177.9},{"date":"2026-09-24","area_ha":164.8},{"date":"2026-09-25","area_ha":83.8},{"date":"2026-09-26","area_ha":116.4},{"date":"2026-09-27","area_ha":169.4}],"track":[[-87.98277833511968,31.151551564742313],[-87.98832690752478,31.150356658267977],[-87.98516942345204,31.153560554926223],[-87.98456028738173,31.15180289101566],[-87.98538255082342,31.149835404332656],[-87.98485134430618,31.152650503072792],[-87.98364158005467,31.155535723426055],[-87.98339794086947,31.154571826281845],[-87.98548565356063,31.15567509949745],[-87.98431235279628,31.153009068006003],[-87.98799438844618,31.149074538082424],[-87.9846101675174,31.150979657329547],[-87.9832969398231,31.1531148959348],[-87.98391720531261,31.152225057462932],[-87.98574738322675,31.15144897001119],[-87.9841441423993,31.152735670177016],[-87.98736374970628,31.14987287805905],[-87.98132451569283,31.153450657395698],[-87.9835782041522,31.15577881619825],[-87.98788711828816,31.14865434949532],[-87.9843842074192,31.15350300517721],[-87.98412054608835,31.150483722247365],[-87.98631180030223,31.155826096317686],[-87.98451678491254,31.15146706999997],[-87.98359486857845,31.15274696989532]],"growth_24h_ha":52.97,"speed_km_day":0.17,"bearing_deg":26.77,"direction":"NNE"}},{"type":"Feature","geometry":{"type":"Polygon","coordinates":[[[-95.91454211819101,31.593889327245215],[-95.91461058217735,31.593875367762728],[-95.91480067351522,31.593852804450936],[-95.91499244358218,31.593845942546377],[-95.91518409716105,31.593854846285982],[-95.91537384012496,31.593879432318424],[-95.91555989622954,31.59391947048417],[-95.91574052373792,31.593974585969907],[-95.91591403172303,31.5940442628166],[-95.9160787958946,31.59412784874906],[-95.91623327380292,31.594224561281198],[-95.91637601927705,31.59433349504022],[-95.9165056959626,31.59445363024126],[-95.9166210898319,31.594583842232918],[-95.91672112055006,31.594722912024693],[-95.91680485159011,31.59486953769744],[-95.91794489360412,31.59713952191492],[-95.91801370547581,31.597298167016227],[-95.91806343426552,31.59746186932173],[-95.91809357873184,31.59762897917616],[-95.9181038349806,31.597797812576957],[-95.91809409953206,31.597966668144075],[-95.91806447036875,31.598133844265007],[-95.91801524595304,31.598297656242647],[-95.91794692222432,31.598456453273055],[-95.91786018760557,31.598608635082005],[-95.91775591606985,31.598752668052466],[-95.91763515833614,31.59888710068086],[-95.91749913128317,31.599010578205846],[-95.91734920568786,31.59912185626244],[-95.91718689241205,31.599219813423662],[-95.91701382717626,31.599303462503308],[-95.91683175407456,31.599371960505753],[-95.91664250799613,31.599424617122718],[-95.91644799613115,31.59946090169102],[-95.9162501787475,31.599480448541286],[-95.91177008582923,31.599730452964206],[-95.91157223355715,31.599733094560637],[-95.91137505550046,31.599718991596838],[-95.91118051340274,31.599688284383323],[-95.91099054277733,31.59964127842617],[-95.90928355321226,31.599139224539194],[-95.90602383235596,31.598692555778253],[-95.90583621568378,31.59865887453829],[-95.90565330654691,31.598609973172874],[-95.90547681410007,31.59854630862875],[-95.90530838752787,31.598468475802584],[-95.90514960063219,31.598377201981215],[-95.90500193712472,31.598273340044777],[-95.9048667767619,31.59815786049615],[-95.90474538245206,31.598031842391407],[-95.90463888845504,31.597896463255786],[-95.90454828978473,31.597752988079666],[-95.90447443291356,31.597602757497427],[-95.90441800786547,31.597447175259568],[-95.90437954177148,31.59728769511535],[-95.90435939394762,31.59712580722834],[-95.9043577525415,31.596963024252176],[-95.90437463277841,31.59680086719623],[-95.90440987682302,31.596640851213717],[-95.90446315525853,31.596484471444597],[-95.9045339701683,31.596333189045904],[-95.904621659792,31.59618841753984],[-95.90472540471184,31.596051509607047],[-95.90533974317401,31.595320968100275],[-95.90500282695005,31.593851845484515],[-95.90497558772023,31.593693068335316],[-95.90496627104497,31.593532811063533],[-95.9049749613886,31.593372528385583],[-95.90500157975923,31.59321367524101],[-95.90504588442965,31.59305769358591],[-95.90510747313529,31.59290599930396],[-95.90518578672918,31.592759969354596],[-95.90528011426058,31.59262092927483],[-95.90538959943107,31.592490141147813],[-95.90551324836943,31.592368792147695],[-95.90564993865466,31.592257983764608],[-95.90579842950507,31.592158721807355],[-95.90617842632926,31.591928725126962],[-95.9063452855472,31.59183804628609],[-95.90652196637504,31.59176194964871],[-95.9067067065633,31.591701194213297],[-95.90689766349176,31.59165638596165],[-95.9070929325454,31.591627971815768],[-95.90729056610773,31.591616235180904],[-95.90748859298323,31.5916212931192],[-95.90768503805407,31.591643095182356],[-95.90787794197644,31.591681423914768],[-95.90806538071944,31.591735897021948],[-95.91120532501131,31.592799854139415],[-95.91235288376078,31.59266241878964],[-95.9125509663914,31.592647242748725],[-95.91274984343022,31.592648981712056],[-95.91294751585987,31.59266761820029],[-95.91314199676884,31.592702964886442],[-95.91333133131948,31.5927546664787],[-95.91351361639354,31.59282220329108],[-95.91368701971876,31.592904896466273],[-95.91384979828361,31.593001914798368],[-95.91400031585573,31.593112283086736],[-95.91413705942796,31.593234891937154],[-95.91425865442649,31.593368508911837],[-95.91436387852862,31.593511790916253],[-95.91445167395092,31.593663297698455],[-95.91452115808455,31.593821506325025],[-95.91454211819101,31.593889327245215]]]},"properties":{"fire_id":"F4802","date":"2026-09-27","area_ha":86.5,"cumulative_ha":86.5,"frp_sum":87.3,"n_detections":11,"first_seen":"2026-09-27","last_seen":"2026-09-27","centroid":[-95.91093,31.59604],"history":[{"date":"2026-09-27","area_ha":86.5}],"track":[[-95.91093454011315,31.596041710697705]],"growth_24h_ha":null,"speed_km_day":null,"bearing_deg":null,"direction":null}},{"type":"Feature","geometry":{"type":"Polygon","coordinates":[[[-91.03246219179438,31.95953317588183],[-91.03233145176229,31.959663160703816],[-91.03218580528734,31.95978130295827],[-91.03202674810314,31.959886389326677],[-91.0318559136917,31.9599773405704],[-91.03167505650698,31.96005322261579],[-91.03148603395509,31.96011325614853],[-91.03129078731622,31.960156824618377],[-91.03109132180462,31.96018348057217],[-91.03088968597118,31.960192950249855],[-91.03068795066062,31.96018513639666],[-91.03048818773954,31.960160119261825],[-91.03029244881382,31.96011815577456],[-91.03010274415456,31.960059676904695],[-91.02992102204854,31.95998528323603],[-91.02974914878624,31.95989573879738],[-91.0257291123503,31.95755570417282],[-91.0255750635249,31.957456358732294],[-91.02543317162561,31.95734484336139],[-91.02530477905132,31.95722221311024],[-91.02519110046609,31.95708962818287],[-91.02509321130822,31.95694834295933],[-91.02501203761717,31.95679969412687],[-91.02494834727487,31.956645088032804],[-91.02490274274378,31.956485987378148],[-91.02487565537055,31.956323897378674],[-91.02486734130922,31.956160351523774],[-91.02487787910184,31.95599689706828],[-91.02490716893976,31.955835080394287],[-91.0249549336123,31.95567643238141],[-91.02502072113337,31.95552245392426],[-91.0251039090214,31.95537460173371],[-91.02520371019176,31.955234274556396],[-91.02531918040587,31.955102799942956],[-91.0254492272063,31.95498142168985],[-91.02559262025338,31.954871288073807],[-91.02574800296557,31.9547734409898],[-91.02591390535308,31.95468880609571],[-91.02608875792373,31.95461818405648],[-91.02627090652939,31.954562242970646],[-91.02645862801256,31.954521512050977],[-91.02665014650529,31.954496376618685],[-91.02684365022618,31.95448707445889],[-91.02703730861698,31.954493693571404],[-91.0272292896565,31.954516171338426],[-91.02741777718849,31.954554295116807],[-91.02760098809937,31.95460770424942],[-91.03230091129296,31.956197677726678],[-91.0324766114014,31.956265636862163],[-91.03264369135185,31.956347650115063],[-91.0328005798305,31.956442946194812],[-91.03294580135326,31.956550628890433],[-91.03307799014104,31.956669685497832],[-91.03319590296427,31.95679899634271],[-91.03329843083566,31.956937345309434],[-91.03338460944113,31.95708343127692],[-91.033453628211,31.957235880354233],[-91.03350483794591,31.957393258800685],[-91.0335377569256,31.95755408650881],[-91.03355207544313,31.957716850924072],[-91.0335476587217,31.957880021269577],[-91.0335245481864,31.95804206294279],[-91.03348296107895,31.95820145194828],[-91.03342328841853,31.958356689231184],[-91.03334609132844,31.95850631477629],[-91.03325209576201,31.9586489213402],[-91.03314218567807,31.958783167687525],[-91.03246219179438,31.95953317588183]]]},"properties":{"fire_id":"F4799","date":"2026-09-27","area_ha":33.0,"cumulative_ha":33.0,"frp_sum":1.2,"n_detections":3,"first_seen":"2026-09-27","last_seen":"2026-09-27","centroid":[-91.02928,31.95725],"history":[{"date":"2026-09-27","area_ha":33.0}],"track":[[-91.02928282468318,31.957250321004548]],"growth_24h_ha":null,"speed_km_day":null,"bearing_deg":null,"direction":null}},{"type":"Feature","geometry":{"type":"Polygon","coordinates":[[[-97.55376529959784,32.24435289991337],[-97.55770691344719,32.243527681592745],[-97.5578968823415,32.24349603334946],[-97.55808959973209,32.243479988407444],[-97.55828325855212,32.2434796972176],[-97.55847604290888,32.24349516251042],[-97.55866614510774,32.24352623927021],[-97.55885178259933,32.243572636094804],[-97.55903121469126,32.24363391792747],[-97.55920275886749,32.24370951013579],[-97.55936480656295,32.24379870389911],[-97.55951583824506,32.24390066285414],[-97.55965443766137,32.24401443093631],[-97.55977930511914,32.24413894134372],[-97.55988926967306,32.24427302653936],[-97.55998330010632,32.24441542919789],[-97.56006051460211,32.24456481399469],[-97.5601201890151,32.244719780126296],[-97.56016176366481,32.24487887444501],[-97.56018484858753,32.245040605084895],[-97.56018922719687,32.2452034554506],[-97.56017485831909,32.24536589843888],[-97.56014187658323,32.245526410758536],[-97.56009059116315,32.24568348721518],[-97.56002148288209,32.245835654826465],[-97.55993519970765,32.24598148663553],[-97.55983255067864,32.24611961509315],[-97.55971449832111,32.246248744882934],[-97.55958214962422,32.24636766506936],[-97.55943674566072,32.24647526045468],[-97.55927964994926,32.24657052203798],[-97.55911233566768,32.24665255647856],[-97.553942265204,32.24891259290837],[-97.55376342085061,32.24898159167719],[-97.55357738052957,32.24903547559137],[-97.55338594501367,32.249073723083455],[-97.55319096730824,32.24909596393761],[-97.55299433471177,32.24910198287372],[-97.55279795054449,32.249091721631494],[-97.55260371572138,32.249065279534626],[-97.55241351034886,32.249022912529014],[-97.55222917552283,32.248965030705115],[-97.55205249550473,32.248892194327745],[-97.54977246634157,32.24783217747423],[-97.54960797310505,32.247746717891],[-97.54945406021123,32.24764829803041],[-97.54931216614278,32.247537837752915],[-97.54918361703416,32.24741636944876],[-97.5490696142775,32.24728502838775],[-97.54897122329486,32.2471450421077],[-97.54888936358236,32.24699771894046],[-97.54882480011862,32.246844435783174],[-97.54877813621815,32.24668662522858],[-97.54874980789604,32.246525762175395],[-97.54874007979684,32.24636335004323],[-97.54874904272522,32.24620090672148],[-97.5487766128016,32.24603995038295],[-97.54882253225021,32.24588198529554],[-97.5488863718124,32.24572848776384],[-97.54896753476208,32.24558089233251],[-97.54906526248607,32.24544057838013],[-97.54917864157672,32.24530885722884],[-97.54930661237054,32.24518695989031],[-97.54944797885311,32.24507602556215],[-97.54960141983734,32.24497709098281],[-97.54976550131084,32.24489108074366],[-97.549938689837,32.24481879864958],[-97.55011936688437,32.24476092020789],[-97.55030584395078,32.24471798631646],[-97.55049637834064,32.24469039820952],[-97.55376529959784,32.24435289991337]]]},"properties":{"fire_id":"F2109","date":"2026-09-27","area_ha":44.0,"cumulative_ha":92.7,"frp_sum":7.0,"n_detections":4,"first_seen":"2026-09-05","last_seen":"2026-09-27","centroid":[-97.55441,32.24615],"history":[{"date":"2026-09-05","area_ha":33.6},{"date":"2026-09-07","area_ha":28.5},{"date":"2026-09-08","area_ha":26.1},{"date":"2026-09-09","area_ha":36.4},{"date":"2026-09-10","area_ha":26.3},{"date":"2026-09-12","area_ha":21.6},{"date":"2026-09-13","area_ha":29.4},{"date":"2026-09-14","area_ha":33.3},{"date":"2026-09-15","area_ha":42.7},{"date":"2026-09-16","area_ha":38.7},{"date":"2026-09-18","area_ha":31.5},{"date":"2026-09-19","area_ha":22.7},{"date":"2026-09-20","area_ha":32.3},{"date":"2026-09-22","area_ha":32.5},{"date":"2026-09-23","area_ha":30.1},{"date":"2026-09-25","area_ha":36.9},{"date":"2026-09-27","area_ha":44.0}],"track":[[-97.55430822835923,32.248804311411796],[-97.55158385751164,32.24542571424685],[-97.55226146310969,32.24581927840905],[-97.55188579012805,32.24582666345969],[-97.55288372567735,32.24822434871144],[-97.55150309792859,32.24644641362501],[-97.55170217046583,32.246796170255024],[-97.55180456259333,32.2460154582709],[-97.55307966174468,32.24689538073268],[-97.55466195313832,32.247117463463724],[-97.55193104008605,32.24595966647668],[-97.55227346245263,32.245963694529074],[-97.55198422124812,32.2473135216364],[-97.55312899790364,32.24629922236368],[-97.55185343663851,32.245946047452684],[-97.5515200191961,32.24690136268566],[-97.55441190987224,32.246152777012654]],"growth_24h_ha":3.54,"speed_km_day":0.14,"bearing_deg":253.83,"direction":"WSW"}},{"type":"Feature","geometry":{"type":"Polygon","coordinates":[[[-101.72339805797505,32.57837819639688],[-101.72359633023268,32.57836884711272],[-101.72379473614676,32.57837593605156],[-101.72399133579873,32.57839939390056],[-101.72418420692748,32.578438991298064],[-101.72437146372087,32.578494341075896],[-101.7245512752513,32.578564902044256],[-101.72472188337495,32.57864998428243],[-101.7248816199202,32.57874875588376],[-101.72502892299687,32.578860251088386],[-101.72516235226728,32.578983379725145],[-101.72528060302953,32.57911693786946],[-101.72538251897556,32.57925961961395],[-101.72546710349904,32.57941002983595],[-101.72553352944263,32.57956669783778],[-101.72558114718908,32.57972809172603],[-101.72560949101695,32.5798926333896],[-101.7256182836588,32.58005871392974],[-101.72560743901688,32.58022470939179],[-101.72557706300975,32.58038899664413],[-101.72552745254146,32.58054996924963],[-101.72545909260278,32.5807060531741],[-101.72537265153318,32.58085572217837],[-101.72526897448941,32.580997512743025],[-101.72514907518425,32.58113003838043],[-101.7250141259766,32.58125200319346],[-101.7225341243348,32.583282029891926],[-101.7223847336748,32.58339270927533],[-101.7222229619305,32.58349043599024],[-101.72205040534493,32.58357424572298],[-101.7218687665978,32.5836433114825],[-101.72167983800273,32.58369695176202],[-101.72148548381924,32.58373463726463],[-101.72128762185413,32.583755996127096],[-101.72108820453417,32.58376081758975],[-101.72088919963666,32.58374905407657],[-101.72069257086854,32.58372082166463],[-101.7205002584855,32.58367639893862],[-101.72031416014302,32.58361622424132],[-101.72013611216782,32.583540891347695],[-101.71996787143524,32.583451143604854],[-101.71981109803126,32.583347866595936],[-101.71966733887027,32.58323207940054],[-101.71953801243058,32.58310492453765],[-101.71942439475801,32.582967656690606],[-101.71932760687598,32.582821630325455],[-101.71831763642987,32.581101616368535],[-101.71824094880219,32.58095342669642],[-101.7181816010009,32.58079976109088],[-101.7181401405823,32.580642037565674],[-101.71811695003137,32.58048171157335],[-101.71811224323585,32.580320262574006],[-101.71812606351669,32.58015918038273],[-101.71815828323238,32.579999951422046],[-101.71820860496088,32.57984404500558],[-101.71827656424811,32.57969289978022],[-101.7183615338974,32.57954791045128],[-101.7184627297601,32.57941041491365],[-101.71857921797427,32.579281681907005],[-101.71870992358377,32.579162899309615],[-101.71885364045903,32.57905516317838],[-101.71900904242705,32.5789594676361],[-101.71917469550876,32.57887669569952],[-101.71934907115008,32.57880761113242],[-101.71953056032513,32.578752851399194],[-101.71971748838132,32.57871292178352],[-101.71990813048943,32.57868819072689],[-101.72339805797505,32.57837819639688]]]},"properties":{"fire_id":"F4815","date":"2026-09-27","area_ha":30.5,"cumulative_ha":30.5,"frp_sum":2.1,"n_detections":3,"first_seen":"2026-09-27","last_seen":"2026-09-27","centroid":[-101.72175,32.58078],"history":[{"date":"2026-09-27","area_ha":30.5}],"track":[[-101.72175178582506,32.58077502796414]],"growth_24h_ha":null,"speed_km_day":null,"bearing_deg":null,"direction":null}},{"type":"Feature","geometry":{"type":"Polygon","coordinates":[[[-102.74706085780691,32.97341506850317],[-102.74718078410748,32.973543323069926],[-102.74728526328296,32.97368062357609],[-102.7473733175898,32.97382568523081],[-102.74744412296556,32.97397715061184],[-102.74749701674307,32.97413360236679],[-102.74753150385462,32.974293576475205],[-102.74754726146841,32.97445557594785],[-102.74754414201362,32.97461808483466],[-102.74752217456562,32.9747795824104],[-102.74748156457814,32.97493855740532],[-102.747422691965,32.975093522147674],[-102.74734610754889,32.97524302648573],[-102.74725252791036,32.975385671358836],[-102.74714282868528,32.975520121890625],[-102.74701803637315,32.97564511988197],[-102.74687931873288,32.97575949558636],[-102.746727973856,32.975862178657685],[-102.7441379536633,32.97745220254435],[-102.74397242045882,32.97754370328944],[-102.743796880559,32.97762121155462],[-102.74361303535319,32.977683976098014],[-102.7434226667437,32.97773138857857],[-102.74322761987227,32.97776298945317],[-102.74302978523325,32.97777847243153],[-102.74283108034662,32.977777687445304],[-102.74263343116884,32.97776064210297],[-102.74243875342196,32.97772750161598],[-102.7422489340219,32.97767858719726],[-102.74206581278622,32.977614372947286],[-102.74189116459894,32.977535481258236],[-102.74172668220501,32.97744267678044],[-102.74157395980194,32.97733685901016],[-102.74143447758709,32.977219053570025],[-102.74130958741088,32.977090402267066],[-102.74120049967482,32.9769521520247],[-102.74110827160132,32.97680564279596],[-102.74103379698911,32.976652294575075],[-102.74097779755326,32.976493593633755],[-102.74094081593375,32.97633107811492],[-102.74092321044024,32.97616632312432],[-102.74092515158375,32.97600092546407],[-102.7409466204287,32.975836488156276],[-102.74160670541151,32.97237649828501],[-102.74164769360458,32.97221396885065],[-102.74170775580211,32.97205560190319],[-102.74178630508668,32.971902944684274],[-102.74188257393527,32.97175748864396],[-102.74199562172151,32.97162065487027],[-102.74212434390817,32.97149378020642],[-102.74226748284048,32.971378104191366],[-102.74242364003433,32.971274756951075],[-102.74259128983958,32.97118474815875],[-102.74276879434474,32.97110895717191],[-102.74295441937764,32.971048124442575],[-102.74314635144569,32.97100284428434],[-102.74334271545048,32.970973559067126],[-102.74354159300366,32.97096055489592],[-102.7437410411653,32.97096395881629],[-102.74393911142194,32.97098373757333],[-102.74413386871908,32.97101969793641],[-102.74432341036221,32.97107148858683],[-102.74450588460205,32.971138603549306],[-102.74467950872251,32.97122038713456],[-102.74484258645487,32.97131604034406],[-102.74499352454802,32.971424628674875],[-102.74513084833326,32.971545091248345],[-102.74706085780691,32.97341506850317]]]},"properties":{"fire_id":"F4816","date":"2026-09-27","area_ha":33.2,"cumulative_ha":33.2,"frp_sum":3.3,"n_detections":3,"first_seen":"2026-09-27","last_seen":"2026-09-27","centroid":[-102.74392,32.97443],"history":[{"date":"2026-09-27","area_ha":33.2}],"track":[[-102.74392176437972,32.97443041759057]],"growth_24h_ha":null,"speed_km_day":null,"bearing_deg":null,"direction":null}},{"type":"Feature","geometry":{"type":"Polygon","coordinates":[[[-101.74171098119044,33.526255467319814],[-101.74173606206834,33.526416398561786],[-101.74174221613593,33.52657857799864],[-101.74172938578663,33.526740490598065],[-101.74169769076171,33.526900623812075],[-101.74164742703614,33.52705748170714],[-101.74157906405772,33.52720959893917],[-101.74149324036546,33.52735555444334],[-101.74139075762787,33.52749398471011],[-101.74127257315666,33.52762359652418],[-101.74113979096582,33.52774317904669],[-101.7409936514594,33.52785161512804],[-101.74083551984445,33.52794789174579],[-101.74066687337708,33.52803110946937],[-101.74048928756109,33.5281004908641],[-101.74030442142802,33.52815538775496],[-101.74011400203615,33.52819528728307],[-101.73991980833335,33.52821981669758],[-101.73972365453493,33.52822874683865],[-101.7395273731715,33.528221994278695],[-101.73933279796564,33.52819962210177],[-101.73914174669744,33.52816183931436],[-101.73895600421909,33.52810899889223],[-101.73877730577739,33.528041594482396],[-101.7386073208001,33.52796025579068],[-101.7384476372978,33.52786574269787],[-101.73679762700912,33.52678572657215],[-101.73664912741434,33.52667843120629],[-101.7365139228833,33.52655974886309],[-101.73639328742185,33.52643079791302],[-101.73628835773079,33.52629279348479],[-101.7362001224961,33.52614703601388],[-101.73612941307458,33.52599489898712],[-101.7360768956628,33.52583781599931],[-101.7360430650229,33.52567726724352],[-101.73602823982442,33.52551476556261],[-101.73603255964566,33.52535184219334],[-101.73605598366291,33.52519003233754],[-101.73674606723493,33.521820043042915],[-101.73678987259376,33.52165632033032],[-101.73685323076967,33.52149702362665],[-101.73693550963242,33.52134374195959],[-101.73703588832672,33.52119800434706],[-101.73715336546412,33.52106126454601],[-101.73728676911496,33.52093488655225],[-101.73743476850056,33.52082013099564],[-101.73759588726902,33.5207181425667],[-101.73776851822217,33.52062993859972],[-101.73795093934683,33.52055639892613],[-101.73814133099023,33.52049825709957],[-101.73833779400881,33.52045609307983],[-101.73853836870906,33.52043032744872],[-101.73874105439181,33.52042121721547],[-101.73894382930531,33.52042885325357],[-101.73914467080787,33.520453159394464],[-101.73934157553954,33.52049389318715],[-101.73953257940165,33.52055064831631],[-101.7397157771449,33.520622858654356],[-101.73988934137121,33.52070980390792],[-101.7400515407596,33.52081061680135],[-101.74020075733442,33.52092429172667],[-101.74033550260405,33.52104969477307],[-101.74045443240884,33.52118557503632],[-101.74055636033022,33.52133057709517],[-101.74064026952753,33.52148325453057],[-101.74070532288383,33.52164208435263],[-101.74075087136006,33.521805482191674],[-101.74171098119044,33.526255467319814]]]},"properties":{"fire_id":"F4817","date":"2026-09-27","area_ha":34.5,"cumulative_ha":34.5,"frp_sum":3.1,"n_detections":3,"first_seen":"2026-09-27","last_seen":"2026-09-27","centroid":[-101.73891,33.52445],"history":[{"date":"2026-09-27","area_ha":34.5}],"track":[[-101.73891320724587,33.52444583109456]],"growth_24h_ha":null,"speed_km_day":null,"bearing_deg":null,"direction":null}},{"type":"Feature","geometry":{"type":"Polygon","coordinates":[[[-98.2150169172256,33.54686733790389],[-98.21515689970755,33.546983089786245],[-98.21528257451148,33.547109541818294],[-98.21539274830828,33.54724549335782],[-98.21548637493147,33.547389653560614],[-98.21556256531238,33.54754065363561],[-98.21562059592455,33.54769705984047],[-98.21565991565697,33.54785738709401],[-98.21568015105073,33.548020113076404],[-98.21568110984936,33.548183692683196],[-98.21566278282864,33.548346572696104],[-98.21562534388895,33.548507206531006],[-98.21556914840829,33.54866406892338],[-98.21549472987238,33.54881567041164],[-98.2154027948127,33.54896057148072],[-98.21529421610133,33.549097396231666],[-98.21517002466526,33.54922484544754],[-98.21503139969954,33.54934170893116],[-98.21487965747146,33.5494468769978],[-98.21471623882245,33.549539351013614],[-98.21454269548636,33.5496182528794],[-98.21436067535362,33.54968283336989],[-98.21417190682195,33.54973247924925],[-98.21397818238165,33.54976671909508],[-98.21378134159195,33.549785227775544],[-98.21358325360983,33.54978782953738],[-98.21338579943759,33.54977449967493],[-98.2131908540579,33.54974536476494],[-98.20875076649902,33.54889534897708],[-98.2085603033287,33.54885071104244],[-98.20837600180012,33.54879098764323],[-98.2081996097879,33.54871674518441],[-98.20803280014087,33.548628687765145],[-98.20787715481524,33.548527650500425],[-98.2077341498706,33.54841459159981],[-98.20760514147092,33.54829058327883],[-98.20749135302343,33.548156801589215],[-98.20739386357735,33.54801451526436],[-98.20731359759252,33.54786507368595],[-98.20725131617479,33.547709894086],[-98.2072076098613,33.54755044810549],[-98.2071828930238,33.54738824783753],[-98.20717739994326,33.547224831486716],[-98.20719118259241,33.54706174878178],[-98.20722411014745,33.54690054627874],[-98.20727587023318,33.54674275269478],[-98.2073459718896,33.546589864411494],[-98.20743375023181,33.54644333128501],[-98.20753837275869,33.54630454289783],[-98.2076588472505,33.54617481538219],[-98.20779403118038,33.5460553789404],[-98.20794264255052,33.545947366179966],[-98.20810327205,33.545851801374496],[-98.20827439641909,33.54576959075183],[-98.20845439289342,33.54570151390154],[-98.20864155459081,33.54564821638339],[-98.2088341066953,33.5456102036065],[-98.20903022328453,33.54558783603749],[-98.20922804464159,33.54558132578272],[-98.20942569488686,33.545590734577424],[-98.20962129976299,33.545615973200185],[-98.21390121392099,33.546345959570345],[-98.21411099454747,33.546391491786686],[-98.2143137067574,33.54645521965707],[-98.21450704317387,33.546536417798976],[-98.21468880312074,33.54663416197217],[-98.21485691766902,33.54674733959742],[-98.2150169172256,33.54686733790389]]]},"properties":{"fire_id":"F4818","date":"2026-09-27","area_ha":27.0,"cumulative_ha":27.0,"frp_sum":2.5,"n_detections":3,"first_seen":"2026-09-27","last_seen":"2026-09-27","centroid":[-98.21144,33.54767],"history":[{"date":"2026-09-27","area_ha":27.0}],"track":[[-98.21144377557876,33.54767125424386]],"growth_24h_ha":null,"speed_km_day":null,"bearing_deg":null,"direction":null}},{"type":"Feature","geometry":{"type":"Polygon","coordinates":[[[-86.78435662813489,33.58337986720751],[-86.7843895312234,33.58354020262238],[-86.7844034818505,33.583702413191986],[-86.78439834897732,33.5838649766321],[-86.78437418065606,33.584026367338474],[-86.78433120358338,33.584185070704294],[-86.78426982097743,33.58433959733449],[-86.7841906087975,33.584488497024076],[-86.78409431034267,33.584630372368615],[-86.78398182927904,33.58476389187973],[-86.78385422116155,33.58488780248192],[-86.78371268352939,33.58500094127388],[-86.78355854466834,33.585102246443476],[-86.78339325114504,33.585190767234096],[-86.78321835423054,33.58526567286884],[-86.78303549534021,33.58532626034854],[-86.78284639062731,33.5853719610504],[-86.78265281487403,33.58540234606562],[-86.7824565848322,33.58541713022529],[-86.78225954216954,33.58541617477728],[-86.78206353618188,33.58539948868865],[-86.78187040643371,33.58536722856149],[-86.78168196549024,33.58531969716291],[-86.7814999819029,33.58525734058307],[-86.78132616360851,33.58518074404785],[-86.78116214189775,33.58509062642554],[-86.78100945610356,33.58498783347917],[-86.78086953915334,33.584873329927824],[-86.78074370412052,33.584748190391444],[-86.78063313190184,33.58461358930432],[-86.77792318298897,33.580943552844225],[-86.77782878277488,33.58080051524436],[-86.77775162359029,33.58065060003387],[-86.77769243179127,33.58049521866637],[-86.77765176455951,33.58033583405184],[-86.7776300046603,33.58017394678263],[-86.7776273568429,33.58001108100507],[-86.77764384591724,33.57984877006955],[-86.77767931652485,33.579688542094225],[-86.77773343460582,33.57953190557846],[-86.77780569054818,33.579380335201144],[-86.77789540398953,33.57923525793768],[-86.77800173022584,33.579098039626544],[-86.77812366816669,33.57896997211141],[-86.77826006976234,33.57885226108019],[-86.77840965081336,33.57874601471537],[-86.77857100306134,33.578652233262346],[-86.77874260744667,33.57857179961384],[-86.77892284840874,33.57850547099923],[-86.77911002909379,33.57845387185686],[-86.77930238732748,33.578417487956216],[-86.77949811220189,33.57839666182551],[-86.77969536112077,33.57839158952756],[-86.77989227714298,33.57840231881437],[-86.7800870064607,33.57842874867751],[-86.78027771584831,33.57847063029908],[-86.78046260991758,33.57852756939354],[-86.78063994801704,33.578599029919204],[-86.78080806061644,33.578684339123775],[-86.78096536502242,33.57878269387692],[-86.78111038027718,33.57889316823006],[-86.78124174110013,33.57901472213257],[-86.7836217580828,33.58144469297162],[-86.78373335651605,33.581570099100404],[-86.78383040693716,33.581703494497354],[-86.78391207548552,33.581843733125204],[-86.78397766043841,33.581989610148895],[-86.78402659824205,33.58213987228608],[-86.78435662813489,33.58337986720751]]]},"properties":{"fire_id":"F4684","date":"2026-09-27","area_ha":30.3,"cumulative_ha":41.5,"frp_sum":3.1,"n_detections":3,"first_seen":"2026-09-26","last_seen":"2026-09-27","centroid":[-86.78111,33.58188],"history":[{"date":"2026-09-26","area_ha":25.8},{"date":"2026-09-27","area_ha":30.3}],"track":[[-86.78281441057,33.583685171346126],[-86.78110806917951,33.58187986494948]],"growth_24h_ha":4.57,"speed_km_day":0.26,"bearing_deg":136.49,"direction":"SE"}},{"type":"Feature","geometry":{"type":"Polygon","coordinates":[[[-108.44906153860704,34.153273081948676],[-108.44905609892756,34.15329882439561],[-108.44859615106087,34.155378831620204],[-108.44855083586391,34.1555386897788],[-108.44848665664817,34.1556941577318],[-108.44840422760133,34.1558437474033],[-108.44830433760411,34.155986026974304],[-108.44818794268285,34.15611963458861],[-108.44805615686134,34.15624329138919],[-108.44791024149944,34.15635581376024],[-108.44775159322091,34.15645612465792],[-108.44758173054535,34.156543263920845],[-108.44740227935266,34.156616397461875],[-108.44721495731896,34.15667482525307],[-108.44702155747329,34.15671798802746],[-108.44682393103207,34.156745472633034],[-108.44662396967648,34.15675701598813],[-108.44642358744179,34.1567525076001],[-108.44622470239268,34.156731990623115],[-108.44185461247874,34.156101978525435],[-108.44165611462336,34.1560649503999],[-108.44146308540063,34.15601197819816],[-108.44127743061566,34.15594358492285],[-108.44110098325122,34.155860445829845],[-108.44093548536797,34.15576338176024],[-108.44078257090332,34.1556533510349],[-108.44064374953842,34.15553143999159],[-108.44052039179313,34.15539885225802],[-108.44041371549572,34.15525689686713],[-108.44032477376115,34.15510697533157],[-108.44025444459626,34.1549505678056],[-108.44020342223483,34.15478921847044],[-108.44017221028744,34.15462452028812],[-108.44016111677412,34.15445809927374],[-108.44017025108812,34.15429159844194],[-108.44019952292106,34.15412666158591],[-108.44024864315953,34.153964917048924],[-108.44031712674436,34.153807961648965],[-108.4404042974638,34.15365734491484],[-108.44050929463359,34.153514553789485],[-108.44063108159722,34.15338099795132],[-108.44076845596298,34.1532579958989],[-108.44092006147605,34.15314676193555],[-108.44108440140873,34.153048394183],[-108.44617434935716,34.15030843881686],[-108.44634452637749,34.150226164139994],[-108.44652359361275,34.15015769639712],[-108.44670988491085,34.15010367264984],[-108.44690166691551,34.15006459556381],[-108.44709715519176,34.15004082873237],[-108.44729453082633,34.15003259329416],[-108.4474919573485,34.15003996587582],[-108.4476875978142,34.15006287787916],[-108.44787963189434,34.150101116119316],[-108.44806627280902,34.15015432480798],[-108.44824578394952,34.15022200886334],[-108.44841649503415,34.150303538515715],[-108.44857681764745,34.15039815516646],[-108.44872526001821,34.15050497844526],[-108.4488604408992,34.15062301440053],[-108.44898110241901,34.15075116474651],[-108.44908612178705,34.15088823708126],[-108.44917452174214,34.15103295598045],[-108.44924547964797,34.151183974863756],[-108.44929833515035,34.15133988852351],[-108.44933259632514,34.15149924619922],[-108.44934794425934,34.15166056507599],[-108.44934423602281,34.151822344081744],[-108.44932150600246,34.15198307785439],[-108.44906153860704,34.153273081948676]]]},"properties":{"fire_id":"F4819","date":"2026-09-27","area_ha":44.1,"cumulative_ha":44.1,"frp_sum":7.4,"n_detections":4,"first_seen":"2026-09-27","last_seen":"2026-09-27","centroid":[-108.44527,34.15367],"history":[{"date":"2026-09-27","area_ha":44.1}],"track":[[-108.44526648552277,34.153668776301664]],"growth_24h_ha":null,"speed_km_day":null,"bearing_deg":null,"direction":null}},{"type":"Feature","geometry":{"type":"Polygon","coordinates":[[[-87.09347174498654,34.64159563305048],[-87.09346425959654,34.64175346140234],[-87.09343853984751,34.641910016475485],[-87.09339481392828,34.64206390862667],[-87.09333346986345,34.642213771842265],[-87.09325505207289,34.642358275864055],[-87.09316025654233,34.64249613799799],[-87.09304992464835,34.64262613450069],[-87.09292503569208,34.64274711144328],[-87.09278669820797,34.642857994955214],[-87.09049669097554,34.64452801963312],[-87.09034335211393,34.64462948798354],[-87.09017876524352,34.64471854906913],[-87.090004443611,34.6447943840275],[-87.08982198998366,34.64485629560045],[-87.08963308191142,34.64490371454577],[-87.08943945630035,34.64493620487198],[-87.08924289344013,34.644953467847756],[-87.08904520063228,34.64495534474903],[-87.08884819556965,34.644941818318706],[-87.08865368962034,34.644913012925244],[-87.08846347116992,34.644869193419055],[-87.08392338833195,34.64362917008567],[-87.08373280851845,34.64356839597557],[-87.08355058044118,34.64349255534822],[-87.08337850050111,34.64340239584671],[-87.08321826504087,34.64329880626818],[-87.08307145362087,34.64318280780067],[-87.08293951344747,34.64305554395486],[-87.08282374510695,34.642918269289865],[-87.08272528974574,34.64277233704455],[-87.08264511782338,34.642619185795965],[-87.08258401954886,34.642460325277156],[-87.08254259709477,34.642297321493096],[-87.08252125866544,34.64213178128295],[-87.08252021447785,34.64196533647963],[-87.0825394746944,34.64179962782352],[-87.08257884932787,34.641636288788845],[-87.08263795011932,34.64147692948182],[-87.08271619437011,34.64132312076979],[-87.08281281069016,34.641176378797226],[-87.08292684660564,34.64103815004174],[-87.0830571779509,34.64090979705678],[-87.0832025199519,34.64079258504209],[-87.08447024240733,34.639867060663356],[-87.08370951987493,34.637930049984156],[-87.08125376147663,34.63678401182988],[-87.08108347072658,34.636695234461484],[-87.08092469911591,34.636593314328664],[-87.08077897510762,34.63647923262325],[-87.08064770153594,34.63635408761325],[-87.08053214210156,34.636219084068244],[-87.08043340920723,34.63607552165987],[-87.08035245325082,34.635924782448654],[-87.08029005347868,34.63576831757786],[-87.08024681048744,34.63560763330269],[-87.08022314044622,34.63544427648892],[-87.08021927109479,34.63527981972121],[-87.0802352395558,34.63511584616391],[-87.08027089198241,34.63495393432053],[-87.08032588504396,34.63479564283827],[-87.08039968923569,34.63464249550436],[-87.08049159398026,34.63449596657781],[-87.08060071447163,34.634357466598765],[-87.08072600019577,34.63422832881101],[-87.08086624504543,34.63410979632918],[-87.08102009893209,34.63400301017329],[-87.08118608078287,34.633908998286664],[-87.08136259279759,34.63382866564177],[-87.08154793582838,34.633762785530415],[-87.08174032573429,34.63371199212083],[-87.08193791055321,34.633676774354214],[-87.08213878832605,34.63365747123896],[-87.08234102540182,34.63365426858786],[-87.08254267504742,34.63366719722975],[-87.08274179618326,34.63369613271294],[-87.08293647206447,34.633740796502764],[-87.08747579272037,34.6349806102668],[-87.09202511300063,34.636220424319276],[-87.09220815019148,34.63627832496981],[-87.09238358175189,34.636350125090004],[-87.09254981573679,34.63643517313955],[-87.09270534364889,34.63653269735949],[-87.09284875412618,34.63664181277439],[-87.09297874574878,34.63676152922184],[-87.0930941388488,34.63689076033657],[-87.09319388621624,34.637028333407315],[-87.09327708260348,34.63717300001767],[-87.0933429729423,34.63732344737386],[-87.09339095919873,34.63747831021687],[-87.09342060580327,34.63763618321114],[-87.09343164360743,34.63779563369682],[-87.09347174498654,34.64159563305048]]]},"properties":{"fire_id":"F0253","date":"2026-09-27","area_ha":100.0,"cumulative_ha":233.7,"frp_sum":11.8,"n_detections":8,"first_seen":"2026-08-24","last_seen":"2026-09-27","centroid":[-87.08748,34.6393],"history":[{"date":"2026-08-24","area_ha":62.1},{"date":"2026-08-25","area_ha":75.6},{"date":"2026-08-26","area_ha":98.9},{"date":"2026-08-28","area_ha":56.7},{"date":"2026-08-29","area_ha":38.3},{"date":"2026-08-30","area_ha":82.0},{"date":"2026-08-31","area_ha":60.4},{"date":"2026-09-01","area_ha":102.5},{"date":"2026-09-02","area_ha":50.5},{"date":"2026-09-03","area_ha":105.5},{"date":"2026-09-05","area_ha":95.1},{"date":"2026-09-06","area_ha":51.1},{"date":"2026-09-07","area_ha":67.8},{"date":"2026-09-09","area_ha":57.2},{"date":"2026-09-10","area_ha":90.0},{"date":"2026-09-11","area_ha":104.2},{"date":"2026-09-13","area_ha":68.5},{"date":"2026-09-14","area_ha":127.6},{"date":"2026-09-15","area_ha":73.6},{"date":"2026-09-16","area_ha":31.7},{"date":"2026-09-17","area_ha":23.5},{"date":"2026-09-18","area_ha":66.1},{"date":"2026-09-19","area_ha":114.3},{"date":"2026-09-20","area_ha":61.8},{"date":"2026-09-21","area_ha":42.9},{"date":"2026-09-22","area_ha":59.8},{"date":"2026-09-23","area_ha":87.5},{"date":"2026-09-25","area_ha":47.7},{"date":"2026-09-26","area_ha":147.1},{"date":"2026-09-27","area_ha":100.0}],"track":[[-87.08634197257808,34.6389631926558],[-87.08620335378885,34.63988398667481],[-87.08769289334147,34.64122973547511],[-87.09192167633671,34.64022814364157],[-87.08803461597122,34.64002267542736],[-87.08650448969318,34.641872880571775],[-87.08569294318043,34.64118619519934],[-87.08829958238401,34.63921765167289],[-87.09311898260046,34.640250668196956],[-87.08588160211701,34.64110573543008],[-87.0883511637861,34.64005937955729],[-87.084583209352,34.63873831543184],[-87.08714553454922,34.64020783618046],[-87.08813239997748,34.6387001783005],[-87.08609689365196,34.64139964949056],[-87.08732850041707,34.63946370059218],[-87.08836417629531,34.64026569948476],[-87.08585991150773,34.64234173174502],[-87.08664071499277,34.64005711023638],[-87.08833503934268,34.64083721291341],[-87.08427350833651,34.63976459290831],[-87.08658955880642,34.63939732410469],[-87.08682648020043,34.64159615313676],[-87.08631333229638,34.64277573510556],[-87.0856973744496,34.64026238863964],[-87.08474645832422,34.63967974209244],[-87.08900361564997,34.64000458717711],[-87.08757286278896,34.639033067752734],[-87.08836728039564,34.64157236491343],[-87.08747779280411,34.63929983254911]],"growth_24h_ha":-47.15,"speed_km_day":0.27,"bearing_deg":156.97,"direction":"SSE"}},{"type":"Feature","geometry":{"type":"Polygon","coordinates":[[[-83.95918983580044,35.98202803641863],[-83.95910737495001,35.982177761861664],[-83.95900700223791,35.98232035324449],[-83.95888967521562,35.98245445011447],[-83.95875651321202,35.9825787730578],[-83.958608786656,35.98269213590776],[-83.95844790495653,35.982793457063146],[-83.95827540305578,35.982881769809396],[-83.95809292678378,35.9829562315434],[-83.95790221715397,35.983016131814196],[-83.9577050937501,35.983060899102526],[-83.95750343736262,35.98309010627486],[-83.95729917204056,35.98310347465936],[-83.95709424673034,35.983100876705365],[-83.95689061667672,35.983082337200514],[-83.95669022476365,35.983048033034265],[-83.95649498297321,35.98299829150977],[-83.95630675413949,35.982933587220515],[-83.95612733417215,35.982854537521256],[-83.95595843491878,35.98276189663676],[-83.95580166783031,35.982656548464476],[-83.95565852858496,35.98253949813987],[-83.95553038281767,35.982411862444955],[-83.95541845309124,35.98227485915163],[-83.95532380723338,35.98212979540164],[-83.9552473481509,35.981978055233874],[-83.95518980521837,35.98182108637821],[-83.95515172732274,35.981660386442094],[-83.955133477631,35.98149748862138],[-83.9551352301297,35.98133394707196],[-83.95515696797001,35.981171322081856],[-83.95519848363324,35.98101116518516],[-83.9552593809156,35.98085500435974],[-83.95640943741638,35.97834502232556],[-83.95643244360112,35.9782970999398],[-83.957582492961,35.9760071176949],[-83.95766789262755,35.97585851731401],[-83.95777104351495,35.97571727164831],[-83.9578909622062,35.97558472717259],[-83.95802650545714,35.9754621474081],[-83.95817638109673,35.97535070087873],[-83.95833916034614,35.97525144997328],[-83.95851329143919,35.97516534081938],[-83.95869711441424,35.97509319426564],[-83.95888887693674,35.975035698058],[-83.95908675100148,35.974993400284866],[-83.95928885035559,35.974966704153296],[-83.95949324847622,35.974955864146054],[-83.95969799693172,35.97496098359619],[-83.95990114395163,35.974982013702245],[-83.96010075302806,35.9750187539933],[-83.96029492137228,35.97507085423965],[-83.9604817980497,35.97513781779079],[-83.96065960162126,35.97521900630899],[-83.96082663712299,35.97531364585319],[-83.96098131222176,35.97542083425561],[-83.96112215239376,35.975539549720516],[-83.96124781498054,35.97566866056317],[-83.96135710198914,35.975806935996765],[-83.96144897151395,35.97595305786374],[-83.96152254767145,35.97610563320035],[-83.96157712895305,35.97626320751457],[-83.9616121949164,35.97642427865072],[-83.96162741115091,35.97658731110884],[-83.96162263247051,35.9767507506822],[-83.96159790430245,35.976913039273505],[-83.9615534622592,35.97707262974859],[-83.96148972989705,35.977228000685976],[-83.95918983580044,35.98202803641863]]]},"properties":{"fire_id":"F4797","date":"2026-09-27","area_ha":32.7,"cumulative_ha":32.7,"frp_sum":4.3,"n_detections":3,"first_seen":"2026-09-27","last_seen":"2026-09-27","centroid":[-83.95837,35.97903],"history":[{"date":"2026-09-27","area_ha":32.7}],"track":[[-83.95837237299092,35.979027521890856]],"growth_24h_ha":null,"speed_km_day":null,"bearing_deg":null,"direction":null}},{"type":"Feature","geometry":{"type":"Polygon","coordinates":[[[-114.90712103124847,36.356031406143735],[-114.90719680878202,36.3558714786373],[-114.90729272784051,36.355718516589306],[-114.90740778894683,36.35557411367755],[-114.90754079320736,36.35543977439564],[-114.907690354806,36.35531689837966],[-114.90785491544464,36.35520676582753],[-114.90803276057926,36.35511052416291],[-114.90822203728281,36.355029176082354],[-114.908420773549,36.35496356911038],[-114.90862689883502,36.35491438677091],[-114.90883826563068,36.35488214146733],[-114.91478813743463,36.354222155279096],[-114.91499529083985,36.35420739377186],[-114.91520326835537,36.35420890528163],[-114.91541004662957,36.3542266751033],[-114.91561361397568,36.354260530358964],[-114.91581198993897,36.354310141679406],[-114.91600324456056,36.35437502640785],[-114.91618551715028,36.35445455329486],[-114.91635703438664,36.35454794863843],[-114.91651612756701,36.354654303810065],[-114.91666124884127,36.35477258409324],[-114.91679098627054,36.35490163874859],[-114.91690407756451,36.35504021220787],[-114.91699942236376,36.355186956287966],[-114.91707609294787,36.35534044330594],[-114.91713334326435,36.355499179967914],[-114.9171706161912,36.3556616218965],[-114.91718754896165,36.355826188655506],[-114.91718397669852,36.355991279125895],[-114.91715993402363,36.35615528708333],[-114.917115654726,36.356316616825616],[-114.91566576128785,36.36057664030753],[-114.91560229712711,36.36073240574991],[-114.91551996848416,36.36088250522307],[-114.91541956270241,36.36102550306414],[-114.91530204004432,36.36116003152804],[-114.91516852450981,36.36128480387073],[-114.91502029308718,36.361398626658136],[-114.91485876354052,36.361500411182696],[-114.91468548084909,36.361589183877946],[-114.91450210242937,36.36166409563232],[-114.9143103822805,36.36172442991193],[-114.91411215420545,36.36176960961563],[-114.91390931426777,36.361799202595854],[-114.91370380265258,36.3618129257929],[-114.91349758510498,36.361810647942974],[-114.91329263412375,36.36179239083397],[-114.91309091009036,36.36175832909694],[-114.91289434251414,36.36170878853561],[-114.91270481157275,36.36164424300924],[-114.9125241301253,36.36156530989942],[-114.90755407184804,36.3591352661728],[-114.90738905737375,36.35904574740742],[-114.90723546086063,36.35894422896734],[-114.90709466214565,36.35883162287526],[-114.90696792607582,36.358708940759094],[-114.90685639114565,36.358577284762674],[-114.90676105927062,36.358437837643095],[-114.906682786788,36.35829185214407],[-114.90662227676643,36.35814063974082],[-114.90658007269309,36.357985558857266],[-114.90655655359463,36.357828002662025],[-114.90655193063625,36.35766938655228],[-114.90656624522884,36.3575111354384],[-114.90659936866119,36.35735467094332],[-114.90665100326056,36.35720139863187],[-114.90712103124847,36.356031406143735]]]},"properties":{"fire_id":"F3374","date":"2026-09-27","area_ha":58.2,"cumulative_ha":81.9,"frp_sum":6.3,"n_detections":4,"first_seen":"2026-09-16","last_seen":"2026-09-27","centroid":[-114.91219,36.35765],"history":[{"date":"2026-09-16","area_ha":33.7},{"date":"2026-09-17","area_ha":38.1},{"date":"2026-09-18","area_ha":29.5},{"date":"2026-09-21","area_ha":32.0},{"date":"2026-09-22","area_ha":55.0},{"date":"2026-09-23","area_ha":59.7},{"date":"2026-09-26","area_ha":24.6},{"date":"2026-09-27","area_ha":58.2}],"track":[[-114.91300288836739,36.358049436821126],[-114.91364218949147,36.35866550677959],[-114.91424140559792,36.35712569697416],[-114.9128258522728,36.35775141047724],[-114.91292018014181,36.358391740404294],[-114.9143953403492,36.357863384553085],[-114.91181612024225,36.357000187414364],[-114.91219327734551,36.35764995517459]],"growth_24h_ha":33.64,"speed_km_day":0.08,"bearing_deg":346.66,"direction":"NNW"}},{"type":"Feature","geometry":{"type":"Polygon","coordinates":[[[-104.61281136109332,38.22029963972401],[-104.61298188033052,38.22039990260682],[-104.61313874254995,38.220512726214686],[-104.6132804085624,38.220637003528566],[-104.61340548826216,38.220771515140484],[-104.61351275426802,38.22091494121663],[-104.61360115396857,38.22106587444622],[-104.61366981985381,38.22122283384876],[-104.61371807803107,38.22138427930439],[-104.61374545484206,38.22154862666494],[-104.61375168151558,38.221714263297294],[-104.6137366968103,38.22187956390672],[-104.61370064762119,38.22204290648486],[-104.61364388754369,38.2222026882258],[-104.61356697340938,38.222357341254316],[-104.61347065982685,38.22250534801154],[-104.61335589178138,38.222645256147324],[-104.60566599305926,38.231065366034585],[-104.60553638561296,38.231193543611184],[-104.60539129152622,38.23131137237521],[-104.60523208389176,38.23141773720103],[-104.60506026939237,38.23151163145257],[-104.60487747404144,38.231592166511604],[-104.60468542779367,38.23165858018903],[-104.60448594817088,38.231710243939595],[-104.6042809230585,38.23174666881155],[-104.60407229283545,38.23176751007508],[-104.60386203200684,38.231772570485425],[-104.60365213051318,38.23176180215013],[-104.60344457489344,38.231735306982294],[-104.60324132948045,38.23169333573595],[-104.60304431780652,38.23163628563229],[-104.60163429381235,38.2311662758688],[-104.6014463887993,38.231095113702764],[-104.60126825316412,38.23101023700635],[-104.6011015544178,38.23091244031953],[-104.6009478529915,38.230802639124335],[-104.60080858762878,38.230681861273524],[-104.60068506191762,38.2305512373675],[-104.60057843208882,38.23041199016924],[-104.60048969619439,38.23026542315677],[-104.60041968476763,38.23011290832017],[-104.60036905305213,38.22995587331755],[-104.60033827487209,38.22979578811004],[-104.60032763820146,38.229634151201324],[-104.60033724247315,38.22947247561022],[-104.6003669976531,38.22931227470767],[-104.60041662508822,38.229155048051034],[-104.60048566011926,38.22900226734788],[-104.6005734564349,38.22885536268072],[-104.60067919212534,38.228715709122014],[-104.60080187737917,38.22858461386403],[-104.60094036375092,38.22846330398447],[-104.6010933549128,38.228352914962166],[-104.60125941878958,38.22825448005025],[-104.60208703149122,38.22781135568397],[-104.60747986343048,38.21975106111014],[-104.60758822528248,38.219607122104996],[-104.60771455153433,38.21947223496795],[-104.60785758952397,38.21934773715025],[-104.60801592090853,38.21923486308316],[-104.60818797572875,38.21913473193965],[-104.60837204797596,38.219048336539494],[-104.60856631250667,38.21897653350659],[-104.60876884313761,38.2189200347769],[-104.60897763174165,38.218879400540985],[-104.60919060815537,38.21885503369047],[-104.60940566070128,38.21884717582436],[-104.60962065712103,38.2188559048538],[-104.60983346571267,38.218881134229974],[-104.61004197646228,38.218922613801944],[-104.6102441219609,38.21897993229639],[-104.61043789789929,38.21905252139472],[-104.61062138293771,38.21913966136684],[-104.61281136109332,38.22029963972401]]]},"properties":{"fire_id":"F4798","date":"2026-09-27","area_ha":79.7,"cumulative_ha":79.7,"frp_sum":5.0,"n_detections":5,"first_seen":"2026-09-27","last_seen":"2026-09-27","centroid":[-104.60715,38.22526],"history":[{"date":"2026-09-27","area_ha":79.7}],"track":[[-104.60714737394363,38.22526032141702]],"growth_24h_ha":null,"speed_km_day":null,"bearing_deg":null,"direction":null}},{"type":"Feature","geometry":{"type":"Polygon","coordinates":[[[-98.21643524559988,26.049735690504924],[-98.21660979370931,26.049711405964516],[-98.21678606076902,26.049702472754475],[-98.21696245380163,26.049708971608084],[-98.21713737869149,26.049730843792364],[-98.21730925458871,26.049767891638815],[-98.22119918743532,26.05078787765772],[-98.22137056078026,26.050841238126537],[-98.22153547365237,26.050909681093238],[-98.22169236053689,26.05099255682778],[-98.22183973209711,26.051089078588113],[-98.22197618931109,26.051198330087963],[-98.22210043675207,26.05131927419434],[-98.2222112948858,26.051450762772063],[-98.22230771126858,26.051591547582298],[-98.22238877053947,26.051740292131242],[-98.22245370311175,26.051895584356874],[-98.22250189248122,26.05205595003314],[-98.22253288108169,26.052219866764535],[-98.22254637463217,26.052385778438104],[-98.22254224493408,26.052552109995798],[-98.22252053109202,26.052717282386936],[-98.22248143914649,26.052879727558693],[-98.22242534012142,26.053037903342723],[-98.2223527665053,26.053190308095868],[-98.22226440719928,26.053335494956755],[-98.2200944421888,26.056525519071876],[-98.21999103647981,26.056662216362685],[-98.21987364182674,26.05678900290687],[-98.21974337454795,26.056904673026985],[-98.21960147339031,26.057008126753885],[-98.21944928774948,26.057098380288004],[-98.21928826483739,26.057174575355713],[-98.21911993591863,26.057235987372074],[-98.21894590174718,26.0572820323321],[-98.21876781734161,26.05731227236512],[-98.21858737624393,26.05732641989923],[-98.2184062944117,26.057324340396363],[-98.2182262938967,26.057306053631844],[-98.21804908646597,26.057271733506358],[-98.2178763573202,26.05722170639196],[-98.21770974906535,26.057156448028028],[-98.2175508460897,26.057076578996583],[-98.21740115949468,26.056982858820124],[-98.21726211272355,26.056876178738097],[-98.217135028024,26.056757553230604],[-98.21702111387394,26.056628110370287],[-98.2169214534899,26.05648908109388],[-98.21683699452717,26.056341787495718],[-98.21473705691649,26.052201762549906],[-98.21466678155596,26.052042810184258],[-98.21461420937925,26.051878174969513],[-98.21457987113303,26.051709519303373],[-98.21456411343975,26.051538546172832],[-98.21456709530183,26.051366981957916],[-98.21458878650051,26.05119655899968],[-98.21462896790543,26.051028998108183],[-98.21468723369149,26.05086599118725],[-98.21476299544076,26.050709184151305],[-98.21485548808742,26.05056016030696],[-98.2149637776458,26.05042042436693],[-98.21508677064355,26.050291387257673],[-98.2152232251641,26.050174351874205],[-98.21537176338741,26.05007049992583],[-98.2155308855019,26.049980880005474],[-98.21569898484742,26.049906397003113],[-98.21587436413621,26.049847802970078],[-98.21605525258823,26.049805689526618],[-98.21643524559988,26.049735690504924]]]},"properties":{"fire_id":"F4803","date":"2026-09-27","area_ha":45.6,"cumulative_ha":45.6,"frp_sum":16.1,"n_detections":4,"first_seen":"2026-09-27","last_seen":"2026-09-27","centroid":[-98.21847,26.05315],"history":[{"date":"2026-09-27","area_ha":45.6}],"track":[[-98.2184718381085,26.053145780451384]],"growth_24h_ha":null,"speed_km_day":null,"bearing_deg":null,"direction":null}},{"type":"Feature","geometry":{"type":"Polygon","coordinates":[[[-97.21429635306987,27.820791498053442],[-97.21447744895828,27.820830925726305],[-97.21465334964633,27.82088610133607],[-97.21482235479304,27.820956491525347],[-97.21498283070164,27.821041415863252],[-97.2151332261098,27.821140053421964],[-97.21527208718359,27.821251450711348],[-97.21539807157046,27.821374530895024],[-97.21550996137516,27.82150810419855],[-97.21560667493347,27.821650879409674],[-97.21568727726981,27.821801476358917],[-97.21575098913745,27.821958439260417],[-97.2157971945541,27.82212025078386],[-97.21582544675971,27.822285346721483],[-97.21583547253896,27.822452131108527],[-97.21582717486635,27.822618991651012],[-97.21580063384822,27.822784315311505],[-97.21575610595258,27.82294650390236],[-97.21569402153374,27.82310398953588],[-97.21561498067575,27.823255249781557],[-97.21551974739472,27.823398822384274],[-97.21540924225567,27.823533319401008],[-97.2152845334755,27.82365744061923],[-97.21514682659772,27.823769986127353],[-97.21499745283909,27.823869867915697],[-97.2148378562203,27.823956120395614],[-97.21466957960554,27.824027909735147],[-97.21449424978576,27.824084541921003],[-97.21431356174993,27.82412546946852],[-97.2141292622965,27.824150296715192],[-97.2086791552221,27.824640304184417],[-97.20849849597114,27.824648766636198],[-97.20831775933149,27.82464175589379],[-97.20813859160937,27.824619335816262],[-97.20796262481737,27.824581710622265],[-97.20779146180622,27.824529223029618],[-97.20762666166215,27.824462351133167],[-97.20746972550354,27.82438170404945],[-97.20732208280582,27.824288016367568],[-97.20718507837958,27.824182141457506],[-97.20705996012033,27.8240650436959],[-97.20539996709947,27.822355026501683],[-97.20528395889981,27.822222835163977],[-97.2051831037926,27.822081011133513],[-97.20509839020076,27.821930944445363],[-97.2050306483275,27.82177410591611],[-97.20498054202206,27.82161203272741],[-97.20494856227661,27.82144631335912],[-97.2049350224177,27.821278572020308],[-97.20494005503956,27.82111045272977],[-97.2049636107086,27.82094360320317],[-97.20500545845236,27.820779658703984],[-97.20506518802733,27.82062022601683],[-97.20514221394349,27.820466867700272],[-97.20523578120611,27.820321086773138],[-97.20534497271827,27.82018431198482],[-97.20546871827123,27.82005788381347],[-97.20560580503492,27.819943041329545],[-97.20575488944523,27.81984091005334],[-97.20591451037191,27.819752490925225],[-97.20608310343775,27.81967865049714],[-97.20625901634894,27.819620112440766],[-97.20644052508648,27.81957745045625],[-97.20662585079968,27.81955108265025],[-97.20681317723691,27.81954126743888],[-97.20700066854224,27.81954810101553],[-97.20718648724434,27.81957151640812],[-97.21429635306987,27.820791498053442]]]},"properties":{"fire_id":"F4863","date":"2026-09-27","area_ha":44.8,"cumulative_ha":44.8,"frp_sum":8.0,"n_detections":3,"first_seen":"2026-09-27","last_seen":"2026-09-27","centroid":[-97.21019,27.82216],"history":[{"date":"2026-09-27","area_ha":44.8}],"track":[[-97.21019159567447,27.82216476025803]],"growth_24h_ha":null,"speed_km_day":null,"bearing_deg":null,"direction":null}},{"type":"Feature","geometry":{"type":"Polygon","coordinates":[[[-99.08787308815921,28.381066904703438],[-99.08789943375456,28.381229241184688],[-99.08790802051155,28.38139308078132],[-99.08789876804448,28.381556891662477],[-99.08787176275725,28.381719142258962],[-99.08782725703938,28.38187831558269],[-99.08776566690997,28.38203292341057],[-99.08768756813149,28.382181520199165],[-99.08759369082962,28.38232271660091],[-99.08748491266941,28.382455192455012],[-99.08736225065122,28.38257770913147],[-99.08722685160348,28.382689121113156],[-99.0870799814606,28.382788386707208],[-99.0869230134269,28.38287457778582],[-99.08675741513643,28.38294688846507],[-99.0865847349297,28.383004642640888],[-99.08640658737477,28.38304730031135],[-99.08622463816886,28.383074462626467],[-99.08604058856145,28.383085875617812],[-99.0858561594446,28.383081432573558],[-99.08567307525942,28.383061175036282],[-99.08549304786953,28.38302529241462],[-99.08531776055194,28.382974120211898],[-99.08514885225568,28.382908136888855],[-99.08347882970229,28.382168126515108],[-99.08331224047376,28.38208479537323],[-99.08315586628093,28.381987064036718],[-99.08301127657752,28.3818759134019],[-99.08287992252254,28.38175245904689],[-99.08276312241529,28.381617940033667],[-99.08266204846497,28.381473706470935],[-99.08257771502707,28.381321205962596],[-99.08251096842513,28.381161969077613],[-99.08246247845962,28.38099759398768],[-99.08243273168904,28.380829730426374],[-99.0824220265508,28.380660063131238],[-99.08243047037035,28.380490294934802],[-99.0824579782886,28.380322129674237],[-99.08321805133592,28.376892140057272],[-99.08326334171186,28.376730208034704],[-99.08332630771349,28.376573015616938],[-99.0834063399565,28.37642208387608],[-99.08350266392762,28.37627887329652],[-99.08361434748201,28.37614476964359],[-99.08374030986529,28.376021070555264],[-99.08387933217281,28.375908972986657],[-99.08403006914506,28.375809561629076],[-99.08419106218474,28.375723798415276],[-99.08436075347002,28.37565251321251],[-99.08453750102694,28.37559639579354],[-99.0847195946156,28.375555989163043],[-99.08490527227627,28.37553168430407],[-99.08509273737558,28.375523716395367],[-99.08528017598783,28.375532162535958],[-99.08546577444365,28.375556940999346],[-99.08564773687588,28.375597812024104],[-99.08582430259365,28.375654380133575],[-99.0859937631163,28.375726097962083],[-99.08615447870235,28.375812271550643],[-99.08630489421425,28.37591206706103],[-99.08644355416477,28.376024518843263],[-99.08656911680018,28.376148538778438],[-99.0866803670834,28.376282926806695],[-99.0867762284521,28.376426382538217],[-99.0868557732373,28.376577517835305],[-99.08691823164226,28.37673487024367],[-99.08696299919406,28.376896917142886],[-99.08787308815921,28.381066904703438]]]},"properties":{"fire_id":"F4820","date":"2026-09-27","area_ha":33.9,"cumulative_ha":33.9,"frp_sum":2.3,"n_detections":3,"first_seen":"2026-09-27","last_seen":"2026-09-27","centroid":[-99.08519,28.37948],"history":[{"date":"2026-09-27","area_ha":33.9}],"track":[[-99.08519306216203,28.379478340147664]],"growth_24h_ha":null,"speed_km_day":null,"bearing_deg":null,"direction":null}},{"type":"Feature","geometry":{"type":"Polygon","coordinates":[[[-100.88494894287226,28.375927015921093],[-100.88513329617273,28.37594528656874],[-100.88531478269078,28.375979387418553],[-100.88549168699421,28.376028996141898],[-100.88566233695482,28.376093643825865],[-100.88582511955123,28.376172719404856],[-100.88597849611344,28.37626547543585],[-100.88612101686523,28.37637103516252],[-100.88625133462696,28.37648840080169],[-100.88636821754918,28.37661646297358],[-100.88647056075696,28.376754011187067],[-100.88655739679473,28.376899745280713],[-100.88662790477281,28.377052287711432],[-100.88668141812929,28.377210196574772],[-100.8867174309335,28.377371979233764],[-100.8867356026718,28.37753610642759],[-100.88673576147004,28.37770102672655],[-100.88671790572195,28.37786518119702],[-100.88668220410848,28.378027018137338],[-100.88549229220757,28.38230703422251],[-100.88543847858817,28.382466525624636],[-100.88536733409781,28.38262055791359],[-100.88527954422297,28.382767646774976],[-100.88517595486492,28.382906374798036],[-100.88505756419082,28.383035405135377],[-100.88492551301668,28.38315349438634],[-100.88478107381519,28.38325950458021],[-100.88462563845378,28.383352414143246],[-100.88446070478165,28.383431327744315],[-100.88428786219443,28.383495484923802],[-100.88410877631627,28.383544267422725],[-100.88392517294662,28.38357720514151],[-100.88373882142643,28.3835939806707],[-100.88355151758479,28.383594432350172],[-100.88336506642975,28.38357855582729],[-100.88318126475065,28.383546504098707],[-100.88300188379993,28.38349858603588],[-100.88282865222102,28.383435263408227],[-100.88266323938733,28.383357146432473],[-100.88250723931279,28.38326498789158],[-100.88236215528933,28.383159675879526],[-100.88222938539923,28.38304222524208],[-100.882110209042,28.38291376779621],[-100.88200577460586,28.382775541422124],[-100.88191708840236,28.382628878133392],[-100.88184500497101,28.382475191240054],[-100.88179021884696,28.38231596172851],[-100.88175325787125,28.38215272398929],[-100.88165327074805,28.38156272261244],[-100.88163332319465,28.381373697012613],[-100.88163726138254,28.38118387357312],[-100.88166503581637,28.38099563028452],[-100.88200995578752,28.37936978408873],[-100.87998449654023,28.37903823313639],[-100.87980350926465,28.379000416419235],[-100.87962752139487,28.378947118367865],[-100.8794582040489,28.3788788450786],[-100.87929716499292,28.378796244845294],[-100.8791459333726,28.378700102002732],[-100.87900594519161,28.378591329477967],[-100.87887852967525,28.378470960120627],[-100.87876489664868,28.378340136894476],[-100.87866612504963,28.37820010202339],[-100.87858315268483,28.378052185194832],[-100.87851676732699,28.377897790933076],[-100.8784675992373,28.377738385261868],[-100.87843611518392,28.377575481783357],[-100.87842261401336,28.37741062730549],[-100.87842722381679,28.377245387154332],[-100.8784499007176,28.37708133031083],[-100.87849042929214,28.376920014513193],[-100.87854842461903,28.37676297146617],[-100.87862333593772,28.37661169229793],[-100.87871445188127,28.376467613402326],[-100.87882090723357,28.376332102801133],[-100.87894169114693,28.37620644715561],[-100.87907565674142,28.376091839550835],[-100.87922153199546,28.375989368168433],[-100.87937793182368,28.37590000595554],[-100.87954337122764,28.375824601387894],[-100.87971627939439,28.37576387041462],[-100.87989501460933,28.375718389661348],[-100.88007787984166,28.37568859095602],[-100.88026313885443,28.37567475722926],[-100.88044903268687,28.3756770198285],[-100.88494894287226,28.375927015921093]]]},"properties":{"fire_id":"F4804","date":"2026-09-27","area_ha":45.8,"cumulative_ha":45.8,"frp_sum":37.6,"n_detections":5,"first_seen":"2026-09-27","last_seen":"2026-09-27","centroid":[-100.88307,28.37894],"history":[{"date":"2026-09-27","area_ha":45.8}],"track":[[-100.88306867505774,28.37893898862057]],"growth_24h_ha":null,"speed_km_day":null,"bearing_deg":null,"direction":null}},{"type":"Feature","geometry":{"type":"Polygon","coordinates":[[[-96.52664724302473,28.70175853892644],[-96.52657195193774,28.70160743087977],[-96.52651363721002,28.701450555837997],[-96.52647285240435,28.70128940321803],[-96.52644998464125,28.701125503042505],[-96.5264452509272,28.700960411412915],[-96.52645869609822,28.7007956957355],[-96.52649019239836,28.700632919839894],[-96.52653944069648,28.700473629132166],[-96.52660597333016,28.700319335922906],[-96.52668915854922,28.700171505069925],[-96.5267882065166,28.700031540071546],[-96.5269021768097,28.69990076974271],[-96.52702998735062,28.699780435600356],[-96.52717042468059,28.699671680077536],[-96.52732215548102,28.699575535678434],[-96.52748373923158,28.699492915177064],[-96.52765364188556,28.69942460295244],[-96.52783025043219,28.699371247543006],[-96.52801188820821,28.69933335549013],[-96.52819683081317,28.69931128653004],[-96.54311653341739,28.698181304387305],[-96.54330460016013,28.698175259479022],[-96.54349242939581,28.69818557746586],[-96.5436782076897,28.698212158729557],[-96.54386014140468,28.698254746632625],[-96.54403647401543,28.6983129299959],[-96.54420550306442,28.69838614706782],[-96.54436559659644,28.698473690947363],[-96.54451520891303,28.698574716408192],[-96.54465289549474,28.698688248058215],[-96.54477732694717,28.698813189755903],[-96.54488730183648,28.698948335192355],[-96.54498175828996,28.699092379537067],[-96.54505978425013,28.699243932035053],[-96.54512062628295,28.699401529433732],[-96.54516369685525,28.699563650109848],[-96.54518858001082,28.699728728760356],[-96.54519503539032,28.699895171515134],[-96.54518300055618,28.700061371325912],[-96.54515259159956,28.7002257234826],[-96.5451041020237,28.7003866411075],[-96.54503799991404,28.700542570477374],[-96.54495492342235,28.700692006025953],[-96.54270497293206,28.704282033645047],[-96.54260560966723,28.704423665406246],[-96.54249100269088,28.70455597418343],[-96.54236226073628,28.704677679922405],[-96.54222062930641,28.704787605146404],[-96.5420674786247,28.704884686349256],[-96.54190429037818,28.70496798428555],[-96.54173264338165,28.70503669305876],[-96.54155419830134,28.705090147919236],[-96.54137068158606,28.705127831696252],[-96.54118386876135,28.705149379802414],[-96.54099556724844,28.70515458376141],[-96.54080759887424,28.70514339322532],[-96.52882736233879,28.703903373687858],[-96.52864037953243,28.703875649237265],[-96.5284574104295,28.70383170243153],[-96.52828024786035,28.703771963881717],[-96.52811062774983,28.703697018932953],[-96.52795021210535,28.703607601928017],[-96.52780057272997,28.703504589011118],[-96.52766317581994,28.703388989542],[-96.52753936759775,28.70326193620481],[-96.52743036112167,28.70312467390846],[-96.52733722440084,28.70297854758754],[-96.52664724302473,28.70175853892644]]]},"properties":{"fire_id":"F4710","date":"2026-09-27","area_ha":107.1,"cumulative_ha":148.0,"frp_sum":6.1,"n_detections":4,"first_seen":"2026-09-26","last_seen":"2026-09-27","centroid":[-96.53623,28.70153],"history":[{"date":"2026-09-26","area_ha":118.1},{"date":"2026-09-27","area_ha":107.1}],"track":[[-96.53559693457056,28.702029729929816],[-96.53623034931289,28.701531726197107]],"growth_24h_ha":-11.03,"speed_km_day":0.08,"bearing_deg":228.7,"direction":"SW"}},{"type":"Feature","geometry":{"type":"Polygon","coordinates":[[[-107.71604756850996,28.846586549438538],[-107.71619746170913,28.84654232422253],[-107.71635096804442,28.846509142825308],[-107.71753094563987,28.84629914610938],[-107.71771259006346,28.8462747434246],[-107.71789604482939,28.84626579599052],[-107.71807962757079,28.84627238586035],[-107.71826165474738,28.846294452601125],[-107.71844045708158,28.84633179384778],[-107.71861439486393,28.8463840671588],[-107.71878187298755,28.846450793156034],[-107.7189413555739,28.84653135992045],[-107.71909138005607,28.846625028602908],[-107.7192305705899,28.846730940199212],[-107.72071056842687,28.847970925848532],[-107.72084106680161,28.848091582813282],[-107.72095749337927,28.84822298906481],[-107.7210587190358,28.848363870271083],[-107.72114376204415,28.848512860210064],[-107.72121179759701,28.84866851401791],[-107.72126216580807,28.848829322199812],[-107.72129437811488,28.848993725268148],[-107.72130812202047,28.84916012886545],[-107.72130326412804,28.8493269192259],[-107.72127985143872,28.849492478825255],[-107.72123811090022,28.84965520206769],[-107.72117844720988,28.849813510856936],[-107.7211014388939,28.849965869901478],[-107.72100783270018,28.850110801604313],[-107.72089853635937,28.85024690039393],[-107.7207746097838,28.850372846356574],[-107.72063725479005,28.85048741803822],[-107.72048780344434,28.850589504291513],[-107.720327705144,28.85067811505321],[-107.72015851256023,28.850752390947143],[-107.7199818665786,28.85081161161968],[-107.71979948038316,28.85085520272698],[-107.71961312283896,28.8508827415058],[-107.71942460133401,28.850893960874288],[-107.7192357442473,28.85088875202255],[-107.71904838321302,28.850867165468113],[-107.71516830865346,28.850247155734323],[-107.7149816072109,28.850208723912438],[-107.71480018116863,28.850154031806262],[-107.71462584184525,28.85008362544715],[-107.71446032979483,28.849998207752048],[-107.71430529742746,28.849898631504974],[-107.71416229251051,28.84978589084199],[-107.71403274271539,28.849661111324917],[-107.7139179413642,28.849525538702903],[-107.7138190345186,28.849380526474313],[-107.71373700953949,28.84922752237267],[-107.71367268523225,28.849068053912163],[-107.71362670367517,28.848903713136853],[-107.71359952381297,28.848736140725762],[-107.71359141687913,28.848567009612808],[-107.71360246369247,28.84839800828494],[-107.71363255385495,28.84823082392544],[-107.71368138685827,28.84806712557042],[-107.71374847508838,28.84790854744684],[-107.71383314869746,28.847756672658406],[-107.71393456229467,28.84761301738203],[-107.71405170338865,28.847479015732716],[-107.71418340249764,28.847356005447722],[-107.71432834482583,28.847245214533206],[-107.71448508338968,28.84714774900626],[-107.71465205346279,28.84706458185481],[-107.71482758819555,28.84699654332552],[-107.71604756850996,28.846586549438538]]]},"properties":{"fire_id":"F4821","date":"2026-09-27","area_ha":28.8,"cumulative_ha":28.8,"frp_sum":6.4,"n_detections":4,"first_seen":"2026-09-27","last_seen":"2026-09-27","centroid":[-107.71751,28.84866],"history":[{"date":"2026-09-27","area_ha":28.8}],"track":[[-107.71750860717138,28.848656244299534]],"growth_24h_ha":null,"speed_km_day":null,"bearing_deg":null,"direction":null}},{"type":"Feature","geometry":{"type":"Polygon","coordinates":[[[-97.79160731994166,28.857075865348833],[-97.79176202472189,28.857128970888805],[-97.79191095290135,28.857193682317227],[-97.79205299012337,28.85726951543098],[-97.7973129408454,28.86035947437113],[-97.79746343023623,28.86045753843475],[-97.797602391646,28.86056807175576],[-97.79772850484558,28.860690024219814],[-97.79784057165287,28.860822237221956],[-97.7979375273168,28.860963454672884],[-97.79801845063443,28.86111233493136],[-97.79808257270497,28.86126746354966],[-97.79812928423745,28.861427366710675],[-97.79815814134257,28.861590525229506],[-97.79816886975358,28.861755388986186],[-97.79816136743585,28.861920391652493],[-97.79813570556033,28.862083965573227],[-97.7980921278314,28.862244556660215],[-97.79803104817549,28.862400639157656],[-97.79795304681195,28.862550730138754],[-97.79785886474383,28.862693403595372],[-97.79774939672036,28.86282730398744],[-97.79762568273817,28.86295115912275],[-97.79748889816184,28.863063792245185],[-97.79734034255748,28.863164133216156],[-97.79718142734558,28.86325122868315],[-97.79701366239046,28.863324251138774],[-97.79683864165341,28.863382506783832],[-97.79665802804658,28.863425442120242],[-97.79647353763079,28.863452649210473],[-97.79628692330823,28.863463869554124],[-97.79609995816469,28.8634589965442],[-97.79591441861976,28.863438076480286],[-97.79573206754557,28.863401308128452],[-97.78870194160444,28.86166128138536],[-97.7885254902601,28.861609335253434],[-97.78835556447989,28.861542550397694],[-97.78819376085504,28.861461554315888],[-97.78804159964945,28.861367108030183],[-97.78790051051418,28.86126009893583],[-97.78777181905397,28.861141532462423],[-97.7876567343721,28.86101252262617],[-97.78755633771047,28.86087428156181],[-97.78747157229188,28.860728108132875],[-97.78740323445973,28.860575375727063],[-97.78735196619836,28.860417519351557],[-97.78731824910417,28.860256022149617],[-97.78730239986429,28.86009240146517],[-97.78730456728479,28.859928194586253],[-97.7873247308965,28.859764944301272],[-97.78736270115132,28.85960418440409],[-97.7874181212069,28.85944742528352],[-97.78749047028296,28.859296139733274],[-97.78757906855748,28.85915174911524],[-97.78768308355666,28.859015610006256],[-97.78895309567832,28.857515624340156],[-97.78907113362682,28.85738941374816],[-97.78920241429844,28.857273848957846],[-97.78934571236013,28.85717000857898],[-97.78949969033233,28.857078861789862],[-97.78966291107172,28.857001259292904],[-97.78983385118367,28.856937925375476],[-97.79001091523895,28.856889451150874],[-97.79019245066227,28.856856289041968],[-97.79037676315376,28.856838748559195],[-97.79056213249937,28.856836993412262],[-97.79074682862309,28.856851039982413],[-97.79092912773102,28.85688075716951],[-97.79110732839696,28.856925867615466],[-97.79160731994166,28.857075865348833]]]},"properties":{"fire_id":"F4822","date":"2026-09-27","area_ha":48.1,"cumulative_ha":48.1,"frp_sum":3.6,"n_detections":4,"first_seen":"2026-09-27","last_seen":"2026-09-27","centroid":[-97.79256,28.86034],"history":[{"date":"2026-09-27","area_ha":48.1}],"track":[[-97.79256109717818,28.86033570485101]],"growth_24h_ha":null,"speed_km_day":null,"bearing_deg":null,"direction":null}},{"type":"Feature","geometry":{"type":"Polygon","coordinates":[[[-94.92033598915856,29.372929207738046],[-94.92049071258273,29.373029049613756],[-94.92063334693206,29.373141874683885],[-94.92076247960206,29.373266565596424],[-94.92087683168265,29.37340188748293],[-94.92097527062467,29.37354650018675],[-94.92105682145767,29.373698971534143],[-94.92112067644796,29.373857791516706],[-94.92116620310111,29.374021387244994],[-94.9211929504296,29.37418813852486],[-94.92120065342337,29.37435639390298],[-94.92118923567871,29.37452448702176],[-94.92115881015958,29.374690753122596],[-94.92110967808337,29.374853545533334],[-94.92104232594191,29.375011251976993],[-94.9209574206876,29.37516231054033],[-94.92085580313125,29.37530522514347],[-94.92073847961781,29.375438580358185],[-94.9206066120618,29.375561055427216],[-94.92046150644109,29.3756714373465],[-94.92030459986304,29.375768632879907],[-94.92013744633121,29.37585167938801],[-94.9199617013533,29.375919754363355],[-94.91977910554299,29.375972183577794],[-94.91959146737835,29.37600844776097],[-94.9194006452874,29.376028187744076],[-94.91920852923852,29.376031208017658],[-94.91901702201825,29.37601747866818],[-94.91882802038195,29.375987135674386],[-94.91864339626436,29.37594047956039],[-94.91846497823606,29.375877972418717],[-94.91070486509973,29.37275792623991],[-94.91053674002582,29.372681355967853],[-94.91037798854038,29.372590711735548],[-94.91023013956328,29.37248686653866],[-94.91009461699593,29.372370820508785],[-94.90629462549869,29.368780780755174],[-94.90617436391253,29.36865551045283],[-94.90606847815478,29.368520640161844],[-94.90597795939858,29.368377432456228],[-94.9059036549461,29.368227227954506],[-94.9058462602989,29.368071432768673],[-94.90580631265006,29.367911505340583],[-94.90578418585856,29.36774894278825],[-94.90578008695319,29.367585266890735],[-94.90579405419837,29.367422009842052],[-94.90582595673985,29.367260699908194],[-94.9058754958337,29.367102847120954],[-94.90594220764652,29.366949929142724],[-94.90602546760086,29.36680337743476],[-94.90612449622498,29.36666456385785],[-94.90623836645197,29.36653478783134],[-94.90636601229984,29.366415264170328],[-94.90650623885138,29.36630711171493],[-94.90665773344016,29.36621134285811],[-94.90681907793817,29.366128854069846],[-94.90698876202975,29.3660604175065],[-94.907165197348,29.366006673783794],[-94.907346732341,29.365968125980952],[-94.90753166772926,29.365945134932165],[-94.90771827240927,29.365937915849404],[-94.90790479965483,29.36594653630823],[-94.90808950346445,29.36597091561526],[-94.90827065490194,29.366010825563436],[-94.90844655827743,29.366065892567896],[-94.90861556701752,29.36613560116252],[-94.90877609907594,29.36621929882436],[-94.92033598915856,29.372929207738046]]]},"properties":{"fire_id":"F4800","date":"2026-09-27","area_ha":70.6,"cumulative_ha":70.6,"frp_sum":6.8,"n_detections":3,"first_seen":"2026-09-27","last_seen":"2026-09-27","centroid":[-94.91326,29.37117],"history":[{"date":"2026-09-27","area_ha":70.6}],"track":[[-94.91326114051192,29.37117431102722]],"growth_24h_ha":null,"speed_km_day":null,"bearing_deg":null,"direction":null}},{"type":"Feature","geometry":{"type":"Polygon","coordinates":[[[-94.94316469411616,29.377788548594232],[-94.94514421959983,29.3783918320559],[-94.94532153486378,29.378454657526444],[-94.94549088780985,29.37853254750162],[-94.94565061681645,29.37862473776008],[-94.94579915467212,29.37873032377045],[-94.94593504395117,29.37884826956494],[-94.94605695131295,29.378977417902775],[-94.94616368058459,29.379116501623447],[-94.94625418449857,29.379264156078534],[-94.94632757497023,29.37941893252008],[-94.94638313181399,29.379579312314434],[-94.94642030981305,29.379743721841866],[-94.94643874407268,29.37991054793605],[-94.94643825360467,29.38007815371184],[-94.94641884310761,29.38024489462593],[-94.94638070292524,29.380409134613153],[-94.9463242071831,29.380569262139844],[-94.94624991012176,29.380723706016717],[-94.94615854066238,29.38087095081626],[-94.94605099525756,29.381009551743123],[-94.94592832909788,29.381138148811743],[-94.94579174575996,29.38125548019209],[-94.94564258539789,29.381360394591923],[-94.94548231159348,29.381451862555167],[-94.94531249699479,29.38152898656419],[-94.94513480788342,29.38159100984772],[-94.94495098782257,29.381637323807578],[-94.94476284054586,29.381667473991282],[-94.94457221225557,29.381681164551917],[-94.9443809735033,29.381678261151578],[-94.9391008669433,29.381368256113365],[-94.93889928278111,29.381347040733477],[-94.93870135534696,29.381307393720412],[-94.93850927310888,29.381249753444283],[-94.93832515989357,29.381174757222684],[-94.9381510514,29.381083234273017],[-94.93500102242179,29.37922320914889],[-94.93485110139572,29.37912509916885],[-94.93471272118032,29.379014733205693],[-94.93458718127853,29.378893147715008],[-94.93447566059254,29.378761484512047],[-94.93437920635347,29.378620980047824],[-94.93429872428825,29.37847295379662],[-94.93423497011601,29.378318795863883],[-94.93418854245385,29.378159953930968],[-94.9338585731299,29.376749949317304],[-94.93382982048396,29.37658717913676],[-94.93381926265339,29.376422730185055],[-94.93382699957168,29.376258160705856],[-94.93385295781984,29.376095030077387],[-94.933896891326,29.375934884036848],[-94.93395838370108,29.37577924003403],[-94.9340368521879,29.37562957285329],[-94.93413155318635,29.375487300640216],[-94.93424158930202,29.375353771464994],[-94.93436591785148,29.37523025054996],[-94.9345033607436,29.375117908282395],[-94.934652615643,29.375017809125804],[-94.93481226831014,29.374930901535148],[-94.93498080600084,29.374858008971017],[-94.93515663179856,29.374799822098232],[-94.93533807974354,29.374756892242576],[-94.9355234306155,29.374729626167703],[-94.93571092822069,29.37471828222141],[-94.93589879602884,29.37472296788827],[-94.93608525400259,29.374743638771374],[-94.93626853546041,29.374780099012735],[-94.9364469038126,29.37483200314903],[-94.93661866901286,29.374898859384256],[-94.94316469411616,29.377788548594232]]]},"properties":{"fire_id":"F2100","date":"2026-09-27","area_ha":57.9,"cumulative_ha":365.0,"frp_sum":9.8,"n_detections":5,"first_seen":"2026-09-05","last_seen":"2026-09-27","centroid":[-94.93969,29.37861],"history":[{"date":"2026-09-05","area_ha":222.3},{"date":"2026-09-07","area_ha":168.8},{"date":"2026-09-08","area_ha":200.5},{"date":"2026-09-11","area_ha":222.3},{"date":"2026-09-12","area_ha":148.7},{"date":"2026-09-14","area_ha":204.4},{"date":"2026-09-15","area_ha":138.8},{"date":"2026-09-16","area_ha":175.7},{"date":"2026-09-18","area_ha":187.6},{"date":"2026-09-19","area_ha":203.5},{"date":"2026-09-20","area_ha":226.6},{"date":"2026-09-21","area_ha":183.1},{"date":"2026-09-22","area_ha":248.1},{"date":"2026-09-23","area_ha":193.3},{"date":"2026-09-24","area_ha":67.3},{"date":"2026-09-25","area_ha":187.5},{"date":"2026-09-26","area_ha":232.0},{"date":"2026-09-27","area_ha":57.9}],"track":[[-94.9244208442228,29.37419346300659],[-94.9240566840808,29.37312333698712],[-94.92319405083899,29.37267513178958],[-94.92755954808979,29.374199765982606],[-94.92391467719146,29.372532312288797],[-94.9271954367296,29.37404864303384],[-94.92582102639068,29.374121332880286],[-94.9246675266224,29.373453363155672],[-94.92312113104408,29.372962396246372],[-94.92559017737698,29.374200772235415],[-94.92435522223113,29.373366826768518],[-94.92559833540032,29.374699617900024],[-94.9263562353038,29.37480994711722],[-94.92133990992744,29.373201120008623],[-94.91350223028824,29.371439630968624],[-94.92503484325758,29.3736505585426],[-94.92860097612325,29.37457614595929],[-94.93968921819399,29.378612950752537]],"growth_24h_ha":-174.09,"speed_km_day":1.17,"bearing_deg":291.92,"direction":"WNW"}},{"type":"Feature","geometry":{"type":"Polygon","coordinates":[[[-98.03384050867639,29.574808597233297],[-98.03595746655674,29.57514621448354],[-98.03614298353328,29.575184129034724],[-98.03632333590865,29.575237798899504],[-98.03649677605809,29.575306704011485],[-98.03666162332499,29.575390176672066],[-98.03681628030452,29.57548740801956],[-98.0369592483212,29.5755974558662],[-98.03708914195047,29.57571925382707],[-98.03720470244374,29.575851621652408],[-98.03730480992661,29.575993276663297],[-98.0373884942522,29.57614284618014],[-98.03745494440442,29.57629888082328],[-98.03750351635976,29.57645986855705],[-98.03753373933156,29.576624249341254],[-98.03754532033597,29.57679043024812],[-98.03753814703515,29.576956800898028],[-98.03751228883041,29.577121749064933],[-98.03746799619377,29.57728367629974],[-98.03740569824508,29.577441013420607],[-98.03732599859744,29.577592235719862],[-98.03722966951123,29.57773587774019],[-98.03711764441341,29.577870547476962],[-98.03699100885413,29.57799493986871],[-98.03685098998851,29.57810784944549],[-98.03669894468536,29.57820818201196],[-98.03653634637801,29.578294965252397],[-98.0363647707848,29.57836735815423],[-98.0361858806374,29.578424659159456],[-98.03600140956542,29.578466312964316],[-98.03581314529326,29.578491915901314],[-98.03562291231226,29.57850121985193],[-98.03218284225629,29.578521220180203],[-98.03199167779255,29.578514063892403],[-98.03180225618127,29.57849044891212],[-98.03161642875311,29.578450606040274],[-98.03143601170437,29.578394924680662],[-98.03126276834325,29.57832394903354],[-98.03109839185358,29.578238372776248],[-98.03094448874447,29.57813903228257],[-98.03080256314774,29.578026898447607],[-98.03067400211675,29.57790306719754],[-98.03056006207015,29.577768748777743],[-98.02972007390007,29.57666873875663],[-98.029622541876,29.57652634400203],[-98.0295414499106,29.57637628197542],[-98.02947757869524,29.57621999752011],[-98.02943154310265,29.576058995384145],[-98.02940378627024,29.575894825731528],[-98.02939457533725,29.575729069216358],[-98.02940399887682,29.575563321763642],[-98.02943196604743,29.575399179203526],[-98.02947820747183,29.57523822190651],[-98.02954227783464,29.57508199956794],[-98.02962356017376,29.57493201628816],[-98.02972127182376,29.574789716091693],[-98.02983447195422,29.574656469025356],[-98.02996207063013,29.57453355796849],[-98.03010283930716,29.574422166282734],[-98.03025542266063,29.574323366420096],[-98.03041835163424,29.574238109598596],[-98.03059005758311,29.574167216645396],[-98.03076888737489,29.57411137009513],[-98.03095311930345,29.574071107619446],[-98.03114097966242,29.574046816851254],[-98.03133065981888,29.574038731653342],[-98.03152033362292,29.574046929867],[-98.03170817498578,29.574071332562845],[-98.03189237545739,29.574111704800544],[-98.03207116163418,29.57416765789039],[-98.03384050867639,29.574808597233297]]]},"properties":{"fire_id":"F2161","date":"2026-09-27","area_ha":29.7,"cumulative_ha":88.8,"frp_sum":11.4,"n_detections":4,"first_seen":"2026-09-05","last_seen":"2026-09-27","centroid":[-98.03334,29.57647],"history":[{"date":"2026-09-05","area_ha":37.6},{"date":"2026-09-06","area_ha":41.6},{"date":"2026-09-07","area_ha":34.6},{"date":"2026-09-09","area_ha":68.8},{"date":"2026-09-11","area_ha":35.0},{"date":"2026-09-12","area_ha":44.9},{"date":"2026-09-13","area_ha":32.6},{"date":"2026-09-14","area_ha":37.7},{"date":"2026-09-17","area_ha":33.1},{"date":"2026-09-18","area_ha":42.8},{"date":"2026-09-20","area_ha":24.8},{"date":"2026-09-22","area_ha":23.0},{"date":"2026-09-23","area_ha":39.2},{"date":"2026-09-25","area_ha":58.6},{"date":"2026-09-27","area_ha":29.7}],"track":[[-98.03227194853942,29.575410908708655],[-98.03276966215371,29.57518992472389],[-98.03298661957827,29.57641766944076],[-98.03395071502834,29.57592583303725],[-98.03315662554195,29.575112749962933],[-98.03353264163606,29.57641874715003],[-98.03318092111596,29.576735338885367],[-98.03348556176242,29.57805638161465],[-98.03396153202952,29.57716794885363],[-98.0338786801459,29.575806889762518],[-98.0348766401135,29.575359496719983],[-98.03375066933948,29.576935836480565],[-98.03363699778227,29.576709696720446],[-98.03331184702658,29.57675281736191],[-98.03333834975452,29.576469216335973]],"growth_24h_ha":-14.46,"speed_km_day":0.02,"bearing_deg":185.89,"direction":"S"}},{"type":"Feature","geometry":{"type":"Polygon","coordinates":[[[-95.008282195455,29.739693313720693],[-95.00846921280527,29.739712441753603],[-95.00865322071893,29.739747291657686],[-95.00883248442203,29.739797534875166],[-95.00900531385972,29.73986269772276],[-95.00917007962715,29.73994216585673],[-95.00932522832917,29.74003519006408],[-95.01953515876257,29.746815100968448],[-95.01968106736162,29.74692225906864],[-95.0198141917067,29.747041395476206],[-95.01993324346427,29.7471713572706],[-95.02003707046839,29.747310886766037],[-95.02012466787197,29.747458633681394],[-95.02019518787304,29.74761316820641],[-95.02024794792204,29.747772994837558],[-95.0202824373305,29.74793656685008],[-95.02029832221679,29.748102301265654],[-95.02029544874163,29.74826859417154],[-95.02027384460102,29.748433836242263],[-95.02023371876253,29.74859642831429],[-95.02017545944734,29.748754796862407],[-95.02009963037706,29.74890740922842],[-95.02000696532173,29.74905278845458],[-95.01989836100174,29.749189527578153],[-95.01977486841183,29.749316303248833],[-95.01963768265163,29.749431888537092],[-95.01948813136049,29.749535164809455],[-95.01932766186891,29.749625132555877],[-95.0191578271909,29.749700921063976],[-95.01898027099249,29.749761796847032],[-95.01879671168253,29.749807170743594],[-95.01860892577923,29.749836603620164],[-95.01841873071399,29.74984981062191],[-95.0182279672389,29.749846663929812],[-95.00210764055169,29.748886648105167],[-95.0018960988334,29.748863799674215],[-95.00168871146612,29.7488208532685],[-95.00148798369396,29.7487583276775],[-94.99529788786134,29.74648829310856],[-94.99512625884088,29.746416511016275],[-94.99496352985,29.746330407298377],[-94.99481126871186,29.746230811534534],[-94.99467094237937,29.746118683292938],[-94.99454390280101,29.745995102884244],[-94.99443137389548,29.745861260952058],[-94.99433443976055,29.74571844700043],[-94.99425403422998,29.745568036969082],[-94.99419093187875,29.74541147997584],[-94.99414574056335,29.745250284354398],[-94.99411889556902,29.745086003121628],[-94.99411065541973,29.74492021901479],[-94.99412109939178,29.74475452924261],[-94.99415012675425,29.744590530097256],[-94.99419745774368,29.744429801575357],[-94.99426263626364,29.74427389215646],[-94.99434503428247,29.744124303885332],[-94.99444385788728,29.743982477901763],[-94.99455815493535,29.74384978055756],[-94.99468682422932,29.74372749025407],[-94.99482862612761,29.74361678512718],[-94.9949821944877,29.74351873169839],[-95.00171212972762,29.739648785060304],[-95.0018671780945,29.739568381210983],[-95.00203012583154,29.7395008860249],[-95.00219956280725,29.739446883596752],[-95.0023740227432,29.739406841255764],[-95.00255199590106,29.73938110552214],[-95.00273194214545,29.739369899108674],[-95.0029123042695,29.739373318993806],[-95.008282195455,29.739693313720693]]]},"properties":{"fire_id":"F3826","date":"2026-09-27","area_ha":192.3,"cumulative_ha":261.1,"frp_sum":9.9,"n_detections":5,"first_seen":"2026-09-19","last_seen":"2026-09-27","centroid":[-95.00687,29.74507],"history":[{"date":"2026-09-19","area_ha":42.2},{"date":"2026-09-20","area_ha":144.4},{"date":"2026-09-21","area_ha":156.8},{"date":"2026-09-22","area_ha":131.7},{"date":"2026-09-25","area_ha":130.2},{"date":"2026-09-26","area_ha":166.6},{"date":"2026-09-27","area_ha":192.3}],"track":[[-94.99827018861731,29.744631398407265],[-95.00456652020462,29.746370977414852],[-95.00717424870936,29.74541076606493],[-95.00647957125157,29.743926463836495],[-95.0051297472208,29.74474833385044],[-95.007368367911,29.74369057140336],[-95.00687253010773,29.745069994482282]],"growth_24h_ha":25.71,"speed_km_day":0.16,"bearing_deg":16.8,"direction":"NNE"}},{"type":"Feature","geometry":{"type":"Polygon","coordinates":[[[-90.39978864907202,29.997453956329643],[-90.40349866129736,29.998363961215667],[-90.40367956242413,29.99841677861672],[-90.40385363456204,29.99848473767091],[-90.40401920238061,29.998567184317356],[-90.40417467238372,29.998663325060015],[-90.40431854824443,29.998772234603518],[-90.40444944520544,29.998892864757476],[-90.40456610340638,29.999024054523574],[-90.40466740001006,29.99916454126836],[-90.4047523600105,29.99931297287444],[-90.40482016561909,29.999467920752785],[-90.40487016413817,29.99962789359148],[-90.40490187424646,29.999791351708165],[-90.40491499063516,29.99995672186841],[-90.40490938695076,30.0001224124272],[-90.40488511701537,30.000286828647987],[-90.40484241431292,30.00044838805177],[-90.40478168974622,30.000605535648393],[-90.40470352768595,30.000756758903766],[-90.40460868034965,30.00090060229852],[-90.40449806056468,30.001035681338145],[-90.40437273298464,30.001160695879836],[-90.40423390384373,30.00127444264753],[-90.40408290934761,30.00137582681454],[-90.4039212028125,30.001463872542697],[-90.40375034067624,30.001537732375976],[-90.40357196751602,30.001596695398444],[-90.40338780021712,30.001640194077886],[-90.40319961144505,30.00166780972919],[-90.40300921258033,30.00167927654493],[-90.40281843628027,30.00167448415408],[-90.40262911883582,30.00165347868459],[-90.40244308249333,30.001616462319397],[-90.38755281233271,29.997976403865387],[-90.3873718846025,29.997923714414817],[-90.38719777122832,29.997855881367148],[-90.387032147722,29.997773557487736],[-90.38687660788236,29.99767753498717],[-90.38673264845632,29.99756873789668],[-90.38660165473482,29.99744821317518],[-90.38648488722201,29.997317120633134],[-90.38638346950604,29.997176721770465],[-90.38629837744824,29.99702836763624],[-90.3862304297946,29.996873485826445],[-90.38618028029978,29.996713566745555],[-90.3861484114396,29.99655014926376],[-90.38613512977184,29.996384805908217],[-90.38614056299058,29.996219127730576],[-90.3861646587016,29.996054708996553],[-90.38620718493091,29.995893131844984],[-90.38626773236113,29.995735951063732],[-90.3863457182741,29.995584679129223],[-90.38644039216162,29.995440771653104],[-90.38655084295019,29.995305613376708],[-90.38667600777025,29.995180504847287],[-90.38681468218519,29.995066649904786],[-90.38696553178185,29.994965144099183],[-90.38712710501102,29.9948769641498],[-90.38729784715395,29.994802958548284],[-90.38747611528123,29.994743839395046],[-90.38766019405952,29.99470017554828],[-90.38784831225439,29.99467238715102],[-90.3880386597707,29.99466074158894],[-90.38822940506643,29.994665350918005],[-90.38841871277285,29.994686170786313],[-90.38860476135123,29.99472300086085],[-90.39234469341879,29.995632986244225],[-90.3960760097345,29.99654330883621],[-90.3960787163277,29.99654397093864],[-90.39978864907202,29.997453956329643]]]},"properties":{"fire_id":"F2218","date":"2026-09-27","area_ha":67.0,"cumulative_ha":268.4,"frp_sum":8.7,"n_detections":5,"first_seen":"2026-09-06","last_seen":"2026-09-27","centroid":[-90.39553,29.99817],"history":[{"date":"2026-09-06","area_ha":65.6},{"date":"2026-09-07","area_ha":63.1},{"date":"2026-09-09","area_ha":48.4},{"date":"2026-09-10","area_ha":66.5},{"date":"2026-09-11","area_ha":104.3},{"date":"2026-09-12","area_ha":86.2},{"date":"2026-09-13","area_ha":53.3},{"date":"2026-09-14","area_ha":102.2},{"date":"2026-09-15","area_ha":69.9},{"date":"2026-09-16","area_ha":54.5},{"date":"2026-09-17","area_ha":94.8},{"date":"2026-09-18","area_ha":72.3},{"date":"2026-09-19","area_ha":147.9},{"date":"2026-09-20","area_ha":113.3},{"date":"2026-09-21","area_ha":153.3},{"date":"2026-09-22","area_ha":112.2},{"date":"2026-09-23","area_ha":120.6},{"date":"2026-09-24","area_ha":64.0},{"date":"2026-09-25","area_ha":102.6},{"date":"2026-09-26","area_ha":101.4},{"date":"2026-09-27","area_ha":67.0}],"track":[[-90.3991703831795,29.99995949120795],[-90.39953491394012,29.99907025619848],[-90.40208062373306,30.00084952348504],[-90.39814968594277,30.000373098343605],[-90.39853605273315,29.998147154535346],[-90.4004153239306,29.998678170503428],[-90.39911023261851,29.99883795528541],[-90.39782693014594,29.999223633572637],[-90.39913987257826,29.99906770996423],[-90.40160550186154,29.99957747854338],[-90.40017881573371,29.99988839919066],[-90.40032904593771,29.99983491359492],[-90.40033744123525,29.99806558750963],[-90.40005546793168,29.998294580529535],[-90.39725421317205,29.998774891353257],[-90.39861649686632,29.99830992757744],[-90.40225604870488,29.999331555145744],[-90.39880703268886,29.997139727067353],[-90.40219298091652,29.999239418215147],[-90.40013215780573,29.998781148150172],[-90.3955250167346,29.998168818728715]],"growth_24h_ha":-34.45,"speed_km_day":0.45,"bearing_deg":95.32,"direction":"E"}},{"type":"Feature","geometry":{"type":"Polygon","coordinates":[[[-100.51576480859934,30.792107374881795],[-100.51585045283667,30.792255677588045],[-100.51591875653432,30.79241047503972],[-100.51596906174292,30.79257027634028],[-100.51600088385148,30.792733542392455],[-100.51601391625863,30.792898700721018],[-100.51600803332983,30.793064160617657],[-100.5159832916118,30.793228328461424],[-100.5159399292923,30.793389623067835],[-100.5158783639102,30.79354649091827],[-100.51579918833806,30.79369742112344],[-100.51570316507538,30.79384095997616],[-100.51559121890745,30.793975724954095],[-100.51363123401919,30.79610574766521],[-100.5135040628067,30.796230771121937],[-100.5133631953747,30.796344455210356],[-100.51320999607458,30.796445698823945],[-100.51304594871816,30.796533521347424],[-100.5128726422053,30.796607072155595],[-100.5126917551329,30.79666563885349],[-100.5088916881046,30.79771565604481],[-100.50870452723123,30.797758746636624],[-100.50851333255781,30.797785793811425],[-100.50831996461396,30.79779653437345],[-100.50812630508146,30.797790863806306],[-100.50793423848015,30.797768837290235],[-100.50774563382599,30.797730669165173],[-100.50756232644032,30.797676730844504],[-100.50738610008723,30.797607547200467],[-100.50721866961301,30.797523791455824],[-100.50412486506791,30.795795140091922],[-100.50119808767415,30.797445342319847],[-100.49992136459372,30.803338494186978],[-100.49987661347593,30.80350024253729],[-100.49981353370937,30.803657422589627],[-100.49973273801857,30.80380850732394],[-100.49963501125292,30.803952028929977],[-100.49952130276495,30.80408659306801],[-100.49939271718954,30.804210892416396],[-100.49925050371382,30.804323719373425],[-100.4990960439421,30.804423977790865],[-100.49893083847313,30.8045106936245],[-100.49875649232074,30.8045830243984],[-100.49857469931914,30.804640267391107],[-100.49838722566469,30.804681866463675],[-100.49819589275393,30.804707417463568],[-100.49800255948485,30.804716672151773],[-100.49780910419362,30.80470954061503],[-100.4976174064021,30.80468609213928],[-100.49742932855399,30.804646554536614],[-100.49724669791689,30.80459131193156],[-100.49707128882666,30.804520901028592],[-100.49690480544616,30.804436005897138],[-100.49674886520671,30.804337451324557],[-100.49660498309257,30.804226194802045],[-100.49647455692165,30.80410331722107],[-100.4963588537654,30.80397001237105],[-100.49289095342283,30.79953358295996],[-100.4901338292588,30.800743647160537],[-100.49017424195753,30.80290291566852],[-100.49016766483149,30.80307055268401],[-100.49014172828818,30.80323679988701],[-100.4900966886986,30.803400013250283],[-100.490032991352,30.80355857874024],[-100.48995126605652,30.803710928278942],[-100.48985232091488,30.803855555251687],[-100.48973713433597,30.803991029407406],[-100.48960684536176,30.804116011003625],[-100.48946274240477,30.804229264056904],[-100.48930625050744,30.804329668567075],[-100.48913891724956,30.80441623159462],[-100.48896239744288,30.804488097081403],[-100.48877843676455,30.80454455431775],[-100.48858885449114,30.80458504497189],[-100.48839552550423,30.804609168612373],[-100.48820036174556,30.804616686668798],[-100.48800529330532,30.80460752479138],[-100.4878122493309,30.80458177358643],[-100.48762313894485,30.80453968772016],[-100.48743983236118,30.80448168339975],[-100.48726414238656,30.80440833425671],[-100.48709780649018,30.804320365673068],[-100.48694246961878,30.804218647606923],[-100.48679966792791,30.80410418598772],[-100.48667081358943,30.803978112767194],[-100.48655718082645,30.803841674723724],[-100.48645989331305,30.803696221131375],[-100.48637991306389,30.80354319041531],[-100.4863180309231,30.80338409592574],[-100.48627485874692,30.803220510971283],[-100.48560493438542,30.799930501223475],[-100.48558457898254,30.79980124976508],[-100.48557591580094,30.79967103420405],[-100.48546603922954,30.79454103258068],[-100.48547233400046,30.794371581833687],[-100.4854984061687,30.794203529582006],[-100.48619598908664,30.79096159992165],[-100.4866389400654,30.787601559003285],[-100.48669835597059,30.78576105045873],[-100.48380370266446,30.782292661024975],[-100.4836965811814,30.78214957551602],[-100.48360678502453,30.78199795102705],[-100.48353522740155,30.78183932970612],[-100.48348263600462,30.781675324857364],[-100.4834495456131,30.781507604531367],[-100.48343629265877,30.781337874559348],[-100.48344301180896,30.781167861203038],[-100.48346963460183,30.780999293597485],[-100.48418970990396,30.777699304045377],[-100.4842338284868,30.77754016854863],[-100.48429568628974,30.777385451913645],[-100.48437470145024,30.777236609232926],[-100.48447013075472,30.777095040348545],[-100.48458107663137,30.776962076687802],[-100.48470649559385,30.77683896874236],[-100.48484520805667,30.776726874308622],[-100.48499590942976,30.776626847600276],[-100.48515718238804,30.776539829334656],[-100.48532751020029,30.77646663788673],[-100.48550529099226,30.77640796159371],[-100.48568885281,30.77636435228225],[-100.48587646934139,30.776336220079514],[-100.48606637614883,30.77632382955672],[-100.48625678725976,30.776327297241338],[-100.48644591195986,30.776346590521282],[-100.48663197163054,30.776381527951674],[-100.48681321647294,30.77643178096093],[-100.48698794196112,30.776496876940413],[-100.48715450486975,30.776576203688393],[-100.48731133872599,30.776669015166874],[-100.48745696853996,30.77677443851671],[-100.48759002467558,30.77689148226562],[-100.48770925573149,30.777019045651524],[-100.48781354031048,30.777155928973755],[-100.48790189756726,30.777300844874887],[-100.487973496435,30.777452430446967],[-100.48968300417377,30.781644401980408],[-100.49063728135185,30.782008456505835],[-100.49078965420324,30.782073512824887],[-100.49093489870293,30.782149652477937],[-100.491071924585,30.78223630393502],[-100.49119970326521,30.782332816759517],[-100.49403969989388,30.78467278773086],[-100.4941359578822,30.784757875349484],[-100.49646834132827,30.78697011060079],[-100.49934574332853,30.78583266149088],[-100.5000992253683,30.784887270608397],[-100.50021981792824,30.784751293512457],[-100.5003558144852,30.784626495725707],[-100.50050581855096,30.784514158688566],[-100.50066828982672,30.784415435888686],[-100.5008415600191,30.78433134101809],[-100.50102384996909,30.78426273756591],[-100.50121328791886,30.784210329953197],[-100.50140792872824,30.784174656300962],[-100.50160577384428,30.784156082905486],[-100.50180479181861,30.78415480047785],[-100.5020029391624,30.78417082218602],[-100.50219818132456,30.784203983519557],[-100.5066980968033,30.785173967344903],[-100.50670020032443,30.785174421783406],[-100.51118011625098,30.78614440561246],[-100.51137118398509,30.786194777384203],[-100.511555301828,30.786261564294673],[-100.51173056327788,30.78634407477978],[-100.51189515352287,30.78644145445919],[-100.51204736823128,30.786552694982174],[-100.51218563119829,30.786676644467555],[-100.51230851066742,30.78681201942991],[-100.5124147341568,30.786957418068504],[-100.51576480859934,30.792107374881795]]]},"properties":{"fire_id":"F4767","date":"2026-09-27","area_ha":493.4,"cumulative_ha":930.0,"frp_sum":115.6,"n_detections":52,"first_seen":"2026-09-26","last_seen":"2026-09-27","centroid":[-100.49745,30.79188],"history":[{"date":"2026-09-26","area_ha":634.2},{"date":"2026-09-27","area_ha":493.4}],"track":[[-100.49136204063589,30.781930414537555],[-100.49745474000737,30.791880829871616]],"growth_24h_ha":-140.74,"speed_km_day":1.25,"bearing_deg":334.97,"direction":"NNW"}},{"type":"Feature","geometry":{"type":"Polygon","coordinates":[[[-96.17830368488544,31.34893791219113],[-96.1784959551955,31.34895540921783],[-96.17868530104487,31.348988817850117],[-96.17886991257285,31.34903781874965],[-96.1790480251635,31.34910194353793],[-96.17921793630997,31.34918057927263],[-96.17937802188597,31.349272974305606],[-96.17952675166832,31.349378245466596],[-96.1796627039629,31.349495386504113],[-96.17978457919384,31.34962327770262],[-96.1798912123263,31.349760696584383],[-96.179981584004,31.34990632959365],[-96.180054830295,31.350058784651583],[-96.18011025095254,31.350216604461846],[-96.18014731611184,31.350378280439966],[-96.18087741765551,31.354668269628526],[-96.18089566359127,31.354830220924214],[-96.18089548755842,31.354992916228706],[-96.18087689108766,31.3551548384939],[-96.18084004747267,31.355314477872163],[-96.18078530015828,31.355470345795283],[-96.18071315954185,31.35562098885508],[-96.18062429821752,31.355765002356467],[-96.18051954470756,31.355901043416583],[-96.1803998757392,31.35602784348766],[-96.18026640713879,31.35614422018689],[-96.18012038342819,31.356249088323015],[-96.1799631662203,31.356341470016684],[-96.1797962215222,31.356420503819983],[-96.17962110606373,31.356485452750505],[-96.17943945277982,31.356535711164526],[-96.17925295558129,31.35657081040542],[-96.17906335355676,31.356590423174453],[-96.17887241475277,31.356594366583348],[-96.1786819196838,31.356582603859962],[-96.1784936447256,31.35655524469126],[-96.17830934554753,31.356512544200267],[-96.17813074073787,31.35645490056677],[-96.1745027752822,31.355109893606468],[-96.17408429864756,31.35553924114415],[-96.17299485145428,31.357609269423584],[-96.17290806165732,31.357754834999813],[-96.17280513918882,31.357892561692516],[-96.17268705041795,31.358021156245673],[-96.1725549041421,31.358139411149182],[-96.1724099411766,31.358246215978582],[-96.17225352270395,31.358340567823113],[-96.17208711749208,31.358421580704395],[-96.17191228810158,31.358488493896807],[-96.17173067621144,31.35854067907197],[-96.17154398720143,31.35857764619957],[-96.17135397413561,31.35859904814977],[-96.17116242129771,31.35860468395303],[-96.17097112743312,31.358594500687804],[-96.17078188885493,31.35856859397745],[-96.17059648257285,31.358527207092134],[-96.17041664960351,31.35847072866424],[-96.17024407861912,31.358399689038308],[-96.17008039008807,31.358314755290436],[-96.16992712105649,31.358216724963214],[-96.16978571071391,31.358106518575802],[-96.16965748687838,31.357985170978992],[-96.16954365352824,31.357853821636716],[-96.16944527949755,31.357713703925235],[-96.1693632884412,31.35756613355064],[-96.16929845016399,31.357412496193383],[-96.16925137339501,31.357254234495844],[-96.16825050241272,31.3530414871316],[-96.16729079130454,31.35242627777173],[-96.1671442148006,31.35232252693988],[-96.16701004052315,31.352207240164258],[-96.16688951416809,31.352081487826442],[-96.16678375470063,31.351946437471323],[-96.16669374396741,31.351803342965898],[-96.16662031758251,31.35165353285682],[-96.16656415717163,31.351498398034764],[-96.16652578404673,31.35133937882015],[-96.16650555436931,31.351177951590017],[-96.16650365584765,31.351015615070608],[-96.16652010599799,31.350853876422583],[-96.16655475198594,31.350694237248316],[-96.16660727204957,31.350538179650933],[-96.16667717849036,31.350387152474774],[-96.16676382220462,31.35024255785487],[-96.16686639871284,31.35010573820029],[-96.16698395563101,31.349977963732123],[-96.1671154015144,31.349860420691883],[-96.1672595159917,31.34975420032967],[-96.1674149610954,31.349660288774324],[-96.16758029368309,31.349579557879316],[-96.16775397883444,31.34951275713],[-96.16793440409965,31.34946050668618],[-96.17112434554548,31.34868051985438],[-96.17134094817101,31.348638608721945],[-96.17156170105933,31.348617653268132],[-96.17178381989875,31.34861791780222],[-96.17830368488544,31.34893791219113]]]},"properties":{"fire_id":"F2105","date":"2026-09-27","area_ha":105.1,"cumulative_ha":172.1,"frp_sum":20.3,"n_detections":8,"first_seen":"2026-09-05","last_seen":"2026-09-27","centroid":[-96.17385,31.35285],"history":[{"date":"2026-09-05","area_ha":34.3},{"date":"2026-09-06","area_ha":27.7},{"date":"2026-09-08","area_ha":46.1},{"date":"2026-09-09","area_ha":32.3},{"date":"2026-09-11","area_ha":24.3},{"date":"2026-09-12","area_ha":37.6},{"date":"2026-09-13","area_ha":31.2},{"date":"2026-09-15","area_ha":77.2},{"date":"2026-09-16","area_ha":45.1},{"date":"2026-09-17","area_ha":29.4},{"date":"2026-09-18","area_ha":48.9},{"date":"2026-09-19","area_ha":31.4},{"date":"2026-09-20","area_ha":53.2},{"date":"2026-09-22","area_ha":85.1},{"date":"2026-09-24","area_ha":36.2},{"date":"2026-09-25","area_ha":65.7},{"date":"2026-09-27","area_ha":105.1}],"track":[[-96.16949440679542,31.352239747694803],[-96.17029186536485,31.351740506449435],[-96.16751915708232,31.35225179031358],[-96.16998639349826,31.35174947362123],[-96.17184518928555,31.352503120406368],[-96.16948930525618,31.35195878916463],[-96.16703231537136,31.352951150146264],[-96.17205219802149,31.352346286774054],[-96.17032201187705,31.353218521103134],[-96.16989948801033,31.35225440577996],[-96.16717295328993,31.352471201225022],[-96.17008677156727,31.353516762990044],[-96.1687260651678,31.352048761612505],[-96.17028348820757,31.35494729873551],[-96.16728948970629,31.352850131359396],[-96.16973248166883,31.353793754390065],[-96.17384550511925,31.352845960139714]],"growth_24h_ha":19.67,"speed_km_day":0.2,"bearing_deg":254.97,"direction":"WSW"}},{"type":"Feature","geometry":{"type":"Polygon","coordinates":[[[-102.88815134518711,31.4700883023911],[-102.88829514577759,31.470201408017566],[-102.88842510770645,31.470326039462368],[-102.88853996001082,31.47046097794843],[-102.88863857946775,31.47060490390017],[-102.88872000158017,31.470756409846647],[-102.8887834300113,31.47091401418431],[-102.88882824437542,31.471076175664898],[-102.88885400630855,31.47124130846683],[-102.88886046375954,31.47140779770298],[-102.8888475534595,31.47157401521265],[-102.88881540154506,31.47173833548404],[-102.88876432232959,31.47189915155096],[-102.88869481523376,31.472054890708428],[-102.88860755990544,31.47220402989375],[-102.88850340957678,31.472345110582136],[-102.88838338272285,31.472476753051602],[-102.88824865310356,31.47259766987725],[-102.88810053828624,31.472706678523227],[-102.88794048676085,31.472802712908805],[-102.88777006377394,31.472884833835632],[-102.88759093601999,31.472952238174148],[-102.88548090104115,31.473642249538464],[-102.885299415493,31.47369319498427],[-102.88511300108016,31.47372902910114],[-102.88492339331886,31.47374941827589],[-102.88473235746092,31.47375417268657],[-102.88454167205627,31.473743248069823],[-102.8843531123915,31.47371674613325],[-102.8841684339588,31.47367491360819],[-102.8839893561095,31.473618139952414],[-102.88381754604411,31.473546953723698],[-102.88365460328866,31.473462017658314],[-102.8835020448013,31.473364122500058],[-102.88336129084855,31.473254179637742],[-102.88323365178205,31.4731332126189],[-102.88312031583975,31.473002347620003],[-102.88302233808442,31.472862802960666],[-102.88294063058278,31.472715877760468],[-102.88287595391674,31.472562939843442],[-102.88282891010525,31.472405413003365],[-102.88279993700311,31.47224476374792],[-102.88278930422835,31.472082487645764],[-102.88279711065626,31.47192009540308],[-102.88282328350279,31.47175909879956],[-102.8828675790065,31.471600996614672],[-102.88292958470156,31.471447260675316],[-102.88300872326145,31.471299322154476],[-102.88310425787668,31.471158558248796],[-102.88321529911683,31.471026279358743],[-102.88334081321274,31.470903716890682],[-102.8834796316816,31.470792011794632],[-102.88499962536851,31.469682026653523],[-102.8851568418953,31.469578410060784],[-102.88532548470099,31.46948872535929],[-102.88550385323178,31.469413876896816],[-102.88569014888019,31.469354619415974],[-102.88588249311917,31.46931155044477],[-102.88607894644167,31.469285104272252],[-102.88627752791437,31.469275547569996],[-102.88647623514883,31.469282976703543],[-102.88667306448869,31.469307316760815],[-102.88686603120973,31.469348322307418],[-102.8870531895293,31.469405579860997],[-102.88723265222313,31.469478512060192],[-102.88740260965258,31.469566383485414],[-102.88756134800987,31.469668308073633],[-102.88815134518711,31.4700883023911]]]},"properties":{"fire_id":"F4823","date":"2026-09-27","area_ha":20.6,"cumulative_ha":20.6,"frp_sum":2.7,"n_detections":3,"first_seen":"2026-09-27","last_seen":"2026-09-27","centroid":[-102.88582,31.47157],"history":[{"date":"2026-09-27","area_ha":20.6}],"track":[[-102.88582041477667,31.471573416992296]],"growth_24h_ha":null,"speed_km_day":null,"bearing_deg":null,"direction":null}},{"type":"Feature","geometry":{"type":"Polygon","coordinates":[[[-103.90480504900678,31.81114229640659],[-103.90475379246246,31.81130483440533],[-103.90468362342615,31.811462231154124],[-103.90459524253933,31.811612914799724],[-103.90448953233205,31.81175538052235],[-103.90436754841262,31.81188820556488],[-103.90423050892815,31.812010063442596],[-103.90407978240077,31.812119737191725],[-103.9039168740614,31.81221613152429],[-103.90374341081707,31.812298283767756],[-103.9035611250025,31.812365373480468],[-103.90337183707757,31.81241673064636],[-103.90317743744428,31.812451842367132],[-103.90297986756438,31.81247035798556],[-103.90278110056674,31.812472092587857],[-103.90258312153804,31.81245702885068],[-103.90238790769406,31.812425317214228],[-103.90219740862959,31.81237727437954],[-103.90201352684437,31.812313380145127],[-103.90183809873999,31.81223427261455],[-103.90167287627723,31.812140741822855],[-103.9015195094777,31.812033721845406],[-103.90137952994402,31.81191428146835],[-103.90125433556396,31.81178361351344],[-103.89998434922136,31.81031359800733],[-103.89987754107771,31.81017637599068],[-103.89978704959071,31.81003099451655],[-103.89971373688878,31.809878838799538],[-103.8996583014053,31.809721358593276],[-103.89962127122723,31.809560054376266],[-103.89960299906717,31.809396463054593],[-103.89960365890681,31.8092321433178],[-103.89962324434364,31.809068660787624],[-103.89966156865628,31.808907573100836],[-103.89971826658788,31.808750415068612],[-103.8997927978303,31.808598684053603],[-103.89988445217578,31.80845382570408],[-103.8999923562868,31.808317220181156],[-103.90011548201959,31.808190169009936],[-103.90226548866666,31.80618019311588],[-103.9024015745662,31.806064736016946],[-103.90255022116631,31.805960965754164],[-103.90271003342245,31.80586985618372],[-103.90287951152006,31.80579226234196],[-103.90305706494884,31.805728912422097],[-103.90324102742767,31.805680400941508],[-103.90342967253981,31.805647183162947],[-103.90362122993207,31.805629570822983],[-103.90381390192593,31.805627729206723],[-103.9040058803848,31.805641675597034],[-103.90419536367935,31.80567127911237],[-103.90438057359191,31.80571626193476],[-103.90455977200122,31.80577620191674],[-103.90473127719137,31.80585053654236],[-103.90489347963181,31.80593856820542],[-103.90504485708048,31.80603947075542],[-103.90518398886849,31.806152297249614],[-103.90530956923227,31.80627598883872],[-103.90542041956812,31.806409384702796],[-103.90551549949421,31.806551232944244],[-103.90559391661613,31.806700202335456],[-103.90565493490423,31.806854894811323],[-103.90569798160422,31.80701385858909],[-103.90572265261592,31.807175601792533],[-103.90572871628959,31.8073386064528],[-103.90571611560411,31.807501342754286],[-103.90568496870632,31.80766228339211],[-103.90480504900678,31.81114229640659]]]},"properties":{"fire_id":"F4824","date":"2026-09-27","area_ha":30.9,"cumulative_ha":30.9,"frp_sum":2.3,"n_detections":3,"first_seen":"2026-09-27","last_seen":"2026-09-27","centroid":[-103.90287,31.80904],"history":[{"date":"2026-09-27","area_ha":30.9}],"track":[[-103.90287150220101,31.809037322226533]],"growth_24h_ha":null,"speed_km_day":null,"bearing_deg":null,"direction":null}},{"type":"Feature","geometry":{"type":"Polygon","coordinates":[[[-103.53107873421999,32.221665728472985],[-103.5311614498751,32.221815098945285],[-103.53122639911436,32.22197056209955],[-103.53127295858133,32.222130626110875],[-103.53130068137844,32.22229375499674],[-103.53130930135953,32.22245838335574],[-103.53129873568808,32.222622931389076],[-103.53126908563675,32.22278582006029],[-103.53122063561992,32.222945486248335],[-103.53115385046881,32.223100397747906],[-103.53106937097479,32.22324906797362],[-103.53096800774378,32.223390070226536],[-103.53085073342027,32.22352205138633],[-103.53071867335579,32.223643744897565],[-103.53057309481122,32.223753982925246],[-103.53041539479614,32.22385170756332],[-103.53024708666265,32.22393598098805],[-103.53006978558142,32.22400599445923],[-103.52988519304017,32.22406107608234],[-103.52969508051304,32.22410069725741],[-103.52950127245762,32.224124477752746],[-103.5293056288032,32.22413218935426],[-103.5291100270982,32.22412375805607],[-103.52891634448835,32.22409926477079],[-103.52872643969887,32.224058944552866],[-103.52854213519336,32.22400318434253],[-103.52836519968126,32.22393251925184],[-103.52819733114144,32.223847627428576],[-103.52804014052526,32.22374932354747],[-103.5278951362955,32.223638550990835],[-103.52776370994954,32.22351637279422],[-103.52764712266593,32.223383961443645],[-103.52265719518827,32.217093898069336],[-103.52255762240897,32.216954154514205],[-103.52247458393545,32.21680696059152],[-103.52240885872426,32.21665369723895],[-103.52236106329117,32.21649580232912],[-103.5223316459307,32.21633475717916],[-103.5223208825141,32.21617207265293],[-103.52232887390531,32.21600927498631],[-103.52235554501902,32.215847891468606],[-103.52240064552932,32.21568943611429],[-103.52246375222222,32.2155353954598],[-103.52254427296991,32.215387214618055],[-103.52264145228915,32.21524628372209],[-103.52275437843169,32.215113924884676],[-103.52288199193995,32.21499137979626],[-103.52302309558785,32.21487979807731],[-103.523176365613,32.21478022649477],[-103.52334036413555,32.214693599143295],[-103.52351355264649,32.214620728683464],[-103.52369430643951,32.214562298719265],[-103.52388092985055,32.214518857385954],[-103.52407167216268,32.21449081220879],[-103.52426474402677,32.214478426280685],[-103.52445833424431,32.214481815794436],[-103.52465062675519,32.2145009489529],[-103.52483981767057,32.21453564626727],[-103.52502413219227,32.214585582240545],[-103.52520184125903,32.21465028842059],[-103.52537127776442,32.21472915779408],[-103.52553085219384,32.21482145047993],[-103.52567906753438,32.214926300669326],[-103.52581453331764,32.21504272474695],[-103.52593597866363,32.21516963051713],[-103.52973602031574,32.219559583616004],[-103.52988870386427,32.21976574454915],[-103.53107873421999,32.221665728472985]]]},"properties":{"fire_id":"F4713","date":"2026-09-27","area_ha":43.7,"cumulative_ha":57.9,"frp_sum":2.9,"n_detections":3,"first_seen":"2026-09-26","last_seen":"2026-09-27","centroid":[-103.52687,32.21929],"history":[{"date":"2026-09-26","area_ha":53.0},{"date":"2026-09-27","area_ha":43.7}],"track":[[-103.52724825101842,32.219125334684925],[-103.52686714273783,32.219292935052806]],"growth_24h_ha":-9.32,"speed_km_day":0.04,"bearing_deg":66.94,"direction":"ENE"}},{"type":"Feature","geometry":{"type":"Polygon","coordinates":[[[-103.6941401991947,32.54976974617483],[-103.6943323527512,32.5497718549986],[-103.6945233852536,32.54978934045281],[-103.69471154636935,32.54982204232605],[-103.69489511207,32.54986966098547],[-103.6950724004249,32.54993176012156],[-103.6952417870094,32.55000777074543],[-103.69540171978669,32.55009699640137],[-103.695550733327,32.55019861954725],[-103.69568746223378,32.55031170904443],[-103.69581065365412,32.55043522868821],[-103.69591917875867,32.55056804670128],[-103.69601204308583,32.55070894610289],[-103.69608839565556,32.550856635858445],[-103.69614753676916,32.55100976270838],[-103.69618892442335,32.55116692356683],[-103.69621217928002,32.551326678377464],[-103.6962170881458,32.55148756330814],[-103.69620360592953,32.55164810416369],[-103.69617185605941,32.55180682989404],[-103.69527193756645,32.555276843427194],[-103.69522184804293,32.55543323682456],[-103.69515402486724,32.555584869784795],[-103.69506909704661,32.555730335812136],[-103.69496785225793,32.555868285606735],[-103.69485122954417,32.555997439581084],[-103.69472031060623,32.55611659973029],[-103.69457630977085,32.55622466074556],[-103.69442056272739,32.556320620268075],[-103.69425451413825,32.556403588187685],[-103.69407970423775,32.556472794900785],[-103.6938977545436,32.55652759844996],[-103.693710352814,32.55656749047971],[-103.69351923738957,32.55659210095253],[-103.69332618106574,32.556601201582055],[-103.69313297464528,32.55659470795097],[-103.69294141032346,32.55657268029417],[-103.69275326506052,32.55653532293981],[-103.69257028409541,32.55648298241385],[-103.69239416475412,32.55641614422507],[-103.69222654070286,32.55633542836082],[-103.69206896679228,32.556241583535204],[-103.69192290463332,32.55613548024304],[-103.69178970903876,32.55601810268421],[-103.69075971393006,32.555018090681784],[-103.69063653197365,32.55488566136658],[-103.69052973415702,32.554743605461624],[-103.6904403850809,32.55459333914741],[-103.68925042771546,32.55231332236866],[-103.68918139151684,32.552161424815566],[-103.68913019178483,32.55200465458141],[-103.68909730688699,32.55184447671932],[-103.68908304402778,32.55168238811964],[-103.68908753638168,32.55151990352096],[-103.68911074185289,32.551358541354496],[-103.68915244347305,32.55119980955423],[-103.6892122514329,32.551045191465555],[-103.689289606729,32.5508961319839],[-103.68938378639112,32.55075402405299],[-103.68949391024131,32.55062019564881],[-103.68961894912161,32.550495897370816],[-103.68975773451304,32.55038229075646],[-103.68990896945633,32.550280437428064],[-103.69007124067193,32.550191289173426],[-103.6902430317664,32.55011567905265],[-103.69042273740146,32.55005431361483],[-103.6906086782937,32.55000776629632],[-103.69079911690451,32.549976472063086],[-103.69185909522376,32.54984647442642],[-103.69208024263267,32.549829745073126],[-103.6941401991947,32.54976974617483]]]},"properties":{"fire_id":"F4825","date":"2026-09-27","area_ha":38.2,"cumulative_ha":38.2,"frp_sum":6.9,"n_detections":5,"first_seen":"2026-09-27","last_seen":"2026-09-27","centroid":[-103.69283,32.55281],"history":[{"date":"2026-09-27","area_ha":38.2}],"track":[[-103.69282756327223,32.552806806664925]],"growth_24h_ha":null,"speed_km_day":null,"bearing_deg":null,"direction":null}},{"type":"Feature","geometry":{"type":"Polygon","coordinates":[[[-104.39578215666279,32.849579801819424],[-104.395526783653,32.851903391589744],[-104.3954995144983,32.85206484017219],[-104.39545361130573,32.85222332517136],[-104.39538950607326,32.85237735469674],[-104.3953078021529,32.852525478791726],[-104.39520926857446,32.852666303083495],[-104.39509483280935,32.8527985019099],[-104.39496557204205,32.85292083079978],[-104.39482270303175,32.85303213818913],[-104.394667570659,32.85313137626262],[-104.39450163526567,32.85321761081869],[-104.39432645890719,32.85329003006509],[-104.39414369064642,32.85334795226187],[-104.39395505102785,32.85339083214022],[-104.39376231587826,32.85341826603619],[-104.39356729958658,32.853429995691464],[-104.3933718380202,32.85342591068483],[-104.39317777123912,32.85340604947194],[-104.3929869261705,32.853370599023144],[-104.39280109940684,32.853319893063194],[-104.39262204029018,32.85325440892907],[-104.39245143444144,32.85317476307558],[-104.39229088789017,32.853081705271485],[-104.3921419119541,32.85297611154027],[-104.39200590901112,32.852858975912184],[-104.39188415929763,32.85273140106574],[-104.39056417453345,32.8512013844637],[-104.39045516710556,32.851060740543986],[-104.39036348761738,32.850911747509066],[-104.39029004643564,32.850755884999685],[-104.39023557278922,32.850594700869095],[-104.39020060753118,32.8504297958106],[-104.39018549777195,32.85026280746061],[-104.39019039343697,32.85009539413515],[-104.39021524578277,32.84992921836141],[-104.39025980788607,32.8497659303677],[-104.39032363710069,32.84960715169609],[-104.3904060994579,32.849454459100116],[-104.39050637596611,32.84930936888767],[-104.39062347074736,32.849173321864384],[-104.39075622092957,32.84904766902702],[-104.3929162226805,32.847197693003935],[-104.39306067739021,32.847085523206985],[-104.39321759776568,32.846985677108954],[-104.3933854782758,32.84689911263474],[-104.39356270825509,32.846826660282645],[-104.39374758735497,32.84676901515757],[-104.39393834185493,32.846726730303374],[-104.39413314167689,32.8467002113977],[-104.3943301179398,32.846689712860595],[-104.3945273808861,32.84669533541406],[-104.39472303800838,32.84671702511582],[-104.39491521220229,32.84675457387687],[-104.39510205977197,32.846807621457366],[-104.39528178811504,32.846875658922386],[-104.39545267291804,32.84695803352363],[-104.39561307469722,32.847053954961105],[-104.39576145452617,32.847162502964046],[-104.39589638879947,32.847282636118834],[-104.3960165828908,32.8474132018591],[-104.39612088357444,32.8475529475223],[-104.396208290091,32.84770053236667],[-104.39627796375123,32.84785454043341],[-104.39632923598546,32.848013494130626],[-104.39636161476169,32.84817586840895],[-104.39637478931026,32.84834010539265],[-104.39636863310996,32.848504629326044],[-104.39634320510632,32.84866786169175],[-104.39629874915079,32.84882823635581],[-104.39623569166551,32.848984214594225],[-104.39615463755614,32.84913429985698],[-104.39605636441178,32.84927705212754],[-104.39594181504755,32.84941110174029],[-104.39578215666279,32.849579801819424]]]},"properties":{"fire_id":"F4826","date":"2026-09-27","area_ha":30.1,"cumulative_ha":30.1,"frp_sum":2.6,"n_detections":4,"first_seen":"2026-09-27","last_seen":"2026-09-27","centroid":[-104.39345,32.85003],"history":[{"date":"2026-09-27","area_ha":30.1}],"track":[[-104.39345351480922,32.85003423655451]],"growth_24h_ha":null,"speed_km_day":null,"bearing_deg":null,"direction":null}},{"type":"Feature","geometry":{"type":"Polygon","coordinates":[[[-110.86429949135282,33.41647082133358],[-110.8644705566229,33.416295482057],[-110.86460258998859,33.416172927308274],[-110.86474845910928,33.41606162457951],[-110.8649067695731,33.41596263781389],[-110.8650760080597,33.41587691322297],[-110.8652545568053,33.415805270242956],[-110.86544070906554,33.415748393703026],[-110.86563268542807,33.41570682727999],[-110.86582865081911,33.41568096830222],[-110.86602673204166,33.415671063952246],[-110.86622503567779,33.415677208904384],[-110.86642166618392,33.415699344419885],[-110.86661474400661,33.41573725890835],[-110.86680242354535,33.415790589949886],[-110.8669829107914,33.415858827758974],[-110.86715448047383,33.41594132005654],[-110.86731549254888,33.416037278304216],[-110.8674644078757,33.416145785240616],[-110.86759980292807,33.41626580364849],[-110.86772038340189,33.4163961862679],[-110.86782499658821,33.41653568676191],[-110.86791264239382,33.41668297162898],[-110.86798248290334,33.41683663294911],[-110.86803385039227,33.416995201841175],[-110.8680662537133,33.41715716250368],[-110.86807938299549,33.417320966703755],[-110.86807311261079,33.417485048577085],[-110.86783317550699,33.419945052331634],[-110.86780738844661,33.42010864722041],[-110.86776231691907,33.42026935886986],[-110.86769839596758,33.420425635632306],[-110.86761624263411,33.42057596867027],[-110.86751665000584,33.42071890652486],[-110.86740057956123,33.42085306913046],[-110.86726915188957,33.42097716114049],[-110.86712363587348,33.42108998443521],[-110.86696543643895,33.42119044969105],[-110.86679608099064,33.421277586899365],[-110.86661720466415,33.421350554733365],[-110.8664305345371,33.421408648672454],[-110.86623787295171,33.42145130780547],[-110.86604108011015,33.42147812024746],[-110.86584205611074,33.421488827117],[-110.86564272259842,33.42148332503634],[-110.86184264226479,33.42122332011919],[-110.86164746183526,33.42120203789303],[-110.86145569203242,33.421165214570706],[-110.86126913694928,33.421113196569934],[-110.86108955161164,33.42104647325261],[-110.86091862546517,33.420965672320364],[-110.86075796647955,33.42087155390844],[-110.8606090860201,33.420765003433914],[-110.8604733846288,33.420647023264635],[-110.86035213884868,33.42051872328863],[-110.86024648921557,33.42038131047148],[-110.8601574295301,33.420236077500896],[-110.8600857975108,33.42008439062481],[-110.86003226691638,33.4199276767977],[-110.85999734121077,33.419767410256135],[-110.8599813488309,33.41960509864961],[-110.85998444010117,33.419442268857566],[-110.86000658582383,33.41928045262554],[-110.86004757755789,33.419121172156274],[-110.86010702958446,33.418965925790324],[-110.86018438253907,33.41881617391209],[-110.86027890867749,33.41867332521266],[-110.86038971872452,33.41853872343941],[-110.86051577024193,33.418413634756696],[-110.8606558774363,33.41829923583654],[-110.8608087223147,33.41819660279113],[-110.86097286708296,33.41810670105156],[-110.86429949135282,33.41647082133358]]]},"properties":{"fire_id":"F1579","date":"2026-09-27","area_ha":35.7,"cumulative_ha":147.0,"frp_sum":7.0,"n_detections":4,"first_seen":"2026-09-01","last_seen":"2026-09-27","centroid":[-110.86448,33.41889],"history":[{"date":"2026-09-01","area_ha":63.6},{"date":"2026-09-02","area_ha":56.2},{"date":"2026-09-03","area_ha":33.3},{"date":"2026-09-05","area_ha":80.3},{"date":"2026-09-06","area_ha":66.4},{"date":"2026-09-08","area_ha":23.0},{"date":"2026-09-09","area_ha":25.0},{"date":"2026-09-10","area_ha":31.5},{"date":"2026-09-11","area_ha":65.7},{"date":"2026-09-12","area_ha":67.8},{"date":"2026-09-13","area_ha":55.8},{"date":"2026-09-15","area_ha":81.3},{"date":"2026-09-17","area_ha":56.9},{"date":"2026-09-18","area_ha":61.5},{"date":"2026-09-20","area_ha":48.7},{"date":"2026-09-21","area_ha":75.5},{"date":"2026-09-24","area_ha":27.0},{"date":"2026-09-26","area_ha":40.7},{"date":"2026-09-27","area_ha":35.7}],"track":[[-110.86361690641043,33.41871047498306],[-110.86447062947917,33.41774963936426],[-110.8631764642325,33.41819236106283],[-110.86315421472031,33.41719492041511],[-110.86345411243619,33.417591861735126],[-110.86344566887938,33.419103495598684],[-110.86366042552693,33.41895957455793],[-110.86327752970618,33.41720093772213],[-110.86493080511364,33.418561091344344],[-110.86545870846861,33.419295834560124],[-110.86408612805056,33.41832580813183],[-110.86186533233612,33.41763368532798],[-110.86398590715618,33.41851976245223],[-110.86508655362023,33.418389135453424],[-110.86170447483164,33.41737932266128],[-110.86152158342036,33.41636754831686],[-110.86262490074557,33.417283832745426],[-110.86368767935609,33.41689272376393],[-110.86448408970291,33.418891796096446]],"growth_24h_ha":-4.97,"speed_km_day":0.24,"bearing_deg":350.72,"direction":"N"}},{"type":"Feature","geometry":{"type":"Polygon","coordinates":[[[-103.39821576567563,25.491095724754043],[-103.39813009434727,25.491243342029854],[-103.39802924923997,25.49138247672969],[-103.39791419871071,25.4915117927404],[-103.3977860475471,25.491630048233805],[-103.39764602635914,25.49173610759308],[-103.39749547976182,25.491828952318933],[-103.39733585346232,25.491907690811605],[-103.39716868037576,25.491971566933568],[-103.39699556590267,25.492019967271883],[-103.39681817250994,25.492052427029435],[-103.3966382037633,25.49206863448911],[-103.39645738796479,25.492068434007503],[-103.39627746155234,25.492051827509883],[-103.39610015242135,25.492018974471677],[-103.39592716332824,25.491970190386755],[-103.39576015553564,25.491905943737407],[-103.39560073285645,25.491826851494796],[-103.39545042625004,25.49173367319348],[-103.39531067911857,25.491627303636584],[-103.39518283344488,25.49150876430218],[-103.3950681169049,25.491379193532754],[-103.39496763107856,25.491239835602858],[-103.39488234087223,25.49109202876921],[-103.39481306525455,25.490937192418567],[-103.394760469394,25.490776813436515],[-103.39472505827426,25.490612431928362],[-103.39470717184814,25.490445626429118],[-103.3947069817766,25.49027799874455],[-103.39472448978418,25.490111158569263],[-103.39475952764626,25.489946708028956],[-103.39580960217698,25.486036721180483],[-103.3958613186645,25.48587756782201],[-103.39592945116722,25.48572381930094],[-103.39601335631984,25.485576927261718],[-103.39611224184894,25.48543827860713],[-103.39622517405574,25.485309182404198],[-103.39635108663323,25.485190857525446],[-103.39648879073486,25.485084421141664],[-103.39663698619957,25.484990878175058],[-103.39679427382688,25.48491111181207],[-103.39695916858669,25.48484587516572],[-103.39713011363855,25.484795784165765],[-103.39730549502862,25.484761311744204],[-103.39748365692529,25.48474278337054],[-103.39766291724989,25.48474037397931],[-103.39784158355494,25.48475410631863],[-103.39801796900035,25.48478385073546],[-103.39819040827655,25.48482932639955],[-103.3983572733246,25.484890103954548],[-103.39851698870496,25.48496560957134],[-103.39866804646974,25.48505513036507],[-103.39880902039839,25.485157821125217],[-103.39893857946221,25.485272712294755],[-103.39905550039087,25.48539871912334],[-103.39915867922214,25.485534651908132],[-103.39924714172588,25.48567922722557],[-103.39932005260374,25.485831080048026],[-103.39937672337793,25.485988776631192],[-103.39941661889405,25.486150828050214],[-103.39943936237694,25.486315704257265],[-103.3994447389915,25.486481848527387],[-103.39943269787469,25.486647692156524],[-103.39912274855807,25.489117696130595],[-103.39908843414985,25.489302343342732],[-103.3990325426934,25.489482403443308],[-103.39895574462926,25.48965571613095],[-103.39821576567563,25.491095724754043]]]},"properties":{"fire_id":"F4827","date":"2026-09-27","area_ha":28.5,"cumulative_ha":28.5,"frp_sum":4.4,"n_detections":3,"first_seen":"2026-09-27","last_seen":"2026-09-27","centroid":[-103.39713,25.48842],"history":[{"date":"2026-09-27","area_ha":28.5}],"track":[[-103.39713221296617,25.488424292025385]],"growth_24h_ha":null,"speed_km_day":null,"bearing_deg":null,"direction":null}},{"type":"Feature","geometry":{"type":"Polygon","coordinates":[[[-99.93648377446873,25.575179972382948],[-99.93832206189123,25.5755995831951],[-99.93849851862417,25.57564862240599],[-99.93866882123699,25.57571369509288],[-99.93883127523992,25.57579415378679],[-99.93898426422301,25.57588919792757],[-99.93912626593753,25.575997881828574],[-99.93925586744128,25.576119124085128],[-99.93937177915694,25.576251718333687],[-99.93947284770391,25.576394345253895],[-99.93955806737564,25.576545585694994],[-99.93962659014839,25.576703934795542],[-99.93967773412183,25.57686781695606],[-99.93971099030715,25.57703560151577],[-99.93972602769527,25.57720561897756],[-99.93972269655438,25.577376177619275],[-99.93970102992411,25.577545580326916],[-99.93966124329084,25.577712141481385],[-99.93960373244776,25.577874203731238],[-99.9395290695604,25.578030154484512],[-99.93943799747677,25.578178441955394],[-99.93933142233871,25.578317590605884],[-99.93678144117544,25.581317616534907],[-99.93666535845296,25.58144146693819],[-99.93653699671077,25.581554453746076],[-99.93639753623083,25.581655538021433],[-99.93624825936506,25.581743790270924],[-99.9360905387435,25.581818398992823],[-99.9359258246515,25.581878678139663],[-99.93575563169252,25.581924073427437],[-99.93558152485882,25.58195416743297],[-99.93540510513864,25.58196868343259],[-99.9352279947919,25.5819674879472],[-99.9350518224303,25.58195059196964],[-99.93487820803877,25.581918150863718],[-99.93470874807652,25.58187046293526],[-99.93454500079451,25.581807966688974],[-99.93438847190451,25.58173123679556],[-99.93424060073174,25.58164097880704],[-99.93410274697847,25.581538022668138],[-99.93397617822016,25.58142331508405],[-99.93386205824969,25.58129791081441],[-99.93376143637603,25.58116296297356],[-99.9336752377767,25.58101971242685],[-99.93239527167223,25.578629697588422],[-99.93231202847709,25.578448811080833],[-99.93225176094364,25.578260272989436],[-99.93185179145885,25.576680267950675],[-99.93181933611396,25.57651656344752],[-99.93180422169222,25.576350712906116],[-99.93180659126611,25.57618428733548],[-99.93182642229127,25.576018863185112],[-99.93186352682373,25.575856007412355],[-99.93191755330395,25.575697262639743],[-99.93198798989023,25.57554413254317],[-99.9320741693102,25.575398067609196],[-99.93217527518411,25.575260451396343],[-99.93229034975987,25.575132587430527],[-99.93241830298668,25.575015686858595],[-99.9325579228411,25.574910856977255],[-99.93270788680772,25.574819090745365],[-99.93286677440592,25.574741257379586],[-99.9330330806436,25.574678094121868],[-99.93320523027114,25.574630199257072],[-99.93338159269999,25.574598026446626],[-99.93356049744527,25.574581880431914],[-99.9337402499458,25.574581914148187],[-99.93391914761192,25.574598127276097],[-99.93409549594945,25.574630366244676],[-99.93648377446873,25.575179972382948]]]},"properties":{"fire_id":"F0099","date":"2026-09-27","area_ha":45.0,"cumulative_ha":540.8,"frp_sum":20.7,"n_detections":5,"first_seen":"2026-08-23","last_seen":"2026-09-27","centroid":[-99.93554,25.57794],"history":[{"date":"2026-08-23","area_ha":171.2},{"date":"2026-08-24","area_ha":191.1},{"date":"2026-08-25","area_ha":97.8},{"date":"2026-08-28","area_ha":168.6},{"date":"2026-08-29","area_ha":130.0},{"date":"2026-08-31","area_ha":248.8},{"date":"2026-09-03","area_ha":264.8},{"date":"2026-09-06","area_ha":29.0},{"date":"2026-09-07","area_ha":109.6},{"date":"2026-09-08","area_ha":220.2},{"date":"2026-09-09","area_ha":211.8},{"date":"2026-09-10","area_ha":147.4},{"date":"2026-09-11","area_ha":161.7},{"date":"2026-09-12","area_ha":145.9},{"date":"2026-09-13","area_ha":206.4},{"date":"2026-09-14","area_ha":211.3},{"date":"2026-09-15","area_ha":75.2},{"date":"2026-09-17","area_ha":168.3},{"date":"2026-09-18","area_ha":111.5},{"date":"2026-09-19","area_ha":61.8},{"date":"2026-09-20","area_ha":295.9},{"date":"2026-09-21","area_ha":201.3},{"date":"2026-09-22","area_ha":155.4},{"date":"2026-09-23","area_ha":119.0},{"date":"2026-09-24","area_ha":165.4},{"date":"2026-09-25","area_ha":296.6},{"date":"2026-09-27","area_ha":45.0}],"track":[[-99.93559483532565,25.58216413445806],[-99.94081262191969,25.58343837586868],[-99.93669941523115,25.57770554917776],[-99.9401429604066,25.5864382692789],[-99.94043152054128,25.589281474922007],[-99.94144806170259,25.582127023420533],[-99.93560887850884,25.57859324598327],[-99.93530893471062,25.5768348173045],[-99.9393380592411,25.58308979015967],[-99.94037428526217,25.585268667205405],[-99.93909457580979,25.58374364919861],[-99.94139985559993,25.582558438038685],[-99.93741049095271,25.585968320334572],[-99.93980896593077,25.58370756219254],[-99.93786046924086,25.58307697230102],[-99.93930375387745,25.583579435856798],[-99.93557640387053,25.57641223073342],[-99.93862125971997,25.585087137946566],[-99.94053871663029,25.582760317111934],[-99.93499119831172,25.577682654956167],[-99.93572253096849,25.58348384345637],[-99.93955108539717,25.584105835433498],[-99.93694012629298,25.58615624942958],[-99.93864792642005,25.58279249341448],[-99.93999275373606,25.58181227999672],[-99.93926494066437,25.58430888476985],[-99.93553899534945,25.577941160281927]],"growth_24h_ha":-125.77,"speed_km_day":0.4,"bearing_deg":153.93,"direction":"SSE"}},{"type":"Feature","geometry":{"type":"Polygon","coordinates":[[[-100.9192191788569,25.601395121618243],[-100.91932014434008,25.601262012363293],[-100.91943431537904,25.60113838327203],[-100.91956065915477,25.601025352677443],[-100.91969803274968,25.600923943036857],[-100.91984519348664,25.600835071683925],[-100.9200008101694,25.60075954253115],[-100.92016347512363,25.60069803879895],[-100.92370341838223,25.599538054094744],[-100.92387780495997,25.599489712753183],[-100.92405648476266,25.599457491617898],[-100.92423772300414,25.59944170352535],[-100.92441976006297,25.599442501762745],[-100.92460082856346,25.599459878579943],[-100.92477917053183,25.59949366526475],[-100.92495305446144,25.59954353378074],[-100.9251207921209,25.599608999951748],[-100.92528075494272,25.599689428162222],[-100.92543138983295,25.599784037527744],[-100.92557123424874,25.59989190947591],[-100.92569893039726,25.60001199666383],[-100.92581323841853,25.600143133146094],[-100.92591304842368,25.600284045693947],[-100.92599739127232,25.600433366156473],[-100.92606544798382,25.600589644743316],[-100.92611655769156,25.600751364100226],[-100.92615022406233,25.600916954040862],[-100.92616612011882,25.60108480679167],[-100.92616409141816,25.601253292601957],[-100.92614415755526,25.601420775567725],[-100.92610651197667,25.601585629515302],[-100.92605152010613,25.601746253790985],[-100.9259797158001,25.601901088802922],[-100.9258917961677,25.602048631164735],[-100.92578861480476,25.602187448293424],[-100.9256711735081,25.60231619232021],[-100.92554061255001,25.602433613178647],[-100.92539819960751,25.602538570743548],[-100.92524531745389,25.60263004590216],[-100.9250834505317,25.602707150450534],[-100.92197233664886,25.60401382521712],[-100.9211643561532,25.60491907125876],[-100.92104333560832,25.605041964209626],[-100.92090999047953,25.60515339697237],[-100.92076558166126,25.60525231582875],[-100.92061147468269,25.605337785390812],[-100.92044912679454,25.60540899744684],[-100.92028007318787,25.605465278604655],[-100.92010591247518,25.60550609666019],[-100.91992829157145,25.605531065630597],[-100.91974889011802,25.6055399494046],[-100.91956940459653,25.60553266397557],[-100.91939153228383,25.605509278235857],[-100.91921695519902,25.60547001332546],[-100.91904732419512,25.605415240540434],[-100.91888424334557,25.605345477821498],[-100.91872925477362,25.60526138485576],[-100.91858382406782,25.60516375683783],[-100.91844932642194,25.6050535169496],[-100.91832703363026,25.60493170762961],[-100.91821810206127,25.604799480714775],[-100.91812356172359,25.604658086547484],[-100.91804430652739,25.604508862151654],[-100.9179810858334,25.604353218588773],[-100.91793449736942,25.60419262761432],[-100.91790498158107,25.604028607760267],[-100.91789281747035,25.60386270997563],[-100.91789811996084,25.603696502960496],[-100.9179208388148,25.603531558332627],[-100.91796075911189,25.60336943576655],[-100.91801750328499,25.603211668246043],[-100.9180905346938,25.60305974756895],[-100.91817916270217,25.602915110241803],[-100.9192191788569,25.601395121618243]]]},"properties":{"fire_id":"F2914","date":"2026-09-27","area_ha":33.2,"cumulative_ha":102.4,"frp_sum":12.4,"n_detections":4,"first_seen":"2026-09-12","last_seen":"2026-09-27","centroid":[-100.92187,25.60231],"history":[{"date":"2026-09-12","area_ha":40.6},{"date":"2026-09-15","area_ha":54.9},{"date":"2026-09-18","area_ha":53.6},{"date":"2026-09-19","area_ha":51.3},{"date":"2026-09-22","area_ha":50.9},{"date":"2026-09-23","area_ha":32.4},{"date":"2026-09-25","area_ha":47.6},{"date":"2026-09-27","area_ha":33.2}],"track":[[-100.9217089398213,25.6021960103218],[-100.92053467024927,25.605083321906264],[-100.91971335143369,25.604378928003804],[-100.92044257469314,25.604414380974756],[-100.92206416908836,25.601849731336426],[-100.9199159343154,25.603549681336013],[-100.92058086581216,25.604711269120163],[-100.92187251793884,25.602310360012556]],"growth_24h_ha":-7.19,"speed_km_day":0.15,"bearing_deg":209.44,"direction":"SSW"}},{"type":"Feature","geometry":{"type":"Polygon","coordinates":[[[-99.46144350914254,25.675138951362758],[-99.46148228248929,25.675300288180754],[-99.46150402535436,25.67546433264005],[-99.46150853443952,25.675629551625143],[-99.46149576750688,25.67579440103755],[-99.46146584377723,25.675957340226464],[-99.46141904281957,25.676116846387497],[-99.46135580194147,25.676271428795005],[-99.46127671210542,25.67641964273447],[-99.4611825124085,25.676560103005507],[-99.46107408317705,25.67669149686842],[-99.46095243774114,25.67681259631398],[-99.46081871296494,25.67692226954123],[-99.46067415862223,25.677019491536292],[-99.4605201257159,25.677103353653038],[-99.46035805385056,25.677173072106374],[-99.46018945777658,25.677227995298253],[-99.4600159132313,25.677267609908373],[-99.45983904220964,25.677291545692256],[-99.45966049780212,25.677299578942083],[-99.45948194874198,25.67729163457775],[-99.45930506380596,25.677267786848596],[-99.45742502928066,25.676927782166278],[-99.45724848044465,25.67688742558959],[-99.45707707369628,25.67683122867693],[-99.45691246726541,25.676759735086137],[-99.45675625358305,25.676673636456393],[-99.456609943874,25.67657376571653],[-99.45647495353569,25.67646108902633],[-99.45635258844482,25.67633669642869],[-99.45624403232421,25.676201791303733],[-99.45615033529205,25.67605767872602],[-99.4560724037045,25.675905752838457],[-99.45601099138955,25.675747483364404],[-99.45596669235728,25.67558440138899],[-99.45593993505648,25.67541808454681],[-99.4559309782335,25.675250141759623],[-99.45593990843287,25.675082197671713],[-99.45596663916412,25.6749158769332],[-99.45671670812769,25.671435886475713],[-99.45676140157316,25.671271507963326],[-99.45682347847647,25.671112029226958],[-99.45690232859607,25.670959017778742],[-99.45699717683932,25.67081397755833],[-99.45710709088358,25.670678334151418],[-99.45723099034193,25.670553420778834],[-99.45736765738363,25.670440465193355],[-99.45751574870467,25.67034057761346],[-99.45767380873076,25.670254739812158],[-99.45784028392318,25.670183795468386],[-99.45801353804652,25.67012844187552],[-99.45819186824887,25.670089223088716],[-99.45837352179613,25.670066524578107],[-99.4585567132961,25.670060569440658],[-99.45873964224334,25.67007141620761],[-99.45892051071253,25.670098958269367],[-99.45909754102628,25.67014292492306],[-99.45926899322434,25.67020288403301],[-99.4594331821623,25.670278246277512],[-99.45958849407188,25.67036827094035],[-99.45973340242053,25.670472073190414],[-99.45986648291394,25.670588632777527],[-99.45998642749466,25.670716804059243],[-99.46009205719888,25.670855327260174],[-99.46018233374522,25.671002840853088],[-99.46025636974143,25.6711578949402],[-99.46031343740887,25.671318965503254],[-99.46144350914254,25.675138951362758]]]},"properties":{"fire_id":"F4260","date":"2026-09-27","area_ha":33.9,"cumulative_ha":68.0,"frp_sum":4.2,"n_detections":3,"first_seen":"2026-09-23","last_seen":"2026-09-27","centroid":[-99.45868,25.67395],"history":[{"date":"2026-09-23","area_ha":36.1},{"date":"2026-09-25","area_ha":53.4},{"date":"2026-09-26","area_ha":29.3},{"date":"2026-09-27","area_ha":33.9}],"track":[[-99.46125989853736,25.674142262902134],[-99.46137907987061,25.674758299973888],[-99.4595476818698,25.67395604021624],[-99.45867728674756,25.6739528060596]],"growth_24h_ha":4.64,"speed_km_day":0.09,"bearing_deg":92.32,"direction":"E"}},{"type":"Feature","geometry":{"type":"Polygon","coordinates":[[[-100.29859958104183,25.697096251040485],[-100.29865018328596,25.697105129169106],[-100.300080157157,25.697375125453664],[-100.30025199505677,25.697415588636368],[-100.3004188508145,25.697471076302357],[-100.30057919064171,25.69754107838815],[-100.3007315406364,25.69762495140722],[-100.30087450032991,25.69772192436454],[-100.30100675555941,25.697831105843164],[-100.30112709054775,25.697951492197596],[-100.30123439907923,25.698081976778973],[-100.30132769466914,25.698221360107006],[-100.30140611963313,25.698368360895365],[-100.30146895297322,25.69852162782915],[-100.30151561700794,25.698679751986408],[-100.30154568268533,25.698841279788947],[-100.3015588735301,25.69900472636438],[-100.30155506818855,25.69916858919562],[-100.3015343015475,25.699331361932988],[-100.30114434516143,25.70149136692683],[-100.30110461826139,25.70165904773764],[-100.30104689647341,25.70182220077167],[-100.30097176172833,25.701979180907365],[-100.30087997154958,25.702128405260176],[-100.30077245141757,25.70226836914407],[-100.30065028544044,25.702397661244888],[-100.30051470542409,25.70251497785211],[-100.30036707845231,25.702619136006053],[-100.30020889310192,25.70270908542707],[-100.3000417444321,25.70278391910729],[-100.2998673178991,25.702842882457333],[-100.29968737235883,25.702885380916193],[-100.29950372232858,25.702910985947184],[-100.29931821968724,25.70291943935965],[-100.29913273499814,25.70291065591283],[-100.29894913864356,25.702884724175423],[-100.29876928196106,25.702841905632447],[-100.29859497857174,25.70278263204817],[-100.29842798608956,25.70270750111187],[-100.29826998839559,25.702617270410286],[-100.29812257865645,25.702512849787542],[-100.2944925636668,25.699662819276966],[-100.29436205624796,25.69954986733532],[-100.29424395887274,25.699425796073058],[-100.2941393751404,25.69929176495952],[-100.29404928234791,25.699149026536777],[-100.29397452235825,25.69899891471354],[-100.29391579373511,25.698842832298784],[-100.29387364521713,25.698682237891862],[-100.29384847059293,25.69851863225101],[-100.2938405050243,25.698353544268446],[-100.29384982285221,25.69818851668265],[-100.29387633690558,25.698025091661385],[-100.2939197993196,25.69786479639048],[-100.29397980385541,25.697709128802686],[-100.2940557896996,25.697559543580148],[-100.29414704670779,25.697417438561327],[-100.29425272204313,25.69728414167918],[-100.29437182814777,25.697160898552795],[-100.29450325197267,25.6970488608483],[-100.29464576537926,25.69694907551791],[-100.29479803661609,25.696862475017294],[-100.29495864276295,25.696789868593118],[-100.29512608302633,25.696731934721747],[-100.29529879276204,25.696689214769844],[-100.29547515809386,25.696662107936202],[-100.29565353099213,25.696650867521765],[-100.29583224467086,25.696655598563005],[-100.29600962916031,25.696676256850576],[-100.29859958104183,25.697096251040485]]]},"properties":{"fire_id":"F4766","date":"2026-09-27","area_ha":37.4,"cumulative_ha":47.6,"frp_sum":8.6,"n_detections":4,"first_seen":"2026-09-26","last_seen":"2026-09-27","centroid":[-100.298,25.69948],"history":[{"date":"2026-09-26","area_ha":40.9},{"date":"2026-09-27","area_ha":37.4}],"track":[[-100.29873338512289,25.699208238586266],[-100.29800366463492,25.69947757887488]],"growth_24h_ha":-3.51,"speed_km_day":0.08,"bearing_deg":70.82,"direction":"ENE"}},{"type":"Feature","geometry":{"type":"Polygon","coordinates":[[[-100.3038330957995,25.71902859296041],[-100.30400267360692,25.71906496857682],[-100.30416780018992,25.719115911695443],[-100.30432701332606,25.71918097120264],[-100.30447890314858,25.71925957097989],[-100.30462212462962,25.7193510150049],[-100.30475540948943,25.71945449351442],[-100.30680540519766,25.721204475443805],[-100.3069318649699,25.7213235031568],[-100.30704516774995,25.721453352004065],[-100.30714423469814,25.721592785655414],[-100.30722812250345,25.72174047651645],[-100.30729603236686,25.721895018368194],[-100.30734731760933,25.722054939755303],[-100.30738148983183,25.722218717995936],[-100.30739822356897,25.72238479367915],[-100.3073973593913,25.722551585512573],[-100.30737890542724,25.72271750537851],[-100.3073430372893,25.72288097345529],[-100.30729009640588,25.723040433259833],[-100.30722058677362,25.723194366468366],[-100.30713517016194,25.72334130737387],[-100.3070346598145,25.72347985684288],[-100.30692001270796,25.723608695638298],[-100.30679232044159,25.723726596981916],[-100.30665279884421,25.72383243823644],[-100.30650277639764,25.723925211595944],[-100.30634368158677,25.724004033683098],[-100.30617702929669,25.72406815396137],[-100.30600440638652,25.724116961882455],[-100.30582745657739,25.72414999270042],[-100.29904732908095,25.725100005906807],[-100.2988423086261,25.725118013949366],[-100.29863639210495,25.72511485673893],[-100.2984321312856,25.725090573399775],[-100.29441205699788,25.724400563861256],[-100.29423716742552,25.724362338866055],[-100.29406711741417,25.724308615870118],[-100.29390351170078,25.724239901844935],[-100.29374789419815,25.724156845227945],[-100.29360173342367,25.72406022980262],[-100.29346640863986,25.72395096730135],[-100.29334319683794,25.72383008880078],[-100.29323326068712,25.723698734990915],[-100.29313763756346,25.723558145409932],[-100.29305722976166,25.72340964674621],[-100.29299279598231,25.72325464031798],[-100.29294494417469,25.723094588849],[-100.29291412580268,25.72293100266497],[-100.29290063158778,25.722765425440706],[-100.29290458876922,25.722599419633074],[-100.29292595990695,25.722434551736868],[-100.2929645432387,25.72227237750278],[-100.29301997458738,25.722114427257],[-100.29309173080112,25.72196219146105],[-100.29317913469283,25.721817106647766],[-100.29328136143297,25.721680541866682],[-100.29339744633492,25.721553785766154],[-100.29644745234539,25.718533814732012],[-100.29658431231607,25.71841155950353],[-100.2967340440486,25.718302946807203],[-100.2968950621342,25.71820912665218],[-100.29706566168102,25.71813109241926],[-100.29724403636433,25.71806967034396],[-100.29742829754986,25.718025510769213],[-100.29761649428775,25.717999081260327],[-100.29780663396599,25.717990661654934],[-100.29799670340448,25.71800034110039],[-100.29818469016665,25.718028017110043],[-100.29983898715213,25.71835296997091],[-100.3038330957995,25.71902859296041]]]},"properties":{"fire_id":"F4805","date":"2026-09-27","area_ha":83.4,"cumulative_ha":83.4,"frp_sum":10.7,"n_detections":6,"first_seen":"2026-09-27","last_seen":"2026-09-27","centroid":[-100.30001,25.72182],"history":[{"date":"2026-09-27","area_ha":83.4}],"track":[[-100.30000924535874,25.72182016976729]],"growth_24h_ha":null,"speed_km_day":null,"bearing_deg":null,"direction":null}},{"type":"Feature","geometry":{"type":"Polygon","coordinates":[[[-103.81569715374677,49.041103341675296],[-103.8155588839693,49.04124177615935],[-103.81540122724877,49.04137044759445],[-103.81522568996213,49.04148812644362],[-103.81503394937197,49.04159368820276],[-103.81482783760033,49.04168612414839],[-103.81460932412122,49.041764550979096],[-103.81438049693952,49.041828219258164],[-103.81414354263605,49.0418765205772],[-103.8139007254697,49.04190899337155],[-103.81365436573634,49.041925327332294],[-103.81340681759183,49.04192536637246],[-103.81316044655084,49.04190911011894],[-103.81291760687732,49.04187671391619],[-103.8126806190823,49.04182848734123],[-103.81245174774472,49.04176489124443],[-103.81223317986746,49.041686533344475],[-103.81202700397533,49.041594162419365],[-103.81183519015516,49.04148866114922],[-103.81165957122887,49.04137103767956],[-103.81150182523932,49.04124241598532],[-103.8113634594166,49.04110402512817],[-103.8112457957777,49.04095718750992],[-103.81114995849734,49.0408033062339],[-103.81107686317044,49.04064385169584],[-103.8110272080686,49.040480347531975],[-103.81100146747397,49.04031435605897],[-103.81099988715415,49.0401474633447],[-103.81102248202089,49.039981264052706],[-103.81106903599475,49.03981734620515],[-103.81113910407686,49.03965727600988],[-103.81123201660745,49.03950258289622],[-103.81294208676192,49.037012618395245],[-103.8130619421738,49.036859077072485],[-103.81320429058142,49.03671453034234],[-103.8133676617984,49.03658047092876],[-103.81355036856614,49.03645828324231],[-103.8137505239808,49.0363492290866],[-103.81396606098008,49.03625443463054],[-103.81419475368908,49.03617487878161],[-103.8149147398035,49.035954885580075],[-103.81514469232066,49.035893560249804],[-103.81538241954287,49.03584764990895],[-103.81562565451168,49.0358175923451],[-103.81587207775948,49.03580367417761],[-103.81611933942281,49.035806028125606],[-103.81636508164507,49.035824631742635],[-103.81660696105548,49.035859307630645],[-103.81684267110984,49.03590972513109],[-103.8170699640808,49.03597540347717],[-103.81728667248775,49.0360557163768],[-103.81749072976234,49.03614989798319],[-103.81768018995275,49.03625705019588],[-103.817853246279,49.036376151222655],[-103.81800824836225,49.03650606532108],[-103.81814371796402,49.036645553626535],[-103.81825836308514,49.03679328596381],[-103.81835109028997,49.03694785352976],[-103.81842101513807,49.037107782325975],[-103.81846747062406,49.03727154721361],[-103.81849001354443,49.03743758645646],[-103.81848842873106,49.03760431661353],[-103.81846273111,49.03777014763919],[-103.81841316556645,49.03793349804684],[-103.81834020461629,49.03809280999163],[-103.81824454390643,49.03824656412829],[-103.81812709558658,49.038393294102285],[-103.81569715374677,49.041103341675296]]]},"properties":{"fire_id":"F4828","date":"2026-09-27","area_ha":24.9,"cumulative_ha":24.9,"frp_sum":1.5,"n_detections":3,"first_seen":"2026-09-27","last_seen":"2026-09-27","centroid":[-103.81469,49.03882],"history":[{"date":"2026-09-27","area_ha":24.9}],"track":[[-103.81468752596142,49.03881629195581]],"growth_24h_ha":null,"speed_km_day":null,"bearing_deg":null,"direction":null}},{"type":"Feature","geometry":{"type":"Polygon","coordinates":[[[-122.29480748938653,46.977030782362114],[-122.29485067837325,46.97719145148919],[-122.29487125511092,46.97735424706727],[-122.29486902800788,46.97751765462923],[-122.29484401761317,46.97768015400099],[-122.29479645643126,46.97784023344375],[-122.29472678676561,46.97799640371811],[-122.29463565660944,46.978147211939515],[-122.29452391362285,46.978291255095776],[-122.29439259725152,46.97842719310119],[-122.29424292906016,46.97855376126536],[-122.29407630137088,46.97866978206109],[-122.29389426431173,46.97877417608144],[-122.29369851139593,46.97886597208398],[-122.29349086376617,46.97894431602889],[-122.29327325325008,46.97900847902634],[-122.29304770438527,46.979057864119795],[-122.29281631558078,46.97909201184112],[-122.2925812395905,46.97911060448665],[-122.29234466348048,46.97911346907385],[-122.29210878827661,46.979100578951076],[-122.29187580848217,46.97907205404578],[-122.29164789165652,46.97902815974811],[-122.28675778502112,46.97790812648491],[-122.28653175891105,46.97784763775667],[-122.28631548038969,46.977772037433496],[-122.28611106132483,46.977682063744226],[-122.28592049775676,46.97757859526805],[-122.28574565040567,46.97746264235314],[-122.28558822650166,46.97733533724886],[-122.28544976311508,46.97719792304733],[-122.28533161214956,46.97705174154276],[-122.28523492714424,46.97689822012743],[-122.28516065201443,46.97673885785194],[-122.28510951183988,46.976575210786145],[-122.28508200579093,46.97640887682384],[-122.28507840226096,46.976241480079615],[-122.28509873625272,46.9760746550302],[-122.28514280904368,46.975910030555234],[-122.28521019013343,46.975749214033186],[-122.2853002214536,46.97559377564797],[-122.28541202379951,46.97544523305902],[-122.28554450541976,46.97530503658491],[-122.2856963726804,46.975174555044696],[-122.28586614269878,46.975055062395384],[-122.28605215782417,46.97494772529592],[-122.28625260182332,46.97485359171865],[-122.29019254730868,46.97319363605465],[-122.29040644999455,46.97311328783945],[-122.29063083145648,46.973047982488346],[-122.29086348092,46.97299836342085],[-122.29110210616679,46.97296491950617],[-122.29134435611485,46.97294798024791],[-122.29158784397764,46.97294771253859],[-122.2918301707748,46.9729641190158],[-122.29206894896288,46.97299703803621],[-122.29230182595322,46.97304614526766],[-122.29252650728642,46.973110956883886],[-122.29274077923401,46.973190834329934],[-122.29294253060614,46.97328499061199],[-122.29312977354984,46.973392498049314],[-122.29330066313305,46.97351229741224],[-122.2934535155223,46.97364320835596],[-122.29358682457399,46.97378394104792],[-122.29369927667652,46.97393310887397],[-122.2937897636966,46.97408924209832],[-122.29385739390227,46.97425080234283],[-122.29480748938653,46.977030782362114]]]},"properties":{"fire_id":"F4829","date":"2026-09-27","area_ha":36.3,"cumulative_ha":36.3,"frp_sum":2.7,"n_detections":3,"first_seen":"2026-09-27","last_seen":"2026-09-27","centroid":[-122.2904,46.97616],"history":[{"date":"2026-09-27","area_ha":36.3}],"track":[[-122.29040199740544,46.97615566224587]],"growth_24h_ha":null,"speed_km_day":null,"bearing_deg":null,"direction":null}},{"type":"Feature","geometry":{"type":"Polygon","coordinates":[[[-119.63762704639225,37.64295013021708],[-119.63773639022118,37.64308513936386],[-119.63782873124654,37.64322766327817],[-119.63790322813952,37.643376403563536],[-119.63795920211876,37.64353000518438],[-119.63799614313771,37.64368706880954],[-119.63801371453506,37.643846163559836],[-119.63801175610625,37.64400584004305],[-119.63755193614614,37.65025584797242],[-119.63752896173035,37.65042213928054],[-119.63748480903527,37.65058581079325],[-119.63741991921457,37.650745226666245],[-119.63733494069437,37.65089879357874],[-119.63723072269701,37.65104497665933],[-119.63710830675755,37.651182314827885],[-119.63110836286792,37.65724239685856],[-119.63096557964539,37.65737228348942],[-119.63080653082442,37.65749012197949],[-119.63063287939686,37.657594680173034],[-119.63044644106779,37.657684864772385],[-119.63024916526933,37.65775973277172],[-119.63004311477478,37.657818501319056],[-119.62983044412668,37.65786055590351],[-119.62386031722241,37.65879057610762],[-119.62367063908738,37.6588132956732],[-119.62347911599848,37.65882271061894],[-119.62328728000841,37.65881874563187],[-119.62309666567337,37.65880143242907],[-119.62290879777515,37.65877090950409],[-119.61753868797632,37.657700886537235],[-119.61730696214664,37.65764362662503],[-119.61708503029818,37.657566297641324],[-119.61687574100036,37.65746989214047],[-119.6117456879727,37.65478984281876],[-119.61158273963602,37.65469571317798],[-119.61143191690435,37.65459000825755],[-119.61129456715287,37.65447367240993],[-119.61117191737381,37.654347744958194],[-119.61106506321589,37.65421335090957],[-119.6109749591973,37.65407169090389],[-119.61090241018078,37.65392403048603],[-119.60940648000242,37.6503872080793],[-119.60288039750856,37.6470373991559],[-119.60270936219555,37.64693982707517],[-119.60255150603457,37.64682957215484],[-119.60240836927716,37.646707710228604],[-119.60228134852689,37.64657543038239],[-119.6021716831131,37.64643402334998],[-119.60208044299982,37.6462848689172],[-119.60200851834857,37.646129422456994],[-119.6019566108362,37.64596920072773],[-119.60192522681272,37.64580576707224],[-119.60191467236542,37.645640716163136],[-119.60192505033757,37.64547565844262],[-119.60195625933035,37.64531220440883],[-119.60200799469763,37.64515194890209],[-119.60340033025061,37.64159180060625],[-119.60428277443074,37.63911705134713],[-119.59620457571229,37.63434343948828],[-119.596075007533,37.63426045320032],[-119.59595414539064,37.634169827535835],[-119.59558414585779,37.633869822932276],[-119.59543782667393,37.63373808647642],[-119.59530987448473,37.63359519151337],[-119.59520167798034,37.63344268903167],[-119.59511441139941,37.63328223429072],[-119.5950490217881,37.63311556885274],[-119.59241923786914,37.62490552480856],[-119.59237921550958,37.62474924674206],[-119.59235843728683,37.62459070716983],[-119.59235709161949,37.62443134468546],[-119.59276225680607,37.61673752103819],[-119.58661644296897,37.61297629950919],[-119.58644613326294,37.61286023730686],[-119.58629243678482,37.612730827846676],[-119.58615706269096,37.61258951028061],[-119.58604151635006,37.61243785618132],[-119.5859470826049,37.61227755206286],[-119.58587481148803,37.612110380623335],[-119.58357497632457,37.60569034240417],[-119.58356276428503,37.605654741047246],[-119.58295281297765,37.60379473085184],[-119.58291081293507,37.603634340056956],[-119.58288910360419,37.60347151420192],[-119.58288789271207,37.603307812300265],[-119.58290719171725,37.60314480174316],[-119.58294681570517,37.60298404329247],[-119.58392196664718,37.599860410925324],[-119.58104893538433,37.59378958470052],[-119.58098587716016,37.593633118358376],[-119.58094275536115,37.59347258522006],[-119.58091998434146,37.59330952832128],[-119.58091778283897,37.593145514946],[-119.58093617187802,37.59298212156155],[-119.58097497457254,37.5928209186658],[-119.58103381783137,37.59266345569229],[-119.58111213594924,37.592511246118065],[-119.58120917604853,37.59236575291736],[-119.5813240053197,37.59222837450132],[-119.5814555199902,37.592100431278226],[-119.58858554918181,37.58582052331728],[-119.58873571355467,37.58570088745555],[-119.58890045044103,37.58559356826941],[-119.58907810905757,37.585499641137424],[-119.58926690916162,37.58542004724112],[-119.5894649588887,37.58535558413533],[-119.58967027370745,37.58530689775806],[-119.58988079630223,37.58527447595899],[-119.59009441718456,37.58525864361221],[-119.59030899582667,37.585259559361376],[-119.5905223821057,37.58527721403049],[-119.59073243784418,37.58531143071578],[-119.59093705823067,37.58536186655795],[-119.59113419290664,37.585428016177104],[-119.59132186650805,37.58550921673576],[-119.59149819845626,37.58560465457949],[-119.59166142180007,37.58571337338866],[-119.5918099009201,37.585834283759326],[-119.59194214791818,37.58596617411808],[-119.59205683752765,37.58610772286065],[-119.59215282039523,37.58625751159359],[-119.5950207553573,37.5913558496864],[-119.6003506990576,37.594991087577796],[-119.60671617595148,37.59783851996964],[-119.60688894974712,37.59792461300642],[-119.60705039725823,37.59802318871271],[-119.60719904250601,37.59813334592203],[-119.60733352653058,37.598254077587235],[-119.60745261981474,37.59838427998538],[-119.60755523352535,37.59852276280666],[-119.60764042946927,37.59866826003491],[-119.60770742867298,37.59881944152059],[-119.60775561850714,37.598974925139885],[-119.60778455829124,37.59913328942974],[-119.60779398332649,37.59929308658236],[-119.60778380732015,37.59945285568119],[-119.60775412317908,37.59961113605694],[-119.60770520216498,37.599766480641705],[-119.60763749141884,37.599917469198985],[-119.60623755193869,37.60261749158756],[-119.60614361069419,37.602774692451185],[-119.60602931500169,37.60292345897435],[-119.60589589331256,37.603062192059966],[-119.60574477968805,37.6031894004522],[-119.60557759838704,37.603303716768174],[-119.60539614640801,37.603403912198054],[-119.60520237417262,37.60348890971583],[-119.59987229382197,37.60555069761223],[-119.60492598229925,37.610416688222955],[-119.6050522000783,37.61055142846034],[-119.60516058431155,37.610695309428664],[-119.60525005639626,37.61084689941443],[-119.60531972590135,37.61100468998538],[-119.60536889943165,37.611167110999254],[-119.60539708753244,37.611332546226954],[-119.60540400956508,37.6114993494347],[-119.60538959650525,37.61166586076515],[-119.60504966023417,37.61391586659135],[-119.6050167483677,37.61407076290718],[-119.60496536884807,37.614222569969314],[-119.6048959741033,37.614369950694176],[-119.60480917524583,37.61451160697671],[-119.6047057366932,37.61464629112468],[-119.60458656943784,37.61477281684913],[-119.60445272302569,37.61489006971425],[-119.60430537631306,37.614997016954284],[-119.60088423049773,37.61725592076163],[-119.60412790706488,37.6225932938862],[-119.60421075695812,37.622749558452554],[-119.6042729621274,37.622911548926155],[-119.60431388692494,37.62307761035251],[-119.60433311310146,37.623246046175815],[-119.60433044408455,37.62341513557087],[-119.60430590699325,37.623583151023894],[-119.60425975236684,37.62374837598159],[-119.60419245161125,37.62390912238904],[-119.60229521817676,37.62776762851293],[-119.60841249910358,37.63283013177715],[-119.61272415088915,37.63120516441438],[-119.61458738048226,37.62473345600291],[-119.61462576481743,37.624619161683206],[-119.61799409993068,37.61586217905476],[-119.61753058577514,37.61461638353376],[-119.6174822484255,37.6144580675256],[-119.61745385666255,37.61429683647336],[-119.61744567902518,37.614134216096176],[-119.61745779276451,37.613971745250396],[-119.61749008311786,37.61381096136753],[-119.61754224439979,37.613653385905906],[-119.61761378289943,37.61350050995399],[-119.6177040215569,37.61335378012131],[-119.61781210637399,37.61321458485079],[-119.61793701449857,37.613084241281335],[-119.61807756390608,37.61296398278594],[-119.61823242458614,37.6128549473022],[-119.61840013112888,37.61275816656599],[-119.6185790965912,37.61267455635034],[-119.61876762751247,37.61260490780145],[-119.61896393993699,37.612549879953725],[-119.61916617629217,37.61250999349517],[-119.6200561574063,37.612369996530624],[-119.62026806983101,37.61234518237821],[-119.62048209844035,37.61233699266515],[-119.62069610609615,37.612345509168144],[-119.62090795586944,37.61237064684736],[-119.62111553237403,37.61241215469527],[-119.62131676288514,37.612469618242564],[-119.62150963803255,37.61254246369604],[-119.62169223186174,37.61262996366694],[-119.62186272106281,37.61273124443306],[-119.62201940317532,37.6128452946616],[-119.62216071358755,37.612970975506244],[-119.62228524116028,37.613107031977506],[-119.62239174231905,37.6132521054727],[-119.62543957136405,37.61793112823368],[-119.62919494635487,37.62204616797758],[-119.63534935862303,37.62344365330162],[-119.63554637677694,37.62349660923602],[-119.63573587696123,37.623564230155246],[-119.6359160702277,37.62364587770148],[-119.63608525547187,37.62374078109996],[-119.63624183549045,37.62384804443391],[-119.6363843320586,37.62396665510101],[-119.6365113998849,37.62409549337125],[-119.63662183931228,37.624233342956245],[-119.63671460764517,37.62437890249001],[-119.63678882899544,37.62453079781327],[-119.63684380255452,37.62468759494512],[-119.63687900921342,37.62484781361965],[-119.63689411646776,37.62500994125992],[-119.63688898156161,37.62517244725722],[-119.63686365284018,37.62533379742104],[-119.63681836929833,37.625492468463165],[-119.63463852929083,37.631692504753374],[-119.63461404830005,37.63175701453669],[-119.63241586884581,37.63714821269591],[-119.63762704639225,37.64295013021708]]]},"properties":{"fire_id":"F3397","date":"2026-09-27","area_ha":1737.0,"cumulative_ha":3760.4,"frp_sum":2192.9,"n_detections":147,"first_seen":"2026-09-16","last_seen":"2026-09-27","centroid":[-119.61059,37.62653],"history":[{"date":"2026-09-16","area_ha":1414.5},{"date":"2026-09-17","area_ha":1497.4},{"date":"2026-09-18","area_ha":1648.2},{"date":"2026-09-19","area_ha":1591.9},{"date":"2026-09-20","area_ha":1244.0},{"date":"2026-09-21","area_ha":1671.2},{"date":"2026-09-22","area_ha":1565.0},{"date":"2026-09-23","area_ha":1316.1},{"date":"2026-09-24","area_ha":1318.1},{"date":"2026-09-25","area_ha":1268.3},{"date":"2026-09-26","area_ha":1472.0},{"date":"2026-09-27","area_ha":1737.0}],"track":[[-119.61672797321052,37.59057742636476],[-119.60908895952895,37.59195998732117],[-119.60908991258614,37.59601651035458],[-119.60695015825091,37.60130432717371],[-119.60581930261756,37.60955317941913],[-119.60367430038325,37.61662214008957],[-119.60559703717121,37.611821866001165],[-119.60401562463841,37.61361022441675],[-119.60435585541543,37.614029474667305],[-119.60538941442366,37.616857360425],[-119.60611138546784,37.62101069766197],[-119.61059117382335,37.62653029760012]],"growth_24h_ha":265.0,"speed_km_day":0.73,"bearing_deg":341.9,"direction":"NNW"}},{"type":"Feature","geometry":{"type":"Polygon","coordinates":[[[-110.3890169903667,40.14261115857398],[-110.38975423771687,40.150075768982816],[-110.38975980694887,40.15023756238103],[-110.3897446147035,40.150399004660784],[-110.38970880293226,40.150558585874535],[-110.38965270644366,40.150714813470586],[-110.38957684977674,40.15086622625341],[-110.38948194229977,40.151011408050934],[-110.38936887157944,40.15114900096111],[-110.3892386950829,40.151277718053734],[-110.38909263028975,40.15139635540874],[-110.3889320433066,40.15150380337811],[-110.38875843609046,40.151599056966376],[-110.38857343240069,40.151681225232146],[-110.38837876261059,40.15174953962279],[-110.38817624752097,40.151803361164454],[-110.3879677813273,40.15184218643979],[-110.38775531389948,40.15186565229764],[-110.38754083254042,40.151873539250374],[-110.38732634339422,40.15186577352753],[-110.38711385267783,40.151842427765665],[-110.38690534791203,40.15180372032906],[-110.3867027793276,40.15175001326671],[-110.38650804162042,40.15168180892518],[-110.38632295622672,40.15159974524899],[-110.38614925428415,40.15150458981253],[-110.38598856043816,40.151397232639155],[-110.38584237764553,40.15127867787519],[-110.38571207311664,40.15115003439612],[-110.38559886552878,40.15101250543359],[-110.38550381362938,40.150867377319734],[-110.3802140249969,40.14169728864859],[-110.38013492513304,40.14153861676126],[-110.38007752398549,40.14137472720323],[-110.38004241028464,40.14120730132555],[-110.38002994410391,40.14103805674617],[-110.38004025317218,40.1408687297284],[-110.38007323156997,40.14070105736854],[-110.3801285408225,40.14053675977547],[-110.38020561337851,40.14037752242516],[-110.38030365843836,40.140224978870606],[-110.38042167007187,40.14008069398531],[-110.380558437542,40.139946147911395],[-110.38071255772866,40.13982272087735],[-110.38088244952478,40.13971167904092],[-110.3810663700571,40.13961416150242],[-110.38126243256517,40.13953116862134],[-110.38815232398473,40.13695122463833],[-110.38835307853475,40.13688514073679],[-110.38856149500059,40.13683429387936],[-110.38877554410882,40.13679917913826],[-110.38899314175457,40.13678013840876],[-110.38921216928962,40.136777357080994],[-110.38943049414648,40.13679086223541],[-110.38964599059796,40.13682052237901],[-110.38985656044989,40.13686604872543],[-110.3900601534665,40.136926998006146],[-110.39025478732894,40.13700277678536],[-110.39043856693337,40.13709264723697],[-110.39060970284062,40.13719573432705],[-110.39076652869797,40.13731103433217],[-110.3909075174635,40.13743742461063],[-110.39103129627503,40.137573674531595],[-110.39113665981901,40.137718457455854],[-110.39122258206896,40.137870363651324],[-110.39128822627923,40.13802791401815],[-110.39133295313653,40.13818957448922],[-110.39135632698985,40.13835377096656],[-110.3913581200977,40.1385189046476],[-110.39133831485148,40.13868336759266],[-110.39129710395251,40.138845558381725],[-110.3912348885415,40.139003897708136],[-110.39115227429797,40.13915684375761],[-110.3890169903667,40.14261115857398]]]},"properties":{"fire_id":"F4709","date":"2026-09-27","area_ha":95.8,"cumulative_ha":97.8,"frp_sum":5.6,"n_detections":4,"first_seen":"2026-09-26","last_seen":"2026-09-27","centroid":[-110.38613,40.14361],"history":[{"date":"2026-09-26","area_ha":28.9},{"date":"2026-09-27","area_ha":95.8}],"track":[[-110.3872821871494,40.13974502384144],[-110.38613158862715,40.14361113887995]],"growth_24h_ha":66.87,"speed_km_day":0.44,"bearing_deg":21.32,"direction":"NNE"}},{"type":"Feature","geometry":{"type":"Polygon","coordinates":[[[-80.60835243317763,26.13281043289192],[-80.60849777008299,26.132909316545277],[-80.60863195496908,26.133020705861554],[-80.60875371722429,26.133143546108005],[-80.60886190384983,26.13327667412097],[-80.60895549037798,26.13341882931871],[-80.609033590574,26.133568665637007],[-80.60909546482985,26.133724764274053],[-80.6091405271701,26.133885647124444],[-80.6091683508034,26.134049790774764],[-80.60917867216727,26.134215640928467],[-80.60917139342739,26.134381627123425],[-80.60914658340778,26.134546177602815],[-80.6091044769428,26.13470773419838],[-80.6090454726572,26.134864767085485],[-80.60897012919479,26.13501578926976],[-80.60887915993145,26.13515937066867],[-80.60877342622263,26.13529415165398],[-80.60865392924879,26.135418855927632],[-80.60852180053631,26.135532302608286],[-80.60837829124324,26.13563341741477],[-80.60822476031169,26.13572124283966],[-80.60806266159874,26.13579494721755],[-80.60789353010792,26.135853832601235],[-80.60771896745165,26.13589734137181],[-80.60330888727303,26.136787353805293],[-80.60312986794158,26.13681514027649],[-80.60294875085,26.136826754082747],[-80.60276726403643,26.136822084418416],[-80.60258713906704,26.136801175836077],[-80.60241009451246,26.136764227821395],[-80.60223781954797,26.13671159288962],[-80.60207195783467,26.136643773221827],[-80.60191409183498,26.136561415873167],[-80.60176572771284,26.136465306598698],[-80.60162828096212,26.136356362355805],[-80.60150306290095,26.136235622554747],[-80.60139126816058,26.13610423914109],[-80.60129396328827,26.1359634656042],[-80.60121207657284,26.135814645017152],[-80.6011463891901,26.135659197222125],[-80.60109752775226,26.13549860528339],[-80.60004761124134,26.131258591834893],[-80.60001567554498,26.131091684790658],[-80.60000191409043,26.130922691858718],[-80.60000646237906,26.130753278313293],[-80.60002927548558,26.13058511356623],[-80.60007012850507,26.130419854716735],[-80.600128618773,26.13025913022231],[-80.60020416983713,26.13010452385264],[-80.60029603714105,26.129957559083707],[-80.60040331536403,26.12981968408644],[-80.60052494734408,26.129692257457577],[-80.60065973449679,26.129576534833188],[-80.60080634862669,26.12947365651704],[-80.60096334501517,26.129384636245312],[-80.60112917665582,26.12931035119845],[-80.60130220949667,26.129251533358744],[-80.6014807385399,26.129208762298344],[-80.60166300463975,26.12918245946899],[-80.60184721183361,26.12917288404983],[-80.60203154503564,26.1291801303937],[-80.60221418791859,26.129204127097662],[-80.6023933408079,26.129244637706392],[-80.60256723841172,26.129301263041896],[-80.60273416721267,26.129373445136405],[-80.60289248234962,26.12946047272965],[-80.60835243317763,26.13281043289192]]]},"properties":{"fire_id":"F4831","date":"2026-09-27","area_ha":51.8,"cumulative_ha":51.8,"frp_sum":18.1,"n_detections":3,"first_seen":"2026-09-27","last_seen":"2026-09-27","centroid":[-80.60408,26.13329],"history":[{"date":"2026-09-27","area_ha":51.8}],"track":[[-80.60408461561425,26.133293957871736]],"growth_24h_ha":null,"speed_km_day":null,"bearing_deg":null,"direction":null}},{"type":"Feature","geometry":{"type":"Polygon","coordinates":[[[-91.10371198132134,29.985806661834225],[-91.10379336142128,29.985938567717017],[-91.10386098704568,29.98607621159218],[-91.10391432762512,29.98621851368665],[-91.10395296464446,29.98636435768042],[-91.10397659492808,29.986512599463456],[-91.10411662515709,29.98781259744408],[-91.10412506868812,29.987976965013708],[-91.104115069367,29.988141266644686],[-91.1040867218966,29.988303944449658],[-91.10404029495848,29.9884634559308],[-91.10397622866924,29.98861828860583],[-91.10389513041109,29.98876697435],[-91.10379776907594,29.98890810331745],[-91.10368506777748,29.98904033731038],[-91.10355809510034,29.98916242246889],[-91.10341805496918,29.98927320116128],[-91.10326627523362,29.989371622962032],[-91.10310419507738,29.989456754613247],[-91.10293335137104,29.98952778887507],[-91.10275536409766,29.989584052181073],[-91.10257192098985,29.98962501102615],[-91.10238476152358,29.98965027702596],[-91.10219566042132,29.9896596106003],[-91.10200641082021,29.989652923245263],[-91.10181880726583,29.98963027837248],[-91.09846874229822,29.98908026936019],[-91.09828730327443,29.98904256863633],[-91.09811085676812,29.98898994177475],[-91.09794102597948,29.98892287290852],[-91.09777937323742,29.988841979026823],[-91.09762738562529,29.988748004298152],[-91.09748646129941,29.98864181322368],[-91.09735789662626,29.98852438268337],[-91.0972428742568,29.98839679294854],[-91.0971424522475,29.988260217743047],[-91.09650246556217,29.987290209699818],[-91.09641528994094,29.9871415059073],[-91.09634542536415,29.98698605716819],[-91.09629355321016,29.98682537976473],[-91.09626017934475,29.986661040973427],[-91.09624562919063,29.98649464377696],[-91.09625004455751,29.986327811228065],[-91.09627338226328,29.98616217061789],[-91.09631541455963,29.985999337603538],[-91.09637573135784,29.985840900449023],[-91.09645374423293,29.985688404534137],[-91.09654869216662,29.98554333728162],[-91.0979687151402,29.983603354638337],[-91.09807887437398,29.983468007365836],[-91.09820376886263,29.98334268835591],[-91.0983421965845,29.98322860366054],[-91.09849282529373,29.983126851210393],[-91.09865420534196,29.983038410249673],[-91.09882478362871,29.98296413191326],[-91.09900291854701,29.98290473103657],[-91.09918689577981,29.982860779277033],[-91.09937494479567,29.982832699613525],[-91.09956525588498,29.982820762276152],[-91.09975599757286,29.98282508214619],[-91.09994533424124,29.982845617650515],[-91.10013144379093,29.9828821711618],[-91.1003125351736,29.98293439089993],[-91.10048686562524,29.983001774317096],[-91.10065275743537,29.983083672933446],[-91.10080861409068,29.983179298577056],[-91.10258860296702,29.984389282688603],[-91.10272516480354,29.984491310072585],[-91.10285027712817,29.984603874279447],[-91.10296286700725,29.98472601002163],[-91.103061968879,29.984856669927748],[-91.10371198132134,29.985806661834225]]]},"properties":{"fire_id":"F4832","date":"2026-09-27","area_ha":42.3,"cumulative_ha":42.3,"frp_sum":48.6,"n_detections":6,"first_seen":"2026-09-27","last_seen":"2026-09-27","centroid":[-91.10027,29.98647],"history":[{"date":"2026-09-27","area_ha":42.3}],"track":[[-91.10026740046273,29.986472611634415]],"growth_24h_ha":null,"speed_km_day":null,"bearing_deg":null,"direction":null}},{"type":"Feature","geometry":{"type":"Polygon","coordinates":[[[-91.53315040043437,30.48363371474977],[-91.53848924150073,30.480582949901354],[-91.53865305455696,30.480498937468248],[-91.53882556522629,30.48042906894873],[-91.53900513715446,30.48037400708068],[-91.53919006701985,30.480334274152476],[-91.53937860068766,30.48031024704964],[-91.53956894984593,30.48030215368027],[-91.53975930896527,30.480310070813662],[-91.53994787242185,30.48033392335219],[-91.54013285162121,30.480373485043597],[-91.54031249196069,30.480428380626634],[-91.54048508946983,30.480498089390192],[-91.54064900697084,30.480581950111784],[-91.54080268960601,30.48067916732867],[-91.54094467958507,30.480788818882253],[-91.54107363001232,30.48090986466417],[-91.54118831766282,30.481041156481275],[-91.54128765458614,30.48118144894577],[-91.54137069842777,30.48132941128747],[-91.54143666137016,30.48148363997601],[-91.54148491760843,30.48164267203358],[-91.54151500929008,30.48180499891154],[-91.54152665086164,30.481969080799814],[-91.54151973178159,30.482133361232833],[-91.54149431757297,30.48229628185401],[-91.54145064920608,30.48245629719816],[-91.54138914081679,30.482611889352267],[-91.54131037578175,30.48276158235486],[-91.54121510118784,30.482903956197845],[-91.54110422074821,30.483037660297697],[-91.54097878623173,30.483161426308374],[-91.53537879230642,30.488171485409385],[-91.53524311126927,30.488281820535935],[-91.53509586925175,30.48838051601616],[-91.53493840330528,30.48846667561344],[-91.53477214333793,30.48853951692519],[-91.53459859912857,30.488598378488692],[-91.53441934661525,30.488642725788385],[-91.53423601358207,30.488672156110635],[-91.53405026487505,30.488686402201125],[-91.53386378728096,30.48868533469226],[-91.53367827420684,30.488668963277963],[-91.53349541029927,30.488637436625776],[-91.53331685614336,30.48859104102655],[-91.52997679943795,30.487571024682847],[-91.52980042155167,30.48750866254717],[-91.52963191559127,30.487431795411258],[-91.52947288049458,30.4873411526646],[-91.52932482531583,30.4872375944108],[-91.52918915490523,30.487122103305072],[-91.52906715657808,30.486995775228735],[-91.52895998790008,30.486859808889566],[-91.52886866570441,30.486715494446194],[-91.52879405644501,30.486564201265043],[-91.52873686797756,30.486407364925746],[-91.52869764284576,30.4862464735986],[-91.52867675313696,30.486083053923075],[-91.52867439695541,30.485918656521594],[-91.52869059654657,30.485754841286195],[-91.5287251980904,30.485593162577274],[-91.52877787316487,30.485435154475343],[-91.52884812186632,30.485282316225263],[-91.52893527755619,30.485136098011456],[-91.52903851318966,30.48499788719888],[-91.52915684916553,30.48486899517],[-91.52928916262282,30.48475064488327],[-91.52943419809623,30.48464395927032],[-91.52959057942864,30.484549950582558],[-91.52975682282833,30.484469510787857],[-91.52993135094644,30.48440340310852],[-91.53011250784148,30.4843522547806],[-91.53315040043437,30.48363371474977]]]},"properties":{"fire_id":"F4725","date":"2026-09-27","area_ha":58.8,"cumulative_ha":175.6,"frp_sum":85.7,"n_detections":4,"first_seen":"2026-09-26","last_seen":"2026-09-27","centroid":[-91.53522,30.48472],"history":[{"date":"2026-09-26","area_ha":146.1},{"date":"2026-09-27","area_ha":58.8}],"track":[[-91.53171436532709,30.487640984902985],[-91.53522425331744,30.484720165153355]],"growth_24h_ha":-87.29,"speed_km_day":0.47,"bearing_deg":223.33,"direction":"SW"}},{"type":"Feature","geometry":{"type":"Polygon","coordinates":[[[-91.7523521825336,30.706887412463043],[-91.7528038941456,30.708007218029174],[-91.75285722287579,30.708163377085658],[-91.75289280189475,30.70832322748049],[-91.75291029997787,30.708485281546842],[-91.7529095541688,30.708648031101717],[-91.7528905712999,30.708809961482082],[-91.75285352793274,30.70896956564116],[-91.75279876871882,30.70912535817458],[-91.75272680319576,30.709275889145022],[-91.75263830104849,30.70941975757722],[-91.75253408587963,30.709555624497465],[-91.75241512754664,30.709682225396165],[-91.75228253313733,30.70979838199764],[-91.75213753666728,30.709903013227365],[-91.7519814875953,30.709995145274732],[-91.75181583826382,30.71007392065734],[-91.75164213038072,30.71013860620275],[-91.75146198066913,30.710188599873113],[-91.74806191784646,30.710978612946985],[-91.74786911200273,30.711014575593804],[-91.74767308018062,30.711033711369073],[-91.7474758041111,30.71103582682663],[-91.74727927810589,30.711020900581065],[-91.74708548889268,30.71098908352378],[-91.74689639552726,30.7109406972975],[-91.74671390958548,30.710876231044175],[-91.74653987583581,30.710796336459502],[-91.74637605358758,30.710701821203923],[-91.74622409890425,30.710593640736832],[-91.7460855478608,30.710472888656557],[-91.74596180101543,30.710340785643805],[-91.74585410925165,30.710198667120594],[-91.74576356113491,30.710047969749162],[-91.74569107191051,30.70989021690773],[-91.74523109548859,30.708720210485318],[-91.74517735282814,30.70855682109596],[-91.74514298559279,30.70838961459449],[-91.74512834180756,30.7082202848016],[-91.74513356969229,30.70805054703831],[-91.74515861616523,30.707882120749574],[-91.74520322738566,30.70771671208631],[-91.7452669513302,30.707555996622535],[-91.74534914237621,30.707401602382593],[-91.74544896784596,30.7072550933502],[-91.74666210412626,30.705663995232047],[-91.74748025461204,30.7031460779718],[-91.74754038333388,30.702990593373286],[-91.74761777076073,30.702840857467326],[-91.7477116868093,30.7026982827092],[-91.74782124549631,30.702564213997285],[-91.74794541329815,30.70243991598765],[-91.7480830189018,30.702326561165805],[-91.74823276425455,30.702225218787838],[-91.74839323680874,30.702136844795415],[-91.74856292284534,30.702062272799754],[-91.74874022175166,30.70200220621928],[-91.74892346111757,30.701957211645464],[-91.74911091250858,30.70192771349895],[-91.74930080776707,30.701913990026895],[-91.74949135568758,30.701916170678537],[-91.74968075890945,30.70193423488449],[-91.7498672308676,30.70196801225063],[-91.75004901264126,30.70201718416519],[-91.75022438954247,30.702081286803672],[-91.75039170728755,30.702159715503292],[-91.7505493875994,30.702251730465857],[-91.75069594309335,30.702356463735082],[-91.75082999130638,30.702472927382846],[-91.75095026773741,30.702600022827024],[-91.75105563777555,30.70273655119308],[-91.75114510740399,30.702881224621795],[-91.75121783257826,30.70303267841655],[-91.75127312719066,30.70318948391549],[-91.7523521825336,30.706887412463043]]]},"properties":{"fire_id":"F4834","date":"2026-09-27","area_ha":51.9,"cumulative_ha":51.9,"frp_sum":122.8,"n_detections":6,"first_seen":"2026-09-27","last_seen":"2026-09-27","centroid":[-91.74909,30.70693],"history":[{"date":"2026-09-27","area_ha":51.9}],"track":[[-91.74908592083007,30.706932747740186]],"growth_24h_ha":null,"speed_km_day":null,"bearing_deg":null,"direction":null}},{"type":"Feature","geometry":{"type":"Polygon","coordinates":[[[-89.99263882748654,30.825510260212027],[-89.99278246927636,30.825616410538235],[-89.9929135277334,30.825733945508794],[-89.99303078343432,30.825861771571738],[-89.99313314536114,30.82599869942181],[-89.99321966105352,30.826143455064706],[-89.9932895254724,30.82629469166954],[-89.99334208849292,30.826451002099155],[-89.99337686095619,30.82661093200154],[-89.99339351922418,30.826772993341088],[-89.99339190819465,30.826935678243213],[-89.99337204274832,30.827097473024],[-89.99333410761444,30.827256872274123],[-89.99237417811275,30.830486886022218],[-89.99231855576198,30.830642325065714],[-89.99224575133768,30.830792444598274],[-89.99215644145615,30.830935849280966],[-89.99205145616268,30.83107120618251],[-89.99193177121884,30.83119725716951],[-89.9917984990345,30.83131283060173],[-89.99165287832933,30.831416852223594],[-89.99149626261925,30.83150835515035],[-89.99133010763525,30.831586488856455],[-89.99115595779136,30.831650527082274],[-89.9909754318277,30.831699874585563],[-89.99079020776198,30.831734072675143],[-89.99060200728967,30.83175280347515],[-89.99041257977765,30.831755892880075],[-89.99022368600055,30.831743312173458],[-89.9900370817709,30.831715178294807],[-89.98985450161541,30.831671752752438],[-89.98967764264937,30.83161343919239],[-89.98950814879903,30.831540779645888],[-89.98934759551891,30.831454449490437],[-89.98919747514593,30.831355251171168],[-89.98905918302704,30.83124410674117],[-89.98893400454875,30.83112204928989],[-89.98882310318972,30.830990213339394],[-89.98872750970709,30.83084982429809],[-89.9871175509269,30.82819980319845],[-89.98703833697664,30.828052541161753],[-89.98697597065195,30.827899429262658],[-89.98693102864915,30.827741883545645],[-89.98690392650835,30.8275813610542],[-89.98689491477397,30.827419346354887],[-89.98690407668153,30.82725733780737],[-89.98693132739177,30.82709683370699],[-89.98697641477925,30.8269393184283],[-89.98703892176786,30.826786248697545],[-89.98711827019167,30.826639040121115],[-89.987213726145,30.82649905409455],[-89.98732440677234,30.826367585213006],[-89.98744928843533,30.82624584929983],[-89.98892928978742,30.824935865002526],[-89.98906924340301,30.82482350639591],[-89.98922128192253,30.82472338279876],[-89.98938395941953,30.82463644639321],[-89.98955572880665,30.824563523947976],[-89.98973495654707,30.82450530895676],[-89.98991993818774,30.82446235504399],[-89.99010891456624,30.824435070700687],[-89.99030008853747,30.82442371540018],[-89.99049164206143,30.824428397131044],[-89.99068175348926,30.824449071370164],[-89.99086861488365,30.82448554150612],[-89.9910504492092,30.824537460708772],[-89.99122552722876,30.824604335226866],[-89.991392183946,30.824685529083215],[-89.99154883443734,30.824780270121803],[-89.99263882748654,30.825510260212027]]]},"properties":{"fire_id":"F4835","date":"2026-09-27","area_ha":35.9,"cumulative_ha":35.9,"frp_sum":22.8,"n_detections":4,"first_seen":"2026-09-27","last_seen":"2026-09-27","centroid":[-89.99027,30.82796],"history":[{"date":"2026-09-27","area_ha":35.9}],"track":[[-89.99027192291962,30.827956865793336]],"growth_24h_ha":null,"speed_km_day":null,"bearing_deg":null,"direction":null}},{"type":"Feature","geometry":{"type":"Polygon","coordinates":[[[-84.30042223575222,30.83597108750083],[-84.30037569731604,30.836123430920953],[-84.30031280336486,30.83627138472325],[-84.30023410222914,30.83641365879621],[-84.3001402800839,30.836549012548378],[-84.30003215496767,30.836676265726567],[-84.29991066965118,30.836794308708292],[-84.29977688341802,30.836902112178244],[-84.29963196282847,30.836998736104785],[-84.29834195184641,30.837778747088475],[-84.29817716860119,30.837868226208723],[-84.29800286344924,30.83794325100951],[-84.29782075242709,30.83800308286718],[-84.2976326284343,30.838047132732406],[-84.29744034357968,30.838074966930016],[-84.29724579094393,30.838086311429404],[-84.29705088593865,30.838081054542776],[-84.2968575474452,30.838059248024685],[-84.29666767891952,30.83802110656273],[-84.29648314964872,30.83796700566335],[-84.29630577634461,30.837897477954566],[-84.2961373052552,30.83781320794133],[-84.29597939497047,30.837715025265602],[-84.29583360009195,30.837603896537466],[-84.29570135592682,30.837480915817604],[-84.29558396435732,30.837347293844974],[-84.29548258102461,30.83720434611608],[-84.29539820395323,30.83705347993266],[-84.29533166372808,30.836896180546006],[-84.29528361532049,30.83673399653381],[-84.29525453164399,30.836568524554057],[-84.29524469890264,30.83640139362578],[-84.29525421377792,30.836234249091415],[-84.29528298248167,30.83606873641899],[-84.29533072168391,30.835906485003232],[-84.29539696130664,30.835749092125372],[-84.29548104915564,30.835598107229217],[-84.29558215734471,30.835455016668696],[-84.29718217932313,30.83342503625942],[-84.29729828765609,30.833292298563926],[-84.2974290355491,30.833169997779738],[-84.29757315676773,30.833059318284423],[-84.29772925558659,30.832961331909512],[-84.29789582030581,30.83287698756214],[-84.29807123788967,30.832807102036693],[-84.29825380958586,30.832752352106155],[-84.29844176737404,30.832713267969027],[-84.29863329108485,30.832690228115702],[-84.29882652602309,30.83268345566367],[-84.29901960092542,30.83269301619718],[-84.29921064607787,30.83271881713227],[-84.29939781141877,30.83276060861316],[-84.29957928445131,30.83281798593145],[-84.2997533077927,30.83289039344488],[-84.29991819619008,30.832977129957236],[-84.3000723528386,30.83307735550785],[-84.30021428484356,30.83319009950482],[-84.3003426176771,30.8333142701231],[-84.30045610848948,30.833448664876627],[-84.30055365814587,30.833591982262238],[-84.30063432187238,30.833742834362464],[-84.30069731840783,30.833899760285448],[-84.30074203757279,30.834061240311694],[-84.3007680461824,30.834225710610713],[-84.30077509224542,30.834391578385205],[-84.30076310740908,30.834557237296103],[-84.30073220762544,30.83472108301891],[-84.30042223575222,30.83597108750083]]]},"properties":{"fire_id":"F4836","date":"2026-09-27","area_ha":22.3,"cumulative_ha":22.3,"frp_sum":22.8,"n_detections":3,"first_seen":"2026-09-27","last_seen":"2026-09-27","centroid":[-84.2981,30.83544],"history":[{"date":"2026-09-27","area_ha":22.3}],"track":[[-84.29809998097082,30.83543560783579]],"growth_24h_ha":null,"speed_km_day":null,"bearing_deg":null,"direction":null}},{"type":"Feature","geometry":{"type":"Polygon","coordinates":[[[-85.52672949642013,31.117361511300548],[-85.52675935760035,31.11751866228242],[-85.5267717395122,31.117677520284566],[-85.52676653159476,31.11783666814267],[-85.5267437802049,31.117994686099706],[-85.52670368820735,31.11815016447155],[-85.5266466131686,31.118301716223062],[-85.52657306417028,31.118447989342513],[-85.52648369727069,31.11858767890335],[-85.52637930965464,31.118719538706547],[-85.52518932130748,31.120079552888434],[-85.5250666469413,31.120206344485528],[-85.52493009435238,31.120322309920976],[-85.52478096449362,31.120426344337993],[-85.52462067816501,31.120517456548892],[-85.52445076247669,31.120594778479592],[-85.52427283629835,31.12065757344142],[-85.52408859483363,31.120705243150777],[-85.52389979346664,31.120737333430327],[-85.52370823103462,31.120753538536675],[-85.52351573268629,31.120753704073945],[-85.52332413248912,31.12073782846498],[-85.52313525595169,31.120706062966303],[-85.52295090262758,31.12065871022694],[-85.52277282896688,31.120596221404316],[-85.5226027315786,31.12051919186522],[-85.52244223106389,31.120428355512686],[-85.52229285657387,31.120324577792495],[-85.52215603123967,31.12020884744678],[-85.52111603402153,31.11923883603618],[-85.52099353616559,31.119112790893087],[-85.52088593587368,31.118977175206954],[-85.5207942498878,31.118833270533976],[-85.52071934454618,31.118682436754707],[-85.52066192759898,31.11852609922228],[-85.52062254152327,31.118365735292464],[-85.52060155840027,31.118202860362096],[-85.52059917640328,31.11803901354866],[-85.52061541792902,31.11787574314581],[-85.52065012939032,31.117714591992527],[-85.5207029826716,31.117557082894162],[-85.52147437065446,31.11561908237168],[-85.52200346017298,31.11375299128786],[-85.52205929868677,31.113591682561964],[-85.52213366817142,31.11343593437707],[-85.52222582786943,31.113287297851368],[-85.52233485986311,31.11314725327013],[-85.52245967821914,31.11301719534436],[-85.52259903980574,31.11289841932212],[-85.52275155667421,31.112792108090275],[-85.5229157098821,31.112699320395578],[-85.52308986461979,31.112620980301926],[-85.52327228649034,31.112557867988798],[-85.5234611587801,31.112510611982728],[-85.52365460054848,31.112479682898737],[-85.523850685357,31.112465388754263],[-85.52404746045063,31.112467871902105],[-85.52424296620123,31.11248710761308],[-85.52443525561942,31.112522904322123],[-85.52462241374052,31.11257490553588],[-85.52480257669191,31.112642593382297],[-85.52497395025215,31.112725293767394],[-85.52513482771693,31.112822183087445],[-85.52528360689419,31.112932296430007],[-85.52541880605935,31.113054537182315],[-85.52553907871153,31.113187687950994],[-85.5256432269841,31.11333042268471],[-85.52573021357587,31.113481319879302],[-85.52579917208405,31.11363887673325],[-85.525849415636,31.11380152411327],[-85.52672949642013,31.117361511300548]]]},"properties":{"fire_id":"F4837","date":"2026-09-27","area_ha":39.0,"cumulative_ha":39.0,"frp_sum":9.5,"n_detections":5,"first_seen":"2026-09-27","last_seen":"2026-09-27","centroid":[-85.52376,31.11675],"history":[{"date":"2026-09-27","area_ha":39.0}],"track":[[-85.52375947921676,31.116752982823716]],"growth_24h_ha":null,"speed_km_day":null,"bearing_deg":null,"direction":null}},{"type":"Feature","geometry":{"type":"Polygon","coordinates":[[[-83.55580825122429,31.179404739225387],[-83.5596907022999,31.180522947770612],[-83.55987162220967,31.180583679502707],[-83.56004466860175,31.18065931562843],[-83.56020816273274,31.18074912239693],[-83.56036051851073,31.18085222858493],[-83.5605002578809,31.180967633947205],[-83.56062602516384,31.181094218919117],[-83.56073660020756,31.181230755476342],[-83.56083091022558,31.181375919046967],[-83.5609080402061,31.18152830136033],[-83.56096724179147,31.181686424108022],[-83.56100794054149,31.181848753284502],[-83.56102974150994,31.18201371406837],[-83.56103243308043,31.182179706099763],[-83.5610159890237,31.182345119006023],[-83.56098056875669,31.182508348024584],[-83.56092651580035,31.182667809572013],[-83.56085435445124,31.182821956607565],[-83.56076478469888,31.182969293642902],[-83.56065867543808,31.18310839125147],[-83.56053705604188,31.18323789993767],[-83.56040110637709,31.18335656323027],[-83.56025214535853,31.1834632298739],[-83.56009161815386,31.18355686499934],[-83.55992108216239,31.183636560165144],[-83.55974219190433,31.18370154217222],[-83.55955668296694,31.183751180566606],[-83.5541965825106,31.18494120066866],[-83.55400559177106,31.18497509275676],[-83.553811615824,31.184992719893618],[-83.55361654954453,31.18499390988825],[-83.55342229846076,31.184978651116147],[-83.553230760136,31.18494709263293],[-83.55304380562882,31.184899542718064],[-83.55286326121215,31.18483646586291],[-83.55269089053053,31.184758478232766],[-83.55252837736933,31.184666341646874],[-83.55237730920513,31.184560956135705],[-83.55223916169726,31.184443351147852],[-83.55211528427272,31.184314675492747],[-83.55200688694495,31.184176186117497],[-83.55191502849524,31.184029235827236],[-83.55184060613236,31.18387526006959],[-83.55178434673108,31.183715762911632],[-83.55047444663715,31.179205743962655],[-83.55043743823872,31.179045399922142],[-83.55041878863689,31.178882748653077],[-83.55041867307192,31.178719319464225],[-83.55043709251873,31.17855664897078],[-83.5504738736821,31.178396266646807],[-83.55052867062994,31.178239680444825],[-83.55060096804999,31.17808836261798],[-83.55069008609826,31.177943735878465],[-83.55079518679422,31.177807160021697],[-83.55091528190212,31.17767991914214],[-83.55104924222438,31.177563209561526],[-83.55119580821962,31.177458128581765],[-83.55135360184522,31.177365664169557],[-83.55152113951357,31.177286685668463],[-83.55169684603966,31.17722193562653],[-83.55187906944927,31.177172022815938],[-83.55206609650851,31.177137416510107],[-83.55225616882879,31.177118442072366],[-83.55244749939598,31.177115277897435],[-83.5526382893684,31.177127953734352],[-83.55282674498602,31.177156350406946],[-83.55301109443172,31.17720020093399],[-83.55318960448668,31.17725909303905],[-83.553360596823,31.17733247302605],[-83.55352246378091,31.177419650984252],[-83.55367368348186,31.177519807273804],[-83.55381283413608,31.177632000230968],[-83.55580825122429,31.179404739225387]]]},"properties":{"fire_id":"F4838","date":"2026-09-27","area_ha":55.1,"cumulative_ha":55.1,"frp_sum":26.0,"n_detections":4,"first_seen":"2026-09-27","last_seen":"2026-09-27","centroid":[-83.55507,31.18141],"history":[{"date":"2026-09-27","area_ha":55.1}],"track":[[-83.55506763517641,31.181414797426896]],"growth_24h_ha":null,"speed_km_day":null,"bearing_deg":null,"direction":null}},{"type":"Feature","geometry":{"type":"Polygon","coordinates":[[[-83.65439371196345,31.23286846541431],[-83.65450537956127,31.23302001722766],[-83.65459757823469,31.233180821899733],[-83.65466926750614,31.233349064921434],[-83.65471963830765,31.233522847840263],[-83.6554697152648,31.236862836847617],[-83.65549671509473,31.237025714834278],[-83.65550497611011,31.237190062964455],[-83.65549441948612,31.237354315327703],[-83.6554651456933,31.237516906918028],[-83.65541743354443,31.237676288545536],[-83.65535173754229,31.23783094159759],[-83.65526868355282,31.237979392509004],[-83.65516906284525,31.238120226803147],[-83.6550538245556,31.23825210257031],[-83.65492406664521,31.23837376325503],[-83.65478102544071,31.238484049629804],[-83.65462606385455,31.23858191084194],[-83.65446065839876,31.238666414427716],[-83.65428638511538,31.238736755198293],[-83.65410490455787,31.23879226291306],[-83.65391794596657,31.23883240866677],[-83.65372729078906,31.23885680993011],[-83.65353475570267,31.238865234195075],[-83.65334217530098,31.23885760119082],[-83.65315138460946,31.238833983648632],[-83.65267137519228,31.23875398227538],[-83.65249012736838,31.238716109976814],[-83.65231387756903,31.238663811148747],[-83.65214419917665,31.238597552661926],[-83.65198260690012,31.23851792600362],[-83.65183054325146,31.23842564199674],[-83.65168936566715,31.238321524453422],[-83.6515603343898,31.23820650282004],[-83.65144460121807,31.238081603879206],[-83.65134319922511,31.237947942582643],[-83.65125703353772,31.23780671209746],[-83.65118687325825,31.237659173153972],[-83.65113334460119,31.237506642790624],[-83.64981344504814,31.232976623675473],[-83.64977574520823,31.23281305225145],[-83.6497571681282,31.23264710264291],[-83.64975789547017,31.23248039869233],[-83.64977791999844,31.232314571615056],[-83.6498170456547,31.232151244037762],[-83.64987488948121,31.23199201412123],[-83.64995088537218,31.23183843992286],[-83.65004428961713,31.231692024151766],[-83.65015418818132,31.231554199465883],[-83.65027950565218,31.231426314454634],[-83.6504190157641,31.231309620444346],[-83.65057135339838,31.231205259255617],[-83.65073502794087,31.231114252032015],[-83.65090843786693,31.231037489249868],[-83.65108988641053,31.230975722006246],[-83.65127759816465,31.230929554670805],[-83.65146973645052,31.23089943897304],[-83.6516644212857,31.23088566958315],[-83.65185974777565,31.230888381229036],[-83.65205380474868,31.230907547378337],[-83.65224469345245,31.230942980498],[-83.65243054612884,31.230994333888926],[-83.652609544286,31.231061105077735],[-83.65277993648873,31.23114264073259],[-83.6529400554933,31.2312381430549],[-83.65308833455919,31.23134667758439],[-83.65322332277822,31.231467182341408],[-83.65334369927115,31.23159847821674],[-83.65439371196345,31.23286846541431]]]},"properties":{"fire_id":"F4839","date":"2026-09-27","area_ha":34.4,"cumulative_ha":34.4,"frp_sum":14.2,"n_detections":4,"first_seen":"2026-09-27","last_seen":"2026-09-27","centroid":[-83.65265,31.23491],"history":[{"date":"2026-09-27","area_ha":34.4}],"track":[[-83.65264806787228,31.234914738352604]],"growth_24h_ha":null,"speed_km_day":null,"bearing_deg":null,"direction":null}},{"type":"Feature","geometry":{"type":"Polygon","coordinates":[[[-89.24436180310569,31.257407899913364],[-89.24457868525775,31.25961954064221],[-89.24458533301589,31.259785636003706],[-89.24457276865138,31.259951482144967],[-89.24454111424866,31.260115466039696],[-89.24449067756727,31.260275992765674],[-89.24442194905286,31.26043150101757],[-89.24433559707118,31.260580478292983],[-89.2442324614108,31.260721475604278],[-89.24411354511828,31.260853121572424],[-89.24398000474442,31.260974135766894],[-89.24383313909681,31.261083341160496],[-89.24367437660798,31.261179675578873],[-89.24350526144174,31.261262202032764],[-89.24332743847312,31.261330117832816],[-89.24314263728812,31.261382762397908],[-89.24295265535852,31.261419623681203],[-89.24275934055619,31.261440343151268],[-89.2425645731764,31.261444719279908],[-89.24237024764568,31.261432709502664],[-89.24217825409217,31.261404430632805],[-89.24199045995748,31.261360157725015],[-89.2418086918298,31.261300321399666],[-89.24163471767454,31.26122550365368],[-89.24147022963568,31.261136432199034],[-89.24131682757523,31.26103397338363],[-89.24117600351106,31.260919123763752],[-89.24104912710439,31.260793000409894],[-89.2409374323383,31.26065683004057],[-89.24084200551664,31.260511937089547],[-89.24076377470023,31.260359730822916],[-89.24070350068287,31.260201691631075],[-89.24043107825068,31.25934606606431],[-89.23945883992971,31.259287072752688],[-89.2389400503257,31.26158825430661],[-89.23889314009456,31.26175179095513],[-89.23882733303164,31.261910518660102],[-89.2387432858991,31.262062853043346],[-89.23864183754073,31.262207273535935],[-89.2385240005119,31.262342338556923],[-89.23839095097517,31.26246669990434],[-89.23824401696164,31.262579116213864],[-89.23808466511558,31.262678465351446],[-89.23791448605449,31.262763755615595],[-89.23773517849084,31.26283413563783],[-89.23754853227383,31.262888902882228],[-89.23735641052075,31.262927510659107],[-89.23716073101629,31.262949573582894],[-89.23696344706578,31.262954871419748],[-89.23676652799332,31.262943351286186],[-89.23657193948013,31.262915128177177],[-89.23638162393901,31.26287048381792],[-89.23619748112151,31.262809863851395],[-89.23602134915127,31.262733873389045],[-89.23585498617301,31.262643270969782],[-89.23570005280065,31.26253896098721],[-89.23555809553973,31.262421984660623],[-89.23543053134973,31.262293509640426],[-89.23531863350041,31.2621548183514],[-89.23522351886346,31.262007295190287],[-89.23514613676606,31.26185241270586],[-89.23508725951774,31.261691716898955],[-89.23450709170552,31.259777017319777],[-89.23288301921733,31.255770744968995],[-89.23282787512052,31.255608924295895],[-89.23279195284607,31.255443214415113],[-89.23277561150779,31.255275272466946],[-89.23277901440063,31.255106777904068],[-89.23280212737258,31.254939415696775],[-89.23284471917108,31.254774859482797],[-89.2329063637603,31.25461475483127],[-89.23298644458607,31.254460702787352],[-89.23308416074539,31.254314243862776],[-89.2331985349989,31.25417684263159],[-89.23332842354594,31.254049873085822],[-89.23347252746431,31.253934604896966],[-89.23362940570041,31.253832190720857],[-89.23379748947956,31.253743654672622],[-89.23397509799288,31.253669882087053],[-89.23416045520335,31.25361161066681],[-89.23435170760342,31.25356942310653],[-89.23454694274672,31.25354374126703],[-89.23474420836848,31.253534821957413],[-89.23785162352021,31.25352700671918],[-89.23876350183797,31.252682680393324],[-89.24027653417227,31.25062463042873],[-89.24038792104238,31.250488505156678],[-89.24051446672469,31.250362390109448],[-89.24065494312282,31.250247509144536],[-89.24080798697113,31.25014497709644],[-89.24097211306442,31.250055788959237],[-89.2411457286702,31.249980810232113],[-89.24132714898373,31.24992076852153],[-89.24151461347566,31.24987624648126],[-89.24170630297391,31.249847676159256],[-89.24190035731432,31.24983533480545],[-89.24209489338838,31.24983934218183],[-89.24228802341375,31.24985965940033],[-89.24247787324988,31.24989608930019],[-89.24266260058143,31.24994827836099],[-89.24284041279317,31.25001572013261],[-89.243009584363,31.250097760149334],[-89.24316847360438,31.250193602279733],[-89.2433155385961,31.25030231645172],[-89.24344935214437,31.250422847676777],[-89.24356861563268,31.250554026286736],[-89.24367217162455,31.25069457928327],[-89.24375901509718,31.250843142690368],[-89.2438283031968,31.25099827478962],[-89.24511837320517,31.254378256477],[-89.2451720603647,31.254548788096205],[-89.24520453578722,31.254723175766102],[-89.24521544279237,31.25489950490733],[-89.24520466149237,31.255075839614758],[-89.2451723101144,31.25525024391162],[-89.24511874370882,31.255420803004597],[-89.24436180310569,31.257407899913364]]]},"properties":{"fire_id":"F4840","date":"2026-09-27","area_ha":109.3,"cumulative_ha":109.3,"frp_sum":129.5,"n_detections":11,"first_seen":"2026-09-27","last_seen":"2026-09-27","centroid":[-89.23945,31.25654],"history":[{"date":"2026-09-27","area_ha":109.3}],"track":[[-89.23944749493633,31.256537943947166]],"growth_24h_ha":null,"speed_km_day":null,"bearing_deg":null,"direction":null}},{"type":"Feature","geometry":{"type":"Polygon","coordinates":[[[-83.69360476171794,31.308949562034783],[-83.69376185376885,31.30904219450354],[-83.69390772396413,31.309147318694357],[-83.69404101024709,31.309263953040606],[-83.69416046804302,31.30939100849915],[-83.69426498188066,31.309527298717878],[-83.69435357580882,31.309671551112007],[-83.6944254225112,31.309822418745483],[-83.6944798510337,31.30997849290692],[-83.69451635305265,31.310138316262588],[-83.69453458762466,31.31030039646351],[-83.69453438437408,31.310463220079804],[-83.69451574508793,31.31062526673231],[-83.6944788437034,31.310785023289146],[-83.69442402468768,31.310940997995022],[-83.69435179982533,31.311091734401213],[-83.69426284344289,31.311235824966055],[-83.69415798611526,31.311371924199033],[-83.69403820691241,31.31149876122569],[-83.69390462425899,31.31161515165573],[-83.69375848549174,31.311720008644034],[-83.6936011552125,31.31181235304046],[-83.69343410254545,31.311891322534276],[-83.69325888741746,31.311956179707458],[-83.69307714599009,31.312006318921654],[-83.69289057537893,31.312041271974405],[-83.69270091780324,31.312060712471972],[-83.69250994431415,31.31206445887765],[-83.68926987698208,31.31199445765037],[-83.68907568778654,31.311982081370914],[-83.6888838694326,31.311953479663508],[-83.6886962833493,31.311908930080513],[-83.68851474988767,31.31184886493274],[-83.688341030653,31.311773867093702],[-83.68817681140767,31.311684664342568],[-83.68802368571062,31.311582122300706],[-83.68788313945213,31.311467236030747],[-83.68775653643449,31.311341120379247],[-83.687645105138,31.31120499915715],[-83.6875499268011,31.31106019326288],[-83.68747192493,31.31090810786334],[-83.68741185633989,31.310750218757452],[-83.68737030381416,31.31058805805449],[-83.68734767045305,31.310423199306214],[-83.68734417576623,31.31025724223707],[-83.68735985354726,31.31009179722102],[-83.68739455155017,31.309928469654903],[-83.68744793297128,31.309768844380805],[-83.68751947972167,31.30961447030797],[-83.68760849745834,31.3094668453838],[-83.68771412232508,31.309327402059537],[-83.68867413327962,31.308187413717736],[-83.68879768068558,31.308055235264177],[-83.6889361392295,31.30793427098318],[-83.68908811605097,31.307825737699883],[-83.68925208232388,31.30773072718736],[-83.68942638863524,31.307650195185584],[-83.68960928157597,31.30758495178852],[-83.68979892137702,31.307535653296277],[-83.68999340041351,31.307502795614162],[-83.6901907623908,31.307486709265056],[-83.69038902201974,31.307487556065077],[-83.69058618498327,31.307505327496035],[-83.69078026799377,31.307539844791233],[-83.69096931873956,31.30759076073337],[-83.6911514355201,31.30765756314673],[-83.69132478637253,31.30773958004846],[-83.69360476171794,31.308949562034783]]]},"properties":{"fire_id":"F4841","date":"2026-09-27","area_ha":26.5,"cumulative_ha":26.5,"frp_sum":20.0,"n_detections":3,"first_seen":"2026-09-27","last_seen":"2026-09-27","centroid":[-83.69087,31.31003],"history":[{"date":"2026-09-27","area_ha":26.5}],"track":[[-83.69086570618367,31.310029779252453]],"growth_24h_ha":null,"speed_km_day":null,"bearing_deg":null,"direction":null}},{"type":"Feature","geometry":{"type":"Polygon","coordinates":[[[-83.96195990152057,31.41698003723009],[-83.96199784705782,31.41714202664312],[-83.96201697114283,31.41730640003715],[-83.96201708981373,31.417471577228316],[-83.96199820181363,31.417635970297376],[-83.9619604886071,31.417797998855043],[-83.96190431264009,31.417956105235287],[-83.96183021385968,31.418108769470404],[-83.96173890452708,31.41825452390405],[-83.96163126237337,31.418391967301584],[-83.9615083221642,31.41851977832201],[-83.96137126575371,31.41863672822216],[-83.9612214107237,31.41874169267068],[-83.96106019771727,31.41883366255821],[-83.96088917658844,31.418911753700108],[-83.96070999150098,31.418975215337856],[-83.96052436511987,31.4190234373579],[-83.9603340820476,31.419055956157848],[-83.96014097166412,31.419072459104456],[-83.95994689053626,31.419072787539452],[-83.95975370456539,31.419056938305328],[-83.95956327104514,31.419025063775532],[-83.95937742080218,31.41897747038944],[-83.95919794059154,31.41891461570574],[-83.95902655591605,31.41883710400293],[-83.95886491443518,31.418745680468877],[-83.95871457012286,31.418641224035817],[-83.95857696832678,31.418524738929232],[-83.95433698047302,31.41456469196345],[-83.95421328416597,31.414437095444672],[-83.95410488756623,31.41429978845995],[-83.95401283579137,31.41415409496413],[-83.95393801634174,31.41400141977105],[-83.95388115054548,31.41384323500698],[-83.95384278660688,31.413681065915227],[-83.95382329432412,31.413516476148846],[-83.95382286152781,31.41335105269315],[-83.95384149227444,31.41318639056379],[-83.95387900681163,31.413024077427416],[-83.95393504331577,31.41286567829384],[-83.95400906138484,31.412712720426725],[-83.95410034725279,31.412566678618532],[-83.95420802067478,31.412428960971805],[-83.95433104341704,31.412300895323444],[-83.95446822926932,31.41218371644325],[-83.95461825548318,31.412078554129764],[-83.95477967552597,31.411986422318442],[-83.95495093302749,31.411908209306795],[-83.95513037678484,31.411844669190874],[-83.95531627668079,31.411796414595692],[-83.95820622202372,31.411176425179985],[-83.95839680690267,31.411143913345857],[-83.95859021927953,31.411127469618926],[-83.9587845939219,31.411127252580815],[-83.95897805631922,31.411143264324572],[-83.95916874075682,31.41117535043465],[-83.95935480830514,31.4112232014756],[-83.95953446455108,31.411286355976053],[-83.95970597690022,31.41136420487817],[-83.95986769128352,31.4114559974107],[-83.96001804810726,31.4115608483283],[-83.96015559729277,31.411677746447687],[-83.96027901226059,31.41180556439839],[-83.96038710272455,31.41194306949385],[-83.96047882617232,31.412088935618478],[-83.96055329792141,31.412241756015607],[-83.96060979965395,31.41240005685361],[-83.96195990152057,31.41698003723009]]]},"properties":{"fire_id":"F4842","date":"2026-09-27","area_ha":44.8,"cumulative_ha":44.8,"frp_sum":81.8,"n_detections":3,"first_seen":"2026-09-27","last_seen":"2026-09-27","centroid":[-83.9583,31.41481],"history":[{"date":"2026-09-27","area_ha":44.8}],"track":[[-83.9582968003161,31.4148126807319]],"growth_24h_ha":null,"speed_km_day":null,"bearing_deg":null,"direction":null}},{"type":"Feature","geometry":{"type":"Polygon","coordinates":[[[-86.85913622028335,32.22696603382481],[-86.859239657052,32.22711988461313],[-86.85932333469611,32.227282017497586],[-86.85938632922786,32.22745064240081],[-86.85942794500248,32.227623897558416],[-86.85944772240421,32.22779987007349],[-86.85944544292686,32.22797661703599],[-86.85942113159257,32.22815218697412],[-86.85871121562526,32.2316621976639],[-86.8586687743706,32.231823605956386],[-86.85860770587446,32.2319807302644],[-86.85852859980314,32.232132053151155],[-86.85843222003443,32.23227611320017],[-86.85831949728382,32.232411519129876],[-86.85819152011841,32.232536963231325],[-86.85804952444592,32.23265123399872],[-86.8578948815797,32.23275322783107],[-86.85772908499513,32.23284195969182],[-86.85755373590557,32.23291657262326],[-86.85737052779677,32.23297634602416],[-86.85718123006957,32.23302070261005],[-86.85698767094861,32.233049213989595],[-86.85679171982258,32.23306160480252],[-86.8565952691865,32.23305775537932],[-86.85640021636048,32.23303770289746],[-86.85620844516212,32.23300164102204],[-86.8560218077092,32.23294991803522],[-86.85584210652887,32.23288303347193],[-86.85567107714628,32.23280163329473],[-86.85551037132088,32.23270650365426],[-86.85536154109226,32.23259856329557],[-86.85220153655091,32.23006853002215],[-86.85206960029262,32.22995229095528],[-86.85195145271595,32.229825989249704],[-86.85184817233886,32.2296907779251],[-86.8517607019401,32.229547891332686],[-86.85168983995436,32.22939863388571],[-86.851636233186,32.229244368150596],[-86.85160037090728,32.22908650240744],[-86.8515825803953,32.22892647779315],[-86.8515830239481,32.22876575514535],[-86.85160169740695,32.22860580166621],[-86.85163843019836,32.22844807752875],[-86.85194845438075,32.22738808212636],[-86.85200485925505,32.22722936515534],[-86.85207954600982,32.227076085345864],[-86.85217179024079,32.226929729188726],[-86.85228069728778,32.22679171602299],[-86.85240521091397,32.22666338427257],[-86.85254412355097,32.226545978467605],[-86.85269608801109,32.22644063717656],[-86.8528596305523,32.226348381965956],[-86.85538960143121,32.225068401877884],[-86.85555958898262,32.22499154036624],[-86.85573759170966,32.22492882467081],[-86.85592195140958,32.22488083902481],[-86.85611095067166,32.224848030441734],[-86.85630282887338,32.2248307045517],[-86.85649579857842,32.2248290227548],[-86.85668806218463,32.22484300071794],[-86.85687782866619,32.22487250822875],[-86.85706333025483,32.22491727040846],[-86.85724283890457,32.22497687027219],[-86.8574146823866,32.2250507526127],[-86.85757725986488,32.22513822917174],[-86.85772905680712,32.22523848505066],[-86.85786865909242,32.22535058630064],[-86.8579947661844,32.22547348862195],[-86.85810620324672,32.22560604709114],[-86.85913622028335,32.22696603382481]]]},"properties":{"fire_id":"F4843","date":"2026-09-27","area_ha":48.2,"cumulative_ha":48.2,"frp_sum":34.2,"n_detections":5,"first_seen":"2026-09-27","last_seen":"2026-09-27","centroid":[-86.85581,32.22883],"history":[{"date":"2026-09-27","area_ha":48.2}],"track":[[-86.85581290052076,32.2288264939788]],"growth_24h_ha":null,"speed_km_day":null,"bearing_deg":null,"direction":null}},{"type":"Feature","geometry":{"type":"Polygon","coordinates":[[[-90.38043011656563,32.40655570708708],[-90.38062427953847,32.40659393742378],[-90.38081295293132,32.40664817390853],[-90.38099426810952,32.40671787937879],[-90.38116642930142,32.4068023634646],[-90.38132773138172,32.40690078942497],[-90.38147657675745,32.40701218243399],[-90.38161149119011,32.40713543923431],[-90.3817311383968,32.407269339062665],[-90.38183433328587,32.407412555739334],[-90.38192005369628,32.40756367080167],[-90.38198745052392,32.40772118755172],[-90.38203585613475,32.40788354587917],[-90.3820647909812,32.40804913771237],[-90.38207396835625,32.40821632294472],[-90.3820632972379,32.40838344567893],[-90.38203288319552,32.40854885062765],[-90.38198302734918,32.40871089950879],[-90.38050311353201,32.412690921177095],[-90.38043519191659,32.41284625034451],[-90.38034940789824,32.41299522688617],[-90.38024659181502,32.41313640863414],[-90.38012773889999,32.413268428871504],[-90.37999399964903,32.413390009564104],[-90.37984666868516,32.41349997373393],[-90.37968717222647,32.41359725685429],[-90.3795170542795,32.41368091715631],[-90.37933796169132,32.413750144747226],[-90.3791516282054,32.41380426945173],[-90.37895985767544,32.413842767300814],[-90.37876450659994,32.413865265605],[-90.37856746614659,32.41387154656271],[-90.37837064384088,32.413861549369244],[-90.378175945096,32.4138353708055],[-90.37798525476337,32.41379326430076],[-90.37780041888232,32.41373563747904],[-90.37762322680584,32.41366304821236],[-90.37745539387578,32.41357619921914],[-90.37729854481485,32.41347593126056],[-90.37715419799684,32.41336321500004],[-90.37702375074717,32.41323914160547],[-90.37690846581593,32.413104912184714],[-90.37680945915484,32.412961826156824],[-90.3767276891159,32.4128112686717],[-90.37666394717661,32.41265469720011],[-90.37661885028132,32.41249362742349],[-90.3765928348727,32.412329618560904],[-90.37658615267095,32.4121642582745],[-90.37659886824173,32.41199914730016],[-90.37690878497538,32.40972266545183],[-90.37601285568364,32.40945275455555],[-90.37584688913493,32.40939559432984],[-90.37568767967443,32.40932620777177],[-90.37553650326089,32.40924515097314],[-90.37539457146217,32.40915307355404],[-90.37526302174433,32.40905071345602],[-90.37479302194323,32.40865070832326],[-90.37465973392614,32.408525312363395],[-90.37454202408955,32.40838938020282],[-90.37444106759965,32.40824426902021],[-90.37435787233555,32.40809142763317],[-90.37429326882932,32.40793238203176],[-90.37424790197716,32.40776872014174],[-90.37422222460494,32.407602075969706],[-90.37421649295159,32.40743411328867],[-90.3742307641158,32.40726650902632],[-90.37426489549084,32.40710093652295],[-90.37431854619341,32.40693904882498],[-90.3743911804716,32.40678246218184],[-90.37448207305822,32.40663273991033],[-90.37459031641536,32.406491376787905],[-90.37471482979825,32.40635978413034],[-90.37485437004726,32.40623927570296],[-90.37500754400078,32.40613105460597],[-90.37517282240454,32.406036201264484],[-90.37534855517856,32.405955662643564],[-90.37553298788983,32.40589024279548],[-90.3757242792655,32.40584059483359],[-90.3759205195726,32.40580721441313],[-90.3761197496805,32.40579043478353],[-90.37631998061606,32.405790423462086],[-90.37651921341649,32.40580718056185],[-90.37671545908177,32.40584053879044],[-90.37690675842778,32.40589016511995],[-90.37772721633068,32.40614132644573],[-90.38043011656563,32.40655570708708]]]},"properties":{"fire_id":"F3140","date":"2026-09-27","area_ha":42.5,"cumulative_ha":484.1,"frp_sum":50.8,"n_detections":6,"first_seen":"2026-09-14","last_seen":"2026-09-27","centroid":[-90.3784,32.40937],"history":[{"date":"2026-09-14","area_ha":155.8},{"date":"2026-09-15","area_ha":188.7},{"date":"2026-09-16","area_ha":130.7},{"date":"2026-09-17","area_ha":115.2},{"date":"2026-09-18","area_ha":28.4},{"date":"2026-09-19","area_ha":98.1},{"date":"2026-09-21","area_ha":103.2},{"date":"2026-09-23","area_ha":205.8},{"date":"2026-09-24","area_ha":286.1},{"date":"2026-09-25","area_ha":74.2},{"date":"2026-09-26","area_ha":70.9},{"date":"2026-09-27","area_ha":42.5}],"track":[[-90.36998629435678,32.40624403188833],[-90.37170936361001,32.40742722771614],[-90.38401125375371,32.4149800456076],[-90.38702705290646,32.41685266134554],[-90.38844384302021,32.417947279939675],[-90.38533779486981,32.41669482879975],[-90.38334194948753,32.41530359512127],[-90.37082832753828,32.41091466163383],[-90.3741678589747,32.4109132921871],[-90.37689105026709,32.41219492650912],[-90.37644070261729,32.41051018329177],[-90.37839514676047,32.40936538046951]],"growth_24h_ha":-28.41,"speed_km_day":0.22,"bearing_deg":231.69,"direction":"SW"}},{"type":"Feature","geometry":{"type":"Polygon","coordinates":[[[-89.52128640598895,32.435742414426635],[-89.52136711945771,32.43579711299968],[-89.5215112454906,32.435916900698864],[-89.5216401993645,32.43604829496372],[-89.52175266014434,32.43618994993348],[-89.52184747581308,32.43634041464136],[-89.52275750510405,32.43798040197972],[-89.52283056140017,32.43813059585922],[-89.52288602538023,32.43828599536673],[-89.52292338082748,32.43844515444942],[-89.52294228002454,32.438606592062435],[-89.52294254699305,32.43876880595047],[-89.52292417913533,32.438930286626665],[-89.52288734726275,32.439089531419064],[-89.52283239401042,32.43924505845428],[-89.52275983065266,32.439395420447596],[-89.52267033234887,32.43953921817148],[-89.5225647318638,32.43967511347734],[-89.52244401182071,32.439801841748945],[-89.52230929555914,32.439918223671654],[-89.52216183668263,32.44002317620817],[-89.52200300739338,32.44011572267831],[-89.52183428572249,32.44019500184899],[-89.52165724177459,32.44026027594991],[-89.52147352311503,32.44031093754027],[-89.52128483943552,32.440346515162375],[-89.52109294664112,32.44036667772977],[-89.51657285212242,32.44065668302061],[-89.51638414994166,32.44066130887478],[-89.51619576566824,32.44065102604366],[-89.51600936983554,32.44062592571145],[-89.51582661534073,32.4405862304582],[-89.5156491227848,32.44053229228568],[-89.51547846609914,32.44046458949555],[-89.51531615858657,32.44038372244723],[-89.51516363950012,32.44029040823345],[-89.51502226127931,32.44018547432045],[-89.51398887078986,32.43934243633576],[-89.51158959349219,32.43789524098743],[-89.51143819457612,32.43779427673178],[-89.5112991000813,32.43768154401465],[-89.51117360475297,32.437558092233736],[-89.51106287672857,32.43742507056316],[-89.51096794666512,32.43728371725493],[-89.51088969814674,32.43713534811146],[-89.51082885946238,32.436981344236415],[-89.51078599682926,32.4368231391775],[-89.51076150912576,32.436662205581904],[-89.5107556241824,32.436500041487434],[-89.51076839666509,32.43633815637797],[-89.51079970757053,32.436178057132636],[-89.51084926533812,32.4360212339992],[-89.5109166085679,32.4358691467231],[-89.51100111031903,32.43572321096014],[-89.51110198394888,32.435584785100176],[-89.51121829043787,32.43545515762389],[-89.51134894713223,32.43533553511054],[-89.5114927378228,32.43522703100815],[-89.51164832406639,32.435130655270676],[-89.51181425764392,32.43504730495856],[-89.51198899403992,32.434977755889896],[-89.51232029566151,32.43486196470404],[-89.51212143891554,32.434369755363846],[-89.51206681945769,32.434208538267185],[-89.51203160267252,32.43404356097346],[-89.51201613827737,32.43387646234078],[-89.51202057976806,32.43370890229135],[-89.51204488289902,32.43354254532194],[-89.51208880612786,32.43337904396924],[-89.51215191301948,32.433220022394515],[-89.51223357658603,32.43306706025023],[-89.51233298551924,32.432921676989395],[-89.51244915225298,32.43278531677295],[-89.51258092277608,32.432659334125496],[-89.51272698809754,32.43254498048142],[-89.5128858972503,32.43244339175528],[-89.51305607170457,32.43235557705971],[-89.51323582104709,32.43228240868293],[-89.51342335977112,32.43222461342519],[-89.51537332432005,32.43171462233164],[-89.51555783689606,32.43167433052585],[-89.51833778204313,32.43118433929752],[-89.51853144957751,32.431158424427416],[-89.51872720887175,32.431148509004665],[-89.51892318630124,32.431154687931254],[-89.51911750615396,32.43117690206775],[-89.51930830857964,32.43121493879947],[-89.5194937673874,32.43126843407093],[-89.51967210752119,32.431336875869924],[-89.51984162204667,32.43141960912711],[-89.52000068848636,32.431515841985004],[-89.52014778434716,32.43162465337595],[-89.52028150169185,32.43174500183662],[-89.52177150984477,32.43322498436813],[-89.52189272630791,32.43335834172608],[-89.52199750599989,32.43350116388068],[-89.52208480676721,32.43365203042023],[-89.5221537602737,32.43380944092205],[-89.52220368063978,32.43397182987343],[-89.52223407126775,32.434137582240545],[-89.52224462978506,32.43430504953005],[-89.52223525105634,32.43447256618374],[-89.52220602823401,32.43463846614343],[-89.52215725183672,32.43480109942099],[-89.52208940686472,32.434958848509005],[-89.52200316798073,32.435110144468794],[-89.5218993928037,32.435253482535515],[-89.52177911338246,32.43538743708536],[-89.52164352593368,32.435510675815934],[-89.52149397894613,32.43562197299853],[-89.52133195976947,32.435720221670344],[-89.52128640598895,32.435742414426635]]]},"properties":{"fire_id":"F4844","date":"2026-09-27","area_ha":90.0,"cumulative_ha":90.0,"frp_sum":172.5,"n_detections":11,"first_seen":"2026-09-27","last_seen":"2026-09-27","centroid":[-89.51716,32.43606],"history":[{"date":"2026-09-27","area_ha":90.0}],"track":[[-89.51715730485716,32.43606409930361]],"growth_24h_ha":null,"speed_km_day":null,"bearing_deg":null,"direction":null}},{"type":"Feature","geometry":{"type":"Polygon","coordinates":[[[-81.3785044681008,32.54047380005299],[-81.37862806054093,32.54045901208041],[-81.38141800269649,32.54019901682649],[-81.3816129418077,32.54018885602207],[-81.38180813708472,32.540194611667154],[-81.38200174057084,32.540216229271316],[-81.38219191937635,32.54025350417415],[-81.38237687302772,32.54030608348261],[-81.38255485051027,32.540373469411286],[-81.38272416684288,32.54045502399443],[-81.38288321902823,32.54054997512495],[-81.38303050122745,32.540657423863074],[-81.3831646190157,32.540776352945954],[-81.3832843025837,32.54090563641726],[-81.38338841876032,32.54104405028592],[-81.38538846324637,32.54401402348574],[-81.38547650793555,32.54416115529763],[-81.38554695577251,32.54431479180881],[-81.38559913164237,32.54447346091301],[-81.38563253549724,32.54463564227521],[-81.3856468471516,32.544799781898554],[-81.38564192935458,32.54496430701398],[-81.38561782910955,32.54512764115022],[-81.38557477722829,32.54528821923959],[-81.38551318612375,32.545444502614636],[-81.38543364586249,32.54559499375233],[-81.38533691851433,32.54573825062429],[-81.38522393085324,32.54587290051525],[-81.38509576547952,32.54599765317791],[-81.3849536504478,32.54611131319753],[-81.38479894750067,32.54621279144784],[-81.38463313902027,32.54630111552879],[-81.38445781382318,32.54637543908551],[-81.3842746519345,32.546435049919616],[-81.38408540848734,32.546479376814716],[-81.38389189690179,32.54650799501086],[-81.38369597150503,32.546520630275545],[-81.38349950975908,32.54651716153185],[-81.38330439426639,32.54649762201891],[-81.38311249472657,32.546462198973224],[-81.37522234585187,32.54466216707039],[-81.3750532140462,32.544616754361854],[-81.37405319695019,32.544306749021594],[-81.37387447283184,32.54424294709325],[-81.37370395008381,32.5441649734361],[-81.37354322602378,32.54407355845036],[-81.37339380616721,32.54396955844248],[-81.3732570901238,32.54385394760278],[-81.3731343584868,32.54372780887882],[-81.373026760838,32.54359232383011],[-81.37293530498067,32.54344876155908],[-81.3728608475013,32.54329846682216],[-81.37280408574848,32.54314284743251],[-81.37276555130404,32.542983361072096],[-81.37274560500734,32.54282150163691],[-81.3727444335793,32.5426587852435],[-81.37276204787766,32.542496736027275],[-81.37279828279958,32.54233687186628],[-81.37285279883227,32.54218069016378],[-81.37292508523721,32.54202965382291],[-81.37301446483775,32.54188517754479],[-81.37312010036517,32.54174861457833],[-81.37324100230373,32.541621244045885],[-81.37337603816104,32.54150425896341],[-81.37352394307686,32.54139875506712],[-81.37368333167095,32.54130572055159],[-81.37385271101904,32.541226026815046],[-81.37403049463526,32.54116042029851],[-81.37421501733022,32.54110951549552],[-81.37440455080565,32.541073789197206],[-81.3785044681008,32.54047380005299]]]},"properties":{"fire_id":"F4845","date":"2026-09-27","area_ha":58.8,"cumulative_ha":58.8,"frp_sum":57.5,"n_detections":5,"first_seen":"2026-09-27","last_seen":"2026-09-27","centroid":[-81.37959,32.54321],"history":[{"date":"2026-09-27","area_ha":58.8}],"track":[[-81.37959019850945,32.543209175835166]],"growth_24h_ha":null,"speed_km_day":null,"bearing_deg":null,"direction":null}},{"type":"Feature","geometry":{"type":"Polygon","coordinates":[[[-85.37602057480574,32.88126059632222],[-85.38189602220189,32.881299671797734],[-85.382088274618,32.88130861054321],[-85.38227862707717,32.88133279697463],[-85.38246534311156,32.88137201045273],[-85.38264671942001,32.88142589325459],[-85.38282110140354,32.88149395383635],[-85.38298689825706,32.881575571316674],[-85.38314259747953,32.881670001139774],[-85.38328677867055,32.881776381866736],[-85.38341812648726,32.88189374303299],[-85.38353544264366,32.88202101400018],[-85.38363765684282,32.88215703372224],[-85.38372383654213,32.88230056133596],[-85.38379319546263,32.88245028748013],[-85.38384510076462,32.88260484623942],[-85.38387907882398,32.88276282760467],[-85.38389481955652,32.88292279033546],[-85.38389217925062,32.88308327510802],[-85.38387118188237,32.88324281782824],[-85.383301255406,32.88624282655728],[-85.38326061019424,32.88640472011721],[-85.38320106597727,32.88656249882994],[-85.38312319955595,32.88671463401352],[-85.38302776526336,32.88685965165727],[-85.38291568765972,32.8869961467042],[-85.38278805257715,32.88712279666551],[-85.3826460966012,32.887238374435164],[-85.38249119509088,32.8873417601807],[-85.3753211362391,32.89166182532117],[-85.37515140929459,32.89175363542976],[-85.37497149518343,32.891830804745496],[-85.37478320602104,32.891892556004024],[-85.3745884382932,32.89193826723322],[-85.37438915375158,32.89196747801882],[-85.37418735965097,32.89197989414259],[-85.37398508852809,32.89197539054613],[-85.37378437772522,32.89195401259082],[-85.3735872488657,32.89191597560081],[-85.37339568748756,32.89186166269389],[-85.37321162304124,32.89179162092195],[-85.3730369094526,32.89170655576011],[-85.37287330644727,32.89160732400002],[-85.37272246182484,32.89149492511876],[-85.37258589486099,32.89137049121064],[-85.37246498100525,32.89123527558329],[-85.37236093802842,32.891090640132674],[-85.37227481375895,32.89093804162483],[-85.37220747553205,32.89077901702198],[-85.37215960145738,32.89061516800132],[-85.37135666607746,32.88711022024746],[-85.37127242546697,32.88695946741219],[-85.37119728852181,32.88680554365529],[-85.37114075996892,32.88664618691289],[-85.37110339253857,32.88648295567523],[-85.3710855515592,32.88631744631616],[-85.37108741138923,32.88615127748035],[-85.37110895371646,32.88598607425311],[-85.37163201994923,32.883244856848336],[-85.37118633573068,32.8813983017444],[-85.37012092189919,32.88172192507644],[-85.3668993598185,32.88458052038109],[-85.36675459964633,32.88469676405908],[-85.36659667049578,32.884800414222724],[-85.3664271424303,32.88489044040133],[-85.3662477008463,32.88496594756853],[-85.36606012971599,32.88502618504163],[-85.36586629384914,32.88507055394595],[-85.36566812035066,32.88509861316975],[-85.36546757945813,32.885110083750284],[-85.36526666495024,32.88510485164787],[-85.36506737432082,32.8850829688797],[-85.3648716889161,32.88504465300267],[-85.36468155423242,32.8849902849501],[-85.36449886057092,32.884920405243875],[-85.36432542424129,32.88483570861977],[-85.36416296950192,32.88473703711953],[-85.36401311141591,32.884625371718066],[-85.3638773397936,32.88450182256957],[-85.36375700438121,32.88436761796918],[-85.363653301443,32.88422409214027],[-85.36356726187007,32.88407267196854],[-85.36349974093433,32.88391486281526],[-85.36345140978901,32.88375223355052],[-85.36251150612388,32.879742219247156],[-85.3624835927268,32.87958288626327],[-85.36247410308593,32.87942205771051],[-85.36248312422715,32.879261210385664],[-85.36251057320278,32.879101821250146],[-85.36255619785734,32.87894535386784],[-85.36261957914695,32.87879324496671],[-85.3627001349908,32.87864689124668],[-85.36279712561921,32.87850763655572],[-85.36290966036931,32.87837675955097],[-85.3630367058654,32.87825546195917],[-85.36317709550922,32.87814485754313],[-85.36679708016536,32.875554894095174],[-85.36695724275425,32.875451480406184],[-85.3671290478153,32.87536198985709],[-85.36731076013993,32.87528732627765],[-85.36750054447643,32.875228243747394],[-85.36769648406305,32.87518533898055],[-85.36789659998378,32.87515904530056],[-85.36809887115128,32.87514962826426],[-85.36830125471523,32.87515718298034],[-85.36988064445185,32.8752826527806],[-85.37178351370002,32.87451676292789],[-85.37196334132,32.874453143955414],[-85.37214971143253,32.8744043342454],[-85.37234087378134,32.87437079218478],[-85.3762307944057,32.87385080173291],[-85.37642957410364,32.87383260061918],[-85.3766295389382,32.873830907864686],[-85.37682872101335,32.873845740128274],[-85.37702516013492,32.87387695144135],[-85.37721692309763,32.873924234644136],[-85.3774021227069,32.87398712440794],[-85.3775789363481,32.87406500181404],[-85.37774562392104,32.87415710044357],[-85.3779005449629,32.874262513919064],[-85.37804217479147,32.874380204823254],[-85.37816911950995,32.874509014907375],[-85.3782801297253,32.874647676488706],[-85.37837411284559,32.87479482492503],[-85.37845014383497,32.87494901204371],[-85.37850747432046,32.87510872039281],[-85.37854553996074,32.87527237817427],[-85.37856396600446,32.87543837471247],[-85.37856257098304,32.875605076305426],[-85.37854136850133,32.875770842303105],[-85.37850056710879,32.875934041254524],[-85.37844056825163,32.8760930669645],[-85.37836196232641,32.87624635430234],[-85.3782655228734,32.87639239460658],[-85.37815219896703,32.87652975053437],[-85.3780231058777,32.87665707020893],[-85.3778795140974,32.87677310052621],[-85.37772283683643,32.87687669948962],[-85.37755461611474,32.876966847450966],[-85.37737650758449,32.87704265714757],[-85.37719026423333,32.87710338243608],[-85.37699771912901,32.87714842563737],[-85.37546230662751,32.877439971371935],[-85.3755388966763,32.87928244464473],[-85.37602057480574,32.88126059632222]]]},"properties":{"fire_id":"F4846","date":"2026-09-27","area_ha":215.4,"cumulative_ha":215.4,"frp_sum":1280.0,"n_detections":17,"first_seen":"2026-09-27","last_seen":"2026-09-27","centroid":[-85.37335,32.8823],"history":[{"date":"2026-09-27","area_ha":215.4}],"track":[[-85.37334529920736,32.8823026168825]],"growth_24h_ha":null,"speed_km_day":null,"bearing_deg":null,"direction":null}},{"type":"Feature","geometry":{"type":"Polygon","coordinates":[[[-84.99414581156725,32.91070729098847],[-84.99434947702186,32.90982325792696],[-84.99439630162112,32.909662966686405],[-84.99446176500616,32.90950727371269],[-84.99454523607406,32.909357679719115],[-84.99464591016047,32.90921562662409],[-84.99476281679887,32.90908248365356],[-84.9948948290773,32.9089595341445],[-84.99504067450214,32.90884796317611],[-84.99519894726436,32.90874884614867],[-84.99536812178981,32.908663138419094],[-84.99554656744317,32.90859166609392],[-84.99573256424361,32.908535118067924],[-84.99592431944096,32.90849403938494],[-84.99611998479273,32.90846882598536],[-84.99631767437538,32.90845972089046],[-84.99651548275845,32.908466811860336],[-84.99671150336674,32.908490030548144],[-84.99690384685316,32.908529153158895],[-84.99709065930605,32.90858380260595],[-84.99727014011496,32.90865345214526],[-84.99744055932338,32.908737430451396],[-84.99760027430094,32.908834928087416],[-84.99774774557469,32.90894500530556],[-84.9978815516668,32.909066601103895],[-84.99800040279581,32.90919854345183],[-84.99810315330946,32.909339560585664],[-84.99818881272894,32.90948829326572],[-84.99825655529847,32.90964330787652],[-84.99830572794764,32.90980311024443],[-84.99914580971168,32.91322309747539],[-84.99917642657445,32.9133900767323],[-84.99918676703582,32.913558773328965],[-84.99917672646808,32.91372748245739],[-84.9991464062099,32.91389449917333],[-84.9990961125475,32.91405813562641],[-84.9990263536244,32.9142167381177],[-84.9989378343107,32.91436870381263],[-84.99883144908392,32.914512496940006],[-84.99870827299281,32.91464666431389],[-84.99856955079542,32.914769850020754],[-84.99841668438133,32.91488080912398],[-84.99825121860461,32.91497842024683],[-84.9980748256713,32.91506169690676],[-84.99788928823855,32.91512979748633],[-84.99461923285273,32.91616981558197],[-84.99442068137633,32.91622333171924],[-84.99421655503735,32.91625946781215],[-84.99400903938327,32.9162778369593],[-84.99380035625741,32.91627824248603],[-84.99359274000534,32.91626068005037],[-84.99338841354765,32.916225337689795],[-84.99219839079908,32.91596533300577],[-84.99200374062164,32.91591389884879],[-84.99181633126818,32.91584632919276],[-84.99163808410312,32.915763316780186],[-84.99147082654106,32.91566571267474],[-84.99131627330986,32.91555451753478],[-84.99117600886973,32.91543087135291],[-84.99105147116896,32.91529604176716],[-84.99094393690281,32.91515141106341],[-84.99085450842645,32.91499846200276],[-84.99078410245637,32.91483876261864],[-84.99073344067577,32.91467395014051],[-84.98990352229801,32.911263937519784],[-84.98987383961055,32.911101586776205],[-84.98986331991422,32.91093759715698],[-84.9898720635746,32.91077353509747],[-84.98989998695328,32.91061096771651],[-84.98994682321128,32.91045144784731],[-84.99001212486229,32.91029649920534],[-84.99009526805106,32.9101476018345],[-84.99019545851604,32.910006177970885],[-84.99031173917909,32.909873578458566],[-84.99044299928973,32.90975106984809],[-84.99058798503643,32.90963982229978],[-84.99074531152345,32.90954089840797],[-84.99091347599916,32.909455243052854],[-84.99109087220896,32.90938367437658],[-84.99127580573624,32.90932687596968],[-84.9914665101846,32.90928539034293],[-84.99166116404709,32.90925961374615],[-84.99185790810122,32.9092497923842],[-84.99205486316406,32.90925602006559],[-84.99225014803753,32.90927823730676],[-84.99244189747328,32.909316231900064],[-84.99262827998506,32.90936964094037],[-84.9928075153391,32.909437954290695],[-84.99297789155523,32.90952051945418],[-84.99313778125695,32.909616547805356],[-84.99328565721368,32.90972512212169],[-84.99342010692766,32.90984520534335],[-84.99353984612539,32.909975650477534],[-84.99414581156725,32.91070729098847]]]},"properties":{"fire_id":"F4580","date":"2026-09-27","area_ha":57.0,"cumulative_ha":164.5,"frp_sum":72.6,"n_detections":7,"first_seen":"2026-09-25","last_seen":"2026-09-27","centroid":[-84.99456,32.91245],"history":[{"date":"2026-09-25","area_ha":144.6},{"date":"2026-09-26","area_ha":74.4},{"date":"2026-09-27","area_ha":57.0}],"track":[[-84.98988233682216,32.91627897582195],[-84.99453628669136,32.91332021174184],[-84.99456039423957,32.91244797148571]],"growth_24h_ha":-17.41,"speed_km_day":0.1,"bearing_deg":174.68,"direction":"S"}},{"type":"Feature","geometry":{"type":"Polygon","coordinates":[[[-86.22562959394371,32.943159110059106],[-86.22713347362236,32.94292773854166],[-86.22732927441763,32.94290580538759],[-86.22752671222916,32.94289992608447],[-86.22772389390836,32.94291015700687],[-86.22791892876207,32.942936400054045],[-86.22810994667825,32.94297840359029],[-86.2282951160545,32.943035764857385],[-86.22847266135767,32.94310793383612],[-86.2286408801462,32.94319421851908],[-86.22879815939245,32.943293791545415],[-86.22894299094816,32.943405698132906],[-86.22907398600516,32.94352886523194],[-86.22918988841266,32.943662111813595],[-86.22928958672313,32.943804160192975],[-86.2293721248517,32.943953648279596],[-86.22943671124649,32.94410914263737],[-86.2294827264819,32.944269152228635],[-86.22950972920206,32.94443214271118],[-86.22951746035716,32.94459655115035],[-86.2295058456919,32.94476080100601],[-86.22947499646222,32.94492331725013],[-86.22942520837292,32.94508254147027],[-86.22935695874652,32.94523694681381],[-86.2292709019501,32.945385052630336],[-86.22916786312399,32.94552543867075],[-86.22904883027215,32.9456567587077],[-86.22891494479015,32.94577775344629],[-86.22876749052136,32.94588726260138],[-86.2286078814463,32.94598423602533],[-86.22843764812319,32.94606774377986],[-86.22825842300975,32.94613698505488],[-86.22807192480703,32.946191295849204],[-86.22096179269232,32.94794132714164],[-86.2207692546584,32.94798026188385],[-86.22057305912723,32.94800328233731],[-86.22037509818902,32.94801016649643],[-86.22017728096272,32.948000847971514],[-86.21998151518092,32.947975416628886],[-86.21978968878867,32.94793411772436],[-86.21960365173277,32.9478773495374],[-86.21942519811817,32.947805659529706],[-86.21925604890333,32.94771973906472],[-86.21909783530157,32.94762041673929],[-86.21895208304858,32.94750865039174],[-86.2188201976881,32.9473855178634],[-86.2187034510174,32.94725220660315],[-86.21860296882346,32.94711000221458],[-86.21851972002811,32.94696027605707],[-86.2184545073467,32.9468044720197],[-86.21840795955023,32.946644092596244],[-86.21747805778472,32.942574078411205],[-86.21745062264658,32.942410628953326],[-86.217442574087,32.94224572635343],[-86.21745398963765,32.94208096159504],[-86.2174847590409,32.94191792432305],[-86.21753458531822,32.94175818750714],[-86.2176029876399,32.94160329226613],[-86.2176893059682,32.94145473300028],[-86.2177927074288,32.941313942974254],[-86.21791219434944,32.9411822804905],[-86.21804661388751,32.94106101578568],[-86.21819466915393,32.940951318777216],[-86.21835493172595,32.94085424777759],[-86.21852585542796,32.94077073928539],[-86.21870579124761,32.940701598951705],[-86.21889300324321,32.94064749380856],[-86.21908568528897,32.940608945834825],[-86.21928197849698,32.940586326921135],[-86.21947998914743,32.940579855282664],[-86.21967780695489,32.94058959335431],[-86.21987352349394,32.94061544718838],[-86.22006525060713,32.940657167360875],[-86.22025113861743,32.940714351377345],[-86.22042939416984,32.940786447555325],[-86.22562959394371,32.943159110059106]]]},"properties":{"fire_id":"F4581","date":"2026-09-27","area_ha":59.8,"cumulative_ha":118.8,"frp_sum":29.0,"n_detections":4,"first_seen":"2026-09-25","last_seen":"2026-09-27","centroid":[-86.22263,32.94447],"history":[{"date":"2026-09-25","area_ha":56.7},{"date":"2026-09-26","area_ha":83.0},{"date":"2026-09-27","area_ha":59.8}],"track":[[-86.22671576674954,32.94452243039801],[-86.22632576139762,32.94547484098969],[-86.22263041436979,32.94446804370171]],"growth_24h_ha":-23.13,"speed_km_day":0.36,"bearing_deg":102.22,"direction":"ESE"}},{"type":"Feature","geometry":{"type":"Polygon","coordinates":[[[-85.44801148035988,33.01995739271978],[-85.44998556112543,33.02111802524596],[-85.45014299829296,33.02122067665653],[-85.45028745639885,33.021335781026444],[-85.45041751819744,33.021462209134114],[-85.4505319076579,33.02159872066249],[-85.4506295024839,33.02174397636562],[-85.4507093451259,33.021896551206304],[-85.45077065217805,33.022054948335125],[-85.45081282206733,33.02221761377449],[-85.45083544095955,33.02238295166359],[-85.45083828682365,33.022549339913986],[-85.45082133161492,33.02271514612351],[-85.4507847415549,33.02287874359122],[-85.45072887550549,33.023038527277116],[-85.4506542814528,33.02319292954937],[-85.45056169113495,33.02334043556502],[-85.45045201286675,33.02347959813326],[-85.45032632263123,33.02360905191474],[-85.45018585352513,33.023727526818455],[-85.45003198366247,33.02383386046404],[-85.44986622265405,33.02392700958753],[-85.44969019679613,33.02400606027827],[-85.44950563311325,33.02407023694685],[-85.44931434241214,33.02411890993573],[-85.44911820151279,33.024151601697945],[-85.4489191348312,33.02416799148329],[-85.44871909549488,33.02416791848574],[-85.44852004617633,33.024151383421525],[-85.44832393983263,33.02411854852202],[-85.44813270054077,33.024069735941815],[-85.44442131847441,33.02295226004416],[-85.44135056367963,33.024296696811284],[-85.44117167611759,33.02436595271505],[-85.44098551786595,33.02442035666537],[-85.44079386591396,33.024459389344614],[-85.44059854970138,33.024482678162435],[-85.44040143365238,33.02449000081286],[-85.44020439937509,33.024481287396654],[-85.44000932769686,33.02445662108875],[-85.43981808070723,33.0244162373441],[-85.43963248397957,33.024360521649754],[-85.43945430914209,33.02429000584458],[-85.4392852569638,33.024205363041744],[-85.43912694111766,33.024107401202485],[-85.43898087277599,33.02399705542254],[-85.43884844618466,33.023875379005126],[-85.43873092535465,33.023743533405245],[-85.43862943199726,33.02360277714194],[-85.43854493481872,33.023454453784026],[-85.43847824027591,33.0232999791241],[-85.43842998488154,33.02314082766343],[-85.43840062913212,33.02297851853667],[-85.43839045311644,33.02281460101076],[-85.43839955384651,33.02265063969655],[-85.43869783924526,33.02004671068364],[-85.43761437926119,33.019417762041016],[-85.4374608790612,33.01931921075134],[-85.43731944773516,33.01920886677569],[-85.43719138909219,33.01908774737484],[-85.43707788364189,33.018956969143794],[-85.43697997771231,33.018817737717],[-85.43689857380551,33.018671336652346],[-85.4368344222798,33.018519115597506],[-85.43678811443517,33.01836247784661],[-85.43676007706557,33.01820286740299],[-85.43675056852814,33.01804175566676],[-85.43675967636561,33.017880627870035],[-85.4371697665648,33.014300634218635],[-85.43719864636965,33.01413567916862],[-85.43724703210168,33.013973917130095],[-85.43731444729912,33.0138169406076],[-85.43740022817137,33.013666294985406],[-85.43750353013773,33.01352346331441],[-85.43762333614528,33.0133898517132],[-85.43775846668393,33.01326677552655],[-85.43790759139996,33.013155446377745],[-85.43806924219366,33.013056960242125],[-85.43824182767194,33.012972286659036],[-85.43842364881401,33.01290225918876],[-85.43861291569557,33.01284756720764],[-85.43880776510724,33.01280874912259],[-85.43900627889373,33.01278618707189],[-85.44143881314855,33.01261140358869],[-85.44218695587186,33.01177047745168],[-85.44230695175908,33.01164807803752],[-85.44244023281422,33.011535595440925],[-85.44258562093893,33.01143402387815],[-85.4427418310381,33.01134426112132],[-85.44290748237846,33.01126710056422],[-85.44308111079167,33.011203224210604],[-85.44326118161457,33.01115319664696],[-85.4434461032518,33.011117460053065],[-85.44363424124111,33.011096330294386],[-85.44382393269746,33.01108999413057],[-85.44401350100784,33.01109850756506],[-85.4457934637651,33.01124850477564],[-85.44598771447198,33.01127286357968],[-85.44617820125973,33.0113128113447],[-85.44636312137723,33.01136797000707],[-85.4465407247461,33.011437817547154],[-85.44670933052087,33.01152169292885],[-85.44686734299437,33.011618802354874],[-85.44701326669819,33.01172822677797],[-85.44714572055518,33.01184893059774],[-85.44726345095008,33.01197977146049],[-85.44736534359477,33.012119511069166],[-85.44745043407562,33.01226682690185],[-85.44751791698329,33.01242032472714],[-85.44756715353816,33.01257855179845],[-85.44759767763956,33.01274001060262],[-85.44760920028097,33.01290317303214],[-85.44760161228957,33.01306649484741],[-85.447574985364,33.013228430291925],[-85.44752957140008,33.01338744672215],[-85.44746580011119,33.01354203911369],[-85.44738427496516,33.01369074430614],[-85.44728576747629,33.0138321548522],[-85.4471712099063,33.013964932339626],[-85.44704168644328,33.01408782005997],[-85.44443992952385,33.01632643393545],[-85.44542157601376,33.01837141503988],[-85.44801148035988,33.01995739271978]]]},"properties":{"fire_id":"F4847","date":"2026-09-27","area_ha":120.8,"cumulative_ha":120.8,"frp_sum":392.5,"n_detections":12,"first_seen":"2026-09-27","last_seen":"2026-09-27","centroid":[-85.44287,33.0182],"history":[{"date":"2026-09-27","area_ha":120.8}],"track":[[-85.44286537834765,33.018196431232894]],"growth_24h_ha":null,"speed_km_day":null,"bearing_deg":null,"direction":null}},{"type":"Feature","geometry":{"type":"Polygon","coordinates":[[[-84.88994903195531,33.07947157185797],[-84.88732481971337,33.08592771204872],[-84.8872533488854,33.086078972662015],[-84.88716462703604,33.08622378573027],[-84.88705948438069,33.08636079601809],[-84.88693890482449,33.086488721306516],[-84.88680401675664,33.086606364393816],[-84.88665608249158,33.086712624300695],[-84.88649648645615,33.086806506575314],[-84.88632672223304,33.08688713260111],[-84.88614837858209,33.086953747820594],[-84.88596312456995,33.08700572879823],[-84.88577269394762,33.087042589055734],[-84.8855788689221,33.087063983625754],[-84.8853834634741,33.087069712280886],[-84.88518830637805,33.08705972140777],[-84.88499522408375,33.08703410450896],[-84.88480602361942,33.086993101327806],[-84.88462247567706,33.08693709560427],[-84.884446298038,33.08686661148303],[-84.88427913949407,33.08678230860732],[-84.88412256441507,33.086684975944706],[-84.87965254117108,33.08361493159066],[-84.87950822063561,33.08350563573032],[-84.87937726209063,33.08338527540367],[-84.87926088763199,33.08325497385765],[-84.87916018323473,33.08311594710915],[-84.87907608861994,33.08296949259577],[-84.87900938848725,33.08281697706659],[-84.87896070519476,33.082659823826496],[-84.87844445056596,33.08058234215691],[-84.8783642388326,33.080547417964375],[-84.87819611353316,33.08045542927348],[-84.87803983079064,33.08034999614899],[-84.87789694077206,33.08023216440898],[-84.87776886077934,33.08010310285211],[-84.87765686119124,33.07996409166276],[-84.87756205286364,33.079816509711385],[-84.87748537611306,33.079661820875906],[-84.87742759139272,33.079501559520274],[-84.87738927175313,33.07933731527418],[-84.87737079716247,33.079170717264724],[-84.87737235074226,33.0790034179566],[-84.87739391695608,33.078837076761495],[-84.87743528176856,33.078673343578444],[-84.87749603477333,33.07851384242938],[-84.87792605459946,33.077553848705854],[-84.87800471886796,33.0774016412253],[-84.8781010355091,33.07725661402486],[-84.8782140678174,33.07712017739656],[-84.87834271655599,33.076993658088654],[-84.87848573064804,33.07687828640521],[-84.87864171934376,33.07677518424353],[-84.87880916574463,33.07668535418606],[-84.87898644155365,33.07660966975225],[-84.87917182290782,33.07654886690561],[-84.87936350713929,33.076503536898166],[-84.879559630302,33.07647412052197],[-84.87975828529379,33.07646090382349],[-84.88840810160589,33.076240907943586],[-84.88860449680006,33.07624384412481],[-84.88879962145474,33.07626261499542],[-84.88899163230018,33.07629704323284],[-84.88917871547616,33.07634680360391],[-84.88935910366376,33.07641142603678],[-84.889531092778,33.07649030006085],[-84.8896930580637,33.07658268057279],[-84.88984346944245,33.0766876948744],[-84.88998090596607,33.07680435091553],[-84.89010406923975,33.076931546664674],[-84.89021179568846,33.0770680805185],[-84.89030306755033,33.077212662651995],[-84.89037702249355,33.07736392720222],[-84.89043296176546,33.07752044517064],[-84.89047035679695,33.077680737922016],[-84.89048885419984,33.07784329115245],[-84.89048827910942,33.07800656919482],[-84.8904686368408,33.07816902952615],[-84.89043011284316,33.0783291373403],[-84.89037307095221,33.078485380047745],[-84.88994903195531,33.07947157185797]]]},"properties":{"fire_id":"F4848","date":"2026-09-27","area_ha":103.8,"cumulative_ha":103.8,"frp_sum":239.5,"n_detections":7,"first_seen":"2026-09-27","last_seen":"2026-09-27","centroid":[-84.88409,33.08074],"history":[{"date":"2026-09-27","area_ha":103.8}],"track":[[-84.8840866194451,33.08074437403569]],"growth_24h_ha":null,"speed_km_day":null,"bearing_deg":null,"direction":null}},{"type":"Feature","geometry":{"type":"Polygon","coordinates":[[[-82.60809692347755,33.4781696618763],[-82.60829081143194,33.47814764689972],[-82.60848636269819,33.47814115616212],[-82.60868176207826,33.47815024991399],[-82.60887519578382,33.47817484374232],[-82.60906486826931,33.478214709353985],[-82.60924901889612,33.478269476694635],[-82.60942593827279,33.478338637383054],[-82.60959398412025,33.47842154942959],[-82.60975159651431,33.47851744319451],[-82.60989731236452,33.47862542853123],[-82.61002977899497,33.47874450304807],[-82.61014776670058,33.478873561411994],[-82.61025018016305,33.479011405607835],[-82.61033606861989,33.47915675605807],[-82.61040463469229,33.47930826349979],[-82.61045524178996,33.47946452150871],[-82.61048742002382,33.47962407955413],[-82.61106752337517,33.48370407049835],[-82.61108106599312,33.48386927737429],[-82.61107485140047,33.48403478324036],[-82.61104893992565,33.484198978132206],[-82.61100358350276,33.4843602648291],[-82.6109392232256,33.484517074391405],[-82.61085648506126,33.484667881423256],[-82.61075617376484,33.484811218911894],[-82.61063926505437,33.48494569249949],[-82.61050689612189,33.48506999404827],[-82.61036035457293,33.48518291436711],[-82.61020106590195,33.48528335497578],[-82.61003057962543,33.48537033879223],[-82.60985055420768,33.48544301963875],[-82.6096627409259,33.48550069047495],[-82.60946896683167,33.48554279027674],[-82.60927111697458,33.48556890949503],[-82.60907111606117,33.485578794040336],[-82.60887090972776,33.48557234775511],[-82.60867244560934,33.48554963334924],[-82.60847765438922,33.48551087179004],[-82.60828843101355,33.48545644015211],[-82.60810661625392,33.48538686794871],[-82.60793397879742,33.48530283197964],[-82.60777219803856,33.485205149746456],[-82.60762284774061,33.485094771498545],[-82.60748738072536,33.48497277098792],[-82.60736711474013,33.48484033502251],[-82.60726321963986,33.48469875191962],[-82.60717670600862,33.48454939897222],[-82.60710841533142,33.48439372904963],[-82.60654596395962,33.48288287617838],[-82.6036968714909,33.48202813301051],[-82.60351590310307,33.48196550819204],[-82.60334308872278,33.48188874654739],[-82.6031800404193,33.48179856414163],[-82.60302827914455,33.48169580223192],[-82.60288922054394,33.48158141941893],[-82.60276416175046,33.48145648270341],[-82.60265426928508,33.48132215753167],[-82.60256056817633,33.481179696922865],[-82.60248393240042,33.48103042977927],[-82.60242507673127,33.48087574848905],[-82.60238455007611,33.48071709593696],[-82.60236273035895,33.48055595204436],[-82.60235982099913,33.48039381996382],[-82.60237584901824,33.48023221205744],[-82.60241066479239,33.48007263578958],[-82.60246394345205,33.479916579665556],[-82.60253518791667,33.47976549934753],[-82.60262373353501,33.47962080407689],[-82.60272875428824,33.479483843530076],[-82.60284927049757,33.47935589523016],[-82.60298415796449,33.47923815263151],[-82.60313215845834,33.47913171398895],[-82.60329189145324,33.47903757211487],[-82.60346186700502,33.47895660511991],[-82.60364049964782,33.47888956822334],[-82.60382612318122,33.478837086710065],[-82.6040170062095,33.478799650098985],[-82.60809692347755,33.4781696618763]]]},"properties":{"fire_id":"F4849","date":"2026-09-27","area_ha":43.5,"cumulative_ha":43.5,"frp_sum":28.7,"n_detections":4,"first_seen":"2026-09-27","last_seen":"2026-09-27","centroid":[-82.60739,33.4814],"history":[{"date":"2026-09-27","area_ha":43.5}],"track":[[-82.60739385725662,33.48140478318494]],"growth_24h_ha":null,"speed_km_day":null,"bearing_deg":null,"direction":null}},{"type":"Feature","geometry":{"type":"Polygon","coordinates":[[[-85.93923051814778,33.585484983989936],[-85.93908920022449,33.58560381218289],[-85.93893431320029,33.58571050211238],[-85.93876738086414,33.58580400412538],[-85.93859004553002,33.585883398313086],[-85.93840405187807,33.58594790356261],[-85.93821122978788,33.585996885243034],[-85.93801347633287,33.58602986145024],[-85.93781273711278,33.586046507748776],[-85.9376109871085,33.58604666036435],[-85.93741021124748,33.58603031779545],[-85.93721238487116,33.58599764082816],[-85.93701945429692,33.58594895095382],[-85.93683331766557,33.58588472720571],[-85.93665580626376,33.5858056014452],[-85.93648866650413,33.5857123521443],[-85.93633354274168,33.58560589672564],[-85.93619196109489,33.58548728253505],[-85.93606531443083,33.58535767653631],[-85.93595484866252,33.58521835382857],[-85.93586165049261,33.585070685100426],[-85.93578663672463,33.58491612314335],[-85.93573054524629,33.58475618855793],[-85.93569392777384,33.58459245479289],[-85.93540397296292,33.582802450264325],[-85.93538728751182,33.58263885398446],[-85.93539004520959,33.58247469489356],[-85.93541221955698,33.58231154318906],[-85.93545359833547,33.582150959423956],[-85.93551378564165,33.58199447958041],[-85.9355922056783,33.58184360037843],[-85.9356881082659,33.58169976496078],[-85.93580057602114,33.581564349090286],[-85.93592853313447,33.58143864799202],[-85.93607075566187,33.58132386396587],[-85.93622588323286,33.581221094888186],[-85.93639243206252,33.5811313237121],[-85.93656880914294,33.58105540906722],[-85.93675332747871,33.58099407704828],[-85.93694422222055,33.580947914271334],[-85.93976416693832,33.58038792466483],[-85.93995879697016,33.58035746135461],[-85.94015609444764,33.58034276929902],[-85.94035418783895,33.5803439878654],[-85.94055119806376,33.58036110549455],[-85.94074525631457,33.580393959810365],[-85.94093452178048,33.5804422391599],[-85.94111719910583,33.58050548556907],[-85.94129155541789,33.5805830990864],[-85.94145593676257,33.58067434347309],[-85.94160878379192,33.580778353186005],[-85.9417486465552,33.580894141586995],[-85.94187419825276,33.581020610300946],[-85.9419842478228,33.581156559633776],[-85.94207775124099,33.581300699951555],[-85.94215382142652,33.58145166391315],[-85.94221173665964,33.581608019439784],[-85.94225094743157,33.58176828329941],[-85.9422710816611,33.58193093517621],[-85.94227194822847,33.58209443209246],[-85.94225353879288,33.5822572230453],[-85.94221602787624,33.58241776372054],[-85.94215977121195,33.58257453114279],[-85.94208530237452,33.5827260381237],[-85.94199332772169,33.58287084737113],[-85.9418847196968,33.583007585124925],[-85.9417605085551,33.5831349541905],[-85.93923051814778,33.585484983989936]]]},"properties":{"fire_id":"F4850","date":"2026-09-27","area_ha":29.1,"cumulative_ha":29.1,"frp_sum":19.3,"n_detections":3,"first_seen":"2026-09-27","last_seen":"2026-09-27","centroid":[-85.9386,33.58299],"history":[{"date":"2026-09-27","area_ha":29.1}],"track":[[-85.9386003862056,33.58298598009602]],"growth_24h_ha":null,"speed_km_day":null,"bearing_deg":null,"direction":null}},{"type":"Feature","geometry":{"type":"Polygon","coordinates":[[[-85.92996972827369,33.75882417913039],[-85.93016785107318,33.75884099295075],[-85.9303630353258,33.758873643267144],[-85.93055341792314,33.75892181841861],[-85.93073718158185,33.75898505855238],[-85.93091257218742,33.75906276001286],[-85.93107791553578,33.75915418110268],[-85.93123163331238,33.759258449161585],[-85.93137225815724,33.759374568895225],[-85.9314984476712,33.75950143187451],[-85.93160899723051,33.75963782711487],[-85.93170285148705,33.759782452634624],[-85.93177911444432,33.759933927882074],[-85.93183705801336,33.760090806912736],[-85.93187612896605,33.7602515921911],[-85.93189595422035,33.760414748885005],[-85.9318963444058,33.76057871951652],[-85.93187729567587,33.760741938829156],[-85.93183898974935,33.760902848729806],[-85.93178179218016,33.7610599131624],[-85.93170624887212,33.76121163277188],[-85.93161308087166,33.76135655921777],[-85.93150317748801,33.76149330900128],[-85.93137758780655,33.761620576673465],[-85.93123751067606,33.761737147298554],[-85.93108428326553,33.761841908053434],[-85.93091936829968,33.76193385885223],[-85.93074434009495,33.76201212189484],[-85.93056086952942,33.762075950047894],[-85.9303707080902,33.76212473397835],[-85.93017567115052,33.76215800797137],[-85.92997762063654,33.76217545437699],[-85.92977844724906,33.76217690664303],[-85.92795840830067,33.76211690549094],[-85.92791263444973,33.762114971597576],[-85.92500257239143,33.76196496872066],[-85.92480430022444,33.76194669324011],[-85.92460914769688,33.761912550199746],[-85.92441898402528,33.76186286662838],[-85.92423563063278,33.76179811840438],[-85.92406084370029,33.76171892569702],[-85.92389629734322,33.761626047025295],[-85.92374356757489,33.7615203719917],[-85.92360411721019,33.76140291276034],[-85.92347928185463,33.76127479436094],[-85.92337025711225,33.761137243912174],[-85.92327808713576,33.76099157886683],[-85.92320365462771,33.76083919439226],[-85.92314767238906,33.76068155000652],[-85.92311067649554,33.76052015559832],[-85.92309302116725,33.760356556964986],[-85.9230948753804,33.76019232100662],[-85.92311622125357,33.76002902071869],[-85.9231568542236,33.75986822012629],[-85.92321638500945,33.7597114593049],[-85.92329424334481,33.759560239630744],[-85.92338968344387,33.75941600940212],[-85.92350179114734,33.75928014996925],[-85.92362949268059,33.759153962505685],[-85.92377156493959,33.75903865554774],[-85.92392664720619,33.75893533342119],[-85.92409325418062,33.75884498566613],[-85.92426979020615,33.75876847756122],[-85.92445456455,33.7587065418379],[-85.92464580759378,33.758659771663964],[-85.92484168777911,33.75862861496364],[-85.92504032914567,33.75861337012843],[-85.9252398292942,33.75861418315979],[-85.92996972827369,33.75882417913039]]]},"properties":{"fire_id":"F4851","date":"2026-09-27","area_ha":27.4,"cumulative_ha":27.4,"frp_sum":12.6,"n_detections":3,"first_seen":"2026-09-27","last_seen":"2026-09-27","centroid":[-85.9275,33.7604],"history":[{"date":"2026-09-27","area_ha":27.4}],"track":[[-85.92749514192562,33.76039817310679]],"growth_24h_ha":null,"speed_km_day":null,"bearing_deg":null,"direction":null}},{"type":"Feature","geometry":{"type":"Polygon","coordinates":[[[-82.87150465454017,34.34075033526301],[-82.87154286076075,34.34091095310227],[-82.87156171645677,34.34107384654797],[-82.87156104202086,34.34123746503383],[-82.87154084374978,34.34140025108317],[-82.87150131378931,34.34156065513434],[-82.87144282830963,34.34171715029125],[-82.87136594392905,34.34186824685865],[-82.87127139241937,34.342012506523304],[-82.87116007374352,34.34214855604648],[-82.87103304749141,34.34227510033715],[-82.87089152279559,34.342390934781626],[-82.8707368468225,34.342494956711754],[-82.87057049194875,34.342586175903065],[-82.87039404174496,34.34266372400219],[-82.87020917589982,34.34272686279446],[-82.87001765422879,34.34277499123223],[-82.8698212999192,34.3428076511576],[-82.86962198217148,34.34282453166444],[-82.86942159840213,34.34282547205865],[-82.86922205617763,34.34281046338816],[-82.86902525505178,34.34277964852811],[-82.86883306847935,34.34273332082051],[-82.86864732597837,34.34267192128142],[-82.86846979571115,34.342596034401794],[-82.86830216764983,34.3425063825827],[-82.86814603748697,34.342403819257314],[-82.86800289144438,34.342289320765545],[-82.86787409212482,34.342163977058625],[-82.86776086554136,34.34202898132221],[-82.86766428944784,34.34188561861669],[-82.86758528308148,34.341735253643314],[-82.86649533414054,34.339345237270116],[-82.86643461992595,34.33918919672242],[-82.86639282950794,34.33902906543174],[-82.86637036109569,34.33886636969469],[-82.86624040502583,34.33719636761553],[-82.86623755495847,34.33703073438021],[-82.86625472961576,34.336865679515476],[-82.86629176130648,34.33670281337844],[-82.86634828861011,34.33654372496269],[-82.8664237599076,34.336389966396],[-82.86651743876754,34.336243037797885],[-82.86662841113477,34.3361043726449],[-82.8667555942512,34.33597532378629],[-82.86689774722187,34.335857150246675],[-82.86705348312277,34.335751004944015],[-82.86722128253258,34.33565792344302],[-82.86739950835603,34.33557881385343],[-82.8675864217945,34.3355144479717],[-82.86778019930796,34.335465453752434],[-82.86797895040297,34.335432309183126],[-82.86818073607323,34.33541533762169],[-82.868383587713,34.33541470464223],[-82.86858552631908,34.33543041642009],[-82.86878458179399,34.335462319671535],[-82.8689788121625,34.335510103149005],[-82.86916632251393,34.335573300677076],[-82.86934528348587,34.335651295699705],[-82.86951394910878,34.335743327294345],[-82.86967067383797,34.33584849759448],[-82.86981392860649,34.33596578054787],[-82.86994231574258,34.33609403192565],[-82.87005458260606,34.33623200048399],[-82.87014963381085,34.33637834017027],[-82.87022654191406,34.33653162325409],[-82.87028455646738,34.336690354255566],[-82.87150465454017,34.34075033526301]]]},"properties":{"fire_id":"F4852","date":"2026-09-27","area_ha":29.4,"cumulative_ha":29.4,"frp_sum":18.2,"n_detections":3,"first_seen":"2026-09-27","last_seen":"2026-09-27","centroid":[-82.86884,34.33913],"history":[{"date":"2026-09-27","area_ha":29.4}],"track":[[-82.86883645966701,34.33912726371622]],"growth_24h_ha":null,"speed_km_day":null,"bearing_deg":null,"direction":null}},{"type":"Feature","geometry":{"type":"Polygon","coordinates":[[[-77.275606978422,34.65303876960432],[-77.27562999177401,34.65310539899817],[-77.27566510721147,34.6532650089341],[-77.27568109171301,34.6534266301515],[-77.27567779563111,34.653588750760875],[-77.27565524967838,34.653749854192405],[-77.27561366464457,34.65390843338294],[-77.27555342942932,34.654063004874246],[-77.27547510740821,34.65421212269084],[-77.27537943116627,34.654354391867436],[-77.27526729564816,34.65448848149942],[-77.2751397497888,34.654613137194346],[-77.27499798670257,34.65472719280777],[-77.27484333252326,34.65482958135363],[-77.27467723399839,34.654919344987285],[-77.27450124495478,34.65499564396717],[-77.27431701176135,34.6550577645119],[-77.27412625792556,34.65510512547879],[-77.27393076796747,34.65513728380126],[-77.27373237072268,34.65515393863459],[-77.27353292223016,34.655154934170874],[-77.27333428836542,34.65514026109667],[-77.27313832738146,34.655110056680414],[-77.26962120307962,34.654423145749625],[-77.26934982814839,34.65487092360284],[-77.2692517128126,34.655014592986376],[-77.2691367661754,34.65514976307612],[-77.26900609261718,34.655275135093355],[-77.26886094764889,34.65538950439829],[-77.26870272584952,34.65549177206636],[-77.26853294746675,34.65558095544848],[-77.26835324380903,34.65565619761438],[-77.26816534156973,34.65571677558768],[-77.26797104623401,34.655762107293796],[-77.26777222472796,34.65579175715398],[-77.26757078747677,34.65580544027116],[-77.26736867004455,34.65580302516809],[-77.26716781453237,34.65578453505085],[-77.26697015091348,34.65575014758576],[-77.26677757848508,34.65570019319204],[-77.26413675355701,34.65489719084571],[-77.26050182085794,34.65548429562111],[-77.26030337284672,34.65550825633347],[-77.26010299982684,34.65551642700038],[-77.25990259841235,34.65550873028353],[-77.25970406548609,34.655485239035116],[-77.2595092802415,34.6554461756083],[-77.25932008639194,34.65539190975208],[-77.25913827471612,34.65532295511098],[-77.2589655661052,34.65523996436227],[-77.25880359527187,34.65514372303737],[-77.25865389527586,34.65503514208525],[-77.25851788301244,34.65491524924895],[-77.25839684580122,34.654785179336486],[-77.25829192920233,34.65464616347822],[-77.25820412617519,34.65449951747299],[-77.25813426768238,34.65434662933273],[-77.25808301482773,34.65418894614372],[-77.25805085260245,34.65402796036924],[-77.25803808529903,34.65386519572278],[-77.25804483363542,34.6537021927458],[-77.25807103361714,34.653540494226625],[-77.25874110980332,34.65054050486902],[-77.25878664761417,34.650381247602496],[-77.25885105115918,34.65022635419363],[-77.2589337077196,34.650077297993406],[-77.25903383096657,34.64993549682157],[-77.25915046844395,34.64980229948111],[-77.25928251063074,34.64967897292987],[-77.25942870149652,34.6495666902305],[-77.25958765044975,34.649466519393876],[-77.25975784556513,34.64937941322156],[-77.2599376679642,34.64930620024442],[-77.26269762383907,34.64831621822799],[-77.26290830185657,34.64825157179624],[-77.26312639383131,34.6482059879709],[-77.26731630822995,34.64752600121042],[-77.27151723972608,34.6468458495442],[-77.2717148723179,34.646821874310085],[-77.2719144311727,34.6468135643935],[-77.27211404232189,34.646820997829536],[-77.27231183130584,34.64684410481373],[-77.27250594077279,34.646882668357414],[-77.27269454791714,34.64693632632493],[-77.27287588159365,34.64700457483379],[-77.27304823894703,34.647086772985666],[-77.27321000140074,34.64718214888385],[-77.27335964985507,34.647289806880806],[-77.27349577895194,34.64740873598771],[-77.27407470387763,34.64796641063895],[-77.28137946822329,34.64877903005445],[-77.2815757384555,34.64880878916633],[-77.28176754888767,34.64885384069402],[-77.28195310138614,34.648913762300296],[-77.28213065647132,34.64898799224688],[-77.28229854962234,34.64907583465946],[-77.28245520687935,34.64917646605028],[-77.28259915959751,34.649288943036844],[-77.28272905821478,34.649412211184575],[-77.28284368490382,34.64954511489045],[-77.28294196498999,34.649686408215274],[-77.28302297702801,34.649834766562826],[-77.28308596144294,34.64998879909659],[-77.28313032765426,34.650147061777695],[-77.28315565961628,34.65030807090188],[-77.28316171972266,34.65047031700859],[-77.28314845103833,34.65063227903191],[-77.28311597783795,34.65079243856039],[-77.28306460444513,34.65094929407269],[-77.2829948123838,34.65110137501483],[-77.28290725586778,34.6512472555877],[-77.28280275567094,34.651385568115046],[-77.28268229143515,34.6515150158669],[-77.28254699248811,34.65163438521803],[-77.28239812725714,34.651742557027376],[-77.28223709137784,34.65183851713168],[-77.28206539460945,34.651921365855216],[-77.28188464667943,34.65199032644567],[-77.28169654218993,34.65204475235796],[-77.28150284472787,34.652084133316805],[-77.275606978422,34.65303876960432]]]},"properties":{"fire_id":"F4853","date":"2026-09-27","area_ha":155.1,"cumulative_ha":155.1,"frp_sum":320.7,"n_detections":12,"first_seen":"2026-09-27","last_seen":"2026-09-27","centroid":[-77.26948,34.65133],"history":[{"date":"2026-09-27","area_ha":155.1}],"track":[[-77.26948036393735,34.65132944166795]],"growth_24h_ha":null,"speed_km_day":null,"bearing_deg":null,"direction":null}},{"type":"Feature","geometry":{"type":"Polygon","coordinates":[[[-89.25616765982461,33.30001959977747],[-89.25616448481446,33.299853591584956],[-89.25618110829296,33.29968813489401],[-89.25621736764981,33.29952484696429],[-89.256272908349,33.29936532384815],[-89.25634718739873,33.29921112479032],[-89.25643947866311,33.29906375698806],[-89.25654887996332,33.298924660860266],[-89.25667432189881,33.29879519596923],[-89.2568145783022,33.298676627733315],[-89.25696827822557,33.29857011505978],[-89.25713391934102,33.29847669901867],[-89.25730988262433,33.298397292668604],[-89.25749444817853,33.29833267213374],[-89.25768581204245,33.29828346901888],[-89.26219572503689,33.297323486583885],[-89.26239014446759,33.29729041278287],[-89.26258753560913,33.29727325616523],[-89.26278600535474,33.297272181274984],[-89.26298365025507,33.29728719842103],[-89.2631785747701,33.297318163578474],[-89.26336890944505,33.29736477976955],[-89.26355282883654,33.29742659991151],[-89.26372856901692,33.297503031103616],[-89.26389444448917,33.29759334031278],[-89.26404886435029,33.2976966614027],[-89.2641903475482,33.297812003439724],[-89.26431753708584,33.29793826019543],[-89.26442921303645,33.29807422075505],[-89.26452430424494,33.29821858112983],[-89.2646018986033,33.29836995676255],[-89.26466125180141,33.29852689580551],[-89.26559132052735,33.30148688171608],[-89.26563261529874,33.30165183392014],[-89.26565375717831,33.301819384275916],[-89.26565453327972,33.30198784666955],[-89.26563493566242,33.30215552579943],[-89.26559516141695,33.30232073423663],[-89.26553561068653,33.3024818094067],[-89.26545688264515,33.30263713032132],[-89.26535976947221,33.30278513389218],[-89.26524524838415,33.302924330662115],[-89.26511447180314,33.30305331979593],[-89.26496875576187,33.30317080317912],[-89.26480956666056,33.30327559848337],[-89.26463850650991,33.30336665106652],[-89.26445729680832,33.30344304458787],[-89.26426776121554,33.303504010231336],[-89.25909766805586,33.30492403569894],[-89.2589101658465,33.30496737026181],[-89.25871851089012,33.30499560085377],[-89.25852447118713,33.305008467051444],[-89.25832983674123,33.30500585016575],[-89.25813640304361,33.304987774337185],[-89.25794595450658,33.30495440631288],[-89.2577602479993,33.304906053908304],[-89.25758099663805,33.30484316316712],[-89.25740985398028,33.30476631424589],[-89.2572483987688,33.3046762160614],[-89.25709812036648,33.30457369975003],[-89.25696040501634,33.304459710999666],[-89.25683652305356,33.30433530132476],[-89.2567276171874,33.30420161836536],[-89.2566346919612,33.304059895299226],[-89.25655860448782,33.30391143946521],[-89.25650005654558,33.30375762030257],[-89.25645958810765,33.303599856717646],[-89.25643757236469,33.3034396039946],[-89.25616765982461,33.30001959977747]]]},"properties":{"fire_id":"F4864","date":"2026-09-27","area_ha":58.8,"cumulative_ha":58.8,"frp_sum":21.1,"n_detections":4,"first_seen":"2026-09-27","last_seen":"2026-09-27","centroid":[-89.2607,33.30111],"history":[{"date":"2026-09-27","area_ha":58.8}],"track":[[-89.26070311129769,33.301105814631974]],"growth_24h_ha":null,"speed_km_day":null,"bearing_deg":null,"direction":null}},{"type":"Feature","geometry":{"type":"Polygon","coordinates":[[[-90.09307287865303,33.598157033486565],[-90.09628629695413,33.59795617878313],[-90.0964871661815,33.59795183217804],[-90.09668757528765,33.5979638573561],[-90.09688556921621,33.597992137007026],[-90.0970792164673,33.598036395251555],[-90.09726662793629,33.59809620033245],[-90.09744597533988,33.598170968825606],[-90.0976155090489,33.598259971330826],[-90.09777357515483,33.59836233958633],[-90.09791863160312,33.5984770749378],[-90.09804926323628,33.59860305807949],[-90.09816419559982,33.598739059972324],[-90.09826230737653,33.598883753832546],[-90.09834264132769,33.59903572807405],[-90.09840441363436,33.599193500078236],[-90.09844702154767,33.59935553065704],[-90.09847004927308,33.59952023906806],[-90.09847327203127,33.59968601843555],[-90.09845665825596,33.599851251426486],[-90.09842036990656,33.6000143260292],[-90.09836476089313,33.6001736512804],[-90.09797478126326,33.60111365709611],[-90.09790223214715,33.60126434652089],[-90.09781240060285,33.60140855750535],[-90.09770612472167,33.601544944475634],[-90.09758439604589,33.60167223485461],[-90.09744835031914,33.60178924093675],[-90.09729925689055,33.60189487097149],[-90.0971385068714,33.601988139351135],[-90.096967600155,33.602068175808654],[-90.09678813142057,33.60213423353894],[-90.09660177525221,33.60218569616828],[-90.09641027051147,33.602222083506454],[-90.09621540410967,33.602243056028044],[-90.09190531275779,33.602533061549906],[-90.0917010729122,33.60253830502497],[-90.09149722577857,33.60252661783133],[-90.09129582784699,33.60249811787318],[-90.0910989108943,33.6024530926673],[-90.0909084614831,33.602391996441725],[-90.09072640091716,33.60231544555293],[-90.090554565856,33.60222421226665],[-90.09039468978384,33.60211921696583],[-90.09024838552061,33.602001518864476],[-90.09011712895092,33.601872305320455],[-90.08597916147673,33.59735577360375],[-90.08279249907223,33.59756326121716],[-90.08012163690213,33.59774257414941],[-90.07994757079184,33.598881571272564],[-90.08128106432814,33.59924690063011],[-90.08146611571657,33.59930601032976],[-90.08164330794209,33.599379714081216],[-90.08181095527871,33.59946731070649],[-90.08196746278983,33.599567966855886],[-90.08211134150051,33.599680724935105],[-90.08224122256219,33.599804512213886],[-90.08235587027586,33.59993815103037],[-90.08245419384887,33.60008036999362],[-90.08253525777435,33.60022981607793],[-90.08259829073383,33.60038506749402],[-90.08264269293859,33.60054464721462],[-90.0826680418397,33.60070703702581],[-90.08267409615222,33.60087069197055],[-90.08266079815525,33.60103405504665],[-90.08262827424561,33.60119557202032],[-90.08257683373986,33.601353706212905],[-90.0825069659359,33.601506953121515],[-90.08241933546161,33.60165385473363],[-90.0823147759552,33.60179301339957],[-90.08219428213681,33.60192310513112],[-90.08205900034675,33.60204289219929],[-90.08191021764054,33.60215123491173],[-90.08174934954425,33.60224710245727],[-90.08157792658668,33.602329582714816],[-90.08139757973655,33.602397890932714],[-90.07849753139246,33.6033579079541],[-90.07825263138854,33.6034244492976],[-90.07555257924247,33.60400446002104],[-90.07535710829575,33.60403809332926],[-90.07515858267416,33.6040557550724],[-90.07495891475591,33.604057275117604],[-90.07476002792485,33.60404263882252],[-90.07456383803935,33.60401198717631],[-90.07437223497335,33.60396561544131],[-90.07418706440826,33.60390397030841],[-90.07401011005072,33.603827645593285],[-90.07384307644809,33.60373737651559],[-90.07368757256697,33.603634032615474],[-90.07354509629333,33.603518609376486],[-90.0734170200034,33.603392218634916],[-90.0733045773444,33.60325607786867],[-90.07320885135259,33.60311149846835],[-90.0731307640228,33.602959873103984],[-90.07307106743018,33.60280266230886],[-90.07303033648905,33.60264138041011],[-90.07300896341928,33.6024775809412],[-90.07300715397248,33.60231284167704],[-90.07302492545483,33.60214874943625],[-90.07306210656509,33.60198688479617],[-90.07404908971004,33.59860630047071],[-90.0720133577692,33.59798409999081],[-90.07182815455349,33.59791871632922],[-90.07165169638577,33.59783853946127],[-90.07148571350592,33.59774435556053],[-90.07133183342133,33.597637088143514],[-90.07119156494737,33.59751778901317],[-90.07106628341265,33.597387627943924],[-90.07095721717405,33.5972478812104],[-90.07086543557384,33.597099919071695],[-90.07079183845681,33.59694519233431],[-90.07073714735012,33.59678521812559],[-90.07070189839246,33.596621565017],[-90.0706864370813,33.59645583764329],[-90.07069091489005,33.5962896609686],[-90.07071528778764,33.59612466435315],[-90.07075931667521,33.59596246557766],[-90.07082256973531,33.595804654981336],[-90.07090442667031,33.59565277986942],[-90.07100408478837,33.595508329342906],[-90.07340412524302,33.59239836124732],[-90.07351338652306,33.59227036615095],[-90.07363662310213,33.59215132775148],[-90.0737727629351,33.592042281519454],[-90.07392062175172,33.59194417600359],[-90.0740789133584,33.59185786458073],[-90.07424626082602,33.59178409803379],[-90.07442120846625,33.59172351802185],[-90.07460223449253,33.59167665149959],[-90.07948214047606,33.59061667107553],[-90.07967259458076,33.59058324937711],[-90.0798660483487,33.590565007360155],[-90.08006072937053,33.59056211215775],[-90.080254853995,33.590574590295645],[-90.08044664366751,33.59060232744938],[-90.08063434122214,33.59064506949154],[-90.08159432380111,33.590905064774],[-90.08177010520632,33.59096022129158],[-90.08193896303975,33.59102853809043],[-90.08209945413451,33.59110943129599],[-90.08225020681834,33.5912022095468],[-90.08238993263562,33.59130607990235],[-90.08251743735893,33.59142015461918],[-90.08263163119562,33.59154345873709],[-90.0839677519905,33.593133424974226],[-90.08711596330932,33.59293618873892],[-90.08731902287631,33.592931856894594],[-90.0875215936698,33.592944257397164],[-90.08772165599417,33.59297326660884],[-90.08791721515921,33.59301859529642],[-90.08810632136436,33.5930797915145],[-90.08828708913565,33.59315624511097],[-90.08845771612182,33.59324719380931],[-90.08861650106262,33.59335173080787],[-90.0887618607497,33.593468813819676],[-90.08889234581171,33.59359727546326],[-90.09307287865303,33.598157033486565]]]},"properties":{"fire_id":"F4854","date":"2026-09-27","area_ha":202.7,"cumulative_ha":202.7,"frp_sum":314.2,"n_detections":21,"first_seen":"2026-09-27","last_seen":"2026-09-27","centroid":[-90.08249,33.59738],"history":[{"date":"2026-09-27","area_ha":202.7}],"track":[[-90.08248614003485,33.59738025650622]],"growth_24h_ha":null,"speed_km_day":null,"bearing_deg":null,"direction":null}},{"type":"Feature","geometry":{"type":"Polygon","coordinates":[[[-81.437871430371,40.75140544528693],[-81.43805740104501,40.751324467728836],[-81.43825290973868,40.75125721249991],[-81.43845615053465,40.751204300827396],[-81.43866524610904,40.75116622144784],[-81.43887826506912,40.751143326093576],[-81.43909323979,40.751135826244585],[-81.43930818458546,40.75114379117544],[-81.4395211140457,40.75116714731569],[-81.43973006137234,40.75120567892917],[-81.43993309654171,40.751259030106304],[-81.44012834412887,40.75132670805093],[-81.44031400062785,40.751408087631084],[-81.44048835110809,40.751502417152295],[-81.44064978505361,40.75160882529937],[-81.44079681123853,40.75172632918344],[-81.4409280715015,40.75185384341918],[-81.44104235329219,40.7519901901491],[-81.4411386008734,40.75213410992201],[-81.4412159250757,40.752284273325444],[-81.44240599675776,40.75497425238219],[-81.44246358189983,40.75512892302178],[-81.44250108609526,40.75528700643359],[-81.4425181643071,40.75544704882604],[-81.44251465933871,40.75560757838165],[-81.4424906032845,40.75576711879228],[-81.44244621723988,40.755924202836084],[-81.44238190927295,40.75607738587114],[-81.44229827067635,40.75622525912207],[-81.44219607053364,40.75636646263662],[-81.44207624865001,40.75649969779422],[-81.4419399069122,40.75662373925017],[-81.44178829915687,40.756737446206465],[-81.4416228196408,40.75683977290502],[-81.44144499021857,40.75692977824705],[-81.44125644634599,40.7570066344497],[-81.43929641454048,40.75771665029282],[-81.4390797827253,40.757784872408564],[-81.43885477842684,40.75783574088219],[-81.43862388108442,40.757868695162145],[-81.43838963508956,40.75788337210389],[-81.43815462174237,40.75787960997254],[-81.4379214308007,40.75785745022553],[-81.43304132134864,40.7571974341217],[-81.4328244707335,40.757159691771115],[-81.43261370541217,40.7571060362844],[-81.43241110905093,40.75703699811587],[-81.43221868453976,40.756953259795864],[-81.4320383341886,40.756855649181645],[-81.4318718409189,40.75674513127146],[-81.43172085063631,40.75662279866261],[-81.43158685595931,40.7564898607482],[-81.43147118146418,40.756347631758985],[-81.43137497059243,40.75619751776925],[-81.43129917435012,40.75604100279467],[-81.43124454191025,40.75587963412007],[-81.43121161321152,40.75571500700204],[-81.43120071362607,40.75554874889774],[-81.43121195074879,40.75538250337568],[-81.43124521333979,40.75521791386793],[-81.43130017243014,40.75505660742406],[-81.43137628457977,40.75490017862725],[-81.43147279725504,40.754750173832356],[-81.43158875627275,40.75460807588047],[-81.4317230152365,40.7544752894422],[-81.43187424687248,40.75435312713373],[-81.43204095615194,40.75424279654315],[-81.43222149507089,40.75414538829505],[-81.437871430371,40.75140544528693]]]},"properties":{"fire_id":"F4763","date":"2026-09-27","area_ha":49.6,"cumulative_ha":58.3,"frp_sum":5.1,"n_detections":4,"first_seen":"2026-09-26","last_seen":"2026-09-27","centroid":[-81.4373,40.75485],"history":[{"date":"2026-09-26","area_ha":46.9},{"date":"2026-09-27","area_ha":49.6}],"track":[[-81.43710041861384,40.75455634504041],[-81.4372996623001,40.75484595641126]],"growth_24h_ha":2.77,"speed_km_day":0.04,"bearing_deg":324.0,"direction":"NW"}},{"type":"Feature","geometry":{"type":"Polygon","coordinates":[[[-87.86212612658534,41.17784665808134],[-87.86234897396055,41.17781342786017],[-87.86257519094553,41.177797061146215],[-87.86280247481145,41.17779772454021],[-87.86302851197168,41.177815411289345],[-87.86325100152746,41.17784994135587],[-87.86346767868461,41.17790096324955],[-87.86367633780297,41.177967957604544],[-87.86387485484441,41.17805024246522],[-87.86406120899098,41.17814698022648],[-87.8642335032134,41.17825718615835],[-87.86438998358041,41.178379738428085],[-87.86452905711295,41.178513389517825],[-87.86464930800095,41.17865677892167],[-87.86474951201791,41.17880844699321],[-87.86482864898659,41.178966849802165],[-87.86488591316832,41.17913037484976],[-87.86492072147063,41.17929735748213],[-87.86538082501158,41.182597348915195],[-87.86539278571034,41.182759424828376],[-87.86538358437438,41.18292160029056],[-87.8653533072938,41.183082351865636],[-87.86530223874345,41.18324016948211],[-87.86523085831776,41.18339357061896],[-87.86513983643044,41.183541114233066],[-87.86503002802111,41.1836814142971],[-87.86490246452773,41.183813152821386],[-87.8647583442003,41.18393509223633],[-87.86459902084646,41.18404608702],[-87.86442599111507,41.18414509446096],[-87.86424088043658,41.184231184455314],[-87.86404542775293,41.18430354824598],[-87.8638414691799,41.18436150602174],[-87.863630920756,41.18440451330511],[-87.86341576043958,41.18443216606828],[-87.8631980095238,41.1844442045296],[-87.86297971364401,41.184440515594616],[-87.86276292355628,41.18442113391878],[-87.86254967586765,41.18438624158176],[-87.86234197389965,41.18433616637659],[-87.8621417688645,41.18427137872952],[-87.86195094153179,41.18419248727972],[-87.86177128455716,41.18410023316031],[-87.86160448563983,41.183995483034536],[-87.86145211166684,41.18387922095261],[-87.85979928637248,41.1824892373513],[-87.85855285020996,41.18345161427687],[-87.85839163718452,41.18356442445686],[-87.85821630691474,41.183664926115384],[-87.85802855277781,41.18375214855018],[-87.85783018816836,41.18382524931382],[-87.85762312898221,41.18388352235199],[-87.85740937510914,41.18392640482444],[-87.85719099111355,41.18395348254249],[-87.85697008628992,41.18396449397025],[-87.85674879428572,41.18395933275145],[-87.85652925248885,41.183938048736884],[-87.85631358137893,41.18390084750274],[-87.85610386404214,41.183848088364634],[-87.85590212604751,41.1837802809063],[-87.8557103158793,41.183698080056665],[-87.85553028611484,41.183602279762724],[-87.85536377552926,41.18349380531971],[-87.85521239230061,41.18337370443242],[-87.85507759847735,41.183243137094095],[-87.85496069585821,41.18310336438106],[-87.85486281342101,41.1829557362709],[-87.85478489642146,41.182801678602395],[-87.8547276972676,41.18264267930296],[-87.8546917682573,41.182480274016626],[-87.85467745624929,41.18231603127184],[-87.85468489931876,41.18215153733169],[-87.8547140254295,41.1819883808736],[-87.85476455313558,41.181828137646036],[-87.85483599430512,41.181672355250534],[-87.85586604250342,41.17974237317474],[-87.85595375158616,41.17959827943087],[-87.85605935294909,41.17946097922339],[-87.85618190471145,41.1793316970275],[-87.85632031384213,41.17921158580483],[-87.8564733459097,41.1791017167228],[-87.85663963609235,41.17900306960285],[-87.85681770135012,41.17891652418408],[-87.85700595365024,41.17884285227883],[-87.85720271412842,41.178782710891056],[-87.85740622805902,41.17873663635828],[-87.86212612658534,41.17784665808134]]]},"properties":{"fire_id":"F4671","date":"2026-09-27","area_ha":49.4,"cumulative_ha":77.4,"frp_sum":13.6,"n_detections":5,"first_seen":"2026-09-26","last_seen":"2026-09-27","centroid":[-87.86046,41.18115],"history":[{"date":"2026-09-26","area_ha":64.5},{"date":"2026-09-27","area_ha":49.4}],"track":[[-87.85836958453393,41.18044306455549],[-87.86045707710197,41.18114563150812]],"growth_24h_ha":-15.14,"speed_km_day":0.19,"bearing_deg":289.45,"direction":"WNW"}},{"type":"Feature","geometry":{"type":"Polygon","coordinates":[[[-101.61970052531201,47.30634732784471],[-101.62333013306053,47.3078321459718],[-101.62353225529813,47.307924374976885],[-101.62372022743827,47.30802981962533],[-101.62389223041637,47.308147459550945],[-101.62404659967405,47.30827615636936],[-101.62418184126767,47.30841466469157],[-101.6242966463274,47.30856164417359],[-101.62438990372644,47.30871567248453],[-101.62446071083784,47.30887525906915],[-101.62450838227463,47.30903885957029],[-101.62453245652846,47.309204890772925],[-101.62453270044234,47.3093717459245],[-101.62450911147394,47.30953781028386],[-101.62446191772712,47.309701476747655],[-101.62439157575145,47.309861161403894],[-101.62429876613037,47.310015318861275],[-101.62418438690072,47.31016245720632],[-101.62404954486696,47.31030115244363],[-101.62389554489394,47.310430062278755],[-101.62372387728176,47.310547939111395],[-101.62353620334473,47.31065364211153],[-101.62333433933402,47.31074614826304],[-101.62312023885946,47.31082456226678],[-101.62289597398076,47.31088812520748],[-101.62266371515129,47.31093622190068],[-101.62242571020847,47.31096838684828],[-101.62218426261441,47.31098430874497],[-101.61698649729561,47.311150094589856],[-101.61467738878085,47.31139614754516],[-101.61443949368957,47.31141341687211],[-101.61420028546772,47.31141474591561],[-101.61396201591349,47.31140012216448],[-101.61372692798689,47.31136968328242],[-101.61349723469064,47.31132371581175],[-101.61327509823349,47.311262652475335],[-101.6130626096722,47.311187068101844],[-101.61286176922408,47.31109767421315],[-101.61267446743544,47.3109953123247],[-101.61250246738362,47.31088094602183],[-101.61234738807998,47.310755651887156],[-101.61221068923011,47.310620609364136],[-101.61209365749505,47.31047708965237],[-101.6119973943824,47.31032644373957],[-101.61192280588142,47.310170089682494],[-101.61187059393964,47.310009499257006],[-101.61184124986077,47.30984618410308],[-101.61183504968608,47.30968168149455],[-101.6119651989115,47.30572168432976],[-101.61198292298101,47.30555344728931],[-101.6120248493464,47.30538725343485],[-101.61209056316302,47.30522474646027],[-101.61217941433533,47.30506753358078],[-101.61229052395281,47.304917169638344],[-101.61242279298828,47.304775141725905],[-101.61257491317205,47.30464285448187],[-101.61274537993431,47.304521616200795],[-101.61293250728751,47.304412625896525],[-101.61313444450184,47.304316961446915],[-101.61334919440824,47.304235568936036],[-101.6135746331487,47.30416925330016],[-101.61380853117791,47.30411867036913],[-101.61404857530928,47.30408432038225],[-101.61429239158714,47.3040665430425],[-101.61453756875927,47.30406551415801],[-101.61478168211781,47.304081243903866],[-101.61502231747318,47.30411357672157],[-101.61525709502405,47.30416219285689],[-101.61548369288762,47.30422661152132],[-101.61569987005771,47.30430619564544],[-101.6159034885639,47.304400158177536],[-101.61970052531201,47.30634732784471]]]},"properties":{"fire_id":"F4865","date":"2026-09-27","area_ha":55.4,"cumulative_ha":55.4,"frp_sum":92.6,"n_detections":5,"first_seen":"2026-09-27","last_seen":"2026-09-27","centroid":[-101.61717,47.30825],"history":[{"date":"2026-09-27","area_ha":55.4}],"track":[[-101.61717098487114,47.308248695069416]],"growth_24h_ha":null,"speed_km_day":null,"bearing_deg":null,"direction":null}},{"type":"Feature","geometry":{"type":"Polygon","coordinates":[[[-99.68525029833017,25.23066924132997],[-99.68533393932687,25.230819738249178],[-99.68540118560817,25.230977191712856],[-99.68545137846702,25.231140059593706],[-99.68548402621073,25.231306746728563],[-99.68549880898016,25.23147562054112],[-99.68549558188627,25.231645027031625],[-99.68547437643325,25.231813306976242],[-99.68543540021392,25.231978812178326],[-99.68537903488048,25.232139921611477],[-99.6853058324101,25.232295057297193],[-99.68521650970192,25.232442699760668],[-99.68511194155826,25.23258140291418],[-99.68499315211866,25.23270980822159],[-99.6848613048304,25.232826658005596],[-99.68471769105395,25.232930807767083],[-99.68456371741476,25.233021237396176],[-99.68440089202541,25.233097061164663],[-99.68423080971277,25.233157536402473],[-99.6840551363955,25.233202070772588],[-99.68387559276437,25.233230228073516],[-99.67968551332872,25.233690234365287],[-99.679503516432,25.233701737128925],[-99.67932119001925,25.233696411683397],[-99.67914032662821,25.233674310384806],[-99.6789627044105,25.233635650517826],[-99.6787900696468,25.233580812159357],[-99.67862411957572,25.23351033444123],[-99.67846648570514,25.23342491024938],[-99.67831871777042,25.233325379411074],[-99.67818226849698,25.23321272043747],[-99.67805847931746,25.233088040902675],[-99.67794856718378,25.23295256655404],[-99.67785361260366,25.23280762926048],[-99.67777454901939,25.232654653917766],[-99.67771215363314,25.232495144439316],[-99.67766703976878,25.23233066897025],[-99.67763965084558,25.232162844470317],[-99.67763025602255,25.231993320816986],[-99.67763894755622,25.231823764585354],[-99.67766563989767,25.231655842663873],[-99.67771007053773,25.2314912058677],[-99.67777180259145,25.2313314727099],[-99.67785022909673,25.231178213490622],[-99.67794457898445,25.23103293486062],[-99.67805392466128,25.230897065010424],[-99.67817719113071,25.230771939631143],[-99.67831316656239,25.230658788784748],[-99.67846051420584,25.23055872481275],[-99.67861778553146,25.230472731402237],[-99.67878343446974,25.230401653916555],[-99.67895583260842,25.230346191085886],[-99.67913328519876,25.230306888139012],[-99.683173210977,25.229606897616122],[-99.68334531806205,25.229584838286616],[-99.68351889369006,25.229577985278713],[-99.68369239000906,25.229586399704793],[-99.68386425987416,25.22961000652839],[-99.68403297064181,25.229648595233222],[-99.68419701783478,25.229701821700385],[-99.6843549385562,25.229769211276537],[-99.6845053245332,25.229850163006336],[-99.68464683467364,25.22994395499083],[-99.68477820702445,25.23004975082449],[-99.6848982700245,25.230166607053174],[-99.68500595295225,25.23029348158683],[-99.68510029547438,25.230429242991715],[-99.68525029833017,25.23066924132997]]]},"properties":{"fire_id":"F4866","date":"2026-09-27","area_ha":28.1,"cumulative_ha":28.1,"frp_sum":19.6,"n_detections":3,"first_seen":"2026-09-27","last_seen":"2026-09-27","centroid":[-99.6816,25.2317],"history":[{"date":"2026-09-27","area_ha":28.1}],"track":[[-99.68160482235274,25.231695723063016]],"growth_24h_ha":null,"speed_km_day":null,"bearing_deg":null,"direction":null}},{"type":"Feature","geometry":{"type":"Polygon","coordinates":[[[-91.25485576559977,30.256814586503086],[-91.2547602115888,30.256961330613393],[-91.25464823877759,30.25709910720702],[-91.2545209611643,30.25722654547929],[-91.2543796450404,30.25734237748141],[-91.25422569639274,30.25744545073714],[-91.25406064691487,30.257534739710692],[-91.25388613876677,30.25760935601152],[-91.25370390823463,30.25766855723466],[-91.25351576845335,30.257711754348428],[-91.25332359136375,30.257738517555754],[-91.25312928908423,30.257748580571285],[-91.25293479488225,30.2577418432712],[-91.25274204393517,30.2577183726895],[-91.25255295407223,30.25767840235102],[-91.25236940668898,30.257622329947537],[-91.25219322802499,30.25755071338028],[-91.25202617099036,30.25746426520826],[-91.25186989772283,30.257363845557585],[-91.25172596304854,30.25725045356239],[-91.25159579901147,30.25712521742272],[-91.25148070062531,30.256989383178173],[-91.25138181298958,30.256844302309098],[-91.25130011989835,30.256691418288998],[-91.25123643405445,30.25653225222154],[-91.25119138898685,30.2563683877056],[-91.25116543275129,30.256201455078735],[-91.25115882347667,30.256033115195883],[-91.25117162680138,30.255865042904695],[-91.25120371522506,30.255698910382137],[-91.25228380945725,30.25142892576371],[-91.252335275184,30.25126528041852],[-91.25240544844655,30.25110692778694],[-91.25249362134419,30.250955465082026],[-91.25259890443886,30.250812420015],[-91.2527202357294,30.250679235387178],[-91.25285639136568,30.25055725453865],[-91.25300599799422,30.250447707800074],[-91.2531675466108,30.25035170008468],[-91.25333940778044,30.250270199745042],[-91.25351984807119,30.250204028807328],[-91.25370704753583,30.25015385468134],[-91.25389911806562,30.250120183429736],[-91.25409412243101,30.25010335466473],[-91.2542900938171,30.250103538123053],[-91.25564006620752,30.2501635371137],[-91.25583244671955,30.250180388333074],[-91.25602195560619,30.250213634684613],[-91.25620673201493,30.25026294970836],[-91.2563849615548,30.25032784915862],[-91.25655489410958,30.2504076957583],[-91.25671486102078,30.25050170545593],[-91.25686329147103,30.25060895512332],[-91.25699872790784,30.250728391619386],[-91.25711984035577,30.250858842130086],[-91.2572254394767,30.250999025683857],[-91.25731448825005,30.251147565729003],[-91.25738611215804,30.251303003649813],[-91.25743960777608,30.25146381308872],[-91.2574744496835,30.251628414933926],[-91.25749029562712,30.251795192825178],[-91.25748698988637,30.25196250902581],[-91.25746456480697,30.252128720504754],[-91.25742324048777,30.252292195071178],[-91.25736342262397,30.252451327402717],[-91.2572856985273,30.252604554810272],[-91.25485576559977,30.256814586503086]]]},"properties":{"fire_id":"F4868","date":"2026-09-27","area_ha":35.5,"cumulative_ha":35.5,"frp_sum":12.4,"n_detections":3,"first_seen":"2026-09-27","last_seen":"2026-09-27","centroid":[-91.25412,30.25368],"history":[{"date":"2026-09-27","area_ha":35.5}],"track":[[-91.2541208156703,30.253681656832036]],"growth_24h_ha":null,"speed_km_day":null,"bearing_deg":null,"direction":null}},{"type":"Feature","geometry":{"type":"Polygon","coordinates":[[[-91.74389444208838,30.745191600538085],[-91.74444404347439,30.750057041472264],[-91.7444532264018,30.75022172016145],[-91.7444436565451,30.750386382529154],[-91.74441542520324,30.750549455712704],[-91.74436880193443,30.750709382021608],[-91.74430423198547,30.750864633817166],[-91.74422233204245,30.751013728105047],[-91.74412388434365,30.751155240702147],[-91.74400982921011,30.751287819841316],[-91.7438812560659,30.75141019908505],[-91.74373939303305,30.75152120942387],[-91.74358559520101,30.75161979044431],[-91.74342133168234,30.751705000459488],[-91.7432481715786,30.751776025505755],[-91.74306776899009,30.75183218711877],[-91.7428818472133,30.751872948815738],[-91.74269218227647,30.75189792122064],[-91.74250058597129,30.751906865784395],[-91.74230888854244,30.75189969706398],[-91.74211892120073,30.75187648353867],[-91.74193249862714,30.75183744695581],[-91.7417514016347,30.75178296021237],[-91.7415773601544,30.751713543792075],[-91.74141203670733,30.751629860793027],[-91.74125701052166,30.75153271059244],[-91.74111376244556,30.751423021209682],[-91.73860376119755,30.74930299525228],[-91.7384704231689,30.749178467678547],[-91.73835227570909,30.749043088066724],[-91.73825050763108,30.74889821870281],[-91.73816614290928,30.748745317359216],[-91.73810003037802,30.748585922624486],[-91.73805283519351,30.748421638420144],[-91.73802503214448,30.748254117860238],[-91.73751872879372,30.743511338480708],[-91.73291480653465,30.727525291295795],[-91.73287828432515,30.727365881949357],[-91.73285977255738,30.727204192035774],[-91.73285944283019,30.727041721308684],[-91.73287729809377,30.726879976756756],[-91.73291317262634,30.72672045862563],[-91.73296673357521,30.726564646502805],[-91.7330374840479,30.726413985594277],[-91.73312476772433,30.726269873320422],[-91.73322777494741,30.726133646355247],[-91.73334555023523,30.726006568229412],[-91.73347700114526,30.725889817611623],[-91.73362090840807,30.725784477377402],[-91.73377593723683,30.725691524566283],[-91.73394064970728,30.725611821320886],[-91.73411351809382,30.725546106891343],[-91.7342929390378,30.72549499077979],[-91.73767287702516,30.7246850041634],[-91.73785813309345,30.724648810122847],[-91.73804659235081,30.7246281815876],[-91.73823648899014,30.724623311842702],[-91.73842604373904,30.72463424651661],[-91.73861348052792,30.724660883153774],[-91.73879704312813,30.724702972174416],[-91.73897501160452,30.72476011921274],[-91.73914571842802,30.724831788811507],[-91.7393075640978,30.724917309438393],[-91.73945903212642,30.72501587977736],[-91.73959870324798,30.725126576235862],[-91.73972526871576,30.725248361597654],[-91.73983754256535,30.725380094740505],[-91.73993447272778,30.725520541327136],[-91.74001515088898,30.725668385370067],[-91.74212523231523,30.73007835659613],[-91.74218951294411,30.73023392952115],[-91.74223579334188,30.73039415773635],[-91.74226363016963,30.730557506716156],[-91.74227275671863,30.7307224120394],[-91.74226308546871,30.730887294371644],[-91.74223470893088,30.731050574590704],[-91.74218789876556,30.731210688910462],[-91.74212310318512,30.731366103858136],[-91.74204094266486,30.731515330961294],[-91.74194220400402,30.73165694100445],[-91.74182783279325,30.73178957771814],[-91.74169892436034,30.73191197076962],[-91.74155671328135,30.732022947930638],[-91.74140256155724,30.732121446305662],[-91.74123794556913,30.732206522513053],[-91.74106444193748,30.732277361721575],[-91.74097635938334,30.73230461744576],[-91.74331974007752,30.740045234898286],[-91.74335371136388,30.740179732119064],[-91.7433748115829,30.740316161494004],[-91.74389444208838,30.745191600538085]]]},"properties":{"fire_id":"F4869","date":"2026-09-27","area_ha":188.4,"cumulative_ha":188.4,"frp_sum":183.3,"n_detections":9,"first_seen":"2026-09-27","last_seen":"2026-09-27","centroid":[-91.73917,30.73743],"history":[{"date":"2026-09-27","area_ha":188.4}],"track":[[-91.73917174260096,30.737425143806885]],"growth_24h_ha":null,"speed_km_day":null,"bearing_deg":null,"direction":null}},{"type":"Feature","geometry":{"type":"Polygon","coordinates":[[[-91.84613886224244,30.862766841050178],[-91.84608713596519,30.862927919366307],[-91.84601708434633,30.863083816494896],[-91.84592939481921,30.8632330023569],[-91.84582492794159,30.8633740127352],[-91.84570470895243,30.863505463646668],[-91.84556991771164,30.8636260649267],[-91.84542187712152,30.86373463289305],[-91.84526204014328,30.863830101964844],[-91.84509197553629,30.863911535122245],[-91.84491335245986,30.863978133104393],[-91.84472792408893,30.864029242255267],[-91.84453751040435,30.864064360940002],[-91.84434398032691,30.864083144469262],[-91.84414923337071,30.864085408482875],[-91.8439551809958,30.864071130759555],[-91.84376372784361,30.864040451435066],[-91.84357675303926,30.863993671626538],[-91.84339609174465,30.86393125047665],[-91.84322351714331,30.863853800646414],[-91.84306072303426,30.86376208230106],[-91.84290930720552,30.863656995648075],[-91.84277075575086,30.863539572100663],[-91.84264642848353,30.863410964153243],[-91.84253754559037,30.863272434068676],[-91.84244517565716,30.863125341488214],[-91.84237022518266,30.86297113008571],[-91.84231342968444,30.862811313397415],[-91.84227534648332,30.862647459966116],[-91.8422563492374,30.86248117794585],[-91.84225662427913,30.862314099317953],[-91.84227616879102,30.862147863873822],[-91.84353633535618,30.85499788230171],[-91.84357819337689,30.854823337037185],[-91.84364128353675,30.854653555293396],[-91.84372490135723,30.854490432546775],[-91.8447949305653,30.8526704466754],[-91.84489185007713,30.85252422083519],[-91.84500526470275,30.852387005887323],[-91.8451340461272,30.85226016683746],[-91.84527691318634,30.852144965467375],[-91.84543244461288,30.852042547784105],[-91.8455990931751,30.851953932621054],[-91.8457752010679,30.85188000150395],[-91.84595901640286,30.851821489882692],[-91.84614871063353,30.851778979816505],[-91.84634239674261,30.851752894184376],[-91.84653814801024,30.85174349247898],[-91.84673401717693,30.85175086822592],[-91.8469280558106,30.85177494805333],[-91.84711833368524,30.851815492421647],[-91.84730295797874,30.851872098006222],[-91.84748009209878,30.85194420170879],[-91.84764797395009,30.852031086258275],[-91.84780493346109,30.852131887345056],[-91.84794940919595,30.85224560221775],[-91.84807996388679,30.852371099657205],[-91.84819529873148,30.852507131228467],[-91.84829426631505,30.85265234369874],[-91.84837588202582,30.852805292498115],[-91.84843933385298,30.852964456088856],[-91.84848399046773,30.853128251100884],[-91.84850940750765,30.853295048082376],[-91.84851533200171,30.85346318770916],[-91.8485017048914,30.853630997291678],[-91.84846866162306,30.853796807415126],[-91.84613886224244,30.862766841050178]]]},"properties":{"fire_id":"F4870","date":"2026-09-27","area_ha":52.3,"cumulative_ha":52.3,"frp_sum":69.8,"n_detections":3,"first_seen":"2026-09-27","last_seen":"2026-09-27","centroid":[-91.84528,30.85784],"history":[{"date":"2026-09-27","area_ha":52.3}],"track":[[-91.84527788168315,30.857837219602008]],"growth_24h_ha":null,"speed_km_day":null,"bearing_deg":null,"direction":null}},{"type":"Feature","geometry":{"type":"Polygon","coordinates":[[[-92.26989720807317,31.03062223267188],[-92.27001903213197,31.030663762721563],[-92.27019314493694,31.03073167822141],[-92.27035873775276,31.030813728987376],[-92.27051424839777,31.03090914097005],[-92.27065820978788,31.031017014070734],[-92.27078926377591,31.031136330631686],[-92.27090617396416,31.03126596503541],[-92.27100783736913,31.03140469432254],[-92.27109329482825,31.031551209727954],[-92.27116174005079,31.031704129026604],[-92.27121252722698,31.031862009572553],[-92.27124517712394,31.032023361908163],[-92.27125938161045,31.03218666381511],[-92.27125500656783,31.03235037467496],[-92.2712320931595,31.03251295000332],[-92.27119085744677,31.03267285602094],[-92.27113168835459,31.032828584124136],[-92.27105514400616,31.032978665117778],[-92.27096194646091,31.033121683076956],[-92.27085297490525,31.033256288706234],[-92.27072925736039,31.033381212070413],[-92.27059196098523,31.033495274576772],[-92.27044238106586,31.033597400095747],[-92.2702819287954,31.033686625114722],[-92.2701121179596,31.033762107829574],[-92.26993455065373,31.033823136087804],[-92.26975090216574,31.033869134108347],[-92.26956290516803,31.033899667914657],[-92.26937233336773,31.033914449429727],[-92.26210218305206,31.034174453938064],[-92.2619102378739,31.034173302789558],[-92.26171933474284,31.034156171580513],[-92.26153128603126,31.034123222947535],[-92.26134787700775,31.034074769691152],[-92.26002785467405,31.03366476300258],[-92.25985209626074,31.033601780759568],[-92.25968427027676,31.03352456231014],[-92.25952594676457,31.03343383005187],[-92.2593786068539,31.033330432805087],[-92.25924362890444,31.03321533787104],[-92.2591222756108,31.03308962198146],[-92.25901568219017,31.032954461224485],[-92.25892484576332,31.032811120041103],[-92.25885061602831,31.032660939395196],[-92.25879368731395,31.032505324227785],[-92.25875459208736,31.032345730313057],[-92.25873369597618,31.032183650638917],[-92.25873119435201,31.03202060143996],[-92.25874711050676,31.0318581080128],[-92.25878129543887,31.031697690447356],[-92.2588334292512,31.031540849406884],[-92.25890302414759,31.031389052089974],[-92.2589894289995,31.031243718506083],[-92.25909183544024,31.0311062081925],[-92.25920928542959,31.030977807497422],[-92.25934068021772,31.030859717547624],[-92.26391908538962,31.027124252817863],[-92.26600872548961,31.02406015109891],[-92.26611550582307,31.02392003293143],[-92.26623798436903,31.02378966157036],[-92.2663749552247,31.02367032056088],[-92.26652506982495,31.02356318484662],[-92.26668685021987,31.023469309203126],[-92.26685870362527,31.02338961785466],[-92.26703893810286,31.02332489537623],[-92.26722577921593,31.02327577897031],[-92.26741738749645,31.023242752194452],[-92.26761187655192,31.02322614020121],[-92.26780733163379,31.023226106537518],[-92.2680018284847,31.023242651534794],[-92.26819345227932,31.023275612305728],[-92.26838031647249,31.02332466434752],[-92.26856058136896,31.023389324736357],[-92.26873247223263,31.02346895688101],[-92.26889429675646,31.023562776789394],[-92.26904446172189,31.023669860785944],[-92.26918148868322,31.023789154604255],[-92.26930402852301,31.02391948376545],[-92.2694108747351,31.024059565139744],[-92.26950097530435,31.024208019578236],[-92.26957344306629,31.024363385489835],[-92.26962756444449,31.024524133230184],[-92.26966280647957,31.02468868016084],[-92.26967882208046,31.02485540623035],[-92.26989720807317,31.03062223267188]]]},"properties":{"fire_id":"F4871","date":"2026-09-27","area_ha":89.3,"cumulative_ha":89.3,"frp_sum":149.9,"n_detections":6,"first_seen":"2026-09-27","last_seen":"2026-09-27","centroid":[-92.26568,31.02987],"history":[{"date":"2026-09-27","area_ha":89.3}],"track":[[-92.26568247935069,31.029874245689175]],"growth_24h_ha":null,"speed_km_day":null,"bearing_deg":null,"direction":null}},{"type":"Feature","geometry":{"type":"Polygon","coordinates":[[[-90.78335434037615,31.130811892029158],[-90.78354711894886,31.13080441935608],[-90.78373982938213,31.130813081008213],[-90.78393062713648,31.13083779407926],[-90.78411768597638,31.130878322024092],[-90.78429921544699,31.130934276922723],[-90.78447347800899,31.131005123192548],[-90.78463880566703,31.131090182714292],[-90.7847936159334,31.131188641321632],[-90.78493642697372,31.131299556593277],[-90.78506587179004,31.131421866872348],[-90.7851807113056,31.131554401427223],[-90.78527984622578,31.13169589165643],[-90.7860298646004,31.132895881807972],[-90.78611296164688,31.133046238835014],[-90.78617831857578,31.133202860812908],[-90.78622529926136,31.133364223568343],[-90.78625344639744,31.13352875678512],[-90.7862624859517,31.133694859285388],[-90.78625232983693,31.133860914611315],[-90.78622307677276,31.134025306755884],[-90.78617501132949,31.134186435889546],[-90.78610860116316,31.13434273392977],[-90.78602449246833,31.134492679802023],[-90.78592350369307,31.134634814243398],[-90.78580661757694,31.134767754005072],[-90.78567497158932,31.134890205315106],[-90.7855298468611,31.135000976470632],[-90.78537265571761,31.135098989436845],[-90.7852049279336,31.13518329033964],[-90.78502829584468,31.135253058750106],[-90.78484447845955,31.13530761567008],[-90.7846552647282,31.135346430141222],[-90.78446249612884,31.13536912441316],[-90.78086242226567,31.13563912909903],[-90.78067091857635,31.135645502229394],[-90.78047959502193,31.135635964348022],[-90.78029025775913,31.135610605494794],[-90.78010469418993,31.13556966506305],[-90.77992465608493,31.135513529539445],[-90.77975184304348,31.135442728854844],[-90.77958788644662,31.135357931380895],[-90.77943433405456,31.135259937619615],[-90.77929263539433,31.135149672645607],[-90.77916412807542,31.13502817737194],[-90.77905002516265,31.13489659872284],[-90.7789514037256,31.13475617880551],[-90.77821142173295,31.133576169095598],[-90.77812828406557,31.13342631925133],[-90.77806278075724,31.133270213184534],[-90.77801554578032,31.13310936200527],[-90.77798703625973,31.13294532274877],[-90.77797752805195,31.132779683302772],[-90.77798711307913,31.13261404703659],[-90.77801569844375,31.132450017280497],[-90.77806300733234,31.132289181806016],[-90.77812858169928,31.13213309745686],[-90.77821178670459,31.13198327507977],[-90.77831181686255,31.1318411649007],[-90.77842770384156,31.131708142488204],[-90.77855832583948,31.131585495439396],[-90.77870241844386,31.131474410917964],[-90.77885858687166,31.131375964163972],[-90.77902531947014,31.1312911080875],[-90.77920100234793,31.131220664046],[-90.77938393499538,31.131165313895245],[-90.77957234674214,31.131125593390145],[-90.7797644138936,31.131101886999904],[-90.78335434037615,31.130811892029158]]]},"properties":{"fire_id":"F4872","date":"2026-09-27","area_ha":34.3,"cumulative_ha":34.3,"frp_sum":21.8,"n_detections":4,"first_seen":"2026-09-27","last_seen":"2026-09-27","centroid":[-90.78212,31.13323],"history":[{"date":"2026-09-27","area_ha":34.3}],"track":[[-90.78212208555847,31.13323023654514]],"growth_24h_ha":null,"speed_km_day":null,"bearing_deg":null,"direction":null}},{"type":"Feature","geometry":{"type":"Polygon","coordinates":[[[-93.27291577151293,31.381909125229086],[-93.2728964442084,31.382071107309653],[-93.2728588449606,31.382230744332624],[-93.27280332481679,31.382386545388332],[-93.27273040220264,31.382537055385377],[-93.27264075808388,31.382680868641117],[-93.27253522960949,31.382816642010667],[-93.27241480229566,31.38294310743222],[-93.27228060082346,31.383059083771133],[-93.27213387853593,31.38316348785237],[-93.27197600573282,31.38325534457802],[-93.2718084568723,31.383333796035473],[-93.27163279679898,31.383398109511145],[-93.27145066612732,31.383447684334723],[-93.27126376591652,31.383482057490042],[-93.2710738417805,31.38350090794018],[-93.27088266758142,31.383504059626425],[-93.27069202885897,31.383491483112746],[-93.27050370615069,31.383463295860825],[-93.27031945835884,31.38341976113284],[-93.2701410063197,31.383361285532214],[-93.26997001672866,31.383288415205573],[-93.26980808657139,31.383201830741022],[-93.26965672820666,31.383102340810773],[-93.26951735524023,31.382990874617487],[-93.26939126932173,31.382868473214643],[-93.269279647988,31.382736279782378],[-93.26918353366618,31.382595528949622],[-93.26910382393955,31.382447535262],[-93.26904126316687,31.382293680903835],[-93.26722137662907,31.377003654752276],[-93.26717625788102,31.37684404134572],[-93.26714959595027,31.37668144609135],[-93.26714164389297,31.376517412906946],[-93.26715247710361,31.376353499355993],[-93.26718199260344,31.376191261858224],[-93.26722991002259,31.376032240910675],[-93.26729577426637,31.375877946460633],[-93.26737895984039,31.375729843568948],[-93.26747867679315,31.375589338499445],[-93.26759397821967,31.375457765367326],[-93.26772376925474,31.37533637347246],[-93.26786681747033,31.375226315438358],[-93.26802176457836,31.375128636269046],[-93.26818713932774,31.375044263427817],[-93.26836137147328,31.374973998032235],[-93.26854280668368,31.374918507248456],[-93.26872972224744,31.37487831795749],[-93.26892034342724,31.37485381175314],[-93.26911286030804,31.374845221319493],[-93.26930544497884,31.374852628221838],[-93.26949626888508,31.374875962132386],[-93.26968352018721,31.37491500149791],[-93.26986542096077,31.374969375643047],[-93.27004024407452,31.37503856828929],[-93.27020632958698,31.375121922456238],[-93.27036210050544,31.37521864669884],[-93.27050607775793,31.37532782262095],[-93.27063689423646,31.37544841359452],[-93.27075330777765,31.375579274601172],[-93.27085421295787,31.3757191631031],[-93.27281425846482,31.37875913737848],[-93.27289480628257,31.378899026228247],[-93.27295983494317,31.379044653036544],[-93.27300878827319,31.37919477248085],[-93.27304124755872,31.379348100814042],[-93.27305693512896,31.379503326842045],[-93.27305571673375,31.379659123136086],[-93.27291577151293,31.381909125229086]]]},"properties":{"fire_id":"F4873","date":"2026-09-27","area_ha":37.0,"cumulative_ha":37.0,"frp_sum":13.4,"n_detections":3,"first_seen":"2026-09-27","last_seen":"2026-09-27","centroid":[-93.27021,31.37915],"history":[{"date":"2026-09-27","area_ha":37.0}],"track":[[-93.2702146712491,31.37915246052886]],"growth_24h_ha":null,"speed_km_day":null,"bearing_deg":null,"direction":null}},{"type":"Feature","geometry":{"type":"Polygon","coordinates":[[[-89.40163800417254,31.855311379512262],[-89.40183341668579,31.85537932987032],[-89.40201921140043,31.855464418505928],[-89.40219329441818,31.85556568648171],[-89.4056832707461,31.857835654266843],[-89.40582971007755,31.857940786160995],[-89.40596348484739,31.858057367569216],[-89.40608334899518,31.858184312624],[-89.4061881860109,31.85832043892382],[-89.40627701933553,31.858464478545052],[-89.40634902145912,31.858615089850996],[-89.40640352163095,31.858770869987342],[-89.40644001211041,31.8589303679481],[-89.40645815289982,31.85909209809036],[-89.40645777491524,31.859254553971883],[-89.40643888156549,31.85941622238276],[-89.40640164872461,31.859575597440145],[-89.4063464230977,31.859731194615485],[-89.40627371899535,31.859881564562688],[-89.40618421354652,31.860025306619143],[-89.40607874039443,31.86016108185323],[-89.40595828193368,31.86028762553728],[-89.40582396016148,31.860403758929316],[-89.40567702622748,31.860508400254055],[-89.40551884878,31.860600574780594],[-89.40535090121686,31.860679423903328],[-89.40517474795983,31.860744213140705],[-89.40499202988048,31.860794338977957],[-89.4048044490133,31.860829334489754],[-89.40461375269855,31.860848873690276],[-89.40020366106138,31.861118878512034],[-89.40001000958424,31.8611227380867],[-89.39981683163376,31.861110658867993],[-89.3996259570579,31.861082755273408],[-89.39943919388219,31.86103929161295],[-89.39925831118049,31.860980679585026],[-89.399085022315,31.86090747437616],[-89.39892096870456,31.86082036940146],[-89.39876770427476,31.86072018973532],[-89.39862668073788,31.860607884295284],[-89.3984992338413,31.860484516852477],[-89.39838657071556,31.860351255954367],[-89.39828975844117,31.860209363854892],[-89.39820971394292,31.86006018455736],[-89.39814719530722,31.859905131082893],[-89.39810279460445,31.859745672085523],[-89.39807693228454,31.859583317940498],[-89.39806985319838,31.859419606437637],[-89.3980816242829,31.859256088215407],[-89.3981121339313,31.859094312073438],[-89.39876219462938,31.85647432170637],[-89.39881276376711,31.856311494138446],[-89.39888231010563,31.856153753105442],[-89.39897013789695,31.856002676420303],[-89.39907536854649,31.855859775228158],[-89.39919694940458,31.855726478891977],[-89.39933366429796,31.855604120696764],[-89.39948414569614,31.85549392451469],[-89.39964688839072,31.855396992564934],[-89.39982026455087,31.855314294390187],[-89.40000254000445,31.855246657160187],[-89.40019189158191,31.855194757399417],[-89.40038642534958,31.85515911422131],[-89.40058419555022,31.855140084136583],[-89.40078322406137,31.855137857488177],[-89.40098152017713,31.855152456547415],[-89.40117710051577,31.85518373529156],[-89.40136800885402,31.855231380863884],[-89.40163800417254,31.855311379512262]]]},"properties":{"fire_id":"F4874","date":"2026-09-27","area_ha":38.9,"cumulative_ha":38.9,"frp_sum":39.2,"n_detections":4,"first_seen":"2026-09-27","last_seen":"2026-09-27","centroid":[-89.40191,31.85849],"history":[{"date":"2026-09-27","area_ha":38.9}],"track":[[-89.40190569905026,31.85848620402936]],"growth_24h_ha":null,"speed_km_day":null,"bearing_deg":null,"direction":null}},{"type":"Feature","geometry":{"type":"Polygon","coordinates":[[[-89.05999547722466,32.320472476782086],[-89.06018975987239,32.32046860742679],[-89.06038357356519,32.32048058480662],[-89.06057509173222,32.32050829604148],[-89.06076250943235,32.32055147996828],[-89.06094406036178,32.32060972960191],[-89.06111803349748,32.32068249597023],[-89.06128278922034,32.320769093287076],[-89.06143677476588,32.3208687054145],[-89.06157853885708,32.32098039355335],[-89.06170674538147,32.32110310508997],[-89.06182018598372,32.32123568351549],[-89.06191779145476,32.3213768793242],[-89.06199864181058,32.321525361788616],[-89.06206197496502,32.32167973150021],[-89.06210719391535,32.32183853355759],[-89.0621338723723,32.32200027127779],[-89.0621417587818,32.32216342030184],[-89.06213077869992,32.32232644296129],[-89.06210103549893,32.32248780277058],[-89.06205280939723,32.32264597890845],[-89.06198655482247,32.32279948055217],[-89.06190289613244,32.322946860929115],[-89.06180262173379,32.3230867309537],[-89.06168667665412,32.32321777232055],[-89.0615561536371,32.32333874993085],[-89.06141228284471,32.32344852353469],[-89.06125642026345,32.32354605847936],[-89.06109003492377,32.323630435462476],[-89.06091469505333,32.32370085919795],[-89.0607320532945,32.323756665912775],[-89.06054383112557,32.323797329604425],[-89.0566137534808,32.324477341738294],[-89.05641373775232,32.32450317231387],[-89.05621163996805,32.32451190499063],[-89.05600952542447,32.324503450527544],[-89.05580945958931,32.324477895322524],[-89.05561348699011,32.32443550052939],[-89.05542361031668,32.32437669938862],[-89.05524176995178,32.32430209279934],[-89.05440175919401,32.323912086580506],[-89.05423392278475,32.32382482072347],[-89.0540771309971,32.32372409255197],[-89.05393290806907,32.323610881308355],[-89.05380265603068,32.32348628758705],[-89.05368764107422,32.32335152263363],[-89.05358898124584,32.32320789656848],[-89.05350763557837,32.32305680564921],[-89.05344439477071,32.32289971869577],[-89.05339987350426,32.32273816281055],[-89.05337450447135,32.322573708532005],[-89.05336853417302,32.32240795456644],[-89.05338202052732,32.322242512246156],[-89.05341483231096,32.3220789898652],[-89.05346665043956,32.321918977045144],[-89.05353697107397,32.3217640292825],[-89.05362511052222,32.321615652828285],[-89.05373021188943,32.32147529004665],[-89.05385125341053,32.32134430539453],[-89.05398705838518,32.32122397215919],[-89.05413630661785,32.321115460081856],[-89.054297547252,32.321019823988195],[-89.05446921287347,32.32093799353572],[-89.05464963474608,32.32087076417806],[-89.05483705903137,32.32081878943364],[-89.05502966383487,32.32078257453394],[-89.05522557691344,32.320762471513014],[-89.05999547722466,32.320472476782086]]]},"properties":{"fire_id":"F4875","date":"2026-09-27","area_ha":29.3,"cumulative_ha":29.3,"frp_sum":16.7,"n_detections":3,"first_seen":"2026-09-27","last_seen":"2026-09-27","centroid":[-89.05772,32.32239],"history":[{"date":"2026-09-27","area_ha":29.3}],"track":[[-89.05772189465503,32.32238709978937]],"growth_24h_ha":null,"speed_km_day":null,"bearing_deg":null,"direction":null}},{"type":"Feature","geometry":{"type":"Polygon","coordinates":[[[-99.70890919689005,35.25789607953533],[-99.70911388436454,35.25781574687252],[-99.709328243005,35.25775394177636],[-99.71358816157449,35.256733961626914],[-99.71378781199131,35.25669469743589],[-99.71399129656464,35.2566715189597],[-99.71419662596196,35.256664652799564],[-99.71440179281869,35.25667416608154],[-99.71460479135902,35.25669996580032],[-99.71480363700113,35.2567417997285],[-99.7149963857555,35.25679925888182],[-99.71518115322678,35.256871781516864],[-99.71535613303347,35.256958658622146],[-99.71551961446572,35.25705904084831],[-99.71566999920852,35.257171946810644],[-99.715805816967,35.257296272682154],[-99.71592573984107,35.25743080298363],[-99.71602859530886,35.2575742224655],[-99.71611337769208,35.257725128965156],[-99.71617925799102,35.25788204711411],[-99.71622559199294,35.25804344276124],[-99.71625192657474,35.25820773797086],[-99.7162580041376,35.2583733264493],[-99.71624376513046,35.25853858924911],[-99.71620934863739,35.25870191059731],[-99.7161550910229,35.25886169369294],[-99.71608152264803,35.25901637631957],[-99.71598936268951,35.25916444612002],[-99.71587951211228,35.25930445538377],[-99.71575304486372,35.259435035202856],[-99.715611197376,35.2595549088572],[-99.71399119485041,35.2607949271136],[-99.71383561815139,35.260902751757605],[-99.7136676104207,35.2609976865568],[-99.71348880887116,35.26107880636356],[-99.71330095592032,35.26114532065592],[-99.71310588220851,35.26119658124269],[-99.71290548875675,35.26123208858111],[-99.70841539467115,35.26184210079437],[-99.70821615205436,35.26186124822536],[-99.70801554729314,35.26186482022945],[-99.70781545003392,35.26185278351551],[-99.70761772519234,35.26182525026581],[-99.70742421556864,35.26178247709017],[-99.70723672466961,35.26172486263409],[-99.70705699989696,35.26165294386253],[-99.70688671625913,35.26156739105473],[-99.70672746075839,35.26146900155616],[-99.70658071759887,35.261358692346164],[-99.70644785435343,35.26123749149061],[-99.70633010921834,35.26110652855921],[-99.7062285794745,35.26096702409683],[-99.70614421126285,35.26082027824711],[-99.70607779076906,35.260667658634326],[-99.70602993689965,35.26051058761667],[-99.70600109551775,35.26035052902953],[-99.70599153529179,35.26018897454258],[-99.70600134519611,35.26002742975786],[-99.70603043368632,35.25986740017815],[-99.70607852955689,35.25971037717669],[-99.70614518447302,35.25955782409893],[-99.70622977715287,35.25941116262577],[-99.70633151916117,35.259271759525355],[-99.70644946225981,35.25914091391683],[-99.70658250724725,35.25901984516476],[-99.70672941420365,35.258909681516975],[-99.70688881404703,35.25881144959159],[-99.70705922129184,35.25872606481121],[-99.70890919689005,35.25789607953533]]]},"properties":{"fire_id":"F4876","date":"2026-09-27","area_ha":36.7,"cumulative_ha":36.7,"frp_sum":20.9,"n_detections":4,"first_seen":"2026-09-27","last_seen":"2026-09-27","centroid":[-99.7112,35.25935],"history":[{"date":"2026-09-27","area_ha":36.7}],"track":[[-99.7111977406241,35.25935140141482]],"growth_24h_ha":null,"speed_km_day":null,"bearing_deg":null,"direction":null}},{"type":"Feature","geometry":{"type":"Polygon","coordinates":[[[-96.09712500221286,35.54911449468317],[-96.0972947701879,35.54920580826589],[-96.09745259724637,35.54931001701739],[-96.09759696931916,35.54942612127154],[-96.09772650139071,35.54955300724501],[-96.09783995078625,35.549689457720504],[-96.09793622909402,35.549834163722174],[-96.0980144126087,35.54998573707137],[-96.09807375119574,35.5501427237023],[-96.098113675491,35.55030361761043],[-96.09813380236707,35.55046687529879],[-96.09813393861326,35.5506309305848],[-96.09811408279393,35.55079420962486],[-96.09807442526726,35.55095514601279],[-96.09801534636385,35.55111219580728],[-96.09793741274268,35.551263852344235],[-96.0978413719589,35.55140866069184],[-96.09772814529592,35.551545231609424],[-96.09759881892978,35.551672254876664],[-96.0974546335111,35.55178851186461],[-96.09729697226393,35.55189288722827],[-96.09712734771603,35.55198437960842],[-96.09694738718767,35.55206211123983],[-96.09675881717831,35.5521253363736],[-96.09656344680093,35.55217344843311],[-96.09636315042299,35.552205985834355],[-96.09615984968099,35.5522226364151],[-96.09595549504085,35.552223240430386],[-96.09575204708158,35.55220779208532],[-96.09555145768176,35.552176439590646],[-96.08725129145938,35.5505364069129],[-96.08705177010219,35.55048837859969],[-96.08685920874498,35.55042461758523],[-96.0866755268294,35.55034575943999],[-96.08650255527077,35.55025259022087],[-96.08634201820554,35.550146038634324],[-96.08619551580398,35.55002716677783],[-96.08606450831957,35.54989715955137],[-96.08595030153401,35.54975731284503],[-96.0858540337431,35.54960902062026],[-96.08577666441298,35.54945376101379],[-96.08571896461977,35.54929308160275],[-96.08568150936789,35.549128583977804],[-96.08566467186326,35.5489619077784],[-96.08566861979845,35.54879471434892],[-96.08569331368665,35.548628670179085],[-96.08573850726054,35.54846543029329],[-96.08580374993227,35.54830662175484],[-96.08588839128956,35.54815382744902],[-96.08599158758304,35.54800857030705],[-96.08735161092491,35.54629858918885],[-96.08746796502662,35.546166769491926],[-96.08759959625836,35.54604456309833],[-96.08774527988494,35.54593310698977],[-96.0879036604492,35.545833438125236],[-96.08807326438303,35.545746483794595],[-96.08825251371671,35.545673052992626],[-96.08843974075864,35.545613828893714],[-96.08863320360906,35.54556936249665],[-96.08883110236373,35.54554006749929],[-96.08903159585654,35.54552621645045],[-96.08923281878583,35.545527938214576],[-96.08943289906495,35.54554521677307],[-96.0896299752358,35.54557789137335],[-96.08982221378379,35.54562565802408],[-96.09000782619289,35.545688072322946],[-96.0901850855825,35.54576455359043],[-96.09712500221286,35.54911449468317]]]},"properties":{"fire_id":"F4877","date":"2026-09-27","area_ha":51.6,"cumulative_ha":51.6,"frp_sum":25.3,"n_detections":3,"first_seen":"2026-09-27","last_seen":"2026-09-27","centroid":[-96.09163,35.54912],"history":[{"date":"2026-09-27","area_ha":51.6}],"track":[[-96.0916312135089,35.54912411378573]],"growth_24h_ha":null,"speed_km_day":null,"bearing_deg":null,"direction":null}},{"type":"Feature","geometry":{"type":"Polygon","coordinates":[[[-95.77528183080719,36.36883929197221],[-95.77548816596541,36.36881452308009],[-95.77569657499521,36.36880606006316],[-95.77590501755603,36.36881398577526],[-95.77611145297921,36.36883822262285],[-95.77631386024215,36.368878533324434],[-95.77651025775069,36.3689345232333],[-95.77669872273553,36.36900564420025],[-95.77687741007362,36.369091199939255],[-95.77704457034974,36.36919035284304],[-95.77719856698221,36.369302132182014],[-95.7773378922446,36.36942544360653],[-95.77746118202711,36.36955907985944],[-95.77756722919266,36.369701732593896],[-95.77765499539728,36.369852005181244],[-95.77772362125882,36.37000842638317],[-95.77777243477428,36.37016946475472],[-95.77780095790345,36.37033354363699],[-95.77780891125389,36.37049905659286],[-95.7777962168215,36.3706643831346],[-95.77776299875954,36.370827904589575],[-95.77770958216833,36.370988019948264],[-95.77763648991724,36.371143161540125],[-95.77754443753015,36.37129181038311],[-95.77743432618377,36.37143251105696],[-95.77730723388785,36.37156388595438],[-95.77716440493298,36.37168464877056],[-95.77700723770938,36.37179361709908],[-95.77566722893025,36.37263363103639],[-95.77549514765572,36.37273080733658],[-95.7753116836819,36.37281383734055],[-95.77511867666335,36.37288188846542],[-95.77491806196491,36.37293427832693],[-95.77471185125191,36.37297048158331],[-95.77450211231505,36.372990135204134],[-95.77429094833154,36.37299304211132],[-95.7740804767712,36.372979173155585],[-95.77387280815917,36.37294866740895],[-95.77367002490816,36.37290183076986],[-95.77347416043303,36.37283913289512],[-95.77328717875713,36.37276120248972],[-95.77311095481502,36.37266882100118],[-95.772270947908,36.372178812653196],[-95.7721135285571,36.37207738207614],[-95.7719691091798,36.37196442243706],[-95.7718390245759,36.37184097781384],[-95.77172447703205,36.371708189191274],[-95.77162652521048,36.37156728391371],[-95.77154607436593,36.37141956433976],[-95.77148386798125,36.371266395803715],[-95.77144048089889,36.371109193995224],[-95.77141631401169,36.370949411873625],[-95.77141159056167,36.37078852623841],[-95.7714263540813,36.37062802407939],[-95.77146046799562,36.37046938883295],[-95.77151361688915,36.37031408667188],[-95.77158530942536,36.37016355295469],[-95.77167488289187,36.370019178960135],[-95.77178150932903,36.36988229902946],[-95.77190420318507,36.36975417823527],[-95.77204183042718,36.36963600069035],[-95.77219311902404,36.36952885860541],[-95.77235667070292,36.369433742195895],[-95.77253097387272,36.369351530531674],[-95.77271441759352,36.36928298341386],[-95.77290530646351,36.36922873435391],[-95.7731018762858,36.369189284719646],[-95.77528183080719,36.36883929197221]]]},"properties":{"fire_id":"F4878","date":"2026-09-27","area_ha":20.0,"cumulative_ha":20.0,"frp_sum":10.7,"n_detections":3,"first_seen":"2026-09-27","last_seen":"2026-09-27","centroid":[-95.77461,36.3708],"history":[{"date":"2026-09-27","area_ha":20.0}],"track":[[-95.77461498056469,36.37080428745269]],"growth_24h_ha":null,"speed_km_day":null,"bearing_deg":null,"direction":null}},{"type":"Feature","geometry":{"type":"Polygon","coordinates":[[[-121.96124840365253,39.3802710213952],[-121.96263104509818,39.38221232503224],[-121.96272324655479,39.3823582065382],[-121.96279650126131,39.382510192050724],[-121.96285012309863,39.38266685829338],[-121.96288360979007,39.3828267381472],[-121.96289664760937,39.382988334389054],[-121.96288911432386,39.383150133712086],[-121.96286108034396,39.38331062089732],[-121.96281280806899,39.38346829300349],[-121.962744749435,39.38362167344232],[-121.96265754168682,39.383769325807144],[-121.96255200141472,39.38390986732604],[-121.96242911691046,39.38404198181242],[-121.96229003891492,39.38416443199274],[-121.96213606984317,39.384276071094995],[-121.96196865158858,39.38437585359017],[-121.96178935201944,39.3844628449852],[-121.96159985029499,39.38453623057634],[-121.95302970598631,39.38746629362675],[-121.95282537348658,39.38752700415648],[-121.95261410971698,39.38757189662264],[-121.95239802048111,39.3876005235499],[-121.95217925969108,39.38761259959269],[-121.95196000789382,39.387608004380205],[-121.95174245053144,39.38758678371628],[-121.95152875615297,39.387549149122925],[-121.95132105479442,39.3874954757314],[-121.95112141674335,39.387426298542216],[-121.95093183189933,39.3873423070914],[-121.9507541899367,39.3872443385761],[-121.95059026146708,39.387133369508156],[-121.95044168038979,39.38701050597891],[-121.95030992760594,39.386876972632514],[-121.9501963162589,39.38673410045757],[-121.94871635586227,39.38464407705814],[-121.94858469735355,39.38442027001399],[-121.9463948113625,39.37982023303467],[-121.94633051556579,39.37966076342959],[-121.94628739209544,39.37949721005612],[-121.94626586955918,39.37933119903306],[-121.94626616179298,39.379164380902736],[-121.94628826574105,39.37899841422045],[-121.94633196149208,39.37883494906453],[-121.94639681447163,39.3786756106313],[-121.94648217976805,39.378521983077775],[-121.94658720854962,39.37837559377283],[-121.94671085650775,39.37823789811331],[-121.94685189424317,39.37811026505594],[-121.94700891949113,39.37799396350899],[-121.94718037106416,39.377890149718574],[-121.94736454437367,39.3777998557754],[-121.94755960837611,39.37772397935552],[-121.95611946435665,39.374794042374624],[-121.95631709589026,39.37473495386607],[-121.95652129381776,39.374690673213365],[-121.9567301505532,39.37466161407682],[-121.95694171499774,39.37464804792019],[-121.957154010763,39.374650101475346],[-121.95736505463009,39.37466775555845],[-121.95757287507267,39.37470084524923],[-121.95777553067077,39.374749061431245],[-121.95797112824374,39.37481195367909],[-121.95815784053283,39.37488893446523],[-121.95833392326864,39.374979284647495],[-121.9584977314641,39.375082160186075],[-121.95864773478071,39.375196600026875],[-121.95878253182458,39.37532153507831],[-121.95890086323882,39.375455798197095],[-121.95900162347006,39.37559813509032],[-121.9590838710988,39.37574721603167],[-121.96124840365253,39.3802710213952]]]},"properties":{"fire_id":"F4879","date":"2026-09-27","area_ha":136.7,"cumulative_ha":136.7,"frp_sum":220.3,"n_detections":6,"first_seen":"2026-09-27","last_seen":"2026-09-27","centroid":[-121.95448,39.38116],"history":[{"date":"2026-09-27","area_ha":136.7}],"track":[[-121.95448018874379,39.381164011799015]],"growth_24h_ha":null,"speed_km_day":null,"bearing_deg":null,"direction":null}},{"type":"Feature","geometry":{"type":"Polygon","coordinates":[[[-119.13059502242206,47.29219009461382],[-119.13074441096515,47.2965803225569],[-119.1307377899917,47.29675041959292],[-119.13070643053612,47.296919204232964],[-119.13065064805338,47.29708497759273],[-119.13057100383635,47.29724607108195],[-119.13046829937323,47.29740086320084],[-119.1303435682865,47.297547795862755],[-119.13019806593421,47.297685390079344],[-119.13003325677833,47.297812260849774],[-119.129850799647,47.29792713110424],[-119.1296525310386,47.29802884456118],[-119.12944044663648,47.298116377368984],[-119.12921668121942,47.29818884841427],[-119.12507659864217,47.299358882701156],[-119.12484406821841,47.299415418123445],[-119.12460449066847,47.29945568527498],[-119.12436026395208,47.299479281108596],[-119.12411383257377,47.299485969445456],[-119.12386766311005,47.299475683339615],[-119.12362421951529,47.29944852574834],[-119.1233859384539,47.29940476850128],[-119.12315520490579,47.2993448495789],[-119.12293432829013,47.299269368727295],[-119.12272551934589,47.29917908145371],[-119.12253086800116,47.29907489146241],[-119.12235232245314,47.29895784160732],[-119.12219166966788,47.2988291034514],[-119.12205051749514,47.298689965538166],[-119.12193027857755,47.298541820492076],[-119.12078031942755,47.29694179802371],[-119.1206544322264,47.2967325179908],[-119.11907453413151,47.293512485365035],[-119.11900011161568,47.29332649360296],[-119.1189568674628,47.293135890078446],[-119.11888688566809,47.2926458885604],[-119.11887507598394,47.29248384484642],[-119.1188858238306,47.29232176623586],[-119.1189190306836,47.29216113596995],[-119.1189743924929,47.292003424022234],[-119.11905140247121,47.29185007364717],[-119.11914935573719,47.29170248817335],[-119.11926735577099,47.29156201816262],[-119.11940432262264,47.29142994905258],[-119.11955900279813,47.291307489395216],[-119.11972998073266,47.291195759799315],[-119.11991569174593,47.29109578267794],[-119.12011443636077,47.291008472894354],[-119.12032439585441,47.29093462939238],[-119.12054364889963,47.29087492788713],[-119.12077018914417,47.29082991468343],[-119.12333917416925,47.29040988720741],[-119.12397658910452,47.28709740507862],[-119.12401811958163,47.286939446177335],[-119.12408116639932,47.28678489663019],[-119.12416516462831,47.28663514089976],[-119.12426936166909,47.286491520493975],[-119.12439282399822,47.28635532195014],[-119.12453444553442,47.286227765311715],[-119.1246929575499,47.28610999320107],[-119.1248669400374,47.28600306058579],[-119.12505483443145,47.28590792533048],[-119.12525495756984,47.285825439618414],[-119.12546551676999,47.2857563423196],[-119.12568462588578,47.28570125237412],[-119.13242447535694,47.28425129619658],[-119.13265511488663,47.28420997937566],[-119.13289047510617,47.284184184548],[-119.13312835538795,47.284174152891715],[-119.13336653154727,47.284179978201294],[-119.13360277663351,47.28420160601101],[-119.13383488174753,47.28423883410379],[-119.1340606766902,47.284291314401614],[-119.13427805024948,47.28435855621897],[-119.13448496993688,47.284439930849445],[-119.13467950098833,47.28453467744278],[-119.13485982445242,47.28464191011678],[-119.13502425419676,47.284760626238665],[-119.1351712526737,47.28488971579752],[-119.13529944529779,47.28502797178121],[-119.13540763330063,47.285174101460065],[-119.13549480494314,47.28532673847246],[-119.13556014497972,47.28548445559915],[-119.13560304228612,47.28564577810692],[-119.13629317292309,47.28920576320195],[-119.1363135745885,47.2893762155747],[-119.13630892386982,47.28954721520936],[-119.13627926786523,47.28971702318289],[-119.13622490796081,47.28988391267401],[-119.13614639677317,47.29004618652429],[-119.13604453253727,47.29020219449823],[-119.13592035099519,47.290350350066724],[-119.13577511486892,47.290489146543216],[-119.13561030102353,47.29061717240829],[-119.1354275854512,47.29073312566683],[-119.13522882622873,47.29083582709141],[-119.13501604462193,47.29092423221744],[-119.13479140452888,47.29099744196764],[-119.13064132203651,47.29217747650777],[-119.13059502242206,47.29219009461382]]]},"properties":{"fire_id":"F4880","date":"2026-09-27","area_ha":134.1,"cumulative_ha":134.1,"frp_sum":150.4,"n_detections":11,"first_seen":"2026-09-27","last_seen":"2026-09-27","centroid":[-119.12752,47.29158],"history":[{"date":"2026-09-27","area_ha":134.1}],"track":[[-119.12752208414803,47.29158177158677]],"growth_24h_ha":null,"speed_km_day":null,"bearing_deg":null,"direction":null}},{"type":"Feature","geometry":{"type":"Polygon","coordinates":[[[-101.80448327407959,48.50935996341012],[-101.8047354513248,48.509340009627145],[-101.80498930989512,48.50933742685778],[-101.80524225591509,48.5093522414917],[-101.80549170483134,48.509384302158956],[-101.80573510781478,48.50943328127629],[-101.80596997779847,48.509498678393065],[-101.80619391488484,48.50957982530344],[-101.8064046308634,48.50967589287182],[-101.80659997258843,48.50978589950268],[-101.80677794397796,48.509908721167676],[-101.80693672640939,48.510043102888126],[-101.8070746973034,48.51018767155576],[-101.80960476404806,48.513157622184664],[-101.80971680447094,48.513305319375846],[-101.80980710827112,48.51345971512881],[-101.80987481692756,48.51361934188083],[-101.80991928667662,48.51378268233345],[-101.80994009463723,48.51394818387398],[-101.80993704283716,48.514114273332495],[-101.8099101601018,48.51427937193551],[-101.80985970178692,48.514441910312954],[-101.80978614735841,48.51460034341661],[-101.80969019584089,48.51475316520788],[-101.80957275917893,48.514898922975135],[-101.80943495357332,48.51503623114476],[-101.80927808887465,48.515163784454224],[-101.80910365613515,48.515280370362106],[-101.80891331343658,48.51538488057696],[-101.80870887012918,48.51547632159508],[-101.80708884617266,48.516126340185885],[-101.8068582204802,48.51620824311353],[-101.80661633482572,48.51627351565479],[-101.80636578751356,48.51632145663916],[-101.80610926991243,48.516351551073356],[-101.80584953753893,48.516363475675284],[-101.80115941362249,48.51641347733665],[-101.80091767434335,48.51640815109294],[-101.80067781114947,48.51638707934608],[-101.80044204819269,48.51635045748978],[-101.80021257159623,48.516298625110046],[-101.79999150917925,48.51623206283531],[-101.79978091072277,48.516151387878395],[-101.79958272896,48.51605734831179],[-101.79939880146742,48.51595081612915],[-101.79923083362476,48.51583277915775],[-101.79908038280198,48.51570433189658],[-101.79894884391966,48.51556666536571],[-101.79641890965992,48.512616616076826],[-101.7963072789037,48.51247066050217],[-101.79621691217628,48.51231808537233],[-101.79614865110632,48.51216031196264],[-101.79610313138915,48.51199880995828],[-101.79608077687082,48.511835083762946],[-101.79608179560631,48.511670658484384],[-101.79610617792792,48.511507065727635],[-101.79615369654202,48.51134582932829],[-101.79622390865269,48.51118845115868],[-101.79631616009254,48.511036397139236],[-101.79642959142164,48.510891083585015],[-101.79656314593784,48.51075386401496],[-101.79671557952362,48.51062601654627],[-101.7968854722375,48.510508731991536],[-101.79707124154203,48.51040310276911],[-101.79727115704513,48.510310112730224],[-101.79748335661732,48.51023062799726],[-101.79770586373489,48.51016538889853],[-101.79793660588757,48.510115003074645],[-101.79817343387916,48.51007993982036],[-101.80448327407959,48.50935996341012]]]},"properties":{"fire_id":"F4881","date":"2026-09-27","area_ha":61.3,"cumulative_ha":61.3,"frp_sum":28.6,"n_detections":5,"first_seen":"2026-09-27","last_seen":"2026-09-27","centroid":[-101.80307,48.51296],"history":[{"date":"2026-09-27","area_ha":61.3}],"track":[[-101.80306987700432,48.5129571039926]],"growth_24h_ha":null,"speed_km_day":null,"bearing_deg":null,"direction":null}},{"type":"Feature","geometry":{"type":"Polygon","coordinates":[[[-99.10069218064608,48.61070833628892],[-99.10069274390827,48.61071113478203],[-99.10150289783117,48.614761116638945],[-99.10152404354899,48.61492837008724],[-99.10152080159503,48.615096221713316],[-99.10149320322824,48.615263043252774],[-99.1014415159841,48.61542721641796],[-99.10136624108665,48.615587148596866],[-99.10126810859292,48.615741288303695],[-99.10114807031697,48.61588814023123],[-99.10100729060177,48.616026279758174],[-99.10084713502829,48.61615436677183],[-99.10066915717114,48.61627115867071],[-99.10047508352912,48.61637552242174],[-99.10026679677695,48.61646644555446],[-99.10004631750054,48.61654304598564],[-99.09981578459302,48.616604580578915],[-99.09957743450185,48.61665045235623],[-99.0993335795286,48.61668021629095],[-99.09398351249634,48.617150225600845],[-99.08863344551756,48.61762023490349],[-99.0883887012592,48.61763354586325],[-99.08814320731176,48.61763063005849],[-99.0878993021908,48.61761151526501],[-99.08765930927359,48.61757638356929],[-99.08742551466203,48.617525569633536],[-99.08720014540108,48.61745955750655],[-99.08698534826054,48.61737897601166],[-99.0867831692821,48.6172845927548],[-99.08659553428714,48.61717730681065],[-99.08642423053081,48.61705814015607],[-99.08627088967715,48.616928227932796],[-99.0861369722577,48.61678880763233],[-99.0860237537615,48.61664120730569],[-99.08593231248886,48.61648683291119],[-99.08586351928466,48.6163271549201],[-99.08581802924853,48.61616369430839],[-99.08579627550102,48.61599800806772],[-99.08579846506466,48.61583167437413],[-99.08582457689893,48.61566627755528],[-99.0858743621078,48.61550339299977],[-99.08594734631727,48.6153445721523],[-99.0860428342002,48.61519132773724],[-99.0861599161052,48.61504511935165],[-99.08629747672585,48.61490733956481],[-99.08645420572789,48.6147793006564],[-99.08662861023278,48.614662222119996],[-99.08681902903862,48.6145572190501],[-99.08702364844312,48.61446529152412],[-99.08833720491918,48.613935783394545],[-99.08657162085923,48.613466715059225],[-99.0863476681448,48.61339849364734],[-99.08613459985727,48.61331580434675],[-99.0859344461156,48.613219435054575],[-99.08574911396161,48.613110304011656],[-99.08558036918818,48.61298945105105],[-99.08542981951456,48.61285802768795],[-99.08529889926903,48.61271728614559],[-99.08518885572505,48.612568567421675],[-99.08510073722073,48.61241328850914],[-99.0850353831749,48.612252928893334],[-99.0849934160948,48.61208901645398],[-99.084975235651,48.61192311290674],[-99.0849810148762,48.61175679892274],[-99.08501069852365,48.61159165906822],[-99.08506400360038,48.611429266707574],[-99.08514042207045,48.6112711690137],[-99.08523922570157,48.611118872228474],[-99.08535947300908,48.610973827313664],[-99.08550001823077,48.61083741612906],[-99.0856595222469,48.6107109382691],[-99.08583646534117,48.61059559868388],[-99.08602916168108,48.61049249620176],[-99.0862357753795,48.610402613063115],[-99.08645433798466,48.6103268055651],[-99.08668276723179,48.61026579590571],[-99.08691888687791,48.61022016530555],[-99.0871604474311,48.61019034847221],[-99.09001345137033,48.60993488371371],[-99.0895380508343,48.6075921632297],[-99.08953738378405,48.607588851918884],[-99.08872753767778,48.603538833782984],[-99.08870640748886,48.60337157909852],[-99.0887096631234,48.60320372733121],[-99.08873727280678,48.603036906902],[-99.08878896849693,48.602872736210294],[-99.0888642484918,48.60271280793384],[-99.0889623823036,48.60255867357852],[-99.0890824177515,48.60241182842815],[-99.08922319020427,48.60227369704013],[-99.08938333388309,48.602145619427766],[-99.08956129511417,48.60202883806293],[-99.08975534740308,48.60192448582536],[-99.08996360818422,48.601833575014886],[-99.09018405708285,48.60175698753384],[-99.09041455551298,48.601695466334014],[-99.09065286742053,48.6016496082113],[-99.09089668097127,48.60161985801815],[-99.09624654291314,48.60114987356019],[-99.09649168086254,48.60113654824545],[-99.0967375675211,48.60113950825827],[-99.0969818522806,48.60115872530234],[-99.09722219984292,48.60119401567172],[-99.09745631253969,48.601245042006425],[-99.0976819522927,48.6013113165166],[-99.09789696200514,48.601392205644146],[-99.09809928617966,48.601486936117674],[-99.09828699056627,48.60159460234279],[-99.09845828065198,48.601714175057225],[-99.09861151881623,48.601844511167926],[-99.09874523998738,48.60198436467683],[-99.0988581656512,48.602132398589866],[-99.09894921607689,48.60228719769686],[-99.09901752064397,48.60244728209896],[-99.09906242617093,48.60261112135512],[-99.09987230510352,48.60665972878047],[-99.10069218064608,48.61070833628892]]]},"properties":{"fire_id":"F4882","date":"2026-09-27","area_ha":160.5,"cumulative_ha":160.5,"frp_sum":112.8,"n_detections":11,"first_seen":"2026-09-27","last_seen":"2026-09-27","centroid":[-99.09389,48.61003],"history":[{"date":"2026-09-27","area_ha":160.5}],"track":[[-99.09388921270387,48.610032717337496]],"growth_24h_ha":null,"speed_km_day":null,"bearing_deg":null,"direction":null}},{"type":"Feature","geometry":{"type":"Polygon","coordinates":[[[-79.8813972886908,40.303288955451436],[-79.88161033466369,40.3033293957049],[-79.88181703959945,40.30338544323166],[-79.88201538801827,40.3034565515456],[-79.88220344590432,40.30354202730982],[-79.88237937956085,40.303641037095744],[-79.8825414734879,40.30375261550789],[-79.88268814710885,40.30387567459535],[-79.88281797018197,40.304009014458096],[-79.8829296767476,40.30415133494522],[-79.88302217747433,40.30430124833041],[-79.88309457028394,40.30445729284193],[-79.88314614915151,40.30461794691466],[-79.88317641099432,40.30478164402559],[-79.88318506058273,40.30494678796801],[-79.88317201342461,40.30511176841564],[-79.88313739659499,40.305274976624936],[-79.88308154750273,40.305434821122226],[-79.88300501060604,40.305589743223074],[-79.88290853210839,40.30573823223223],[-79.88279305268674,40.30587884017596],[-79.88265969832243,40.30601019592331],[-79.88250976932436,40.306131018557934],[-79.88234472765102,40.3062401298708],[-79.88216618265523,40.30633646585115],[-79.87678612083373,40.308946519351736],[-79.87659835274341,40.30902814611563],[-79.87640091136844,40.30909563767222],[-79.87619567217308,40.309148352919806],[-79.87598458470738,40.309185791115326],[-79.87576965408532,40.309207596632106],[-79.8755529219345,40.3092135623385],[-79.87533644699894,40.309203631565936],[-79.87512228557884,40.30917789864732],[-79.87491247199368,40.30913660802083],[-79.87470899925431,40.309080151907416],[-79.87451380012794,40.30900906658426],[-79.87432872877577,40.308924027289756],[-79.87415554313812,40.30882584180811],[-79.87399588823449,40.30871544279474],[-79.87385128053688,40.30859387891564],[-79.87372309356554,40.30846230488457],[-79.87361254484321,40.30832197049302],[-79.87352068433243,40.3081742087373],[-79.87344838446515,40.308020423155256],[-79.87339633185954,40.30786207449342],[-79.87336502080265,40.307700666830925],[-79.87335474856009,40.30753773329217],[-79.87336561255795,40.30737482148419],[-79.87339750946265,40.30721347879652],[-79.87426760594005,40.3039234944515],[-79.87432072658437,40.303764016478155],[-79.87439439277952,40.30360922805306],[-79.87448789358533,40.30346062273741],[-79.87460032669223,40.30331963442175],[-79.87473060713157,40.30318762349169],[-79.8748774777474,40.30306586370316],[-79.87503952132884,40.3029555298937],[-79.87521517428563,40.302857686648366],[-79.87540274173512,40.30277327802928],[-79.87560041385505,40.30270311846852],[-79.87580628334435,40.30264788491115],[-79.87601836382358,40.302608110285036],[-79.87623460899773,40.30258417835975],[-79.87645293239649,40.30257632004469],[-79.87667122750167,40.30258461116143],[-79.87688738806811,40.30260897171247],[-79.8813972886908,40.303288955451436]]]},"properties":{"fire_id":"F4518","date":"2026-09-27","area_ha":42.7,"cumulative_ha":69.8,"frp_sum":4.1,"n_detections":3,"first_seen":"2026-09-25","last_seen":"2026-09-27","centroid":[-79.87775,40.30566],"history":[{"date":"2026-09-25","area_ha":60.0},{"date":"2026-09-27","area_ha":42.7}],"track":[[-79.8788874896657,40.305923473412506],[-79.87775472680498,40.30565667873745]],"growth_24h_ha":-8.61,"speed_km_day":0.05,"bearing_deg":97.67,"direction":"E"}},{"type":"Feature","geometry":{"type":"Polygon","coordinates":[[[-95.1307342948622,29.74153970436695],[-95.1309023405574,29.74161748284027],[-95.13106083521212,29.741709241982214],[-95.13120825331657,29.74181409862298],[-95.13134317595474,29.741931043528158],[-95.13146430446108,29.742058951111364],[-95.13157047292043,29.742196590266843],[-95.13166065939107,29.742342636217657],[-95.13173399574285,29.742495683265656],[-95.13178977601545,29.742654258320375],[-95.13182746321652,29.742816835076912],[-95.13184669449387,29.74298184870615],[-95.13184728463204,29.743147710916002],[-95.13182922783913,29.743312825238924],[-95.131792697807,29.743475602398323],[-95.13173804604347,29.743634475605962],[-95.13166579849307,29.7437879156434],[-95.13157665047824,29.74393444558188],[-95.13147146000964,29.744072654999254],[-95.13135123953006,29.744201213556895],[-95.13121714617102,29.744318883805995],[-95.131070470616,29.7444245330998],[-95.13091262467714,29.744517144497117],[-95.13074512770552,29.744595826552196],[-95.13056959196535,29.744659821896473],[-95.13038770711313,29.744708514529748],[-95.13020122393118,29.74474143575038],[-95.13001193747249,29.744758268667546],[-95.12982166977876,29.74475885125202],[-95.1296322523387,29.744743177895977],[-95.12944550845505,29.744711399467047],[-95.1292632356907,29.744663821855873],[-95.12908718856266,29.744600903031223],[-95.12695715784285,29.743730890017247],[-95.12695263596939,29.743729036791542],[-95.1258826206151,29.743289030217944],[-95.12571477377203,29.743211016396753],[-95.12555650155434,29.743119043534588],[-95.12540932659127,29.74301399645109],[-95.12527466473495,29.742896885742827],[-95.12515381143918,29.742768838059746],[-95.12504792929695,29.742631085265298],[-95.12495803685714,29.742484952584366],[-95.12488499882757,29.742331845853105],[-95.12482951775895,29.742173237993484],[-95.12479212728928,29.74201065484266],[-95.12477318701376,29.741845660473484],[-95.1247728790294,29.741679842147477],[-95.12479120618748,29.741514795044985],[-95.12482799207045,29.741352106919514],[-95.12488288269316,29.741193342823653],[-95.12495534991223,29.741040030053835],[-95.12504469651041,29.74089364345856],[-95.12515006290685,29.740755591251208],[-95.12527043542869,29.740627201464342],[-95.1254046560643,29.740509709175285],[-95.12555143360431,29.74040424462612],[-95.12570935606306,29.74031182235226],[-95.12587690426116,29.740233331423937],[-95.12605246643851,29.740169526894874],[-95.12623435375704,29.740121022539697],[-95.12642081654447,29.74008828495066],[-95.12661006112273,29.740071629049655],[-95.12680026705917,29.7400712150594],[-95.12698960467512,29.740087046962337],[-95.12717625264315,29.74011897246223],[-95.12735841550412,29.740166684449154],[-95.12753434093565,29.740229723953178],[-95.1307342948622,29.74153970436695]]]},"properties":{"fire_id":"F2898","date":"2026-09-27","area_ha":23.8,"cumulative_ha":479.5,"frp_sum":6.0,"n_detections":3,"first_seen":"2026-09-12","last_seen":"2026-09-27","centroid":[-95.12831,29.74242],"history":[{"date":"2026-09-12","area_ha":180.0},{"date":"2026-09-15","area_ha":90.8},{"date":"2026-09-18","area_ha":26.9},{"date":"2026-09-19","area_ha":114.9},{"date":"2026-09-20","area_ha":263.8},{"date":"2026-09-22","area_ha":153.7},{"date":"2026-09-23","area_ha":283.6},{"date":"2026-09-25","area_ha":104.8},{"date":"2026-09-26","area_ha":131.0},{"date":"2026-09-27","area_ha":23.8}],"track":[[-95.12547079878097,29.73544371253324],[-95.1236350406725,29.733757781928773],[-95.12481058788603,29.740176182300644],[-95.12209555921687,29.73126725767709],[-95.12771030916474,29.733340200204726],[-95.12347427530149,29.725105955580826],[-95.12173334088408,29.727974797372468],[-95.12431587967859,29.733462581249277],[-95.12286322613782,29.735166072060036],[-95.12830984546243,29.742415217634196]],"growth_24h_ha":-107.14,"speed_km_day":0.96,"bearing_deg":326.25,"direction":"NW"}},{"type":"Feature","geometry":{"type":"Polygon","coordinates":[[[-88.57988281353592,33.442240930882555],[-88.5817167328791,33.441909690081765],[-88.58191285267205,33.44188250814671],[-88.58211124722398,33.441871321784404],[-88.58231001349922,33.4418762382972],[-88.58250724489713,33.441897210524665],[-88.58270104953708,33.44193403729607],[-88.58288956840235,33.44198636535967],[-88.58307099316907,33.442053692770564],[-88.58324358354939,33.44213537370479],[-88.58340568398258,33.442230624653305],[-88.58355573951404,33.44233853193652],[-88.58369231071026,33.44245806046735],[-88.58381408746622,33.44258806367894],[-88.58391990157325,33.44272729452181],[-88.58400873792661,33.442874417424704],[-88.58407974426507,33.443028021105036],[-88.58413223934946,33.44318663210555],[-88.58416571950093,33.44334872892782],[-88.58417986343677,33.44351275662678],[-88.58417453535677,33.443677141726276],[-88.58414978625045,33.443840307313025],[-88.58410585341274,33.444000688163605],[-88.58404315817204,33.44415674575967],[-88.58396230185278,33.44430698304755],[-88.58104238396453,33.449087023984305],[-88.58094175139783,33.449233087401815],[-88.580823958773,33.449370097811716],[-88.58069018686056,33.4494966817067],[-88.58054177664097,33.4496115700979],[-88.58038021586245,33.44971361123784],[-88.58020712412682,33.449801782167995],[-88.58002423665232,33.44987519897533],[-88.57983338687667,33.44993312565479],[-88.57963648807443,33.44997498148888],[-88.5794355141735,33.450000346870354],[-88.57923247996278,33.45000896750942],[-88.57902942089008,33.45000075698351],[-88.57882837265244,33.44997579760378],[-88.57863135078416,33.449934339589795],[-88.57844033044714,33.449876798560695],[-88.5782572266261,33.449803751367845],[-88.57808387492808,33.449715930310894],[-88.56869378677514,33.44440584705538],[-88.56853314588561,33.44430495223144],[-88.56838540544094,33.444191373645765],[-88.56825202378013,33.444066232466724],[-88.56813431748309,33.443930763995546],[-88.56803344837522,33.44378630547098],[-88.56795041206097,33.44363428286774],[-88.56788602809873,33.44347619681943],[-88.5678409319144,33.443313607804356],[-88.56781556853312,33.443148120741284],[-88.56781018819105,33.4429813691466],[-88.56782484387008,33.44281499900953],[-88.5684749542247,33.43844500914208],[-88.56850953136507,33.43828053859593],[-88.56856368671664,33.43811972057995],[-88.56863688480233,33.437964144882216],[-88.56872840190776,33.43781534945895],[-88.56883733323956,33.43767480523184],[-88.5689626018729,33.43754390154836],[-88.56910296939976,33.43742393244859],[-88.56925704817286,33.43731608387439],[-88.56942331502363,33.43722142194744],[-88.56960012631926,33.43714088243146],[-88.56978573420938,33.4370752614832],[-88.56997830390233,33.4370252077834],[-88.57017593180002,33.43699121612537],[-88.57037666431235,33.43697362252472],[-88.57057851716544,33.43697260089813],[-88.57077949501274,33.43698816134463],[-88.57097761115563,33.43702015004569],[-88.57117090717853,33.437068250785494],[-88.57135747230475,33.43713198807631],[-88.57153546228187,33.43721073185802],[-88.57170311760991,33.43730370372549],[-88.57185878093279,33.437409984622136],[-88.5720009134205,33.437528523923866],[-88.57212810998078,33.43765814982343],[-88.57223911314965,33.437797580912914],[-88.57233282552338,33.43794543884959],[-88.57240832060917,33.43810026198017],[-88.5736667959063,33.441103482327726],[-88.57988281353592,33.442240930882555]]]},"properties":{"fire_id":"F0271","date":"2026-09-27","area_ha":113.9,"cumulative_ha":325.1,"frp_sum":8.8,"n_detections":6,"first_seen":"2026-08-24","last_seen":"2026-09-27","centroid":[-88.57553,33.44389],"history":[{"date":"2026-08-24","area_ha":73.6},{"date":"2026-08-25","area_ha":113.6},{"date":"2026-08-26","area_ha":84.2},{"date":"2026-08-28","area_ha":120.1},{"date":"2026-08-29","area_ha":148.3},{"date":"2026-08-31","area_ha":146.1},{"date":"2026-09-01","area_ha":75.9},{"date":"2026-09-02","area_ha":137.3},{"date":"2026-09-03","area_ha":174.5},{"date":"2026-09-04","area_ha":142.4},{"date":"2026-09-05","area_ha":140.2},{"date":"2026-09-06","area_ha":119.3},{"date":"2026-09-07","area_ha":78.3},{"date":"2026-09-08","area_ha":151.2},{"date":"2026-09-09","area_ha":154.4},{"date":"2026-09-10","area_ha":178.4},{"date":"2026-09-11","area_ha":64.9},{"date":"2026-09-12","area_ha":94.1},{"date":"2026-09-13","area_ha":64.8},{"date":"2026-09-15","area_ha":63.5},{"date":"2026-09-17","area_ha":65.3},{"date":"2026-09-18","area_ha":71.6},{"date":"2026-09-19","area_ha":105.1},{"date":"2026-09-20","area_ha":167.9},{"date":"2026-09-21","area_ha":47.9},{"date":"2026-09-22","area_ha":80.2},{"date":"2026-09-23","area_ha":38.5},{"date":"2026-09-24","area_ha":153.8},{"date":"2026-09-25","area_ha":162.2},{"date":"2026-09-26","area_ha":123.5},{"date":"2026-09-27","area_ha":113.9}],"track":[[-88.57262900784664,33.44297584671628],[-88.57433913584545,33.44121235533917],[-88.57673560979065,33.44393846843687],[-88.57427414515713,33.445691908943836],[-88.5712560910528,33.44368716647934],[-88.57641678835053,33.445277113584204],[-88.57635999918165,33.44438248912367],[-88.577546088556,33.44307227734596],[-88.57366823841457,33.44519683457402],[-88.57422816001261,33.4453322827651],[-88.57451309824545,33.44422560548223],[-88.57482187384204,33.443774578692114],[-88.57632343005852,33.44358691805679],[-88.57394948407584,33.44540035985833],[-88.57338437020509,33.44340744818134],[-88.574923255274,33.44419805673905],[-88.57291789725141,33.439162748576535],[-88.57300496483971,33.442511240353234],[-88.57717680819992,33.44322963802818],[-88.57580479499074,33.444937458235934],[-88.57026908235434,33.44067412442824],[-88.57645985210739,33.444141809883185],[-88.57365815860857,33.44479656269787],[-88.57381815796487,33.44475007495265],[-88.5708107946306,33.439748472608095],[-88.57643499904106,33.44402250351202],[-88.5738081290034,33.44158437466278],[-88.57366778551608,33.445187424151136],[-88.57509152682022,33.443801848590816],[-88.57579854466645,33.44468510989072],[-88.5755283159383,33.44389393042162]],"growth_24h_ha":-9.61,"speed_km_day":0.09,"bearing_deg":159.75,"direction":"SSE"}},{"type":"Feature","geometry":{"type":"Polygon","coordinates":[[[-91.76356059996877,29.971112105380644],[-91.76374943488423,29.971127805406777],[-91.76393561105148,29.97115941659137],[-91.764117357049,29.971206638158918],[-91.76429294359968,29.971269020803078],[-91.76446070002204,29.971345970961075],[-91.76461903012408,29.97143675646056],[-91.76476642738939,29.971540513485433],[-91.76490148931036,29.971656254793704],[-91.7650229307326,29.971782879110087],[-91.76512959608361,29.971919181603532],[-91.76522047036904,29.97206386535001],[-91.76529468883234,29.9722155536718],[-91.76535154518531,29.97237280323578],[-91.76539049833171,29.972534117786125],[-91.76541117751928,29.972697962380735],[-91.7654133858715,29.97286277799616],[-91.76539710226484,29.973026996361824],[-91.76536248153421,29.973189054882546],[-91.76530985300353,29.97334741150749],[-91.76523971735617,29.973500559403632],[-91.76515274187433,29.973647041294615],[-91.76504975409263,29.973785463328205],[-91.7649317339263,29.973914508340382],[-91.76479980434877,29.974032948389972],[-91.76465522070711,29.974139656444308],[-91.76449935877716,29.974233617104794],[-91.76433370167196,29.97431393627012],[-91.76415982572794,29.974379849645413],[-91.76397938550349,29.974430730015925],[-91.76045932110429,29.975260743366412],[-91.76027193489637,29.97529640715148],[-91.76008141626542,29.975315857498163],[-91.75988961895472,29.97531890515689],[-91.75969840915141,29.975305520474286],[-91.75950964732513,29.975275833681756],[-91.75932517012242,29.975230133628187],[-91.75914677249305,29.975168864969067],[-91.75897619022251,29.975092623839423],[-91.7588150830406,29.975002152052657],[-91.75866501847075,29.97489832988195],[-91.75852745657697,29.974782167494283],[-91.7584037357575,29.97465479512058],[-91.75829505972274,29.974517452057636],[-91.7582024857847,29.974371474608983],[-91.75812691457146,29.974218283082074],[-91.7580690812671,29.97405936796802],[-91.75802954846174,29.973896275439092],[-91.75784957067408,29.972916272865298],[-91.75782872675711,29.972750636747897],[-91.75782675958554,29.972584022156056],[-91.7578436881739,29.972418049228185],[-91.75787934779876,29.972254331855392],[-91.75793339160467,29.97209446198832],[-91.75800529398114,29.971939994158],[-91.75809435567737,29.971792430360516],[-91.75819971060476,29.97165320545302],[-91.75832033426114,29.971523673202473],[-91.75845505369476,29.97140509312345],[-91.75860255891071,29.97129861823214],[-91.75876141560926,29.97120528383624],[-91.75893007913193,29.971125997469308],[-91.75910690948,29.9710615300674],[-91.75929018725907,29.97101250847403],[-91.75947813039521,29.970979409345748],[-91.75966891145994,29.970962554518348],[-91.7598606754358,29.970962107877696],[-91.76356059996877,29.971112105380644]]]},"properties":{"fire_id":"F4883","date":"2026-09-27","area_ha":28.3,"cumulative_ha":28.3,"frp_sum":58.8,"n_detections":3,"first_seen":"2026-09-27","last_seen":"2026-09-27","centroid":[-91.76142,29.97299],"history":[{"date":"2026-09-27","area_ha":28.3}],"track":[[-91.76142198115305,29.972988966212863]],"growth_24h_ha":null,"speed_km_day":null,"bearing_deg":null,"direction":null}},{"type":"Feature","geometry":{"type":"Polygon","coordinates":[[[-91.66803091711094,30.062147317796676],[-91.66809591777314,30.06198501187303],[-91.66817958109127,30.061829274901257],[-91.66828104149447,30.06168171793383],[-91.6683992493235,30.061543867396644],[-91.66853298169191,30.061417149299906],[-91.6686808551381,30.06130287448794],[-91.66884133993766,30.061202225080425],[-91.66901277592751,30.061116242245234],[-91.6691933896787,30.061045815429424],[-91.66938131283968,30.060991673159563],[-91.67284124974294,30.06016168653755],[-91.67302411336287,30.060125941460264],[-91.67321009070231,30.060105623107024],[-91.67339745772239,30.060100919834042],[-91.67358447750408,30.060111875241823],[-91.67376941634672,30.060138387771037],[-91.6739505598367,30.060180211643836],[-91.67412622873768,30.060236959141967],[-91.67429479455475,30.060308104200484],[-91.67445469462888,30.06039298728385],[-91.67460444662139,30.060490821499215],[-91.67474266225446,30.060600699890188],[-91.6748680601804,30.060721603843643],[-91.67497947786036,30.06085241253166],[-91.67507588234217,30.060991913300857],[-91.67515637983782,30.061138812913406],[-91.67522022401133,30.061291749534856],[-91.67526682290021,30.061449305358444],[-91.67529574440651,30.061610019747974],[-91.6753067203061,30.06177240277855],[-91.67529964873894,30.061934949048695],[-91.67527459515746,30.062096151636336],[-91.67523179172359,30.062254516069146],[-91.67435184737165,30.06492452834719],[-91.67428692830069,30.065088978659194],[-91.6742028776203,30.065246769601476],[-91.67410058514787,30.0653962304995],[-91.673981133861,30.065535778869233],[-91.67384578843382,30.065663937173586],[-91.67369598184875,30.065779348468062],[-91.67353330022482,30.065880790769555],[-91.67335946602392,30.065967189996147],[-91.67317631981207,30.066037631341132],[-91.67298580076928,30.06609136896024],[-91.66951573708846,30.066901382042857],[-91.6693327452834,30.066935999631433],[-91.66914676666214,30.066955200033355],[-91.66895952234565,30.06695880556224],[-91.66877274517027,30.06694678285139],[-91.66858816364854,30.066919243162666],[-91.66840748596972,30.066876441356744],[-91.66823238418891,30.066818773534077],[-91.66806447875074,30.066746773368887],[-91.66790532349098,30.066661107169555],[-91.66775639125532,30.06656256771177],[-91.66761906026811,30.066452066900872],[-91.66749460137737,30.066330627332025],[-91.66738416629435,30.06619937282583],[-91.66728877693623,30.066059518027306],[-91.66720931597052,30.065912357164432],[-91.66714651864906,30.065759252070286],[-91.6671009660065,30.065601619579862],[-91.6670730794865,30.06544091841796],[-91.66706311704536,30.065278635699766],[-91.66707117076848,30.065116273168822],[-91.66709716602229,30.06495533330009],[-91.66714086214868,30.06479730539627],[-91.66803091711094,30.062147317796676]]]},"properties":{"fire_id":"F4855","date":"2026-09-27","area_ha":44.6,"cumulative_ha":44.6,"frp_sum":24.9,"n_detections":4,"first_seen":"2026-09-27","last_seen":"2026-09-27","centroid":[-91.67119,30.06353],"history":[{"date":"2026-09-27","area_ha":44.6}],"track":[[-91.67118981944611,30.063534854315744]],"growth_24h_ha":null,"speed_km_day":null,"bearing_deg":null,"direction":null}},{"type":"Feature","geometry":{"type":"Polygon","coordinates":[[[-92.17895226612853,30.984889165336458],[-92.17891007343067,30.984728091364484],[-92.1788864760254,30.984564256002848],[-92.17888169999388,30.984399229699406],[-92.17889579100242,30.984234594309815],[-92.17892861386903,30.984071927934714],[-92.17897985386361,30.983912789792953],[-92.17904901972886,30.983758705276436],[-92.17913544839301,30.98361115132933],[-92.17923831132887,30.98347154229179],[-92.17935662249828,30.983341216344247],[-92.17948924780562,30.983221422681698],[-92.17963491596974,30.983113309541054],[-92.17979223071,30.983017913196385],[-92.17995968412961,30.98293614802727],[-92.18013567116813,30.98286879775556],[-92.18031850498447,30.982816507934356],[-92.18385843991982,30.98196652211117],[-92.18404707056821,30.98192968081058],[-92.1842390126243,30.981908872626672],[-92.18443241264909,30.9819042984901],[-92.1846254031277,30.981916002570205],[-92.18481612049916,30.98194387184858],[-92.18500272314817,30.981987637210207],[-92.18518340918496,30.98204687604166],[-92.185356433842,30.98212101631156],[-92.18552012631972,30.98220934209337],[-92.18567290591828,30.98231100047771],[-92.18581329730031,30.98242500980742],[-92.18593994473687,30.982550269155624],[-92.18605162519923,30.98268556895563],[-92.18614726017005,30.982829602679818],[-92.18622592605999,30.98298097945527],[-92.18628686312888,30.983138237493566],[-92.18792697173382,30.98818821405274],[-92.187969521972,30.988349463371055],[-92.1879934273034,30.988513505789832],[-92.18799845780879,30.988678764338694],[-92.18798456501402,30.988843650348368],[-92.18795188236028,30.989006578722833],[-92.18790072392581,30.989165983177497],[-92.18783158141055,30.989320331296767],[-92.18774511941332,30.98946813926641],[-92.18764216904594,30.989607986138758],[-92.18752371994631,30.98973852749411],[-92.18739091076662,30.989858508366112],[-92.18724501822834,30.989966775307877],[-92.18708744484894,30.990062287481734],[-92.18691970545858,30.990144126666618],[-92.18674341263618,30.990211506086816],[-92.18656026120509,30.99026377797663],[-92.18301019590686,30.991113792160046],[-92.18282141397874,30.991150527737503],[-92.18262933148172,30.991171211092702],[-92.18243580534372,30.99117564227429],[-92.18224270645136,30.991163778444886],[-92.18205190156024,30.991135734295227],[-92.18186523524491,30.991091780935218],[-92.18168451206364,30.99103234327276],[-92.18151147911036,30.99095799590527],[-92.18134780912258,30.990869457564266],[-92.1811950843088,30.99076758416625],[-92.18105478105164,30.990653360537245],[-92.18092825563515,30.99052789089125],[-92.18081673113343,30.990392388154415],[-92.18072128558829,30.990248162238462],[-92.18064284158956,30.990096607376447],[-92.18058215735887,30.989939188643838],[-92.17895226612853,30.984889165336458]]]},"properties":{"fire_id":"F4856","date":"2026-09-27","area_ha":66.5,"cumulative_ha":66.5,"frp_sum":129.2,"n_detections":4,"first_seen":"2026-09-27","last_seen":"2026-09-27","centroid":[-92.18344,30.98654],"history":[{"date":"2026-09-27","area_ha":66.5}],"track":[[-92.18343809860106,30.986541142333785]],"growth_24h_ha":null,"speed_km_day":null,"bearing_deg":null,"direction":null}},{"type":"Feature","geometry":{"type":"Polygon","coordinates":[[[-85.12082924713756,32.9191449668096],[-85.12099726995686,32.919237787801876],[-85.12115333068438,32.9193441194565],[-85.12129587004127,32.919462899390524],[-85.12142346382404,32.919592940843074],[-85.1215348371349,32.91973294453117],[-85.12162887712091,32.919881511629946],[-85.1217046440953,32.92003715774738],[-85.12176138092937,32.92019832775443],[-85.12179852062107,32.92036341132198],[-85.12181569196457,32.92053075900964],[-85.12181272326399,32.92069869874579],[-85.12178964405393,32.920865552533925],[-85.12174668480948,32.92102965321874],[-85.12168427464829,32.92118936114418],[-85.12160303704765,32.921343080536985],[-85.12150378361905,32.92148927545236],[-85.12138750600224,32.92162648512178],[-85.12125536595973,32.92175333855028],[-85.12110868377066,32.92186856821655],[-85.12094892503964,32.92197102273945],[-85.12077768605269,32.922059678384095],[-85.1205966778264,32.922133649292405],[-85.12040770900983,32.922192196336105],[-85.12021266780994,32.922234734503014],[-85.11573257880211,32.923014748726416],[-85.11553713431215,32.92304051213439],[-85.11533959991267,32.92305019762467],[-85.11514187686473,32.923043711975495],[-85.1149458682454,32.92302111761055],[-85.11475346062737,32.922982631997975],[-85.11456650591737,32.922928625556985],[-85.11438680352866,32.922859618092104],[-85.11421608305918,32.92277627378916],[-85.11405598764232,32.92267939482184],[-85.11390805813046,32.92256991362966],[-85.11377371826393,32.922448883942245],[-85.11365426096782,32.9223174706363],[-85.1135508359088,32.92217693852254],[-85.11346443843155,32.92202864017122],[-85.11339589998137,32.92187400289297],[-85.11334588010484,32.9217145150005],[-85.11248596163821,32.91829450193875],[-85.11245533442879,32.91813465785954],[-85.11244331089766,32.917973100251224],[-85.11245000251128,32.91781132839391],[-85.11247534705659,32.91765084354788],[-85.1125191092226,32.91749313502186],[-85.11258088278821,32.91733966635247],[-85.11266009439575,32.91719186172306],[-85.11275600887525,32.91705109274807],[-85.1128677360697,32.916918665745385],[-85.11299423909794,32.916795809614925],[-85.11313434397861,32.916683664435745],[-85.11328675052538,32.91658327088741],[-85.11345004441269,32.91649556059404],[-85.1136227102999,32.91642134748013],[-85.11380314589213,32.91636132021862],[-85.11398967680728,32.916316035841305],[-85.1141805721114,32.91628591457041],[-85.11437406037845,32.91627123591988],[-85.11456834612545,32.91627213610184],[-85.1147616264705,32.91628860676299],[-85.11495210785962,32.91632049506196],[-85.11513802270703,32.916367505087486],[-85.1153176457946,32.91642920060385],[-85.11548931027858,32.916505009098316],[-85.12082924713756,32.9191449668096]]]},"properties":{"fire_id":"F4857","date":"2026-09-27","area_ha":45.4,"cumulative_ha":45.4,"frp_sum":17.6,"n_detections":3,"first_seen":"2026-09-27","last_seen":"2026-09-27","centroid":[-85.11663,32.91989],"history":[{"date":"2026-09-27","area_ha":45.4}],"track":[[-85.11663403464728,32.9198926321745]],"growth_24h_ha":null,"speed_km_day":null,"bearing_deg":null,"direction":null}},{"type":"Feature","geometry":{"type":"Polygon","coordinates":[[[-90.58177825786345,35.08014065116104],[-90.5848979106472,35.08150670244298],[-90.58507316996806,35.081592762649095],[-90.58523705295468,35.081692391216066],[-90.58538795670619,35.081804613725154],[-90.58552440524596,35.081928332578315],[-90.58564506395781,35.0820623377317],[-90.5857487526404,35.082205318529304],[-90.58583445705231,35.082355876520595],[-90.58590133883489,35.0825125391371],[-90.58594874371543,35.082673774094104],[-90.58597620791076,35.08283800437677],[-90.58598346266794,35.08300362366403],[-90.5859704368979,35.08316901203948],[-90.58593725787581,35.0833325518356],[-90.58588425000138,35.083492643456395],[-90.58581193163056,35.08364772102365],[-90.58572101001012,35.083796267693664],[-90.58561237436378,35.083936830494814],[-90.58548708719783,35.08406803454044],[-90.58534637391115,35.08418859647846],[-90.58519161081067,35.084297337045534],[-90.58502431165024,35.08439319260336],[-90.58484611282381,35.08447522554406],[-90.5846587573582,35.08454263346258],[-90.58446407786198,35.084594757006755],[-90.57955398255136,35.085694778391094],[-90.57935712163768,35.085730643254266],[-90.5791568786169,35.08575087644881],[-90.57895514988185,35.08575528635788],[-90.57875384589859,35.085743831217755],[-90.57855487310972,35.08571661951347],[-90.57836011587614,35.08567390895118],[-90.57817141862782,35.085616104017205],[-90.5779905683934,35.08554375214664],[-90.5747705260776,35.084093726594936],[-90.57459903799267,35.08400739374477],[-90.57443876159367,35.08390798487062],[-90.57429121844558,35.08379644372392],[-90.57415780921033,35.08367382923141],[-90.57403980034978,35.08354130544079],[-90.5739383121035,35.08340013046854],[-90.57385430785574,35.083251644554565],[-90.57378858499212,35.08309725733766],[-90.57374176733302,35.08293843447214],[-90.57371429921534,35.08277668371309],[-90.57370644127846,35.082613540602075],[-90.57371826799454,35.08245055388959],[-90.5737496669663,35.082289270832376],[-90.57380033999866,35.08213122250511],[-90.57386980593415,35.0819779092663],[-90.57395740522473,35.08183078651591],[-90.57581745160674,35.07906081316392],[-90.57592393195384,35.078919382480976],[-90.57604716153116,35.07878713277906],[-90.57618593750882,35.0786653548471],[-90.57633890534011,35.07855523726152],[-90.57650457198311,35.078457854787075],[-90.57668132047311,35.07837415788824],[-90.57686742570353,35.07830496345404],[-90.5770610712615,35.07825094682629],[-90.57726036715388,35.07821263520933],[-90.57746336825073,35.07819040252544],[-90.57766809326633,35.07818446576583],[-90.57787254409283,35.07819488287334],[-90.578074725298,35.07822155217688],[-90.57827266359665,35.07826421338371],[-90.57846442710643,35.07832245011935],[-90.57864814419956,35.07839569399069],[-90.57882202176737,35.078483230132655],[-90.58177825786345,35.08014065116104]]]},"properties":{"fire_id":"F4858","date":"2026-09-27","area_ha":61.5,"cumulative_ha":61.5,"frp_sum":137.8,"n_detections":5,"first_seen":"2026-09-27","last_seen":"2026-09-27","centroid":[-90.57946,35.08229],"history":[{"date":"2026-09-27","area_ha":61.5}],"track":[[-90.57945671461881,35.08228644344021]],"growth_24h_ha":null,"speed_km_day":null,"bearing_deg":null,"direction":null}},{"type":"Feature","geometry":{"type":"Polygon","coordinates":[[[-86.32136848271098,37.867187747127076],[-86.3259865917092,37.86637807928666],[-86.32619512912028,37.86634981174437],[-86.32640622983268,37.8663376114824],[-86.32661785090833,37.86634159656944],[-86.32682794437436,37.866361728439614],[-86.32703447703841,37.866397812265525],[-86.32723545016111,37.866449498843394],[-86.32742891879548,37.86651628797179],[-86.3276130106061,37.86659753329151],[-86.32778594398653,37.86669244853963],[-86.32794604529913,37.86680011515736],[-86.32809176507125,37.86691949117809],[-86.32822169299044,37.86704942130975],[-86.32833457155402,37.86718864811394],[-86.32842930824087,37.86733582417355],[-86.32850498608727,37.867489525131646],[-86.32856087256468,37.86764826347497],[-86.32952096369321,37.871018247206344],[-86.32955645403216,37.87118004993846],[-86.32957137765693,37.87134377768718],[-86.32956559076703,37.87150785431126],[-86.32953914893356,37.87167070030075],[-86.32949230656945,37.8718307479823],[-86.32942551448546,37.871986456611204],[-86.32933941555524,37.87213632720443],[-86.32923483853071,37.87227891697202],[-86.32911279006755,37.87241285320782],[-86.32897444503718,37.87253684650579],[-86.3288211352184,37.872649703174496],[-86.32865433647763,37.87275033673051],[-86.32847565456093,37.87283777835941],[-86.32828680963482,37.872911186244366],[-86.32808961972447,37.87296985367166],[-86.32788598320914,37.8730132158358],[-86.32324871341663,37.873812745791795],[-86.31861144210794,37.87462227004034],[-86.3186069621095,37.874623048115076],[-86.31398067346286,37.87542240755053],[-86.31020214952345,37.87608632764704],[-86.30756053697992,37.8791053985195],[-86.30831230256872,37.88177189283836],[-86.30834699015367,37.881931509747545],[-86.30836166840882,37.882092985364395],[-86.30835619976521,37.88225480773544],[-86.30833063529624,37.882415461650666],[-86.30828521424424,37.88257344283113],[-86.30822036178526,37.88272727201455],[-86.3081366850524,37.882875508806976],[-86.30803496745496,37.88301676517111],[-86.30791616134631,37.88314971842417],[-86.30778137910939,37.88327312362447],[-86.30763188274258,37.88338582523002],[-86.30746907204399,37.88348676792027],[-86.30729447150439,37.883575006479255],[-86.30710971603179,37.883649714647916],[-86.30691653564101,37.88371019286255],[-86.30671673925217,37.88375587480644],[-86.3065121977494,37.88378633271395],[-86.30630482645888,37.88380128137689],[-86.30609656721036,37.883800580815674],[-86.3058893701501,37.88378423759035],[-86.30568517547599,37.88375240473922],[-86.30548589526587,37.88370538034544],[-86.30529339556946,37.8836436047453],[-86.30510947893164,37.88356765640401],[-86.29401933953964,37.878437557945595],[-86.29384135423432,37.878345612785516],[-86.29367597786519,37.8782403988635],[-86.29352484117521,37.87812295370834],[-86.29338943446699,37.87799443545763],[-86.29327109290757,37.87785611143548],[-86.29317098336386,37.8777093456539],[-86.2930900928988,37.877555585360795],[-86.29302921904143,37.877396346767405],[-86.29298896192684,37.87723320009601],[-86.29296971838299,37.87706775409533],[-86.29297167802314,37.87690164017657],[-86.2929948213815,37.87673649632614],[-86.29303892011087,37.876573950954295],[-86.29310353923975,37.876415606838286],[-86.29318804146656,37.87626302531899],[-86.29329159344836,37.876117710906236],[-86.29341317402208,37.875981096444974],[-86.29355158427673,37.87585452898843],[-86.29370545937739,37.87573925651721],[-86.29387328202435,37.87563641563562],[-86.29405339741425,37.87554702036615],[-86.29424402955634,37.87547195215273],[-86.29444329878238,37.87541195117099],[-86.2946492402781,37.87536760903147],[-86.29923914395563,37.874567626462664],[-86.30300965257904,37.87391190024564],[-86.30618093037705,37.87028888977816],[-86.30630278562842,37.87016287292795],[-86.30643935804112,37.870046333243366],[-86.30658943469797,37.86994030567219],[-86.3067516827729,37.869845731803714],[-86.3069246613674,37.869763451507964],[-86.3071068343061,37.86969419547845],[-86.30729658377753,37.86963857874434],[-86.30749222469939,37.86959709520958],[-86.31211129972303,37.86879725602492],[-86.32136848271098,37.867187747127076]]]},"properties":{"fire_id":"F4859","date":"2026-09-27","area_ha":256.2,"cumulative_ha":256.2,"frp_sum":62.6,"n_detections":15,"first_seen":"2026-09-27","last_seen":"2026-09-27","centroid":[-86.31137,37.87402],"history":[{"date":"2026-09-27","area_ha":256.2}],"track":[[-86.31136587146808,37.87402105954299]],"growth_24h_ha":null,"speed_km_day":null,"bearing_deg":null,"direction":null}},{"type":"Feature","geometry":{"type":"Polygon","coordinates":[[[-86.29010643946802,37.89378635024407],[-86.29031576652487,37.89375880660063],[-86.29052756660226,37.893747422712615],[-86.29073977944441,37.89375230931529],[-86.29095034078122,37.893773418874886],[-86.29115720240412,37.89381054605089],[-86.2913583520859,37.89386332969308],[-86.29155183315065,37.89393125635392],[-86.2917357635042,37.89401366528209],[-86.29190835393945,37.894109754848664],[-86.29206792553916,37.89421859034367],[-86.29221292600663,37.894339113067026],[-86.29867296337468,37.90026902743855],[-86.2988009767782,37.90039890199809],[-86.29891205451575,37.90053787216143],[-86.29900513426126,37.90068460896708],[-86.29907932578563,37.9008377091737],[-86.29913391947335,37.900995708678025],[-86.29916839311267,37.9011570965153],[-86.29918241689415,37.901320329307886],[-86.29917585656972,37.90148384602449],[-86.2991487747415,37.901646082908336],[-86.29910143026845,37.901805488432],[-86.2990342757958,37.901960538135484],[-86.29894795343102,37.902109749206],[-86.29884328860723,37.90225169465964],[-86.29872128219286,37.90238501698955],[-86.29858310092274,37.90250844114974],[-86.29843006624195,37.90262078675071],[-86.29826364166928,37.90272097934966],[-86.29808541880085,37.902808060727814],[-86.297897102088,37.90288119805587],[-86.29770049253493,37.902939691860475],[-86.29749747047205,37.90298298271512],[-86.29037379086205,37.904214207871455],[-86.2908470038101,37.90596643129972],[-86.29087982595918,37.90612593038403],[-86.29089269929534,37.906287145659554],[-86.29088550367419,37.90644857417036],[-86.29085830604754,37.90660871096298],[-86.29081135984408,37.90676606311658],[-86.2907451026116,37.9069191636617],[-86.29066015194208,37.90706658525703],[-86.29055729971799,37.90720695349738],[-86.29043750473316,37.9073389597281],[-86.29030188375658,37.90746137324693],[-86.29015170112284,37.907573052779334],[-86.28998835694574,37.90767295711994],[-86.28981337406533,37.9077601548414],[-86.2896283838497,37.907833832979556],[-86.28943511098429,37.907893304614234],[-86.28923535739013,37.907938015274596],[-86.2890309854217,37.9079675481097],[-86.28882390050055,37.90798162777561],[-86.288616033347,37.90798012300307],[-86.28840932197589,37.90796304782156],[-86.28820569362415,37.90793056142849],[-86.28800704677893,37.90788296670466],[-86.28781523347412,37.90782070738988],[-86.28763204202036,37.90774436394496],[-86.28212197355732,37.905174314686214],[-86.28193928885645,37.90507889959466],[-86.28177009760229,37.90496948785736],[-86.28161616849884,37.904847223291114],[-86.28147911067235,37.9047133840735],[-86.28136035685012,37.90456936937851],[-86.28126114838471,37.904416684747716],[-86.28118252227993,37.90425692634943],[-86.28112530035403,37.90409176429087],[-86.28048508559033,37.90177852603047],[-86.2716594227791,37.90024244155364],[-86.27146242694367,37.90020042815729],[-86.27127144286457,37.90014409296642],[-86.27108819041042,37.900073943300434],[-86.27091431981081,37.899990610881645],[-86.27075139679347,37.89989484614538],[-86.27060088848324,37.8997875114809],[-86.27046415018965,37.8996695734641],[-86.27034241320224,37.89954209415199],[-86.27023677370349,37.89940622151734],[-86.2701481828992,37.89926317910975],[-86.27007743845513,37.89911425503638],[-86.270025177317,37.898960790361315],[-86.269095268942,37.89559077456977],[-86.26906069453206,37.895425504281086],[-86.26904755174375,37.89525837579619],[-86.26905597209597,37.895091063407136],[-86.26908587108848,37.89492524323711],[-86.26913694905424,37.89476257644935],[-86.26920869416702,37.894604692606215],[-86.26930038757408,37.89445317334542],[-86.2694111106021,37.894309536536596],[-86.26953975396418,37.89417522107717],[-86.26968502887534,37.8940515724794],[-86.26984547996517,37.89393982939334],[-86.27001949985821,37.893841111200324],[-86.27020534527594,37.89375640680118],[-86.27040115449903,37.89368656471176],[-86.27060496601518,37.89363228456435],[-86.2708147381656,37.893594110100565],[-86.27102836959364,37.89357242372555],[-86.27124372029087,37.893567442678],[-86.27145863302994,37.89357921685446],[-86.2716709549698,37.89360762830966],[-86.28136037099569,37.89529566580099],[-86.28548986827775,37.89457748419846],[-86.28549653647937,37.89457633300524],[-86.29010643946802,37.89378635024407]]]},"properties":{"fire_id":"F4860","date":"2026-09-27","area_ha":242.3,"cumulative_ha":242.3,"frp_sum":55.7,"n_detections":10,"first_seen":"2026-09-27","last_seen":"2026-09-27","centroid":[-86.28461,37.89952],"history":[{"date":"2026-09-27","area_ha":242.3}],"track":[[-86.28461264486984,37.89951554952538]],"growth_24h_ha":null,"speed_km_day":null,"bearing_deg":null,"direction":null}},{"type":"Feature","geometry":{"type":"Polygon","coordinates":[[[-86.26125073188325,37.91353921630744],[-86.26145079900756,37.91360524835997],[-86.26164127796616,37.913686616769475],[-86.26182022745219,37.91378249226673],[-86.26198582364172,37.91389189772948],[-86.26213637878023,37.91401371813926],[-86.2622703583834,37.914146711943495],[-86.26238639687716,37.91428952370727],[-86.26248331151707,37.914440697925734],[-86.26256011444583,37.91459869385682],[-86.2626160227652,37.914761901222754],[-86.26353611426843,37.91812188558708],[-86.26356952708515,37.91828141646767],[-86.2635829681505,37.91844270788918],[-86.26357631186545,37.91860425424651],[-86.26354962023345,37.918764547545074],[-86.26350314228648,37.91892209147771],[-86.26343731176526,37.91907541539261],[-86.26335274307466,37.9192230880225],[-86.26325022555247,37.919363730846],[-86.26313071610424,37.919496030957426],[-86.26299533027353,37.91961875332373],[-86.26284533183016,37.91973075231519],[-86.26268212097405,37.91983098240131],[-86.26250722126453,37.91991850791241],[-86.26232226539723,37.919992511775746],[-86.26212897996122,37.920052303144324],[-86.26192916931902,37.92009732384733],[-86.2617246987597,37.920127153601754],[-86.2615174770829,37.9201415139367],[-86.26130943877601,37.92014027079338],[-86.26110252595151,37.92012343577698],[-86.26089867021302,37.92009116604827],[-86.26069977461941,37.92004376285609],[-86.26050769591585,37.91998166872463],[-86.26032422719747,37.919905463321506],[-86.25105577752318,37.915595424231604],[-86.24854915551099,37.91845230209996],[-86.24841843990276,37.918586278403666],[-86.24827107586712,37.91870938525347],[-86.24810855163233,37.91882037932867],[-86.24793250856015,37.918918139636716],[-86.24774472456892,37.919001678836196],[-86.2475470961762,37.919070153210455],[-86.24734161934279,37.9191228711901],[-86.24713036931139,37.91915930033913],[-86.2469154796438,37.91917907273314],[-86.2466991206685,37.91918198867623],[-86.24648347755665,37.91916801871814],[-86.2462707282479,37.919137303951736],[-86.24606302144933,37.91909015458784],[-86.24586245493002,37.9190270468215],[-86.2456710543305,37.91894861802156],[-86.2401409845384,37.91639856898113],[-86.23996478601711,37.91630794448997],[-86.23980086973259,37.91620433779325],[-86.2396508143881,37.91608874677723],[-86.23951606516553,37.91596228474997],[-86.23939791980688,37.91582616971724],[-86.23929751611664,37.915681712649715],[-86.23921582100569,37.91553030485541],[-86.23915362118183,37.91537340457807],[-86.23911151557675,37.91521252295162],[-86.23908990958215,37.9150492094451],[-86.23908901115016,37.91488503693918],[-86.23910882879584,37.91472158657715],[-86.23914917152047,37.91456043253712],[-86.23920965065625,37.91440312687133],[-86.23928968361434,37.914251184559305],[-86.23938849950042,37.91410606891809],[-86.23950514654267,37.91396917751052],[-86.23963850126147,37.91384182868708],[-86.23978727929158,37.91372524889062],[-86.23995004775286,37.91362056084657],[-86.24012523905051,37.91352877275199],[-86.24163522050094,37.912818786334604],[-86.24184173438879,37.912733233451085],[-86.2420589788444,37.91266560095234],[-86.24228438724346,37.912616687871925],[-86.24687429069563,37.91182670511834],[-86.25147526545206,37.9110365381395],[-86.25167637069939,37.91100969064889],[-86.25187984373542,37.91099775591332],[-86.25208385706519,37.911000841124725],[-86.25228657834201,37.9110189185733],[-86.25248618682147,37.91105182589612],[-86.25268088971116,37.91109926753523],[-86.26125073188325,37.91353921630744]]]},"properties":{"fire_id":"F4861","date":"2026-09-27","area_ha":132.8,"cumulative_ha":132.8,"frp_sum":37.3,"n_detections":8,"first_seen":"2026-09-27","last_seen":"2026-09-27","centroid":[-86.2518,37.91526],"history":[{"date":"2026-09-27","area_ha":132.8}],"track":[[-86.2517958147773,37.91525890197808]],"growth_24h_ha":null,"speed_km_day":null,"bearing_deg":null,"direction":null}},{"type":"Feature","geometry":{"type":"Polygon","coordinates":[[[-84.2393793453499,39.43201633674514],[-84.23940891070929,39.432175307154296],[-84.23941831754651,39.43233570237893],[-84.23940747909607,39.43249604527283],[-84.23937649504055,39.4326548591617],[-84.2393256505974,39.432810681442724],[-84.23925541389703,39.43296207705489],[-84.23916643167588,39.433107651695956],[-84.23905952332431,39.43324606466449],[-84.2389356733435,39.433376041208376],[-84.2387960222812,39.43349638426628],[-84.23864185622952,39.43360598549372],[-84.2384745949812,39.43370383547224],[-84.23829577895394,39.433789033007486],[-84.23810705500262,39.43386079343056],[-84.23791016125054,39.43391845582612],[-84.23770691107941,39.43396148912055],[-84.2374991764253,39.43398949697419],[-84.23728887053502,39.43400222143235],[-84.23707793034153,39.433999545301546],[-84.23686829862096,39.43398149322927],[-84.23666190609586,39.43394823147668],[-84.22700170485594,39.43201818736856],[-84.2267931195084,39.431967937338534],[-84.22659213066457,39.43190215645119],[-84.22640072923764,39.43182149631358],[-84.22622081115321,39.43172675592002],[-84.22605415856675,39.43161887373596],[-84.2259024222092,39.43149891840032],[-84.22576710503536,39.43136807813824],[-84.22564954733727,39.431227648989335],[-84.22555091346985,39.431079021968024],[-84.22547218032047,39.43092366928345],[-84.22541412763616,39.43076312975518],[-84.22537733030472,39.43059899356957],[-84.22536215266534,39.43043288652768],[-84.22536874490548,39.43026645394086],[-84.22539704157907,39.43010134433335],[-84.22544676226063,39.42993919311385],[-84.22551741432868,39.42978160637713],[-84.22560829785051,39.42963014499657],[-84.22571851251968,39.42948630916503],[-84.22584696657754,39.42935152353706],[-84.2259923876301,39.42922712311955],[-84.22615333525306,39.42911434005058],[-84.22632821525991,39.42901429139729],[-84.22651529549215,39.42892796809356],[-84.22671272297461,39.428856225126836],[-84.22691854226676,39.42879977307163],[-84.22713071482767,39.428759171052846],[-84.23597052224426,39.42741920210053],[-84.23618500034078,39.42739498134112],[-84.23640157016143,39.42738696023073],[-84.23661812470604,39.427395216806346],[-84.23683255712304,39.42741967074012],[-84.23704278120269,39.42746008412087],[-84.23724675166977,39.427516063768046],[-84.2374424840784,39.42758706505628],[-84.2376280741155,39.42767239721301],[-84.23780171612572,39.42777123003761],[-84.23796172067685,39.42788260197719],[-84.23810653099612,39.4280054294799],[-84.23823473811629,39.42813851753534],[-84.2383450945851,39.42828057129936],[-84.23843652660422,39.428430208690386],[-84.23850814447958,39.42858597383459],[-84.2385592512815,39.42874635122941],[-84.2393793453499,39.43201633674514]]]},"properties":{"fire_id":"F4862","date":"2026-09-27","area_ha":62.8,"cumulative_ha":62.8,"frp_sum":5.8,"n_detections":3,"first_seen":"2026-09-27","last_seen":"2026-09-27","centroid":[-84.23318,39.43062],"history":[{"date":"2026-09-27","area_ha":62.8}],"track":[[-84.23318032467866,39.430619289333436]],"growth_24h_ha":null,"speed_km_day":null,"bearing_deg":null,"direction":null}},{"type":"Feature","geometry":{"type":"Polygon","coordinates":[[[-97.82165443989958,25.93438233850012],[-97.82183299269008,25.934371993594244],[-97.82201179681596,25.934377544396504],[-97.82218918829017,25.934398939249167],[-97.82236351626979,25.93443597904426],[-97.82253315841645,25.93448831907617],[-97.82269653599192,25.93455547224927],[-97.82285212854804,25.934636813610492],[-97.82299848807473,25.93473158616464],[-97.82313425247447,25.93483890791857],[-97.82325815823773,25.93495778008846],[-97.82336905220154,25.93508709639415],[-97.82346590228188,25.935225653353694],[-97.82354780707985,25.935372161482828],[-97.82361400427222,25.935525257294543],[-97.8236638777083,25.935683515987954],[-97.82369696314693,25.935845464707555],[-97.82371295257998,25.9360095962502],[-97.82371169710247,25.9361743830917],[-97.82369320830169,25.936338291602922],[-97.8236576581532,25.93649979632295],[-97.82360537742365,25.93665739415632],[-97.82353685259582,25.936809618362393],[-97.82345272134404,25.936955052206812],[-97.82335376660205,25.93709234214726],[-97.82324090927845,25.937220210431683],[-97.82311519968746,25.937337466991124],[-97.82297780777458,25.937443020516536],[-97.82283001222838,25.937535888616438],[-97.81914997406908,25.939615913766584],[-97.81899115099434,25.939696119864426],[-97.81882459038849,25.939761673548364],[-97.81865188105155,25.93981194951337],[-97.81847467044568,25.93984646818515],[-97.81829464897788,25.939864900295348],[-97.81811353387258,25.939867070022792],[-97.81793305278825,25.939852956670723],[-97.81775492733433,25.93982269486438],[-97.81758085664609,25.939776573266585],[-97.81741250117378,25.939715031823916],[-97.8172514668413,25.93963865756961],[-97.81709928972548,25.939548179023273],[-97.81695742140194,25.939444459240942],[-97.81508741505199,25.937934443132857],[-97.81495901766064,25.937820238127184],[-97.81484313519815,25.937695192876017],[-97.81474084109257,25.937560465731224],[-97.81465308288224,25.937417304728505],[-97.81458067343983,25.937267036025407],[-97.81452428344427,25.937111051615908],[-97.81448443517061,25.93695079643517],[-97.81446149765485,25.93678775497405],[-97.81445568327872,25.936623437527526],[-97.81446704580583,25.936459366204144],[-97.81449547988711,25.936297060826373],[-97.81454072204033,25.93613802485226],[-97.81460235309407,25.93598373144911],[-97.81467980207375,25.93583560984766],[-97.81477235149337,25.935695032103663],[-97.81487914400401,25.9355633003892],[-97.81499919033718,25.93544163493139],[-97.81513137846972,25.935331162710412],[-97.815274483925,25.935232907021142],[-97.81542718111517,25.935147777995397],[-97.8155880556193,25.935076564172338],[-97.81575561728387,25.93501992519513],[-97.81592831402403,25.934978385701477],[-97.81610454619832,25.934952330464476],[-97.82165443989958,25.93438233850012]]]},"properties":{"fire_id":"F4885","date":"2026-09-27","area_ha":39.8,"cumulative_ha":39.8,"frp_sum":19.4,"n_detections":3,"first_seen":"2026-09-27","last_seen":"2026-09-27","centroid":[-97.81902,25.93682],"history":[{"date":"2026-09-27","area_ha":39.8}],"track":[[-97.81901675284752,25.936818412012524]],"growth_24h_ha":null,"speed_km_day":null,"bearing_deg":null,"direction":null}},{"type":"Feature","geometry":{"type":"Polygon","coordinates":[[[-101.35327272115863,30.304824552145387],[-101.3534118294734,30.304941980399434],[-101.35353674565245,30.30507078808702],[-101.35364623146808,30.30520969846857],[-101.35373920162041,30.305357334661295],[-101.35381473449692,30.30551223328569],[-101.35387208131023,30.305672858969643],[-101.35391067352369,30.305837619566258],[-101.3539301284906,30.306004881934836],[-101.35393025325159,30.30617298812831],[-101.35391104645173,30.30634027182713],[-101.35387269835871,30.30650507485617],[-101.35381558898146,30.306665763621574],[-101.35374028430763,30.306820745303906],[-101.35364753069726,30.30696848364762],[-101.35353824748785,30.307107514190182],[-101.3534135178843,30.30723645877961],[-101.35327457822339,30.307354039236614],[-101.3531228057198,30.307459090025997],[-101.35295970481455,30.307550569811458],[-101.35278689226156,30.30762757177924],[-101.35260608109998,30.307689332628218],[-101.35241906367123,30.30773524013742],[-101.35222769384953,30.307764839235578],[-101.3481576122543,30.30821484677083],[-101.3479664981053,30.30822777058824],[-101.34777483940378,30.308224427658196],[-101.3475844834368,30.30820485020089],[-101.34739726493278,30.30816922690997],[-101.34721498837452,30.308117901133514],[-101.34703941060393,30.308051367564296],[-101.34687222388632,30.307970267471067],[-101.34671503959777,30.307875382516997],[-101.34656937269261,30.30776762722485],[-101.34643662710108,30.30764804016146],[-101.34631808219784,30.307517773926737],[-101.34621488047166,30.307378084043446],[-101.3461280165155,30.30723031685533],[-101.34605832744242,30.307075896549794],[-101.34600648482039,30.306916311430562],[-101.34597298820294,30.30675309957268],[-101.34538308118839,30.30274309103026],[-101.34536833299632,30.30258014245023],[-101.34537187256747,30.302416724123326],[-101.34539366662635,30.30225436732885],[-101.34543351085,30.302094593391892],[-101.34549103178655,30.301938899428304],[-101.34556569035831,30.30178874431676],[-101.34565678691635,30.30164553502957],[-101.34576346779926,30.301510613449924],[-101.34588473333437,30.301385243799228],[-101.34601944720654,30.301270600792314],[-101.3461663471064,30.30116775863133],[-101.34632405655861,30.301077680941766],[-101.34649109781897,30.30100121174418],[-101.34666590571975,30.30093906754697],[-101.34684684233358,30.30089183063351],[-101.34703221231834,30.300859943607087],[-101.34722027879975,30.300843705244368],[-101.34740927964265,30.300843267696198],[-101.34759744395872,30.30085863506235],[-101.34778300869631,30.300889663353036],[-101.34796423515665,30.300936061837866],[-101.34813942528234,30.300997395769553],[-101.34830693756523,30.301073090456832],[-101.3484652024249,30.301162436648532],[-101.34861273691394,30.30126459717822],[-101.35327272115863,30.304824552145387]]]},"properties":{"fire_id":"F4886","date":"2026-09-27","area_ha":46.9,"cumulative_ha":46.9,"frp_sum":14.7,"n_detections":3,"first_seen":"2026-09-27","last_seen":"2026-09-27","centroid":[-101.34911,30.30493],"history":[{"date":"2026-09-27","area_ha":46.9}],"track":[[-101.34910784843512,30.30492921995143]],"growth_24h_ha":null,"speed_km_day":null,"bearing_deg":null,"direction":null}}]}