latitude,longitude,bright_ti4,acq_date,acq_time,satellite,instrument,confidence,version,frp,daynight
40.62244,-122.40832,343.7,2026-08-18,1012,N,VIIRS,n,2.0NRT,7.6,N
40.626,-122.39248,335.1,2026-08-18,0942,N,VIIRS,n,2.0NRT,10.7,N
40.60439,-122.41042,333.0,2026-08-18,0812,N,VIIRS,n,2.0NRT,19.8,N
40.62102,-122.40253,340.7,2026-08-18,1012,N,VIIRS,n,2.0NRT,6.6,N
40.61987,-122.40682,344.1,2026-08-18,1002,N,VIIRS,n,2.0NRT,21.4,N
40.62704,-122.39378,331.3,2026-08-18,0842,N,VIIRS,n,2.0NRT,14.5,N
40.62053,-122.39098,338.3,2026-08-18,0802,N,VIIRS,n,2.0NRT,7.9,N
40.62374,-122.40687,329.9,2026-08-18,0842,N,VIIRS,n,2.0NRT,5.5,N
40.62295,-122.40767,344.3,2026-08-18,1012,N,VIIRS,n,2.0NRT,13.2,N
40.62703,-122.4004,345.1,2026-08-18,0822,N,VIIRS,n,2.0NRT,8.8,N
40.61852,-122.40545,334.5,2026-08-18,1012,N,VIIRS,n,2.0NRT,3.5,N
40.62978,-122.40124,337.4,2026-08-18,0942,N,VIIRS,n,2.0NRT,13.0,N
40.61657,-122.40282,342.7,2026-08-18,0812,N,VIIRS,n,2.0NRT,18.3,N
40.62426,-122.39708,332.8,2026-08-18,1022,N,VIIRS,n,2.0NRT,8.7,N
40.6233,-122.39655,342.9,2026-08-18,0942,N,VIIRS,n,2.0NRT,7.9,N
40.63713,-122.40325,337.5,2026-08-18,1032,N,VIIRS,n,2.0NRT,18.8,N
43.74988,-121.42868,341.4,2026-08-18,0832,N,VIIRS,n,2.0NRT,7.0,N
43.75206,-121.42598,333.9,2026-08-18,1022,N,VIIRS,n,2.0NRT,18.8,N
43.7624,-121.42543,345.0,2026-08-18,0902,N,VIIRS,n,2.0NRT,7.9,N
43.75773,-121.4122,336.2,2026-08-18,0852,N,VIIRS,n,2.0NRT,17.4,N
43.75786,-121.41557,343.8,2026-08-18,0802,N,VIIRS,n,2.0NRT,4.8,N
43.7544,-121.42123,341.9,2026-08-18,0802,N,VIIRS,n,2.0NRT,1.6,N
43.7543,-121.42203,342.5,2026-08-18,0832,N,VIIRS,n,2.0NRT,23.2,N
43.76504,-121.43036,335.1,2026-08-18,0932,N,VIIRS,n,2.0NRT,0.6,N
43.76261,-121.41857,346.4,2026-08-18,0852,N,VIIRS,n,2.0NRT,4.0,N
43.75644,-121.42868,330.0,2026-08-18,0942,N,VIIRS,n,2.0NRT,5.9,N
35.42,-119.05,339.7,2026-08-18,1042,N,VIIRS,n,2.0NRT,4.0,N
35.423,-119.05,340.8,2026-08-18,0802,N,VIIRS,n,2.0NRT,4.0,N
35.417,-119.05,337.0,2026-08-18,1012,N,VIIRS,n,2.0NRT,4.0,N
40.62016,-122.4034,339.1,2026-08-19,1052,N,VIIRS,n,2.0NRT,17.2,N
40.65171,-122.40438,341.1,2026-08-19,1002,N,VIIRS,n,2.0NRT,9.8,N
40.63855,-122.40521,355.1,2026-08-19,0832,N,VIIRS,n,2.0NRT,12.5,N
40.6395,-122.39207,331.2,2026-08-19,0942,N,VIIRS,n,2.0NRT,5.5,N
40.6284,-122.39642,335.6,2026-08-19,0842,N,VIIRS,n,2.0NRT,14.8,N
40.62332,-122.39145,333.6,2026-08-19,1052,N,VIIRS,n,2.0NRT,1.0,N
40.62536,-122.4085,334.7,2026-08-19,0832,N,VIIRS,n,2.0NRT,45.2,N
40.61697,-122.39424,352.8,2026-08-19,0812,N,VIIRS,n,2.0NRT,1.9,N
40.64611,-122.39437,357.4,2026-08-19,1002,N,VIIRS,n,2.0NRT,4.3,N
40.62879,-122.39308,350.4,2026-08-19,0812,N,VIIRS,n,2.0NRT,8.6,N
40.64332,-122.39376,342.6,2026-08-19,0812,N,VIIRS,n,2.0NRT,9.6,N
40.62581,-122.38472,338.6,2026-08-19,1002,N,VIIRS,n,2.0NRT,10.5,N
40.63437,-122.38034,342.8,2026-08-19,0942,N,VIIRS,n,2.0NRT,13.9,N
40.63187,-122.40849,340.3,2026-08-19,1052,N,VIIRS,n,2.0NRT,13.1,N
40.61604,-122.37916,339.4,2026-08-19,0812,N,VIIRS,n,2.0NRT,6.3,N
40.64758,-122.39783,335.4,2026-08-19,0822,N,VIIRS,n,2.0NRT,32.4,N
40.62609,-122.38109,347.1,2026-08-19,0802,N,VIIRS,n,2.0NRT,14.2,N
40.61871,-122.40513,345.6,2026-08-19,1052,N,VIIRS,n,2.0NRT,16.6,N
40.63656,-122.40002,341.6,2026-08-19,0932,N,VIIRS,n,2.0NRT,4.2,N
40.62995,-122.39767,338.5,2026-08-19,0832,N,VIIRS,n,2.0NRT,9.2,N
40.63344,-122.38164,338.6,2026-08-19,1032,N,VIIRS,n,2.0NRT,30.7,N
40.63092,-122.38943,329.5,2026-08-19,0822,N,VIIRS,n,2.0NRT,14.6,N
40.60909,-122.3965,345.2,2026-08-19,1012,N,VIIRS,n,2.0NRT,35.3,N
40.6214,-122.40843,338.0,2026-08-19,1052,N,VIIRS,n,2.0NRT,11.1,N
40.62104,-122.39941,347.1,2026-08-19,0932,N,VIIRS,n,2.0NRT,17.8,N
40.63934,-122.40953,345.0,2026-08-19,0932,N,VIIRS,n,2.0NRT,35.6,N
40.63031,-122.40094,345.9,2026-08-19,0812,N,VIIRS,n,2.0NRT,12.3,N
40.62666,-122.38577,340.4,2026-08-19,1032,N,VIIRS,n,2.0NRT,20.3,N
47.62526,-120.70726,348.9,2026-08-19,0932,N,VIIRS,n,2.0NRT,15.3,N
47.62512,-120.731,344.9,2026-08-19,1022,N,VIIRS,n,2.0NRT,18.1,N
47.61953,-120.7282,341.6,2026-08-19,1022,N,VIIRS,n,2.0NRT,11.9,N
47.61637,-120.70942,342.3,2026-08-19,0852,N,VIIRS,n,2.0NRT,8.9,N
47.62446,-120.72489,348.9,2026-08-19,0832,N,VIIRS,n,2.0NRT,3.8,N
47.6129,-120.71977,345.1,2026-08-19,0822,N,VIIRS,n,2.0NRT,4.9,N
47.61148,-120.7247,345.1,2026-08-19,0902,N,VIIRS,n,2.0NRT,24.2,N
47.62218,-120.71191,328.0,2026-08-19,0932,N,VIIRS,n,2.0NRT,41.0,N
47.62426,-120.73604,347.9,2026-08-19,1042,N,VIIRS,n,2.0NRT,6.9,N
47.62213,-120.7195,335.2,2026-08-19,0812,N,VIIRS,n,2.0NRT,3.1,N
47.6229,-120.70869,331.5,2026-08-19,0952,N,VIIRS,n,2.0NRT,14.6,N
47.60556,-120.72414,342.8,2026-08-19,0802,N,VIIRS,n,2.0NRT,10.4,N
43.76404,-121.4143,350.3,2026-08-19,1032,N,VIIRS,n,2.0NRT,5.0,N
43.76472,-121.41602,342.8,2026-08-19,0852,N,VIIRS,n,2.0NRT,8.9,N
43.75771,-121.42135,336.4,2026-08-19,1012,N,VIIRS,n,2.0NRT,1.0,N
43.76448,-121.41385,342.6,2026-08-19,0832,N,VIIRS,n,2.0NRT,2.5,N
43.76005,-121.41609,347.9,2026-08-19,0912,N,VIIRS,n,2.0NRT,8.5,N
43.76101,-121.42088,338.0,2026-08-19,0952,N,VIIRS,n,2.0NRT,1.6,N
43.76922,-121.43495,342.1,2026-08-19,1022,N,VIIRS,n,2.0NRT,8.8,N
43.75328,-121.43112,341.0,2026-08-19,0812,N,VIIRS,n,2.0NRT,24.2,N
43.7455,-121.42509,339.8,2026-08-19,1022,N,VIIRS,n,2.0NRT,3.2,N
43.76862,-121.42214,327.6,2026-08-19,0912,N,VIIRS,n,2.0NRT,3.2,N
43.76448,-121.41183,351.6,2026-08-19,0812,N,VIIRS,n,2.0NRT,4.6,N
43.77296,-121.42052,337.6,2026-08-19,0932,N,VIIRS,n,2.0NRT,2.8,N
43.77315,-121.41931,338.0,2026-08-19,0932,N,VIIRS,n,2.0NRT,7.7,N
43.75672,-121.42446,355.6,2026-08-19,1032,N,VIIRS,n,2.0NRT,2.3,N
43.7519,-121.42666,343.5,2026-08-19,1032,N,VIIRS,n,2.0NRT,17.1,N
35.42,-119.05,339.0,2026-08-19,0842,N,VIIRS,n,2.0NRT,4.0,N
35.423,-119.05,342.6,2026-08-19,0952,N,VIIRS,n,2.0NRT,4.0,N
35.417,-119.05,344.0,2026-08-19,1052,N,VIIRS,n,2.0NRT,4.0,N
40.64454,-122.39555,334.6,2026-08-20,0932,N,VIIRS,n,2.0NRT,11.1,N
40.64563,-122.39583,347.5,2026-08-20,1042,N,VIIRS,n,2.0NRT,2.8,N
40.6516,-122.41471,333.1,2026-08-20,0942,N,VIIRS,n,2.0NRT,15.3,N
40.63584,-122.41669,352.0,2026-08-20,1022,N,VIIRS,n,2.0NRT,4.4,N
40.62146,-122.37509,349.7,2026-08-20,0852,N,VIIRS,n,2.0NRT,5.6,N
40.6511,-122.40092,330.1,2026-08-20,0802,N,VIIRS,n,2.0NRT,14.1,N
40.62137,-122.42876,344.9,2026-08-20,1022,N,VIIRS,n,2.0NRT,8.2,N
40.63326,-122.36199,336.5,2026-08-20,0902,N,VIIRS,n,2.0NRT,1.9,N
40.64539,-122.39894,343.2,2026-08-20,0942,N,VIIRS,n,2.0NRT,6.9,N
40.64577,-122.41136,343.2,2026-08-20,0902,N,VIIRS,n,2.0NRT,16.2,N
40.63631,-122.39077,342.7,2026-08-20,0852,N,VIIRS,n,2.0NRT,13.9,N
40.63893,-122.38219,341.4,2026-08-20,1012,N,VIIRS,n,2.0NRT,3.5,N
40.64427,-122.38371,340.2,2026-08-20,1032,N,VIIRS,n,2.0NRT,30.3,N
40.63146,-122.38087,336.8,2026-08-20,1052,N,VIIRS,n,2.0NRT,6.9,N
40.6602,-122.40403,325.5,2026-08-20,0922,N,VIIRS,n,2.0NRT,28.8,N
40.62899,-122.37544,328.4,2026-08-20,0922,N,VIIRS,n,2.0NRT,53.2,N
40.63763,-122.37459,333.3,2026-08-20,1002,N,VIIRS,n,2.0NRT,9.3,N
40.63451,-122.37396,344.2,2026-08-20,0952,N,VIIRS,n,2.0NRT,17.1,N
40.64163,-122.3888,339.1,2026-08-20,0832,N,VIIRS,n,2.0NRT,13.3,N
40.6594,-122.39649,337.7,2026-08-20,0822,N,VIIRS,n,2.0NRT,2.0,N
40.62833,-122.39756,333.4,2026-08-20,0912,N,VIIRS,n,2.0NRT,10.2,N
40.64561,-122.41142,341.1,2026-08-20,1022,N,VIIRS,n,2.0NRT,14.8,N
40.6479,-122.39868,339.9,2026-08-20,0932,N,VIIRS,n,2.0NRT,9.0,N
40.65423,-122.42169,329.8,2026-08-20,0912,N,VIIRS,n,2.0NRT,8.8,N
40.63025,-122.41291,324.6,2026-08-20,0832,N,VIIRS,n,2.0NRT,16.6,N
40.62975,-122.38893,332.1,2026-08-20,0812,N,VIIRS,n,2.0NRT,14.3,N
40.63778,-122.39514,342.3,2026-08-20,0832,N,VIIRS,n,2.0NRT,15.1,N
40.63803,-122.38948,344.9,2026-08-20,1022,N,VIIRS,n,2.0NRT,15.5,N
40.62749,-122.38324,337.4,2026-08-20,0912,N,VIIRS,n,2.0NRT,27.0,N
40.64822,-122.38723,337.2,2026-08-20,0852,N,VIIRS,n,2.0NRT,20.4,N
40.6469,-122.38832,345.7,2026-08-20,1052,N,VIIRS,n,2.0NRT,14.7,N
40.66523,-122.39308,326.1,2026-08-20,0902,N,VIIRS,n,2.0NRT,5.7,N
40.63619,-122.40134,346.7,2026-08-20,0802,N,VIIRS,n,2.0NRT,5.2,N
40.6272,-122.40743,346.3,2026-08-20,1042,N,VIIRS,n,2.0NRT,4.6,N
40.62898,-122.39288,338.7,2026-08-20,0822,N,VIIRS,n,2.0NRT,5.2,N
40.64415,-122.39137,333.8,2026-08-20,0802,N,VIIRS,n,2.0NRT,11.5,N
40.63051,-122.38084,330.6,2026-08-20,0922,N,VIIRS,n,2.0NRT,9.9,N
40.64917,-122.39398,339.4,2026-08-20,0812,N,VIIRS,n,2.0NRT,8.8,N
40.6319,-122.3852,334.5,2026-08-20,0912,N,VIIRS,n,2.0NRT,0.8,N
40.64233,-122.40996,333.2,2026-08-20,0922,N,VIIRS,n,2.0NRT,14.4,N
41.05157,-123.3178,340.1,2026-08-20,0852,N,VIIRS,n,2.0NRT,5.5,N
41.05192,-123.31866,350.7,2026-08-20,0822,N,VIIRS,n,2.0NRT,3.0,N
41.05097,-123.31745,343.8,2026-08-20,0832,N,VIIRS,n,2.0NRT,3.3,N
41.05272,-123.31518,344.4,2026-08-20,1002,N,VIIRS,n,2.0NRT,17.4,N
41.04433,-123.32587,340.5,2026-08-20,1002,N,VIIRS,n,2.0NRT,9.7,N
41.05351,-123.31384,350.4,2026-08-20,1012,N,VIIRS,n,2.0NRT,2.3,N
41.04643,-123.32451,340.1,2026-08-20,1002,N,VIIRS,n,2.0NRT,9.1,N
41.05035,-123.31474,340.4,2026-08-20,0852,N,VIIRS,n,2.0NRT,2.8,N
41.05629,-123.31619,350.8,2026-08-20,0932,N,VIIRS,n,2.0NRT,7.2,N
41.05004,-123.28113,347.7,2026-08-20,1032,N,VIIRS,n,2.0NRT,9.7,N
41.05015,-123.28271,338.1,2026-08-20,1032,N,VIIRS,n,2.0NRT,6.8,N
41.04621,-123.28253,341.5,2026-08-20,0922,N,VIIRS,n,2.0NRT,6.4,N
41.04739,-123.28638,337.6,2026-08-20,0842,N,VIIRS,n,2.0NRT,4.4,N
41.05179,-123.28063,337.1,2026-08-20,1012,N,VIIRS,n,2.0NRT,9.2,N
41.04375,-123.28243,328.8,2026-08-20,0952,N,VIIRS,n,2.0NRT,2.6,N
41.05348,-123.27829,347.3,2026-08-20,0942,N,VIIRS,n,2.0NRT,7.7,N
41.05359,-123.28186,333.2,2026-08-20,1052,N,VIIRS,n,2.0NRT,10.0,N
41.04704,-123.28579,338.0,2026-08-20,0812,N,VIIRS,n,2.0NRT,3.9,N
47.63746,-120.71119,333.3,2026-08-20,0952,N,VIIRS,n,2.0NRT,11.9,N
47.6381,-120.70766,347.5,2026-08-20,0832,N,VIIRS,n,2.0NRT,3.7,N
47.63666,-120.70889,337.5,2026-08-20,0812,N,VIIRS,n,2.0NRT,4.8,N
47.62125,-120.70453,335.9,2026-08-20,0942,N,VIIRS,n,2.0NRT,7.8,N
47.6502,-120.69991,342.3,2026-08-20,0842,N,VIIRS,n,2.0NRT,14.2,N
47.61328,-120.69879,336.3,2026-08-20,0902,N,VIIRS,n,2.0NRT,8.9,N
47.61656,-120.71265,340.4,2026-08-20,0852,N,VIIRS,n,2.0NRT,8.4,N
47.62863,-120.7077,343.3,2026-08-20,0812,N,VIIRS,n,2.0NRT,5.2,N
47.62265,-120.70787,348.6,2026-08-20,0932,N,VIIRS,n,2.0NRT,19.8,N
47.6232,-120.70396,338.1,2026-08-20,0852,N,VIIRS,n,2.0NRT,24.7,N
47.6016,-120.70167,339.0,2026-08-20,0822,N,VIIRS,n,2.0NRT,11.0,N
47.61067,-120.7217,338.6,2026-08-20,0902,N,VIIRS,n,2.0NRT,8.7,N
47.61945,-120.7072,347.0,2026-08-20,1052,N,VIIRS,n,2.0NRT,10.0,N
47.61341,-120.70011,333.1,2026-08-20,0812,N,VIIRS,n,2.0NRT,12.6,N
47.60725,-120.71187,341.3,2026-08-20,0812,N,VIIRS,n,2.0NRT,19.2,N
47.61444,-120.70844,341.7,2026-08-20,0932,N,VIIRS,n,2.0NRT,14.3,N
47.62265,-120.71757,342.3,2026-08-20,1042,N,VIIRS,n,2.0NRT,12.8,N
47.62688,-120.7074,342.9,2026-08-20,1022,N,VIIRS,n,2.0NRT,1.7,N
47.60203,-120.72661,337.1,2026-08-20,0932,N,VIIRS,n,2.0NRT,5.4,N
47.61988,-120.7101,349.7,2026-08-20,0852,N,VIIRS,n,2.0NRT,10.0,N
47.61902,-120.70827,339.8,2026-08-20,0952,N,VIIRS,n,2.0NRT,4.1,N
43.7637,-121.42668,344.5,2026-08-20,0802,N,VIIRS,n,2.0NRT,10.8,N
43.77432,-121.41969,337.0,2026-08-20,1052,N,VIIRS,n,2.0NRT,2.1,N
43.76345,-121.42096,340.3,2026-08-20,1012,N,VIIRS,n,2.0NRT,2.6,N
43.76801,-121.41445,342.0,2026-08-20,1052,N,VIIRS,n,2.0NRT,5.1,N
43.757,-121.42937,327.4,2026-08-20,1052,N,VIIRS,n,2.0NRT,9.0,N
43.77594,-121.42371,340.0,2026-08-20,0812,N,VIIRS,n,2.0NRT,0.6,N
43.75325,-121.41601,337.0,2026-08-20,0902,N,VIIRS,n,2.0NRT,14.9,N
43.77017,-121.43378,345.9,2026-08-20,0922,N,VIIRS,n,2.0NRT,4.3,N
43.76807,-121.41338,334.3,2026-08-20,1032,N,VIIRS,n,2.0NRT,11.8,N
43.76937,-121.41431,335.4,2026-08-20,1012,N,VIIRS,n,2.0NRT,11.0,N
43.75336,-121.41702,334.3,2026-08-20,1052,N,VIIRS,n,2.0NRT,4.3,N
43.76328,-121.42435,340.7,2026-08-20,0822,N,VIIRS,n,2.0NRT,2.1,N
43.77384,-121.40669,340.9,2026-08-20,0912,N,VIIRS,n,2.0NRT,1.8,N
43.78215,-121.40817,339.1,2026-08-20,0812,N,VIIRS,n,2.0NRT,7.3,N
43.76501,-121.41683,336.1,2026-08-20,0902,N,VIIRS,n,2.0NRT,4.6,N
43.7729,-121.41891,348.7,2026-08-20,0802,N,VIIRS,n,2.0NRT,2.5,N
43.76718,-121.41259,338.6,2026-08-20,0952,N,VIIRS,n,2.0NRT,5.7,N
43.76547,-121.42656,347.9,2026-08-20,0932,N,VIIRS,n,2.0NRT,3.0,N
43.76227,-121.41429,341.5,2026-08-20,1002,N,VIIRS,n,2.0NRT,4.1,N
43.76603,-121.41694,340.7,2026-08-20,0832,N,VIIRS,n,2.0NRT,9.2,N
35.42,-119.05,331.6,2026-08-20,1042,N,VIIRS,n,2.0NRT,4.0,N
35.423,-119.05,343.9,2026-08-20,0822,N,VIIRS,n,2.0NRT,4.0,N
35.417,-119.05,336.4,2026-08-20,0832,N,VIIRS,n,2.0NRT,4.0,N
40.66161,-122.38537,348.9,2026-08-21,1002,N,VIIRS,n,2.0NRT,3.7,N
40.64042,-122.3701,342.5,2026-08-21,0802,N,VIIRS,n,2.0NRT,3.3,N
40.67306,-122.38078,335.7,2026-08-21,0802,N,VIIRS,n,2.0NRT,6.7,N
40.66422,-122.36987,345.3,2026-08-21,0912,N,VIIRS,n,2.0NRT,46.8,N
40.6665,-122.37903,324.1,2026-08-21,1002,N,VIIRS,n,2.0NRT,10.1,N
40.65874,-122.38041,332.8,2026-08-21,0852,N,VIIRS,n,2.0NRT,1.8,N
40.63398,-122.37777,342.5,2026-08-21,0852,N,VIIRS,n,2.0NRT,11.3,N
40.63021,-122.3996,344.4,2026-08-21,0952,N,VIIRS,n,2.0NRT,5.3,N
40.66903,-122.37573,336.7,2026-08-21,1052,N,VIIRS,n,2.0NRT,17.5,N
40.67172,-122.39197,326.3,2026-08-21,1022,N,VIIRS,n,2.0NRT,3.9,N
40.63318,-122.39151,340.2,2026-08-21,0912,N,VIIRS,n,2.0NRT,14.9,N
40.65149,-122.38685,347.7,2026-08-21,0832,N,VIIRS,n,2.0NRT,18.2,N
40.66655,-122.39327,346.3,2026-08-21,1032,N,VIIRS,n,2.0NRT,34.5,N
40.65514,-122.40243,339.0,2026-08-21,1012,N,VIIRS,n,2.0NRT,8.3,N
40.65657,-122.38795,335.2,2026-08-21,0832,N,VIIRS,n,2.0NRT,22.8,N
40.63905,-122.39144,344.6,2026-08-21,0822,N,VIIRS,n,2.0NRT,6.3,N
40.64731,-122.39194,346.0,2026-08-21,1022,N,VIIRS,n,2.0NRT,35.5,N
40.67586,-122.38944,339.7,2026-08-21,0912,N,VIIRS,n,2.0NRT,20.4,N
40.64644,-122.41862,343.9,2026-08-21,0842,N,VIIRS,n,2.0NRT,5.6,N
40.63694,-122.39184,337.8,2026-08-21,0852,N,VIIRS,n,2.0NRT,31.8,N
40.63999,-122.36783,336.4,2026-08-21,1042,N,VIIRS,n,2.0NRT,6.9,N
40.64759,-122.36919,347.2,2026-08-21,0852,N,VIIRS,n,2.0NRT,15.3,N
40.6509,-122.38746,340.4,2026-08-21,0942,N,VIIRS,n,2.0NRT,1.3,N
40.6487,-122.38794,352.0,2026-08-21,1032,N,VIIRS,n,2.0NRT,3.3,N
40.67509,-122.42187,337.6,2026-08-21,0822,N,VIIRS,n,2.0NRT,13.3,N
40.62078,-122.39593,330.5,2026-08-21,1052,N,VIIRS,n,2.0NRT,14.2,N
40.65021,-122.37792,340.3,2026-08-21,0922,N,VIIRS,n,2.0NRT,4.0,N
40.65691,-122.39361,325.1,2026-08-21,1032,N,VIIRS,n,2.0NRT,19.9,N
40.66488,-122.37296,337.9,2026-08-21,0802,N,VIIRS,n,2.0NRT,26.7,N
40.65269,-122.37395,342.4,2026-08-21,1012,N,VIIRS,n,2.0NRT,20.6,N
40.65398,-122.3962,342.3,2026-08-21,0922,N,VIIRS,n,2.0NRT,37.4,N
40.66019,-122.38639,336.6,2026-08-21,0822,N,VIIRS,n,2.0NRT,26.1,N
40.65002,-122.36649,345.8,2026-08-21,1032,N,VIIRS,n,2.0NRT,2.5,N
40.61422,-122.4087,344.5,2026-08-21,0922,N,VIIRS,n,2.0NRT,2.4,N
40.63267,-122.3933,341.6,2026-08-21,0842,N,VIIRS,n,2.0NRT,4.4,N
40.64628,-122.41001,343.9,2026-08-21,1052,N,VIIRS,n,2.0NRT,37.8,N
40.63562,-122.40057,342.6,2026-08-21,0902,N,VIIRS,n,2.0NRT,9.8,N
40.68588,-122.36169,353.9,2026-08-21,0902,N,VIIRS,n,2.0NRT,7.5,N
40.64399,-122.39331,339.3,2026-08-21,0902,N,VIIRS,n,2.0NRT,6.2,N
40.63322,-122.41586,342.1,2026-08-21,0852,N,VIIRS,n,2.0NRT,17.5,N
40.64829,-122.40257,337.0,2026-08-21,1032,N,VIIRS,n,2.0NRT,16.4,N
40.64876,-122.41136,345.5,2026-08-21,0852,N,VIIRS,n,2.0NRT,9.5,N
40.63888,-122.38583,342.3,2026-08-21,0852,N,VIIRS,n,2.0NRT,21.3,N
40.65535,-122.3819,345.8,2026-08-21,0942,N,VIIRS,n,2.0NRT,28.3,N
40.63072,-122.37552,330.4,2026-08-21,0902,N,VIIRS,n,2.0NRT,20.9,N
40.63832,-122.37876,341.1,2026-08-21,1052,N,VIIRS,n,2.0NRT,15.3,N
40.64984,-122.4081,322.8,2026-08-21,0922,N,VIIRS,n,2.0NRT,30.7,N
40.64538,-122.38267,340.6,2026-08-21,0802,N,VIIRS,n,2.0NRT,10.2,N
40.65895,-122.39006,334.5,2026-08-21,0852,N,VIIRS,n,2.0NRT,4.3,N
40.67236,-122.37329,342.8,2026-08-21,1012,N,VIIRS,n,2.0NRT,30.8,N
40.64625,-122.37705,338.9,2026-08-21,0952,N,VIIRS,n,2.0NRT,37.9,N
40.67823,-122.35938,338.1,2026-08-21,0902,N,VIIRS,n,2.0NRT,3.0,N
40.64902,-122.38916,344.2,2026-08-21,0952,N,VIIRS,n,2.0NRT,10.0,N
40.6513,-122.38802,343.1,2026-08-21,0942,N,VIIRS,n,2.0NRT,10.0,N
40.65679,-122.39242,347.6,2026-08-21,0822,N,VIIRS,n,2.0NRT,10.0,N
40.6497,-122.38144,346.0,2026-08-21,0952,N,VIIRS,n,2.0NRT,10.0,N
40.65472,-122.391,338.7,2026-08-21,0912,N,VIIRS,n,2.0NRT,10.0,N
40.6556,-122.38344,334.5,2026-08-21,0822,N,VIIRS,n,2.0NRT,10.0,N
40.65884,-122.39054,344.5,2026-08-21,1052,N,VIIRS,n,2.0NRT,10.0,N
40.65234,-122.38344,330.2,2026-08-21,0932,N,VIIRS,n,2.0NRT,10.0,N
40.65917,-122.39401,322.3,2026-08-21,0822,N,VIIRS,n,2.0NRT,10.0,N
40.65784,-122.38093,342.2,2026-08-21,1032,N,VIIRS,n,2.0NRT,10.0,N
40.66454,-122.3947,341.7,2026-08-21,0952,N,VIIRS,n,2.0NRT,10.0,N
40.66003,-122.37811,336.4,2026-08-21,1002,N,VIIRS,n,2.0NRT,10.0,N
40.66502,-122.39591,337.6,2026-08-21,1022,N,VIIRS,n,2.0NRT,10.0,N
40.65817,-122.3708,340.5,2026-08-21,0822,N,VIIRS,n,2.0NRT,10.0,N
40.66705,-122.39506,335.7,2026-08-21,1022,N,VIIRS,n,2.0NRT,10.0,N
40.66072,-122.37132,340.2,2026-08-21,0842,N,VIIRS,n,2.0NRT,10.0,N
40.66595,-122.40112,329.4,2026-08-21,0902,N,VIIRS,n,2.0NRT,10.0,N
40.66345,-122.37123,326.4,2026-08-21,0852,N,VIIRS,n,2.0NRT,10.0,N
40.67067,-122.39536,331.3,2026-08-21,1002,N,VIIRS,n,2.0NRT,10.0,N
40.66601,-122.3682,343.4,2026-08-21,0852,N,VIIRS,n,2.0NRT,10.0,N
40.67399,-122.39928,335.1,2026-08-21,1022,N,VIIRS,n,2.0NRT,10.0,N
40.66125,-122.36634,341.1,2026-08-21,0812,N,VIIRS,n,2.0NRT,10.0,N
40.67562,-122.40336,333.6,2026-08-21,0802,N,VIIRS,n,2.0NRT,10.0,N
40.66319,-122.36425,333.1,2026-08-21,0842,N,VIIRS,n,2.0NRT,10.0,N
40.67564,-122.40453,336.3,2026-08-21,0922,N,VIIRS,n,2.0NRT,10.0,N
40.66746,-122.36322,343.0,2026-08-21,1012,N,VIIRS,n,2.0NRT,10.0,N
40.68025,-122.40069,340.8,2026-08-21,0902,N,VIIRS,n,2.0NRT,10.0,N
40.6693,-122.35891,328.0,2026-08-21,1012,N,VIIRS,n,2.0NRT,10.0,N
40.68309,-122.4074,347.9,2026-08-21,0932,N,VIIRS,n,2.0NRT,10.0,N
40.66573,-122.36114,323.5,2026-08-21,0952,N,VIIRS,n,2.0NRT,10.0,N
40.68462,-122.4081,346.5,2026-08-21,1002,N,VIIRS,n,2.0NRT,10.0,N
40.67066,-122.36077,343.7,2026-08-21,0922,N,VIIRS,n,2.0NRT,10.0,N
39.30124,-120.84607,342.4,2026-08-21,0812,N,VIIRS,n,2.0NRT,9.1,N
39.29534,-120.84196,337.8,2026-08-21,0852,N,VIIRS,n,2.0NRT,9.9,N
39.29616,-120.847,344.6,2026-08-21,0842,N,VIIRS,n,2.0NRT,10.8,N
39.29325,-120.85372,340.8,2026-08-21,0842,N,VIIRS,n,2.0NRT,16.3,N
39.30607,-120.85104,336.2,2026-08-21,0952,N,VIIRS,n,2.0NRT,6.4,N
39.30336,-120.84905,330.5,2026-08-21,1012,N,VIIRS,n,2.0NRT,20.7,N
39.29958,-120.84454,339.9,2026-08-21,1052,N,VIIRS,n,2.0NRT,15.4,N
39.29905,-120.85712,346.2,2026-08-21,0952,N,VIIRS,n,2.0NRT,5.6,N
41.05162,-123.30691,338.5,2026-08-21,0812,N,VIIRS,n,2.0NRT,5.5,N
41.04928,-123.30991,343.2,2026-08-21,1012,N,VIIRS,n,2.0NRT,8.0,N
41.0467,-123.31306,335.4,2026-08-21,0802,N,VIIRS,n,2.0NRT,1.2,N
41.04238,-123.32352,347.1,2026-08-21,0952,N,VIIRS,n,2.0NRT,7.8,N
41.05443,-123.31713,349.5,2026-08-21,0902,N,VIIRS,n,2.0NRT,16.2,N
41.04786,-123.31902,335.0,2026-08-21,0942,N,VIIRS,n,2.0NRT,15.7,N
41.04337,-123.31332,346.5,2026-08-21,0842,N,VIIRS,n,2.0NRT,7.4,N
41.04657,-123.31072,338.8,2026-08-21,1042,N,VIIRS,n,2.0NRT,14.7,N
41.05213,-123.31099,337.2,2026-08-21,0902,N,VIIRS,n,2.0NRT,10.8,N
41.05112,-123.30508,339.3,2026-08-21,0932,N,VIIRS,n,2.0NRT,1.7,N
41.04498,-123.31276,337.0,2026-08-21,1012,N,VIIRS,n,2.0NRT,6.5,N
41.05532,-123.30656,338.6,2026-08-21,1012,N,VIIRS,n,2.0NRT,11.1,N
41.04332,-123.31397,344.5,2026-08-21,1052,N,VIIRS,n,2.0NRT,10.0,N
41.05638,-123.31011,339.4,2026-08-21,0922,N,VIIRS,n,2.0NRT,31.7,N
41.05092,-123.31352,341.3,2026-08-21,0952,N,VIIRS,n,2.0NRT,16.8,N
41.05133,-123.29078,333.2,2026-08-21,0942,N,VIIRS,n,2.0NRT,1.3,N
41.04958,-123.29501,341.4,2026-08-21,0822,N,VIIRS,n,2.0NRT,8.4,N
41.05064,-123.28538,346.1,2026-08-21,0852,N,VIIRS,n,2.0NRT,5.2,N
41.04893,-123.29509,343.8,2026-08-21,0802,N,VIIRS,n,2.0NRT,4.6,N
41.05465,-123.28579,336.5,2026-08-21,1012,N,VIIRS,n,2.0NRT,3.0,N
41.04659,-123.28882,346.3,2026-08-21,0802,N,VIIRS,n,2.0NRT,11.6,N
41.04295,-123.29232,346.8,2026-08-21,0802,N,VIIRS,n,2.0NRT,4.3,N
41.04747,-123.28173,340.4,2026-08-21,0832,N,VIIRS,n,2.0NRT,3.3,N
41.04699,-123.28449,338.7,2026-08-21,1042,N,VIIRS,n,2.0NRT,7.0,N
41.04747,-123.28633,331.8,2026-08-21,0812,N,VIIRS,n,2.0NRT,4.9,N
41.04934,-123.2834,337.7,2026-08-21,1012,N,VIIRS,n,2.0NRT,3.7,N
41.04749,-123.29489,344.0,2026-08-21,0952,N,VIIRS,n,2.0NRT,10.8,N
41.0435,-123.29,337.0,2026-08-21,1012,N,VIIRS,n,2.0NRT,4.6,N
41.04413,-123.28557,336.1,2026-08-21,1032,N,VIIRS,n,2.0NRT,3.8,N
41.04781,-123.27634,350.3,2026-08-21,0932,N,VIIRS,n,2.0NRT,15.9,N
47.60763,-120.69515,327.4,2026-08-21,0952,N,VIIRS,n,2.0NRT,14.2,N
47.60589,-120.70533,334.7,2026-08-21,0812,N,VIIRS,n,2.0NRT,22.8,N
47.61244,-120.70869,334.7,2026-08-21,1052,N,VIIRS,n,2.0NRT,18.3,N
47.60738,-120.69773,333.3,2026-08-21,0932,N,VIIRS,n,2.0NRT,17.0,N
47.6054,-120.68589,341.3,2026-08-21,0922,N,VIIRS,n,2.0NRT,15.2,N
47.60899,-120.66229,336.5,2026-08-21,0902,N,VIIRS,n,2.0NRT,26.4,N
47.61458,-120.69514,332.1,2026-08-21,0812,N,VIIRS,n,2.0NRT,18.5,N
47.60446,-120.67553,337.7,2026-08-21,1012,N,VIIRS,n,2.0NRT,10.3,N
47.63343,-120.69244,338.2,2026-08-21,1002,N,VIIRS,n,2.0NRT,5.8,N
47.60384,-120.69347,339.0,2026-08-21,0852,N,VIIRS,n,2.0NRT,14.2,N
47.60654,-120.67845,343.9,2026-08-21,1022,N,VIIRS,n,2.0NRT,13.4,N
47.62971,-120.69485,341.7,2026-08-21,0802,N,VIIRS,n,2.0NRT,25.4,N
47.59076,-120.7078,337.8,2026-08-21,1002,N,VIIRS,n,2.0NRT,8.5,N
47.62825,-120.68145,336.3,2026-08-21,0832,N,VIIRS,n,2.0NRT,18.4,N
47.63331,-120.7151,344.4,2026-08-21,1022,N,VIIRS,n,2.0NRT,3.8,N
47.62362,-120.68381,344.3,2026-08-21,0822,N,VIIRS,n,2.0NRT,25.6,N
47.6001,-120.69609,328.0,2026-08-21,0932,N,VIIRS,n,2.0NRT,6.9,N
47.62329,-120.69961,330.6,2026-08-21,0842,N,VIIRS,n,2.0NRT,3.8,N
47.59777,-120.69991,333.2,2026-08-21,1012,N,VIIRS,n,2.0NRT,20.2,N
47.61607,-120.69778,330.7,2026-08-21,0822,N,VIIRS,n,2.0NRT,8.1,N
47.61324,-120.70132,336.7,2026-08-21,0912,N,VIIRS,n,2.0NRT,6.9,N
47.61952,-120.69069,343.7,2026-08-21,0952,N,VIIRS,n,2.0NRT,15.4,N
47.61635,-120.70092,337.2,2026-08-21,0852,N,VIIRS,n,2.0NRT,10.3,N
47.62111,-120.71905,343.3,2026-08-21,0852,N,VIIRS,n,2.0NRT,5.1,N
47.62572,-120.69601,336.3,2026-08-21,0932,N,VIIRS,n,2.0NRT,22.3,N
47.62048,-120.68447,333.4,2026-08-21,1042,N,VIIRS,n,2.0NRT,7.7,N
47.59657,-120.71969,339.7,2026-08-21,0912,N,VIIRS,n,2.0NRT,1.3,N
47.62329,-120.69609,345.2,2026-08-21,1012,N,VIIRS,n,2.0NRT,6.1,N
47.62204,-120.70155,334.8,2026-08-21,0942,N,VIIRS,n,2.0NRT,1.7,N
47.62797,-120.68481,339.8,2026-08-21,0852,N,VIIRS,n,2.0NRT,2.8,N
43.76189,-121.42842,342.3,2026-08-21,1052,N,VIIRS,n,2.0NRT,3.3,N
43.75562,-121.419,340.5,2026-08-21,1012,N,VIIRS,n,2.0NRT,7.9,N
43.75611,-121.44289,336.8,2026-08-21,1052,N,VIIRS,n,2.0NRT,8.4,N
43.76501,-121.43893,342.6,2026-08-21,0902,N,VIIRS,n,2.0NRT,4.6,N
43.7611,-121.42955,347.1,2026-08-21,0912,N,VIIRS,n,2.0NRT,6.2,N
43.75985,-121.39899,344.0,2026-08-21,0802,N,VIIRS,n,2.0NRT,2.0,N
43.76959,-121.41742,336.0,2026-08-21,0922,N,VIIRS,n,2.0NRT,7.5,N
43.75035,-121.42687,335.3,2026-08-21,1012,N,VIIRS,n,2.0NRT,9.4,N
43.77126,-121.43076,331.2,2026-08-21,0812,N,VIIRS,n,2.0NRT,6.3,N
43.77853,-121.43263,337.1,2026-08-21,1052,N,VIIRS,n,2.0NRT,0.5,N
43.76599,-121.42615,337.6,2026-08-21,0922,N,VIIRS,n,2.0NRT,4.4,N
43.77073,-121.42673,346.0,2026-08-21,0942,N,VIIRS,n,2.0NRT,11.2,N
43.76616,-121.42248,344.0,2026-08-21,0842,N,VIIRS,n,2.0NRT,8.3,N
43.76129,-121.41491,334.0,2026-08-21,0832,N,VIIRS,n,2.0NRT,3.5,N
43.7715,-121.42093,333.3,2026-08-21,1002,N,VIIRS,n,2.0NRT,9.6,N
43.76448,-121.41164,357.1,2026-08-21,1042,N,VIIRS,n,2.0NRT,2.1,N
43.76652,-121.42322,337.0,2026-08-21,0832,N,VIIRS,n,2.0NRT,6.9,N
43.7701,-121.40219,331.3,2026-08-21,0922,N,VIIRS,n,2.0NRT,4.0,N
43.75493,-121.41192,338.1,2026-08-21,1012,N,VIIRS,n,2.0NRT,8.2,N
43.74912,-121.41772,343.2,2026-08-21,0912,N,VIIRS,n,2.0NRT,13.0,N
43.78554,-121.41487,328.1,2026-08-21,0912,N,VIIRS,n,2.0NRT,5.1,N
43.77079,-121.42588,339.8,2026-08-21,0922,N,VIIRS,n,2.0NRT,7.0,N
43.76933,-121.42265,342.4,2026-08-21,0902,N,VIIRS,n,2.0NRT,0.6,N
43.76075,-121.42304,346.1,2026-08-21,0952,N,VIIRS,n,2.0NRT,2.3,N
43.77108,-121.42806,336.2,2026-08-21,0842,N,VIIRS,n,2.0NRT,6.2,N
35.42,-119.05,341.2,2026-08-21,1052,N,VIIRS,n,2.0NRT,4.0,N
35.423,-119.05,340.8,2026-08-21,0822,N,VIIRS,n,2.0NRT,4.0,N
35.417,-119.05,340.6,2026-08-21,1042,N,VIIRS,n,2.0NRT,4.0,N
40.67463,-122.39752,340.9,2026-08-22,1012,N,VIIRS,n,2.0NRT,4.3,N
40.62962,-122.35807,342.9,2026-08-22,0812,N,VIIRS,n,2.0NRT,44.7,N
40.66431,-122.4128,334.5,2026-08-22,1002,N,VIIRS,n,2.0NRT,3.5,N
40.64801,-122.37103,334.6,2026-08-22,0812,N,VIIRS,n,2.0NRT,11.3,N
40.6553,-122.3926,331.6,2026-08-22,0812,N,VIIRS,n,2.0NRT,26.7,N
40.68353,-122.40159,330.5,2026-08-22,0902,N,VIIRS,n,2.0NRT,16.7,N
40.64659,-122.38045,333.8,2026-08-22,0842,N,VIIRS,n,2.0NRT,11.2,N
40.66656,-122.37566,346.2,2026-08-22,0812,N,VIIRS,n,2.0NRT,18.9,N
40.67531,-122.38066,346.5,2026-08-22,0952,N,VIIRS,n,2.0NRT,14.9,N
40.66822,-122.38835,340.8,2026-08-22,0812,N,VIIRS,n,2.0NRT,0.7,N
40.66105,-122.38219,343.7,2026-08-22,0842,N,VIIRS,n,2.0NRT,16.5,N
40.66361,-122.37102,343.8,2026-08-22,1002,N,VIIRS,n,2.0NRT,15.8,N
40.66933,-122.38326,332.3,2026-08-22,0812,N,VIIRS,n,2.0NRT,12.9,N
40.64641,-122.38286,347.4,2026-08-22,0822,N,VIIRS,n,2.0NRT,7.4,N
40.65953,-122.38075,342.8,2026-08-22,0842,N,VIIRS,n,2.0NRT,24.8,N
40.69707,-122.3928,345.8,2026-08-22,0902,N,VIIRS,n,2.0NRT,19.2,N
40.66709,-122.36605,347.2,2026-08-22,1012,N,VIIRS,n,2.0NRT,16.2,N
40.66165,-122.34472,355.4,2026-08-22,1052,N,VIIRS,n,2.0NRT,25.7,N
40.65365,-122.37856,337.1,2026-08-22,0952,N,VIIRS,n,2.0NRT,7.7,N
40.64658,-122.38991,351.6,2026-08-22,0832,N,VIIRS,n,2.0NRT,15.3,N
40.66418,-122.36978,345.0,2026-08-22,1002,N,VIIRS,n,2.0NRT,27.7,N
40.66536,-122.36285,343.0,2026-08-22,1042,N,VIIRS,n,2.0NRT,28.9,N
40.6584,-122.38958,353.4,2026-08-22,0932,N,VIIRS,n,2.0NRT,9.3,N
40.70543,-122.37738,346.8,2026-08-22,1012,N,VIIRS,n,2.0NRT,15.9,N
40.64791,-122.39566,326.7,2026-08-22,0832,N,VIIRS,n,2.0NRT,0.7,N
40.64416,-122.36827,334.6,2026-08-22,0812,N,VIIRS,n,2.0NRT,13.3,N
40.65388,-122.38186,337.1,2026-08-22,0842,N,VIIRS,n,2.0NRT,14.2,N
40.65893,-122.37171,346.3,2026-08-22,0802,N,VIIRS,n,2.0NRT,58.8,N
40.64577,-122.40207,327.7,2026-08-22,0902,N,VIIRS,n,2.0NRT,30.8,N
40.66377,-122.3739,338.9,2026-08-22,0912,N,VIIRS,n,2.0NRT,20.6,N
40.66559,-122.3976,343.9,2026-08-22,0842,N,VIIRS,n,2.0NRT,31.2,N
40.67138,-122.3965,332.9,2026-08-22,0812,N,VIIRS,n,2.0NRT,11.3,N
40.65124,-122.39986,347.3,2026-08-22,0952,N,VIIRS,n,2.0NRT,13.1,N
40.68186,-122.37336,337.9,2026-08-22,0832,N,VIIRS,n,2.0NRT,32.4,N
40.67016,-122.36305,346.7,2026-08-22,1032,N,VIIRS,n,2.0NRT,52.8,N
40.70725,-122.41271,333.4,2026-08-22,0812,N,VIIRS,n,2.0NRT,5.4,N
40.6476,-122.39435,337.9,2026-08-22,1042,N,VIIRS,n,2.0NRT,10.7,N
40.64571,-122.4021,340.3,2026-08-22,0842,N,VIIRS,n,2.0NRT,16.8,N
40.65497,-122.40444,330.8,2026-08-22,0912,N,VIIRS,n,2.0NRT,9.4,N
40.66563,-122.38313,330.3,2026-08-22,0832,N,VIIRS,n,2.0NRT,19.0,N
40.66808,-122.37547,328.2,2026-08-22,0902,N,VIIRS,n,2.0NRT,25.0,N
40.67013,-122.39027,334.7,2026-08-22,1032,N,VIIRS,n,2.0NRT,2.2,N
40.69564,-122.38006,336.1,2026-08-22,1032,N,VIIRS,n,2.0NRT,8.1,N
40.62871,-122.40084,341.7,2026-08-22,0842,N,VIIRS,n,2.0NRT,8.1,N
40.63076,-122.38371,341.7,2026-08-22,1032,N,VIIRS,n,2.0NRT,5.5,N
40.65795,-122.39187,334.6,2026-08-22,0932,N,VIIRS,n,2.0NRT,0.7,N
40.69378,-122.37478,346.7,2026-08-22,0932,N,VIIRS,n,2.0NRT,2.1,N
40.6722,-122.39964,343.7,2026-08-22,1052,N,VIIRS,n,2.0NRT,6.1,N
40.64321,-122.38338,349.3,2026-08-22,0802,N,VIIRS,n,2.0NRT,1.6,N
40.66291,-122.41519,352.6,2026-08-22,1052,N,VIIRS,n,2.0NRT,12.6,N
40.65697,-122.38376,330.9,2026-08-22,0822,N,VIIRS,n,2.0NRT,11.5,N
40.65639,-122.39766,338.5,2026-08-22,1042,N,VIIRS,n,2.0NRT,4.7,N
40.65094,-122.38697,346.0,2026-08-22,1052,N,VIIRS,n,2.0NRT,4.8,N
40.66153,-122.37384,334.2,2026-08-22,0912,N,VIIRS,n,2.0NRT,12.3,N
40.67816,-122.38895,337.7,2026-08-22,0942,N,VIIRS,n,2.0NRT,20.7,N
40.65234,-122.37665,336.8,2026-08-22,1002,N,VIIRS,n,2.0NRT,20.1,N
40.67026,-122.39129,337.5,2026-08-22,1032,N,VIIRS,n,2.0NRT,17.3,N
40.67328,-122.36754,328.9,2026-08-22,0802,N,VIIRS,n,2.0NRT,23.2,N
40.6817,-122.35412,339.1,2026-08-22,0812,N,VIIRS,n,2.0NRT,3.6,N
40.64544,-122.38377,337.4,2026-08-22,0932,N,VIIRS,n,2.0NRT,6.4,N
40.66019,-122.38565,337.2,2026-08-22,0902,N,VIIRS,n,2.0NRT,18.7,N
40.64909,-122.40896,334.6,2026-08-22,0832,N,VIIRS,n,2.0NRT,14.9,N
40.66156,-122.39691,344.6,2026-08-22,0902,N,VIIRS,n,2.0NRT,1.3,N
40.66144,-122.39734,341.3,2026-08-22,0822,N,VIIRS,n,2.0NRT,37.0,N
40.6598,-122.38423,340.6,2026-08-22,0822,N,VIIRS,n,2.0NRT,10.0,N
40.66276,-122.384,344.9,2026-08-22,0912,N,VIIRS,n,2.0NRT,10.0,N
40.66388,-122.38682,346.5,2026-08-22,0822,N,VIIRS,n,2.0NRT,10.0,N
40.66117,-122.38627,336.7,2026-08-22,0942,N,VIIRS,n,2.0NRT,10.0,N
40.66581,-122.38609,346.1,2026-08-22,1002,N,VIIRS,n,2.0NRT,10.0,N
40.66526,-122.37793,349.1,2026-08-22,0832,N,VIIRS,n,2.0NRT,10.0,N
40.66887,-122.3885,336.4,2026-08-22,1002,N,VIIRS,n,2.0NRT,10.0,N
40.66467,-122.37604,340.7,2026-08-22,0932,N,VIIRS,n,2.0NRT,10.0,N
40.66943,-122.3863,343.3,2026-08-22,0832,N,VIIRS,n,2.0NRT,10.0,N
40.66522,-122.37196,338.7,2026-08-22,0852,N,VIIRS,n,2.0NRT,10.0,N
40.67555,-122.38911,339.6,2026-08-22,0922,N,VIIRS,n,2.0NRT,10.0,N
40.66922,-122.3745,346.9,2026-08-22,0822,N,VIIRS,n,2.0NRT,10.0,N
40.67461,-122.39147,339.0,2026-08-22,1002,N,VIIRS,n,2.0NRT,10.0,N
40.66673,-122.37302,330.3,2026-08-22,0922,N,VIIRS,n,2.0NRT,10.0,N
40.67773,-122.3921,342.4,2026-08-22,1042,N,VIIRS,n,2.0NRT,10.0,N
40.67146,-122.36927,337.1,2026-08-22,0802,N,VIIRS,n,2.0NRT,10.0,N
40.68286,-122.39782,343.0,2026-08-22,0822,N,VIIRS,n,2.0NRT,10.0,N
40.67108,-122.36793,327.5,2026-08-22,0842,N,VIIRS,n,2.0NRT,10.0,N
40.68042,-122.39985,345.0,2026-08-22,0952,N,VIIRS,n,2.0NRT,10.0,N
40.67569,-122.36422,340.3,2026-08-22,1052,N,VIIRS,n,2.0NRT,10.0,N
40.68689,-122.39467,334.4,2026-08-22,0822,N,VIIRS,n,2.0NRT,10.0,N
40.675,-122.36644,342.8,2026-08-22,1012,N,VIIRS,n,2.0NRT,10.0,N
40.68716,-122.39529,341.1,2026-08-22,0932,N,VIIRS,n,2.0NRT,10.0,N
40.67629,-122.36234,334.2,2026-08-22,0912,N,VIIRS,n,2.0NRT,10.0,N
40.69098,-122.40151,345.8,2026-08-22,1042,N,VIIRS,n,2.0NRT,10.0,N
40.67762,-122.35767,346.0,2026-08-22,1052,N,VIIRS,n,2.0NRT,10.0,N
40.69341,-122.4002,343.7,2026-08-22,0852,N,VIIRS,n,2.0NRT,10.0,N
40.68267,-122.35553,344.3,2026-08-22,0942,N,VIIRS,n,2.0NRT,10.0,N
40.6913,-122.39964,341.7,2026-08-22,0932,N,VIIRS,n,2.0NRT,10.0,N
40.68184,-122.35544,348.5,2026-08-22,1022,N,VIIRS,n,2.0NRT,10.0,N
40.6957,-122.40105,334.6,2026-08-22,0942,N,VIIRS,n,2.0NRT,10.0,N
40.68078,-122.35058,332.0,2026-08-22,0922,N,VIIRS,n,2.0NRT,10.0,N
40.69929,-122.40591,337.6,2026-08-22,0922,N,VIIRS,n,2.0NRT,10.0,N
40.68123,-122.35013,345.6,2026-08-22,1042,N,VIIRS,n,2.0NRT,10.0,N
40.70331,-122.40737,335.9,2026-08-22,0952,N,VIIRS,n,2.0NRT,10.0,N
40.68442,-122.3491,339.1,2026-08-22,1042,N,VIIRS,n,2.0NRT,10.0,N
39.3172,-120.85735,336.1,2026-08-22,0832,N,VIIRS,n,2.0NRT,14.7,N
39.30362,-120.84919,342.9,2026-08-22,1012,N,VIIRS,n,2.0NRT,47.2,N
39.29512,-120.8505,343.1,2026-08-22,1002,N,VIIRS,n,2.0NRT,24.0,N
39.30405,-120.83974,338.7,2026-08-22,1022,N,VIIRS,n,2.0NRT,25.6,N
39.31487,-120.85296,340.8,2026-08-22,1022,N,VIIRS,n,2.0NRT,10.2,N
39.30207,-120.84402,328.5,2026-08-22,0952,N,VIIRS,n,2.0NRT,15.1,N
39.29873,-120.8447,337.8,2026-08-22,1052,N,VIIRS,n,2.0NRT,7.2,N
39.30321,-120.85872,340.9,2026-08-22,0932,N,VIIRS,n,2.0NRT,35.5,N
39.29539,-120.83698,333.3,2026-08-22,0802,N,VIIRS,n,2.0NRT,8.6,N
39.30259,-120.83524,338.9,2026-08-22,0852,N,VIIRS,n,2.0NRT,40.9,N
39.29938,-120.84738,339.3,2026-08-22,0852,N,VIIRS,n,2.0NRT,0.5,N
39.32553,-120.85952,333.2,2026-08-22,0932,N,VIIRS,n,2.0NRT,30.3,N
39.28692,-120.83842,341.0,2026-08-22,0902,N,VIIRS,n,2.0NRT,19.3,N
39.29656,-120.85019,347.7,2026-08-22,0812,N,VIIRS,n,2.0NRT,6.8,N
39.29873,-120.84759,337.8,2026-08-22,0952,N,VIIRS,n,2.0NRT,21.0,N
39.29545,-120.85162,332.4,2026-08-22,0942,N,VIIRS,n,2.0NRT,16.0,N
39.30805,-120.85907,337.2,2026-08-22,0932,N,VIIRS,n,2.0NRT,5.4,N
39.2977,-120.85313,338.6,2026-08-22,0952,N,VIIRS,n,2.0NRT,13.2,N
39.29114,-120.8538,343.9,2026-08-22,0902,N,VIIRS,n,2.0NRT,46.1,N
39.30507,-120.8536,347.0,2026-08-22,1012,N,VIIRS,n,2.0NRT,2.9,N
41.04723,-123.30798,339.3,2026-08-22,0852,N,VIIRS,n,2.0NRT,5.2,N
41.05442,-123.30469,344.1,2026-08-22,1022,N,VIIRS,n,2.0NRT,4.9,N
41.04768,-123.31655,336.1,2026-08-22,0922,N,VIIRS,n,2.0NRT,6.1,N
41.05067,-123.30063,334.1,2026-08-22,0852,N,VIIRS,n,2.0NRT,14.7,N
41.04293,-123.30323,328.5,2026-08-22,0802,N,VIIRS,n,2.0NRT,8.1,N
41.05196,-123.30257,337.8,2026-08-22,0822,N,VIIRS,n,2.0NRT,2.0,N
41.05514,-123.3111,336.8,2026-08-22,0802,N,VIIRS,n,2.0NRT,4.8,N
41.04046,-123.31015,345.1,2026-08-22,0812,N,VIIRS,n,2.0NRT,13.0,N
41.05525,-123.3102,333.8,2026-08-22,1002,N,VIIRS,n,2.0NRT,9.4,N
41.04591,-123.31775,351.5,2026-08-22,0932,N,VIIRS,n,2.0NRT,6.8,N
41.06034,-123.30213,345.9,2026-08-22,0912,N,VIIRS,n,2.0NRT,33.3,N
41.05454,-123.30129,339.4,2026-08-22,0952,N,VIIRS,n,2.0NRT,3.1,N
41.0534,-123.30844,340.5,2026-08-22,1032,N,VIIRS,n,2.0NRT,8.9,N
41.04903,-123.30952,344.4,2026-08-22,0932,N,VIIRS,n,2.0NRT,15.8,N
41.06554,-123.30372,336.3,2026-08-22,0842,N,VIIRS,n,2.0NRT,2.9,N
41.04726,-123.30425,348.6,2026-08-22,0852,N,VIIRS,n,2.0NRT,14.7,N
41.04404,-123.29812,349.5,2026-08-22,0902,N,VIIRS,n,2.0NRT,9.0,N
41.0461,-123.30404,334.7,2026-08-22,0832,N,VIIRS,n,2.0NRT,8.3,N
41.05629,-123.30473,358.4,2026-08-22,0942,N,VIIRS,n,2.0NRT,11.8,N
41.05056,-123.30694,349.2,2026-08-22,1052,N,VIIRS,n,2.0NRT,2.3,N
41.04967,-123.3104,335.9,2026-08-22,1002,N,VIIRS,n,2.0NRT,11.3,N
41.03882,-123.29231,351.0,2026-08-22,1012,N,VIIRS,n,2.0NRT,25.4,N
41.03677,-123.3008,341.3,2026-08-22,0832,N,VIIRS,n,2.0NRT,14.1,N
41.04683,-123.2979,345.4,2026-08-22,1032,N,VIIRS,n,2.0NRT,4.3,N
41.05234,-123.2912,338.1,2026-08-22,0812,N,VIIRS,n,2.0NRT,9.2,N
41.05527,-123.28856,346.3,2026-08-22,0932,N,VIIRS,n,2.0NRT,13.8,N
41.05673,-123.29301,335.5,2026-08-22,0902,N,VIIRS,n,2.0NRT,19.2,N
41.05179,-123.28998,338.2,2026-08-22,0852,N,VIIRS,n,2.0NRT,17.5,N
41.05084,-123.29534,342.5,2026-08-22,1042,N,VIIRS,n,2.0NRT,8.9,N
41.04804,-123.29782,344.5,2026-08-22,0912,N,VIIRS,n,2.0NRT,16.6,N
41.05249,-123.29355,327.2,2026-08-22,0832,N,VIIRS,n,2.0NRT,5.8,N
41.04609,-123.29691,341.1,2026-08-22,1052,N,VIIRS,n,2.0NRT,11.0,N
41.04286,-123.28722,341.8,2026-08-22,0902,N,VIIRS,n,2.0NRT,2.3,N
41.05046,-123.29809,348.5,2026-08-22,0842,N,VIIRS,n,2.0NRT,7.7,N
41.05477,-123.29631,346.2,2026-08-22,0932,N,VIIRS,n,2.0NRT,26.6,N
41.0417,-123.28697,340.7,2026-08-22,0922,N,VIIRS,n,2.0NRT,7.3,N
41.04683,-123.29541,336.3,2026-08-22,1012,N,VIIRS,n,2.0NRT,3.8,N
41.05024,-123.28626,338.8,2026-08-22,0842,N,VIIRS,n,2.0NRT,7.0,N
41.05012,-123.30007,348.5,2026-08-22,0802,N,VIIRS,n,2.0NRT,2.1,N
41.05321,-123.29586,348.3,2026-08-22,1022,N,VIIRS,n,2.0NRT,21.0,N
41.06114,-123.29301,354.3,2026-08-22,0822,N,VIIRS,n,2.0NRT,21.5,N
41.03681,-123.29089,354.0,2026-08-22,0822,N,VIIRS,n,2.0NRT,3.9,N
47.61516,-120.66589,346.3,2026-08-22,0912,N,VIIRS,n,2.0NRT,1.7,N
47.62997,-120.65549,336.9,2026-08-22,1052,N,VIIRS,n,2.0NRT,3.6,N
47.59756,-120.68785,334.6,2026-08-22,1002,N,VIIRS,n,2.0NRT,16.9,N
47.61329,-120.71262,336.0,2026-08-22,0802,N,VIIRS,n,2.0NRT,19.5,N
47.63537,-120.68792,333.2,2026-08-22,0852,N,VIIRS,n,2.0NRT,5.1,N
47.63072,-120.64978,343.5,2026-08-22,0942,N,VIIRS,n,2.0NRT,5.7,N
47.61488,-120.69011,346.3,2026-08-22,1002,N,VIIRS,n,2.0NRT,6.5,N
47.62172,-120.66968,340.8,2026-08-22,1022,N,VIIRS,n,2.0NRT,10.3,N
47.61178,-120.69315,347.3,2026-08-22,1042,N,VIIRS,n,2.0NRT,4.9,N
47.63533,-120.67851,344.5,2026-08-22,0812,N,VIIRS,n,2.0NRT,17.3,N
47.59035,-120.70177,332.5,2026-08-22,0832,N,VIIRS,n,2.0NRT,8.9,N
47.64177,-120.67817,343.3,2026-08-22,0902,N,VIIRS,n,2.0NRT,11.5,N
47.60895,-120.68647,342.5,2026-08-22,1052,N,VIIRS,n,2.0NRT,15.0,N
47.62019,-120.67333,336.0,2026-08-22,0802,N,VIIRS,n,2.0NRT,13.1,N
47.60031,-120.69619,333.3,2026-08-22,0922,N,VIIRS,n,2.0NRT,5.9,N
47.62396,-120.68545,351.8,2026-08-22,1002,N,VIIRS,n,2.0NRT,20.7,N
47.62829,-120.70183,341.5,2026-08-22,0812,N,VIIRS,n,2.0NRT,56.7,N
47.62518,-120.66817,339.3,2026-08-22,0842,N,VIIRS,n,2.0NRT,13.2,N
47.62706,-120.68198,334.5,2026-08-22,0912,N,VIIRS,n,2.0NRT,12.0,N
47.61861,-120.69611,335.3,2026-08-22,0802,N,VIIRS,n,2.0NRT,9.0,N
47.61896,-120.66573,335.8,2026-08-22,0802,N,VIIRS,n,2.0NRT,8.1,N
47.61827,-120.6969,344.1,2026-08-22,1012,N,VIIRS,n,2.0NRT,14.9,N
47.61286,-120.68109,336.3,2026-08-22,1012,N,VIIRS,n,2.0NRT,12.9,N
47.61458,-120.67696,344.1,2026-08-22,0842,N,VIIRS,n,2.0NRT,3.3,N
47.62758,-120.67111,329.4,2026-08-22,0932,N,VIIRS,n,2.0NRT,10.3,N
47.64064,-120.66956,342.3,2026-08-22,0842,N,VIIRS,n,2.0NRT,11.4,N
47.60645,-120.6971,343.4,2026-08-22,0802,N,VIIRS,n,2.0NRT,2.3,N
47.6189,-120.69054,335.7,2026-08-22,0822,N,VIIRS,n,2.0NRT,2.7,N
47.60349,-120.6904,335.1,2026-08-22,1042,N,VIIRS,n,2.0NRT,2.7,N
47.61312,-120.69374,346.4,2026-08-22,0832,N,VIIRS,n,2.0NRT,3.4,N
47.61542,-120.66691,337.5,2026-08-22,0942,N,VIIRS,n,2.0NRT,8.5,N
47.62289,-120.64816,346.6,2026-08-22,1002,N,VIIRS,n,2.0NRT,22.0,N
47.62247,-120.68821,341.9,2026-08-22,0802,N,VIIRS,n,2.0NRT,7.6,N
47.62006,-120.68028,339.6,2026-08-22,0822,N,VIIRS,n,2.0NRT,6.3,N
47.62631,-120.65389,342.8,2026-08-22,0942,N,VIIRS,n,2.0NRT,4.0,N
47.60774,-120.67154,346.0,2026-08-22,0852,N,VIIRS,n,2.0NRT,22.6,N
47.62301,-120.70678,328.9,2026-08-22,0802,N,VIIRS,n,2.0NRT,10.7,N
47.63118,-120.66562,339.6,2026-08-22,1052,N,VIIRS,n,2.0NRT,6.1,N
47.60757,-120.68413,331.3,2026-08-22,0802,N,VIIRS,n,2.0NRT,2.9,N
43.79012,-121.4329,343.3,2026-08-22,0902,N,VIIRS,n,2.0NRT,8.2,N
43.78244,-121.42582,339.6,2026-08-22,1022,N,VIIRS,n,2.0NRT,10.4,N
43.77855,-121.40683,352.4,2026-08-22,0852,N,VIIRS,n,2.0NRT,7.5,N
43.7809,-121.40909,343.1,2026-08-22,0932,N,VIIRS,n,2.0NRT,13.1,N
43.75818,-121.40664,337.3,2026-08-22,1052,N,VIIRS,n,2.0NRT,11.0,N
43.76177,-121.41689,340.8,2026-08-22,0942,N,VIIRS,n,2.0NRT,10.6,N
43.7751,-121.41418,336.0,2026-08-22,1052,N,VIIRS,n,2.0NRT,12.2,N
43.77604,-121.43013,338.1,2026-08-22,0932,N,VIIRS,n,2.0NRT,11.5,N
43.7558,-121.40953,341.7,2026-08-22,0952,N,VIIRS,n,2.0NRT,11.6,N
43.77423,-121.40621,338.4,2026-08-22,0912,N,VIIRS,n,2.0NRT,7.0,N
43.77146,-121.43686,337.6,2026-08-22,1002,N,VIIRS,n,2.0NRT,6.5,N
43.78359,-121.42444,342.9,2026-08-22,0912,N,VIIRS,n,2.0NRT,5.3,N
43.7761,-121.42777,344.6,2026-08-22,0852,N,VIIRS,n,2.0NRT,1.3,N
43.79173,-121.43052,338.6,2026-08-22,0822,N,VIIRS,n,2.0NRT,11.6,N
43.76795,-121.41871,334.5,2026-08-22,1052,N,VIIRS,n,2.0NRT,7.6,N
43.75889,-121.41603,335.2,2026-08-22,0832,N,VIIRS,n,2.0NRT,9.1,N
43.79134,-121.42589,347.6,2026-08-22,0832,N,VIIRS,n,2.0NRT,0.5,N
43.77674,-121.45299,339.7,2026-08-22,0932,N,VIIRS,n,2.0NRT,2.7,N
43.77153,-121.42376,342.9,2026-08-22,1022,N,VIIRS,n,2.0NRT,7.8,N
43.76218,-121.40702,341.8,2026-08-22,1042,N,VIIRS,n,2.0NRT,6.8,N
43.76809,-121.42213,331.1,2026-08-22,1032,N,VIIRS,n,2.0NRT,5.4,N
43.76747,-121.443,343.8,2026-08-22,0942,N,VIIRS,n,2.0NRT,6.6,N
43.75842,-121.40847,341.4,2026-08-22,0842,N,VIIRS,n,2.0NRT,2.8,N
43.74668,-121.4292,339.6,2026-08-22,0912,N,VIIRS,n,2.0NRT,21.8,N
43.7672,-121.39908,330.7,2026-08-22,0912,N,VIIRS,n,2.0NRT,6.5,N
43.78122,-121.42669,335.2,2026-08-22,0922,N,VIIRS,n,2.0NRT,2.5,N
43.78765,-121.42889,334.6,2026-08-22,1022,N,VIIRS,n,2.0NRT,10.2,N
43.78411,-121.43631,335.7,2026-08-22,0942,N,VIIRS,n,2.0NRT,8.9,N
43.78488,-121.42487,344.3,2026-08-22,0842,N,VIIRS,n,2.0NRT,1.5,N
43.75966,-121.42261,343.0,2026-08-22,0922,N,VIIRS,n,2.0NRT,4.9,N
35.42,-119.05,330.7,2026-08-22,1002,N,VIIRS,n,2.0NRT,4.0,N
35.423,-119.05,326.8,2026-08-22,0932,N,VIIRS,n,2.0NRT,4.0,N
35.417,-119.05,340.8,2026-08-22,0942,N,VIIRS,n,2.0NRT,4.0,N
40.64899,-122.37875,342.9,2026-08-23,0912,N,VIIRS,n,2.0NRT,19.4,N
40.67219,-122.36206,342.2,2026-08-23,1022,N,VIIRS,n,2.0NRT,19.5,N
40.6726,-122.35666,328.6,2026-08-23,1052,N,VIIRS,n,2.0NRT,11.3,N
40.67015,-122.38219,332.0,2026-08-23,0822,N,VIIRS,n,2.0NRT,13.4,N
40.69022,-122.39859,339.6,2026-08-23,0832,N,VIIRS,n,2.0NRT,41.8,N
40.72347,-122.37287,341.2,2026-08-23,0822,N,VIIRS,n,2.0NRT,41.4,N
40.67724,-122.37002,348.1,2026-08-23,1032,N,VIIRS,n,2.0NRT,7.4,N
40.70567,-122.36494,355.0,2026-08-23,0812,N,VIIRS,n,2.0NRT,16.2,N
40.6395,-122.35333,348.4,2026-08-23,1002,N,VIIRS,n,2.0NRT,7.2,N
40.66352,-122.37796,344.8,2026-08-23,0832,N,VIIRS,n,2.0NRT,30.4,N
40.64569,-122.37,339.8,2026-08-23,1022,N,VIIRS,n,2.0NRT,30.6,N
40.65762,-122.3781,337.2,2026-08-23,0822,N,VIIRS,n,2.0NRT,6.0,N
40.6646,-122.34342,345.2,2026-08-23,1042,N,VIIRS,n,2.0NRT,12.9,N
40.70766,-122.37912,338.4,2026-08-23,0842,N,VIIRS,n,2.0NRT,6.4,N
40.67122,-122.3871,346.3,2026-08-23,0842,N,VIIRS,n,2.0NRT,6.9,N
40.69101,-122.38625,334.4,2026-08-23,1042,N,VIIRS,n,2.0NRT,41.1,N
40.66199,-122.36141,347.1,2026-08-23,0922,N,VIIRS,n,2.0NRT,18.3,N
40.65977,-122.38072,332.3,2026-08-23,0822,N,VIIRS,n,2.0NRT,10.6,N
40.63996,-122.36662,331.9,2026-08-23,0912,N,VIIRS,n,2.0NRT,28.4,N
40.70688,-122.3663,336.1,2026-08-23,0852,N,VIIRS,n,2.0NRT,34.1,N
40.69777,-122.39608,337.6,2026-08-23,1052,N,VIIRS,n,2.0NRT,2.8,N
40.67449,-122.39792,341.5,2026-08-23,1022,N,VIIRS,n,2.0NRT,12.1,N
40.66567,-122.36533,342.1,2026-08-23,1032,N,VIIRS,n,2.0NRT,19.4,N
40.67193,-122.40684,340.0,2026-08-23,1052,N,VIIRS,n,2.0NRT,38.9,N
40.64501,-122.40624,341.9,2026-08-23,1032,N,VIIRS,n,2.0NRT,15.7,N
40.67934,-122.34079,333.4,2026-08-23,0922,N,VIIRS,n,2.0NRT,2.4,N
40.69589,-122.41602,343.2,2026-08-23,0802,N,VIIRS,n,2.0NRT,12.9,N
40.697,-122.36221,351.8,2026-08-23,0812,N,VIIRS,n,2.0NRT,1.5,N
40.64064,-122.38576,340.5,2026-08-23,0822,N,VIIRS,n,2.0NRT,18.1,N
40.69081,-122.36954,337.3,2026-08-23,0952,N,VIIRS,n,2.0NRT,17.5,N
40.64513,-122.3684,342.6,2026-08-23,0922,N,VIIRS,n,2.0NRT,14.3,N
40.62939,-122.38423,339.5,2026-08-23,0852,N,VIIRS,n,2.0NRT,28.6,N
40.69162,-122.37965,335.3,2026-08-23,0912,N,VIIRS,n,2.0NRT,3.3,N
40.66052,-122.3631,332.6,2026-08-23,0902,N,VIIRS,n,2.0NRT,10.2,N
40.68852,-122.35511,335.3,2026-08-23,1012,N,VIIRS,n,2.0NRT,5.3,N
40.68661,-122.35945,343.6,2026-08-23,0832,N,VIIRS,n,2.0NRT,9.7,N
40.68393,-122.37495,344.0,2026-08-23,0812,N,VIIRS,n,2.0NRT,9.3,N
40.6717,-122.38451,334.8,2026-08-23,0912,N,VIIRS,n,2.0NRT,12.4,N
40.64697,-122.39815,341.7,2026-08-23,1032,N,VIIRS,n,2.0NRT,16.2,N
40.66464,-122.37541,345.5,2026-08-23,1002,N,VIIRS,n,2.0NRT,19.2,N
40.69738,-122.38079,343.8,2026-08-23,0822,N,VIIRS,n,2.0NRT,29.2,N
40.68907,-122.35949,344.2,2026-08-23,1052,N,VIIRS,n,2.0NRT,14.0,N
40.6656,-122.3687,337.3,2026-08-23,0902,N,VIIRS,n,2.0NRT,8.6,N
40.66537,-122.35488,337.2,2026-08-23,0812,N,VIIRS,n,2.0NRT,31.9,N
40.68208,-122.40262,343.8,2026-08-23,0932,N,VIIRS,n,2.0NRT,6.1,N
40.67307,-122.34869,345.4,2026-08-23,0822,N,VIIRS,n,2.0NRT,8.7,N
40.66656,-122.37149,336.2,2026-08-23,0912,N,VIIRS,n,2.0NRT,27.8,N
40.68037,-122.3997,337.0,2026-08-23,0832,N,VIIRS,n,2.0NRT,19.9,N
40.6797,-122.40648,342.4,2026-08-23,0912,N,VIIRS,n,2.0NRT,10.4,N
40.65811,-122.35956,341.8,2026-08-23,1022,N,VIIRS,n,2.0NRT,8.1,N
40.67678,-122.38579,345.5,2026-08-23,0942,N,VIIRS,n,2.0NRT,11.1,N
40.67848,-122.38114,337.4,2026-08-23,0822,N,VIIRS,n,2.0NRT,22.2,N
40.67024,-122.36752,346.5,2026-08-23,0852,N,VIIRS,n,2.0NRT,15.9,N
40.65618,-122.37923,339.6,2026-08-23,0832,N,VIIRS,n,2.0NRT,5.2,N
40.66407,-122.41013,334.3,2026-08-23,0802,N,VIIRS,n,2.0NRT,15.4,N
40.65251,-122.3502,350.7,2026-08-23,0802,N,VIIRS,n,2.0NRT,8.9,N
40.67731,-122.40515,337.8,2026-08-23,0942,N,VIIRS,n,2.0NRT,7.9,N
40.64073,-122.38213,333.7,2026-08-23,1052,N,VIIRS,n,2.0NRT,18.2,N
40.69966,-122.38355,335.5,2026-08-23,0932,N,VIIRS,n,2.0NRT,11.2,N
40.69483,-122.37331,324.2,2026-08-23,1012,N,VIIRS,n,2.0NRT,14.6,N
40.67895,-122.40538,342.4,2026-08-23,0902,N,VIIRS,n,2.0NRT,13.2,N
40.68781,-122.38636,338.5,2026-08-23,0822,N,VIIRS,n,2.0NRT,9.1,N
40.6864,-122.39547,339.6,2026-08-23,0932,N,VIIRS,n,2.0NRT,8.2,N
40.67336,-122.37331,345.8,2026-08-23,1052,N,VIIRS,n,2.0NRT,32.2,N
40.66707,-122.37231,338.0,2026-08-23,0932,N,VIIRS,n,2.0NRT,11.1,N
40.66494,-122.39233,341.4,2026-08-23,0912,N,VIIRS,n,2.0NRT,21.2,N
40.7005,-122.36007,338.9,2026-08-23,0812,N,VIIRS,n,2.0NRT,4.9,N
40.65554,-122.3692,343.5,2026-08-23,0802,N,VIIRS,n,2.0NRT,30.0,N
40.65589,-122.40251,331.7,2026-08-23,0832,N,VIIRS,n,2.0NRT,9.0,N
40.68964,-122.41238,340.5,2026-08-23,0922,N,VIIRS,n,2.0NRT,14.6,N
40.68761,-122.3848,345.2,2026-08-23,0902,N,VIIRS,n,2.0NRT,10.8,N
40.66598,-122.37221,331.9,2026-08-23,1012,N,VIIRS,n,2.0NRT,17.9,N
40.68104,-122.3957,333.1,2026-08-23,1052,N,VIIRS,n,2.0NRT,12.5,N
40.68364,-122.37785,332.7,2026-08-23,0952,N,VIIRS,n,2.0NRT,8.4,N
40.64613,-122.38323,329.7,2026-08-23,0852,N,VIIRS,n,2.0NRT,3.9,N
40.69624,-122.34814,341.9,2026-08-23,0912,N,VIIRS,n,2.0NRT,15.9,N
40.67004,-122.38205,337.1,2026-08-23,1022,N,VIIRS,n,2.0NRT,10.0,N
40.66744,-122.3792,333.3,2026-08-23,0802,N,VIIRS,n,2.0NRT,10.0,N
40.66976,-122.38071,337.1,2026-08-23,1012,N,VIIRS,n,2.0NRT,10.0,N
40.67207,-122.3754,335.5,2026-08-23,0902,N,VIIRS,n,2.0NRT,10.0,N
40.67277,-122.38343,338.4,2026-08-23,0922,N,VIIRS,n,2.0NRT,10.0,N
40.67041,-122.37856,326.0,2026-08-23,0802,N,VIIRS,n,2.0NRT,10.0,N
40.67836,-122.3871,331.8,2026-08-23,0952,N,VIIRS,n,2.0NRT,10.0,N
40.67299,-122.37296,343.9,2026-08-23,1012,N,VIIRS,n,2.0NRT,10.0,N
40.67643,-122.38567,330.3,2026-08-23,1022,N,VIIRS,n,2.0NRT,10.0,N
40.67249,-122.37357,333.8,2026-08-23,0822,N,VIIRS,n,2.0NRT,10.0,N
40.68455,-122.38167,337.1,2026-08-23,0912,N,VIIRS,n,2.0NRT,10.0,N
40.67263,-122.36983,338.1,2026-08-23,0832,N,VIIRS,n,2.0NRT,10.0,N
40.68465,-122.38703,341.9,2026-08-23,0902,N,VIIRS,n,2.0NRT,10.0,N
40.67632,-122.36588,340.1,2026-08-23,1022,N,VIIRS,n,2.0NRT,10.0,N
40.68816,-122.39196,331.4,2026-08-23,1012,N,VIIRS,n,2.0NRT,10.0,N
40.67783,-122.36357,342.1,2026-08-23,0852,N,VIIRS,n,2.0NRT,10.0,N
40.68974,-122.39,347.2,2026-08-23,0952,N,VIIRS,n,2.0NRT,10.0,N
40.6815,-122.35999,340.7,2026-08-23,0832,N,VIIRS,n,2.0NRT,10.0,N
40.68964,-122.39032,347.4,2026-08-23,0922,N,VIIRS,n,2.0NRT,10.0,N
40.68541,-122.36476,339.7,2026-08-23,1002,N,VIIRS,n,2.0NRT,10.0,N
40.69223,-122.38826,339.6,2026-08-23,0912,N,VIIRS,n,2.0NRT,10.0,N
40.68426,-122.36269,335.4,2026-08-23,0842,N,VIIRS,n,2.0NRT,10.0,N
40.69479,-122.39599,347.9,2026-08-23,0852,N,VIIRS,n,2.0NRT,10.0,N
40.68667,-122.35746,338.6,2026-08-23,0942,N,VIIRS,n,2.0NRT,10.0,N
40.69643,-122.39772,336.3,2026-08-23,0932,N,VIIRS,n,2.0NRT,10.0,N
40.68393,-122.35398,341.4,2026-08-23,1042,N,VIIRS,n,2.0NRT,10.0,N
40.69945,-122.39634,341.9,2026-08-23,0932,N,VIIRS,n,2.0NRT,10.0,N
40.68996,-122.35074,342.0,2026-08-23,1022,N,VIIRS,n,2.0NRT,10.0,N
40.70244,-122.40097,335.2,2026-08-23,1022,N,VIIRS,n,2.0NRT,10.0,N
40.68765,-122.34928,347.2,2026-08-23,0812,N,VIIRS,n,2.0NRT,10.0,N
40.70609,-122.40161,338.2,2026-08-23,0832,N,VIIRS,n,2.0NRT,10.0,N
40.69252,-122.34938,346.1,2026-08-23,1042,N,VIIRS,n,2.0NRT,10.0,N
40.7066,-122.40335,341.5,2026-08-23,0812,N,VIIRS,n,2.0NRT,10.0,N
40.69328,-122.34142,348.6,2026-08-23,0952,N,VIIRS,n,2.0NRT,10.0,N
40.70963,-122.40121,335.0,2026-08-23,0912,N,VIIRS,n,2.0NRT,10.0,N
40.69488,-122.34325,344.1,2026-08-23,0842,N,VIIRS,n,2.0NRT,10.0,N
40.71297,-122.40367,349.1,2026-08-23,0942,N,VIIRS,n,2.0NRT,10.0,N
40.69494,-122.34162,341.2,2026-08-23,0812,N,VIIRS,n,2.0NRT,10.0,N
40.71229,-122.40783,334.7,2026-08-23,0922,N,VIIRS,n,2.0NRT,10.0,N
40.69571,-122.33823,339.0,2026-08-23,0922,N,VIIRS,n,2.0NRT,10.0,N
39.29086,-120.85646,343.3,2026-08-23,0952,N,VIIRS,n,2.0NRT,27.3,N
39.31622,-120.84167,343.4,2026-08-23,0852,N,VIIRS,n,2.0NRT,25.3,N
39.29786,-120.84774,337.9,2026-08-23,0842,N,VIIRS,n,2.0NRT,9.4,N
39.33878,-120.85025,348.8,2026-08-23,1042,N,VIIRS,n,2.0NRT,1.0,N
39.2983,-120.85243,336.1,2026-08-23,1012,N,VIIRS,n,2.0NRT,27.5,N
39.30929,-120.85212,346.8,2026-08-23,0802,N,VIIRS,n,2.0NRT,9.1,N
39.30756,-120.87021,336.1,2026-08-23,0902,N,VIIRS,n,2.0NRT,10.0,N
39.29452,-120.85209,344.5,2026-08-23,0802,N,VIIRS,n,2.0NRT,7.5,N
39.30569,-120.85793,338.7,2026-08-23,0952,N,VIIRS,n,2.0NRT,36.7,N
39.30552,-120.84915,342.1,2026-08-23,0912,N,VIIRS,n,2.0NRT,36.9,N
39.32045,-120.85139,348.3,2026-08-23,0942,N,VIIRS,n,2.0NRT,7.1,N
39.31359,-120.85758,339.1,2026-08-23,1052,N,VIIRS,n,2.0NRT,7.4,N
39.31601,-120.84474,337.7,2026-08-23,1042,N,VIIRS,n,2.0NRT,15.5,N
39.32012,-120.84001,352.0,2026-08-23,0912,N,VIIRS,n,2.0NRT,2.6,N
39.31624,-120.85138,348.7,2026-08-23,0942,N,VIIRS,n,2.0NRT,3.1,N
39.31143,-120.83511,336.6,2026-08-23,0932,N,VIIRS,n,2.0NRT,8.8,N
39.29887,-120.8588,342.7,2026-08-23,0922,N,VIIRS,n,2.0NRT,44.7,N
39.31054,-120.84419,331.9,2026-08-23,1052,N,VIIRS,n,2.0NRT,5.2,N
39.29646,-120.85105,333.9,2026-08-23,1032,N,VIIRS,n,2.0NRT,23.0,N
39.30668,-120.88101,343.6,2026-08-23,0842,N,VIIRS,n,2.0NRT,26.5,N
39.30493,-120.8522,336.9,2026-08-23,1002,N,VIIRS,n,2.0NRT,9.6,N
39.30576,-120.83018,335.3,2026-08-23,0942,N,VIIRS,n,2.0NRT,23.5,N
39.29098,-120.86154,354.1,2026-08-23,1002,N,VIIRS,n,2.0NRT,19.5,N
39.27143,-120.85673,337.8,2026-08-23,1012,N,VIIRS,n,2.0NRT,24.4,N
39.30246,-120.85714,344.9,2026-08-23,0802,N,VIIRS,n,2.0NRT,68.0,N
39.32351,-120.83795,334.9,2026-08-23,0922,N,VIIRS,n,2.0NRT,7.5,N
39.30909,-120.85519,341.9,2026-08-23,0842,N,VIIRS,n,2.0NRT,3.5,N
39.32237,-120.85028,352.7,2026-08-23,0822,N,VIIRS,n,2.0NRT,2.1,N
39.29654,-120.87403,345.3,2026-08-23,0822,N,VIIRS,n,2.0NRT,14.9,N
39.30182,-120.83943,341.8,2026-08-23,1042,N,VIIRS,n,2.0NRT,13.9,N
39.33987,-120.84914,340.3,2026-08-23,0932,N,VIIRS,n,2.0NRT,16.5,N
39.29729,-120.86659,350.3,2026-08-23,1022,N,VIIRS,n,2.0NRT,41.4,N
41.06152,-123.29815,344.6,2026-08-23,1032,N,VIIRS,n,2.0NRT,10.0,N
41.07322,-123.31047,348.5,2026-08-23,0852,N,VIIRS,n,2.0NRT,5.5,N
41.04511,-123.29903,337.5,2026-08-23,1042,N,VIIRS,n,2.0NRT,13.2,N
41.05282,-123.28815,339.2,2026-08-23,0832,N,VIIRS,n,2.0NRT,4.1,N
41.04525,-123.29558,334.8,2026-08-23,0912,N,VIIRS,n,2.0NRT,5.2,N
41.05825,-123.297,338.4,2026-08-23,1042,N,VIIRS,n,2.0NRT,7.9,N
41.04318,-123.292,337.3,2026-08-23,1022,N,VIIRS,n,2.0NRT,22.1,N
41.05873,-123.29774,340.1,2026-08-23,0952,N,VIIRS,n,2.0NRT,4.0,N
41.05145,-123.30039,342.0,2026-08-23,1042,N,VIIRS,n,2.0NRT,9.1,N
41.04944,-123.29745,340.3,2026-08-23,1002,N,VIIRS,n,2.0NRT,9.6,N
41.05022,-123.30802,343.7,2026-08-23,0912,N,VIIRS,n,2.0NRT,7.3,N
41.04255,-123.30734,335.7,2026-08-23,0822,N,VIIRS,n,2.0NRT,3.2,N
41.05158,-123.30219,334.4,2026-08-23,0802,N,VIIRS,n,2.0NRT,1.7,N
41.05153,-123.29844,343.4,2026-08-23,0822,N,VIIRS,n,2.0NRT,15.4,N
41.04555,-123.29159,349.2,2026-08-23,0912,N,VIIRS,n,2.0NRT,24.0,N
41.0481,-123.30508,340.9,2026-08-23,0812,N,VIIRS,n,2.0NRT,11.4,N
41.05342,-123.31504,327.8,2026-08-23,1022,N,VIIRS,n,2.0NRT,7.7,N
41.04439,-123.29503,336.6,2026-08-23,1002,N,VIIRS,n,2.0NRT,7.0,N
41.03766,-123.29407,342.4,2026-08-23,1032,N,VIIRS,n,2.0NRT,3.4,N
41.06073,-123.30462,340.5,2026-08-23,1032,N,VIIRS,n,2.0NRT,6.4,N
41.05207,-123.29405,345.1,2026-08-23,0922,N,VIIRS,n,2.0NRT,3.0,N
41.04669,-123.29584,342.1,2026-08-23,1002,N,VIIRS,n,2.0NRT,5.2,N
41.04523,-123.30539,326.9,2026-08-23,1012,N,VIIRS,n,2.0NRT,5.6,N
41.04432,-123.29957,339.2,2026-08-23,0802,N,VIIRS,n,2.0NRT,10.4,N
41.05822,-123.30331,333.2,2026-08-23,1012,N,VIIRS,n,2.0NRT,1.6,N
41.04097,-123.30969,330.9,2026-08-23,1032,N,VIIRS,n,2.0NRT,13.8,N
41.0528,-123.28891,351.7,2026-08-23,0912,N,VIIRS,n,2.0NRT,5.1,N
41.05337,-123.30291,331.6,2026-08-23,0822,N,VIIRS,n,2.0NRT,5.3,N
41.05513,-123.3007,339.8,2026-08-23,0842,N,VIIRS,n,2.0NRT,9.6,N
41.04799,-123.29366,342.5,2026-08-23,0802,N,VIIRS,n,2.0NRT,8.1,N
41.03843,-123.28666,335.4,2026-08-23,1042,N,VIIRS,n,2.0NRT,18.9,N
41.05129,-123.28891,343.5,2026-08-23,0952,N,VIIRS,n,2.0NRT,2.1,N
41.04236,-123.30455,336.5,2026-08-23,0802,N,VIIRS,n,2.0NRT,4.4,N
41.04175,-123.29622,346.5,2026-08-23,0932,N,VIIRS,n,2.0NRT,9.9,N
41.05047,-123.3013,339.9,2026-08-23,1002,N,VIIRS,n,2.0NRT,14.8,N
41.0428,-123.30699,341.8,2026-08-23,0842,N,VIIRS,n,2.0NRT,32.3,N
41.04966,-123.30131,335.9,2026-08-23,1042,N,VIIRS,n,2.0NRT,23.4,N
41.04513,-123.28702,344.5,2026-08-23,1042,N,VIIRS,n,2.0NRT,9.1,N
41.04942,-123.28898,342.6,2026-08-23,0832,N,VIIRS,n,2.0NRT,8.8,N
41.04621,-123.29626,350.2,2026-08-23,1042,N,VIIRS,n,2.0NRT,7.8,N
41.04961,-123.31005,350.6,2026-08-23,1022,N,VIIRS,n,2.0NRT,10.3,N
41.06014,-123.29896,341.9,2026-08-23,0932,N,VIIRS,n,2.0NRT,4.0,N
41.0553,-123.30334,341.4,2026-08-23,0942,N,VIIRS,n,2.0NRT,5.0,N
41.04883,-123.30415,332.2,2026-08-23,1002,N,VIIRS,n,2.0NRT,1.8,N
41.05878,-123.29579,344.5,2026-08-23,0842,N,VIIRS,n,2.0NRT,4.1,N
41.05261,-123.28836,338.4,2026-08-23,0902,N,VIIRS,n,2.0NRT,3.3,N
41.05821,-123.29257,340.5,2026-08-23,0812,N,VIIRS,n,2.0NRT,17.6,N
41.03991,-123.30294,338.3,2026-08-23,0902,N,VIIRS,n,2.0NRT,13.3,N
41.04287,-123.29283,339.2,2026-08-23,0912,N,VIIRS,n,2.0NRT,2.9,N
41.05121,-123.30787,338.6,2026-08-23,1032,N,VIIRS,n,2.0NRT,15.3,N
41.04866,-123.30861,345.5,2026-08-23,0812,N,VIIRS,n,2.0NRT,4.1,N
41.04962,-123.30975,340.0,2026-08-23,0822,N,VIIRS,n,2.0NRT,23.5,N
41.05375,-123.29532,333.4,2026-08-23,1052,N,VIIRS,n,2.0NRT,3.3,N
41.06355,-123.29198,328.9,2026-08-23,0852,N,VIIRS,n,2.0NRT,15.5,N
47.6296,-120.67164,345.3,2026-08-23,0832,N,VIIRS,n,2.0NRT,27.0,N
47.5742,-120.65087,339.6,2026-08-23,0822,N,VIIRS,n,2.0NRT,9.7,N
47.62232,-120.68592,334.3,2026-08-23,1012,N,VIIRS,n,2.0NRT,11.4,N
47.63691,-120.68352,340.9,2026-08-23,0902,N,VIIRS,n,2.0NRT,13.7,N
47.6083,-120.66591,336.3,2026-08-23,0922,N,VIIRS,n,2.0NRT,4.7,N
47.65028,-120.6444,343.4,2026-08-23,0912,N,VIIRS,n,2.0NRT,2.0,N
47.62612,-120.66414,351.1,2026-08-23,0812,N,VIIRS,n,2.0NRT,23.9,N
47.63346,-120.69337,341.7,2026-08-23,1052,N,VIIRS,n,2.0NRT,15.0,N
47.63095,-120.68448,334.4,2026-08-23,0922,N,VIIRS,n,2.0NRT,13.3,N
47.62541,-120.67587,336.3,2026-08-23,0812,N,VIIRS,n,2.0NRT,28.4,N
47.62852,-120.66999,332.3,2026-08-23,1042,N,VIIRS,n,2.0NRT,5.8,N
47.56776,-120.66896,346.6,2026-08-23,0932,N,VIIRS,n,2.0NRT,8.6,N
47.63092,-120.66442,339.3,2026-08-23,0952,N,VIIRS,n,2.0NRT,12.2,N
47.61826,-120.64408,346.5,2026-08-23,1032,N,VIIRS,n,2.0NRT,16.6,N
47.62529,-120.66456,329.1,2026-08-23,0912,N,VIIRS,n,2.0NRT,17.5,N
47.63776,-120.66584,342.5,2026-08-23,0822,N,VIIRS,n,2.0NRT,16.7,N
47.60473,-120.71345,342.6,2026-08-23,1052,N,VIIRS,n,2.0NRT,5.0,N
47.61189,-120.65906,336.5,2026-08-23,0942,N,VIIRS,n,2.0NRT,21.3,N
47.614,-120.65838,341.7,2026-08-23,0902,N,VIIRS,n,2.0NRT,18.3,N
47.62253,-120.6501,339.7,2026-08-23,0922,N,VIIRS,n,2.0NRT,0.5,N
47.61498,-120.66405,338.1,2026-08-23,0812,N,VIIRS,n,2.0NRT,12.0,N
47.6286,-120.64647,339.1,2026-08-23,1042,N,VIIRS,n,2.0NRT,12.7,N
47.59099,-120.67979,337.7,2026-08-23,0802,N,VIIRS,n,2.0NRT,39.4,N
47.63442,-120.64572,344.9,2026-08-23,1032,N,VIIRS,n,2.0NRT,5.1,N
47.62408,-120.67698,339.4,2026-08-23,0852,N,VIIRS,n,2.0NRT,8.0,N
47.63287,-120.65723,344.5,2026-08-23,1002,N,VIIRS,n,2.0NRT,8.6,N
47.61389,-120.66638,345.2,2026-08-23,1032,N,VIIRS,n,2.0NRT,3.9,N
47.64007,-120.63986,350.7,2026-08-23,0832,N,VIIRS,n,2.0NRT,14.4,N
47.63262,-120.67125,334.1,2026-08-23,0942,N,VIIRS,n,2.0NRT,11.4,N
47.61908,-120.66252,341.8,2026-08-23,1032,N,VIIRS,n,2.0NRT,11.5,N
47.61803,-120.66878,334.1,2026-08-23,0852,N,VIIRS,n,2.0NRT,22.5,N
47.60202,-120.64995,341.2,2026-08-23,0952,N,VIIRS,n,2.0NRT,2.3,N
47.60062,-120.67935,343.9,2026-08-23,0912,N,VIIRS,n,2.0NRT,32.1,N
47.62166,-120.63815,332.2,2026-08-23,1032,N,VIIRS,n,2.0NRT,16.6,N
47.61281,-120.68332,347.4,2026-08-23,0912,N,VIIRS,n,2.0NRT,10.2,N
47.61064,-120.6438,330.7,2026-08-23,1032,N,VIIRS,n,2.0NRT,12.6,N
47.57219,-120.68905,343.5,2026-08-23,0912,N,VIIRS,n,2.0NRT,10.1,N
47.66643,-120.66196,334.7,2026-08-23,0842,N,VIIRS,n,2.0NRT,9.3,N
47.6012,-120.67271,337.4,2026-08-23,1022,N,VIIRS,n,2.0NRT,18.1,N
47.62115,-120.65762,339.9,2026-08-23,0922,N,VIIRS,n,2.0NRT,13.5,N
47.65127,-120.66539,351.9,2026-08-23,0842,N,VIIRS,n,2.0NRT,6.8,N
47.61082,-120.65862,340.4,2026-08-23,0942,N,VIIRS,n,2.0NRT,6.2,N
47.60813,-120.68957,341.0,2026-08-23,1022,N,VIIRS,n,2.0NRT,9.9,N
47.59008,-120.69861,343.5,2026-08-23,0952,N,VIIRS,n,2.0NRT,32.8,N
47.60476,-120.69202,348.8,2026-08-23,1032,N,VIIRS,n,2.0NRT,6.8,N
47.62533,-120.69239,337.3,2026-08-23,1032,N,VIIRS,n,2.0NRT,17.1,N
47.56656,-120.68975,332.1,2026-08-23,0912,N,VIIRS,n,2.0NRT,23.6,N
47.61198,-120.68229,330.3,2026-08-23,0952,N,VIIRS,n,2.0NRT,3.7,N
43.7478,-121.43374,336.9,2026-08-23,0802,N,VIIRS,n,2.0NRT,11.6,N
43.79121,-121.41455,342.1,2026-08-23,0832,N,VIIRS,n,2.0NRT,3.4,N
43.77753,-121.43354,329.6,2026-08-23,0952,N,VIIRS,n,2.0NRT,15.0,N
43.75426,-121.43538,338.0,2026-08-23,0812,N,VIIRS,n,2.0NRT,8.2,N
43.77442,-121.40828,331.5,2026-08-23,0912,N,VIIRS,n,2.0NRT,7.7,N
43.78718,-121.41149,349.0,2026-08-23,1012,N,VIIRS,n,2.0NRT,14.9,N
43.76504,-121.41967,350.4,2026-08-23,0942,N,VIIRS,n,2.0NRT,10.9,N
43.77066,-121.42272,341.5,2026-08-23,1032,N,VIIRS,n,2.0NRT,4.9,N
43.8025,-121.44379,342.2,2026-08-23,1012,N,VIIRS,n,2.0NRT,11.0,N
43.77183,-121.40364,339.0,2026-08-23,1032,N,VIIRS,n,2.0NRT,5.4,N
43.75521,-121.42869,339.8,2026-08-23,0912,N,VIIRS,n,2.0NRT,16.7,N
43.76786,-121.42301,339.5,2026-08-23,0952,N,VIIRS,n,2.0NRT,14.4,N
43.75345,-121.41196,340.5,2026-08-23,0822,N,VIIRS,n,2.0NRT,14.3,N
43.78399,-121.41314,336.0,2026-08-23,0922,N,VIIRS,n,2.0NRT,10.3,N
43.76325,-121.41883,336.1,2026-08-23,0942,N,VIIRS,n,2.0NRT,8.1,N
43.76286,-121.42449,338.0,2026-08-23,1022,N,VIIRS,n,2.0NRT,4.8,N
43.80407,-121.41871,345.9,2026-08-23,0852,N,VIIRS,n,2.0NRT,5.8,N
43.75897,-121.41757,340.9,2026-08-23,0942,N,VIIRS,n,2.0NRT,4.6,N
43.75675,-121.43619,343.5,2026-08-23,1002,N,VIIRS,n,2.0NRT,14.3,N
43.76094,-121.426,331.4,2026-08-23,1002,N,VIIRS,n,2.0NRT,1.2,N
43.78765,-121.41219,337.0,2026-08-23,0912,N,VIIRS,n,2.0NRT,8.9,N
43.78206,-121.43484,336.6,2026-08-23,0802,N,VIIRS,n,2.0NRT,1.4,N
43.76769,-121.41633,337.9,2026-08-23,1002,N,VIIRS,n,2.0NRT,9.1,N
43.76652,-121.42376,338.5,2026-08-23,0822,N,VIIRS,n,2.0NRT,6.9,N
43.78096,-121.42471,341.4,2026-08-23,0922,N,VIIRS,n,2.0NRT,3.7,N
43.77805,-121.3985,335.1,2026-08-23,0812,N,VIIRS,n,2.0NRT,1.3,N
43.77268,-121.40408,331.5,2026-08-23,0952,N,VIIRS,n,2.0NRT,11.6,N
43.78255,-121.43981,337.5,2026-08-23,1012,N,VIIRS,n,2.0NRT,6.7,N
43.76012,-121.43125,345.3,2026-08-23,0912,N,VIIRS,n,2.0NRT,4.4,N
43.76346,-121.42122,333.7,2026-08-23,0852,N,VIIRS,n,2.0NRT,14.1,N
43.7833,-121.40306,328.7,2026-08-23,1022,N,VIIRS,n,2.0NRT,5.8,N
43.77916,-121.42602,339.7,2026-08-23,0912,N,VIIRS,n,2.0NRT,11.9,N
43.74689,-121.41905,335.4,2026-08-23,1052,N,VIIRS,n,2.0NRT,1.6,N
43.77535,-121.41753,335.1,2026-08-23,0932,N,VIIRS,n,2.0NRT,2.4,N
43.80343,-121.40325,348.2,2026-08-23,0802,N,VIIRS,n,2.0NRT,1.0,N
34.55394,-118.9263,342.5,2026-08-23,1012,N,VIIRS,n,2.0NRT,57.5,N
34.55998,-118.91388,334.1,2026-08-23,0912,N,VIIRS,n,2.0NRT,45.3,N
34.56252,-118.91911,344.3,2026-08-23,0802,N,VIIRS,n,2.0NRT,27.0,N
34.56657,-118.92438,331.4,2026-08-23,0852,N,VIIRS,n,2.0NRT,10.5,N
34.56019,-118.92011,332.0,2026-08-23,0822,N,VIIRS,n,2.0NRT,31.4,N
34.55836,-118.92234,346.5,2026-08-23,0902,N,VIIRS,n,2.0NRT,36.2,N
34.56044,-118.91979,334.7,2026-08-23,0922,N,VIIRS,n,2.0NRT,10.8,N
34.55371,-118.91519,340.2,2026-08-23,0912,N,VIIRS,n,2.0NRT,51.1,N
34.55414,-118.92131,338.4,2026-08-23,0822,N,VIIRS,n,2.0NRT,46.5,N
34.55823,-118.91785,340.1,2026-08-23,1012,N,VIIRS,n,2.0NRT,21.5,N
34.54729,-118.91465,344.8,2026-08-23,0802,N,VIIRS,n,2.0NRT,72.4,N
34.55594,-118.91268,341.0,2026-08-23,1022,N,VIIRS,n,2.0NRT,13.6,N
34.55713,-118.92029,336.9,2026-08-23,0902,N,VIIRS,n,2.0NRT,19.2,N
34.57148,-118.92166,341.6,2026-08-23,0912,N,VIIRS,n,2.0NRT,35.5,N
35.42,-119.05,334.4,2026-08-23,0942,N,VIIRS,n,2.0NRT,4.0,N
35.423,-119.05,340.1,2026-08-23,1032,N,VIIRS,n,2.0NRT,4.0,N
35.417,-119.05,336.8,2026-08-23,1022,N,VIIRS,n,2.0NRT,4.0,N
40.68877,-122.36622,339.8,2026-08-24,0942,N,VIIRS,n,2.0NRT,16.7,N
40.66768,-122.36606,328.4,2026-08-24,0912,N,VIIRS,n,2.0NRT,20.0,N
40.67614,-122.43684,336.1,2026-08-24,0922,N,VIIRS,n,2.0NRT,19.1,N
40.66972,-122.35313,352.1,2026-08-24,1012,N,VIIRS,n,2.0NRT,11.9,N
40.64435,-122.37361,342.3,2026-08-24,0832,N,VIIRS,n,2.0NRT,17.1,N
40.71361,-122.39212,346.6,2026-08-24,0902,N,VIIRS,n,2.0NRT,14.6,N
40.68005,-122.40365,341.9,2026-08-24,0842,N,VIIRS,n,2.0NRT,20.4,N
40.7145,-122.37777,340.7,2026-08-24,1002,N,VIIRS,n,2.0NRT,13.5,N
40.68099,-122.34729,332.9,2026-08-24,1012,N,VIIRS,n,2.0NRT,11.0,N
40.69402,-122.39456,336.6,2026-08-24,0822,N,VIIRS,n,2.0NRT,16.8,N
40.66628,-122.36551,345.2,2026-08-24,1022,N,VIIRS,n,2.0NRT,10.0,N
40.66677,-122.42089,339.2,2026-08-24,1002,N,VIIRS,n,2.0NRT,11.2,N
40.67887,-122.40738,338.1,2026-08-24,1032,N,VIIRS,n,2.0NRT,13.0,N
40.71427,-122.37225,350.9,2026-08-24,0912,N,VIIRS,n,2.0NRT,40.6,N
40.66081,-122.39081,341.8,2026-08-24,0912,N,VIIRS,n,2.0NRT,36.3,N
40.63994,-122.39931,345.4,2026-08-24,0932,N,VIIRS,n,2.0NRT,6.9,N
40.70155,-122.32869,346.0,2026-08-24,0832,N,VIIRS,n,2.0NRT,9.0,N
40.6954,-122.37795,342.3,2026-08-24,1012,N,VIIRS,n,2.0NRT,6.6,N
40.67084,-122.39628,338.4,2026-08-24,0912,N,VIIRS,n,2.0NRT,25.4,N
40.72367,-122.38,331.5,2026-08-24,0812,N,VIIRS,n,2.0NRT,9.4,N
40.72485,-122.34646,341.7,2026-08-24,1052,N,VIIRS,n,2.0NRT,6.8,N
40.6431,-122.39012,343.5,2026-08-24,1042,N,VIIRS,n,2.0NRT,16.1,N
40.66582,-122.37769,338.1,2026-08-24,1022,N,VIIRS,n,2.0NRT,1.9,N
40.67872,-122.31248,341.4,2026-08-24,0832,N,VIIRS,n,2.0NRT,3.3,N
40.65716,-122.37115,333.5,2026-08-24,0932,N,VIIRS,n,2.0NRT,2.4,N
40.69307,-122.37603,336.8,2026-08-24,0912,N,VIIRS,n,2.0NRT,20.2,N
40.68234,-122.39815,343.7,2026-08-24,0822,N,VIIRS,n,2.0NRT,28.8,N
40.68226,-122.36516,345.7,2026-08-24,0912,N,VIIRS,n,2.0NRT,9.5,N
40.68695,-122.36391,344.3,2026-08-24,0912,N,VIIRS,n,2.0NRT,10.1,N
40.70995,-122.35614,346.0,2026-08-24,0822,N,VIIRS,n,2.0NRT,6.5,N
40.68151,-122.40084,333.5,2026-08-24,1012,N,VIIRS,n,2.0NRT,2.7,N
40.66728,-122.38066,336.5,2026-08-24,0952,N,VIIRS,n,2.0NRT,5.1,N
40.68535,-122.38614,340.0,2026-08-24,0952,N,VIIRS,n,2.0NRT,14.8,N
40.66016,-122.40119,347.0,2026-08-24,0942,N,VIIRS,n,2.0NRT,19.6,N
40.645,-122.38098,347.8,2026-08-24,0922,N,VIIRS,n,2.0NRT,2.4,N
40.64884,-122.39721,350.5,2026-08-24,0952,N,VIIRS,n,2.0NRT,10.0,N
40.67165,-122.40432,328.9,2026-08-24,1032,N,VIIRS,n,2.0NRT,6.3,N
40.68805,-122.36031,343.3,2026-08-24,0902,N,VIIRS,n,2.0NRT,18.3,N
40.66835,-122.38526,334.1,2026-08-24,0822,N,VIIRS,n,2.0NRT,4.5,N
40.69139,-122.39114,342.2,2026-08-24,0902,N,VIIRS,n,2.0NRT,20.6,N
40.66341,-122.35063,342.8,2026-08-24,0932,N,VIIRS,n,2.0NRT,9.2,N
40.69874,-122.36325,334.7,2026-08-24,0842,N,VIIRS,n,2.0NRT,14.3,N
40.69962,-122.41792,344.0,2026-08-24,1032,N,VIIRS,n,2.0NRT,21.7,N
40.7087,-122.36769,344.8,2026-08-24,0852,N,VIIRS,n,2.0NRT,11.8,N
40.70143,-122.36779,334.1,2026-08-24,0812,N,VIIRS,n,2.0NRT,38.8,N
40.68104,-122.38184,338.8,2026-08-24,1032,N,VIIRS,n,2.0NRT,9.5,N
40.68778,-122.38261,336.4,2026-08-24,0912,N,VIIRS,n,2.0NRT,20.3,N
40.6984,-122.40963,337.0,2026-08-24,0802,N,VIIRS,n,2.0NRT,19.5,N
40.66852,-122.33265,340.4,2026-08-24,0842,N,VIIRS,n,2.0NRT,4.3,N
40.66673,-122.38106,341.0,2026-08-24,0842,N,VIIRS,n,2.0NRT,7.6,N
40.66129,-122.36888,330.8,2026-08-24,1002,N,VIIRS,n,2.0NRT,15.7,N
40.66439,-122.37993,340.4,2026-08-24,0822,N,VIIRS,n,2.0NRT,8.4,N
40.698,-122.39081,344.1,2026-08-24,1012,N,VIIRS,n,2.0NRT,20.7,N
40.69672,-122.35857,339.0,2026-08-24,1042,N,VIIRS,n,2.0NRT,5.8,N
40.70237,-122.37302,338.6,2026-08-24,0802,N,VIIRS,n,2.0NRT,16.3,N
40.74871,-122.35364,339.7,2026-08-24,0952,N,VIIRS,n,2.0NRT,6.3,N
40.68689,-122.39457,334.6,2026-08-24,0952,N,VIIRS,n,2.0NRT,15.2,N
40.67794,-122.34576,340.8,2026-08-24,0952,N,VIIRS,n,2.0NRT,17.6,N
40.71624,-122.34466,339.6,2026-08-24,0922,N,VIIRS,n,2.0NRT,18.0,N
40.69665,-122.40262,342.0,2026-08-24,1032,N,VIIRS,n,2.0NRT,35.0,N
40.69033,-122.40232,343.4,2026-08-24,0912,N,VIIRS,n,2.0NRT,19.4,N
40.64847,-122.37093,341.5,2026-08-24,0802,N,VIIRS,n,2.0NRT,10.2,N
40.69109,-122.35685,349.7,2026-08-24,0802,N,VIIRS,n,2.0NRT,7.2,N
40.69054,-122.36473,335.4,2026-08-24,0942,N,VIIRS,n,2.0NRT,16.2,N
40.65913,-122.37823,339.3,2026-08-24,0932,N,VIIRS,n,2.0NRT,28.5,N
40.64805,-122.41847,330.6,2026-08-24,1002,N,VIIRS,n,2.0NRT,21.4,N
40.6957,-122.39197,342.4,2026-08-24,0852,N,VIIRS,n,2.0NRT,25.1,N
40.6985,-122.3525,342.3,2026-08-24,0942,N,VIIRS,n,2.0NRT,5.6,N
40.66687,-122.36349,336.7,2026-08-24,1042,N,VIIRS,n,2.0NRT,31.2,N
40.66598,-122.41513,338.9,2026-08-24,1042,N,VIIRS,n,2.0NRT,7.3,N
40.68261,-122.38598,345.6,2026-08-24,0952,N,VIIRS,n,2.0NRT,12.3,N
40.67067,-122.33412,338.9,2026-08-24,0842,N,VIIRS,n,2.0NRT,16.3,N
40.64765,-122.36788,350.1,2026-08-24,1032,N,VIIRS,n,2.0NRT,14.5,N
40.65891,-122.35674,339.5,2026-08-24,0842,N,VIIRS,n,2.0NRT,18.4,N
40.68633,-122.36796,341.4,2026-08-24,0942,N,VIIRS,n,2.0NRT,9.8,N
40.65997,-122.39223,335.9,2026-08-24,0952,N,VIIRS,n,2.0NRT,22.1,N
40.69966,-122.33846,339.4,2026-08-24,0842,N,VIIRS,n,2.0NRT,20.1,N
40.69018,-122.39503,355.2,2026-08-24,0802,N,VIIRS,n,2.0NRT,12.0,N
40.68719,-122.32454,337.1,2026-08-24,1002,N,VIIRS,n,2.0NRT,18.7,N
40.68217,-122.34501,345.9,2026-08-24,1022,N,VIIRS,n,2.0NRT,15.7,N
40.66431,-122.37689,328.0,2026-08-24,0922,N,VIIRS,n,2.0NRT,18.9,N
40.69313,-122.36758,342.7,2026-08-24,0812,N,VIIRS,n,2.0NRT,11.6,N
40.66375,-122.39316,337.5,2026-08-24,0942,N,VIIRS,n,2.0NRT,15.3,N
40.70095,-122.35074,346.8,2026-08-24,0822,N,VIIRS,n,2.0NRT,19.1,N
40.71206,-122.33776,330.4,2026-08-24,1052,N,VIIRS,n,2.0NRT,2.6,N
40.68285,-122.3826,344.7,2026-08-24,1042,N,VIIRS,n,2.0NRT,15.6,N
40.70864,-122.36088,328.3,2026-08-24,1042,N,VIIRS,n,2.0NRT,7.4,N
40.65917,-122.39791,342.3,2026-08-24,0932,N,VIIRS,n,2.0NRT,11.7,N
40.67947,-122.37543,346.0,2026-08-24,1042,N,VIIRS,n,2.0NRT,10.0,N
40.68064,-122.37637,336.1,2026-08-24,1042,N,VIIRS,n,2.0NRT,10.0,N
40.68127,-122.37654,340.2,2026-08-24,1032,N,VIIRS,n,2.0NRT,10.0,N
40.68077,-122.37487,330.1,2026-08-24,0932,N,VIIRS,n,2.0NRT,10.0,N
40.68522,-122.37692,336.8,2026-08-24,0922,N,VIIRS,n,2.0NRT,10.0,N
40.6821,-122.37346,334.0,2026-08-24,0942,N,VIIRS,n,2.0NRT,10.0,N
40.69021,-122.37719,343.6,2026-08-24,0942,N,VIIRS,n,2.0NRT,10.0,N
40.68791,-122.37027,338.4,2026-08-24,0942,N,VIIRS,n,2.0NRT,10.0,N
40.69084,-122.37684,341.5,2026-08-24,0932,N,VIIRS,n,2.0NRT,10.0,N
40.68449,-122.37112,338.3,2026-08-24,1022,N,VIIRS,n,2.0NRT,10.0,N
40.6931,-122.38251,334.0,2026-08-24,0912,N,VIIRS,n,2.0NRT,10.0,N
40.68917,-122.36442,341.0,2026-08-24,1052,N,VIIRS,n,2.0NRT,10.0,N
40.69602,-122.39012,342.3,2026-08-24,1052,N,VIIRS,n,2.0NRT,10.0,N
40.68555,-122.36363,340.0,2026-08-24,0902,N,VIIRS,n,2.0NRT,10.0,N
40.69874,-122.38422,340.9,2026-08-24,0932,N,VIIRS,n,2.0NRT,10.0,N
40.69003,-122.35464,340.9,2026-08-24,0832,N,VIIRS,n,2.0NRT,10.0,N
40.69563,-122.38756,346.9,2026-08-24,0942,N,VIIRS,n,2.0NRT,10.0,N
40.68711,-122.35879,348.2,2026-08-24,0932,N,VIIRS,n,2.0NRT,10.0,N
40.70076,-122.3915,342.7,2026-08-24,0802,N,VIIRS,n,2.0NRT,10.0,N
40.68929,-122.35445,344.6,2026-08-24,0842,N,VIIRS,n,2.0NRT,10.0,N
40.70498,-122.38779,343.1,2026-08-24,0942,N,VIIRS,n,2.0NRT,10.0,N
40.69065,-122.35757,335.6,2026-08-24,0912,N,VIIRS,n,2.0NRT,10.0,N
40.70697,-122.38976,346.7,2026-08-24,0852,N,VIIRS,n,2.0NRT,10.0,N
40.69397,-122.35195,334.9,2026-08-24,0902,N,VIIRS,n,2.0NRT,10.0,N
40.70922,-122.39853,354.5,2026-08-24,0932,N,VIIRS,n,2.0NRT,10.0,N
40.69595,-122.34643,337.9,2026-08-24,1002,N,VIIRS,n,2.0NRT,10.0,N
40.70998,-122.38972,339.4,2026-08-24,0932,N,VIIRS,n,2.0NRT,10.0,N
40.70098,-122.34697,339.7,2026-08-24,1052,N,VIIRS,n,2.0NRT,10.0,N
40.71841,-122.3937,340.7,2026-08-24,0912,N,VIIRS,n,2.0NRT,10.0,N
40.70262,-122.3472,338.3,2026-08-24,1052,N,VIIRS,n,2.0NRT,10.0,N
40.71335,-122.39668,339.7,2026-08-24,0842,N,VIIRS,n,2.0NRT,10.0,N
40.7025,-122.34568,335.6,2026-08-24,0942,N,VIIRS,n,2.0NRT,10.0,N
40.72035,-122.3969,337.3,2026-08-24,0852,N,VIIRS,n,2.0NRT,10.0,N
40.70087,-122.34093,353.6,2026-08-24,0832,N,VIIRS,n,2.0NRT,10.0,N
40.71892,-122.39744,337.2,2026-08-24,1052,N,VIIRS,n,2.0NRT,10.0,N
40.70569,-122.33734,338.1,2026-08-24,0942,N,VIIRS,n,2.0NRT,10.0,N
40.72093,-122.39987,336.6,2026-08-24,0942,N,VIIRS,n,2.0NRT,10.0,N
40.7095,-122.3365,343.4,2026-08-24,0822,N,VIIRS,n,2.0NRT,10.0,N
40.72678,-122.40171,341.6,2026-08-24,0832,N,VIIRS,n,2.0NRT,10.0,N
40.70802,-122.3346,337.7,2026-08-24,0812,N,VIIRS,n,2.0NRT,10.0,N
40.72791,-122.4026,328.7,2026-08-24,0812,N,VIIRS,n,2.0NRT,10.0,N
40.7105,-122.32809,337.7,2026-08-24,0812,N,VIIRS,n,2.0NRT,10.0,N
40.72778,-122.40308,341.2,2026-08-24,0902,N,VIIRS,n,2.0NRT,10.0,N
40.70965,-122.33496,345.6,2026-08-24,1012,N,VIIRS,n,2.0NRT,10.0,N
39.31134,-120.87711,343.5,2026-08-24,0902,N,VIIRS,n,2.0NRT,16.9,N
39.30094,-120.85531,338.5,2026-08-24,1032,N,VIIRS,n,2.0NRT,26.9,N
39.31179,-120.84089,333.3,2026-08-24,0812,N,VIIRS,n,2.0NRT,3.8,N
39.33934,-120.83608,329.0,2026-08-24,1002,N,VIIRS,n,2.0NRT,22.0,N
39.33028,-120.82252,347.3,2026-08-24,1022,N,VIIRS,n,2.0NRT,29.5,N
39.32282,-120.8507,346.3,2026-08-24,0832,N,VIIRS,n,2.0NRT,33.1,N
39.33117,-120.82961,338.8,2026-08-24,0902,N,VIIRS,n,2.0NRT,2.8,N
39.32432,-120.87764,331.3,2026-08-24,0852,N,VIIRS,n,2.0NRT,8.2,N
39.29601,-120.85522,349.6,2026-08-24,0802,N,VIIRS,n,2.0NRT,13.1,N
39.32681,-120.85041,335.2,2026-08-24,0922,N,VIIRS,n,2.0NRT,61.0,N
39.3336,-120.82501,342.6,2026-08-24,0842,N,VIIRS,n,2.0NRT,20.1,N
39.33478,-120.82709,347.8,2026-08-24,0902,N,VIIRS,n,2.0NRT,15.6,N
39.2923,-120.84083,336.7,2026-08-24,0822,N,VIIRS,n,2.0NRT,13.3,N
39.30046,-120.88133,338.8,2026-08-24,1032,N,VIIRS,n,2.0NRT,9.6,N
39.30654,-120.82483,339.0,2026-08-24,0842,N,VIIRS,n,2.0NRT,0.9,N
39.32075,-120.81166,327.3,2026-08-24,0852,N,VIIRS,n,2.0NRT,21.0,N
39.31537,-120.80349,334.2,2026-08-24,1012,N,VIIRS,n,2.0NRT,22.0,N
39.31537,-120.84957,341.2,2026-08-24,0832,N,VIIRS,n,2.0NRT,21.7,N
39.28769,-120.8289,345.2,2026-08-24,1052,N,VIIRS,n,2.0NRT,21.7,N
39.30246,-120.86229,338.9,2026-08-24,1022,N,VIIRS,n,2.0NRT,7.5,N
39.33634,-120.82799,344.6,2026-08-24,0802,N,VIIRS,n,2.0NRT,3.5,N
39.33351,-120.85688,346.2,2026-08-24,1022,N,VIIRS,n,2.0NRT,8.6,N
39.31103,-120.85114,339.4,2026-08-24,0932,N,VIIRS,n,2.0NRT,38.0,N
39.32687,-120.82048,332.0,2026-08-24,0922,N,VIIRS,n,2.0NRT,16.3,N
39.31899,-120.81248,345.1,2026-08-24,0852,N,VIIRS,n,2.0NRT,19.6,N
39.32905,-120.85446,348.6,2026-08-24,1022,N,VIIRS,n,2.0NRT,23.7,N
39.32775,-120.81759,338.2,2026-08-24,0932,N,VIIRS,n,2.0NRT,14.4,N
39.34997,-120.82745,352.8,2026-08-24,0812,N,VIIRS,n,2.0NRT,9.1,N
39.31249,-120.85412,344.7,2026-08-24,0802,N,VIIRS,n,2.0NRT,5.1,N
39.32295,-120.81819,345.0,2026-08-24,0822,N,VIIRS,n,2.0NRT,33.8,N
39.32024,-120.84136,332.8,2026-08-24,1052,N,VIIRS,n,2.0NRT,9.8,N
39.31298,-120.85623,343.7,2026-08-24,0912,N,VIIRS,n,2.0NRT,17.0,N
39.30892,-120.84743,338.6,2026-08-24,0812,N,VIIRS,n,2.0NRT,11.7,N
39.34464,-120.85455,340.9,2026-08-24,0942,N,VIIRS,n,2.0NRT,11.9,N
39.313,-120.86644,349.9,2026-08-24,0802,N,VIIRS,n,2.0NRT,19.6,N
39.32562,-120.82403,333.1,2026-08-24,0922,N,VIIRS,n,2.0NRT,29.1,N
39.34287,-120.84614,344.8,2026-08-24,0802,N,VIIRS,n,2.0NRT,6.8,N
39.32291,-120.85292,352.3,2026-08-24,0812,N,VIIRS,n,2.0NRT,19.5,N
39.32203,-120.84403,335.1,2026-08-24,1022,N,VIIRS,n,2.0NRT,65.6,N
39.31311,-120.84738,333.6,2026-08-24,0802,N,VIIRS,n,2.0NRT,24.0,N
39.32059,-120.85559,350.9,2026-08-24,0932,N,VIIRS,n,2.0NRT,31.7,N
39.30739,-120.81756,338.0,2026-08-24,0842,N,VIIRS,n,2.0NRT,21.6,N
39.3635,-120.87288,345.9,2026-08-24,0952,N,VIIRS,n,2.0NRT,25.8,N
39.28807,-120.86819,338.1,2026-08-24,0812,N,VIIRS,n,2.0NRT,36.5,N
41.04535,-123.28754,348.0,2026-08-24,0932,N,VIIRS,n,2.0NRT,7.1,N
41.05255,-123.30055,350.3,2026-08-24,0822,N,VIIRS,n,2.0NRT,5.8,N
41.04782,-123.2817,324.4,2026-08-24,1042,N,VIIRS,n,2.0NRT,3.9,N
41.06083,-123.30798,328.4,2026-08-24,0902,N,VIIRS,n,2.0NRT,7.7,N
41.04773,-123.30378,341.4,2026-08-24,0852,N,VIIRS,n,2.0NRT,15.0,N
41.05121,-123.30782,339.0,2026-08-24,1052,N,VIIRS,n,2.0NRT,22.5,N
41.05364,-123.28995,343.2,2026-08-24,1042,N,VIIRS,n,2.0NRT,2.1,N
41.0391,-123.31136,345.1,2026-08-24,1012,N,VIIRS,n,2.0NRT,5.2,N
41.04599,-123.30563,348.9,2026-08-24,0922,N,VIIRS,n,2.0NRT,3.9,N
41.06659,-123.29369,339.6,2026-08-24,1052,N,VIIRS,n,2.0NRT,8.4,N
41.05784,-123.30419,346.2,2026-08-24,0932,N,VIIRS,n,2.0NRT,19.0,N
41.04762,-123.31405,346.0,2026-08-24,1012,N,VIIRS,n,2.0NRT,4.4,N
41.05649,-123.29792,339.9,2026-08-24,0812,N,VIIRS,n,2.0NRT,12.8,N
41.06067,-123.30375,348.9,2026-08-24,0932,N,VIIRS,n,2.0NRT,14.1,N
41.04882,-123.30059,340.1,2026-08-24,0912,N,VIIRS,n,2.0NRT,7.6,N
41.0574,-123.3142,336.0,2026-08-24,0902,N,VIIRS,n,2.0NRT,7.3,N
41.05611,-123.30217,339.4,2026-08-24,0932,N,VIIRS,n,2.0NRT,7.6,N
41.04121,-123.3193,339.0,2026-08-24,0832,N,VIIRS,n,2.0NRT,6.6,N
41.04887,-123.28998,346.8,2026-08-24,0802,N,VIIRS,n,2.0NRT,2.9,N
41.0639,-123.29905,349.3,2026-08-24,0952,N,VIIRS,n,2.0NRT,5.0,N
41.06628,-123.30236,350.9,2026-08-24,0902,N,VIIRS,n,2.0NRT,3.6,N
41.05791,-123.30575,346.0,2026-08-24,0932,N,VIIRS,n,2.0NRT,6.1,N
41.04573,-123.30762,333.0,2026-08-24,0852,N,VIIRS,n,2.0NRT,8.8,N
41.0329,-123.29132,336.6,2026-08-24,1042,N,VIIRS,n,2.0NRT,2.7,N
41.04467,-123.30865,340.3,2026-08-24,0802,N,VIIRS,n,2.0NRT,5.8,N
41.04021,-123.3037,339.5,2026-08-24,1022,N,VIIRS,n,2.0NRT,10.3,N
41.06464,-123.28462,343.2,2026-08-24,0932,N,VIIRS,n,2.0NRT,9.9,N
41.03621,-123.30494,344.5,2026-08-24,1052,N,VIIRS,n,2.0NRT,6.8,N
41.04141,-123.2938,343.4,2026-08-24,0952,N,VIIRS,n,2.0NRT,14.7,N
41.05238,-123.30728,341.7,2026-08-24,0842,N,VIIRS,n,2.0NRT,11.7,N
41.0506,-123.30596,340.4,2026-08-24,0812,N,VIIRS,n,2.0NRT,17.2,N
41.0634,-123.29746,340.6,2026-08-24,0842,N,VIIRS,n,2.0NRT,4.8,N
41.05556,-123.32414,332.5,2026-08-24,1032,N,VIIRS,n,2.0NRT,2.6,N
41.05814,-123.30265,350.3,2026-08-24,0842,N,VIIRS,n,2.0NRT,4.9,N
41.06304,-123.30396,343.7,2026-08-24,0902,N,VIIRS,n,2.0NRT,3.3,N
41.04802,-123.30696,336.0,2026-08-24,0852,N,VIIRS,n,2.0NRT,5.2,N
41.05822,-123.28059,337.7,2026-08-24,1002,N,VIIRS,n,2.0NRT,9.5,N
41.03538,-123.30087,343.1,2026-08-24,0852,N,VIIRS,n,2.0NRT,12.6,N
41.0605,-123.31001,336.8,2026-08-24,1002,N,VIIRS,n,2.0NRT,19.9,N
41.0547,-123.28786,342.3,2026-08-24,0952,N,VIIRS,n,2.0NRT,7.1,N
41.05065,-123.29343,347.0,2026-08-24,0802,N,VIIRS,n,2.0NRT,25.0,N
41.06462,-123.28183,346.5,2026-08-24,1032,N,VIIRS,n,2.0NRT,3.0,N
41.04949,-123.30242,338.9,2026-08-24,0842,N,VIIRS,n,2.0NRT,7.6,N
41.04236,-123.28989,333.2,2026-08-24,0922,N,VIIRS,n,2.0NRT,5.2,N
41.03861,-123.3001,334.0,2026-08-24,0852,N,VIIRS,n,2.0NRT,23.1,N
41.05085,-123.30217,348.2,2026-08-24,0812,N,VIIRS,n,2.0NRT,1.5,N
41.05232,-123.27671,339.8,2026-08-24,0852,N,VIIRS,n,2.0NRT,24.7,N
41.04899,-123.30161,345.8,2026-08-24,0842,N,VIIRS,n,2.0NRT,7.2,N
41.05843,-123.29601,334.6,2026-08-24,0822,N,VIIRS,n,2.0NRT,17.3,N
41.06195,-123.29663,342.0,2026-08-24,0902,N,VIIRS,n,2.0NRT,6.4,N
41.04794,-123.3128,344.7,2026-08-24,0812,N,VIIRS,n,2.0NRT,14.0,N
41.03656,-123.31324,347.4,2026-08-24,0912,N,VIIRS,n,2.0NRT,11.6,N
41.05315,-123.30931,349.7,2026-08-24,1002,N,VIIRS,n,2.0NRT,7.7,N
41.06042,-123.29775,344.8,2026-08-24,0812,N,VIIRS,n,2.0NRT,5.2,N
41.04797,-123.305,339.9,2026-08-24,0822,N,VIIRS,n,2.0NRT,5.8,N
41.05516,-123.30468,337.7,2026-08-24,0932,N,VIIRS,n,2.0NRT,8.3,N
41.04182,-123.28814,338.3,2026-08-24,0902,N,VIIRS,n,2.0NRT,17.8,N
41.05294,-123.29995,344.0,2026-08-24,0912,N,VIIRS,n,2.0NRT,8.0,N
41.05532,-123.29793,344.3,2026-08-24,0822,N,VIIRS,n,2.0NRT,34.9,N
41.05318,-123.30478,329.6,2026-08-24,1022,N,VIIRS,n,2.0NRT,8.5,N
41.06718,-123.30281,336.7,2026-08-24,0802,N,VIIRS,n,2.0NRT,7.2,N
41.06291,-123.29957,338.0,2026-08-24,0952,N,VIIRS,n,2.0NRT,6.3,N
41.0567,-123.29191,339.6,2026-08-24,1022,N,VIIRS,n,2.0NRT,12.0,N
41.05952,-123.30498,346.1,2026-08-24,0822,N,VIIRS,n,2.0NRT,3.9,N
41.05893,-123.28267,340.7,2026-08-24,1052,N,VIIRS,n,2.0NRT,2.8,N
41.04785,-123.29771,342.7,2026-08-24,1022,N,VIIRS,n,2.0NRT,7.3,N
47.6444,-120.63175,340.5,2026-08-24,0832,N,VIIRS,n,2.0NRT,29.5,N
47.6746,-120.64522,339.2,2026-08-24,0852,N,VIIRS,n,2.0NRT,21.2,N
47.62318,-120.64101,335.8,2026-08-24,0832,N,VIIRS,n,2.0NRT,25.5,N
47.60909,-120.6579,336.8,2026-08-24,0832,N,VIIRS,n,2.0NRT,14.5,N
47.60737,-120.65224,337.3,2026-08-24,0822,N,VIIRS,n,2.0NRT,12.9,N
47.60729,-120.6734,338.1,2026-08-24,1032,N,VIIRS,n,2.0NRT,10.6,N
47.62806,-120.66269,343.3,2026-08-24,1012,N,VIIRS,n,2.0NRT,17.0,N
47.58241,-120.68838,336.4,2026-08-24,1032,N,VIIRS,n,2.0NRT,6.2,N
47.59763,-120.67722,334.2,2026-08-24,0802,N,VIIRS,n,2.0NRT,5.1,N
47.62808,-120.65573,335.0,2026-08-24,0822,N,VIIRS,n,2.0NRT,17.8,N
47.64077,-120.64532,337.6,2026-08-24,1002,N,VIIRS,n,2.0NRT,13.6,N
47.6409,-120.64814,351.8,2026-08-24,1022,N,VIIRS,n,2.0NRT,20.8,N
47.62409,-120.63856,335.7,2026-08-24,0822,N,VIIRS,n,2.0NRT,0.5,N
47.63793,-120.65267,339.3,2026-08-24,0952,N,VIIRS,n,2.0NRT,7.1,N
47.64479,-120.70574,332.9,2026-08-24,0842,N,VIIRS,n,2.0NRT,8.7,N
47.61434,-120.66596,339.2,2026-08-24,0822,N,VIIRS,n,2.0NRT,34.7,N
47.64248,-120.62936,343.5,2026-08-24,1022,N,VIIRS,n,2.0NRT,14.9,N
47.59172,-120.63248,338.4,2026-08-24,0822,N,VIIRS,n,2.0NRT,2.7,N
47.59716,-120.68225,349.0,2026-08-24,0802,N,VIIRS,n,2.0NRT,17.8,N
47.61543,-120.66621,332.6,2026-08-24,0812,N,VIIRS,n,2.0NRT,8.2,N
47.58961,-120.64733,338.3,2026-08-24,1002,N,VIIRS,n,2.0NRT,6.6,N
47.63325,-120.63945,335.3,2026-08-24,0932,N,VIIRS,n,2.0NRT,7.7,N
47.61155,-120.66077,333.9,2026-08-24,0932,N,VIIRS,n,2.0NRT,2.8,N
47.61941,-120.62708,344.8,2026-08-24,1002,N,VIIRS,n,2.0NRT,6.7,N
47.56473,-120.67866,341.1,2026-08-24,0842,N,VIIRS,n,2.0NRT,22.3,N
47.62011,-120.68117,337.4,2026-08-24,1012,N,VIIRS,n,2.0NRT,4.1,N
47.61496,-120.66246,349.1,2026-08-24,0912,N,VIIRS,n,2.0NRT,1.3,N
47.60718,-120.65874,342.8,2026-08-24,0802,N,VIIRS,n,2.0NRT,6.1,N
47.63225,-120.66461,351.0,2026-08-24,0952,N,VIIRS,n,2.0NRT,21.3,N
47.61116,-120.66323,338.0,2026-08-24,1012,N,VIIRS,n,2.0NRT,18.9,N
47.61985,-120.69394,350.7,2026-08-24,1042,N,VIIRS,n,2.0NRT,15.4,N
47.629,-120.66879,331.8,2026-08-24,0832,N,VIIRS,n,2.0NRT,6.1,N
47.6446,-120.64847,343.2,2026-08-24,0832,N,VIIRS,n,2.0NRT,5.1,N
47.64282,-120.67971,339.9,2026-08-24,0842,N,VIIRS,n,2.0NRT,7.8,N
47.61276,-120.68423,335.2,2026-08-24,0812,N,VIIRS,n,2.0NRT,16.4,N
47.60625,-120.63558,337.3,2026-08-24,0852,N,VIIRS,n,2.0NRT,9.5,N
47.64901,-120.68239,345.3,2026-08-24,0842,N,VIIRS,n,2.0NRT,30.4,N
47.61106,-120.66149,337.9,2026-08-24,1032,N,VIIRS,n,2.0NRT,7.8,N
47.63142,-120.69432,350.6,2026-08-24,1022,N,VIIRS,n,2.0NRT,32.6,N
47.58874,-120.65045,340.2,2026-08-24,1042,N,VIIRS,n,2.0NRT,14.6,N
47.58199,-120.66871,335.4,2026-08-24,1052,N,VIIRS,n,2.0NRT,3.4,N
47.62316,-120.65189,346.9,2026-08-24,1032,N,VIIRS,n,2.0NRT,3.2,N
47.61724,-120.66713,337.8,2026-08-24,1032,N,VIIRS,n,2.0NRT,3.5,N
47.63647,-120.65444,331.3,2026-08-24,0912,N,VIIRS,n,2.0NRT,1.6,N
47.60738,-120.65926,342.1,2026-08-24,1032,N,VIIRS,n,2.0NRT,16.9,N
47.62747,-120.62649,337.9,2026-08-24,1042,N,VIIRS,n,2.0NRT,10.5,N
47.63533,-120.63632,337.1,2026-08-24,0832,N,VIIRS,n,2.0NRT,2.1,N
47.60809,-120.67022,344.0,2026-08-24,1042,N,VIIRS,n,2.0NRT,9.1,N
47.61541,-120.6628,344.7,2026-08-24,0912,N,VIIRS,n,2.0NRT,21.1,N
47.60034,-120.63531,340.3,2026-08-24,0832,N,VIIRS,n,2.0NRT,13.0,N
47.63723,-120.66596,336.8,2026-08-24,1002,N,VIIRS,n,2.0NRT,12.0,N
47.63251,-120.65565,339.2,2026-08-24,1042,N,VIIRS,n,2.0NRT,11.1,N
47.63404,-120.68621,341.6,2026-08-24,1052,N,VIIRS,n,2.0NRT,41.4,N
47.61716,-120.66113,337.6,2026-08-24,0932,N,VIIRS,n,2.0NRT,1.2,N
47.63216,-120.67225,345.5,2026-08-24,1042,N,VIIRS,n,2.0NRT,8.3,N
47.57125,-120.68109,342.1,2026-08-24,0902,N,VIIRS,n,2.0NRT,13.4,N
47.61881,-120.65875,350.6,2026-08-24,1012,N,VIIRS,n,2.0NRT,25.0,N
43.78914,-121.4209,339.8,2026-08-24,1032,N,VIIRS,n,2.0NRT,5.7,N
43.77308,-121.41052,335.5,2026-08-24,1032,N,VIIRS,n,2.0NRT,1.8,N
43.77351,-121.45993,340.7,2026-08-24,1052,N,VIIRS,n,2.0NRT,1.7,N
43.73206,-121.40091,335.6,2026-08-24,1042,N,VIIRS,n,2.0NRT,17.2,N
43.79645,-121.39169,335.0,2026-08-24,1012,N,VIIRS,n,2.0NRT,5.7,N
43.77774,-121.43939,340.8,2026-08-24,0852,N,VIIRS,n,2.0NRT,4.2,N
43.77171,-121.41983,348.3,2026-08-24,1012,N,VIIRS,n,2.0NRT,22.7,N
43.76289,-121.39527,345.7,2026-08-24,1022,N,VIIRS,n,2.0NRT,20.0,N
43.81159,-121.41283,338.0,2026-08-24,0812,N,VIIRS,n,2.0NRT,5.7,N
43.77784,-121.43942,325.9,2026-08-24,0842,N,VIIRS,n,2.0NRT,3.6,N
43.8012,-121.41886,348.7,2026-08-24,0842,N,VIIRS,n,2.0NRT,5.6,N
43.77366,-121.41278,354.4,2026-08-24,0822,N,VIIRS,n,2.0NRT,17.3,N
43.76921,-121.4178,333.0,2026-08-24,0832,N,VIIRS,n,2.0NRT,7.8,N
43.75636,-121.40369,351.8,2026-08-24,0952,N,VIIRS,n,2.0NRT,10.0,N
43.77643,-121.40262,337.3,2026-08-24,1032,N,VIIRS,n,2.0NRT,18.9,N
43.77498,-121.42204,333.3,2026-08-24,0852,N,VIIRS,n,2.0NRT,2.5,N
43.75982,-121.4086,336.8,2026-08-24,0932,N,VIIRS,n,2.0NRT,3.8,N
43.76486,-121.4273,344.2,2026-08-24,0842,N,VIIRS,n,2.0NRT,5.3,N
43.77802,-121.41818,340.5,2026-08-24,0902,N,VIIRS,n,2.0NRT,5.2,N
43.75241,-121.42346,335.7,2026-08-24,0912,N,VIIRS,n,2.0NRT,1.6,N
43.78993,-121.42568,330.4,2026-08-24,0802,N,VIIRS,n,2.0NRT,3.5,N
43.77463,-121.41756,331.3,2026-08-24,0802,N,VIIRS,n,2.0NRT,5.1,N
43.77611,-121.43546,340.9,2026-08-24,1032,N,VIIRS,n,2.0NRT,4.8,N
43.77745,-121.40509,335.2,2026-08-24,0902,N,VIIRS,n,2.0NRT,17.6,N
43.76223,-121.42562,336.4,2026-08-24,0822,N,VIIRS,n,2.0NRT,7.3,N
43.75728,-121.40588,348.9,2026-08-24,1032,N,VIIRS,n,2.0NRT,1.5,N
43.77661,-121.43275,343.0,2026-08-24,1012,N,VIIRS,n,2.0NRT,7.7,N
43.77938,-121.43805,337.6,2026-08-24,1032,N,VIIRS,n,2.0NRT,19.7,N
43.7625,-121.4419,335.1,2026-08-24,1042,N,VIIRS,n,2.0NRT,2.2,N
43.762,-121.39964,346.9,2026-08-24,0812,N,VIIRS,n,2.0NRT,2.0,N
43.767,-121.41301,340.8,2026-08-24,0932,N,VIIRS,n,2.0NRT,23.5,N
43.76546,-121.40861,346.0,2026-08-24,1012,N,VIIRS,n,2.0NRT,11.2,N
43.76261,-121.41941,351.8,2026-08-24,1012,N,VIIRS,n,2.0NRT,20.5,N
43.77879,-121.38508,336.6,2026-08-24,1022,N,VIIRS,n,2.0NRT,1.0,N
43.78746,-121.42889,335.9,2026-08-24,1032,N,VIIRS,n,2.0NRT,6.8,N
43.78828,-121.38793,342.6,2026-08-24,0822,N,VIIRS,n,2.0NRT,5.4,N
43.75356,-121.43264,345.8,2026-08-24,0932,N,VIIRS,n,2.0NRT,9.0,N
43.77445,-121.42626,326.3,2026-08-24,1032,N,VIIRS,n,2.0NRT,6.9,N
43.77301,-121.43956,342.0,2026-08-24,1042,N,VIIRS,n,2.0NRT,5.1,N
43.79906,-121.44134,345.3,2026-08-24,1032,N,VIIRS,n,2.0NRT,13.6,N
34.55895,-118.95032,343.7,2026-08-24,0912,N,VIIRS,n,2.0NRT,34.4,N
34.55238,-118.93195,345.1,2026-08-24,0922,N,VIIRS,n,2.0NRT,27.7,N
34.55949,-118.95455,332.5,2026-08-24,0802,N,VIIRS,n,2.0NRT,30.2,N
34.53978,-118.93202,342.0,2026-08-24,0952,N,VIIRS,n,2.0NRT,29.5,N
34.55344,-118.93804,341.0,2026-08-24,0822,N,VIIRS,n,2.0NRT,43.2,N
34.57488,-118.95771,339.5,2026-08-24,0802,N,VIIRS,n,2.0NRT,78.2,N
34.55946,-118.94405,348.3,2026-08-24,0822,N,VIIRS,n,2.0NRT,16.7,N
34.56456,-118.92713,340.4,2026-08-24,0812,N,VIIRS,n,2.0NRT,23.0,N
34.54405,-118.93516,341.5,2026-08-24,1052,N,VIIRS,n,2.0NRT,32.1,N
34.57238,-118.94424,344.3,2026-08-24,1012,N,VIIRS,n,2.0NRT,38.6,N
34.55835,-118.93698,333.6,2026-08-24,0912,N,VIIRS,n,2.0NRT,15.5,N
34.56414,-118.93501,347.5,2026-08-24,0832,N,VIIRS,n,2.0NRT,10.5,N
34.56674,-118.95378,345.0,2026-08-24,0922,N,VIIRS,n,2.0NRT,21.5,N
34.57188,-118.928,340.4,2026-08-24,0952,N,VIIRS,n,2.0NRT,42.2,N
34.56223,-118.95993,344.6,2026-08-24,0932,N,VIIRS,n,2.0NRT,12.3,N
34.55862,-118.93967,333.2,2026-08-24,1012,N,VIIRS,n,2.0NRT,25.8,N
34.54626,-118.94632,331.1,2026-08-24,1052,N,VIIRS,n,2.0NRT,17.8,N
34.54309,-118.93471,334.7,2026-08-24,0952,N,VIIRS,n,2.0NRT,18.5,N
34.56199,-118.96175,339.6,2026-08-24,0812,N,VIIRS,n,2.0NRT,27.5,N
34.56422,-118.94268,340.7,2026-08-24,0852,N,VIIRS,n,2.0NRT,21.6,N
34.5662,-118.9467,345.5,2026-08-24,1042,N,VIIRS,n,2.0NRT,37.0,N
34.55038,-118.95125,335.9,2026-08-24,0932,N,VIIRS,n,2.0NRT,51.7,N
34.55354,-118.94177,340.2,2026-08-24,1022,N,VIIRS,n,2.0NRT,55.2,N
34.56178,-118.94429,334.3,2026-08-24,0812,N,VIIRS,n,2.0NRT,19.8,N
34.55492,-118.94622,342.6,2026-08-24,0832,N,VIIRS,n,2.0NRT,35.2,N
34.59009,-118.95125,337.2,2026-08-24,1042,N,VIIRS,n,2.0NRT,16.5,N
34.5533,-118.90247,338.2,2026-08-24,1002,N,VIIRS,n,2.0NRT,23.1,N
34.56505,-118.95856,333.8,2026-08-24,0952,N,VIIRS,n,2.0NRT,13.5,N
34.57011,-118.95292,337.5,2026-08-24,1002,N,VIIRS,n,2.0NRT,55.6,N
34.57091,-118.94453,343.7,2026-08-24,0912,N,VIIRS,n,2.0NRT,34.1,N
34.55472,-118.92269,344.0,2026-08-24,1052,N,VIIRS,n,2.0NRT,35.3,N
34.5668,-118.93032,336.5,2026-08-24,1002,N,VIIRS,n,2.0NRT,35.0,N
35.42,-119.05,338.5,2026-08-24,0922,N,VIIRS,n,2.0NRT,4.0,N
35.423,-119.05,346.9,2026-08-24,1002,N,VIIRS,n,2.0NRT,4.0,N
35.417,-119.05,337.3,2026-08-24,0952,N,VIIRS,n,2.0NRT,4.0,N
40.691,-122.40854,342.0,2026-08-25,0922,N,VIIRS,n,2.0NRT,0.5,N
40.70273,-122.38128,339.0,2026-08-25,0952,N,VIIRS,n,2.0NRT,22.7,N
40.72603,-122.38618,328.9,2026-08-25,0942,N,VIIRS,n,2.0NRT,9.9,N
40.7146,-122.33045,341.3,2026-08-25,1052,N,VIIRS,n,2.0NRT,31.3,N
40.67009,-122.37652,327.0,2026-08-25,0922,N,VIIRS,n,2.0NRT,1.8,N
40.69909,-122.39206,335.6,2026-08-25,0912,N,VIIRS,n,2.0NRT,11.2,N
40.69632,-122.37726,335.4,2026-08-25,0802,N,VIIRS,n,2.0NRT,5.8,N
40.68427,-122.37085,340.9,2026-08-25,1032,N,VIIRS,n,2.0NRT,3.8,N
40.69167,-122.36817,339.0,2026-08-25,0812,N,VIIRS,n,2.0NRT,10.5,N
40.67599,-122.38499,342.3,2026-08-25,0822,N,VIIRS,n,2.0NRT,2.7,N
40.68723,-122.37305,348.9,2026-08-25,0812,N,VIIRS,n,2.0NRT,16.5,N
40.67973,-122.36442,350.3,2026-08-25,1042,N,VIIRS,n,2.0NRT,15.9,N
40.64753,-122.38909,349.3,2026-08-25,0802,N,VIIRS,n,2.0NRT,6.7,N
40.68345,-122.39203,342.0,2026-08-25,1002,N,VIIRS,n,2.0NRT,16.3,N
40.72812,-122.37156,337.6,2026-08-25,1032,N,VIIRS,n,2.0NRT,10.0,N
40.69414,-122.38331,349.6,2026-08-25,0842,N,VIIRS,n,2.0NRT,7.1,N
40.68963,-122.40044,342.8,2026-08-25,0802,N,VIIRS,n,2.0NRT,9.7,N
40.68603,-122.39393,344.0,2026-08-25,0942,N,VIIRS,n,2.0NRT,19.0,N
40.68351,-122.4319,349.2,2026-08-25,0832,N,VIIRS,n,2.0NRT,13.2,N
40.6636,-122.33774,336.3,2026-08-25,0952,N,VIIRS,n,2.0NRT,15.6,N
40.70943,-122.34113,331.3,2026-08-25,1022,N,VIIRS,n,2.0NRT,8.8,N
40.72247,-122.35625,343.3,2026-08-25,0822,N,VIIRS,n,2.0NRT,14.2,N
40.6794,-122.39627,342.7,2026-08-25,1012,N,VIIRS,n,2.0NRT,18.5,N
40.71683,-122.37049,339.9,2026-08-25,1042,N,VIIRS,n,2.0NRT,10.0,N
40.74836,-122.38054,345.6,2026-08-25,0902,N,VIIRS,n,2.0NRT,11.5,N
40.73617,-122.37567,337.3,2026-08-25,0842,N,VIIRS,n,2.0NRT,1.8,N
40.72126,-122.3323,351.9,2026-08-25,0912,N,VIIRS,n,2.0NRT,4.9,N
40.66606,-122.38335,337.5,2026-08-25,0932,N,VIIRS,n,2.0NRT,25.4,N
40.66583,-122.40078,333.5,2026-08-25,0942,N,VIIRS,n,2.0NRT,3.4,N
40.70561,-122.3766,331.1,2026-08-25,0942,N,VIIRS,n,2.0NRT,22.2,N
40.69123,-122.35898,344.5,2026-08-25,1032,N,VIIRS,n,2.0NRT,11.6,N
40.64654,-122.34189,339.9,2026-08-25,0822,N,VIIRS,n,2.0NRT,4.0,N
40.68183,-122.35954,336.9,2026-08-25,1022,N,VIIRS,n,2.0NRT,8.4,N
40.70452,-122.33992,345.0,2026-08-25,0942,N,VIIRS,n,2.0NRT,6.5,N
40.68755,-122.42169,338.4,2026-08-25,1002,N,VIIRS,n,2.0NRT,29.0,N
40.69134,-122.3673,340.0,2026-08-25,1032,N,VIIRS,n,2.0NRT,14.9,N
40.6658,-122.36855,338.2,2026-08-25,0952,N,VIIRS,n,2.0NRT,2.1,N
40.68155,-122.40342,337.1,2026-08-25,1012,N,VIIRS,n,2.0NRT,1.7,N
40.70571,-122.38519,344.0,2026-08-25,1042,N,VIIRS,n,2.0NRT,11.3,N
40.68049,-122.38282,345.2,2026-08-25,0852,N,VIIRS,n,2.0NRT,14.0,N
40.71891,-122.37296,347.4,2026-08-25,0932,N,VIIRS,n,2.0NRT,5.7,N
40.69185,-122.38231,328.7,2026-08-25,0942,N,VIIRS,n,2.0NRT,29.0,N
40.70083,-122.34043,339.6,2026-08-25,1002,N,VIIRS,n,2.0NRT,2.6,N
40.70516,-122.35593,337.5,2026-08-25,0832,N,VIIRS,n,2.0NRT,7.4,N
40.70419,-122.4043,345.4,2026-08-25,0832,N,VIIRS,n,2.0NRT,13.9,N
40.6695,-122.3768,346.4,2026-08-25,0812,N,VIIRS,n,2.0NRT,5.4,N
40.67301,-122.39691,352.9,2026-08-25,1052,N,VIIRS,n,2.0NRT,6.4,N
40.64619,-122.40351,336.4,2026-08-25,1002,N,VIIRS,n,2.0NRT,26.7,N
40.684,-122.37362,336.2,2026-08-25,1032,N,VIIRS,n,2.0NRT,3.5,N
40.67144,-122.37015,343.2,2026-08-25,1012,N,VIIRS,n,2.0NRT,6.1,N
40.67985,-122.34648,330.9,2026-08-25,0832,N,VIIRS,n,2.0NRT,1.6,N
40.68622,-122.35571,335.3,2026-08-25,0812,N,VIIRS,n,2.0NRT,16.8,N
40.69476,-122.40481,344.5,2026-08-25,0802,N,VIIRS,n,2.0NRT,7.9,N
40.68788,-122.40091,347.1,2026-08-25,0842,N,VIIRS,n,2.0NRT,22.5,N
40.68747,-122.38944,338.7,2026-08-25,0902,N,VIIRS,n,2.0NRT,18.6,N
40.69894,-122.40341,337.5,2026-08-25,0932,N,VIIRS,n,2.0NRT,9.1,N
40.69034,-122.35861,334.6,2026-08-25,0922,N,VIIRS,n,2.0NRT,4.0,N
40.71124,-122.38988,335.8,2026-08-25,0952,N,VIIRS,n,2.0NRT,23.7,N
40.69042,-122.36769,346.7,2026-08-25,0832,N,VIIRS,n,2.0NRT,4.0,N
40.7262,-122.40666,327.6,2026-08-25,1052,N,VIIRS,n,2.0NRT,13.3,N
40.66868,-122.30638,348.9,2026-08-25,1052,N,VIIRS,n,2.0NRT,33.3,N
40.68361,-122.41625,339.2,2026-08-25,1042,N,VIIRS,n,2.0NRT,4.4,N
40.67637,-122.43679,334.1,2026-08-25,0812,N,VIIRS,n,2.0NRT,4.9,N
40.69564,-122.35305,343.4,2026-08-25,1012,N,VIIRS,n,2.0NRT,8.2,N
40.66867,-122.38301,342.6,2026-08-25,0832,N,VIIRS,n,2.0NRT,17.6,N
40.71161,-122.41296,343.7,2026-08-25,0812,N,VIIRS,n,2.0NRT,9.7,N
40.65908,-122.37734,341.1,2026-08-25,0932,N,VIIRS,n,2.0NRT,4.0,N
40.6724,-122.37888,338.3,2026-08-25,1012,N,VIIRS,n,2.0NRT,11.5,N
40.66043,-122.36699,328.4,2026-08-25,0852,N,VIIRS,n,2.0NRT,13.8,N
40.68651,-122.35915,342.9,2026-08-25,0922,N,VIIRS,n,2.0NRT,5.0,N
40.69469,-122.36716,331.3,2026-08-25,1002,N,VIIRS,n,2.0NRT,11.3,N
40.65616,-122.36047,336.8,2026-08-25,0902,N,VIIRS,n,2.0NRT,11.1,N
40.68226,-122.3759,333.3,2026-08-25,1002,N,VIIRS,n,2.0NRT,24.1,N
40.71453,-122.38883,342.1,2026-08-25,0932,N,VIIRS,n,2.0NRT,4.4,N
40.72162,-122.3382,338.6,2026-08-25,1052,N,VIIRS,n,2.0NRT,10.0,N
40.70762,-122.39495,343.6,2026-08-25,1022,N,VIIRS,n,2.0NRT,43.9,N
40.63884,-122.34676,330.7,2026-08-25,0942,N,VIIRS,n,2.0NRT,8.7,N
40.69261,-122.38944,332.8,2026-08-25,1032,N,VIIRS,n,2.0NRT,8.4,N
40.71746,-122.39216,334.8,2026-08-25,0902,N,VIIRS,n,2.0NRT,5.3,N
40.68007,-122.35972,331.7,2026-08-25,0812,N,VIIRS,n,2.0NRT,22.8,N
40.66394,-122.37456,342.4,2026-08-25,1012,N,VIIRS,n,2.0NRT,21.3,N
40.71549,-122.36706,334.4,2026-08-25,0932,N,VIIRS,n,2.0NRT,15.4,N
40.71919,-122.34547,323.5,2026-08-25,0852,N,VIIRS,n,2.0NRT,19.4,N
40.69018,-122.42668,348.4,2026-08-25,0802,N,VIIRS,n,2.0NRT,4.6,N
40.66412,-122.35414,349.5,2026-08-25,0812,N,VIIRS,n,2.0NRT,23.2,N
40.65372,-122.37964,338.9,2026-08-25,0852,N,VIIRS,n,2.0NRT,11.6,N
40.69792,-122.33761,352.7,2026-08-25,1022,N,VIIRS,n,2.0NRT,8.2,N
40.67654,-122.38706,332.9,2026-08-25,0832,N,VIIRS,n,2.0NRT,17.4,N
40.68877,-122.36379,338.6,2026-08-25,0902,N,VIIRS,n,2.0NRT,27.1,N
40.68639,-122.34745,335.5,2026-08-25,1002,N,VIIRS,n,2.0NRT,0.7,N
40.6713,-122.36919,342.4,2026-08-25,0952,N,VIIRS,n,2.0NRT,23.2,N
40.70042,-122.38137,347.5,2026-08-25,1042,N,VIIRS,n,2.0NRT,17.9,N
40.70965,-122.36851,335.5,2026-08-25,1022,N,VIIRS,n,2.0NRT,2.1,N
40.70846,-122.36746,346.2,2026-08-25,1052,N,VIIRS,n,2.0NRT,11.8,N
40.69881,-122.3868,337.8,2026-08-25,1042,N,VIIRS,n,2.0NRT,4.6,N
40.67524,-122.34335,335.3,2026-08-25,0832,N,VIIRS,n,2.0NRT,11.2,N
40.70487,-122.39594,338.8,2026-08-25,0802,N,VIIRS,n,2.0NRT,11.1,N
40.69423,-122.42755,344.3,2026-08-25,0822,N,VIIRS,n,2.0NRT,7.3,N
40.67657,-122.34951,344.6,2026-08-25,1052,N,VIIRS,n,2.0NRT,17.0,N
40.68707,-122.36924,349.1,2026-08-25,0952,N,VIIRS,n,2.0NRT,21.2,N
40.68705,-122.37323,331.7,2026-08-25,0802,N,VIIRS,n,2.0NRT,10.0,N
40.69124,-122.37201,337.1,2026-08-25,1052,N,VIIRS,n,2.0NRT,10.0,N
40.6912,-122.37001,335.6,2026-08-25,0822,N,VIIRS,n,2.0NRT,10.0,N
40.69303,-122.37028,352.2,2026-08-25,0902,N,VIIRS,n,2.0NRT,10.0,N
40.69647,-122.37247,336.9,2026-08-25,0922,N,VIIRS,n,2.0NRT,10.0,N
40.69435,-122.36655,331.5,2026-08-25,0942,N,VIIRS,n,2.0NRT,10.0,N
40.6921,-122.37475,338.4,2026-08-25,1012,N,VIIRS,n,2.0NRT,10.0,N
40.69092,-122.36774,337.1,2026-08-25,0912,N,VIIRS,n,2.0NRT,10.0,N
40.6998,-122.37609,353.6,2026-08-25,1002,N,VIIRS,n,2.0NRT,10.0,N
40.69797,-122.36505,330.0,2026-08-25,0822,N,VIIRS,n,2.0NRT,10.0,N
40.69876,-122.37855,335.3,2026-08-25,1042,N,VIIRS,n,2.0NRT,10.0,N
40.70065,-122.36231,330.2,2026-08-25,0922,N,VIIRS,n,2.0NRT,10.0,N
40.70289,-122.37771,335.6,2026-08-25,1032,N,VIIRS,n,2.0NRT,10.0,N
40.6993,-122.3579,344.6,2026-08-25,1012,N,VIIRS,n,2.0NRT,10.0,N
40.7078,-122.37972,341.2,2026-08-25,0942,N,VIIRS,n,2.0NRT,10.0,N
40.69715,-122.35574,340.3,2026-08-25,0912,N,VIIRS,n,2.0NRT,10.0,N
40.71169,-122.38538,349.9,2026-08-25,1012,N,VIIRS,n,2.0NRT,10.0,N
40.70211,-122.35557,330.0,2026-08-25,0932,N,VIIRS,n,2.0NRT,10.0,N
40.71219,-122.38248,338.8,2026-08-25,0832,N,VIIRS,n,2.0NRT,10.0,N
40.69983,-122.34853,333.4,2026-08-25,1012,N,VIIRS,n,2.0NRT,10.0,N
40.71204,-122.38552,343.8,2026-08-25,0812,N,VIIRS,n,2.0NRT,10.0,N
40.70753,-122.35033,342.8,2026-08-25,1042,N,VIIRS,n,2.0NRT,10.0,N
40.71762,-122.38331,339.2,2026-08-25,1052,N,VIIRS,n,2.0NRT,10.0,N
40.70456,-122.3468,342.9,2026-08-25,0802,N,VIIRS,n,2.0NRT,10.0,N
40.71912,-122.38777,334.9,2026-08-25,1032,N,VIIRS,n,2.0NRT,10.0,N
40.70751,-122.34632,339.6,2026-08-25,1032,N,VIIRS,n,2.0NRT,10.0,N
40.72035,-122.38882,336.1,2026-08-25,1022,N,VIIRS,n,2.0NRT,10.0,N
40.70929,-122.34684,336.5,2026-08-25,0842,N,VIIRS,n,2.0NRT,10.0,N
40.72756,-122.39305,342.6,2026-08-25,1052,N,VIIRS,n,2.0NRT,10.0,N
40.71075,-122.3394,347.3,2026-08-25,1012,N,VIIRS,n,2.0NRT,10.0,N
40.72626,-122.39546,340.6,2026-08-25,1032,N,VIIRS,n,2.0NRT,10.0,N
40.71115,-122.34309,342.4,2026-08-25,1022,N,VIIRS,n,2.0NRT,10.0,N
40.72856,-122.3955,334.9,2026-08-25,0852,N,VIIRS,n,2.0NRT,10.0,N
40.71413,-122.33527,349.4,2026-08-25,0802,N,VIIRS,n,2.0NRT,10.0,N
40.73365,-122.39729,344.5,2026-08-25,1042,N,VIIRS,n,2.0NRT,10.0,N
40.71253,-122.33418,345.7,2026-08-25,0852,N,VIIRS,n,2.0NRT,10.0,N
40.73347,-122.39541,343.2,2026-08-25,0802,N,VIIRS,n,2.0NRT,10.0,N
40.71691,-122.33285,345.1,2026-08-25,0912,N,VIIRS,n,2.0NRT,10.0,N
40.73517,-122.39976,341.7,2026-08-25,0802,N,VIIRS,n,2.0NRT,10.0,N
40.71631,-122.33085,344.5,2026-08-25,1022,N,VIIRS,n,2.0NRT,10.0,N
40.73678,-122.39758,322.6,2026-08-25,0822,N,VIIRS,n,2.0NRT,10.0,N
40.7209,-122.32695,342.2,2026-08-25,1002,N,VIIRS,n,2.0NRT,10.0,N
40.74065,-122.39851,338.1,2026-08-25,0802,N,VIIRS,n,2.0NRT,10.0,N
40.71887,-122.32428,349.1,2026-08-25,1012,N,VIIRS,n,2.0NRT,10.0,N
40.74179,-122.40284,347.7,2026-08-25,0802,N,VIIRS,n,2.0NRT,10.0,N
40.72222,-122.32592,342.6,2026-08-25,0952,N,VIIRS,n,2.0NRT,10.0,N
40.74627,-122.39949,349.8,2026-08-25,1022,N,VIIRS,n,2.0NRT,10.0,N
40.72024,-122.32211,352.8,2026-08-25,1042,N,VIIRS,n,2.0NRT,10.0,N
39.31458,-120.81608,343.6,2026-08-25,0922,N,VIIRS,n,2.0NRT,29.4,N
39.33081,-120.79048,346.6,2026-08-25,0932,N,VIIRS,n,2.0NRT,27.5,N
39.29841,-120.87375,333.8,2026-08-25,0932,N,VIIRS,n,2.0NRT,20.8,N
39.34538,-120.8787,343.0,2026-08-25,1052,N,VIIRS,n,2.0NRT,24.1,N
39.31128,-120.85158,333.3,2026-08-25,1052,N,VIIRS,n,2.0NRT,43.2,N
39.34086,-120.83526,340.0,2026-08-25,0932,N,VIIRS,n,2.0NRT,8.2,N
39.32697,-120.85966,332.3,2026-08-25,0952,N,VIIRS,n,2.0NRT,28.1,N
39.34516,-120.75338,345.0,2026-08-25,0812,N,VIIRS,n,2.0NRT,6.7,N
39.33259,-120.84761,334.6,2026-08-25,0822,N,VIIRS,n,2.0NRT,5.7,N
39.28485,-120.8653,343.5,2026-08-25,0952,N,VIIRS,n,2.0NRT,34.4,N
39.31087,-120.86283,342.7,2026-08-25,0952,N,VIIRS,n,2.0NRT,10.3,N
39.31561,-120.80733,339.0,2026-08-25,0822,N,VIIRS,n,2.0NRT,22.1,N
39.34593,-120.85381,342.5,2026-08-25,1042,N,VIIRS,n,2.0NRT,12.9,N
39.287,-120.8179,342.4,2026-08-25,1052,N,VIIRS,n,2.0NRT,6.2,N
39.31482,-120.89144,341.3,2026-08-25,0802,N,VIIRS,n,2.0NRT,20.6,N
39.3331,-120.82538,347.9,2026-08-25,1002,N,VIIRS,n,2.0NRT,7.9,N
39.25778,-120.86979,336.8,2026-08-25,0852,N,VIIRS,n,2.0NRT,10.4,N
39.31335,-120.83237,343.4,2026-08-25,0852,N,VIIRS,n,2.0NRT,15.6,N
39.30362,-120.86997,330.7,2026-08-25,0832,N,VIIRS,n,2.0NRT,21.2,N
39.33345,-120.86124,340.2,2026-08-25,1032,N,VIIRS,n,2.0NRT,17.7,N
39.32901,-120.87668,337.9,2026-08-25,1022,N,VIIRS,n,2.0NRT,44.6,N
39.28354,-120.83187,356.5,2026-08-25,0942,N,VIIRS,n,2.0NRT,26.0,N
39.32206,-120.82786,334.0,2026-08-25,0802,N,VIIRS,n,2.0NRT,39.5,N
39.30322,-120.86908,342.4,2026-08-25,0942,N,VIIRS,n,2.0NRT,30.4,N
39.34866,-120.88655,344.3,2026-08-25,0842,N,VIIRS,n,2.0NRT,13.5,N
39.34604,-120.81831,336.1,2026-08-25,1022,N,VIIRS,n,2.0NRT,7.4,N
39.33664,-120.86651,337.5,2026-08-25,0802,N,VIIRS,n,2.0NRT,15.7,N
39.2964,-120.85504,339.6,2026-08-25,1002,N,VIIRS,n,2.0NRT,28.4,N
39.28492,-120.87308,346.7,2026-08-25,0942,N,VIIRS,n,2.0NRT,12.0,N
39.33147,-120.83442,331.6,2026-08-25,0852,N,VIIRS,n,2.0NRT,27.6,N
39.29081,-120.83377,337.0,2026-08-25,1032,N,VIIRS,n,2.0NRT,4.7,N
39.3269,-120.81376,345.6,2026-08-25,0952,N,VIIRS,n,2.0NRT,5.4,N
39.32966,-120.82459,342.9,2026-08-25,0932,N,VIIRS,n,2.0NRT,11.0,N
39.32745,-120.82648,328.9,2026-08-25,0842,N,VIIRS,n,2.0NRT,30.1,N
39.28511,-120.85292,338.6,2026-08-25,0932,N,VIIRS,n,2.0NRT,11.4,N
39.31506,-120.85585,345.2,2026-08-25,0842,N,VIIRS,n,2.0NRT,21.9,N
39.32665,-120.83477,349.8,2026-08-25,1002,N,VIIRS,n,2.0NRT,72.3,N
39.32541,-120.85425,339.4,2026-08-25,0812,N,VIIRS,n,2.0NRT,17.2,N
39.29834,-120.82367,339.8,2026-08-25,1042,N,VIIRS,n,2.0NRT,49.0,N
39.32439,-120.87445,345.7,2026-08-25,0932,N,VIIRS,n,2.0NRT,11.2,N
39.31135,-120.89184,331.4,2026-08-25,0842,N,VIIRS,n,2.0NRT,22.7,N
39.31685,-120.85476,332.4,2026-08-25,0912,N,VIIRS,n,2.0NRT,14.0,N
39.30221,-120.81197,350.8,2026-08-25,0812,N,VIIRS,n,2.0NRT,1.0,N
39.28825,-120.83305,338.2,2026-08-25,1022,N,VIIRS,n,2.0NRT,19.7,N
39.36848,-120.82415,339.9,2026-08-25,1052,N,VIIRS,n,2.0NRT,12.0,N
39.31524,-120.87722,334.1,2026-08-25,0832,N,VIIRS,n,2.0NRT,11.8,N
39.28331,-120.85988,348.3,2026-08-25,0802,N,VIIRS,n,2.0NRT,12.4,N
39.29951,-120.86727,337.2,2026-08-25,0802,N,VIIRS,n,2.0NRT,34.7,N
39.30817,-120.85245,339.4,2026-08-25,0822,N,VIIRS,n,2.0NRT,61.5,N
39.32765,-120.87971,342.0,2026-08-25,0902,N,VIIRS,n,2.0NRT,9.3,N
39.29963,-120.85383,348.0,2026-08-25,0842,N,VIIRS,n,2.0NRT,50.8,N
39.31131,-120.80593,333.0,2026-08-25,0822,N,VIIRS,n,2.0NRT,9.7,N
39.32157,-120.88873,343.0,2026-08-25,0952,N,VIIRS,n,2.0NRT,13.4,N
39.32604,-120.8369,347.0,2026-08-25,0842,N,VIIRS,n,2.0NRT,31.6,N
39.313,-120.87912,341.1,2026-08-25,0842,N,VIIRS,n,2.0NRT,20.5,N
39.35819,-120.87568,346.1,2026-08-25,1032,N,VIIRS,n,2.0NRT,19.9,N
41.0575,-123.29544,341.7,2026-08-25,0922,N,VIIRS,n,2.0NRT,4.2,N
41.04265,-123.31069,337.5,2026-08-25,0832,N,VIIRS,n,2.0NRT,10.5,N
41.05623,-123.30488,348.9,2026-08-25,0822,N,VIIRS,n,2.0NRT,14.8,N
41.0589,-123.30369,335.5,2026-08-25,0822,N,VIIRS,n,2.0NRT,7.7,N
41.05972,-123.29798,338.2,2026-08-25,0842,N,VIIRS,n,2.0NRT,2.7,N
41.05274,-123.30555,333.0,2026-08-25,0902,N,VIIRS,n,2.0NRT,7.3,N
41.05221,-123.29067,345.6,2026-08-25,0822,N,VIIRS,n,2.0NRT,5.8,N
41.04948,-123.29695,340.6,2026-08-25,0952,N,VIIRS,n,2.0NRT,0.9,N
41.05044,-123.30082,340.0,2026-08-25,1022,N,VIIRS,n,2.0NRT,4.8,N
41.06637,-123.29058,339.7,2026-08-25,1022,N,VIIRS,n,2.0NRT,20.6,N
41.05075,-123.29996,343.9,2026-08-25,1022,N,VIIRS,n,2.0NRT,6.4,N
41.04333,-123.30364,340.6,2026-08-25,1032,N,VIIRS,n,2.0NRT,9.3,N
41.05294,-123.29392,347.3,2026-08-25,1022,N,VIIRS,n,2.0NRT,9.6,N
41.05712,-123.31254,338.4,2026-08-25,1032,N,VIIRS,n,2.0NRT,13.7,N
41.05928,-123.30284,337.1,2026-08-25,0842,N,VIIRS,n,2.0NRT,19.9,N
41.04062,-123.2893,341.2,2026-08-25,0902,N,VIIRS,n,2.0NRT,8.1,N
41.0639,-123.29949,348.1,2026-08-25,0802,N,VIIRS,n,2.0NRT,5.9,N
41.05673,-123.29471,339.2,2026-08-25,1022,N,VIIRS,n,2.0NRT,5.6,N
41.06326,-123.29508,337.3,2026-08-25,0902,N,VIIRS,n,2.0NRT,15.0,N
41.03739,-123.28291,340.7,2026-08-25,0942,N,VIIRS,n,2.0NRT,2.4,N
41.06012,-123.30684,333.6,2026-08-25,0842,N,VIIRS,n,2.0NRT,3.2,N
41.04022,-123.2972,328.8,2026-08-25,0902,N,VIIRS,n,2.0NRT,0.9,N
41.04736,-123.29887,349.8,2026-08-25,0812,N,VIIRS,n,2.0NRT,1.1,N
41.05706,-123.30738,334.1,2026-08-25,1042,N,VIIRS,n,2.0NRT,1.1,N
41.0394,-123.29833,343.6,2026-08-25,0942,N,VIIRS,n,2.0NRT,6.9,N
41.04493,-123.30061,335.5,2026-08-25,0932,N,VIIRS,n,2.0NRT,12.4,N
41.03724,-123.3044,339.2,2026-08-25,1012,N,VIIRS,n,2.0NRT,8.0,N
41.05679,-123.29624,340.9,2026-08-25,0832,N,VIIRS,n,2.0NRT,7.6,N
41.04251,-123.3131,336.7,2026-08-25,1052,N,VIIRS,n,2.0NRT,10.1,N
41.05015,-123.29667,353.1,2026-08-25,0942,N,VIIRS,n,2.0NRT,5.7,N
41.05385,-123.30687,340.6,2026-08-25,0822,N,VIIRS,n,2.0NRT,5.0,N
41.05283,-123.28773,340.3,2026-08-25,0952,N,VIIRS,n,2.0NRT,6.8,N
41.05195,-123.31751,338.9,2026-08-25,1052,N,VIIRS,n,2.0NRT,15.3,N
41.05193,-123.28258,336.6,2026-08-25,0932,N,VIIRS,n,2.0NRT,2.7,N
41.03777,-123.30172,341.1,2026-08-25,0842,N,VIIRS,n,2.0NRT,6.5,N
41.04785,-123.30109,336.1,2026-08-25,0902,N,VIIRS,n,2.0NRT,3.9,N
41.05185,-123.29117,341.5,2026-08-25,0832,N,VIIRS,n,2.0NRT,8.8,N
41.05081,-123.28987,336.5,2026-08-25,0852,N,VIIRS,n,2.0NRT,13.9,N
41.04888,-123.30533,339.2,2026-08-25,1032,N,VIIRS,n,2.0NRT,10.8,N
41.04566,-123.30055,341.9,2026-08-25,0922,N,VIIRS,n,2.0NRT,18.0,N
41.04905,-123.28404,345.7,2026-08-25,0802,N,VIIRS,n,2.0NRT,12.1,N
41.05029,-123.30974,334.8,2026-08-25,1002,N,VIIRS,n,2.0NRT,6.7,N
41.03864,-123.29668,343.3,2026-08-25,0812,N,VIIRS,n,2.0NRT,19.9,N
41.03927,-123.31284,332.2,2026-08-25,1022,N,VIIRS,n,2.0NRT,7.5,N
41.05604,-123.2915,342.2,2026-08-25,0902,N,VIIRS,n,2.0NRT,0.7,N
41.0465,-123.29521,340.0,2026-08-25,0842,N,VIIRS,n,2.0NRT,0.6,N
41.05179,-123.29228,337.1,2026-08-25,1032,N,VIIRS,n,2.0NRT,4.1,N
41.05575,-123.32275,335.9,2026-08-25,0952,N,VIIRS,n,2.0NRT,17.0,N
41.04772,-123.29308,335.9,2026-08-25,0812,N,VIIRS,n,2.0NRT,7.8,N
41.0461,-123.29766,340.8,2026-08-25,1042,N,VIIRS,n,2.0NRT,9.2,N
41.05713,-123.29723,345.8,2026-08-25,0832,N,VIIRS,n,2.0NRT,7.5,N
41.06433,-123.28729,329.6,2026-08-25,0912,N,VIIRS,n,2.0NRT,1.7,N
41.04887,-123.29988,340.8,2026-08-25,0852,N,VIIRS,n,2.0NRT,2.6,N
41.02292,-123.3011,323.7,2026-08-25,0822,N,VIIRS,n,2.0NRT,10.3,N
41.03714,-123.2959,350.1,2026-08-25,0852,N,VIIRS,n,2.0NRT,10.3,N
41.05145,-123.29139,349.1,2026-08-25,0822,N,VIIRS,n,2.0NRT,5.6,N
41.06327,-123.29825,348.3,2026-08-25,1002,N,VIIRS,n,2.0NRT,9.7,N
41.07166,-123.29579,337.9,2026-08-25,1022,N,VIIRS,n,2.0NRT,16.4,N
41.03755,-123.30334,337.9,2026-08-25,0852,N,VIIRS,n,2.0NRT,13.3,N
41.04646,-123.29237,338.4,2026-08-25,0942,N,VIIRS,n,2.0NRT,21.9,N
41.041,-123.30083,351.3,2026-08-25,0952,N,VIIRS,n,2.0NRT,10.7,N
41.04847,-123.30226,337.3,2026-08-25,0842,N,VIIRS,n,2.0NRT,11.0,N
41.05771,-123.29191,331.1,2026-08-25,0922,N,VIIRS,n,2.0NRT,2.3,N
41.06108,-123.30114,339.4,2026-08-25,0822,N,VIIRS,n,2.0NRT,10.2,N
41.06142,-123.31096,344.2,2026-08-25,1022,N,VIIRS,n,2.0NRT,2.6,N
41.03681,-123.30953,339.3,2026-08-25,1022,N,VIIRS,n,2.0NRT,12.2,N
41.05009,-123.28658,330.1,2026-08-25,0912,N,VIIRS,n,2.0NRT,19.3,N
41.04428,-123.30253,343.2,2026-08-25,0902,N,VIIRS,n,2.0NRT,5.3,N
41.04795,-123.29256,344.8,2026-08-25,0852,N,VIIRS,n,2.0NRT,2.9,N
41.04546,-123.30307,325.4,2026-08-25,0802,N,VIIRS,n,2.0NRT,15.9,N
41.03722,-123.30343,342.8,2026-08-25,0922,N,VIIRS,n,2.0NRT,19.7,N
41.06119,-123.29714,331.5,2026-08-25,0822,N,VIIRS,n,2.0NRT,4.8,N
41.04297,-123.28626,332.9,2026-08-25,0912,N,VIIRS,n,2.0NRT,14.4,N
41.04444,-123.28451,333.1,2026-08-25,0842,N,VIIRS,n,2.0NRT,10.5,N
41.06333,-123.29747,345.4,2026-08-25,1002,N,VIIRS,n,2.0NRT,7.4,N
41.03576,-123.27625,348.8,2026-08-25,1002,N,VIIRS,n,2.0NRT,4.9,N
41.05368,-123.30108,333.8,2026-08-25,0912,N,VIIRS,n,2.0NRT,11.2,N
41.05908,-123.29133,335.2,2026-08-25,1032,N,VIIRS,n,2.0NRT,2.1,N
47.61843,-120.67034,338.8,2026-08-25,1042,N,VIIRS,n,2.0NRT,16.0,N
47.65461,-120.63715,336.6,2026-08-25,1032,N,VIIRS,n,2.0NRT,10.6,N
47.65948,-120.65152,342.6,2026-08-25,0922,N,VIIRS,n,2.0NRT,11.5,N
47.60793,-120.60931,335.7,2026-08-25,0812,N,VIIRS,n,2.0NRT,3.8,N
47.60728,-120.65192,340.2,2026-08-25,1022,N,VIIRS,n,2.0NRT,16.3,N
47.63584,-120.67523,344.6,2026-08-25,0932,N,VIIRS,n,2.0NRT,25.6,N
47.63565,-120.63517,334.1,2026-08-25,0942,N,VIIRS,n,2.0NRT,2.5,N
47.64793,-120.62842,333.1,2026-08-25,0932,N,VIIRS,n,2.0NRT,15.0,N
47.6486,-120.65043,345.1,2026-08-25,0952,N,VIIRS,n,2.0NRT,10.8,N
47.60102,-120.60158,332.2,2026-08-25,0902,N,VIIRS,n,2.0NRT,13.6,N
47.58641,-120.67938,342.7,2026-08-25,0952,N,VIIRS,n,2.0NRT,4.3,N
47.63243,-120.61225,339.3,2026-08-25,1052,N,VIIRS,n,2.0NRT,34.6,N
47.62417,-120.62602,342.6,2026-08-25,1052,N,VIIRS,n,2.0NRT,18.6,N
47.57609,-120.65899,345.4,2026-08-25,0952,N,VIIRS,n,2.0NRT,5.7,N
47.57877,-120.63083,344.9,2026-08-25,0822,N,VIIRS,n,2.0NRT,1.8,N
47.58596,-120.67611,336.5,2026-08-25,1022,N,VIIRS,n,2.0NRT,14.3,N
47.63131,-120.62464,337.0,2026-08-25,1042,N,VIIRS,n,2.0NRT,3.8,N
47.6165,-120.63546,338.3,2026-08-25,1002,N,VIIRS,n,2.0NRT,5.3,N
47.63183,-120.65274,336.5,2026-08-25,0842,N,VIIRS,n,2.0NRT,7.2,N
47.59592,-120.63557,332.8,2026-08-25,0902,N,VIIRS,n,2.0NRT,1.8,N
47.63349,-120.62833,336.7,2026-08-25,0922,N,VIIRS,n,2.0NRT,20.9,N
47.62687,-120.67371,337.3,2026-08-25,0812,N,VIIRS,n,2.0NRT,8.1,N
47.63519,-120.64803,335.4,2026-08-25,0952,N,VIIRS,n,2.0NRT,26.0,N
47.60938,-120.65448,343.1,2026-08-25,0842,N,VIIRS,n,2.0NRT,4.9,N
47.60481,-120.62845,343.3,2026-08-25,1022,N,VIIRS,n,2.0NRT,11.4,N
47.5888,-120.66986,345.6,2026-08-25,0902,N,VIIRS,n,2.0NRT,14.2,N
47.61277,-120.6125,342.5,2026-08-25,1022,N,VIIRS,n,2.0NRT,2.9,N
47.64319,-120.6841,328.2,2026-08-25,0922,N,VIIRS,n,2.0NRT,4.9,N
47.64973,-120.61831,342.5,2026-08-25,0802,N,VIIRS,n,2.0NRT,14.1,N
47.59417,-120.70347,345.7,2026-08-25,1032,N,VIIRS,n,2.0NRT,9.7,N
47.61841,-120.62331,343.8,2026-08-25,1042,N,VIIRS,n,2.0NRT,4.9,N
47.65501,-120.66716,339.4,2026-08-25,1022,N,VIIRS,n,2.0NRT,8.7,N
47.65854,-120.69701,345.8,2026-08-25,1052,N,VIIRS,n,2.0NRT,1.4,N
47.6119,-120.65718,343.6,2026-08-25,1012,N,VIIRS,n,2.0NRT,13.1,N
47.64535,-120.61944,341.5,2026-08-25,0842,N,VIIRS,n,2.0NRT,4.3,N
47.64099,-120.67771,342.5,2026-08-25,1042,N,VIIRS,n,2.0NRT,8.7,N
47.63898,-120.6368,350.1,2026-08-25,0842,N,VIIRS,n,2.0NRT,11.6,N
47.58323,-120.69347,346.7,2026-08-25,0952,N,VIIRS,n,2.0NRT,23.6,N
47.64284,-120.65196,342.8,2026-08-25,1022,N,VIIRS,n,2.0NRT,7.9,N
47.59173,-120.65258,345.5,2026-08-25,0822,N,VIIRS,n,2.0NRT,7.4,N
47.62801,-120.64982,337.0,2026-08-25,0812,N,VIIRS,n,2.0NRT,9.0,N
47.58586,-120.60652,347.1,2026-08-25,0832,N,VIIRS,n,2.0NRT,11.9,N
47.64209,-120.65538,337.3,2026-08-25,0932,N,VIIRS,n,2.0NRT,20.0,N
47.61351,-120.64009,334.7,2026-08-25,0832,N,VIIRS,n,2.0NRT,27.8,N
47.59515,-120.6409,345.3,2026-08-25,1042,N,VIIRS,n,2.0NRT,5.9,N
47.59072,-120.64955,340.1,2026-08-25,0942,N,VIIRS,n,2.0NRT,1.2,N
47.59429,-120.6726,349.8,2026-08-25,0812,N,VIIRS,n,2.0NRT,7.9,N
47.65621,-120.6467,334.2,2026-08-25,0932,N,VIIRS,n,2.0NRT,3.8,N
47.62456,-120.69225,338.3,2026-08-25,0932,N,VIIRS,n,2.0NRT,31.5,N
47.60687,-120.63785,337.3,2026-08-25,0902,N,VIIRS,n,2.0NRT,21.8,N
47.62427,-120.69539,347.2,2026-08-25,0822,N,VIIRS,n,2.0NRT,5.7,N
47.62456,-120.63994,347.7,2026-08-25,1042,N,VIIRS,n,2.0NRT,36.6,N
47.64824,-120.66242,339.8,2026-08-25,0832,N,VIIRS,n,2.0NRT,6.6,N
47.57067,-120.66993,335.4,2026-08-25,0942,N,VIIRS,n,2.0NRT,4.4,N
47.59586,-120.63179,337.5,2026-08-25,0832,N,VIIRS,n,2.0NRT,4.9,N
47.56023,-120.65786,326.7,2026-08-25,0852,N,VIIRS,n,2.0NRT,11.0,N
47.65137,-120.64784,344.3,2026-08-25,0832,N,VIIRS,n,2.0NRT,10.0,N
47.63972,-120.68412,343.7,2026-08-25,1032,N,VIIRS,n,2.0NRT,11.4,N
47.58476,-120.61638,337.1,2026-08-25,0812,N,VIIRS,n,2.0NRT,17.3,N
47.62223,-120.64573,359.4,2026-08-25,1012,N,VIIRS,n,2.0NRT,8.8,N
47.5954,-120.64578,344.0,2026-08-25,0942,N,VIIRS,n,2.0NRT,6.2,N
47.59479,-120.62189,344.8,2026-08-25,1022,N,VIIRS,n,2.0NRT,3.1,N
47.68001,-120.63735,340.3,2026-08-25,0912,N,VIIRS,n,2.0NRT,5.4,N
47.60603,-120.70374,330.8,2026-08-25,1052,N,VIIRS,n,2.0NRT,2.6,N
47.58294,-120.61379,339.8,2026-08-25,1032,N,VIIRS,n,2.0NRT,9.6,N
47.59736,-120.65616,342.6,2026-08-25,0922,N,VIIRS,n,2.0NRT,8.6,N
43.79921,-121.42298,348.0,2026-08-25,1042,N,VIIRS,n,2.0NRT,1.3,N
43.76508,-121.44785,338.9,2026-08-25,1042,N,VIIRS,n,2.0NRT,15.7,N
43.77816,-121.44094,342.4,2026-08-25,0852,N,VIIRS,n,2.0NRT,7.6,N
43.75873,-121.4113,341.5,2026-08-25,1022,N,VIIRS,n,2.0NRT,5.8,N
43.75167,-121.3967,340.7,2026-08-25,1012,N,VIIRS,n,2.0NRT,9.9,N
43.78364,-121.42072,335.8,2026-08-25,0952,N,VIIRS,n,2.0NRT,11.1,N
43.76393,-121.40739,356.1,2026-08-25,0822,N,VIIRS,n,2.0NRT,6.3,N
43.78095,-121.43132,340.8,2026-08-25,0912,N,VIIRS,n,2.0NRT,12.9,N
43.7843,-121.44777,339.9,2026-08-25,0832,N,VIIRS,n,2.0NRT,2.8,N
43.75402,-121.43848,343.9,2026-08-25,0952,N,VIIRS,n,2.0NRT,12.4,N
43.78677,-121.42005,330.6,2026-08-25,1012,N,VIIRS,n,2.0NRT,1.0,N
43.79831,-121.43518,342.5,2026-08-25,1042,N,VIIRS,n,2.0NRT,1.5,N
43.79048,-121.42188,334.0,2026-08-25,0832,N,VIIRS,n,2.0NRT,1.5,N
43.76544,-121.41364,346.4,2026-08-25,0932,N,VIIRS,n,2.0NRT,5.6,N
43.77991,-121.43038,338.0,2026-08-25,1052,N,VIIRS,n,2.0NRT,9.4,N
43.78169,-121.42214,352.1,2026-08-25,0922,N,VIIRS,n,2.0NRT,11.3,N
43.77846,-121.42681,332.2,2026-08-25,0852,N,VIIRS,n,2.0NRT,6.6,N
43.75947,-121.41877,334.1,2026-08-25,0822,N,VIIRS,n,2.0NRT,2.8,N
43.76776,-121.43684,337.6,2026-08-25,0922,N,VIIRS,n,2.0NRT,3.4,N
43.77703,-121.40789,331.4,2026-08-25,0902,N,VIIRS,n,2.0NRT,7.8,N
43.78406,-121.42876,343.2,2026-08-25,1052,N,VIIRS,n,2.0NRT,2.0,N
43.77157,-121.40951,334.7,2026-08-25,0932,N,VIIRS,n,2.0NRT,4.2,N
43.74145,-121.40684,347.5,2026-08-25,0842,N,VIIRS,n,2.0NRT,5.3,N
43.75008,-121.44335,343.6,2026-08-25,0802,N,VIIRS,n,2.0NRT,10.8,N
43.77251,-121.38419,341.6,2026-08-25,1002,N,VIIRS,n,2.0NRT,19.1,N
43.80868,-121.40834,351.0,2026-08-25,0802,N,VIIRS,n,2.0NRT,20.3,N
43.78688,-121.45073,330.1,2026-08-25,1002,N,VIIRS,n,2.0NRT,1.7,N
43.78359,-121.42906,346.8,2026-08-25,0822,N,VIIRS,n,2.0NRT,2.6,N
43.76752,-121.41745,337.7,2026-08-25,0902,N,VIIRS,n,2.0NRT,5.4,N
43.77323,-121.40566,336.3,2026-08-25,0802,N,VIIRS,n,2.0NRT,11.5,N
43.74906,-121.41876,343.2,2026-08-25,0932,N,VIIRS,n,2.0NRT,7.4,N
43.76649,-121.42676,333.0,2026-08-25,0942,N,VIIRS,n,2.0NRT,2.8,N
43.78603,-121.43844,340.7,2026-08-25,0902,N,VIIRS,n,2.0NRT,6.6,N
43.78371,-121.4235,351.1,2026-08-25,1052,N,VIIRS,n,2.0NRT,10.9,N
43.7701,-121.42776,335.5,2026-08-25,1042,N,VIIRS,n,2.0NRT,2.6,N
43.77845,-121.43267,345.6,2026-08-25,1052,N,VIIRS,n,2.0NRT,21.2,N
43.78112,-121.42459,346.6,2026-08-25,0912,N,VIIRS,n,2.0NRT,5.8,N
43.77091,-121.39377,338.2,2026-08-25,0912,N,VIIRS,n,2.0NRT,2.6,N
43.78785,-121.42631,337.6,2026-08-25,1032,N,VIIRS,n,2.0NRT,7.2,N
43.78341,-121.43694,343.8,2026-08-25,1052,N,VIIRS,n,2.0NRT,4.9,N
43.77379,-121.42528,337.0,2026-08-25,1052,N,VIIRS,n,2.0NRT,12.9,N
43.76043,-121.41361,330.7,2026-08-25,0922,N,VIIRS,n,2.0NRT,1.8,N
43.77266,-121.42587,349.7,2026-08-25,0952,N,VIIRS,n,2.0NRT,0.7,N
43.77162,-121.37118,342.4,2026-08-25,1022,N,VIIRS,n,2.0NRT,10.6,N
43.77007,-121.45413,336.2,2026-08-25,0942,N,VIIRS,n,2.0NRT,3.9,N
34.57773,-118.94553,345.7,2026-08-25,1052,N,VIIRS,n,2.0NRT,8.9,N
34.53036,-118.97873,349.7,2026-08-25,1002,N,VIIRS,n,2.0NRT,37.2,N
34.55165,-118.95322,344.3,2026-08-25,0952,N,VIIRS,n,2.0NRT,30.1,N
34.58058,-118.91536,347.4,2026-08-25,1032,N,VIIRS,n,2.0NRT,45.3,N
34.55162,-118.97148,336.9,2026-08-25,1042,N,VIIRS,n,2.0NRT,27.6,N
34.57059,-118.97628,345.7,2026-08-25,0852,N,VIIRS,n,2.0NRT,30.6,N
34.55746,-118.97147,329.8,2026-08-25,1032,N,VIIRS,n,2.0NRT,52.9,N
34.51281,-118.96178,336.7,2026-08-25,1042,N,VIIRS,n,2.0NRT,133.6,N
34.55672,-118.94112,348.2,2026-08-25,0932,N,VIIRS,n,2.0NRT,41.9,N
34.5601,-118.98659,346.9,2026-08-25,0912,N,VIIRS,n,2.0NRT,23.3,N
34.55535,-119.00164,327.7,2026-08-25,1052,N,VIIRS,n,2.0NRT,4.4,N
34.5382,-118.95256,346.3,2026-08-25,1002,N,VIIRS,n,2.0NRT,55.7,N
34.55555,-118.94739,345.7,2026-08-25,0932,N,VIIRS,n,2.0NRT,33.5,N
34.5246,-118.96836,348.4,2026-08-25,0812,N,VIIRS,n,2.0NRT,75.2,N
34.55144,-118.94679,341.6,2026-08-25,0812,N,VIIRS,n,2.0NRT,24.4,N
34.57211,-118.95244,338.0,2026-08-25,1012,N,VIIRS,n,2.0NRT,21.2,N
34.58775,-118.97063,338.7,2026-08-25,0802,N,VIIRS,n,2.0NRT,45.1,N
34.58403,-118.9828,339.4,2026-08-25,0832,N,VIIRS,n,2.0NRT,45.0,N
34.54054,-118.95045,335.1,2026-08-25,1022,N,VIIRS,n,2.0NRT,26.0,N
34.53291,-118.95369,329.4,2026-08-25,0802,N,VIIRS,n,2.0NRT,44.2,N
34.56182,-118.94471,354.0,2026-08-25,1022,N,VIIRS,n,2.0NRT,57.2,N
34.55893,-118.96299,340.2,2026-08-25,0902,N,VIIRS,n,2.0NRT,26.7,N
34.56917,-118.97593,337.0,2026-08-25,0832,N,VIIRS,n,2.0NRT,5.8,N
34.54729,-118.95546,346.8,2026-08-25,0922,N,VIIRS,n,2.0NRT,48.9,N
34.55947,-118.97133,345.4,2026-08-25,0952,N,VIIRS,n,2.0NRT,29.4,N
34.55851,-118.9353,342.7,2026-08-25,1002,N,VIIRS,n,2.0NRT,12.4,N
34.55203,-118.9725,343.9,2026-08-25,1052,N,VIIRS,n,2.0NRT,67.5,N
34.52927,-118.96476,350.4,2026-08-25,0922,N,VIIRS,n,2.0NRT,74.5,N
34.57182,-118.94895,321.5,2026-08-25,0902,N,VIIRS,n,2.0NRT,36.3,N
34.56195,-118.94679,332.7,2026-08-25,1002,N,VIIRS,n,2.0NRT,53.0,N
34.57316,-118.94397,328.7,2026-08-25,0842,N,VIIRS,n,2.0NRT,1.0,N
34.57772,-118.93574,343.1,2026-08-25,0902,N,VIIRS,n,2.0NRT,55.6,N
34.55695,-118.98789,343.7,2026-08-25,0912,N,VIIRS,n,2.0NRT,30.0,N
34.57195,-118.94995,338.7,2026-08-25,0802,N,VIIRS,n,2.0NRT,3.7,N
34.58826,-118.94094,341.0,2026-08-25,0942,N,VIIRS,n,2.0NRT,14.4,N
34.59502,-118.95284,343.5,2026-08-25,1012,N,VIIRS,n,2.0NRT,29.0,N
34.56412,-118.98893,329.3,2026-08-25,0802,N,VIIRS,n,2.0NRT,42.1,N
34.56555,-118.97395,340.1,2026-08-25,0832,N,VIIRS,n,2.0NRT,21.4,N
34.56381,-118.96302,332.0,2026-08-25,1002,N,VIIRS,n,2.0NRT,7.8,N
34.56849,-118.96575,345.4,2026-08-25,1002,N,VIIRS,n,2.0NRT,6.0,N
34.57683,-119.01302,331.0,2026-08-25,1022,N,VIIRS,n,2.0NRT,4.8,N
34.56342,-118.94236,342.6,2026-08-25,0842,N,VIIRS,n,2.0NRT,27.3,N
34.59366,-118.95082,333.6,2026-08-25,1022,N,VIIRS,n,2.0NRT,24.8,N
34.59033,-118.96096,340.5,2026-08-25,1022,N,VIIRS,n,2.0NRT,7.1,N
34.56005,-118.95447,337.7,2026-08-25,0902,N,VIIRS,n,2.0NRT,22.7,N
34.55994,-118.97808,338.9,2026-08-25,0852,N,VIIRS,n,2.0NRT,45.2,N
34.55073,-118.98402,337.7,2026-08-25,0952,N,VIIRS,n,2.0NRT,6.5,N
34.56951,-118.96379,338.5,2026-08-25,1042,N,VIIRS,n,2.0NRT,37.5,N
34.55351,-118.9742,344.5,2026-08-25,0942,N,VIIRS,n,2.0NRT,37.0,N
34.56909,-118.94995,339.9,2026-08-25,0852,N,VIIRS,n,2.0NRT,21.5,N
35.42,-119.05,338.1,2026-08-25,0942,N,VIIRS,n,2.0NRT,4.0,N
35.423,-119.05,343.4,2026-08-25,1042,N,VIIRS,n,2.0NRT,4.0,N
35.417,-119.05,337.9,2026-08-25,0822,N,VIIRS,n,2.0NRT,4.0,N
