{"type":"FeatureCollection","features":[{"type":"Feature","geometry":{"type":"Point","coordinates":[-73.91366,45.78164]},"properties":{"frp":0.7,"date":"2026-09-12","daynight":"N"}},{"type":"Feature","geometry":{"type":"Point","coordinates":[-73.25024,45.83697]},"properties":{"frp":2.9,"date":"2026-09-12","daynight":"N"}},{"type":"Feature","geometry":{"type":"Point","coordinates":[-73.14436,46.04025]},"properties":{"frp":1.09,"date":"2026-09-12","daynight":"N"}},{"type":"Feature","geometry":{"type":"Point","coordinates":[-73.14361,46.04435]},"properties":{"frp":1.09,"date":"2026-09-12","daynight":"N"}},{"type":"Feature","geometry":{"type":"Point","coordinates":[-80.7916,46.57347]},"properties":{"frp":1.06,"date":"2026-09-12","daynight":"N"}},{"type":"Feature","geometry":{"type":"Point","coordinates":[-80.79771,46.57361]},"properties":{"frp":1.26,"date":"2026-09-12","daynight":"N"}},{"type":"Feature","geometry":{"type":"Point","coordinates":[-75.63776,39.58644]},"properties":{"frp":1.41,"date":"2026-09-12","daynight":"N"}},{"type":"Feature","geometry":{"type":"Point","coordinates":[-75.63711,39.59074]},"properties":{"frp":1.55,"date":"2026-09-12","daynight":"N"}},{"type":"Feature","geometry":{"type":"Point","coordinates":[-75.63472,39.59202]},"properties":{"frp":1.43,"date":"2026-09-12","daynight":"N"}},{"type":"Feature","geometry":{"type":"Point","coordinates":[-76.81552,39.9388]},"properties":{"frp":2.15,"date":"2026-09-12","daynight":"N"}},{"type":"Feature","geometry":{"type":"Point","coordinates":[-74.76981,40.15147]},"properties":{"frp":0.38,"date":"2026-09-12","daynight":"N"}},{"type":"Feature","geometry":{"type":"Point","coordinates":[-74.77069,40.15435]},"properties":{"frp":0.64,"date":"2026-09-12","daynight":"N"}},{"type":"Feature","geometry":{"type":"Point","coordinates":[-80.60785,40.31186]},"properties":{"frp":1.1,"date":"2026-09-12","daynight":"N"}},{"type":"Feature","geometry":{"type":"Point","coordinates":[-80.61274,40.31208]},"properties":{"frp":1.1,"date":"2026-09-12","daynight":"N"}},{"type":"Feature","geometry":{"type":"Point","coordinates":[-79.85465,40.38991]},"properties":{"frp":1.61,"date":"2026-09-12","daynight":"N"}},{"type":"Feature","geometry":{"type":"Point","coordinates":[-79.85914,40.39014]},"properties":{"frp":2.4,"date":"2026-09-12","daynight":"N"}},{"type":"Feature","geometry":{"type":"Point","coordinates":[-79.8493,40.3951]},"properties":{"frp":1.61,"date":"2026-09-12","daynight":"N"}},{"type":"Feature","geometry":{"type":"Point","coordinates":[-79.85399,40.39535]},"properties":{"frp":1.61,"date":"2026-09-12","daynight":"N"}},{"type":"Feature","geometry":{"type":"Point","coordinates":[-79.85865,40.3956]},"properties":{"frp":2.4,"date":"2026-09-12","daynight":"N"}},{"type":"Feature","geometry":{"type":"Point","coordinates":[-74.21996,40.63604]},"properties":{"frp":1.71,"date":"2026-09-12","daynight":"N"}},{"type":"Feature","geometry":{"type":"Point","coordinates":[-74.22197,40.63612]},"properties":{"frp":2.43,"date":"2026-09-12","daynight":"N"}},{"type":"Feature","geometry":{"type":"Point","coordinates":[-74.22461,40.6365]},"properties":{"frp":1.82,"date":"2026-09-12","daynight":"N"}},{"type":"Feature","geometry":{"type":"Point","coordinates":[-81.67644,41.45106]},"properties":{"frp":2.25,"date":"2026-09-12","daynight":"N"}},{"type":"Feature","geometry":{"type":"Point","coordinates":[-81.68034,41.45219]},"properties":{"frp":1.82,"date":"2026-09-12","daynight":"N"}},{"type":"Feature","geometry":{"type":"Point","coordinates":[-81.67615,41.4571]},"properties":{"frp":2.76,"date":"2026-09-12","daynight":"N"}},{"type":"Feature","geometry":{"type":"Point","coordinates":[-81.67389,41.45804]},"properties":{"frp":2.02,"date":"2026-09-12","daynight":"N"}},{"type":"Feature","geometry":{"type":"Point","coordinates":[-81.67996,41.45823]},"properties":{"frp":1.82,"date":"2026-09-12","daynight":"N"}},{"type":"Feature","geometry":{"type":"Point","coordinates":[-81.66977,41.46291]},"properties":{"frp":1.76,"date":"2026-09-12","daynight":"N"}},{"type":"Feature","geometry":{"type":"Point","coordinates":[-81.67583,41.46313]},"properties":{"frp":2.76,"date":"2026-09-12","daynight":"N"}},{"type":"Feature","geometry":{"type":"Point","coordinates":[-81.67359,41.46408]},"properties":{"frp":2.88,"date":"2026-09-12","daynight":"N"}},{"type":"Feature","geometry":{"type":"Point","coordinates":[-81.67959,41.46427]},"properties":{"frp":2.81,"date":"2026-09-12","daynight":"N"}},{"type":"Feature","geometry":{"type":"Point","coordinates":[-83.36841,41.46473]},"properties":{"frp":2.7,"date":"2026-09-12","daynight":"N"}},{"type":"Feature","geometry":{"type":"Point","coordinates":[-83.36926,41.46643]},"properties":{"frp":3.4,"date":"2026-09-12","daynight":"N"}},{"type":"Feature","geometry":{"type":"Point","coordinates":[-83.36821,41.47128]},"properties":{"frp":2.7,"date":"2026-09-12","daynight":"N"}},{"type":"Feature","geometry":{"type":"Point","coordinates":[-83.11319,42.28194]},"properties":{"frp":1.92,"date":"2026-09-12","daynight":"N"}},{"type":"Feature","geometry":{"type":"Point","coordinates":[-76.57926,42.75108]},"properties":{"frp":0.9,"date":"2026-09-12","daynight":"N"}},{"type":"Feature","geometry":{"type":"Point","coordinates":[-76.57927,42.75291]},"properties":{"frp":0.74,"date":"2026-09-12","daynight":"N"}},{"type":"Feature","geometry":{"type":"Point","coordinates":[-80.1035,42.80216]},"properties":{"frp":1.54,"date":"2026-09-12","daynight":"N"}},{"type":"Feature","geometry":{"type":"Point","coordinates":[-80.09788,42.80757]},"properties":{"frp":1.27,"date":"2026-09-12","daynight":"N"}},{"type":"Feature","geometry":{"type":"Point","coordinates":[-80.09232,42.81298]},"properties":{"frp":1.27,"date":"2026-09-12","daynight":"N"}},{"type":"Feature","geometry":{"type":"Point","coordinates":[-80.09737,42.8132]},"properties":{"frp":1.27,"date":"2026-09-12","daynight":"N"}},{"type":"Feature","geometry":{"type":"Point","coordinates":[-81.32568,42.81713]},"properties":{"frp":0.44,"date":"2026-09-12","daynight":"N"}},{"type":"Feature","geometry":{"type":"Point","coordinates":[-82.42052,42.94783]},"properties":{"frp":1.22,"date":"2026-09-12","daynight":"N"}},{"type":"Feature","geometry":{"type":"Point","coordinates":[-80.85918,43.06737]},"properties":{"frp":1.19,"date":"2026-09-12","daynight":"N"}},{"type":"Feature","geometry":{"type":"Point","coordinates":[-80.85808,43.0691]},"properties":{"frp":0.78,"date":"2026-09-12","daynight":"N"}},{"type":"Feature","geometry":{"type":"Point","coordinates":[-79.80849,43.26144]},"properties":{"frp":1.19,"date":"2026-09-12","daynight":"N"}},{"type":"Feature","geometry":{"type":"Point","coordinates":[-79.80871,43.26329]},"properties":{"frp":3.17,"date":"2026-09-12","daynight":"N"}},{"type":"Feature","geometry":{"type":"Point","coordinates":[-79.79311,43.26639]},"properties":{"frp":1.11,"date":"2026-09-12","daynight":"N"}},{"type":"Feature","geometry":{"type":"Point","coordinates":[-79.79805,43.2666]},"properties":{"frp":1.11,"date":"2026-09-12","daynight":"N"}},{"type":"Feature","geometry":{"type":"Point","coordinates":[-79.80302,43.2668]},"properties":{"frp":1.19,"date":"2026-09-12","daynight":"N"}},{"type":"Feature","geometry":{"type":"Point","coordinates":[-79.80799,43.267]},"properties":{"frp":1.19,"date":"2026-09-12","daynight":"N"}},{"type":"Feature","geometry":{"type":"Point","coordinates":[-79.79762,43.27216]},"properties":{"frp":2.92,"date":"2026-09-12","daynight":"N"}},{"type":"Feature","geometry":{"type":"Point","coordinates":[-79.80254,43.27236]},"properties":{"frp":1.93,"date":"2026-09-12","daynight":"N"}},{"type":"Feature","geometry":{"type":"Point","coordinates":[-79.80749,43.27257]},"properties":{"frp":1.93,"date":"2026-09-12","daynight":"N"}},{"type":"Feature","geometry":{"type":"Point","coordinates":[-79.98498,43.29099]},"properties":{"frp":0.87,"date":"2026-09-12","daynight":"N"}},{"type":"Feature","geometry":{"type":"Point","coordinates":[-79.62766,43.49061]},"properties":{"frp":0.81,"date":"2026-09-12","daynight":"N"}},{"type":"Feature","geometry":{"type":"Point","coordinates":[-79.50124,43.8647]},"properties":{"frp":0.3,"date":"2026-09-12","daynight":"N"}},{"type":"Feature","geometry":{"type":"Point","coordinates":[-83.4019,45.07252]},"properties":{"frp":2.45,"date":"2026-09-12","daynight":"N"}},{"type":"Feature","geometry":{"type":"Point","coordinates":[-79.88571,33.0145]},"properties":{"frp":2.49,"date":"2026-09-12","daynight":"N"}},{"type":"Feature","geometry":{"type":"Point","coordinates":[-81.8261,33.39512]},"properties":{"frp":2.06,"date":"2026-09-12","daynight":"N"}},{"type":"Feature","geometry":{"type":"Point","coordinates":[-80.46695,35.03678]},"properties":{"frp":1.61,"date":"2026-09-12","daynight":"N"}},{"type":"Feature","geometry":{"type":"Point","coordinates":[-76.80565,36.35409]},"properties":{"frp":1.99,"date":"2026-09-12","daynight":"N"}},{"type":"Feature","geometry":{"type":"Point","coordinates":[-80.8739,36.59211]},"properties":{"frp":0.87,"date":"2026-09-12","daynight":"N"}},{"type":"Feature","geometry":{"type":"Point","coordinates":[-82.03542,37.23362]},"properties":{"frp":1.17,"date":"2026-09-12","daynight":"N"}},{"type":"Feature","geometry":{"type":"Point","coordinates":[-82.04124,37.23389]},"properties":{"frp":1.5,"date":"2026-09-12","daynight":"N"}},{"type":"Feature","geometry":{"type":"Point","coordinates":[-82.05689,28.83998]},"properties":{"frp":0.66,"date":"2026-09-12","daynight":"N"}},{"type":"Feature","geometry":{"type":"Point","coordinates":[-82.05631,28.84552]},"properties":{"frp":0.86,"date":"2026-09-12","daynight":"N"}},{"type":"Feature","geometry":{"type":"Point","coordinates":[-73.2532,45.83586]},"properties":{"frp":1.85,"date":"2026-09-12","daynight":"N"}},{"type":"Feature","geometry":{"type":"Point","coordinates":[-73.24628,45.83631]},"properties":{"frp":1.53,"date":"2026-09-12","daynight":"N"}},{"type":"Feature","geometry":{"type":"Point","coordinates":[-73.25294,45.83857]},"properties":{"frp":2.19,"date":"2026-09-12","daynight":"N"}},{"type":"Feature","geometry":{"type":"Point","coordinates":[-73.14241,46.04269]},"properties":{"frp":2.22,"date":"2026-09-12","daynight":"N"}},{"type":"Feature","geometry":{"type":"Point","coordinates":[-75.63627,39.58622]},"properties":{"frp":1.2,"date":"2026-09-12","daynight":"N"}},{"type":"Feature","geometry":{"type":"Point","coordinates":[-76.81181,39.93943]},"properties":{"frp":0.61,"date":"2026-09-12","daynight":"N"}},{"type":"Feature","geometry":{"type":"Point","coordinates":[-81.4324,40.75441]},"properties":{"frp":0.89,"date":"2026-09-12","daynight":"N"}},{"type":"Feature","geometry":{"type":"Point","coordinates":[-81.67426,41.4509]},"properties":{"frp":3.18,"date":"2026-09-12","daynight":"N"}},{"type":"Feature","geometry":{"type":"Point","coordinates":[-81.67511,41.45181]},"properties":{"frp":2.09,"date":"2026-09-12","daynight":"N"}},{"type":"Feature","geometry":{"type":"Point","coordinates":[-81.67908,41.4575]},"properties":{"frp":3.88,"date":"2026-09-12","daynight":"N"}},{"type":"Feature","geometry":{"type":"Point","coordinates":[-81.67995,41.45845]},"properties":{"frp":2.33,"date":"2026-09-12","daynight":"N"}},{"type":"Feature","geometry":{"type":"Point","coordinates":[-81.67066,41.46133]},"properties":{"frp":2.46,"date":"2026-09-12","daynight":"N"}},{"type":"Feature","geometry":{"type":"Point","coordinates":[-81.67686,41.46225]},"properties":{"frp":3.88,"date":"2026-09-12","daynight":"N"}},{"type":"Feature","geometry":{"type":"Point","coordinates":[-81.67773,41.46321]},"properties":{"frp":5.9,"date":"2026-09-12","daynight":"N"}},{"type":"Feature","geometry":{"type":"Point","coordinates":[-83.10978,42.28032]},"properties":{"frp":1.11,"date":"2026-09-12","daynight":"N"}},{"type":"Feature","geometry":{"type":"Point","coordinates":[-83.10915,42.28114]},"properties":{"frp":1.76,"date":"2026-09-12","daynight":"N"}},{"type":"Feature","geometry":{"type":"Point","coordinates":[-80.09819,42.80315]},"properties":{"frp":1.35,"date":"2026-09-12","daynight":"N"}},{"type":"Feature","geometry":{"type":"Point","coordinates":[-80.10219,42.80424]},"properties":{"frp":1.18,"date":"2026-09-12","daynight":"N"}},{"type":"Feature","geometry":{"type":"Point","coordinates":[-80.0957,42.80807]},"properties":{"frp":1.26,"date":"2026-09-12","daynight":"N"}},{"type":"Feature","geometry":{"type":"Point","coordinates":[-80.0932,42.81298]},"properties":{"frp":1.26,"date":"2026-09-12","daynight":"N"}},{"type":"Feature","geometry":{"type":"Point","coordinates":[-81.32305,42.81806]},"properties":{"frp":0.54,"date":"2026-09-12","daynight":"N"}},{"type":"Feature","geometry":{"type":"Point","coordinates":[-85.9989,42.81916]},"properties":{"frp":0.91,"date":"2026-09-12","daynight":"N"}},{"type":"Feature","geometry":{"type":"Point","coordinates":[-85.99786,42.82253]},"properties":{"frp":1.25,"date":"2026-09-12","daynight":"N"}},{"type":"Feature","geometry":{"type":"Point","coordinates":[-85.99739,42.82297]},"properties":{"frp":0.57,"date":"2026-09-12","daynight":"N"}},{"type":"Feature","geometry":{"type":"Point","coordinates":[-82.41567,42.94307]},"properties":{"frp":1.25,"date":"2026-09-12","daynight":"N"}},{"type":"Feature","geometry":{"type":"Point","coordinates":[-82.41981,42.94905]},"properties":{"frp":1.51,"date":"2026-09-12","daynight":"N"}},{"type":"Feature","geometry":{"type":"Point","coordinates":[-80.85539,43.06695]},"properties":{"frp":2.07,"date":"2026-09-12","daynight":"N"}},{"type":"Feature","geometry":{"type":"Point","coordinates":[-79.8053,43.26177]},"properties":{"frp":2.9,"date":"2026-09-12","daynight":"N"}},{"type":"Feature","geometry":{"type":"Point","coordinates":[-79.80933,43.26289]},"properties":{"frp":1.86,"date":"2026-09-12","daynight":"N"}},{"type":"Feature","geometry":{"type":"Point","coordinates":[-79.80679,43.2678]},"properties":{"frp":1.86,"date":"2026-09-12","daynight":"N"}},{"type":"Feature","geometry":{"type":"Point","coordinates":[-79.79198,43.26933]},"properties":{"frp":1.36,"date":"2026-09-12","daynight":"N"}},{"type":"Feature","geometry":{"type":"Point","coordinates":[-79.79606,43.27046]},"properties":{"frp":1.47,"date":"2026-09-12","daynight":"N"}},{"type":"Feature","geometry":{"type":"Point","coordinates":[-79.80016,43.27159]},"properties":{"frp":1.47,"date":"2026-09-12","daynight":"N"}},{"type":"Feature","geometry":{"type":"Point","coordinates":[-79.80421,43.27271]},"properties":{"frp":2.2,"date":"2026-09-12","daynight":"N"}},{"type":"Feature","geometry":{"type":"Point","coordinates":[-79.79346,43.27536]},"properties":{"frp":1.47,"date":"2026-09-12","daynight":"N"}},{"type":"Feature","geometry":{"type":"Point","coordinates":[-79.98652,43.28945]},"properties":{"frp":0.62,"date":"2026-09-12","daynight":"N"}},{"type":"Feature","geometry":{"type":"Point","coordinates":[-79.98401,43.29433]},"properties":{"frp":0.62,"date":"2026-09-12","daynight":"N"}},{"type":"Feature","geometry":{"type":"Point","coordinates":[-79.62618,43.49009]},"properties":{"frp":0.55,"date":"2026-09-12","daynight":"N"}},{"type":"Feature","geometry":{"type":"Point","coordinates":[-79.50009,43.86455]},"properties":{"frp":0.42,"date":"2026-09-12","daynight":"N"}},{"type":"Feature","geometry":{"type":"Point","coordinates":[-83.40585,45.07063]},"properties":{"frp":3.57,"date":"2026-09-12","daynight":"N"}},{"type":"Feature","geometry":{"type":"Point","coordinates":[-83.40391,45.07463]},"properties":{"frp":0.5,"date":"2026-09-12","daynight":"N"}},{"type":"Feature","geometry":{"type":"Point","coordinates":[-103.21404,47.47002]},"properties":{"frp":0.58,"date":"2026-09-12","daynight":"N"}},{"type":"Feature","geometry":{"type":"Point","coordinates":[-103.7928,47.73074]},"properties":{"frp":1.64,"date":"2026-09-12","daynight":"N"}},{"type":"Feature","geometry":{"type":"Point","coordinates":[-79.88386,33.014]},"properties":{"frp":2.9,"date":"2026-09-12","daynight":"N"}},{"type":"Feature","geometry":{"type":"Point","coordinates":[-79.88457,33.01691]},"properties":{"frp":3.43,"date":"2026-09-12","daynight":"N"}},{"type":"Feature","geometry":{"type":"Point","coordinates":[-92.71165,35.41261]},"properties":{"frp":0.84,"date":"2026-09-12","daynight":"N"}},{"type":"Feature","geometry":{"type":"Point","coordinates":[-89.94387,35.60933]},"properties":{"frp":1.67,"date":"2026-09-12","daynight":"N"}},{"type":"Feature","geometry":{"type":"Point","coordinates":[-89.93937,35.64356]},"properties":{"frp":1.57,"date":"2026-09-12","daynight":"N"}},{"type":"Feature","geometry":{"type":"Point","coordinates":[-89.93283,35.64617]},"properties":{"frp":8.01,"date":"2026-09-12","daynight":"N"}},{"type":"Feature","geometry":{"type":"Point","coordinates":[-89.93174,35.64986]},"properties":{"frp":8.01,"date":"2026-09-12","daynight":"N"}},{"type":"Feature","geometry":{"type":"Point","coordinates":[-89.78056,35.89046]},"properties":{"frp":3.92,"date":"2026-09-12","daynight":"N"}},{"type":"Feature","geometry":{"type":"Point","coordinates":[-89.71429,35.93598]},"properties":{"frp":6.14,"date":"2026-09-12","daynight":"N"}},{"type":"Feature","geometry":{"type":"Point","coordinates":[-89.71317,35.93968]},"properties":{"frp":1.88,"date":"2026-09-12","daynight":"N"}},{"type":"Feature","geometry":{"type":"Point","coordinates":[-95.81351,36.19453]},"properties":{"frp":2.11,"date":"2026-09-12","daynight":"N"}},{"type":"Feature","geometry":{"type":"Point","coordinates":[-80.87437,36.59255]},"properties":{"frp":1.64,"date":"2026-09-12","daynight":"N"}},{"type":"Feature","geometry":{"type":"Point","coordinates":[-90.78644,36.92386]},"properties":{"frp":1.11,"date":"2026-09-12","daynight":"N"}},{"type":"Feature","geometry":{"type":"Point","coordinates":[-82.04015,37.23582]},"properties":{"frp":1.09,"date":"2026-09-12","daynight":"N"}},{"type":"Feature","geometry":{"type":"Point","coordinates":[-106.76678,37.38379]},"properties":{"frp":1.38,"date":"2026-09-12","daynight":"N"}},{"type":"Feature","geometry":{"type":"Point","coordinates":[-106.77047,37.38397]},"properties":{"frp":1.38,"date":"2026-09-12","daynight":"N"}},{"type":"Feature","geometry":{"type":"Point","coordinates":[-106.77441,37.38416]},"properties":{"frp":2.58,"date":"2026-09-12","daynight":"N"}},{"type":"Feature","geometry":{"type":"Point","coordinates":[-106.78487,37.38468]},"properties":{"frp":1.08,"date":"2026-09-12","daynight":"N"}},{"type":"Feature","geometry":{"type":"Point","coordinates":[-106.75989,37.38923]},"properties":{"frp":2.96,"date":"2026-09-12","daynight":"N"}},{"type":"Feature","geometry":{"type":"Point","coordinates":[-106.76343,37.3894]},"properties":{"frp":2.96,"date":"2026-09-12","daynight":"N"}},{"type":"Feature","geometry":{"type":"Point","coordinates":[-106.76717,37.38959]},"properties":{"frp":3.75,"date":"2026-09-12","daynight":"N"}},{"type":"Feature","geometry":{"type":"Point","coordinates":[-106.77115,37.38979]},"properties":{"frp":3.75,"date":"2026-09-12","daynight":"N"}},{"type":"Feature","geometry":{"type":"Point","coordinates":[-106.77567,37.39001]},"properties":{"frp":3.19,"date":"2026-09-12","daynight":"N"}},{"type":"Feature","geometry":{"type":"Point","coordinates":[-106.78089,37.39027]},"properties":{"frp":3.19,"date":"2026-09-12","daynight":"N"}},{"type":"Feature","geometry":{"type":"Point","coordinates":[-106.75964,37.395]},"properties":{"frp":2.96,"date":"2026-09-12","daynight":"N"}},{"type":"Feature","geometry":{"type":"Point","coordinates":[-106.76336,37.39519]},"properties":{"frp":2.96,"date":"2026-09-12","daynight":"N"}},{"type":"Feature","geometry":{"type":"Point","coordinates":[-106.76747,37.39539]},"properties":{"frp":3.75,"date":"2026-09-12","daynight":"N"}},{"type":"Feature","geometry":{"type":"Point","coordinates":[-106.7723,37.39563]},"properties":{"frp":3.75,"date":"2026-09-12","daynight":"N"}},{"type":"Feature","geometry":{"type":"Point","coordinates":[-90.07687,37.96605]},"properties":{"frp":2.08,"date":"2026-09-12","daynight":"N"}},{"type":"Feature","geometry":{"type":"Point","coordinates":[-90.06842,37.97564]},"properties":{"frp":0.96,"date":"2026-09-12","daynight":"N"}},{"type":"Feature","geometry":{"type":"Point","coordinates":[-90.08015,38.00779]},"properties":{"frp":2.56,"date":"2026-09-12","daynight":"N"}},{"type":"Feature","geometry":{"type":"Point","coordinates":[-90.3395,38.18171]},"properties":{"frp":0.78,"date":"2026-09-12","daynight":"N"}},{"type":"Feature","geometry":{"type":"Point","coordinates":[-104.60311,38.23574]},"properties":{"frp":0.76,"date":"2026-09-12","daynight":"N"}},{"type":"Feature","geometry":{"type":"Point","coordinates":[-104.60696,38.23599]},"properties":{"frp":0.76,"date":"2026-09-12","daynight":"N"}},{"type":"Feature","geometry":{"type":"Point","coordinates":[-94.6614,38.49261]},"properties":{"frp":2.33,"date":"2026-09-12","daynight":"N"}},{"type":"Feature","geometry":{"type":"Point","coordinates":[-94.6606,38.49591]},"properties":{"frp":2.33,"date":"2026-09-12","daynight":"N"}},{"type":"Feature","geometry":{"type":"Point","coordinates":[-90.15279,38.69129]},"properties":{"frp":1.38,"date":"2026-09-12","daynight":"N"}},{"type":"Feature","geometry":{"type":"Point","coordinates":[-90.12904,38.69353]},"properties":{"frp":2.49,"date":"2026-09-12","daynight":"N"}},{"type":"Feature","geometry":{"type":"Point","coordinates":[-90.14669,38.69384]},"properties":{"frp":1.38,"date":"2026-09-12","daynight":"N"}},{"type":"Feature","geometry":{"type":"Point","coordinates":[-90.13052,38.69449]},"properties":{"frp":2.72,"date":"2026-09-12","daynight":"N"}},{"type":"Feature","geometry":{"type":"Point","coordinates":[-90.13406,38.6945]},"properties":{"frp":2.49,"date":"2026-09-12","daynight":"N"}},{"type":"Feature","geometry":{"type":"Point","coordinates":[-90.15171,38.69478]},"properties":{"frp":1.38,"date":"2026-09-12","daynight":"N"}},{"type":"Feature","geometry":{"type":"Point","coordinates":[-90.13554,38.69543]},"properties":{"frp":3.06,"date":"2026-09-12","daynight":"N"}},{"type":"Feature","geometry":{"type":"Point","coordinates":[-91.76452,38.76086]},"properties":{"frp":0.81,"date":"2026-09-12","daynight":"N"}},{"type":"Feature","geometry":{"type":"Point","coordinates":[-91.76909,38.76165]},"properties":{"frp":0.87,"date":"2026-09-12","daynight":"N"}},{"type":"Feature","geometry":{"type":"Point","coordinates":[-90.06239,38.83477]},"properties":{"frp":1.0,"date":"2026-09-12","daynight":"N"}},{"type":"Feature","geometry":{"type":"Point","coordinates":[-90.0613,38.83826]},"properties":{"frp":1.0,"date":"2026-09-12","daynight":"N"}},{"type":"Feature","geometry":{"type":"Point","coordinates":[-90.06635,38.83923]},"properties":{"frp":1.77,"date":"2026-09-12","daynight":"N"}},{"type":"Feature","geometry":{"type":"Point","coordinates":[-93.83207,39.11928]},"properties":{"frp":1.02,"date":"2026-09-12","daynight":"N"}},{"type":"Feature","geometry":{"type":"Point","coordinates":[-80.60866,40.31013]},"properties":{"frp":0.7,"date":"2026-09-12","daynight":"N"}},{"type":"Feature","geometry":{"type":"Point","coordinates":[-80.60626,40.31529]},"properties":{"frp":0.8,"date":"2026-09-12","daynight":"N"}},{"type":"Feature","geometry":{"type":"Point","coordinates":[-91.23122,40.69043]},"properties":{"frp":1.22,"date":"2026-09-12","daynight":"N"}},{"type":"Feature","geometry":{"type":"Point","coordinates":[-87.34254,40.92823]},"properties":{"frp":1.82,"date":"2026-09-12","daynight":"N"}},{"type":"Feature","geometry":{"type":"Point","coordinates":[-85.35135,41.12126]},"properties":{"frp":0.87,"date":"2026-09-12","daynight":"N"}},{"type":"Feature","geometry":{"type":"Point","coordinates":[-85.34995,41.12134]},"properties":{"frp":1.08,"date":"2026-09-12","daynight":"N"}},{"type":"Feature","geometry":{"type":"Point","coordinates":[-88.18338,41.41413]},"properties":{"frp":1.86,"date":"2026-09-12","daynight":"N"}},{"type":"Feature","geometry":{"type":"Point","coordinates":[-90.83004,41.47868]},"properties":{"frp":0.63,"date":"2026-09-12","daynight":"N"}},{"type":"Feature","geometry":{"type":"Point","coordinates":[-90.82428,41.48118]},"properties":{"frp":0.63,"date":"2026-09-12","daynight":"N"}},{"type":"Feature","geometry":{"type":"Point","coordinates":[-90.82324,41.4845]},"properties":{"frp":1.3,"date":"2026-09-12","daynight":"N"}},{"type":"Feature","geometry":{"type":"Point","coordinates":[-87.32725,41.61323]},"properties":{"frp":2.64,"date":"2026-09-12","daynight":"N"}},{"type":"Feature","geometry":{"type":"Point","coordinates":[-87.32587,41.61692]},"properties":{"frp":2.64,"date":"2026-09-12","daynight":"N"}},{"type":"Feature","geometry":{"type":"Point","coordinates":[-87.34517,41.61695]},"properties":{"frp":0.97,"date":"2026-09-12","daynight":"N"}},{"type":"Feature","geometry":{"type":"Point","coordinates":[-87.33187,41.61816]},"properties":{"frp":9.89,"date":"2026-09-12","daynight":"N"}},{"type":"Feature","geometry":{"type":"Point","coordinates":[-87.3438,41.62064]},"properties":{"frp":0.97,"date":"2026-09-12","daynight":"N"}},{"type":"Feature","geometry":{"type":"Point","coordinates":[-87.34977,41.62187]},"properties":{"frp":0.97,"date":"2026-09-12","daynight":"N"}},{"type":"Feature","geometry":{"type":"Point","coordinates":[-87.36765,41.62558]},"properties":{"frp":0.7,"date":"2026-09-12","daynight":"N"}},{"type":"Feature","geometry":{"type":"Point","coordinates":[-87.14037,41.62634]},"properties":{"frp":1.13,"date":"2026-09-12","daynight":"N"}},{"type":"Feature","geometry":{"type":"Point","coordinates":[-87.14633,41.62644]},"properties":{"frp":1.79,"date":"2026-09-12","daynight":"N"}},{"type":"Feature","geometry":{"type":"Point","coordinates":[-87.14645,41.6276]},"properties":{"frp":1.33,"date":"2026-09-12","daynight":"N"}},{"type":"Feature","geometry":{"type":"Point","coordinates":[-87.14495,41.63015]},"properties":{"frp":1.53,"date":"2026-09-12","daynight":"N"}},{"type":"Feature","geometry":{"type":"Point","coordinates":[-87.13751,41.63259]},"properties":{"frp":1.53,"date":"2026-09-12","daynight":"N"}},{"type":"Feature","geometry":{"type":"Point","coordinates":[-87.1376,41.63378]},"properties":{"frp":3.22,"date":"2026-09-12","daynight":"N"}},{"type":"Feature","geometry":{"type":"Point","coordinates":[-87.13005,41.63502]},"properties":{"frp":1.49,"date":"2026-09-12","daynight":"N"}},{"type":"Feature","geometry":{"type":"Point","coordinates":[-87.13613,41.6363]},"properties":{"frp":3.92,"date":"2026-09-12","daynight":"N"}},{"type":"Feature","geometry":{"type":"Point","coordinates":[-87.14218,41.63758]},"properties":{"frp":3.92,"date":"2026-09-12","daynight":"N"}},{"type":"Feature","geometry":{"type":"Point","coordinates":[-87.12866,41.63873]},"properties":{"frp":1.49,"date":"2026-09-12","daynight":"N"}},{"type":"Feature","geometry":{"type":"Point","coordinates":[-87.13474,41.64001]},"properties":{"frp":3.92,"date":"2026-09-12","daynight":"N"}},{"type":"Feature","geometry":{"type":"Point","coordinates":[-87.14079,41.64129]},"properties":{"frp":3.92,"date":"2026-09-12","daynight":"N"}},{"type":"Feature","geometry":{"type":"Point","coordinates":[-87.40656,41.64153]},"properties":{"frp":3.72,"date":"2026-09-12","daynight":"N"}},{"type":"Feature","geometry":{"type":"Point","coordinates":[-87.13937,41.645]},"properties":{"frp":3.14,"date":"2026-09-12","daynight":"N"}},{"type":"Feature","geometry":{"type":"Point","coordinates":[-87.42488,41.66111]},"properties":{"frp":1.94,"date":"2026-09-12","daynight":"N"}},{"type":"Feature","geometry":{"type":"Point","coordinates":[-87.43082,41.66233]},"properties":{"frp":0.79,"date":"2026-09-12","daynight":"N"}},{"type":"Feature","geometry":{"type":"Point","coordinates":[-87.48076,41.66468]},"properties":{"frp":1.37,"date":"2026-09-12","daynight":"N"}},{"type":"Feature","geometry":{"type":"Point","coordinates":[-87.45312,41.67085]},"properties":{"frp":2.08,"date":"2026-09-12","daynight":"N"}},{"type":"Feature","geometry":{"type":"Point","coordinates":[-87.46492,41.67326]},"properties":{"frp":1.54,"date":"2026-09-12","daynight":"N"}},{"type":"Feature","geometry":{"type":"Point","coordinates":[-87.45767,41.67572]},"properties":{"frp":2.08,"date":"2026-09-12","daynight":"N"}},{"type":"Feature","geometry":{"type":"Point","coordinates":[-87.43132,41.67822]},"properties":{"frp":2.16,"date":"2026-09-12","daynight":"N"}},{"type":"Feature","geometry":{"type":"Point","coordinates":[-87.41811,41.67946]},"properties":{"frp":1.54,"date":"2026-09-12","daynight":"N"}},{"type":"Feature","geometry":{"type":"Point","coordinates":[-87.41733,41.67958]},"properties":{"frp":2.88,"date":"2026-09-12","daynight":"N"}},{"type":"Feature","geometry":{"type":"Point","coordinates":[-87.42324,41.68082]},"properties":{"frp":2.88,"date":"2026-09-12","daynight":"N"}},{"type":"Feature","geometry":{"type":"Point","coordinates":[-87.41675,41.68313]},"properties":{"frp":1.54,"date":"2026-09-12","daynight":"N"}},{"type":"Feature","geometry":{"type":"Point","coordinates":[-87.42267,41.68434]},"properties":{"frp":8.57,"date":"2026-09-12","daynight":"N"}},{"type":"Feature","geometry":{"type":"Point","coordinates":[-87.42187,41.68448]},"properties":{"frp":2.88,"date":"2026-09-12","daynight":"N"}},{"type":"Feature","geometry":{"type":"Point","coordinates":[-89.60578,41.77455]},"properties":{"frp":1.35,"date":"2026-09-12","daynight":"N"}},{"type":"Feature","geometry":{"type":"Point","coordinates":[-97.36397,42.08403]},"properties":{"frp":0.58,"date":"2026-09-12","daynight":"N"}},{"type":"Feature","geometry":{"type":"Point","coordinates":[-97.36337,42.08511]},"properties":{"frp":0.68,"date":"2026-09-12","daynight":"N"}},{"type":"Feature","geometry":{"type":"Point","coordinates":[-82.05474,28.84377]},"properties":{"frp":1.22,"date":"2026-09-12","daynight":"N"}},{"type":"Feature","geometry":{"type":"Point","coordinates":[-94.91033,29.36801]},"properties":{"frp":2.73,"date":"2026-09-12","daynight":"N"}},{"type":"Feature","geometry":{"type":"Point","coordinates":[-94.92181,29.37343]},"properties":{"frp":3.22,"date":"2026-09-12","daynight":"N"}},{"type":"Feature","geometry":{"type":"Point","coordinates":[-94.93403,29.37551]},"properties":{"frp":1.61,"date":"2026-09-12","daynight":"N"}},{"type":"Feature","geometry":{"type":"Point","coordinates":[-94.9381,29.3762]},"properties":{"frp":1.61,"date":"2026-09-12","daynight":"N"}},{"type":"Feature","geometry":{"type":"Point","coordinates":[-98.03219,29.57537]},"properties":{"frp":4.55,"date":"2026-09-12","daynight":"N"}},{"type":"Feature","geometry":{"type":"Point","coordinates":[-95.02423,29.60837]},"properties":{"frp":0.57,"date":"2026-09-12","daynight":"N"}},{"type":"Feature","geometry":{"type":"Point","coordinates":[-95.02754,29.61239]},"properties":{"frp":1.21,"date":"2026-09-12","daynight":"N"}},{"type":"Feature","geometry":{"type":"Point","coordinates":[-95.05038,29.62315]},"properties":{"frp":1.95,"date":"2026-09-12","daynight":"N"}},{"type":"Feature","geometry":{"type":"Point","coordinates":[-94.14935,29.64776]},"properties":{"frp":6.42,"date":"2026-09-12","daynight":"N"}},{"type":"Feature","geometry":{"type":"Point","coordinates":[-94.15359,29.64851]},"properties":{"frp":9.67,"date":"2026-09-12","daynight":"N"}},{"type":"Feature","geometry":{"type":"Point","coordinates":[-94.15783,29.64925]},"properties":{"frp":9.67,"date":"2026-09-12","daynight":"N"}},{"type":"Feature","geometry":{"type":"Point","coordinates":[-94.14433,29.65042]},"properties":{"frp":4.96,"date":"2026-09-12","daynight":"N"}},{"type":"Feature","geometry":{"type":"Point","coordinates":[-94.14857,29.65117]},"properties":{"frp":4.96,"date":"2026-09-12","daynight":"N"}},{"type":"Feature","geometry":{"type":"Point","coordinates":[-94.15704,29.65265]},"properties":{"frp":7.11,"date":"2026-09-12","daynight":"N"}},{"type":"Feature","geometry":{"type":"Point","coordinates":[-94.16129,29.6534]},"properties":{"frp":8.77,"date":"2026-09-12","daynight":"N"}},{"type":"Feature","geometry":{"type":"Point","coordinates":[-94.14355,29.65383]},"properties":{"frp":4.96,"date":"2026-09-12","daynight":"N"}},{"type":"Feature","geometry":{"type":"Point","coordinates":[-94.1605,29.6568]},"properties":{"frp":8.77,"date":"2026-09-12","daynight":"N"}},{"type":"Feature","geometry":{"type":"Point","coordinates":[-94.14276,29.65723]},"properties":{"frp":2.15,"date":"2026-09-12","daynight":"N"}},{"type":"Feature","geometry":{"type":"Point","coordinates":[-94.15971,29.6602]},"properties":{"frp":4.23,"date":"2026-09-12","daynight":"N"}},{"type":"Feature","geometry":{"type":"Point","coordinates":[-94.15894,29.66361]},"properties":{"frp":4.23,"date":"2026-09-12","daynight":"N"}},{"type":"Feature","geometry":{"type":"Point","coordinates":[-94.15737,29.67041]},"properties":{"frp":3.28,"date":"2026-09-12","daynight":"N"}},{"type":"Feature","geometry":{"type":"Point","coordinates":[-94.15659,29.67382]},"properties":{"frp":1.7,"date":"2026-09-12","daynight":"N"}},{"type":"Feature","geometry":{"type":"Point","coordinates":[-94.1558,29.67722]},"properties":{"frp":1.7,"date":"2026-09-12","daynight":"N"}},{"type":"Feature","geometry":{"type":"Point","coordinates":[-95.12238,29.74038]},"properties":{"frp":1.09,"date":"2026-09-12","daynight":"N"}},{"type":"Feature","geometry":{"type":"Point","coordinates":[-95.12642,29.74105]},"properties":{"frp":1.26,"date":"2026-09-12","daynight":"N"}},{"type":"Feature","geometry":{"type":"Point","coordinates":[-93.87727,29.75494]},"properties":{"frp":1.48,"date":"2026-09-12","daynight":"N"}},{"type":"Feature","geometry":{"type":"Point","coordinates":[-93.86784,29.75685]},"properties":{"frp":1.19,"date":"2026-09-12","daynight":"N"}},{"type":"Feature","geometry":{"type":"Point","coordinates":[-93.87865,29.75727]},"properties":{"frp":3.9,"date":"2026-09-12","daynight":"N"}},{"type":"Feature","geometry":{"type":"Point","coordinates":[-93.87215,29.75761]},"properties":{"frp":1.48,"date":"2026-09-12","daynight":"N"}},{"type":"Feature","geometry":{"type":"Point","coordinates":[-93.87646,29.75837]},"properties":{"frp":1.48,"date":"2026-09-12","daynight":"N"}},{"type":"Feature","geometry":{"type":"Point","coordinates":[-93.86922,29.75916]},"properties":{"frp":2.53,"date":"2026-09-12","daynight":"N"}},{"type":"Feature","geometry":{"type":"Point","coordinates":[-93.9639,29.83307]},"properties":{"frp":2.07,"date":"2026-09-12","daynight":"N"}},{"type":"Feature","geometry":{"type":"Point","coordinates":[-93.9631,29.83649]},"properties":{"frp":2.46,"date":"2026-09-12","daynight":"N"}},{"type":"Feature","geometry":{"type":"Point","coordinates":[-90.39586,29.99454]},"properties":{"frp":1.25,"date":"2026-09-12","daynight":"N"}},{"type":"Feature","geometry":{"type":"Point","coordinates":[-90.3999,29.99537]},"properties":{"frp":1.23,"date":"2026-09-12","daynight":"N"}},{"type":"Feature","geometry":{"type":"Point","coordinates":[-90.39883,29.99936]},"properties":{"frp":1.5,"date":"2026-09-12","daynight":"N"}},{"type":"Feature","geometry":{"type":"Point","coordinates":[-90.40286,30.0002]},"properties":{"frp":1.5,"date":"2026-09-12","daynight":"N"}},{"type":"Feature","geometry":{"type":"Point","coordinates":[-90.59698,30.06086]},"properties":{"frp":0.91,"date":"2026-09-12","daynight":"N"}},{"type":"Feature","geometry":{"type":"Point","coordinates":[-93.78284,30.06562]},"properties":{"frp":1.64,"date":"2026-09-12","daynight":"N"}},{"type":"Feature","geometry":{"type":"Point","coordinates":[-93.78442,30.06758]},"properties":{"frp":1.59,"date":"2026-09-12","daynight":"N"}},{"type":"Feature","geometry":{"type":"Point","coordinates":[-91.23639,30.32228]},"properties":{"frp":1.63,"date":"2026-09-12","daynight":"N"}},{"type":"Feature","geometry":{"type":"Point","coordinates":[-94.76638,30.44927]},"properties":{"frp":0.44,"date":"2026-09-12","daynight":"N"}},{"type":"Feature","geometry":{"type":"Point","coordinates":[-91.17957,30.48213]},"properties":{"frp":2.15,"date":"2026-09-12","daynight":"N"}},{"type":"Feature","geometry":{"type":"Point","coordinates":[-109.62994,30.49494]},"properties":{"frp":14.43,"date":"2026-09-12","daynight":"N"}},{"type":"Feature","geometry":{"type":"Point","coordinates":[-109.63597,30.49529]},"properties":{"frp":17.64,"date":"2026-09-12","daynight":"N"}},{"type":"Feature","geometry":{"type":"Point","coordinates":[-109.63015,30.49681]},"properties":{"frp":11.5,"date":"2026-09-12","daynight":"N"}},{"type":"Feature","geometry":{"type":"Point","coordinates":[-109.63617,30.49712]},"properties":{"frp":11.5,"date":"2026-09-12","daynight":"N"}},{"type":"Feature","geometry":{"type":"Point","coordinates":[-91.23907,30.58158]},"properties":{"frp":1.03,"date":"2026-09-12","daynight":"N"}},{"type":"Feature","geometry":{"type":"Point","coordinates":[-91.24243,30.58459]},"properties":{"frp":1.08,"date":"2026-09-12","daynight":"N"}},{"type":"Feature","geometry":{"type":"Point","coordinates":[-91.29935,30.72906]},"properties":{"frp":1.24,"date":"2026-09-12","daynight":"N"}},{"type":"Feature","geometry":{"type":"Point","coordinates":[-93.19094,30.74932]},"properties":{"frp":0.78,"date":"2026-09-12","daynight":"N"}},{"type":"Feature","geometry":{"type":"Point","coordinates":[-92.10294,30.81012]},"properties":{"frp":0.67,"date":"2026-09-12","daynight":"N"}},{"type":"Feature","geometry":{"type":"Point","coordinates":[-88.01553,30.93816]},"properties":{"frp":0.84,"date":"2026-09-12","daynight":"N"}},{"type":"Feature","geometry":{"type":"Point","coordinates":[-88.01418,30.94263]},"properties":{"frp":1.67,"date":"2026-09-12","daynight":"N"}},{"type":"Feature","geometry":{"type":"Point","coordinates":[-87.9839,31.14633]},"properties":{"frp":1.86,"date":"2026-09-12","daynight":"N"}},{"type":"Feature","geometry":{"type":"Point","coordinates":[-87.98919,31.14751]},"properties":{"frp":1.86,"date":"2026-09-12","daynight":"N"}},{"type":"Feature","geometry":{"type":"Point","coordinates":[-87.98256,31.15078]},"properties":{"frp":1.86,"date":"2026-09-12","daynight":"N"}},{"type":"Feature","geometry":{"type":"Point","coordinates":[-87.98784,31.15196]},"properties":{"frp":1.86,"date":"2026-09-12","daynight":"N"}},{"type":"Feature","geometry":{"type":"Point","coordinates":[-87.97591,31.15406]},"properties":{"frp":1.11,"date":"2026-09-12","daynight":"N"}},{"type":"Feature","geometry":{"type":"Point","coordinates":[-87.9812,31.15524]},"properties":{"frp":1.68,"date":"2026-09-12","daynight":"N"}},{"type":"Feature","geometry":{"type":"Point","coordinates":[-95.13578,31.22725]},"properties":{"frp":1.37,"date":"2026-09-12","daynight":"N"}},{"type":"Feature","geometry":{"type":"Point","coordinates":[-96.16871,31.35226]},"properties":{"frp":1.93,"date":"2026-09-12","daynight":"N"}},{"type":"Feature","geometry":{"type":"Point","coordinates":[-103.48843,31.37524]},"properties":{"frp":1.8,"date":"2026-09-12","daynight":"N"}},{"type":"Feature","geometry":{"type":"Point","coordinates":[-103.4936,31.37576]},"properties":{"frp":1.8,"date":"2026-09-12","daynight":"N"}},{"type":"Feature","geometry":{"type":"Point","coordinates":[-101.96531,31.53454]},"properties":{"frp":1.28,"date":"2026-09-12","daynight":"N"}},{"type":"Feature","geometry":{"type":"Point","coordinates":[-95.91789,31.60498]},"properties":{"frp":1.47,"date":"2026-09-12","daynight":"N"}},{"type":"Feature","geometry":{"type":"Point","coordinates":[-101.82038,31.6213]},"properties":{"frp":0.85,"date":"2026-09-12","daynight":"N"}},{"type":"Feature","geometry":{"type":"Point","coordinates":[-101.81977,31.62537]},"properties":{"frp":1.0,"date":"2026-09-12","daynight":"N"}},{"type":"Feature","geometry":{"type":"Point","coordinates":[-104.04379,31.65093]},"properties":{"frp":1.44,"date":"2026-09-12","daynight":"N"}},{"type":"Feature","geometry":{"type":"Point","coordinates":[-104.04938,31.65146]},"properties":{"frp":1.55,"date":"2026-09-12","daynight":"N"}},{"type":"Feature","geometry":{"type":"Point","coordinates":[-102.19332,31.70035]},"properties":{"frp":0.72,"date":"2026-09-12","daynight":"N"}},{"type":"Feature","geometry":{"type":"Point","coordinates":[-102.1903,31.70074]},"properties":{"frp":0.89,"date":"2026-09-12","daynight":"N"}},{"type":"Feature","geometry":{"type":"Point","coordinates":[-102.19472,31.7012]},"properties":{"frp":1.08,"date":"2026-09-12","daynight":"N"}},{"type":"Feature","geometry":{"type":"Point","coordinates":[-102.1927,31.70452]},"properties":{"frp":0.72,"date":"2026-09-12","daynight":"N"}},{"type":"Feature","geometry":{"type":"Point","coordinates":[-97.59126,31.70858]},"properties":{"frp":1.29,"date":"2026-09-12","daynight":"N"}},{"type":"Feature","geometry":{"type":"Point","coordinates":[-101.69485,31.72625]},"properties":{"frp":2.33,"date":"2026-09-12","daynight":"N"}},{"type":"Feature","geometry":{"type":"Point","coordinates":[-101.699,31.72672]},"properties":{"frp":2.33,"date":"2026-09-12","daynight":"N"}},{"type":"Feature","geometry":{"type":"Point","coordinates":[-102.05353,31.79754]},"properties":{"frp":1.26,"date":"2026-09-12","daynight":"N"}},{"type":"Feature","geometry":{"type":"Point","coordinates":[-102.05294,31.80168]},"properties":{"frp":1.26,"date":"2026-09-12","daynight":"N"}},{"type":"Feature","geometry":{"type":"Point","coordinates":[-103.67375,31.96597]},"properties":{"frp":0.86,"date":"2026-09-12","daynight":"N"}},{"type":"Feature","geometry":{"type":"Point","coordinates":[-103.67828,31.9665]},"properties":{"frp":1.25,"date":"2026-09-12","daynight":"N"}},{"type":"Feature","geometry":{"type":"Point","coordinates":[-102.4332,32.12772]},"properties":{"frp":0.7,"date":"2026-09-12","daynight":"N"}},{"type":"Feature","geometry":{"type":"Point","coordinates":[-101.90539,32.24266]},"properties":{"frp":4.3,"date":"2026-09-12","daynight":"N"}},{"type":"Feature","geometry":{"type":"Point","coordinates":[-97.55012,32.2467]},"properties":{"frp":1.54,"date":"2026-09-12","daynight":"N"}},{"type":"Feature","geometry":{"type":"Point","coordinates":[-101.90475,32.24678]},"properties":{"frp":4.3,"date":"2026-09-12","daynight":"N"}},{"type":"Feature","geometry":{"type":"Point","coordinates":[-101.41856,32.27178]},"properties":{"frp":3.13,"date":"2026-09-12","daynight":"N"}},{"type":"Feature","geometry":{"type":"Point","coordinates":[-101.40901,32.27889]},"properties":{"frp":1.81,"date":"2026-09-12","daynight":"N"}},{"type":"Feature","geometry":{"type":"Point","coordinates":[-90.1329,32.31475]},"properties":{"frp":2.2,"date":"2026-09-12","daynight":"N"}},{"type":"Feature","geometry":{"type":"Point","coordinates":[-101.14985,32.65399]},"properties":{"frp":2.3,"date":"2026-09-12","daynight":"N"}},{"type":"Feature","geometry":{"type":"Point","coordinates":[-101.14362,32.65562]},"properties":{"frp":1.67,"date":"2026-09-12","daynight":"N"}},{"type":"Feature","geometry":{"type":"Point","coordinates":[-101.14969,32.65632]},"properties":{"frp":1.67,"date":"2026-09-12","daynight":"N"}},{"type":"Feature","geometry":{"type":"Point","coordinates":[-90.06241,32.69865]},"properties":{"frp":12.42,"date":"2026-09-12","daynight":"N"}},{"type":"Feature","geometry":{"type":"Point","coordinates":[-103.79125,32.701]},"properties":{"frp":1.15,"date":"2026-09-12","daynight":"N"}},{"type":"Feature","geometry":{"type":"Point","coordinates":[-103.78568,32.70241]},"properties":{"frp":1.53,"date":"2026-09-12","daynight":"N"}},{"type":"Feature","geometry":{"type":"Point","coordinates":[-105.25239,33.26484]},"properties":{"frp":0.59,"date":"2026-09-12","daynight":"N"}},{"type":"Feature","geometry":{"type":"Point","coordinates":[-105.25919,33.26539]},"properties":{"frp":0.96,"date":"2026-09-12","daynight":"N"}},{"type":"Feature","geometry":{"type":"Point","coordinates":[-105.2626,33.26567]},"properties":{"frp":0.71,"date":"2026-09-12","daynight":"N"}},{"type":"Feature","geometry":{"type":"Point","coordinates":[-105.25704,33.26762]},"properties":{"frp":0.8,"date":"2026-09-12","daynight":"N"}},{"type":"Feature","geometry":{"type":"Point","coordinates":[-105.26047,33.26788]},"properties":{"frp":0.8,"date":"2026-09-12","daynight":"N"}},{"type":"Feature","geometry":{"type":"Point","coordinates":[-105.25655,33.27272]},"properties":{"frp":0.54,"date":"2026-09-12","daynight":"N"}},{"type":"Feature","geometry":{"type":"Point","coordinates":[-88.57259,33.43838]},"properties":{"frp":2.09,"date":"2026-09-12","daynight":"N"}},{"type":"Feature","geometry":{"type":"Point","coordinates":[-88.57135,33.44249]},"properties":{"frp":3.6,"date":"2026-09-12","daynight":"N"}},{"type":"Feature","geometry":{"type":"Point","coordinates":[-88.57909,33.44855]},"properties":{"frp":1.62,"date":"2026-09-12","daynight":"N"}},{"type":"Feature","geometry":{"type":"Point","coordinates":[-95.27834,34.15082]},"properties":{"frp":2.0,"date":"2026-09-12","daynight":"N"}},{"type":"Feature","geometry":{"type":"Point","coordinates":[-95.2776,34.15411]},"properties":{"frp":2.0,"date":"2026-09-12","daynight":"N"}},{"type":"Feature","geometry":{"type":"Point","coordinates":[-95.05007,34.31845]},"properties":{"frp":1.32,"date":"2026-09-12","daynight":"N"}},{"type":"Feature","geometry":{"type":"Point","coordinates":[-95.05422,34.31911]},"properties":{"frp":1.41,"date":"2026-09-12","daynight":"N"}},{"type":"Feature","geometry":{"type":"Point","coordinates":[-95.05346,34.3224]},"properties":{"frp":1.41,"date":"2026-09-12","daynight":"N"}},{"type":"Feature","geometry":{"type":"Point","coordinates":[-99.9362,25.57558]},"properties":{"frp":2.77,"date":"2026-09-12","daynight":"N"}},{"type":"Feature","geometry":{"type":"Point","coordinates":[-99.93559,25.57904]},"properties":{"frp":2.77,"date":"2026-09-12","daynight":"N"}},{"type":"Feature","geometry":{"type":"Point","coordinates":[-99.94217,25.59062]},"properties":{"frp":3.06,"date":"2026-09-12","daynight":"N"}},{"type":"Feature","geometry":{"type":"Point","coordinates":[-100.92418,25.60034]},"properties":{"frp":1.12,"date":"2026-09-12","daynight":"N"}},{"type":"Feature","geometry":{"type":"Point","coordinates":[-100.91904,25.60333]},"properties":{"frp":3.27,"date":"2026-09-12","daynight":"N"}},{"type":"Feature","geometry":{"type":"Point","coordinates":[-100.26987,25.69774]},"properties":{"frp":3.26,"date":"2026-09-12","daynight":"N"}},{"type":"Feature","geometry":{"type":"Point","coordinates":[-100.29716,25.71948]},"properties":{"frp":3.51,"date":"2026-09-12","daynight":"N"}},{"type":"Feature","geometry":{"type":"Point","coordinates":[-100.30584,25.72068]},"properties":{"frp":2.88,"date":"2026-09-12","daynight":"N"}},{"type":"Feature","geometry":{"type":"Point","coordinates":[-100.10355,25.72116]},"properties":{"frp":2.32,"date":"2026-09-12","daynight":"N"}},{"type":"Feature","geometry":{"type":"Point","coordinates":[-103.21414,47.47084]},"properties":{"frp":0.59,"date":"2026-09-12","daynight":"N"}},{"type":"Feature","geometry":{"type":"Point","coordinates":[-103.79041,47.73059]},"properties":{"frp":1.15,"date":"2026-09-12","daynight":"N"}},{"type":"Feature","geometry":{"type":"Point","coordinates":[-120.8442,48.34983]},"properties":{"frp":1.08,"date":"2026-09-12","daynight":"N"}},{"type":"Feature","geometry":{"type":"Point","coordinates":[-120.85058,48.35433]},"properties":{"frp":4.32,"date":"2026-09-12","daynight":"N"}},{"type":"Feature","geometry":{"type":"Point","coordinates":[-120.85101,48.35815]},"properties":{"frp":4.32,"date":"2026-09-12","daynight":"N"}},{"type":"Feature","geometry":{"type":"Point","coordinates":[-120.78922,48.35879]},"properties":{"frp":2.41,"date":"2026-09-12","daynight":"N"}},{"type":"Feature","geometry":{"type":"Point","coordinates":[-120.79613,48.35957]},"properties":{"frp":2.41,"date":"2026-09-12","daynight":"N"}},{"type":"Feature","geometry":{"type":"Point","coordinates":[-120.85154,48.362]},"properties":{"frp":1.41,"date":"2026-09-12","daynight":"N"}},{"type":"Feature","geometry":{"type":"Point","coordinates":[-120.78987,48.36264]},"properties":{"frp":1.55,"date":"2026-09-12","daynight":"N"}},{"type":"Feature","geometry":{"type":"Point","coordinates":[-120.79687,48.36343]},"properties":{"frp":1.55,"date":"2026-09-12","daynight":"N"}},{"type":"Feature","geometry":{"type":"Point","coordinates":[-120.80336,48.36416]},"properties":{"frp":1.67,"date":"2026-09-12","daynight":"N"}},{"type":"Feature","geometry":{"type":"Point","coordinates":[-120.85175,48.36581]},"properties":{"frp":1.41,"date":"2026-09-12","daynight":"N"}},{"type":"Feature","geometry":{"type":"Point","coordinates":[-120.80389,48.36801]},"properties":{"frp":1.67,"date":"2026-09-12","daynight":"N"}},{"type":"Feature","geometry":{"type":"Point","coordinates":[-120.81028,48.36872]},"properties":{"frp":1.67,"date":"2026-09-12","daynight":"N"}},{"type":"Feature","geometry":{"type":"Point","coordinates":[-120.84475,48.36882]},"properties":{"frp":1.52,"date":"2026-09-12","daynight":"N"}},{"type":"Feature","geometry":{"type":"Point","coordinates":[-120.80421,48.37183]},"properties":{"frp":2.59,"date":"2026-09-12","daynight":"N"}},{"type":"Feature","geometry":{"type":"Point","coordinates":[-120.81057,48.37254]},"properties":{"frp":2.59,"date":"2026-09-12","daynight":"N"}},{"type":"Feature","geometry":{"type":"Point","coordinates":[-120.81718,48.37329]},"properties":{"frp":5.36,"date":"2026-09-12","daynight":"N"}},{"type":"Feature","geometry":{"type":"Point","coordinates":[-120.824,48.37406]},"properties":{"frp":5.36,"date":"2026-09-12","daynight":"N"}},{"type":"Feature","geometry":{"type":"Point","coordinates":[-120.83077,48.37482]},"properties":{"frp":1.66,"date":"2026-09-12","daynight":"N"}},{"type":"Feature","geometry":{"type":"Point","coordinates":[-104.60656,38.23405]},"properties":{"frp":1.17,"date":"2026-09-12","daynight":"N"}},{"type":"Feature","geometry":{"type":"Point","coordinates":[-104.60367,38.23979]},"properties":{"frp":0.75,"date":"2026-09-12","daynight":"N"}},{"type":"Feature","geometry":{"type":"Point","coordinates":[-117.66385,41.54531]},"properties":{"frp":1.3,"date":"2026-09-12","daynight":"N"}},{"type":"Feature","geometry":{"type":"Point","coordinates":[-122.77718,42.38394]},"properties":{"frp":0.36,"date":"2026-09-12","daynight":"N"}},{"type":"Feature","geometry":{"type":"Point","coordinates":[-122.77587,42.38445]},"properties":{"frp":0.54,"date":"2026-09-12","daynight":"N"}},{"type":"Feature","geometry":{"type":"Point","coordinates":[-111.58834,42.68938]},"properties":{"frp":1.45,"date":"2026-09-12","daynight":"N"}},{"type":"Feature","geometry":{"type":"Point","coordinates":[-121.10664,42.86716]},"properties":{"frp":2.18,"date":"2026-09-12","daynight":"N"}},{"type":"Feature","geometry":{"type":"Point","coordinates":[-121.11196,42.86783]},"properties":{"frp":2.18,"date":"2026-09-12","daynight":"N"}},{"type":"Feature","geometry":{"type":"Point","coordinates":[-121.10578,42.87065]},"properties":{"frp":2.18,"date":"2026-09-12","daynight":"N"}},{"type":"Feature","geometry":{"type":"Point","coordinates":[-121.11112,42.87132]},"properties":{"frp":2.18,"date":"2026-09-12","daynight":"N"}},{"type":"Feature","geometry":{"type":"Point","coordinates":[-115.66727,43.14557]},"properties":{"frp":0.69,"date":"2026-09-12","daynight":"N"}},{"type":"Feature","geometry":{"type":"Point","coordinates":[-115.66619,43.14888]},"properties":{"frp":0.69,"date":"2026-09-12","daynight":"N"}},{"type":"Feature","geometry":{"type":"Point","coordinates":[-115.09008,43.54263]},"properties":{"frp":2.1,"date":"2026-09-12","daynight":"N"}},{"type":"Feature","geometry":{"type":"Point","coordinates":[-115.09516,43.54355]},"properties":{"frp":2.1,"date":"2026-09-12","daynight":"N"}},{"type":"Feature","geometry":{"type":"Point","coordinates":[-115.10023,43.54448]},"properties":{"frp":1.34,"date":"2026-09-12","daynight":"N"}},{"type":"Feature","geometry":{"type":"Point","coordinates":[-115.08385,43.54504]},"properties":{"frp":1.2,"date":"2026-09-12","daynight":"N"}},{"type":"Feature","geometry":{"type":"Point","coordinates":[-115.10516,43.54536]},"properties":{"frp":1.34,"date":"2026-09-12","daynight":"N"}},{"type":"Feature","geometry":{"type":"Point","coordinates":[-115.08889,43.54595]},"properties":{"frp":2.1,"date":"2026-09-12","daynight":"N"}},{"type":"Feature","geometry":{"type":"Point","coordinates":[-115.09392,43.54686]},"properties":{"frp":2.1,"date":"2026-09-12","daynight":"N"}},{"type":"Feature","geometry":{"type":"Point","coordinates":[-115.09893,43.54777]},"properties":{"frp":1.34,"date":"2026-09-12","daynight":"N"}},{"type":"Feature","geometry":{"type":"Point","coordinates":[-115.10387,43.54866]},"properties":{"frp":1.34,"date":"2026-09-12","daynight":"N"}},{"type":"Feature","geometry":{"type":"Point","coordinates":[-103.78507,32.69873]},"properties":{"frp":1.38,"date":"2026-09-12","daynight":"N"}},{"type":"Feature","geometry":{"type":"Point","coordinates":[-105.25503,33.26867]},"properties":{"frp":2.49,"date":"2026-09-12","daynight":"N"}},{"type":"Feature","geometry":{"type":"Point","coordinates":[-105.25488,33.27219]},"properties":{"frp":1.31,"date":"2026-09-12","daynight":"N"}},{"type":"Feature","geometry":{"type":"Point","coordinates":[-110.86334,33.41722]},"properties":{"frp":5.78,"date":"2026-09-12","daynight":"N"}},{"type":"Feature","geometry":{"type":"Point","coordinates":[-117.337,34.60663]},"properties":{"frp":1.19,"date":"2026-09-12","daynight":"N"}},{"type":"Feature","geometry":{"type":"Point","coordinates":[-117.33612,34.61009]},"properties":{"frp":1.29,"date":"2026-09-12","daynight":"N"}},{"type":"Feature","geometry":{"type":"Point","coordinates":[-114.91177,36.35604]},"properties":{"frp":3.05,"date":"2026-09-12","daynight":"N"}},{"type":"Feature","geometry":{"type":"Point","coordinates":[-114.91352,36.35665]},"properties":{"frp":2.72,"date":"2026-09-12","daynight":"N"}},{"type":"Feature","geometry":{"type":"Point","coordinates":[-106.78085,37.38345]},"properties":{"frp":1.96,"date":"2026-09-12","daynight":"N"}},{"type":"Feature","geometry":{"type":"Point","coordinates":[-106.76608,37.38541]},"properties":{"frp":2.75,"date":"2026-09-12","daynight":"N"}},{"type":"Feature","geometry":{"type":"Point","coordinates":[-106.77216,37.38707]},"properties":{"frp":1.96,"date":"2026-09-12","daynight":"N"}},{"type":"Feature","geometry":{"type":"Point","coordinates":[-106.77715,37.38843]},"properties":{"frp":1.96,"date":"2026-09-12","daynight":"N"}},{"type":"Feature","geometry":{"type":"Point","coordinates":[-106.76172,37.39022]},"properties":{"frp":1.5,"date":"2026-09-12","daynight":"N"}},{"type":"Feature","geometry":{"type":"Point","coordinates":[-106.76795,37.39193]},"properties":{"frp":3.7,"date":"2026-09-12","daynight":"N"}},{"type":"Feature","geometry":{"type":"Point","coordinates":[-121.93478,38.00252]},"properties":{"frp":0.47,"date":"2026-09-12","daynight":"N"}},{"type":"Feature","geometry":{"type":"Point","coordinates":[-121.93415,38.00598]},"properties":{"frp":0.57,"date":"2026-09-12","daynight":"N"}},{"type":"Feature","geometry":{"type":"Point","coordinates":[-112.81492,38.93763]},"properties":{"frp":1.7,"date":"2026-09-12","daynight":"N"}},{"type":"Feature","geometry":{"type":"Point","coordinates":[-122.95039,39.20636]},"properties":{"frp":4.77,"date":"2026-09-12","daynight":"N"}},{"type":"Feature","geometry":{"type":"Point","coordinates":[-122.9615,39.20771]},"properties":{"frp":1.78,"date":"2026-09-12","daynight":"N"}},{"type":"Feature","geometry":{"type":"Point","coordinates":[-122.9494,39.20994]},"properties":{"frp":4.77,"date":"2026-09-12","daynight":"N"}},{"type":"Feature","geometry":{"type":"Point","coordinates":[-122.95466,39.21058]},"properties":{"frp":4.77,"date":"2026-09-12","daynight":"N"}},{"type":"Feature","geometry":{"type":"Point","coordinates":[-122.96021,39.21125]},"properties":{"frp":1.78,"date":"2026-09-12","daynight":"N"}},{"type":"Feature","geometry":{"type":"Point","coordinates":[-122.94869,39.21355]},"properties":{"frp":4.67,"date":"2026-09-12","daynight":"N"}},{"type":"Feature","geometry":{"type":"Point","coordinates":[-122.95369,39.21416]},"properties":{"frp":4.67,"date":"2026-09-12","daynight":"N"}},{"type":"Feature","geometry":{"type":"Point","coordinates":[-122.95315,39.21779]},"properties":{"frp":4.67,"date":"2026-09-12","daynight":"N"}},{"type":"Feature","geometry":{"type":"Point","coordinates":[-122.98673,39.21818]},"properties":{"frp":0.45,"date":"2026-09-12","daynight":"N"}},{"type":"Feature","geometry":{"type":"Point","coordinates":[-122.95824,39.21841]},"properties":{"frp":2.93,"date":"2026-09-12","daynight":"N"}},{"type":"Feature","geometry":{"type":"Point","coordinates":[-122.95261,39.22142]},"properties":{"frp":16.64,"date":"2026-09-12","daynight":"N"}},{"type":"Feature","geometry":{"type":"Point","coordinates":[-122.95752,39.22203]},"properties":{"frp":2.66,"date":"2026-09-12","daynight":"N"}},{"type":"Feature","geometry":{"type":"Point","coordinates":[-122.96255,39.22264]},"properties":{"frp":2.66,"date":"2026-09-12","daynight":"N"}},{"type":"Feature","geometry":{"type":"Point","coordinates":[-122.94722,39.22446]},"properties":{"frp":16.64,"date":"2026-09-12","daynight":"N"}},{"type":"Feature","geometry":{"type":"Point","coordinates":[-122.95685,39.22564]},"properties":{"frp":2.66,"date":"2026-09-12","daynight":"N"}},{"type":"Feature","geometry":{"type":"Point","coordinates":[-122.96188,39.22626]},"properties":{"frp":2.66,"date":"2026-09-12","daynight":"N"}},{"type":"Feature","geometry":{"type":"Point","coordinates":[-122.99508,39.2266]},"properties":{"frp":1.21,"date":"2026-09-12","daynight":"N"}},{"type":"Feature","geometry":{"type":"Point","coordinates":[-122.94674,39.2281]},"properties":{"frp":1.14,"date":"2026-09-12","daynight":"N"}},{"type":"Feature","geometry":{"type":"Point","coordinates":[-122.95139,39.22867]},"properties":{"frp":1.14,"date":"2026-09-12","daynight":"N"}},{"type":"Feature","geometry":{"type":"Point","coordinates":[-122.99392,39.23017]},"properties":{"frp":1.21,"date":"2026-09-12","daynight":"N"}},{"type":"Feature","geometry":{"type":"Point","coordinates":[-122.96629,39.2305]},"properties":{"frp":1.71,"date":"2026-09-12","daynight":"N"}},{"type":"Feature","geometry":{"type":"Point","coordinates":[-122.9994,39.23084]},"properties":{"frp":1.29,"date":"2026-09-12","daynight":"N"}},{"type":"Feature","geometry":{"type":"Point","coordinates":[-122.97649,39.23175]},"properties":{"frp":0.63,"date":"2026-09-12","daynight":"N"}},{"type":"Feature","geometry":{"type":"Point","coordinates":[-122.9509,39.23231]},"properties":{"frp":1.14,"date":"2026-09-12","daynight":"N"}},{"type":"Feature","geometry":{"type":"Point","coordinates":[-122.98186,39.23241]},"properties":{"frp":0.63,"date":"2026-09-12","daynight":"N"}},{"type":"Feature","geometry":{"type":"Point","coordinates":[-122.95569,39.2329]},"properties":{"frp":1.9,"date":"2026-09-12","daynight":"N"}},{"type":"Feature","geometry":{"type":"Point","coordinates":[-122.98739,39.23308]},"properties":{"frp":0.77,"date":"2026-09-12","daynight":"N"}},{"type":"Feature","geometry":{"type":"Point","coordinates":[-122.99274,39.23374]},"properties":{"frp":0.77,"date":"2026-09-12","daynight":"N"}},{"type":"Feature","geometry":{"type":"Point","coordinates":[-122.95036,39.23594]},"properties":{"frp":1.52,"date":"2026-09-12","daynight":"N"}},{"type":"Feature","geometry":{"type":"Point","coordinates":[-122.95519,39.23654]},"properties":{"frp":2.41,"date":"2026-09-12","daynight":"N"}},{"type":"Feature","geometry":{"type":"Point","coordinates":[-122.9498,39.23957]},"properties":{"frp":1.52,"date":"2026-09-12","daynight":"N"}},{"type":"Feature","geometry":{"type":"Point","coordinates":[-122.98006,39.23959]},"properties":{"frp":0.94,"date":"2026-09-12","daynight":"N"}},{"type":"Feature","geometry":{"type":"Point","coordinates":[-122.95476,39.24018]},"properties":{"frp":2.41,"date":"2026-09-12","daynight":"N"}},{"type":"Feature","geometry":{"type":"Point","coordinates":[-122.98549,39.24026]},"properties":{"frp":0.59,"date":"2026-09-12","daynight":"N"}},{"type":"Feature","geometry":{"type":"Point","coordinates":[-122.95947,39.24076]},"properties":{"frp":2.41,"date":"2026-09-12","daynight":"N"}},{"type":"Feature","geometry":{"type":"Point","coordinates":[-122.96433,39.24136]},"properties":{"frp":1.36,"date":"2026-09-12","daynight":"N"}},{"type":"Feature","geometry":{"type":"Point","coordinates":[-122.96941,39.24198]},"properties":{"frp":1.36,"date":"2026-09-12","daynight":"N"}},{"type":"Feature","geometry":{"type":"Point","coordinates":[-122.97443,39.2426]},"properties":{"frp":0.94,"date":"2026-09-12","daynight":"N"}},{"type":"Feature","geometry":{"type":"Point","coordinates":[-122.95417,39.2438]},"properties":{"frp":8.7,"date":"2026-09-12","daynight":"N"}},{"type":"Feature","geometry":{"type":"Point","coordinates":[-122.95905,39.2444]},"properties":{"frp":8.7,"date":"2026-09-12","daynight":"N"}},{"type":"Feature","geometry":{"type":"Point","coordinates":[-122.96392,39.24501]},"properties":{"frp":3.05,"date":"2026-09-12","daynight":"N"}},{"type":"Feature","geometry":{"type":"Point","coordinates":[-122.95863,39.24805]},"properties":{"frp":8.7,"date":"2026-09-12","daynight":"N"}},{"type":"Feature","geometry":{"type":"Point","coordinates":[-120.83614,48.35011]},"properties":{"frp":25.13,"date":"2026-09-12","daynight":"N"}},{"type":"Feature","geometry":{"type":"Point","coordinates":[-120.84743,48.35423]},"properties":{"frp":28.88,"date":"2026-09-12","daynight":"N"}},{"type":"Feature","geometry":{"type":"Point","coordinates":[-120.85168,48.35577]},"properties":{"frp":28.88,"date":"2026-09-12","daynight":"N"}},{"type":"Feature","geometry":{"type":"Point","coordinates":[-81.57526,34.55769]},"properties":{"frp":6.66,"date":"2026-09-12","daynight":"D"}},{"type":"Feature","geometry":{"type":"Point","coordinates":[-76.80766,36.35353]},"properties":{"frp":5.12,"date":"2026-09-12","daynight":"D"}},{"type":"Feature","geometry":{"type":"Point","coordinates":[-76.80876,36.35719]},"properties":{"frp":5.12,"date":"2026-09-12","daynight":"D"}},{"type":"Feature","geometry":{"type":"Point","coordinates":[-76.80338,36.35824]},"properties":{"frp":8.42,"date":"2026-09-12","daynight":"D"}},{"type":"Feature","geometry":{"type":"Point","coordinates":[-87.55374,41.5936]},"properties":{"frp":2.62,"date":"2026-09-12","daynight":"D"}},{"type":"Feature","geometry":{"type":"Point","coordinates":[-87.13117,41.63564]},"properties":{"frp":7.66,"date":"2026-09-12","daynight":"D"}},{"type":"Feature","geometry":{"type":"Point","coordinates":[-73.25188,45.83745]},"properties":{"frp":2.64,"date":"2026-09-12","daynight":"D"}},{"type":"Feature","geometry":{"type":"Point","coordinates":[-73.14079,46.04095]},"properties":{"frp":2.33,"date":"2026-09-12","daynight":"D"}},{"type":"Feature","geometry":{"type":"Point","coordinates":[-73.14169,46.04433]},"properties":{"frp":2.33,"date":"2026-09-12","daynight":"D"}},{"type":"Feature","geometry":{"type":"Point","coordinates":[-97.63403,47.40271]},"properties":{"frp":7.06,"date":"2026-09-12","daynight":"D"}},{"type":"Feature","geometry":{"type":"Point","coordinates":[-97.62511,47.40611]},"properties":{"frp":7.06,"date":"2026-09-12","daynight":"D"}},{"type":"Feature","geometry":{"type":"Point","coordinates":[-97.62798,47.40849]},"properties":{"frp":12.58,"date":"2026-09-12","daynight":"D"}},{"type":"Feature","geometry":{"type":"Point","coordinates":[-97.47627,48.48236]},"properties":{"frp":10.03,"date":"2026-09-12","daynight":"D"}},{"type":"Feature","geometry":{"type":"Point","coordinates":[-99.39098,25.50789]},"properties":{"frp":6.02,"date":"2026-09-12","daynight":"D"}},{"type":"Feature","geometry":{"type":"Point","coordinates":[-99.39359,25.50804]},"properties":{"frp":10.49,"date":"2026-09-12","daynight":"D"}},{"type":"Feature","geometry":{"type":"Point","coordinates":[-99.93655,25.57868]},"properties":{"frp":5.29,"date":"2026-09-12","daynight":"D"}},{"type":"Feature","geometry":{"type":"Point","coordinates":[-98.05837,25.88018]},"properties":{"frp":5.7,"date":"2026-09-12","daynight":"D"}},{"type":"Feature","geometry":{"type":"Point","coordinates":[-98.92921,26.37922]},"properties":{"frp":6.22,"date":"2026-09-12","daynight":"D"}},{"type":"Feature","geometry":{"type":"Point","coordinates":[-98.93004,26.38291]},"properties":{"frp":4.43,"date":"2026-09-12","daynight":"D"}},{"type":"Feature","geometry":{"type":"Point","coordinates":[-98.03439,29.57475]},"properties":{"frp":6.61,"date":"2026-09-12","daynight":"D"}},{"type":"Feature","geometry":{"type":"Point","coordinates":[-95.02747,29.6146]},"properties":{"frp":1.82,"date":"2026-09-12","daynight":"D"}},{"type":"Feature","geometry":{"type":"Point","coordinates":[-94.76601,30.44779]},"properties":{"frp":7.32,"date":"2026-09-12","daynight":"D"}},{"type":"Feature","geometry":{"type":"Point","coordinates":[-91.30411,30.72538]},"properties":{"frp":5.71,"date":"2026-09-12","daynight":"D"}},{"type":"Feature","geometry":{"type":"Point","coordinates":[-91.30472,30.72918]},"properties":{"frp":5.71,"date":"2026-09-12","daynight":"D"}},{"type":"Feature","geometry":{"type":"Point","coordinates":[-99.91003,30.80907]},"properties":{"frp":12.02,"date":"2026-09-12","daynight":"D"}},{"type":"Feature","geometry":{"type":"Point","coordinates":[-92.10265,30.81254]},"properties":{"frp":1.53,"date":"2026-09-12","daynight":"D"}},{"type":"Feature","geometry":{"type":"Point","coordinates":[-99.91092,30.81269]},"properties":{"frp":12.02,"date":"2026-09-12","daynight":"D"}},{"type":"Feature","geometry":{"type":"Point","coordinates":[-99.90604,30.81359]},"properties":{"frp":12.02,"date":"2026-09-12","daynight":"D"}},{"type":"Feature","geometry":{"type":"Point","coordinates":[-99.91181,30.8163]},"properties":{"frp":37.35,"date":"2026-09-12","daynight":"D"}},{"type":"Feature","geometry":{"type":"Point","coordinates":[-99.90694,30.81721]},"properties":{"frp":37.35,"date":"2026-09-12","daynight":"D"}},{"type":"Feature","geometry":{"type":"Point","coordinates":[-99.91272,30.81992]},"properties":{"frp":37.35,"date":"2026-09-12","daynight":"D"}},{"type":"Feature","geometry":{"type":"Point","coordinates":[-90.80112,31.14126]},"properties":{"frp":18.63,"date":"2026-09-12","daynight":"D"}},{"type":"Feature","geometry":{"type":"Point","coordinates":[-90.79884,31.14221]},"properties":{"frp":13.49,"date":"2026-09-12","daynight":"D"}},{"type":"Feature","geometry":{"type":"Point","coordinates":[-90.80168,31.14517]},"properties":{"frp":18.63,"date":"2026-09-12","daynight":"D"}},{"type":"Feature","geometry":{"type":"Point","coordinates":[-96.25651,31.19947]},"properties":{"frp":9.0,"date":"2026-09-12","daynight":"D"}},{"type":"Feature","geometry":{"type":"Point","coordinates":[-96.24919,31.20401]},"properties":{"frp":11.96,"date":"2026-09-12","daynight":"D"}},{"type":"Feature","geometry":{"type":"Point","coordinates":[-95.12533,31.22023]},"properties":{"frp":3.84,"date":"2026-09-12","daynight":"D"}},{"type":"Feature","geometry":{"type":"Point","coordinates":[-95.12257,31.22746]},"properties":{"frp":4.5,"date":"2026-09-12","daynight":"D"}},{"type":"Feature","geometry":{"type":"Point","coordinates":[-95.1273,31.23019]},"properties":{"frp":9.18,"date":"2026-09-12","daynight":"D"}},{"type":"Feature","geometry":{"type":"Point","coordinates":[-95.12324,31.23078]},"properties":{"frp":4.5,"date":"2026-09-12","daynight":"D"}},{"type":"Feature","geometry":{"type":"Point","coordinates":[-95.13609,31.23233]},"properties":{"frp":4.89,"date":"2026-09-12","daynight":"D"}},{"type":"Feature","geometry":{"type":"Point","coordinates":[-95.12796,31.23351]},"properties":{"frp":5.43,"date":"2026-09-12","daynight":"D"}},{"type":"Feature","geometry":{"type":"Point","coordinates":[-95.1239,31.23411]},"properties":{"frp":5.77,"date":"2026-09-12","daynight":"D"}},{"type":"Feature","geometry":{"type":"Point","coordinates":[-95.13674,31.23565]},"properties":{"frp":4.89,"date":"2026-09-12","daynight":"D"}},{"type":"Feature","geometry":{"type":"Point","coordinates":[-95.13268,31.23624]},"properties":{"frp":5.43,"date":"2026-09-12","daynight":"D"}},{"type":"Feature","geometry":{"type":"Point","coordinates":[-96.16756,31.35209]},"properties":{"frp":5.43,"date":"2026-09-12","daynight":"D"}},{"type":"Feature","geometry":{"type":"Point","coordinates":[-89.12489,31.50996]},"properties":{"frp":12.99,"date":"2026-09-12","daynight":"D"}},{"type":"Feature","geometry":{"type":"Point","coordinates":[-95.92063,31.60326]},"properties":{"frp":2.88,"date":"2026-09-12","daynight":"D"}},{"type":"Feature","geometry":{"type":"Point","coordinates":[-95.9166,31.60387]},"properties":{"frp":2.88,"date":"2026-09-12","daynight":"D"}},{"type":"Feature","geometry":{"type":"Point","coordinates":[-95.92131,31.60656]},"properties":{"frp":2.88,"date":"2026-09-12","daynight":"D"}},{"type":"Feature","geometry":{"type":"Point","coordinates":[-102.05053,31.80062]},"properties":{"frp":3.58,"date":"2026-09-12","daynight":"D"}},{"type":"Feature","geometry":{"type":"Point","coordinates":[-102.10531,31.97037]},"properties":{"frp":5.42,"date":"2026-09-12","daynight":"D"}},{"type":"Feature","geometry":{"type":"Point","coordinates":[-102.10549,31.97147]},"properties":{"frp":5.91,"date":"2026-09-12","daynight":"D"}},{"type":"Feature","geometry":{"type":"Point","coordinates":[-91.51178,32.22952]},"properties":{"frp":15.75,"date":"2026-09-12","daynight":"D"}},{"type":"Feature","geometry":{"type":"Point","coordinates":[-91.51446,32.2316]},"properties":{"frp":6.06,"date":"2026-09-12","daynight":"D"}},{"type":"Feature","geometry":{"type":"Point","coordinates":[-91.50893,32.23222]},"properties":{"frp":10.71,"date":"2026-09-12","daynight":"D"}},{"type":"Feature","geometry":{"type":"Point","coordinates":[-91.51238,32.23334]},"properties":{"frp":7.88,"date":"2026-09-12","daynight":"D"}},{"type":"Feature","geometry":{"type":"Point","coordinates":[-97.55225,32.24612]},"properties":{"frp":1.86,"date":"2026-09-12","daynight":"D"}},{"type":"Feature","geometry":{"type":"Point","coordinates":[-91.93574,32.25191]},"properties":{"frp":6.8,"date":"2026-09-12","daynight":"D"}},{"type":"Feature","geometry":{"type":"Point","coordinates":[-91.93046,32.25254]},"properties":{"frp":4.67,"date":"2026-09-12","daynight":"D"}},{"type":"Feature","geometry":{"type":"Point","coordinates":[-91.93634,32.25565]},"properties":{"frp":6.8,"date":"2026-09-12","daynight":"D"}},{"type":"Feature","geometry":{"type":"Point","coordinates":[-91.93818,32.26688]},"properties":{"frp":35.89,"date":"2026-09-12","daynight":"D"}},{"type":"Feature","geometry":{"type":"Point","coordinates":[-91.93879,32.27061]},"properties":{"frp":35.89,"date":"2026-09-12","daynight":"D"}},{"type":"Feature","geometry":{"type":"Point","coordinates":[-91.93939,32.27435]},"properties":{"frp":27.92,"date":"2026-09-12","daynight":"D"}},{"type":"Feature","geometry":{"type":"Point","coordinates":[-91.92883,32.27563]},"properties":{"frp":8.51,"date":"2026-09-12","daynight":"D"}},{"type":"Feature","geometry":{"type":"Point","coordinates":[-91.94,32.2781]},"properties":{"frp":27.92,"date":"2026-09-12","daynight":"D"}},{"type":"Feature","geometry":{"type":"Point","coordinates":[-95.87509,32.28771]},"properties":{"frp":3.26,"date":"2026-09-12","daynight":"D"}},{"type":"Feature","geometry":{"type":"Point","coordinates":[-95.87578,32.29101]},"properties":{"frp":3.26,"date":"2026-09-12","daynight":"D"}},{"type":"Feature","geometry":{"type":"Point","coordinates":[-90.13262,32.31441]},"properties":{"frp":4.38,"date":"2026-09-12","daynight":"D"}},{"type":"Feature","geometry":{"type":"Point","coordinates":[-91.4155,32.38483]},"properties":{"frp":5.79,"date":"2026-09-12","daynight":"D"}},{"type":"Feature","geometry":{"type":"Point","coordinates":[-91.41067,32.65466]},"properties":{"frp":15.88,"date":"2026-09-12","daynight":"D"}},{"type":"Feature","geometry":{"type":"Point","coordinates":[-91.41127,32.65852]},"properties":{"frp":39.13,"date":"2026-09-12","daynight":"D"}},{"type":"Feature","geometry":{"type":"Point","coordinates":[-91.40559,32.65918]},"properties":{"frp":10.06,"date":"2026-09-12","daynight":"D"}},{"type":"Feature","geometry":{"type":"Point","coordinates":[-91.44512,32.91336]},"properties":{"frp":7.35,"date":"2026-09-12","daynight":"D"}},{"type":"Feature","geometry":{"type":"Point","coordinates":[-91.4394,32.914]},"properties":{"frp":7.35,"date":"2026-09-12","daynight":"D"}},{"type":"Feature","geometry":{"type":"Point","coordinates":[-92.87801,33.27411]},"properties":{"frp":110.04,"date":"2026-09-12","daynight":"D"}},{"type":"Feature","geometry":{"type":"Point","coordinates":[-92.87302,33.27471]},"properties":{"frp":110.04,"date":"2026-09-12","daynight":"D"}},{"type":"Feature","geometry":{"type":"Point","coordinates":[-90.9221,33.91599]},"properties":{"frp":12.5,"date":"2026-09-12","daynight":"D"}},{"type":"Feature","geometry":{"type":"Point","coordinates":[-90.91788,33.91643]},"properties":{"frp":12.5,"date":"2026-09-12","daynight":"D"}},{"type":"Feature","geometry":{"type":"Point","coordinates":[-90.9185,33.92046]},"properties":{"frp":12.5,"date":"2026-09-12","daynight":"D"}},{"type":"Feature","geometry":{"type":"Point","coordinates":[-90.91309,33.9415]},"properties":{"frp":7.79,"date":"2026-09-12","daynight":"D"}},{"type":"Feature","geometry":{"type":"Point","coordinates":[-94.96452,34.17184]},"properties":{"frp":1.81,"date":"2026-09-12","daynight":"D"}},{"type":"Feature","geometry":{"type":"Point","coordinates":[-94.96014,34.17244]},"properties":{"frp":1.81,"date":"2026-09-12","daynight":"D"}},{"type":"Feature","geometry":{"type":"Point","coordinates":[-91.93616,34.58355]},"properties":{"frp":17.08,"date":"2026-09-12","daynight":"D"}},{"type":"Feature","geometry":{"type":"Point","coordinates":[-91.93678,34.58739]},"properties":{"frp":31.72,"date":"2026-09-12","daynight":"D"}},{"type":"Feature","geometry":{"type":"Point","coordinates":[-91.37566,34.86676]},"properties":{"frp":4.11,"date":"2026-09-12","daynight":"D"}},{"type":"Feature","geometry":{"type":"Point","coordinates":[-90.99567,35.16985]},"properties":{"frp":8.57,"date":"2026-09-12","daynight":"D"}},{"type":"Feature","geometry":{"type":"Point","coordinates":[-90.99129,35.17031]},"properties":{"frp":8.57,"date":"2026-09-12","daynight":"D"}},{"type":"Feature","geometry":{"type":"Point","coordinates":[-90.99447,35.173]},"properties":{"frp":5.27,"date":"2026-09-12","daynight":"D"}},{"type":"Feature","geometry":{"type":"Point","coordinates":[-90.99629,35.17393]},"properties":{"frp":6.28,"date":"2026-09-12","daynight":"D"}},{"type":"Feature","geometry":{"type":"Point","coordinates":[-90.93402,35.18731]},"properties":{"frp":4.73,"date":"2026-09-12","daynight":"D"}},{"type":"Feature","geometry":{"type":"Point","coordinates":[-90.94409,35.19461]},"properties":{"frp":7.11,"date":"2026-09-12","daynight":"D"}},{"type":"Feature","geometry":{"type":"Point","coordinates":[-93.13549,35.48017]},"properties":{"frp":6.16,"date":"2026-09-12","daynight":"D"}},{"type":"Feature","geometry":{"type":"Point","coordinates":[-90.52786,35.76824]},"properties":{"frp":31.58,"date":"2026-09-12","daynight":"D"}},{"type":"Feature","geometry":{"type":"Point","coordinates":[-90.52311,35.76869]},"properties":{"frp":31.58,"date":"2026-09-12","daynight":"D"}},{"type":"Feature","geometry":{"type":"Point","coordinates":[-90.51835,35.76914]},"properties":{"frp":21.26,"date":"2026-09-12","daynight":"D"}},{"type":"Feature","geometry":{"type":"Point","coordinates":[-89.64208,36.13332]},"properties":{"frp":21.07,"date":"2026-09-12","daynight":"D"}},{"type":"Feature","geometry":{"type":"Point","coordinates":[-89.6367,36.13381]},"properties":{"frp":21.07,"date":"2026-09-12","daynight":"D"}},{"type":"Feature","geometry":{"type":"Point","coordinates":[-105.7907,35.89103]},"properties":{"frp":5.99,"date":"2026-09-12","daynight":"D"}},{"type":"Feature","geometry":{"type":"Point","coordinates":[-106.77264,37.38372]},"properties":{"frp":24.63,"date":"2026-09-12","daynight":"D"}},{"type":"Feature","geometry":{"type":"Point","coordinates":[-106.7799,37.38684]},"properties":{"frp":24.63,"date":"2026-09-12","daynight":"D"}},{"type":"Feature","geometry":{"type":"Point","coordinates":[-106.77473,37.38806]},"properties":{"frp":24.63,"date":"2026-09-12","daynight":"D"}},{"type":"Feature","geometry":{"type":"Point","coordinates":[-106.76984,37.38921]},"properties":{"frp":81.84,"date":"2026-09-12","daynight":"D"}},{"type":"Feature","geometry":{"type":"Point","coordinates":[-106.7774,37.39227]},"properties":{"frp":24.35,"date":"2026-09-12","daynight":"D"}},{"type":"Feature","geometry":{"type":"Point","coordinates":[-106.77187,37.39357]},"properties":{"frp":58.71,"date":"2026-09-12","daynight":"D"}},{"type":"Feature","geometry":{"type":"Point","coordinates":[-106.76668,37.39479]},"properties":{"frp":58.71,"date":"2026-09-12","daynight":"D"}},{"type":"Feature","geometry":{"type":"Point","coordinates":[-87.5534,41.59214]},"properties":{"frp":1.19,"date":"2026-09-12","daynight":"D"}},{"type":"Feature","geometry":{"type":"Point","coordinates":[-87.32947,41.6177]},"properties":{"frp":6.58,"date":"2026-09-12","daynight":"D"}},{"type":"Feature","geometry":{"type":"Point","coordinates":[-87.3476,41.62218]},"properties":{"frp":3.82,"date":"2026-09-12","daynight":"D"}},{"type":"Feature","geometry":{"type":"Point","coordinates":[-87.1369,41.63793]},"properties":{"frp":4.48,"date":"2026-09-12","daynight":"D"}},{"type":"Feature","geometry":{"type":"Point","coordinates":[-87.13235,41.63815]},"properties":{"frp":4.48,"date":"2026-09-12","daynight":"D"}},{"type":"Feature","geometry":{"type":"Point","coordinates":[-87.13722,41.64336]},"properties":{"frp":4.48,"date":"2026-09-12","daynight":"D"}},{"type":"Feature","geometry":{"type":"Point","coordinates":[-87.4268,41.66642]},"properties":{"frp":5.06,"date":"2026-09-12","daynight":"D"}},{"type":"Feature","geometry":{"type":"Point","coordinates":[-87.45358,41.67035]},"properties":{"frp":5.06,"date":"2026-09-12","daynight":"D"}},{"type":"Feature","geometry":{"type":"Point","coordinates":[-87.42371,41.68267]},"properties":{"frp":5.6,"date":"2026-09-12","daynight":"D"}},{"type":"Feature","geometry":{"type":"Point","coordinates":[-87.42288,41.68596]},"properties":{"frp":5.66,"date":"2026-09-12","daynight":"D"}},{"type":"Feature","geometry":{"type":"Point","coordinates":[-105.31228,41.97405]},"properties":{"frp":2.42,"date":"2026-09-12","daynight":"D"}},{"type":"Feature","geometry":{"type":"Point","coordinates":[-105.314,41.97774]},"properties":{"frp":2.42,"date":"2026-09-12","daynight":"D"}},{"type":"Feature","geometry":{"type":"Point","coordinates":[-105.30733,41.97911]},"properties":{"frp":25.78,"date":"2026-09-12","daynight":"D"}},{"type":"Feature","geometry":{"type":"Point","coordinates":[-105.29063,41.98661]},"properties":{"frp":5.33,"date":"2026-09-12","daynight":"D"}},{"type":"Feature","geometry":{"type":"Point","coordinates":[-105.29825,41.98907]},"properties":{"frp":5.33,"date":"2026-09-12","daynight":"D"}},{"type":"Feature","geometry":{"type":"Point","coordinates":[-105.29237,41.9903]},"properties":{"frp":5.33,"date":"2026-09-12","daynight":"D"}},{"type":"Feature","geometry":{"type":"Point","coordinates":[-105.30038,41.99057]},"properties":{"frp":5.62,"date":"2026-09-12","daynight":"D"}},{"type":"Feature","geometry":{"type":"Point","coordinates":[-105.29451,41.99181]},"properties":{"frp":9.33,"date":"2026-09-12","daynight":"D"}},{"type":"Feature","geometry":{"type":"Point","coordinates":[-105.30016,41.99272]},"properties":{"frp":4.87,"date":"2026-09-12","daynight":"D"}},{"type":"Feature","geometry":{"type":"Point","coordinates":[-105.29424,41.99395]},"properties":{"frp":4.87,"date":"2026-09-12","daynight":"D"}},{"type":"Feature","geometry":{"type":"Point","coordinates":[-98.36034,47.97007]},"properties":{"frp":3.18,"date":"2026-09-12","daynight":"D"}},{"type":"Feature","geometry":{"type":"Point","coordinates":[-98.36129,47.97352]},"properties":{"frp":3.87,"date":"2026-09-12","daynight":"D"}},{"type":"Feature","geometry":{"type":"Point","coordinates":[-115.13397,32.59218]},"properties":{"frp":25.38,"date":"2026-09-12","daynight":"D"}},{"type":"Feature","geometry":{"type":"Point","coordinates":[-115.13456,32.59642]},"properties":{"frp":25.38,"date":"2026-09-12","daynight":"D"}},{"type":"Feature","geometry":{"type":"Point","coordinates":[-114.61382,34.86654]},"properties":{"frp":10.27,"date":"2026-09-12","daynight":"D"}},{"type":"Feature","geometry":{"type":"Point","coordinates":[-105.79342,35.88641]},"properties":{"frp":9.22,"date":"2026-09-12","daynight":"D"}},{"type":"Feature","geometry":{"type":"Point","coordinates":[-105.79387,35.89369]},"properties":{"frp":30.73,"date":"2026-09-12","daynight":"D"}},{"type":"Feature","geometry":{"type":"Point","coordinates":[-105.79817,35.8938]},"properties":{"frp":13.35,"date":"2026-09-12","daynight":"D"}},{"type":"Feature","geometry":{"type":"Point","coordinates":[-105.79161,35.89387]},"properties":{"frp":13.35,"date":"2026-09-12","daynight":"D"}},{"type":"Feature","geometry":{"type":"Point","coordinates":[-122.95779,39.20473]},"properties":{"frp":2.69,"date":"2026-09-12","daynight":"D"}},{"type":"Feature","geometry":{"type":"Point","coordinates":[-122.95341,39.20537]},"properties":{"frp":2.69,"date":"2026-09-12","daynight":"D"}},{"type":"Feature","geometry":{"type":"Point","coordinates":[-122.94899,39.20601]},"properties":{"frp":4.44,"date":"2026-09-12","daynight":"D"}},{"type":"Feature","geometry":{"type":"Point","coordinates":[-122.96307,39.20737]},"properties":{"frp":4.53,"date":"2026-09-12","daynight":"D"}},{"type":"Feature","geometry":{"type":"Point","coordinates":[-122.95866,39.20802]},"properties":{"frp":19.6,"date":"2026-09-12","daynight":"D"}},{"type":"Feature","geometry":{"type":"Point","coordinates":[-122.95428,39.20865]},"properties":{"frp":19.6,"date":"2026-09-12","daynight":"D"}},{"type":"Feature","geometry":{"type":"Point","coordinates":[-122.94983,39.2093]},"properties":{"frp":94.68,"date":"2026-09-12","daynight":"D"}},{"type":"Feature","geometry":{"type":"Point","coordinates":[-122.94532,39.20997]},"properties":{"frp":94.68,"date":"2026-09-12","daynight":"D"}},{"type":"Feature","geometry":{"type":"Point","coordinates":[-122.94078,39.21064]},"properties":{"frp":12.95,"date":"2026-09-12","daynight":"D"}},{"type":"Feature","geometry":{"type":"Point","coordinates":[-122.96392,39.21066]},"properties":{"frp":4.53,"date":"2026-09-12","daynight":"D"}},{"type":"Feature","geometry":{"type":"Point","coordinates":[-122.95954,39.21131]},"properties":{"frp":19.6,"date":"2026-09-12","daynight":"D"}},{"type":"Feature","geometry":{"type":"Point","coordinates":[-122.95514,39.21194]},"properties":{"frp":19.6,"date":"2026-09-12","daynight":"D"}},{"type":"Feature","geometry":{"type":"Point","coordinates":[-122.94612,39.21327]},"properties":{"frp":94.68,"date":"2026-09-12","daynight":"D"}},{"type":"Feature","geometry":{"type":"Point","coordinates":[-122.94156,39.21395]},"properties":{"frp":12.95,"date":"2026-09-12","daynight":"D"}},{"type":"Feature","geometry":{"type":"Point","coordinates":[-122.9604,39.2146]},"properties":{"frp":3.21,"date":"2026-09-12","daynight":"D"}},{"type":"Feature","geometry":{"type":"Point","coordinates":[-122.95597,39.21524]},"properties":{"frp":3.21,"date":"2026-09-12","daynight":"D"}},{"type":"Feature","geometry":{"type":"Point","coordinates":[-122.94688,39.21659]},"properties":{"frp":53.37,"date":"2026-09-12","daynight":"D"}},{"type":"Feature","geometry":{"type":"Point","coordinates":[-122.94231,39.21726]},"properties":{"frp":3.53,"date":"2026-09-12","daynight":"D"}},{"type":"Feature","geometry":{"type":"Point","coordinates":[-122.95675,39.21855]},"properties":{"frp":3.21,"date":"2026-09-12","daynight":"D"}},{"type":"Feature","geometry":{"type":"Point","coordinates":[-122.95222,39.21922]},"properties":{"frp":53.37,"date":"2026-09-12","daynight":"D"}},{"type":"Feature","geometry":{"type":"Point","coordinates":[-122.94765,39.21989]},"properties":{"frp":53.37,"date":"2026-09-12","daynight":"D"}},{"type":"Feature","geometry":{"type":"Point","coordinates":[-122.94309,39.22057]},"properties":{"frp":3.53,"date":"2026-09-12","daynight":"D"}},{"type":"Feature","geometry":{"type":"Point","coordinates":[-122.95757,39.22185]},"properties":{"frp":5.74,"date":"2026-09-12","daynight":"D"}},{"type":"Feature","geometry":{"type":"Point","coordinates":[-122.94842,39.22321]},"properties":{"frp":92.13,"date":"2026-09-12","daynight":"D"}},{"type":"Feature","geometry":{"type":"Point","coordinates":[-122.95633,39.24472]},"properties":{"frp":92.32,"date":"2026-09-12","daynight":"D"}},{"type":"Feature","geometry":{"type":"Point","coordinates":[-122.95709,39.24804]},"properties":{"frp":13.31,"date":"2026-09-12","daynight":"D"}},{"type":"Feature","geometry":{"type":"Point","coordinates":[-122.95255,39.24869]},"properties":{"frp":13.31,"date":"2026-09-12","daynight":"D"}},{"type":"Feature","geometry":{"type":"Point","coordinates":[-79.50342,43.86708]},"properties":{"frp":0.49,"date":"2026-09-12","daynight":"N"}},{"type":"Feature","geometry":{"type":"Point","coordinates":[-83.40523,45.07406]},"properties":{"frp":4.59,"date":"2026-09-12","daynight":"N"}},{"type":"Feature","geometry":{"type":"Point","coordinates":[-73.90189,45.77419]},"properties":{"frp":0.29,"date":"2026-09-12","daynight":"N"}},{"type":"Feature","geometry":{"type":"Point","coordinates":[-73.90997,45.78225]},"properties":{"frp":0.6,"date":"2026-09-12","daynight":"N"}},{"type":"Feature","geometry":{"type":"Point","coordinates":[-73.91498,45.78298]},"properties":{"frp":0.44,"date":"2026-09-12","daynight":"N"}},{"type":"Feature","geometry":{"type":"Point","coordinates":[-73.24848,45.8386]},"properties":{"frp":1.66,"date":"2026-09-12","daynight":"N"}},{"type":"Feature","geometry":{"type":"Point","coordinates":[-73.25341,45.83934]},"properties":{"frp":1.66,"date":"2026-09-12","daynight":"N"}},{"type":"Feature","geometry":{"type":"Point","coordinates":[-73.14652,46.04187]},"properties":{"frp":1.03,"date":"2026-09-12","daynight":"N"}},{"type":"Feature","geometry":{"type":"Point","coordinates":[-73.14057,46.0444]},"properties":{"frp":1.43,"date":"2026-09-12","daynight":"N"}},{"type":"Feature","geometry":{"type":"Point","coordinates":[-73.14552,46.04514]},"properties":{"frp":1.43,"date":"2026-09-12","daynight":"N"}},{"type":"Feature","geometry":{"type":"Point","coordinates":[-80.79515,46.57831]},"properties":{"frp":0.84,"date":"2026-09-12","daynight":"N"}},{"type":"Feature","geometry":{"type":"Point","coordinates":[-88.01804,30.93931]},"properties":{"frp":0.48,"date":"2026-09-12","daynight":"N"}},{"type":"Feature","geometry":{"type":"Point","coordinates":[-87.98851,31.14156]},"properties":{"frp":1.5,"date":"2026-09-12","daynight":"N"}},{"type":"Feature","geometry":{"type":"Point","coordinates":[-87.98906,31.14287]},"properties":{"frp":2.0,"date":"2026-09-12","daynight":"N"}},{"type":"Feature","geometry":{"type":"Point","coordinates":[-87.98846,31.14832]},"properties":{"frp":2.0,"date":"2026-09-12","daynight":"N"}},{"type":"Feature","geometry":{"type":"Point","coordinates":[-87.98787,31.15377]},"properties":{"frp":2.09,"date":"2026-09-12","daynight":"N"}},{"type":"Feature","geometry":{"type":"Point","coordinates":[-87.99191,31.15406]},"properties":{"frp":1.15,"date":"2026-09-12","daynight":"N"}},{"type":"Feature","geometry":{"type":"Point","coordinates":[-87.98269,31.1644]},"properties":{"frp":0.58,"date":"2026-09-12","daynight":"N"}},{"type":"Feature","geometry":{"type":"Point","coordinates":[-90.13831,32.31622]},"properties":{"frp":0.7,"date":"2026-09-12","daynight":"N"}},{"type":"Feature","geometry":{"type":"Point","coordinates":[-90.06357,32.69942]},"properties":{"frp":5.29,"date":"2026-09-12","daynight":"N"}},{"type":"Feature","geometry":{"type":"Point","coordinates":[-90.06937,32.69972]},"properties":{"frp":4.34,"date":"2026-09-12","daynight":"N"}},{"type":"Feature","geometry":{"type":"Point","coordinates":[-79.88524,33.00617]},"properties":{"frp":1.71,"date":"2026-09-12","daynight":"N"}},{"type":"Feature","geometry":{"type":"Point","coordinates":[-79.88392,33.01324]},"properties":{"frp":5.76,"date":"2026-09-12","daynight":"N"}},{"type":"Feature","geometry":{"type":"Point","coordinates":[-79.88866,33.01385]},"properties":{"frp":5.76,"date":"2026-09-12","daynight":"N"}},{"type":"Feature","geometry":{"type":"Point","coordinates":[-79.88799,33.01739]},"properties":{"frp":0.76,"date":"2026-09-12","daynight":"N"}},{"type":"Feature","geometry":{"type":"Point","coordinates":[-81.82514,33.39244]},"properties":{"frp":1.46,"date":"2026-09-12","daynight":"N"}},{"type":"Feature","geometry":{"type":"Point","coordinates":[-81.82447,33.39634]},"properties":{"frp":1.46,"date":"2026-09-12","daynight":"N"}},{"type":"Feature","geometry":{"type":"Point","coordinates":[-88.57241,33.4431]},"properties":{"frp":2.53,"date":"2026-09-12","daynight":"N"}},{"type":"Feature","geometry":{"type":"Point","coordinates":[-76.80833,36.35463]},"properties":{"frp":1.7,"date":"2026-09-12","daynight":"N"}},{"type":"Feature","geometry":{"type":"Point","coordinates":[-76.80757,36.35794]},"properties":{"frp":2.46,"date":"2026-09-12","daynight":"N"}},{"type":"Feature","geometry":{"type":"Point","coordinates":[-80.87281,36.5934]},"properties":{"frp":3.0,"date":"2026-09-12","daynight":"N"}},{"type":"Feature","geometry":{"type":"Point","coordinates":[-82.0423,37.23187]},"properties":{"frp":0.69,"date":"2026-09-12","daynight":"N"}},{"type":"Feature","geometry":{"type":"Point","coordinates":[-82.03707,37.23555]},"properties":{"frp":2.66,"date":"2026-09-12","daynight":"N"}},{"type":"Feature","geometry":{"type":"Point","coordinates":[-82.04177,37.23602]},"properties":{"frp":2.74,"date":"2026-09-12","daynight":"N"}},{"type":"Feature","geometry":{"type":"Point","coordinates":[-90.08127,37.96647]},"properties":{"frp":1.82,"date":"2026-09-12","daynight":"N"}},{"type":"Feature","geometry":{"type":"Point","coordinates":[-90.08019,37.96709]},"properties":{"frp":2.03,"date":"2026-09-12","daynight":"N"}},{"type":"Feature","geometry":{"type":"Point","coordinates":[-90.34309,38.18176]},"properties":{"frp":1.0,"date":"2026-09-12","daynight":"N"}},{"type":"Feature","geometry":{"type":"Point","coordinates":[-90.34365,38.1827]},"properties":{"frp":1.28,"date":"2026-09-12","daynight":"N"}},{"type":"Feature","geometry":{"type":"Point","coordinates":[-90.13557,38.69586]},"properties":{"frp":1.74,"date":"2026-09-12","daynight":"N"}},{"type":"Feature","geometry":{"type":"Point","coordinates":[-90.14246,38.69603]},"properties":{"frp":1.74,"date":"2026-09-12","daynight":"N"}},{"type":"Feature","geometry":{"type":"Point","coordinates":[-90.1343,38.69616]},"properties":{"frp":2.32,"date":"2026-09-12","daynight":"N"}},{"type":"Feature","geometry":{"type":"Point","coordinates":[-90.14938,38.6962]},"properties":{"frp":1.85,"date":"2026-09-12","daynight":"N"}},{"type":"Feature","geometry":{"type":"Point","coordinates":[-90.15631,38.69637]},"properties":{"frp":1.85,"date":"2026-09-12","daynight":"N"}},{"type":"Feature","geometry":{"type":"Point","coordinates":[-90.14117,38.69637]},"properties":{"frp":1.92,"date":"2026-09-12","daynight":"N"}},{"type":"Feature","geometry":{"type":"Point","coordinates":[-90.14809,38.69658]},"properties":{"frp":1.92,"date":"2026-09-12","daynight":"N"}},{"type":"Feature","geometry":{"type":"Point","coordinates":[-90.15501,38.69678]},"properties":{"frp":2.7,"date":"2026-09-12","daynight":"N"}},{"type":"Feature","geometry":{"type":"Point","coordinates":[-91.77288,38.75951]},"properties":{"frp":0.69,"date":"2026-09-12","daynight":"N"}},{"type":"Feature","geometry":{"type":"Point","coordinates":[-75.6369,39.58915]},"properties":{"frp":1.45,"date":"2026-09-12","daynight":"N"}},{"type":"Feature","geometry":{"type":"Point","coordinates":[-75.63608,39.59245]},"properties":{"frp":1.37,"date":"2026-09-12","daynight":"N"}},{"type":"Feature","geometry":{"type":"Point","coordinates":[-76.81345,39.9392]},"properties":{"frp":1.07,"date":"2026-09-12","daynight":"N"}},{"type":"Feature","geometry":{"type":"Point","coordinates":[-76.81821,39.93985]},"properties":{"frp":1.11,"date":"2026-09-12","daynight":"N"}},{"type":"Feature","geometry":{"type":"Point","coordinates":[-74.77152,40.15303]},"properties":{"frp":0.5,"date":"2026-09-12","daynight":"N"}},{"type":"Feature","geometry":{"type":"Point","coordinates":[-80.60973,40.30983]},"properties":{"frp":2.26,"date":"2026-09-12","daynight":"N"}},{"type":"Feature","geometry":{"type":"Point","coordinates":[-80.60901,40.3138]},"properties":{"frp":1.87,"date":"2026-09-12","daynight":"N"}},{"type":"Feature","geometry":{"type":"Point","coordinates":[-79.85013,40.3925]},"properties":{"frp":6.88,"date":"2026-09-12","daynight":"N"}},{"type":"Feature","geometry":{"type":"Point","coordinates":[-79.8493,40.39632]},"properties":{"frp":1.55,"date":"2026-09-12","daynight":"N"}},{"type":"Feature","geometry":{"type":"Point","coordinates":[-79.85558,40.39702]},"properties":{"frp":1.55,"date":"2026-09-12","daynight":"N"}},{"type":"Feature","geometry":{"type":"Point","coordinates":[-74.21957,40.63675]},"properties":{"frp":1.27,"date":"2026-09-12","daynight":"N"}},{"type":"Feature","geometry":{"type":"Point","coordinates":[-74.22406,40.63746]},"properties":{"frp":1.3,"date":"2026-09-12","daynight":"N"}},{"type":"Feature","geometry":{"type":"Point","coordinates":[-91.23969,40.69532]},"properties":{"frp":1.64,"date":"2026-09-12","daynight":"N"}},{"type":"Feature","geometry":{"type":"Point","coordinates":[-81.43165,40.75685]},"properties":{"frp":0.55,"date":"2026-09-12","daynight":"N"}},{"type":"Feature","geometry":{"type":"Point","coordinates":[-87.34592,40.92913]},"properties":{"frp":0.75,"date":"2026-09-12","daynight":"N"}},{"type":"Feature","geometry":{"type":"Point","coordinates":[-88.18536,41.41491]},"properties":{"frp":1.63,"date":"2026-09-12","daynight":"N"}},{"type":"Feature","geometry":{"type":"Point","coordinates":[-88.18661,41.4172]},"properties":{"frp":1.61,"date":"2026-09-12","daynight":"N"}},{"type":"Feature","geometry":{"type":"Point","coordinates":[-81.67706,41.4508]},"properties":{"frp":1.75,"date":"2026-09-12","daynight":"N"}},{"type":"Feature","geometry":{"type":"Point","coordinates":[-81.68012,41.45406]},"properties":{"frp":4.29,"date":"2026-09-12","daynight":"N"}},{"type":"Feature","geometry":{"type":"Point","coordinates":[-81.67639,41.45507]},"properties":{"frp":1.4,"date":"2026-09-12","daynight":"N"}},{"type":"Feature","geometry":{"type":"Point","coordinates":[-81.67943,41.45833]},"properties":{"frp":3.9,"date":"2026-09-12","daynight":"N"}},{"type":"Feature","geometry":{"type":"Point","coordinates":[-81.67571,41.45934]},"properties":{"frp":1.4,"date":"2026-09-12","daynight":"N"}},{"type":"Feature","geometry":{"type":"Point","coordinates":[-81.68108,41.45983]},"properties":{"frp":1.62,"date":"2026-09-12","daynight":"N"}},{"type":"Feature","geometry":{"type":"Point","coordinates":[-81.67337,41.46213]},"properties":{"frp":3.9,"date":"2026-09-12","daynight":"N"}},{"type":"Feature","geometry":{"type":"Point","coordinates":[-81.67875,41.4626]},"properties":{"frp":3.9,"date":"2026-09-12","daynight":"N"}},{"type":"Feature","geometry":{"type":"Point","coordinates":[-87.48328,41.66753]},"properties":{"frp":2.1,"date":"2026-09-12","daynight":"N"}},{"type":"Feature","geometry":{"type":"Point","coordinates":[-87.4558,41.67229]},"properties":{"frp":2.03,"date":"2026-09-12","daynight":"N"}},{"type":"Feature","geometry":{"type":"Point","coordinates":[-87.46121,41.6725]},"properties":{"frp":2.03,"date":"2026-09-12","daynight":"N"}},{"type":"Feature","geometry":{"type":"Point","coordinates":[-87.46664,41.67271]},"properties":{"frp":2.93,"date":"2026-09-12","daynight":"N"}},{"type":"Feature","geometry":{"type":"Point","coordinates":[-87.48826,41.67354]},"properties":{"frp":1.56,"date":"2026-09-12","daynight":"N"}},{"type":"Feature","geometry":{"type":"Point","coordinates":[-89.61076,41.77377]},"properties":{"frp":0.73,"date":"2026-09-12","daynight":"N"}},{"type":"Feature","geometry":{"type":"Point","coordinates":[-89.6125,41.77434]},"properties":{"frp":0.75,"date":"2026-09-12","daynight":"N"}},{"type":"Feature","geometry":{"type":"Point","coordinates":[-76.58014,42.75457]},"properties":{"frp":0.98,"date":"2026-09-12","daynight":"N"}},{"type":"Feature","geometry":{"type":"Point","coordinates":[-80.10636,42.80108]},"properties":{"frp":0.74,"date":"2026-09-12","daynight":"N"}},{"type":"Feature","geometry":{"type":"Point","coordinates":[-80.10369,42.80215]},"properties":{"frp":1.03,"date":"2026-09-12","daynight":"N"}},{"type":"Feature","geometry":{"type":"Point","coordinates":[-80.0982,42.80569]},"properties":{"frp":1.03,"date":"2026-09-12","daynight":"N"}},{"type":"Feature","geometry":{"type":"Point","coordinates":[-80.09669,42.81369]},"properties":{"frp":2.05,"date":"2026-09-12","daynight":"N"}},{"type":"Feature","geometry":{"type":"Point","coordinates":[-80.09594,42.81769]},"properties":{"frp":0.57,"date":"2026-09-12","daynight":"N"}},{"type":"Feature","geometry":{"type":"Point","coordinates":[-81.32763,42.81866]},"properties":{"frp":1.1,"date":"2026-09-12","daynight":"N"}},{"type":"Feature","geometry":{"type":"Point","coordinates":[-82.41721,42.94722]},"properties":{"frp":1.49,"date":"2026-09-12","daynight":"N"}},{"type":"Feature","geometry":{"type":"Point","coordinates":[-80.85822,43.07153]},"properties":{"frp":1.53,"date":"2026-09-12","daynight":"N"}},{"type":"Feature","geometry":{"type":"Point","coordinates":[-79.81122,43.26277]},"properties":{"frp":2.25,"date":"2026-09-12","daynight":"N"}},{"type":"Feature","geometry":{"type":"Point","coordinates":[-79.80347,43.26604]},"properties":{"frp":1.44,"date":"2026-09-12","daynight":"N"}},{"type":"Feature","geometry":{"type":"Point","coordinates":[-79.81046,43.26674]},"properties":{"frp":1.36,"date":"2026-09-12","daynight":"N"}},{"type":"Feature","geometry":{"type":"Point","coordinates":[-79.79575,43.2693]},"properties":{"frp":1.44,"date":"2026-09-12","daynight":"N"}},{"type":"Feature","geometry":{"type":"Point","coordinates":[-79.80271,43.27]},"properties":{"frp":1.44,"date":"2026-09-12","daynight":"N"}},{"type":"Feature","geometry":{"type":"Point","coordinates":[-79.80969,43.2707]},"properties":{"frp":1.36,"date":"2026-09-12","daynight":"N"}},{"type":"Feature","geometry":{"type":"Point","coordinates":[-79.79501,43.27327]},"properties":{"frp":2.9,"date":"2026-09-12","daynight":"N"}},{"type":"Feature","geometry":{"type":"Point","coordinates":[-79.80199,43.27396]},"properties":{"frp":2.9,"date":"2026-09-12","daynight":"N"}},{"type":"Feature","geometry":{"type":"Point","coordinates":[-79.98536,43.29227]},"properties":{"frp":1.42,"date":"2026-09-12","daynight":"N"}},{"type":"Feature","geometry":{"type":"Point","coordinates":[-79.62705,43.4908]},"properties":{"frp":0.42,"date":"2026-09-12","daynight":"N"}},{"type":"Feature","geometry":{"type":"Point","coordinates":[-82.05641,28.84426]},"properties":{"frp":2.68,"date":"2026-09-12","daynight":"N"}},{"type":"Feature","geometry":{"type":"Point","coordinates":[-90.40022,29.99688]},"properties":{"frp":2.08,"date":"2026-09-12","daynight":"N"}},{"type":"Feature","geometry":{"type":"Point","coordinates":[-90.40521,30.00342]},"properties":{"frp":2.42,"date":"2026-09-12","daynight":"N"}},{"type":"Feature","geometry":{"type":"Point","coordinates":[-90.60073,30.06309]},"properties":{"frp":1.86,"date":"2026-09-12","daynight":"N"}},{"type":"Feature","geometry":{"type":"Point","coordinates":[-91.30528,30.73236]},"properties":{"frp":0.71,"date":"2026-09-12","daynight":"N"}},{"type":"Feature","geometry":{"type":"Point","coordinates":[-90.04338,34.98386]},"properties":{"frp":1.28,"date":"2026-09-12","daynight":"N"}},{"type":"Feature","geometry":{"type":"Point","coordinates":[-80.46455,35.0358]},"properties":{"frp":2.52,"date":"2026-09-12","daynight":"N"}},{"type":"Feature","geometry":{"type":"Point","coordinates":[-80.46996,35.03644]},"properties":{"frp":2.51,"date":"2026-09-12","daynight":"N"}},{"type":"Feature","geometry":{"type":"Point","coordinates":[-89.95069,35.61226]},"properties":{"frp":1.23,"date":"2026-09-12","daynight":"N"}},{"type":"Feature","geometry":{"type":"Point","coordinates":[-89.93443,35.64634]},"properties":{"frp":1.22,"date":"2026-09-12","daynight":"N"}},{"type":"Feature","geometry":{"type":"Point","coordinates":[-89.94057,35.64656]},"properties":{"frp":1.22,"date":"2026-09-12","daynight":"N"}},{"type":"Feature","geometry":{"type":"Point","coordinates":[-89.93581,35.64963]},"properties":{"frp":2.07,"date":"2026-09-12","daynight":"N"}},{"type":"Feature","geometry":{"type":"Point","coordinates":[-89.7845,35.89342]},"properties":{"frp":1.4,"date":"2026-09-12","daynight":"N"}},{"type":"Feature","geometry":{"type":"Point","coordinates":[-89.72101,35.93482]},"properties":{"frp":1.03,"date":"2026-09-12","daynight":"N"}},{"type":"Feature","geometry":{"type":"Point","coordinates":[-89.71498,35.93843]},"properties":{"frp":1.49,"date":"2026-09-12","daynight":"N"}},{"type":"Feature","geometry":{"type":"Point","coordinates":[-89.72104,35.93865]},"properties":{"frp":1.49,"date":"2026-09-12","daynight":"N"}},{"type":"Feature","geometry":{"type":"Point","coordinates":[-89.72057,35.94491]},"properties":{"frp":2.37,"date":"2026-09-12","daynight":"N"}},{"type":"Feature","geometry":{"type":"Point","coordinates":[-89.71407,35.94707]},"properties":{"frp":2.13,"date":"2026-09-12","daynight":"N"}},{"type":"Feature","geometry":{"type":"Point","coordinates":[-89.72011,35.94733]},"properties":{"frp":2.36,"date":"2026-09-12","daynight":"N"}},{"type":"Feature","geometry":{"type":"Point","coordinates":[-90.79057,36.92321]},"properties":{"frp":1.12,"date":"2026-09-12","daynight":"N"}},{"type":"Feature","geometry":{"type":"Point","coordinates":[-90.7899,36.92728]},"properties":{"frp":0.44,"date":"2026-09-12","daynight":"N"}},{"type":"Feature","geometry":{"type":"Point","coordinates":[-91.23438,40.69276]},"properties":{"frp":1.03,"date":"2026-09-12","daynight":"N"}},{"type":"Feature","geometry":{"type":"Point","coordinates":[-81.43416,40.75791]},"properties":{"frp":2.57,"date":"2026-09-12","daynight":"N"}},{"type":"Feature","geometry":{"type":"Point","coordinates":[-87.34182,40.9274]},"properties":{"frp":0.65,"date":"2026-09-12","daynight":"N"}},{"type":"Feature","geometry":{"type":"Point","coordinates":[-85.35329,41.11999]},"properties":{"frp":0.36,"date":"2026-09-12","daynight":"N"}},{"type":"Feature","geometry":{"type":"Point","coordinates":[-85.35365,41.12178]},"properties":{"frp":0.77,"date":"2026-09-12","daynight":"N"}},{"type":"Feature","geometry":{"type":"Point","coordinates":[-81.68236,41.45164]},"properties":{"frp":0.41,"date":"2026-09-12","daynight":"N"}},{"type":"Feature","geometry":{"type":"Point","coordinates":[-81.67876,41.45783]},"properties":{"frp":1.7,"date":"2026-09-12","daynight":"N"}},{"type":"Feature","geometry":{"type":"Point","coordinates":[-81.67843,41.46011]},"properties":{"frp":1.63,"date":"2026-09-12","daynight":"N"}},{"type":"Feature","geometry":{"type":"Point","coordinates":[-81.67517,41.46402]},"properties":{"frp":1.7,"date":"2026-09-12","daynight":"N"}},{"type":"Feature","geometry":{"type":"Point","coordinates":[-81.67477,41.46628]},"properties":{"frp":1.63,"date":"2026-09-12","daynight":"N"}},{"type":"Feature","geometry":{"type":"Point","coordinates":[-81.66059,41.47636]},"properties":{"frp":2.26,"date":"2026-09-12","daynight":"N"}},{"type":"Feature","geometry":{"type":"Point","coordinates":[-81.66801,41.47639]},"properties":{"frp":2.84,"date":"2026-09-12","daynight":"N"}},{"type":"Feature","geometry":{"type":"Point","coordinates":[-90.83451,41.48068]},"properties":{"frp":0.83,"date":"2026-09-12","daynight":"N"}},{"type":"Feature","geometry":{"type":"Point","coordinates":[-90.82195,41.48232]},"properties":{"frp":0.84,"date":"2026-09-12","daynight":"N"}},{"type":"Feature","geometry":{"type":"Point","coordinates":[-90.82734,41.4836]},"properties":{"frp":0.83,"date":"2026-09-12","daynight":"N"}},{"type":"Feature","geometry":{"type":"Point","coordinates":[-87.3464,41.61407]},"properties":{"frp":1.18,"date":"2026-09-12","daynight":"N"}},{"type":"Feature","geometry":{"type":"Point","coordinates":[-87.3284,41.61474]},"properties":{"frp":3.41,"date":"2026-09-12","daynight":"N"}},{"type":"Feature","geometry":{"type":"Point","coordinates":[-87.35032,41.61514]},"properties":{"frp":0.99,"date":"2026-09-12","daynight":"N"}},{"type":"Feature","geometry":{"type":"Point","coordinates":[-87.33231,41.6158]},"properties":{"frp":2.36,"date":"2026-09-12","daynight":"N"}},{"type":"Feature","geometry":{"type":"Point","coordinates":[-87.34796,41.62004]},"properties":{"frp":1.07,"date":"2026-09-12","daynight":"N"}},{"type":"Feature","geometry":{"type":"Point","coordinates":[-87.32996,41.62071]},"properties":{"frp":2.36,"date":"2026-09-12","daynight":"N"}},{"type":"Feature","geometry":{"type":"Point","coordinates":[-87.3519,41.62111]},"properties":{"frp":1.07,"date":"2026-09-12","daynight":"N"}},{"type":"Feature","geometry":{"type":"Point","coordinates":[-87.33385,41.62176]},"properties":{"frp":2.36,"date":"2026-09-12","daynight":"N"}},{"type":"Feature","geometry":{"type":"Point","coordinates":[-87.36751,41.62534]},"properties":{"frp":1.22,"date":"2026-09-12","daynight":"N"}},{"type":"Feature","geometry":{"type":"Point","coordinates":[-87.14325,41.62599]},"properties":{"frp":0.37,"date":"2026-09-12","daynight":"N"}},{"type":"Feature","geometry":{"type":"Point","coordinates":[-87.14624,41.628]},"properties":{"frp":0.3,"date":"2026-09-12","daynight":"N"}},{"type":"Feature","geometry":{"type":"Point","coordinates":[-87.14085,41.63095]},"properties":{"frp":2.08,"date":"2026-09-12","daynight":"N"}},{"type":"Feature","geometry":{"type":"Point","coordinates":[-87.13988,41.63185]},"properties":{"frp":1.54,"date":"2026-09-12","daynight":"N"}},{"type":"Feature","geometry":{"type":"Point","coordinates":[-87.12951,41.63461]},"properties":{"frp":3.64,"date":"2026-09-12","daynight":"N"}},{"type":"Feature","geometry":{"type":"Point","coordinates":[-87.13846,41.6359]},"properties":{"frp":2.08,"date":"2026-09-12","daynight":"N"}},{"type":"Feature","geometry":{"type":"Point","coordinates":[-87.1375,41.63681]},"properties":{"frp":1.54,"date":"2026-09-12","daynight":"N"}},{"type":"Feature","geometry":{"type":"Point","coordinates":[-87.14243,41.63697]},"properties":{"frp":1.47,"date":"2026-09-12","daynight":"N"}},{"type":"Feature","geometry":{"type":"Point","coordinates":[-87.14146,41.6379]},"properties":{"frp":1.54,"date":"2026-09-12","daynight":"N"}},{"type":"Feature","geometry":{"type":"Point","coordinates":[-87.13105,41.64064]},"properties":{"frp":1.17,"date":"2026-09-12","daynight":"N"}},{"type":"Feature","geometry":{"type":"Point","coordinates":[-87.13503,41.64174]},"properties":{"frp":1.14,"date":"2026-09-12","daynight":"N"}},{"type":"Feature","geometry":{"type":"Point","coordinates":[-87.40801,41.64182]},"properties":{"frp":3.6,"date":"2026-09-12","daynight":"N"}},{"type":"Feature","geometry":{"type":"Point","coordinates":[-87.13899,41.64283]},"properties":{"frp":1.14,"date":"2026-09-12","daynight":"N"}},{"type":"Feature","geometry":{"type":"Point","coordinates":[-87.48166,41.66166]},"properties":{"frp":0.57,"date":"2026-09-12","daynight":"N"}},{"type":"Feature","geometry":{"type":"Point","coordinates":[-87.42438,41.66277]},"properties":{"frp":1.57,"date":"2026-09-12","daynight":"N"}},{"type":"Feature","geometry":{"type":"Point","coordinates":[-87.42828,41.66383]},"properties":{"frp":1.57,"date":"2026-09-12","daynight":"N"}},{"type":"Feature","geometry":{"type":"Point","coordinates":[-87.47935,41.66654]},"properties":{"frp":1.12,"date":"2026-09-12","daynight":"N"}},{"type":"Feature","geometry":{"type":"Point","coordinates":[-87.45539,41.6711]},"properties":{"frp":1.29,"date":"2026-09-12","daynight":"N"}},{"type":"Feature","geometry":{"type":"Point","coordinates":[-87.45924,41.67213]},"properties":{"frp":1.29,"date":"2026-09-12","daynight":"N"}},{"type":"Feature","geometry":{"type":"Point","coordinates":[-87.46307,41.67317]},"properties":{"frp":1.63,"date":"2026-09-12","daynight":"N"}},{"type":"Feature","geometry":{"type":"Point","coordinates":[-87.46692,41.6742]},"properties":{"frp":1.63,"date":"2026-09-12","daynight":"N"}},{"type":"Feature","geometry":{"type":"Point","coordinates":[-87.45689,41.67701]},"properties":{"frp":1.29,"date":"2026-09-12","daynight":"N"}},{"type":"Feature","geometry":{"type":"Point","coordinates":[-87.42272,41.68437]},"properties":{"frp":1.56,"date":"2026-09-12","daynight":"N"}},{"type":"Feature","geometry":{"type":"Point","coordinates":[-87.42658,41.68541]},"properties":{"frp":1.56,"date":"2026-09-12","daynight":"N"}},{"type":"Feature","geometry":{"type":"Point","coordinates":[-97.362,42.07882]},"properties":{"frp":0.82,"date":"2026-09-12","daynight":"N"}},{"type":"Feature","geometry":{"type":"Point","coordinates":[-83.11366,42.28444]},"properties":{"frp":1.39,"date":"2026-09-12","daynight":"N"}},{"type":"Feature","geometry":{"type":"Point","coordinates":[-83.11343,42.28455]},"properties":{"frp":1.02,"date":"2026-09-12","daynight":"N"}},{"type":"Feature","geometry":{"type":"Point","coordinates":[-111.59689,42.68404]},"properties":{"frp":6.99,"date":"2026-09-12","daynight":"N"}},{"type":"Feature","geometry":{"type":"Point","coordinates":[-111.59682,42.68451]},"properties":{"frp":9.88,"date":"2026-09-12","daynight":"N"}},{"type":"Feature","geometry":{"type":"Point","coordinates":[-80.10704,42.80082]},"properties":{"frp":3.19,"date":"2026-09-12","daynight":"N"}},{"type":"Feature","geometry":{"type":"Point","coordinates":[-80.10192,42.80104]},"properties":{"frp":1.88,"date":"2026-09-12","daynight":"N"}},{"type":"Feature","geometry":{"type":"Point","coordinates":[-80.09802,42.80735]},"properties":{"frp":1.99,"date":"2026-09-12","daynight":"N"}},{"type":"Feature","geometry":{"type":"Point","coordinates":[-80.09916,42.8134]},"properties":{"frp":3.87,"date":"2026-09-12","daynight":"N"}},{"type":"Feature","geometry":{"type":"Point","coordinates":[-80.09407,42.81363]},"properties":{"frp":1.99,"date":"2026-09-12","daynight":"N"}},{"type":"Feature","geometry":{"type":"Point","coordinates":[-86.00054,42.82208]},"properties":{"frp":0.54,"date":"2026-09-12","daynight":"N"}},{"type":"Feature","geometry":{"type":"Point","coordinates":[-82.41631,42.94613]},"properties":{"frp":0.63,"date":"2026-09-12","daynight":"N"}},{"type":"Feature","geometry":{"type":"Point","coordinates":[-82.42243,42.94807]},"properties":{"frp":0.63,"date":"2026-09-12","daynight":"N"}},{"type":"Feature","geometry":{"type":"Point","coordinates":[-80.85909,43.06889]},"properties":{"frp":1.9,"date":"2026-09-12","daynight":"N"}},{"type":"Feature","geometry":{"type":"Point","coordinates":[-80.86242,43.06902]},"properties":{"frp":1.75,"date":"2026-09-12","daynight":"N"}},{"type":"Feature","geometry":{"type":"Point","coordinates":[-79.81242,43.26113]},"properties":{"frp":1.63,"date":"2026-09-12","daynight":"N"}},{"type":"Feature","geometry":{"type":"Point","coordinates":[-79.81145,43.2667]},"properties":{"frp":2.48,"date":"2026-09-12","daynight":"N"}},{"type":"Feature","geometry":{"type":"Point","coordinates":[-79.80838,43.26739]},"properties":{"frp":1.63,"date":"2026-09-12","daynight":"N"}},{"type":"Feature","geometry":{"type":"Point","coordinates":[-79.79154,43.26749]},"properties":{"frp":3.04,"date":"2026-09-12","daynight":"N"}},{"type":"Feature","geometry":{"type":"Point","coordinates":[-79.79945,43.27021]},"properties":{"frp":3.04,"date":"2026-09-12","daynight":"N"}},{"type":"Feature","geometry":{"type":"Point","coordinates":[-79.79641,43.27086]},"properties":{"frp":4.01,"date":"2026-09-12","daynight":"N"}},{"type":"Feature","geometry":{"type":"Point","coordinates":[-79.8074,43.27295]},"properties":{"frp":2.48,"date":"2026-09-12","daynight":"N"}},{"type":"Feature","geometry":{"type":"Point","coordinates":[-79.80428,43.27362]},"properties":{"frp":3.95,"date":"2026-09-12","daynight":"N"}},{"type":"Feature","geometry":{"type":"Point","coordinates":[-115.09533,43.54238]},"properties":{"frp":2.77,"date":"2026-09-12","daynight":"N"}},{"type":"Feature","geometry":{"type":"Point","coordinates":[-115.09354,43.54321]},"properties":{"frp":1.71,"date":"2026-09-12","daynight":"N"}},{"type":"Feature","geometry":{"type":"Point","coordinates":[-115.09951,43.5433]},"properties":{"frp":1.71,"date":"2026-09-12","daynight":"N"}},{"type":"Feature","geometry":{"type":"Point","coordinates":[-115.09019,43.54885]},"properties":{"frp":1.57,"date":"2026-09-12","daynight":"N"}},{"type":"Feature","geometry":{"type":"Point","coordinates":[-115.10309,43.54899]},"properties":{"frp":1.15,"date":"2026-09-12","daynight":"N"}},{"type":"Feature","geometry":{"type":"Point","coordinates":[-115.11026,43.54906]},"properties":{"frp":1.15,"date":"2026-09-12","daynight":"N"}},{"type":"Feature","geometry":{"type":"Point","coordinates":[-103.21088,47.47319]},"properties":{"frp":0.74,"date":"2026-09-12","daynight":"N"}},{"type":"Feature","geometry":{"type":"Point","coordinates":[-103.79384,47.73119]},"properties":{"frp":1.96,"date":"2026-09-12","daynight":"N"}},{"type":"Feature","geometry":{"type":"Point","coordinates":[-102.915,48.09737]},"properties":{"frp":1.17,"date":"2026-09-12","daynight":"N"}},{"type":"Feature","geometry":{"type":"Point","coordinates":[-102.91409,48.09873]},"properties":{"frp":0.76,"date":"2026-09-12","daynight":"N"}},{"type":"Feature","geometry":{"type":"Point","coordinates":[-88.01272,30.94345]},"properties":{"frp":2.63,"date":"2026-09-12","daynight":"N"}},{"type":"Feature","geometry":{"type":"Point","coordinates":[-87.98756,31.14497]},"properties":{"frp":1.3,"date":"2026-09-12","daynight":"N"}},{"type":"Feature","geometry":{"type":"Point","coordinates":[-87.9852,31.1512]},"properties":{"frp":2.07,"date":"2026-09-12","daynight":"N"}},{"type":"Feature","geometry":{"type":"Point","coordinates":[-87.99133,31.15292]},"properties":{"frp":2.07,"date":"2026-09-12","daynight":"N"}},{"type":"Feature","geometry":{"type":"Point","coordinates":[-87.9828,31.15742]},"properties":{"frp":2.07,"date":"2026-09-12","daynight":"N"}},{"type":"Feature","geometry":{"type":"Point","coordinates":[-90.13549,32.31439]},"properties":{"frp":1.08,"date":"2026-09-12","daynight":"N"}},{"type":"Feature","geometry":{"type":"Point","coordinates":[-90.13276,32.31608]},"properties":{"frp":1.03,"date":"2026-09-12","daynight":"N"}},{"type":"Feature","geometry":{"type":"Point","coordinates":[-90.13714,32.31721]},"properties":{"frp":0.94,"date":"2026-09-12","daynight":"N"}},{"type":"Feature","geometry":{"type":"Point","coordinates":[-90.06519,32.69567]},"properties":{"frp":1.42,"date":"2026-09-12","daynight":"N"}},{"type":"Feature","geometry":{"type":"Point","coordinates":[-90.06316,32.70108]},"properties":{"frp":4.05,"date":"2026-09-12","daynight":"N"}},{"type":"Feature","geometry":{"type":"Point","coordinates":[-88.56994,33.44237]},"properties":{"frp":0.99,"date":"2026-09-12","daynight":"N"}},{"type":"Feature","geometry":{"type":"Point","coordinates":[-95.27914,34.15374]},"properties":{"frp":2.02,"date":"2026-09-12","daynight":"N"}},{"type":"Feature","geometry":{"type":"Point","coordinates":[-95.05328,34.32249]},"properties":{"frp":1.64,"date":"2026-09-12","daynight":"N"}},{"type":"Feature","geometry":{"type":"Point","coordinates":[-90.03888,34.98018]},"properties":{"frp":1.04,"date":"2026-09-12","daynight":"N"}},{"type":"Feature","geometry":{"type":"Point","coordinates":[-90.03857,34.98431]},"properties":{"frp":1.12,"date":"2026-09-12","daynight":"N"}},{"type":"Feature","geometry":{"type":"Point","coordinates":[-92.71235,35.414]},"properties":{"frp":1.49,"date":"2026-09-12","daynight":"N"}},{"type":"Feature","geometry":{"type":"Point","coordinates":[-92.71089,35.4144]},"properties":{"frp":1.26,"date":"2026-09-12","daynight":"N"}},{"type":"Feature","geometry":{"type":"Point","coordinates":[-89.9478,35.60939]},"properties":{"frp":0.83,"date":"2026-09-12","daynight":"N"}},{"type":"Feature","geometry":{"type":"Point","coordinates":[-89.93308,35.65007]},"properties":{"frp":3.58,"date":"2026-09-12","daynight":"N"}},{"type":"Feature","geometry":{"type":"Point","coordinates":[-89.783,35.89081]},"properties":{"frp":1.11,"date":"2026-09-12","daynight":"N"}},{"type":"Feature","geometry":{"type":"Point","coordinates":[-89.71449,35.94576]},"properties":{"frp":1.45,"date":"2026-09-12","daynight":"N"}},{"type":"Feature","geometry":{"type":"Point","coordinates":[-95.81128,36.19334]},"properties":{"frp":1.79,"date":"2026-09-12","daynight":"N"}},{"type":"Feature","geometry":{"type":"Point","coordinates":[-95.81265,36.19434]},"properties":{"frp":1.95,"date":"2026-09-12","daynight":"N"}},{"type":"Feature","geometry":{"type":"Point","coordinates":[-114.91475,36.35805]},"properties":{"frp":3.32,"date":"2026-09-12","daynight":"N"}},{"type":"Feature","geometry":{"type":"Point","coordinates":[-114.91631,36.35955]},"properties":{"frp":3.23,"date":"2026-09-12","daynight":"N"}},{"type":"Feature","geometry":{"type":"Point","coordinates":[-106.78484,37.38365]},"properties":{"frp":0.87,"date":"2026-09-12","daynight":"N"}},{"type":"Feature","geometry":{"type":"Point","coordinates":[-106.76402,37.38552]},"properties":{"frp":4.63,"date":"2026-09-12","daynight":"N"}},{"type":"Feature","geometry":{"type":"Point","coordinates":[-106.76777,37.38591]},"properties":{"frp":4.63,"date":"2026-09-12","daynight":"N"}},{"type":"Feature","geometry":{"type":"Point","coordinates":[-106.77161,37.38632]},"properties":{"frp":3.12,"date":"2026-09-12","daynight":"N"}},{"type":"Feature","geometry":{"type":"Point","coordinates":[-106.7756,37.38674]},"properties":{"frp":3.12,"date":"2026-09-12","daynight":"N"}},{"type":"Feature","geometry":{"type":"Point","coordinates":[-106.77982,37.38718]},"properties":{"frp":1.36,"date":"2026-09-12","daynight":"N"}},{"type":"Feature","geometry":{"type":"Point","coordinates":[-106.78459,37.38768]},"properties":{"frp":1.36,"date":"2026-09-12","daynight":"N"}},{"type":"Feature","geometry":{"type":"Point","coordinates":[-106.75991,37.38914]},"properties":{"frp":1.43,"date":"2026-09-12","daynight":"N"}},{"type":"Feature","geometry":{"type":"Point","coordinates":[-106.76361,37.38953]},"properties":{"frp":4.63,"date":"2026-09-12","daynight":"N"}},{"type":"Feature","geometry":{"type":"Point","coordinates":[-106.76742,37.38993]},"properties":{"frp":4.63,"date":"2026-09-12","daynight":"N"}},{"type":"Feature","geometry":{"type":"Point","coordinates":[-106.77142,37.39035]},"properties":{"frp":3.12,"date":"2026-09-12","daynight":"N"}},{"type":"Feature","geometry":{"type":"Point","coordinates":[-106.77563,37.3908]},"properties":{"frp":3.12,"date":"2026-09-12","daynight":"N"}},{"type":"Feature","geometry":{"type":"Point","coordinates":[-106.78014,37.39127]},"properties":{"frp":1.36,"date":"2026-09-12","daynight":"N"}},{"type":"Feature","geometry":{"type":"Point","coordinates":[-106.75938,37.39314]},"properties":{"frp":4.62,"date":"2026-09-12","daynight":"N"}},{"type":"Feature","geometry":{"type":"Point","coordinates":[-106.7631,37.39353]},"properties":{"frp":3.95,"date":"2026-09-12","daynight":"N"}},{"type":"Feature","geometry":{"type":"Point","coordinates":[-106.76701,37.39394]},"properties":{"frp":3.95,"date":"2026-09-12","daynight":"N"}},{"type":"Feature","geometry":{"type":"Point","coordinates":[-106.77119,37.39438]},"properties":{"frp":2.71,"date":"2026-09-12","daynight":"N"}},{"type":"Feature","geometry":{"type":"Point","coordinates":[-90.07511,37.96749]},"properties":{"frp":3.24,"date":"2026-09-12","daynight":"N"}},{"type":"Feature","geometry":{"type":"Point","coordinates":[-90.08036,38.00762]},"properties":{"frp":2.2,"date":"2026-09-12","daynight":"N"}},{"type":"Feature","geometry":{"type":"Point","coordinates":[-90.07977,38.01055]},"properties":{"frp":2.26,"date":"2026-09-12","daynight":"N"}},{"type":"Feature","geometry":{"type":"Point","coordinates":[-104.60763,38.23618]},"properties":{"frp":1.78,"date":"2026-09-12","daynight":"N"}},{"type":"Feature","geometry":{"type":"Point","coordinates":[-94.66099,38.4904]},"properties":{"frp":2.44,"date":"2026-09-12","daynight":"N"}},{"type":"Feature","geometry":{"type":"Point","coordinates":[-94.65973,38.49418]},"properties":{"frp":2.44,"date":"2026-09-12","daynight":"N"}},{"type":"Feature","geometry":{"type":"Point","coordinates":[-90.14733,38.69341]},"properties":{"frp":2.44,"date":"2026-09-12","daynight":"N"}},{"type":"Feature","geometry":{"type":"Point","coordinates":[-90.13171,38.69389]},"properties":{"frp":9.02,"date":"2026-09-12","daynight":"N"}},{"type":"Feature","geometry":{"type":"Point","coordinates":[-90.15321,38.69421]},"properties":{"frp":3.08,"date":"2026-09-12","daynight":"N"}},{"type":"Feature","geometry":{"type":"Point","coordinates":[-90.13231,38.69484]},"properties":{"frp":15.42,"date":"2026-09-12","daynight":"N"}},{"type":"Feature","geometry":{"type":"Point","coordinates":[-90.15388,38.69503]},"properties":{"frp":2.44,"date":"2026-09-12","daynight":"N"}},{"type":"Feature","geometry":{"type":"Point","coordinates":[-90.13827,38.69556]},"properties":{"frp":11.36,"date":"2026-09-12","daynight":"N"}},{"type":"Feature","geometry":{"type":"Point","coordinates":[-90.13889,38.69645]},"properties":{"frp":15.42,"date":"2026-09-12","daynight":"N"}},{"type":"Feature","geometry":{"type":"Point","coordinates":[-90.14481,38.69721]},"properties":{"frp":11.36,"date":"2026-09-12","daynight":"N"}},{"type":"Feature","geometry":{"type":"Point","coordinates":[-90.13638,38.70021]},"properties":{"frp":1.24,"date":"2026-09-12","daynight":"N"}},{"type":"Feature","geometry":{"type":"Point","coordinates":[-91.76674,38.75994]},"properties":{"frp":0.93,"date":"2026-09-12","daynight":"N"}},{"type":"Feature","geometry":{"type":"Point","coordinates":[-90.06641,38.8357]},"properties":{"frp":1.77,"date":"2026-09-12","daynight":"N"}},{"type":"Feature","geometry":{"type":"Point","coordinates":[-90.06454,38.84037]},"properties":{"frp":1.77,"date":"2026-09-12","daynight":"N"}},{"type":"Feature","geometry":{"type":"Point","coordinates":[-112.81891,38.93614]},"properties":{"frp":0.55,"date":"2026-09-12","daynight":"N"}},{"type":"Feature","geometry":{"type":"Point","coordinates":[-112.8185,38.94181]},"properties":{"frp":0.56,"date":"2026-09-12","daynight":"N"}},{"type":"Feature","geometry":{"type":"Point","coordinates":[-93.83166,39.12068]},"properties":{"frp":1.18,"date":"2026-09-12","daynight":"N"}},{"type":"Feature","geometry":{"type":"Point","coordinates":[-105.3148,41.97383]},"properties":{"frp":2.84,"date":"2026-09-12","daynight":"N"}},{"type":"Feature","geometry":{"type":"Point","coordinates":[-105.307,41.97702]},"properties":{"frp":6.49,"date":"2026-09-12","daynight":"N"}},{"type":"Feature","geometry":{"type":"Point","coordinates":[-105.3143,41.97778]},"properties":{"frp":9.67,"date":"2026-09-12","daynight":"N"}},{"type":"Feature","geometry":{"type":"Point","coordinates":[-105.30637,41.98095]},"properties":{"frp":6.49,"date":"2026-09-12","daynight":"N"}},{"type":"Feature","geometry":{"type":"Point","coordinates":[-105.31361,41.9817]},"properties":{"frp":9.67,"date":"2026-09-12","daynight":"N"}},{"type":"Feature","geometry":{"type":"Point","coordinates":[-105.2992,41.9842]},"properties":{"frp":3.58,"date":"2026-09-12","daynight":"N"}},{"type":"Feature","geometry":{"type":"Point","coordinates":[-105.30576,41.98488]},"properties":{"frp":3.58,"date":"2026-09-12","daynight":"N"}},{"type":"Feature","geometry":{"type":"Point","coordinates":[-105.31269,41.9856]},"properties":{"frp":1.73,"date":"2026-09-12","daynight":"N"}},{"type":"Feature","geometry":{"type":"Point","coordinates":[-105.28568,41.98678]},"properties":{"frp":12.23,"date":"2026-09-12","daynight":"N"}},{"type":"Feature","geometry":{"type":"Point","coordinates":[-105.29224,41.98746]},"properties":{"frp":12.23,"date":"2026-09-12","daynight":"N"}},{"type":"Feature","geometry":{"type":"Point","coordinates":[-105.29874,41.98814]},"properties":{"frp":3.58,"date":"2026-09-12","daynight":"N"}},{"type":"Feature","geometry":{"type":"Point","coordinates":[-105.27876,41.99005]},"properties":{"frp":8.73,"date":"2026-09-12","daynight":"N"}},{"type":"Feature","geometry":{"type":"Point","coordinates":[-105.28548,41.99075]},"properties":{"frp":18.72,"date":"2026-09-12","daynight":"N"}},{"type":"Feature","geometry":{"type":"Point","coordinates":[-105.29209,41.99144]},"properties":{"frp":18.72,"date":"2026-09-12","daynight":"N"}},{"type":"Feature","geometry":{"type":"Point","coordinates":[-105.27179,41.99331]},"properties":{"frp":8.73,"date":"2026-09-12","daynight":"N"}},{"type":"Feature","geometry":{"type":"Point","coordinates":[-105.27857,41.99402]},"properties":{"frp":8.73,"date":"2026-09-12","daynight":"N"}},{"type":"Feature","geometry":{"type":"Point","coordinates":[-105.28539,41.99473]},"properties":{"frp":18.72,"date":"2026-09-12","daynight":"N"}},{"type":"Feature","geometry":{"type":"Point","coordinates":[-105.27138,41.99725]},"properties":{"frp":2.85,"date":"2026-09-12","daynight":"N"}},{"type":"Feature","geometry":{"type":"Point","coordinates":[-98.03064,29.57671]},"properties":{"frp":2.35,"date":"2026-09-12","daynight":"N"}},{"type":"Feature","geometry":{"type":"Point","coordinates":[-98.03602,29.57775]},"properties":{"frp":2.35,"date":"2026-09-12","daynight":"N"}},{"type":"Feature","geometry":{"type":"Point","coordinates":[-95.02925,29.61569]},"properties":{"frp":0.99,"date":"2026-09-12","daynight":"N"}},{"type":"Feature","geometry":{"type":"Point","coordinates":[-95.0472,29.62117]},"properties":{"frp":1.73,"date":"2026-09-12","daynight":"N"}},{"type":"Feature","geometry":{"type":"Point","coordinates":[-95.04872,29.62465]},"properties":{"frp":1.31,"date":"2026-09-12","daynight":"N"}},{"type":"Feature","geometry":{"type":"Point","coordinates":[-94.15141,29.64729]},"properties":{"frp":5.13,"date":"2026-09-12","daynight":"N"}},{"type":"Feature","geometry":{"type":"Point","coordinates":[-94.14939,29.64741]},"properties":{"frp":5.36,"date":"2026-09-12","daynight":"N"}},{"type":"Feature","geometry":{"type":"Point","coordinates":[-94.15723,29.6486]},"properties":{"frp":5.13,"date":"2026-09-12","daynight":"N"}},{"type":"Feature","geometry":{"type":"Point","coordinates":[-94.1552,29.64875]},"properties":{"frp":4.91,"date":"2026-09-12","daynight":"N"}},{"type":"Feature","geometry":{"type":"Point","coordinates":[-94.161,29.65009]},"properties":{"frp":4.91,"date":"2026-09-12","daynight":"N"}},{"type":"Feature","geometry":{"type":"Point","coordinates":[-94.14417,29.65067]},"properties":{"frp":9.47,"date":"2026-09-12","daynight":"N"}},{"type":"Feature","geometry":{"type":"Point","coordinates":[-94.14219,29.65074]},"properties":{"frp":5.36,"date":"2026-09-12","daynight":"N"}},{"type":"Feature","geometry":{"type":"Point","coordinates":[-94.15,29.65197]},"properties":{"frp":5.13,"date":"2026-09-12","daynight":"N"}},{"type":"Feature","geometry":{"type":"Point","coordinates":[-94.148,29.65208]},"properties":{"frp":5.36,"date":"2026-09-12","daynight":"N"}},{"type":"Feature","geometry":{"type":"Point","coordinates":[-94.16165,29.65457]},"properties":{"frp":9.85,"date":"2026-09-12","daynight":"N"}},{"type":"Feature","geometry":{"type":"Point","coordinates":[-94.15961,29.65477]},"properties":{"frp":4.91,"date":"2026-09-12","daynight":"N"}},{"type":"Feature","geometry":{"type":"Point","coordinates":[-94.14277,29.65535]},"properties":{"frp":5.03,"date":"2026-09-12","daynight":"N"}},{"type":"Feature","geometry":{"type":"Point","coordinates":[-94.1408,29.65542]},"properties":{"frp":2.41,"date":"2026-09-12","daynight":"N"}},{"type":"Feature","geometry":{"type":"Point","coordinates":[-94.16541,29.65611]},"properties":{"frp":4.75,"date":"2026-09-12","daynight":"N"}},{"type":"Feature","geometry":{"type":"Point","coordinates":[-94.14661,29.65677]},"properties":{"frp":2.41,"date":"2026-09-12","daynight":"N"}},{"type":"Feature","geometry":{"type":"Point","coordinates":[-94.16025,29.65925]},"properties":{"frp":4.65,"date":"2026-09-12","daynight":"N"}},{"type":"Feature","geometry":{"type":"Point","coordinates":[-94.15822,29.65944]},"properties":{"frp":4.76,"date":"2026-09-12","daynight":"N"}},{"type":"Feature","geometry":{"type":"Point","coordinates":[-94.16402,29.66078]},"properties":{"frp":5.42,"date":"2026-09-12","daynight":"N"}},{"type":"Feature","geometry":{"type":"Point","coordinates":[-94.15884,29.66393]},"properties":{"frp":4.65,"date":"2026-09-12","daynight":"N"}},{"type":"Feature","geometry":{"type":"Point","coordinates":[-94.16122,29.67012]},"properties":{"frp":1.72,"date":"2026-09-12","daynight":"N"}},{"type":"Feature","geometry":{"type":"Point","coordinates":[-94.15984,29.6748]},"properties":{"frp":1.72,"date":"2026-09-12","daynight":"N"}},{"type":"Feature","geometry":{"type":"Point","coordinates":[-95.12061,29.72701]},"properties":{"frp":3.29,"date":"2026-09-12","daynight":"N"}},{"type":"Feature","geometry":{"type":"Point","coordinates":[-95.13333,29.73917]},"properties":{"frp":2.67,"date":"2026-09-12","daynight":"N"}},{"type":"Feature","geometry":{"type":"Point","coordinates":[-93.96468,29.8357]},"properties":{"frp":3.53,"date":"2026-09-12","daynight":"N"}},{"type":"Feature","geometry":{"type":"Point","coordinates":[-93.96634,29.83626]},"properties":{"frp":2.35,"date":"2026-09-12","daynight":"N"}},{"type":"Feature","geometry":{"type":"Point","coordinates":[-90.59749,30.06373]},"properties":{"frp":2.03,"date":"2026-09-12","daynight":"N"}},{"type":"Feature","geometry":{"type":"Point","coordinates":[-93.78542,30.0658]},"properties":{"frp":2.61,"date":"2026-09-12","daynight":"N"}},{"type":"Feature","geometry":{"type":"Point","coordinates":[-91.23871,30.32606]},"properties":{"frp":0.75,"date":"2026-09-12","daynight":"N"}},{"type":"Feature","geometry":{"type":"Point","coordinates":[-91.24284,30.3271]},"properties":{"frp":0.75,"date":"2026-09-12","daynight":"N"}},{"type":"Feature","geometry":{"type":"Point","coordinates":[-91.17638,30.48504]},"properties":{"frp":1.8,"date":"2026-09-12","daynight":"N"}},{"type":"Feature","geometry":{"type":"Point","coordinates":[-91.17781,30.48579]},"properties":{"frp":3.43,"date":"2026-09-12","daynight":"N"}},{"type":"Feature","geometry":{"type":"Point","coordinates":[-91.18053,30.4861]},"properties":{"frp":2.37,"date":"2026-09-12","daynight":"N"}},{"type":"Feature","geometry":{"type":"Point","coordinates":[-109.62986,30.4982]},"properties":{"frp":4.96,"date":"2026-09-12","daynight":"N"}},{"type":"Feature","geometry":{"type":"Point","coordinates":[-109.63464,30.49869]},"properties":{"frp":4.96,"date":"2026-09-12","daynight":"N"}},{"type":"Feature","geometry":{"type":"Point","coordinates":[-91.24197,30.58344]},"properties":{"frp":0.67,"date":"2026-09-12","daynight":"N"}},{"type":"Feature","geometry":{"type":"Point","coordinates":[-93.19263,30.74819]},"properties":{"frp":0.32,"date":"2026-09-12","daynight":"N"}},{"type":"Feature","geometry":{"type":"Point","coordinates":[-93.1906,30.74986]},"properties":{"frp":0.98,"date":"2026-09-12","daynight":"N"}},{"type":"Feature","geometry":{"type":"Point","coordinates":[-92.10193,30.81161]},"properties":{"frp":0.95,"date":"2026-09-12","daynight":"N"}},{"type":"Feature","geometry":{"type":"Point","coordinates":[-96.16826,31.35225]},"properties":{"frp":2.6,"date":"2026-09-12","daynight":"N"}},{"type":"Feature","geometry":{"type":"Point","coordinates":[-96.17248,31.35313]},"properties":{"frp":1.67,"date":"2026-09-12","daynight":"N"}},{"type":"Feature","geometry":{"type":"Point","coordinates":[-103.49052,31.37761]},"properties":{"frp":1.86,"date":"2026-09-12","daynight":"N"}},{"type":"Feature","geometry":{"type":"Point","coordinates":[-101.96336,31.53468]},"properties":{"frp":1.03,"date":"2026-09-12","daynight":"N"}},{"type":"Feature","geometry":{"type":"Point","coordinates":[-101.96738,31.53532]},"properties":{"frp":1.02,"date":"2026-09-12","daynight":"N"}},{"type":"Feature","geometry":{"type":"Point","coordinates":[-95.92006,31.60514]},"properties":{"frp":0.97,"date":"2026-09-12","daynight":"N"}},{"type":"Feature","geometry":{"type":"Point","coordinates":[-101.81628,31.62342]},"properties":{"frp":0.78,"date":"2026-09-12","daynight":"N"}},{"type":"Feature","geometry":{"type":"Point","coordinates":[-101.8203,31.62407]},"properties":{"frp":0.78,"date":"2026-09-12","daynight":"N"}},{"type":"Feature","geometry":{"type":"Point","coordinates":[-104.04465,31.65254]},"properties":{"frp":0.97,"date":"2026-09-12","daynight":"N"}},{"type":"Feature","geometry":{"type":"Point","coordinates":[-97.58989,31.70771]},"properties":{"frp":0.79,"date":"2026-09-12","daynight":"N"}},{"type":"Feature","geometry":{"type":"Point","coordinates":[-97.59315,31.7086]},"properties":{"frp":1.26,"date":"2026-09-12","daynight":"N"}},{"type":"Feature","geometry":{"type":"Point","coordinates":[-101.69859,31.72689]},"properties":{"frp":3.38,"date":"2026-09-12","daynight":"N"}},{"type":"Feature","geometry":{"type":"Point","coordinates":[-101.69785,31.73018]},"properties":{"frp":1.0,"date":"2026-09-12","daynight":"N"}},{"type":"Feature","geometry":{"type":"Point","coordinates":[-102.04892,31.80056]},"properties":{"frp":1.45,"date":"2026-09-12","daynight":"N"}},{"type":"Feature","geometry":{"type":"Point","coordinates":[-102.05294,31.80121]},"properties":{"frp":1.45,"date":"2026-09-12","daynight":"N"}},{"type":"Feature","geometry":{"type":"Point","coordinates":[-103.67364,31.96553]},"properties":{"frp":0.96,"date":"2026-09-12","daynight":"N"}},{"type":"Feature","geometry":{"type":"Point","coordinates":[-102.42932,32.13022]},"properties":{"frp":2.34,"date":"2026-09-12","daynight":"N"}},{"type":"Feature","geometry":{"type":"Point","coordinates":[-102.43335,32.13085]},"properties":{"frp":2.31,"date":"2026-09-12","daynight":"N"}},{"type":"Feature","geometry":{"type":"Point","coordinates":[-103.52448,32.21461]},"properties":{"frp":0.75,"date":"2026-09-12","daynight":"N"}},{"type":"Feature","geometry":{"type":"Point","coordinates":[-103.52725,32.22187]},"properties":{"frp":1.08,"date":"2026-09-12","daynight":"N"}},{"type":"Feature","geometry":{"type":"Point","coordinates":[-103.5314,32.22248]},"properties":{"frp":0.78,"date":"2026-09-12","daynight":"N"}},{"type":"Feature","geometry":{"type":"Point","coordinates":[-101.90176,32.24378]},"properties":{"frp":2.04,"date":"2026-09-12","daynight":"N"}},{"type":"Feature","geometry":{"type":"Point","coordinates":[-97.55288,32.24622]},"properties":{"frp":2.07,"date":"2026-09-12","daynight":"N"}},{"type":"Feature","geometry":{"type":"Point","coordinates":[-97.55109,32.24668]},"properties":{"frp":1.94,"date":"2026-09-12","daynight":"N"}},{"type":"Feature","geometry":{"type":"Point","coordinates":[-101.41741,32.27449]},"properties":{"frp":2.27,"date":"2026-09-12","daynight":"N"}},{"type":"Feature","geometry":{"type":"Point","coordinates":[-101.40779,32.27974]},"properties":{"frp":2.1,"date":"2026-09-12","daynight":"N"}},{"type":"Feature","geometry":{"type":"Point","coordinates":[-101.1446,32.65614]},"properties":{"frp":0.85,"date":"2026-09-12","daynight":"N"}},{"type":"Feature","geometry":{"type":"Point","coordinates":[-103.78579,32.70081]},"properties":{"frp":0.75,"date":"2026-09-12","daynight":"N"}},{"type":"Feature","geometry":{"type":"Point","coordinates":[-103.79003,32.70143]},"properties":{"frp":0.75,"date":"2026-09-12","daynight":"N"}},{"type":"Feature","geometry":{"type":"Point","coordinates":[-105.25992,33.26434]},"properties":{"frp":0.46,"date":"2026-09-12","daynight":"N"}},{"type":"Feature","geometry":{"type":"Point","coordinates":[-105.2593,33.26788]},"properties":{"frp":0.83,"date":"2026-09-12","daynight":"N"}},{"type":"Feature","geometry":{"type":"Point","coordinates":[-105.24923,33.27017]},"properties":{"frp":1.35,"date":"2026-09-12","daynight":"N"}},{"type":"Feature","geometry":{"type":"Point","coordinates":[-105.25394,33.27079]},"properties":{"frp":1.35,"date":"2026-09-12","daynight":"N"}},{"type":"Feature","geometry":{"type":"Point","coordinates":[-105.25867,33.27141]},"properties":{"frp":0.83,"date":"2026-09-12","daynight":"N"}},{"type":"Feature","geometry":{"type":"Point","coordinates":[-110.86269,33.41885]},"properties":{"frp":5.15,"date":"2026-09-12","daynight":"N"}},{"type":"Feature","geometry":{"type":"Point","coordinates":[-117.33949,34.61267]},"properties":{"frp":1.64,"date":"2026-09-12","daynight":"N"}},{"type":"Feature","geometry":{"type":"Point","coordinates":[-99.39283,25.50991]},"properties":{"frp":1.45,"date":"2026-09-12","daynight":"N"}},{"type":"Feature","geometry":{"type":"Point","coordinates":[-99.93375,25.57779]},"properties":{"frp":3.55,"date":"2026-09-12","daynight":"N"}},{"type":"Feature","geometry":{"type":"Point","coordinates":[-99.9386,25.5787]},"properties":{"frp":4.28,"date":"2026-09-12","daynight":"N"}},{"type":"Feature","geometry":{"type":"Point","coordinates":[-99.94578,25.59153]},"properties":{"frp":3.32,"date":"2026-09-12","daynight":"N"}},{"type":"Feature","geometry":{"type":"Point","coordinates":[-100.9212,25.60375]},"properties":{"frp":2.14,"date":"2026-09-12","daynight":"N"}},{"type":"Feature","geometry":{"type":"Point","coordinates":[-100.26809,25.69689]},"properties":{"frp":1.64,"date":"2026-09-12","daynight":"N"}},{"type":"Feature","geometry":{"type":"Point","coordinates":[-100.27276,25.69774]},"properties":{"frp":1.64,"date":"2026-09-12","daynight":"N"}},{"type":"Feature","geometry":{"type":"Point","coordinates":[-100.30591,25.72254]},"properties":{"frp":3.74,"date":"2026-09-12","daynight":"N"}},{"type":"Feature","geometry":{"type":"Point","coordinates":[-100.10307,25.72293]},"properties":{"frp":1.9,"date":"2026-09-12","daynight":"N"}},{"type":"Feature","geometry":{"type":"Point","coordinates":[-103.79267,47.73143]},"properties":{"frp":1.53,"date":"2026-09-12","daynight":"N"}},{"type":"Feature","geometry":{"type":"Point","coordinates":[-103.79147,47.73383]},"properties":{"frp":1.64,"date":"2026-09-12","daynight":"N"}},{"type":"Feature","geometry":{"type":"Point","coordinates":[-102.91059,48.09957]},"properties":{"frp":0.83,"date":"2026-09-12","daynight":"N"}},{"type":"Feature","geometry":{"type":"Point","coordinates":[-102.86794,48.10104]},"properties":{"frp":6.16,"date":"2026-09-12","daynight":"N"}},{"type":"Feature","geometry":{"type":"Point","coordinates":[-102.87295,48.10108]},"properties":{"frp":14.55,"date":"2026-09-12","daynight":"N"}},{"type":"Feature","geometry":{"type":"Point","coordinates":[-102.87451,48.10339]},"properties":{"frp":6.16,"date":"2026-09-12","daynight":"N"}},{"type":"Feature","geometry":{"type":"Point","coordinates":[-120.85343,48.36073]},"properties":{"frp":1.27,"date":"2026-09-12","daynight":"N"}},{"type":"Feature","geometry":{"type":"Point","coordinates":[-121.12976,48.78226]},"properties":{"frp":2.13,"date":"2026-09-12","daynight":"N"}},{"type":"Feature","geometry":{"type":"Point","coordinates":[-121.1185,48.78385]},"properties":{"frp":0.84,"date":"2026-09-12","daynight":"N"}},{"type":"Feature","geometry":{"type":"Point","coordinates":[-121.12351,48.78468]},"properties":{"frp":1.32,"date":"2026-09-12","daynight":"N"}},{"type":"Feature","geometry":{"type":"Point","coordinates":[-121.12852,48.7855]},"properties":{"frp":1.32,"date":"2026-09-12","daynight":"N"}},{"type":"Feature","geometry":{"type":"Point","coordinates":[-112.81985,38.93709]},"properties":{"frp":2.27,"date":"2026-09-12","daynight":"N"}},{"type":"Feature","geometry":{"type":"Point","coordinates":[-122.96423,39.20654]},"properties":{"frp":0.54,"date":"2026-09-12","daynight":"N"}},{"type":"Feature","geometry":{"type":"Point","coordinates":[-122.94959,39.20744]},"properties":{"frp":5.51,"date":"2026-09-12","daynight":"N"}},{"type":"Feature","geometry":{"type":"Point","coordinates":[-122.95894,39.20913]},"properties":{"frp":0.85,"date":"2026-09-12","daynight":"N"}},{"type":"Feature","geometry":{"type":"Point","coordinates":[-122.9635,39.20995]},"properties":{"frp":0.85,"date":"2026-09-12","daynight":"N"}},{"type":"Feature","geometry":{"type":"Point","coordinates":[-122.94866,39.21082]},"properties":{"frp":5.51,"date":"2026-09-12","daynight":"N"}},{"type":"Feature","geometry":{"type":"Point","coordinates":[-122.95351,39.2117]},"properties":{"frp":5.51,"date":"2026-09-12","daynight":"N"}},{"type":"Feature","geometry":{"type":"Point","coordinates":[-122.95818,39.21254]},"properties":{"frp":0.85,"date":"2026-09-12","daynight":"N"}},{"type":"Feature","geometry":{"type":"Point","coordinates":[-122.96278,39.21336]},"properties":{"frp":0.85,"date":"2026-09-12","daynight":"N"}},{"type":"Feature","geometry":{"type":"Point","coordinates":[-122.95135,39.21839]},"properties":{"frp":5.88,"date":"2026-09-12","daynight":"N"}},{"type":"Feature","geometry":{"type":"Point","coordinates":[-122.95628,39.21928]},"properties":{"frp":3.8,"date":"2026-09-12","daynight":"N"}},{"type":"Feature","geometry":{"type":"Point","coordinates":[-122.96112,39.22015]},"properties":{"frp":3.8,"date":"2026-09-12","daynight":"N"}},{"type":"Feature","geometry":{"type":"Point","coordinates":[-122.95018,39.22173]},"properties":{"frp":3.43,"date":"2026-09-12","daynight":"N"}},{"type":"Feature","geometry":{"type":"Point","coordinates":[-122.99455,39.22261]},"properties":{"frp":0.73,"date":"2026-09-12","daynight":"N"}},{"type":"Feature","geometry":{"type":"Point","coordinates":[-122.95519,39.22263]},"properties":{"frp":6.9,"date":"2026-09-12","daynight":"N"}},{"type":"Feature","geometry":{"type":"Point","coordinates":[-122.96011,39.22351]},"properties":{"frp":6.9,"date":"2026-09-12","daynight":"N"}},{"type":"Feature","geometry":{"type":"Point","coordinates":[-122.94904,39.22506]},"properties":{"frp":3.43,"date":"2026-09-12","daynight":"N"}},{"type":"Feature","geometry":{"type":"Point","coordinates":[-122.99377,39.22602]},"properties":{"frp":0.73,"date":"2026-09-12","daynight":"N"}},{"type":"Feature","geometry":{"type":"Point","coordinates":[-122.9479,39.2284]},"properties":{"frp":1.03,"date":"2026-09-12","daynight":"N"}},{"type":"Feature","geometry":{"type":"Point","coordinates":[-122.95306,39.22932]},"properties":{"frp":1.18,"date":"2026-09-12","daynight":"N"}},{"type":"Feature","geometry":{"type":"Point","coordinates":[-122.993,39.22941]},"properties":{"frp":0.87,"date":"2026-09-12","daynight":"N"}},{"type":"Feature","geometry":{"type":"Point","coordinates":[-122.99769,39.23026]},"properties":{"frp":0.87,"date":"2026-09-12","daynight":"N"}},{"type":"Feature","geometry":{"type":"Point","coordinates":[-122.97831,39.23031]},"properties":{"frp":0.7,"date":"2026-09-12","daynight":"N"}},{"type":"Feature","geometry":{"type":"Point","coordinates":[-122.96288,39.23108]},"properties":{"frp":0.74,"date":"2026-09-12","daynight":"N"}},{"type":"Feature","geometry":{"type":"Point","coordinates":[-122.98294,39.23114]},"properties":{"frp":0.94,"date":"2026-09-12","daynight":"N"}},{"type":"Feature","geometry":{"type":"Point","coordinates":[-122.96772,39.23195]},"properties":{"frp":0.74,"date":"2026-09-12","daynight":"N"}},{"type":"Feature","geometry":{"type":"Point","coordinates":[-122.98753,39.23197]},"properties":{"frp":0.94,"date":"2026-09-12","daynight":"N"}},{"type":"Feature","geometry":{"type":"Point","coordinates":[-122.95182,39.23264]},"properties":{"frp":1.18,"date":"2026-09-12","daynight":"N"}},{"type":"Feature","geometry":{"type":"Point","coordinates":[-122.99224,39.23281]},"properties":{"frp":0.87,"date":"2026-09-12","daynight":"N"}},{"type":"Feature","geometry":{"type":"Point","coordinates":[-122.95065,39.23598]},"properties":{"frp":1.42,"date":"2026-09-12","daynight":"N"}},{"type":"Feature","geometry":{"type":"Point","coordinates":[-122.95567,39.23688]},"properties":{"frp":1.42,"date":"2026-09-12","daynight":"N"}},{"type":"Feature","geometry":{"type":"Point","coordinates":[-122.9859,39.23874]},"properties":{"frp":0.77,"date":"2026-09-12","daynight":"N"}},{"type":"Feature","geometry":{"type":"Point","coordinates":[-122.94949,39.23932]},"properties":{"frp":1.42,"date":"2026-09-12","daynight":"N"}},{"type":"Feature","geometry":{"type":"Point","coordinates":[-122.95447,39.2402]},"properties":{"frp":1.42,"date":"2026-09-12","daynight":"N"}},{"type":"Feature","geometry":{"type":"Point","coordinates":[-122.95953,39.2411]},"properties":{"frp":2.05,"date":"2026-09-12","daynight":"N"}},{"type":"Feature","geometry":{"type":"Point","coordinates":[-122.98019,39.24126]},"properties":{"frp":0.45,"date":"2026-09-12","daynight":"N"}},{"type":"Feature","geometry":{"type":"Point","coordinates":[-122.96451,39.24199]},"properties":{"frp":2.05,"date":"2026-09-12","daynight":"N"}},{"type":"Feature","geometry":{"type":"Point","coordinates":[-122.96932,39.24286]},"properties":{"frp":0.97,"date":"2026-09-12","daynight":"N"}},{"type":"Feature","geometry":{"type":"Point","coordinates":[-122.95329,39.24354]},"properties":{"frp":0.39,"date":"2026-09-12","daynight":"N"}},{"type":"Feature","geometry":{"type":"Point","coordinates":[-122.9742,39.24372]},"properties":{"frp":0.97,"date":"2026-09-12","daynight":"N"}},{"type":"Feature","geometry":{"type":"Point","coordinates":[-122.9583,39.24443]},"properties":{"frp":5.55,"date":"2026-09-12","daynight":"N"}},{"type":"Feature","geometry":{"type":"Point","coordinates":[-122.97907,39.2446]},"properties":{"frp":0.45,"date":"2026-09-12","daynight":"N"}},{"type":"Feature","geometry":{"type":"Point","coordinates":[-122.96326,39.24532]},"properties":{"frp":5.55,"date":"2026-09-12","daynight":"N"}},{"type":"Feature","geometry":{"type":"Point","coordinates":[-122.95706,39.24776]},"properties":{"frp":5.55,"date":"2026-09-12","daynight":"N"}},{"type":"Feature","geometry":{"type":"Point","coordinates":[-117.66216,41.54472]},"properties":{"frp":1.03,"date":"2026-09-12","daynight":"N"}},{"type":"Feature","geometry":{"type":"Point","coordinates":[-117.66595,41.54557]},"properties":{"frp":1.22,"date":"2026-09-12","daynight":"N"}},{"type":"Feature","geometry":{"type":"Point","coordinates":[-105.31145,41.97496]},"properties":{"frp":2.23,"date":"2026-09-12","daynight":"N"}},{"type":"Feature","geometry":{"type":"Point","coordinates":[-105.31763,41.97711]},"properties":{"frp":2.23,"date":"2026-09-12","daynight":"N"}},{"type":"Feature","geometry":{"type":"Point","coordinates":[-105.30672,41.97923]},"properties":{"frp":4.52,"date":"2026-09-12","daynight":"N"}},{"type":"Feature","geometry":{"type":"Point","coordinates":[-105.30746,41.98143]},"properties":{"frp":6.77,"date":"2026-09-12","daynight":"N"}},{"type":"Feature","geometry":{"type":"Point","coordinates":[-105.31333,41.98158]},"properties":{"frp":4.52,"date":"2026-09-12","daynight":"N"}},{"type":"Feature","geometry":{"type":"Point","coordinates":[-105.28703,41.98805]},"properties":{"frp":9.16,"date":"2026-09-12","daynight":"N"}},{"type":"Feature","geometry":{"type":"Point","coordinates":[-105.28685,41.99001]},"properties":{"frp":13.62,"date":"2026-09-12","daynight":"N"}},{"type":"Feature","geometry":{"type":"Point","coordinates":[-105.29485,41.99081]},"properties":{"frp":12.64,"date":"2026-09-12","daynight":"N"}},{"type":"Feature","geometry":{"type":"Point","coordinates":[-105.29468,41.99273]},"properties":{"frp":15.95,"date":"2026-09-12","daynight":"N"}},{"type":"Feature","geometry":{"type":"Point","coordinates":[-105.27254,41.99292]},"properties":{"frp":13.62,"date":"2026-09-12","daynight":"N"}},{"type":"Feature","geometry":{"type":"Point","coordinates":[-105.27991,41.99343]},"properties":{"frp":13.04,"date":"2026-09-12","daynight":"N"}},{"type":"Feature","geometry":{"type":"Point","coordinates":[-105.27992,41.99548]},"properties":{"frp":13.62,"date":"2026-09-12","daynight":"N"}},{"type":"Feature","geometry":{"type":"Point","coordinates":[-105.28741,41.99607]},"properties":{"frp":12.8,"date":"2026-09-12","daynight":"N"}},{"type":"Feature","geometry":{"type":"Point","coordinates":[-105.27464,41.99946]},"properties":{"frp":13.04,"date":"2026-09-12","daynight":"N"}},{"type":"Feature","geometry":{"type":"Point","coordinates":[-122.77522,42.38261]},"properties":{"frp":0.96,"date":"2026-09-12","daynight":"N"}},{"type":"Feature","geometry":{"type":"Point","coordinates":[-111.58999,42.6812]},"properties":{"frp":1.95,"date":"2026-09-12","daynight":"N"}},{"type":"Feature","geometry":{"type":"Point","coordinates":[-111.58759,42.68624]},"properties":{"frp":8.9,"date":"2026-09-12","daynight":"N"}},{"type":"Feature","geometry":{"type":"Point","coordinates":[-121.10709,42.86595]},"properties":{"frp":1.65,"date":"2026-09-12","daynight":"N"}},{"type":"Feature","geometry":{"type":"Point","coordinates":[-121.11216,42.86689]},"properties":{"frp":1.81,"date":"2026-09-12","daynight":"N"}},{"type":"Feature","geometry":{"type":"Point","coordinates":[-121.10596,42.86934]},"properties":{"frp":1.65,"date":"2026-09-12","daynight":"N"}},{"type":"Feature","geometry":{"type":"Point","coordinates":[-121.111,42.87028]},"properties":{"frp":1.81,"date":"2026-09-12","daynight":"N"}},{"type":"Feature","geometry":{"type":"Point","coordinates":[-115.66916,43.1466]},"properties":{"frp":1.29,"date":"2026-09-12","daynight":"N"}},{"type":"Feature","geometry":{"type":"Point","coordinates":[-115.08877,43.54267]},"properties":{"frp":1.86,"date":"2026-09-12","daynight":"N"}},{"type":"Feature","geometry":{"type":"Point","coordinates":[-115.09504,43.54419]},"properties":{"frp":1.86,"date":"2026-09-12","daynight":"N"}},{"type":"Feature","geometry":{"type":"Point","coordinates":[-115.10107,43.54565]},"properties":{"frp":2.03,"date":"2026-09-12","daynight":"N"}},{"type":"Feature","geometry":{"type":"Point","coordinates":[-115.10654,43.54697]},"properties":{"frp":2.03,"date":"2026-09-12","daynight":"N"}},{"type":"Feature","geometry":{"type":"Point","coordinates":[-110.86812,33.41654]},"properties":{"frp":10.68,"date":"2026-09-12","daynight":"N"}},{"type":"Feature","geometry":{"type":"Point","coordinates":[-110.86656,33.4167]},"properties":{"frp":12.68,"date":"2026-09-12","daynight":"N"}},{"type":"Feature","geometry":{"type":"Point","coordinates":[-110.86561,33.42322]},"properties":{"frp":2.89,"date":"2026-09-12","daynight":"N"}},{"type":"Feature","geometry":{"type":"Point","coordinates":[-117.33739,34.6089]},"properties":{"frp":2.7,"date":"2026-09-12","daynight":"N"}},{"type":"Feature","geometry":{"type":"Point","coordinates":[-114.91419,36.35707]},"properties":{"frp":1.6,"date":"2026-09-12","daynight":"N"}},{"type":"Feature","geometry":{"type":"Point","coordinates":[-121.93273,38.00452]},"properties":{"frp":0.86,"date":"2026-09-12","daynight":"N"}},{"type":"Feature","geometry":{"type":"Point","coordinates":[-89.12408,31.50651]},"properties":{"frp":4.54,"date":"2026-09-12","daynight":"D"}},{"type":"Feature","geometry":{"type":"Point","coordinates":[-79.88551,33.01372]},"properties":{"frp":7.59,"date":"2026-09-12","daynight":"D"}},{"type":"Feature","geometry":{"type":"Point","coordinates":[-88.56892,33.43668]},"properties":{"frp":3.13,"date":"2026-09-12","daynight":"D"}},{"type":"Feature","geometry":{"type":"Point","coordinates":[-88.57025,33.44086]},"properties":{"frp":4.07,"date":"2026-09-12","daynight":"D"}},{"type":"Feature","geometry":{"type":"Point","coordinates":[-90.85473,33.85585]},"properties":{"frp":8.09,"date":"2026-09-12","daynight":"D"}},{"type":"Feature","geometry":{"type":"Point","coordinates":[-90.85303,33.85607]},"properties":{"frp":5.9,"date":"2026-09-12","daynight":"D"}},{"type":"Feature","geometry":{"type":"Point","coordinates":[-90.84993,33.85715]},"properties":{"frp":5.33,"date":"2026-09-12","daynight":"D"}},{"type":"Feature","geometry":{"type":"Point","coordinates":[-90.85206,33.86277]},"properties":{"frp":5.33,"date":"2026-09-12","daynight":"D"}},{"type":"Feature","geometry":{"type":"Point","coordinates":[-90.85036,33.86296]},"properties":{"frp":5.9,"date":"2026-09-12","daynight":"D"}},{"type":"Feature","geometry":{"type":"Point","coordinates":[-92.06551,34.49408]},"properties":{"frp":6.64,"date":"2026-09-12","daynight":"D"}},{"type":"Feature","geometry":{"type":"Point","coordinates":[-92.07332,34.49843]},"properties":{"frp":6.64,"date":"2026-09-12","daynight":"D"}},{"type":"Feature","geometry":{"type":"Point","coordinates":[-92.07115,34.49961]},"properties":{"frp":5.2,"date":"2026-09-12","daynight":"D"}},{"type":"Feature","geometry":{"type":"Point","coordinates":[-81.57818,34.55662]},"properties":{"frp":7.32,"date":"2026-09-12","daynight":"D"}},{"type":"Feature","geometry":{"type":"Point","coordinates":[-81.57343,34.55748]},"properties":{"frp":7.32,"date":"2026-09-12","daynight":"D"}},{"type":"Feature","geometry":{"type":"Point","coordinates":[-91.92131,34.58765]},"properties":{"frp":31.19,"date":"2026-09-12","daynight":"D"}},{"type":"Feature","geometry":{"type":"Point","coordinates":[-91.91603,34.58913]},"properties":{"frp":33.83,"date":"2026-09-12","daynight":"D"}},{"type":"Feature","geometry":{"type":"Point","coordinates":[-91.37857,34.86245]},"properties":{"frp":8.06,"date":"2026-09-12","daynight":"D"}},{"type":"Feature","geometry":{"type":"Point","coordinates":[-91.37366,34.8638]},"properties":{"frp":8.06,"date":"2026-09-12","daynight":"D"}},{"type":"Feature","geometry":{"type":"Point","coordinates":[-91.38078,34.86808]},"properties":{"frp":7.54,"date":"2026-09-12","daynight":"D"}},{"type":"Feature","geometry":{"type":"Point","coordinates":[-90.97727,34.93227]},"properties":{"frp":4.46,"date":"2026-09-12","daynight":"D"}},{"type":"Feature","geometry":{"type":"Point","coordinates":[-90.97994,34.93403]},"properties":{"frp":8.72,"date":"2026-09-12","daynight":"D"}},{"type":"Feature","geometry":{"type":"Point","coordinates":[-90.97946,34.93777]},"properties":{"frp":3.17,"date":"2026-09-12","daynight":"D"}},{"type":"Feature","geometry":{"type":"Point","coordinates":[-90.93311,35.18871]},"properties":{"frp":15.96,"date":"2026-09-12","daynight":"D"}},{"type":"Feature","geometry":{"type":"Point","coordinates":[-90.92855,35.18995]},"properties":{"frp":15.14,"date":"2026-09-12","daynight":"D"}},{"type":"Feature","geometry":{"type":"Point","coordinates":[-90.07917,38.00589]},"properties":{"frp":2.06,"date":"2026-09-12","daynight":"D"}},{"type":"Feature","geometry":{"type":"Point","coordinates":[-79.85143,40.39194]},"properties":{"frp":3.29,"date":"2026-09-12","daynight":"D"}},{"type":"Feature","geometry":{"type":"Point","coordinates":[-93.82967,39.11843]},"properties":{"frp":2.89,"date":"2026-09-12","daynight":"D"}},{"type":"Feature","geometry":{"type":"Point","coordinates":[-87.55242,41.59334]},"properties":{"frp":4.58,"date":"2026-09-12","daynight":"D"}},{"type":"Feature","geometry":{"type":"Point","coordinates":[-87.14182,41.63543]},"properties":{"frp":3.35,"date":"2026-09-12","daynight":"D"}},{"type":"Feature","geometry":{"type":"Point","coordinates":[-87.40783,41.63824]},"properties":{"frp":3.1,"date":"2026-09-12","daynight":"D"}},{"type":"Feature","geometry":{"type":"Point","coordinates":[-87.13881,41.64029]},"properties":{"frp":12.51,"date":"2026-09-12","daynight":"D"}},{"type":"Feature","geometry":{"type":"Point","coordinates":[-87.42775,41.66372]},"properties":{"frp":8.41,"date":"2026-09-12","daynight":"D"}},{"type":"Feature","geometry":{"type":"Point","coordinates":[-87.46024,41.66941]},"properties":{"frp":2.81,"date":"2026-09-12","daynight":"D"}},{"type":"Feature","geometry":{"type":"Point","coordinates":[-87.46178,41.67334]},"properties":{"frp":2.81,"date":"2026-09-12","daynight":"D"}},{"type":"Feature","geometry":{"type":"Point","coordinates":[-87.43237,41.6755]},"properties":{"frp":3.71,"date":"2026-09-12","daynight":"D"}},{"type":"Feature","geometry":{"type":"Point","coordinates":[-87.42461,41.68146]},"properties":{"frp":7.4,"date":"2026-09-12","daynight":"D"}},{"type":"Feature","geometry":{"type":"Point","coordinates":[-73.24829,45.83523]},"properties":{"frp":5.28,"date":"2026-09-12","daynight":"D"}},{"type":"Feature","geometry":{"type":"Point","coordinates":[-97.47783,48.48051]},"properties":{"frp":8.14,"date":"2026-09-12","daynight":"D"}},{"type":"Feature","geometry":{"type":"Point","coordinates":[-97.47321,48.48188]},"properties":{"frp":8.14,"date":"2026-09-12","daynight":"D"}},{"type":"Feature","geometry":{"type":"Point","coordinates":[-97.46857,48.48327]},"properties":{"frp":9.11,"date":"2026-09-12","daynight":"D"}},{"type":"Feature","geometry":{"type":"Point","coordinates":[-99.93561,25.57643]},"properties":{"frp":6.86,"date":"2026-09-12","daynight":"D"}},{"type":"Feature","geometry":{"type":"Point","coordinates":[-100.10353,25.72153]},"properties":{"frp":2.87,"date":"2026-09-12","daynight":"D"}},{"type":"Feature","geometry":{"type":"Point","coordinates":[-98.0546,25.87735]},"properties":{"frp":1.37,"date":"2026-09-12","daynight":"D"}},{"type":"Feature","geometry":{"type":"Point","coordinates":[-98.06363,25.887]},"properties":{"frp":4.65,"date":"2026-09-12","daynight":"D"}},{"type":"Feature","geometry":{"type":"Point","coordinates":[-98.06071,25.88736]},"properties":{"frp":17.39,"date":"2026-09-12","daynight":"D"}},{"type":"Feature","geometry":{"type":"Point","coordinates":[-98.05921,25.88757]},"properties":{"frp":13.54,"date":"2026-09-12","daynight":"D"}},{"type":"Feature","geometry":{"type":"Point","coordinates":[-98.93266,26.3828]},"properties":{"frp":3.65,"date":"2026-09-12","daynight":"D"}},{"type":"Feature","geometry":{"type":"Point","coordinates":[-113.22154,27.35542]},"properties":{"frp":2.25,"date":"2026-09-12","daynight":"D"}},{"type":"Feature","geometry":{"type":"Point","coordinates":[-113.22324,27.36104]},"properties":{"frp":2.25,"date":"2026-09-12","daynight":"D"}},{"type":"Feature","geometry":{"type":"Point","coordinates":[-113.21882,27.36213]},"properties":{"frp":2.25,"date":"2026-09-12","daynight":"D"}},{"type":"Feature","geometry":{"type":"Point","coordinates":[-113.2205,27.36774]},"properties":{"frp":7.32,"date":"2026-09-12","daynight":"D"}},{"type":"Feature","geometry":{"type":"Point","coordinates":[-113.21606,27.36883]},"properties":{"frp":7.11,"date":"2026-09-12","daynight":"D"}},{"type":"Feature","geometry":{"type":"Point","coordinates":[-94.76604,30.4471]},"properties":{"frp":7.26,"date":"2026-09-12","daynight":"D"}},{"type":"Feature","geometry":{"type":"Point","coordinates":[-94.76354,30.4497]},"properties":{"frp":6.39,"date":"2026-09-12","daynight":"D"}},{"type":"Feature","geometry":{"type":"Point","coordinates":[-91.30326,30.72567]},"properties":{"frp":5.6,"date":"2026-09-12","daynight":"D"}},{"type":"Feature","geometry":{"type":"Point","coordinates":[-92.09345,30.80866]},"properties":{"frp":14.18,"date":"2026-09-12","daynight":"D"}},{"type":"Feature","geometry":{"type":"Point","coordinates":[-92.08963,30.80894]},"properties":{"frp":7.79,"date":"2026-09-12","daynight":"D"}},{"type":"Feature","geometry":{"type":"Point","coordinates":[-90.80311,31.14145]},"properties":{"frp":6.16,"date":"2026-09-12","daynight":"D"}},{"type":"Feature","geometry":{"type":"Point","coordinates":[-90.79849,31.14174]},"properties":{"frp":7.84,"date":"2026-09-12","daynight":"D"}},{"type":"Feature","geometry":{"type":"Point","coordinates":[-89.1254,31.51066]},"properties":{"frp":7.64,"date":"2026-09-12","daynight":"D"}},{"type":"Feature","geometry":{"type":"Point","coordinates":[-99.90694,30.80924]},"properties":{"frp":12.54,"date":"2026-09-12","daynight":"D"}},{"type":"Feature","geometry":{"type":"Point","coordinates":[-99.91196,30.81209]},"properties":{"frp":12.88,"date":"2026-09-12","daynight":"D"}},{"type":"Feature","geometry":{"type":"Point","coordinates":[-99.90758,30.81268]},"properties":{"frp":12.54,"date":"2026-09-12","daynight":"D"}},{"type":"Feature","geometry":{"type":"Point","coordinates":[-99.91258,30.81553]},"properties":{"frp":35.68,"date":"2026-09-12","daynight":"D"}},{"type":"Feature","geometry":{"type":"Point","coordinates":[-99.90818,30.81612]},"properties":{"frp":11.48,"date":"2026-09-12","daynight":"D"}},{"type":"Feature","geometry":{"type":"Point","coordinates":[-99.91319,30.81897]},"properties":{"frp":35.68,"date":"2026-09-12","daynight":"D"}},{"type":"Feature","geometry":{"type":"Point","coordinates":[-99.9088,30.81956]},"properties":{"frp":11.48,"date":"2026-09-12","daynight":"D"}},{"type":"Feature","geometry":{"type":"Point","coordinates":[-96.25474,31.19576]},"properties":{"frp":6.1,"date":"2026-09-12","daynight":"D"}},{"type":"Feature","geometry":{"type":"Point","coordinates":[-96.25098,31.20036]},"properties":{"frp":5.66,"date":"2026-09-12","daynight":"D"}},{"type":"Feature","geometry":{"type":"Point","coordinates":[-96.24661,31.20081]},"properties":{"frp":4.08,"date":"2026-09-12","daynight":"D"}},{"type":"Feature","geometry":{"type":"Point","coordinates":[-95.12687,31.21905]},"properties":{"frp":4.4,"date":"2026-09-12","daynight":"D"}},{"type":"Feature","geometry":{"type":"Point","coordinates":[-95.13419,31.23629]},"properties":{"frp":9.25,"date":"2026-09-12","daynight":"D"}},{"type":"Feature","geometry":{"type":"Point","coordinates":[-96.16763,31.35005]},"properties":{"frp":6.86,"date":"2026-09-12","daynight":"D"}},{"type":"Feature","geometry":{"type":"Point","coordinates":[-95.91829,31.60304]},"properties":{"frp":17.2,"date":"2026-09-12","daynight":"D"}},{"type":"Feature","geometry":{"type":"Point","coordinates":[-102.10397,31.97059]},"properties":{"frp":2.26,"date":"2026-09-12","daynight":"D"}},{"type":"Feature","geometry":{"type":"Point","coordinates":[-91.50989,32.23171]},"properties":{"frp":9.04,"date":"2026-09-12","daynight":"D"}},{"type":"Feature","geometry":{"type":"Point","coordinates":[-91.93495,32.253]},"properties":{"frp":8.15,"date":"2026-09-12","daynight":"D"}},{"type":"Feature","geometry":{"type":"Point","coordinates":[-91.94048,32.26902]},"properties":{"frp":10.45,"date":"2026-09-12","daynight":"D"}},{"type":"Feature","geometry":{"type":"Point","coordinates":[-91.93639,32.26931]},"properties":{"frp":10.45,"date":"2026-09-12","daynight":"D"}},{"type":"Feature","geometry":{"type":"Point","coordinates":[-91.93936,32.27084]},"properties":{"frp":10.41,"date":"2026-09-12","daynight":"D"}},{"type":"Feature","geometry":{"type":"Point","coordinates":[-91.93527,32.2711]},"properties":{"frp":10.41,"date":"2026-09-12","daynight":"D"}},{"type":"Feature","geometry":{"type":"Point","coordinates":[-91.94094,32.27445]},"properties":{"frp":7.46,"date":"2026-09-12","daynight":"D"}},{"type":"Feature","geometry":{"type":"Point","coordinates":[-91.93685,32.27475]},"properties":{"frp":7.46,"date":"2026-09-12","daynight":"D"}},{"type":"Feature","geometry":{"type":"Point","coordinates":[-91.93983,32.27628]},"properties":{"frp":10.41,"date":"2026-09-12","daynight":"D"}},{"type":"Feature","geometry":{"type":"Point","coordinates":[-95.87632,32.28672]},"properties":{"frp":4.17,"date":"2026-09-12","daynight":"D"}},{"type":"Feature","geometry":{"type":"Point","coordinates":[-91.41495,32.38264]},"properties":{"frp":9.13,"date":"2026-09-12","daynight":"D"}},{"type":"Feature","geometry":{"type":"Point","coordinates":[-91.41051,32.38293]},"properties":{"frp":7.45,"date":"2026-09-12","daynight":"D"}},{"type":"Feature","geometry":{"type":"Point","coordinates":[-115.13244,32.58997]},"properties":{"frp":6.53,"date":"2026-09-12","daynight":"D"}},{"type":"Feature","geometry":{"type":"Point","coordinates":[-115.12798,32.59111]},"properties":{"frp":6.53,"date":"2026-09-12","daynight":"D"}},{"type":"Feature","geometry":{"type":"Point","coordinates":[-115.13218,32.59304]},"properties":{"frp":13.59,"date":"2026-09-12","daynight":"D"}},{"type":"Feature","geometry":{"type":"Point","coordinates":[-115.13444,32.59545]},"properties":{"frp":6.53,"date":"2026-09-12","daynight":"D"}},{"type":"Feature","geometry":{"type":"Point","coordinates":[-115.12996,32.5966]},"properties":{"frp":6.53,"date":"2026-09-12","daynight":"D"}},{"type":"Feature","geometry":{"type":"Point","coordinates":[-91.41404,32.65334]},"properties":{"frp":11.28,"date":"2026-09-12","daynight":"D"}},{"type":"Feature","geometry":{"type":"Point","coordinates":[-91.40958,32.65361]},"properties":{"frp":11.28,"date":"2026-09-12","daynight":"D"}},{"type":"Feature","geometry":{"type":"Point","coordinates":[-91.40514,32.65388]},"properties":{"frp":8.45,"date":"2026-09-12","daynight":"D"}},{"type":"Feature","geometry":{"type":"Point","coordinates":[-91.41451,32.65896]},"properties":{"frp":11.28,"date":"2026-09-12","daynight":"D"}},{"type":"Feature","geometry":{"type":"Point","coordinates":[-91.41004,32.65923]},"properties":{"frp":11.28,"date":"2026-09-12","daynight":"D"}},{"type":"Feature","geometry":{"type":"Point","coordinates":[-91.40556,32.65951]},"properties":{"frp":8.45,"date":"2026-09-12","daynight":"D"}},{"type":"Feature","geometry":{"type":"Point","coordinates":[-91.44129,32.91313]},"properties":{"frp":6.99,"date":"2026-09-12","daynight":"D"}},{"type":"Feature","geometry":{"type":"Point","coordinates":[-92.8756,33.27365]},"properties":{"frp":65.29,"date":"2026-09-12","daynight":"D"}},{"type":"Feature","geometry":{"type":"Point","coordinates":[-92.87187,33.27393]},"properties":{"frp":65.29,"date":"2026-09-12","daynight":"D"}},{"type":"Feature","geometry":{"type":"Point","coordinates":[-92.8716,33.27515]},"properties":{"frp":67.22,"date":"2026-09-12","daynight":"D"}},{"type":"Feature","geometry":{"type":"Point","coordinates":[-92.86412,33.27567]},"properties":{"frp":35.97,"date":"2026-09-12","daynight":"D"}},{"type":"Feature","geometry":{"type":"Point","coordinates":[-92.87231,33.27913]},"properties":{"frp":65.29,"date":"2026-09-12","daynight":"D"}},{"type":"Feature","geometry":{"type":"Point","coordinates":[-92.86858,33.27942]},"properties":{"frp":59.71,"date":"2026-09-12","daynight":"D"}},{"type":"Feature","geometry":{"type":"Point","coordinates":[-92.8758,33.28009]},"properties":{"frp":67.22,"date":"2026-09-12","daynight":"D"}},{"type":"Feature","geometry":{"type":"Point","coordinates":[-92.87206,33.28035]},"properties":{"frp":67.22,"date":"2026-09-12","daynight":"D"}},{"type":"Feature","geometry":{"type":"Point","coordinates":[-90.91593,33.91364]},"properties":{"frp":14.13,"date":"2026-09-12","daynight":"D"}},{"type":"Feature","geometry":{"type":"Point","coordinates":[-90.91759,33.91439]},"properties":{"frp":8.77,"date":"2026-09-12","daynight":"D"}},{"type":"Feature","geometry":{"type":"Point","coordinates":[-90.9126,33.91467]},"properties":{"frp":8.77,"date":"2026-09-12","daynight":"D"}},{"type":"Feature","geometry":{"type":"Point","coordinates":[-90.91635,33.91949]},"properties":{"frp":4.0,"date":"2026-09-12","daynight":"D"}},{"type":"Feature","geometry":{"type":"Point","coordinates":[-90.91264,33.93731]},"properties":{"frp":4.5,"date":"2026-09-12","daynight":"D"}},{"type":"Feature","geometry":{"type":"Point","coordinates":[-90.91423,33.93807]},"properties":{"frp":4.11,"date":"2026-09-12","daynight":"D"}},{"type":"Feature","geometry":{"type":"Point","coordinates":[-90.90925,33.93836]},"properties":{"frp":2.27,"date":"2026-09-12","daynight":"D"}},{"type":"Feature","geometry":{"type":"Point","coordinates":[-90.91306,33.94316]},"properties":{"frp":4.89,"date":"2026-09-12","daynight":"D"}},{"type":"Feature","geometry":{"type":"Point","coordinates":[-94.96191,34.1724]},"properties":{"frp":3.93,"date":"2026-09-12","daynight":"D"}},{"type":"Feature","geometry":{"type":"Point","coordinates":[-94.96063,34.17377]},"properties":{"frp":3.36,"date":"2026-09-12","daynight":"D"}},{"type":"Feature","geometry":{"type":"Point","coordinates":[-91.93965,34.57818]},"properties":{"frp":5.93,"date":"2026-09-12","daynight":"D"}},{"type":"Feature","geometry":{"type":"Point","coordinates":[-91.93523,34.57845]},"properties":{"frp":5.93,"date":"2026-09-12","daynight":"D"}},{"type":"Feature","geometry":{"type":"Point","coordinates":[-93.13193,35.48176]},"properties":{"frp":2.22,"date":"2026-09-12","daynight":"D"}},{"type":"Feature","geometry":{"type":"Point","coordinates":[-93.13448,35.48177]},"properties":{"frp":3.1,"date":"2026-09-12","daynight":"D"}},{"type":"Feature","geometry":{"type":"Point","coordinates":[-89.92954,35.64547]},"properties":{"frp":6.78,"date":"2026-09-12","daynight":"D"}},{"type":"Feature","geometry":{"type":"Point","coordinates":[-90.52644,35.76693]},"properties":{"frp":37.65,"date":"2026-09-12","daynight":"D"}},{"type":"Feature","geometry":{"type":"Point","coordinates":[-90.52089,35.76717]},"properties":{"frp":34.89,"date":"2026-09-12","daynight":"D"}},{"type":"Feature","geometry":{"type":"Point","coordinates":[-90.52123,35.77323]},"properties":{"frp":34.89,"date":"2026-09-12","daynight":"D"}},{"type":"Feature","geometry":{"type":"Point","coordinates":[-105.79334,35.88974]},"properties":{"frp":13.07,"date":"2026-09-12","daynight":"D"}},{"type":"Feature","geometry":{"type":"Point","coordinates":[-105.78882,35.89051]},"properties":{"frp":12.88,"date":"2026-09-12","daynight":"D"}},{"type":"Feature","geometry":{"type":"Point","coordinates":[-105.79868,35.89231]},"properties":{"frp":8.06,"date":"2026-09-12","daynight":"D"}},{"type":"Feature","geometry":{"type":"Point","coordinates":[-105.7942,35.89306]},"properties":{"frp":8.06,"date":"2026-09-12","daynight":"D"}},{"type":"Feature","geometry":{"type":"Point","coordinates":[-105.79504,35.89639]},"properties":{"frp":8.06,"date":"2026-09-12","daynight":"D"}},{"type":"Feature","geometry":{"type":"Point","coordinates":[-105.79046,35.89716]},"properties":{"frp":15.61,"date":"2026-09-12","daynight":"D"}},{"type":"Feature","geometry":{"type":"Point","coordinates":[-105.79585,35.89972]},"properties":{"frp":8.31,"date":"2026-09-12","daynight":"D"}},{"type":"Feature","geometry":{"type":"Point","coordinates":[-105.79129,35.90049]},"properties":{"frp":6.82,"date":"2026-09-12","daynight":"D"}},{"type":"Feature","geometry":{"type":"Point","coordinates":[-89.64402,36.13407]},"properties":{"frp":33.53,"date":"2026-09-12","daynight":"D"}},{"type":"Feature","geometry":{"type":"Point","coordinates":[-89.63772,36.13429]},"properties":{"frp":45.61,"date":"2026-09-12","daynight":"D"}},{"type":"Feature","geometry":{"type":"Point","coordinates":[-114.61401,34.86855]},"properties":{"frp":4.25,"date":"2026-09-12","daynight":"D"}},{"type":"Feature","geometry":{"type":"Point","coordinates":[-98.06066,37.3043]},"properties":{"frp":5.72,"date":"2026-09-12","daynight":"D"}},{"type":"Feature","geometry":{"type":"Point","coordinates":[-98.05622,37.30474]},"properties":{"frp":5.72,"date":"2026-09-12","daynight":"D"}},{"type":"Feature","geometry":{"type":"Point","coordinates":[-98.06131,37.30834]},"properties":{"frp":5.72,"date":"2026-09-12","daynight":"D"}},{"type":"Feature","geometry":{"type":"Point","coordinates":[-98.05685,37.30877]},"properties":{"frp":5.72,"date":"2026-09-12","daynight":"D"}},{"type":"Feature","geometry":{"type":"Point","coordinates":[-106.76246,37.37749]},"properties":{"frp":7.1,"date":"2026-09-12","daynight":"D"}},{"type":"Feature","geometry":{"type":"Point","coordinates":[-106.75826,37.37823]},"properties":{"frp":7.92,"date":"2026-09-12","daynight":"D"}},{"type":"Feature","geometry":{"type":"Point","coordinates":[-106.76341,37.38084]},"properties":{"frp":7.1,"date":"2026-09-12","daynight":"D"}},{"type":"Feature","geometry":{"type":"Point","coordinates":[-106.77728,37.38194]},"properties":{"frp":12.66,"date":"2026-09-12","daynight":"D"}},{"type":"Feature","geometry":{"type":"Point","coordinates":[-106.75494,37.38232]},"properties":{"frp":7.92,"date":"2026-09-12","daynight":"D"}},{"type":"Feature","geometry":{"type":"Point","coordinates":[-106.7729,37.3827]},"properties":{"frp":12.66,"date":"2026-09-12","daynight":"D"}},{"type":"Feature","geometry":{"type":"Point","coordinates":[-106.7686,37.38345]},"properties":{"frp":230.02,"date":"2026-09-12","daynight":"D"}},{"type":"Feature","geometry":{"type":"Point","coordinates":[-106.78295,37.38447]},"properties":{"frp":4.55,"date":"2026-09-12","daynight":"D"}},{"type":"Feature","geometry":{"type":"Point","coordinates":[-106.7601,37.38493]},"properties":{"frp":233.22,"date":"2026-09-12","daynight":"D"}},{"type":"Feature","geometry":{"type":"Point","coordinates":[-106.77834,37.38527]},"properties":{"frp":12.66,"date":"2026-09-12","daynight":"D"}},{"type":"Feature","geometry":{"type":"Point","coordinates":[-106.75584,37.38568]},"properties":{"frp":233.22,"date":"2026-09-12","daynight":"D"}},{"type":"Feature","geometry":{"type":"Point","coordinates":[-106.77393,37.38604]},"properties":{"frp":12.66,"date":"2026-09-12","daynight":"D"}},{"type":"Feature","geometry":{"type":"Point","coordinates":[-106.75143,37.38645]},"properties":{"frp":4.91,"date":"2026-09-12","daynight":"D"}},{"type":"Feature","geometry":{"type":"Point","coordinates":[-106.78409,37.38779]},"properties":{"frp":10.21,"date":"2026-09-12","daynight":"D"}},{"type":"Feature","geometry":{"type":"Point","coordinates":[-106.75678,37.38903]},"properties":{"frp":233.22,"date":"2026-09-12","daynight":"D"}},{"type":"Feature","geometry":{"type":"Point","coordinates":[-106.77499,37.38937]},"properties":{"frp":39.24,"date":"2026-09-12","daynight":"D"}},{"type":"Feature","geometry":{"type":"Point","coordinates":[-106.75237,37.38979]},"properties":{"frp":4.91,"date":"2026-09-12","daynight":"D"}},{"type":"Feature","geometry":{"type":"Point","coordinates":[-106.77058,37.39014]},"properties":{"frp":41.31,"date":"2026-09-12","daynight":"D"}},{"type":"Feature","geometry":{"type":"Point","coordinates":[-106.76621,37.39089]},"properties":{"frp":41.31,"date":"2026-09-12","daynight":"D"}},{"type":"Feature","geometry":{"type":"Point","coordinates":[-106.76188,37.39165]},"properties":{"frp":34.04,"date":"2026-09-12","daynight":"D"}},{"type":"Feature","geometry":{"type":"Point","coordinates":[-106.75765,37.39239]},"properties":{"frp":34.04,"date":"2026-09-12","daynight":"D"}},{"type":"Feature","geometry":{"type":"Point","coordinates":[-106.77161,37.39347]},"properties":{"frp":41.31,"date":"2026-09-12","daynight":"D"}},{"type":"Feature","geometry":{"type":"Point","coordinates":[-106.76716,37.39425]},"properties":{"frp":41.31,"date":"2026-09-12","daynight":"D"}},{"type":"Feature","geometry":{"type":"Point","coordinates":[-106.76277,37.39501]},"properties":{"frp":34.04,"date":"2026-09-12","daynight":"D"}},{"type":"Feature","geometry":{"type":"Point","coordinates":[-122.95592,39.20701]},"properties":{"frp":32.39,"date":"2026-09-12","daynight":"D"}},{"type":"Feature","geometry":{"type":"Point","coordinates":[-122.95235,39.20817]},"properties":{"frp":61.83,"date":"2026-09-12","daynight":"D"}},{"type":"Feature","geometry":{"type":"Point","coordinates":[-122.94707,39.2099]},"properties":{"frp":32.39,"date":"2026-09-12","daynight":"D"}},{"type":"Feature","geometry":{"type":"Point","coordinates":[-122.94518,39.21055]},"properties":{"frp":77.66,"date":"2026-09-12","daynight":"D"}},{"type":"Feature","geometry":{"type":"Point","coordinates":[-122.95417,39.21521]},"properties":{"frp":61.83,"date":"2026-09-12","daynight":"D"}},{"type":"Feature","geometry":{"type":"Point","coordinates":[-122.94871,39.21703]},"properties":{"frp":77.66,"date":"2026-09-12","daynight":"D"}},{"type":"Feature","geometry":{"type":"Point","coordinates":[-122.94518,39.21815]},"properties":{"frp":71.46,"date":"2026-09-12","daynight":"D"}},{"type":"Feature","geometry":{"type":"Point","coordinates":[-122.94361,39.21873]},"properties":{"frp":77.66,"date":"2026-09-12","daynight":"D"}},{"type":"Feature","geometry":{"type":"Point","coordinates":[-122.95339,39.22311]},"properties":{"frp":140.89,"date":"2026-09-12","daynight":"D"}},{"type":"Feature","geometry":{"type":"Point","coordinates":[-122.95184,39.22365]},"properties":{"frp":19.23,"date":"2026-09-12","daynight":"D"}},{"type":"Feature","geometry":{"type":"Point","coordinates":[-122.94854,39.22469]},"properties":{"frp":71.46,"date":"2026-09-12","daynight":"D"}},{"type":"Feature","geometry":{"type":"Point","coordinates":[-122.94704,39.22524]},"properties":{"frp":19.23,"date":"2026-09-12","daynight":"D"}},{"type":"Feature","geometry":{"type":"Point","coordinates":[-122.953,39.23856]},"properties":{"frp":21.32,"date":"2026-09-12","daynight":"D"}},{"type":"Feature","geometry":{"type":"Point","coordinates":[-122.9494,39.23968]},"properties":{"frp":24.07,"date":"2026-09-12","daynight":"D"}},{"type":"Feature","geometry":{"type":"Point","coordinates":[-122.94774,39.2403]},"properties":{"frp":18.53,"date":"2026-09-12","daynight":"D"}},{"type":"Feature","geometry":{"type":"Point","coordinates":[-122.95637,39.24509]},"properties":{"frp":21.32,"date":"2026-09-12","daynight":"D"}},{"type":"Feature","geometry":{"type":"Point","coordinates":[-122.95085,39.24692]},"properties":{"frp":18.53,"date":"2026-09-12","daynight":"D"}},{"type":"Feature","geometry":{"type":"Point","coordinates":[-87.34525,41.61898]},"properties":{"frp":4.73,"date":"2026-09-12","daynight":"D"}},{"type":"Feature","geometry":{"type":"Point","coordinates":[-105.31048,41.97316]},"properties":{"frp":21.02,"date":"2026-09-12","daynight":"D"}},{"type":"Feature","geometry":{"type":"Point","coordinates":[-105.31589,41.97576]},"properties":{"frp":6.76,"date":"2026-09-12","daynight":"D"}},{"type":"Feature","geometry":{"type":"Point","coordinates":[-105.31133,41.97644]},"properties":{"frp":21.02,"date":"2026-09-12","daynight":"D"}},{"type":"Feature","geometry":{"type":"Point","coordinates":[-105.30676,41.97711]},"properties":{"frp":21.02,"date":"2026-09-12","daynight":"D"}},{"type":"Feature","geometry":{"type":"Point","coordinates":[-105.30762,41.98038]},"properties":{"frp":8.01,"date":"2026-09-12","daynight":"D"}},{"type":"Feature","geometry":{"type":"Point","coordinates":[-105.30305,41.98107]},"properties":{"frp":6.75,"date":"2026-09-12","daynight":"D"}},{"type":"Feature","geometry":{"type":"Point","coordinates":[-105.29005,41.9864]},"properties":{"frp":5.67,"date":"2026-09-12","daynight":"D"}},{"type":"Feature","geometry":{"type":"Point","coordinates":[-105.30474,41.98761]},"properties":{"frp":7.97,"date":"2026-09-12","daynight":"D"}},{"type":"Feature","geometry":{"type":"Point","coordinates":[-105.30013,41.9883]},"properties":{"frp":7.97,"date":"2026-09-12","daynight":"D"}},{"type":"Feature","geometry":{"type":"Point","coordinates":[-122.95856,39.20573]},"properties":{"frp":32.39,"date":"2026-09-12","daynight":"D"}},{"type":"Feature","geometry":{"type":"Point","coordinates":[-122.95403,39.20719]},"properties":{"frp":61.83,"date":"2026-09-12","daynight":"D"}},{"type":"Feature","geometry":{"type":"Point","coordinates":[-115.08794,43.5437]},"properties":{"frp":6.41,"date":"2026-09-12","daynight":"D"}},{"type":"Feature","geometry":{"type":"Point","coordinates":[-98.34885,47.97411]},"properties":{"frp":2.35,"date":"2026-09-12","daynight":"D"}},{"type":"Feature","geometry":{"type":"Point","coordinates":[-114.61314,34.86567]},"properties":{"frp":1.57,"date":"2026-09-12","daynight":"D"}},{"type":"Feature","geometry":{"type":"Point","coordinates":[-114.61652,34.86654]},"properties":{"frp":4.79,"date":"2026-09-12","daynight":"D"}},{"type":"Feature","geometry":{"type":"Point","coordinates":[-122.95966,39.20559]},"properties":{"frp":35.13,"date":"2026-09-12","daynight":"D"}},{"type":"Feature","geometry":{"type":"Point","coordinates":[-122.95517,39.20599]},"properties":{"frp":44.51,"date":"2026-09-12","daynight":"D"}},{"type":"Feature","geometry":{"type":"Point","coordinates":[-122.95047,39.2064]},"properties":{"frp":44.51,"date":"2026-09-12","daynight":"D"}},{"type":"Feature","geometry":{"type":"Point","coordinates":[-122.94539,39.20685]},"properties":{"frp":5.57,"date":"2026-09-12","daynight":"D"}},{"type":"Feature","geometry":{"type":"Point","coordinates":[-122.96111,39.20975]},"properties":{"frp":15.78,"date":"2026-09-12","daynight":"D"}},{"type":"Feature","geometry":{"type":"Point","coordinates":[-122.95659,39.21016]},"properties":{"frp":37.75,"date":"2026-09-12","daynight":"D"}},{"type":"Feature","geometry":{"type":"Point","coordinates":[-122.95168,39.21059]},"properties":{"frp":37.75,"date":"2026-09-12","daynight":"D"}},{"type":"Feature","geometry":{"type":"Point","coordinates":[-122.94608,39.21109]},"properties":{"frp":103.87,"date":"2026-09-12","daynight":"D"}},{"type":"Feature","geometry":{"type":"Point","coordinates":[-122.94643,39.21535]},"properties":{"frp":103.87,"date":"2026-09-12","daynight":"D"}},{"type":"Feature","geometry":{"type":"Point","coordinates":[-122.94648,39.21965]},"properties":{"frp":19.94,"date":"2026-09-12","daynight":"D"}},{"type":"Feature","geometry":{"type":"Point","coordinates":[-122.95341,39.22333]},"properties":{"frp":58.49,"date":"2026-09-12","daynight":"D"}},{"type":"Feature","geometry":{"type":"Point","coordinates":[-122.95504,39.24038]},"properties":{"frp":4.09,"date":"2026-09-12","daynight":"D"}},{"type":"Feature","geometry":{"type":"Point","coordinates":[-122.96186,39.24406]},"properties":{"frp":6.97,"date":"2026-09-12","daynight":"D"}},{"type":"Feature","geometry":{"type":"Point","coordinates":[-122.95524,39.24466]},"properties":{"frp":6.97,"date":"2026-09-12","daynight":"D"}},{"type":"Feature","geometry":{"type":"Point","coordinates":[-120.85794,48.34799]},"properties":{"frp":27.48,"date":"2026-09-12","daynight":"D"}},{"type":"Feature","geometry":{"type":"Point","coordinates":[-120.85429,48.34814]},"properties":{"frp":27.48,"date":"2026-09-12","daynight":"D"}},{"type":"Feature","geometry":{"type":"Point","coordinates":[-120.85042,48.3483]},"properties":{"frp":58.22,"date":"2026-09-12","daynight":"D"}},{"type":"Feature","geometry":{"type":"Point","coordinates":[-120.84496,48.34853]},"properties":{"frp":58.22,"date":"2026-09-12","daynight":"D"}},{"type":"Feature","geometry":{"type":"Point","coordinates":[-120.83628,48.34887]},"properties":{"frp":21.0,"date":"2026-09-12","daynight":"D"}},{"type":"Feature","geometry":{"type":"Point","coordinates":[-120.8522,48.35344]},"properties":{"frp":27.48,"date":"2026-09-12","daynight":"D"}},{"type":"Feature","geometry":{"type":"Point","coordinates":[-120.8352,48.35414]},"properties":{"frp":21.0,"date":"2026-09-12","daynight":"D"}}]}