{"type":"FeatureCollection","features":[{"type":"Feature","geometry":{"type":"Point","coordinates":[-73.24897,45.83847]},"properties":{"frp":1.43,"date":"2026-09-18","daynight":"N"}},{"type":"Feature","geometry":{"type":"Point","coordinates":[-73.14256,46.04231]},"properties":{"frp":3.2,"date":"2026-09-18","daynight":"N"}},{"type":"Feature","geometry":{"type":"Point","coordinates":[-76.80714,36.35392]},"properties":{"frp":2.38,"date":"2026-09-18","daynight":"N"}},{"type":"Feature","geometry":{"type":"Point","coordinates":[-81.21077,37.31726]},"properties":{"frp":1.52,"date":"2026-09-18","daynight":"N"}},{"type":"Feature","geometry":{"type":"Point","coordinates":[-81.21209,37.31969]},"properties":{"frp":1.23,"date":"2026-09-18","daynight":"N"}},{"type":"Feature","geometry":{"type":"Point","coordinates":[-75.63526,39.58459]},"properties":{"frp":0.88,"date":"2026-09-18","daynight":"N"}},{"type":"Feature","geometry":{"type":"Point","coordinates":[-75.63627,39.58682]},"properties":{"frp":1.3,"date":"2026-09-18","daynight":"N"}},{"type":"Feature","geometry":{"type":"Point","coordinates":[-75.6347,39.58971]},"properties":{"frp":1.94,"date":"2026-09-18","daynight":"N"}},{"type":"Feature","geometry":{"type":"Point","coordinates":[-75.63572,39.59195]},"properties":{"frp":1.32,"date":"2026-09-18","daynight":"N"}},{"type":"Feature","geometry":{"type":"Point","coordinates":[-76.81443,39.93898]},"properties":{"frp":1.2,"date":"2026-09-18","daynight":"N"}},{"type":"Feature","geometry":{"type":"Point","coordinates":[-80.86059,43.06704]},"properties":{"frp":1.03,"date":"2026-09-18","daynight":"N"}},{"type":"Feature","geometry":{"type":"Point","coordinates":[-80.90039,43.10139]},"properties":{"frp":0.98,"date":"2026-09-18","daynight":"N"}},{"type":"Feature","geometry":{"type":"Point","coordinates":[-80.89785,43.10269]},"properties":{"frp":0.92,"date":"2026-09-18","daynight":"N"}},{"type":"Feature","geometry":{"type":"Point","coordinates":[-79.80698,43.26794]},"properties":{"frp":1.62,"date":"2026-09-18","daynight":"N"}},{"type":"Feature","geometry":{"type":"Point","coordinates":[-79.80111,43.27401]},"properties":{"frp":1.41,"date":"2026-09-18","daynight":"N"}},{"type":"Feature","geometry":{"type":"Point","coordinates":[-79.80833,43.27409]},"properties":{"frp":1.41,"date":"2026-09-18","daynight":"N"}},{"type":"Feature","geometry":{"type":"Point","coordinates":[-79.62836,43.49111]},"properties":{"frp":0.65,"date":"2026-09-18","daynight":"N"}},{"type":"Feature","geometry":{"type":"Point","coordinates":[-79.62588,43.49142]},"properties":{"frp":0.77,"date":"2026-09-18","daynight":"N"}},{"type":"Feature","geometry":{"type":"Point","coordinates":[-82.04906,30.22704]},"properties":{"frp":0.75,"date":"2026-09-18","daynight":"N"}},{"type":"Feature","geometry":{"type":"Point","coordinates":[-79.88055,33.00602]},"properties":{"frp":1.14,"date":"2026-09-18","daynight":"N"}},{"type":"Feature","geometry":{"type":"Point","coordinates":[-80.14359,33.75365]},"properties":{"frp":0.55,"date":"2026-09-18","daynight":"N"}},{"type":"Feature","geometry":{"type":"Point","coordinates":[-82.32548,28.8989]},"properties":{"frp":3.77,"date":"2026-09-18","daynight":"N"}},{"type":"Feature","geometry":{"type":"Point","coordinates":[-82.31847,28.9009]},"properties":{"frp":2.85,"date":"2026-09-18","daynight":"N"}},{"type":"Feature","geometry":{"type":"Point","coordinates":[-82.32523,28.90124]},"properties":{"frp":4.47,"date":"2026-09-18","daynight":"N"}},{"type":"Feature","geometry":{"type":"Point","coordinates":[-82.31822,28.90528]},"properties":{"frp":1.14,"date":"2026-09-18","daynight":"N"}},{"type":"Feature","geometry":{"type":"Point","coordinates":[-87.32903,41.61903]},"properties":{"frp":2.83,"date":"2026-09-18","daynight":"N"}},{"type":"Feature","geometry":{"type":"Point","coordinates":[-87.48121,41.66368]},"properties":{"frp":1.8,"date":"2026-09-18","daynight":"N"}},{"type":"Feature","geometry":{"type":"Point","coordinates":[-87.48595,41.66452]},"properties":{"frp":0.89,"date":"2026-09-18","daynight":"N"}},{"type":"Feature","geometry":{"type":"Point","coordinates":[-87.48491,41.66785]},"properties":{"frp":0.89,"date":"2026-09-18","daynight":"N"}},{"type":"Feature","geometry":{"type":"Point","coordinates":[-87.45902,41.67032]},"properties":{"frp":0.48,"date":"2026-09-18","daynight":"N"}},{"type":"Feature","geometry":{"type":"Point","coordinates":[-83.42303,42.08796]},"properties":{"frp":0.98,"date":"2026-09-18","daynight":"N"}},{"type":"Feature","geometry":{"type":"Point","coordinates":[-83.12911,42.27585]},"properties":{"frp":1.01,"date":"2026-09-18","daynight":"N"}},{"type":"Feature","geometry":{"type":"Point","coordinates":[-83.10706,42.27906]},"properties":{"frp":1.13,"date":"2026-09-18","daynight":"N"}},{"type":"Feature","geometry":{"type":"Point","coordinates":[-83.10676,42.27931]},"properties":{"frp":1.92,"date":"2026-09-18","daynight":"N"}},{"type":"Feature","geometry":{"type":"Point","coordinates":[-83.11352,42.28046]},"properties":{"frp":1.13,"date":"2026-09-18","daynight":"N"}},{"type":"Feature","geometry":{"type":"Point","coordinates":[-83.11323,42.28069]},"properties":{"frp":1.69,"date":"2026-09-18","daynight":"N"}},{"type":"Feature","geometry":{"type":"Point","coordinates":[-83.11204,42.28426]},"properties":{"frp":1.13,"date":"2026-09-18","daynight":"N"}},{"type":"Feature","geometry":{"type":"Point","coordinates":[-83.11174,42.28448]},"properties":{"frp":0.9,"date":"2026-09-18","daynight":"N"}},{"type":"Feature","geometry":{"type":"Point","coordinates":[-83.15244,42.30543]},"properties":{"frp":0.63,"date":"2026-09-18","daynight":"N"}},{"type":"Feature","geometry":{"type":"Point","coordinates":[-83.15264,42.30544]},"properties":{"frp":0.63,"date":"2026-09-18","daynight":"N"}},{"type":"Feature","geometry":{"type":"Point","coordinates":[-83.26392,42.72373]},"properties":{"frp":0.7,"date":"2026-09-18","daynight":"N"}},{"type":"Feature","geometry":{"type":"Point","coordinates":[-82.4174,42.94391]},"properties":{"frp":0.85,"date":"2026-09-18","daynight":"N"}},{"type":"Feature","geometry":{"type":"Point","coordinates":[-84.84225,43.18576]},"properties":{"frp":2.71,"date":"2026-09-18","daynight":"N"}},{"type":"Feature","geometry":{"type":"Point","coordinates":[-107.61177,43.27955]},"properties":{"frp":11.64,"date":"2026-09-18","daynight":"N"}},{"type":"Feature","geometry":{"type":"Point","coordinates":[-107.60191,43.27959]},"properties":{"frp":14.44,"date":"2026-09-18","daynight":"N"}},{"type":"Feature","geometry":{"type":"Point","coordinates":[-107.60849,43.28044]},"properties":{"frp":14.79,"date":"2026-09-18","daynight":"N"}},{"type":"Feature","geometry":{"type":"Point","coordinates":[-107.59858,43.28053]},"properties":{"frp":9.71,"date":"2026-09-18","daynight":"N"}},{"type":"Feature","geometry":{"type":"Point","coordinates":[-73.25108,45.83794]},"properties":{"frp":1.95,"date":"2026-09-18","daynight":"N"}},{"type":"Feature","geometry":{"type":"Point","coordinates":[-73.24786,45.83931]},"properties":{"frp":0.93,"date":"2026-09-18","daynight":"N"}},{"type":"Feature","geometry":{"type":"Point","coordinates":[-80.7899,46.57348]},"properties":{"frp":6.13,"date":"2026-09-18","daynight":"N"}},{"type":"Feature","geometry":{"type":"Point","coordinates":[-80.78903,46.57399]},"properties":{"frp":11.64,"date":"2026-09-18","daynight":"N"}},{"type":"Feature","geometry":{"type":"Point","coordinates":[-80.79698,46.57507]},"properties":{"frp":9.62,"date":"2026-09-18","daynight":"N"}},{"type":"Feature","geometry":{"type":"Point","coordinates":[-80.79613,46.57555]},"properties":{"frp":11.64,"date":"2026-09-18","daynight":"N"}},{"type":"Feature","geometry":{"type":"Point","coordinates":[-80.78815,46.57727]},"properties":{"frp":6.13,"date":"2026-09-18","daynight":"N"}},{"type":"Feature","geometry":{"type":"Point","coordinates":[-80.78726,46.57777]},"properties":{"frp":2.92,"date":"2026-09-18","daynight":"N"}},{"type":"Feature","geometry":{"type":"Point","coordinates":[-80.79525,46.57888]},"properties":{"frp":9.62,"date":"2026-09-18","daynight":"N"}},{"type":"Feature","geometry":{"type":"Point","coordinates":[-80.79439,46.57934]},"properties":{"frp":2.92,"date":"2026-09-18","daynight":"N"}},{"type":"Feature","geometry":{"type":"Point","coordinates":[-79.88513,33.0082]},"properties":{"frp":1.67,"date":"2026-09-18","daynight":"N"}},{"type":"Feature","geometry":{"type":"Point","coordinates":[-86.80267,33.0929]},"properties":{"frp":2.19,"date":"2026-09-18","daynight":"N"}},{"type":"Feature","geometry":{"type":"Point","coordinates":[-86.79936,33.10444]},"properties":{"frp":1.33,"date":"2026-09-18","daynight":"N"}},{"type":"Feature","geometry":{"type":"Point","coordinates":[-80.19136,33.11856]},"properties":{"frp":0.57,"date":"2026-09-18","daynight":"N"}},{"type":"Feature","geometry":{"type":"Point","coordinates":[-86.75834,33.18124]},"properties":{"frp":2.31,"date":"2026-09-18","daynight":"N"}},{"type":"Feature","geometry":{"type":"Point","coordinates":[-86.81404,33.22096]},"properties":{"frp":1.88,"date":"2026-09-18","daynight":"N"}},{"type":"Feature","geometry":{"type":"Point","coordinates":[-87.51369,33.23069]},"properties":{"frp":2.33,"date":"2026-09-18","daynight":"N"}},{"type":"Feature","geometry":{"type":"Point","coordinates":[-87.50737,33.23336]},"properties":{"frp":1.3,"date":"2026-09-18","daynight":"N"}},{"type":"Feature","geometry":{"type":"Point","coordinates":[-87.5063,33.23707]},"properties":{"frp":1.3,"date":"2026-09-18","daynight":"N"}},{"type":"Feature","geometry":{"type":"Point","coordinates":[-88.56938,33.44069]},"properties":{"frp":1.23,"date":"2026-09-18","daynight":"N"}},{"type":"Feature","geometry":{"type":"Point","coordinates":[-88.58288,33.44692]},"properties":{"frp":1.51,"date":"2026-09-18","daynight":"N"}},{"type":"Feature","geometry":{"type":"Point","coordinates":[-86.93349,33.48216]},"properties":{"frp":1.56,"date":"2026-09-18","daynight":"N"}},{"type":"Feature","geometry":{"type":"Point","coordinates":[-86.93501,33.48476]},"properties":{"frp":2.55,"date":"2026-09-18","daynight":"N"}},{"type":"Feature","geometry":{"type":"Point","coordinates":[-86.93243,33.48596]},"properties":{"frp":1.38,"date":"2026-09-18","daynight":"N"}},{"type":"Feature","geometry":{"type":"Point","coordinates":[-92.02922,34.22358]},"properties":{"frp":2.74,"date":"2026-09-18","daynight":"N"}},{"type":"Feature","geometry":{"type":"Point","coordinates":[-92.02433,34.22622]},"properties":{"frp":2.74,"date":"2026-09-18","daynight":"N"}},{"type":"Feature","geometry":{"type":"Point","coordinates":[-92.02847,34.22687]},"properties":{"frp":2.74,"date":"2026-09-18","daynight":"N"}},{"type":"Feature","geometry":{"type":"Point","coordinates":[-84.79821,34.23865]},"properties":{"frp":2.01,"date":"2026-09-18","daynight":"N"}},{"type":"Feature","geometry":{"type":"Point","coordinates":[-87.08606,34.63937]},"properties":{"frp":1.42,"date":"2026-09-18","daynight":"N"}},{"type":"Feature","geometry":{"type":"Point","coordinates":[-87.09143,34.64044]},"properties":{"frp":1.42,"date":"2026-09-18","daynight":"N"}},{"type":"Feature","geometry":{"type":"Point","coordinates":[-87.84683,34.73885]},"properties":{"frp":1.87,"date":"2026-09-18","daynight":"N"}},{"type":"Feature","geometry":{"type":"Point","coordinates":[-87.84581,34.74241]},"properties":{"frp":1.87,"date":"2026-09-18","daynight":"N"}},{"type":"Feature","geometry":{"type":"Point","coordinates":[-88.32404,34.80273]},"properties":{"frp":2.03,"date":"2026-09-18","daynight":"N"}},{"type":"Feature","geometry":{"type":"Point","coordinates":[-85.70216,34.94238]},"properties":{"frp":1.11,"date":"2026-09-18","daynight":"N"}},{"type":"Feature","geometry":{"type":"Point","coordinates":[-90.16583,35.04403]},"properties":{"frp":1.37,"date":"2026-09-18","daynight":"N"}},{"type":"Feature","geometry":{"type":"Point","coordinates":[-93.77652,35.40873]},"properties":{"frp":0.46,"date":"2026-09-18","daynight":"N"}},{"type":"Feature","geometry":{"type":"Point","coordinates":[-93.7758,35.41214]},"properties":{"frp":1.06,"date":"2026-09-18","daynight":"N"}},{"type":"Feature","geometry":{"type":"Point","coordinates":[-92.66267,35.48586]},"properties":{"frp":1.34,"date":"2026-09-18","daynight":"N"}},{"type":"Feature","geometry":{"type":"Point","coordinates":[-101.89484,35.53804]},"properties":{"frp":2.1,"date":"2026-09-18","daynight":"N"}},{"type":"Feature","geometry":{"type":"Point","coordinates":[-101.89857,35.5383]},"properties":{"frp":2.1,"date":"2026-09-18","daynight":"N"}},{"type":"Feature","geometry":{"type":"Point","coordinates":[-101.90232,35.53856]},"properties":{"frp":1.08,"date":"2026-09-18","daynight":"N"}},{"type":"Feature","geometry":{"type":"Point","coordinates":[-89.94704,35.60886]},"properties":{"frp":9.62,"date":"2026-09-18","daynight":"N"}},{"type":"Feature","geometry":{"type":"Point","coordinates":[-89.94619,35.61219]},"properties":{"frp":9.62,"date":"2026-09-18","daynight":"N"}},{"type":"Feature","geometry":{"type":"Point","coordinates":[-89.93848,35.64215]},"properties":{"frp":1.35,"date":"2026-09-18","daynight":"N"}},{"type":"Feature","geometry":{"type":"Point","coordinates":[-89.93244,35.64807]},"properties":{"frp":1.52,"date":"2026-09-18","daynight":"N"}},{"type":"Feature","geometry":{"type":"Point","coordinates":[-101.43578,35.66679]},"properties":{"frp":1.65,"date":"2026-09-18","daynight":"N"}},{"type":"Feature","geometry":{"type":"Point","coordinates":[-89.9628,35.67064]},"properties":{"frp":1.65,"date":"2026-09-18","daynight":"N"}},{"type":"Feature","geometry":{"type":"Point","coordinates":[-89.71416,35.93409]},"properties":{"frp":2.03,"date":"2026-09-18","daynight":"N"}},{"type":"Feature","geometry":{"type":"Point","coordinates":[-89.71329,35.93742]},"properties":{"frp":2.05,"date":"2026-09-18","daynight":"N"}},{"type":"Feature","geometry":{"type":"Point","coordinates":[-97.83828,36.51815]},"properties":{"frp":1.61,"date":"2026-09-18","daynight":"N"}},{"type":"Feature","geometry":{"type":"Point","coordinates":[-77.44682,37.18074]},"properties":{"frp":1.05,"date":"2026-09-18","daynight":"N"}},{"type":"Feature","geometry":{"type":"Point","coordinates":[-77.44753,37.18151]},"properties":{"frp":1.6,"date":"2026-09-18","daynight":"N"}},{"type":"Feature","geometry":{"type":"Point","coordinates":[-86.9837,37.26693]},"properties":{"frp":1.58,"date":"2026-09-18","daynight":"N"}},{"type":"Feature","geometry":{"type":"Point","coordinates":[-81.21333,37.31855]},"properties":{"frp":2.83,"date":"2026-09-18","daynight":"N"}},{"type":"Feature","geometry":{"type":"Point","coordinates":[-82.89135,37.47467]},"properties":{"frp":0.67,"date":"2026-09-18","daynight":"N"}},{"type":"Feature","geometry":{"type":"Point","coordinates":[-82.89384,37.47501]},"properties":{"frp":0.88,"date":"2026-09-18","daynight":"N"}},{"type":"Feature","geometry":{"type":"Point","coordinates":[-87.71728,37.90696]},"properties":{"frp":1.29,"date":"2026-09-18","daynight":"N"}},{"type":"Feature","geometry":{"type":"Point","coordinates":[-90.0765,37.96806]},"properties":{"frp":1.76,"date":"2026-09-18","daynight":"N"}},{"type":"Feature","geometry":{"type":"Point","coordinates":[-90.06604,37.97322]},"properties":{"frp":1.36,"date":"2026-09-18","daynight":"N"}},{"type":"Feature","geometry":{"type":"Point","coordinates":[-92.16264,38.03273]},"properties":{"frp":9.85,"date":"2026-09-18","daynight":"N"}},{"type":"Feature","geometry":{"type":"Point","coordinates":[-82.60505,38.18965]},"properties":{"frp":0.99,"date":"2026-09-18","daynight":"N"}},{"type":"Feature","geometry":{"type":"Point","coordinates":[-82.60349,38.19391]},"properties":{"frp":0.99,"date":"2026-09-18","daynight":"N"}},{"type":"Feature","geometry":{"type":"Point","coordinates":[-85.41126,38.58051]},"properties":{"frp":2.17,"date":"2026-09-18","daynight":"N"}},{"type":"Feature","geometry":{"type":"Point","coordinates":[-90.14716,38.69081]},"properties":{"frp":1.15,"date":"2026-09-18","daynight":"N"}},{"type":"Feature","geometry":{"type":"Point","coordinates":[-90.15155,38.69152]},"properties":{"frp":1.56,"date":"2026-09-18","daynight":"N"}},{"type":"Feature","geometry":{"type":"Point","coordinates":[-90.14631,38.6941]},"properties":{"frp":1.92,"date":"2026-09-18","daynight":"N"}},{"type":"Feature","geometry":{"type":"Point","coordinates":[-90.1279,38.69455]},"properties":{"frp":1.53,"date":"2026-09-18","daynight":"N"}},{"type":"Feature","geometry":{"type":"Point","coordinates":[-90.15068,38.69481]},"properties":{"frp":1.56,"date":"2026-09-18","daynight":"N"}},{"type":"Feature","geometry":{"type":"Point","coordinates":[-90.13229,38.69526]},"properties":{"frp":3.28,"date":"2026-09-18","daynight":"N"}},{"type":"Feature","geometry":{"type":"Point","coordinates":[-90.13142,38.69855]},"properties":{"frp":1.25,"date":"2026-09-18","daynight":"N"}},{"type":"Feature","geometry":{"type":"Point","coordinates":[-87.72234,38.98908]},"properties":{"frp":0.59,"date":"2026-09-18","daynight":"N"}},{"type":"Feature","geometry":{"type":"Point","coordinates":[-87.72133,38.99248]},"properties":{"frp":0.59,"date":"2026-09-18","daynight":"N"}},{"type":"Feature","geometry":{"type":"Point","coordinates":[-87.72507,38.99673]},"properties":{"frp":1.01,"date":"2026-09-18","daynight":"N"}},{"type":"Feature","geometry":{"type":"Point","coordinates":[-87.72404,39.00013]},"properties":{"frp":1.01,"date":"2026-09-18","daynight":"N"}},{"type":"Feature","geometry":{"type":"Point","coordinates":[-86.83232,39.97334]},"properties":{"frp":0.72,"date":"2026-09-18","daynight":"N"}},{"type":"Feature","geometry":{"type":"Point","coordinates":[-80.85797,43.07021]},"properties":{"frp":1.9,"date":"2026-09-18","daynight":"N"}},{"type":"Feature","geometry":{"type":"Point","coordinates":[-80.89635,43.10174]},"properties":{"frp":1.08,"date":"2026-09-18","daynight":"N"}},{"type":"Feature","geometry":{"type":"Point","coordinates":[-79.80856,43.26307]},"properties":{"frp":2.4,"date":"2026-09-18","daynight":"N"}},{"type":"Feature","geometry":{"type":"Point","coordinates":[-79.80661,43.26735]},"properties":{"frp":2.4,"date":"2026-09-18","daynight":"N"}},{"type":"Feature","geometry":{"type":"Point","coordinates":[-79.80465,43.27163]},"properties":{"frp":2.91,"date":"2026-09-18","daynight":"N"}},{"type":"Feature","geometry":{"type":"Point","coordinates":[-79.79683,43.27448]},"properties":{"frp":3.63,"date":"2026-09-18","daynight":"N"}},{"type":"Feature","geometry":{"type":"Point","coordinates":[-79.98824,43.29257]},"properties":{"frp":1.07,"date":"2026-09-18","daynight":"N"}},{"type":"Feature","geometry":{"type":"Point","coordinates":[-79.62517,43.49049]},"properties":{"frp":0.73,"date":"2026-09-18","daynight":"N"}},{"type":"Feature","geometry":{"type":"Point","coordinates":[-79.62416,43.49249]},"properties":{"frp":0.83,"date":"2026-09-18","daynight":"N"}},{"type":"Feature","geometry":{"type":"Point","coordinates":[-84.82538,45.06261]},"properties":{"frp":1.69,"date":"2026-09-18","daynight":"N"}},{"type":"Feature","geometry":{"type":"Point","coordinates":[-83.40424,45.07079]},"properties":{"frp":1.93,"date":"2026-09-18","daynight":"N"}},{"type":"Feature","geometry":{"type":"Point","coordinates":[-85.87571,45.97212]},"properties":{"frp":0.61,"date":"2026-09-18","daynight":"N"}},{"type":"Feature","geometry":{"type":"Point","coordinates":[-106.0584,28.57161]},"properties":{"frp":0.79,"date":"2026-09-18","daynight":"N"}},{"type":"Feature","geometry":{"type":"Point","coordinates":[-106.0583,28.57248]},"properties":{"frp":1.58,"date":"2026-09-18","daynight":"N"}},{"type":"Feature","geometry":{"type":"Point","coordinates":[-106.08744,28.68441]},"properties":{"frp":0.98,"date":"2026-09-18","daynight":"N"}},{"type":"Feature","geometry":{"type":"Point","coordinates":[-106.08846,28.68506]},"properties":{"frp":1.56,"date":"2026-09-18","daynight":"N"}},{"type":"Feature","geometry":{"type":"Point","coordinates":[-82.31792,28.90103]},"properties":{"frp":1.31,"date":"2026-09-18","daynight":"N"}},{"type":"Feature","geometry":{"type":"Point","coordinates":[-82.32192,28.90201]},"properties":{"frp":2.85,"date":"2026-09-18","daynight":"N"}},{"type":"Feature","geometry":{"type":"Point","coordinates":[-94.90802,29.36695]},"properties":{"frp":2.3,"date":"2026-09-18","daynight":"N"}},{"type":"Feature","geometry":{"type":"Point","coordinates":[-94.91971,29.37212]},"properties":{"frp":1.89,"date":"2026-09-18","daynight":"N"}},{"type":"Feature","geometry":{"type":"Point","coordinates":[-94.92382,29.37272]},"properties":{"frp":1.89,"date":"2026-09-18","daynight":"N"}},{"type":"Feature","geometry":{"type":"Point","coordinates":[-94.93615,29.37452]},"properties":{"frp":1.86,"date":"2026-09-18","daynight":"N"}},{"type":"Feature","geometry":{"type":"Point","coordinates":[-94.9355,29.3779]},"properties":{"frp":1.86,"date":"2026-09-18","daynight":"N"}},{"type":"Feature","geometry":{"type":"Point","coordinates":[-98.03503,29.57391]},"properties":{"frp":1.84,"date":"2026-09-18","daynight":"N"}},{"type":"Feature","geometry":{"type":"Point","coordinates":[-98.03442,29.57775]},"properties":{"frp":1.84,"date":"2026-09-18","daynight":"N"}},{"type":"Feature","geometry":{"type":"Point","coordinates":[-95.12272,29.73991]},"properties":{"frp":1.74,"date":"2026-09-18","daynight":"N"}},{"type":"Feature","geometry":{"type":"Point","coordinates":[-95.12691,29.74052]},"properties":{"frp":2.1,"date":"2026-09-18","daynight":"N"}},{"type":"Feature","geometry":{"type":"Point","coordinates":[-93.87889,29.75452]},"properties":{"frp":2.85,"date":"2026-09-18","daynight":"N"}},{"type":"Feature","geometry":{"type":"Point","coordinates":[-93.90345,29.75486]},"properties":{"frp":5.31,"date":"2026-09-18","daynight":"N"}},{"type":"Feature","geometry":{"type":"Point","coordinates":[-93.90743,29.75547]},"properties":{"frp":5.31,"date":"2026-09-18","daynight":"N"}},{"type":"Feature","geometry":{"type":"Point","coordinates":[-93.87026,29.75662]},"properties":{"frp":1.49,"date":"2026-09-18","daynight":"N"}},{"type":"Feature","geometry":{"type":"Point","coordinates":[-93.91541,29.75669]},"properties":{"frp":1.5,"date":"2026-09-18","daynight":"N"}},{"type":"Feature","geometry":{"type":"Point","coordinates":[-93.87823,29.75784]},"properties":{"frp":1.5,"date":"2026-09-18","daynight":"N"}},{"type":"Feature","geometry":{"type":"Point","coordinates":[-93.88221,29.75845]},"properties":{"frp":1.5,"date":"2026-09-18","daynight":"N"}},{"type":"Feature","geometry":{"type":"Point","coordinates":[-93.86959,29.75993]},"properties":{"frp":1.49,"date":"2026-09-18","daynight":"N"}},{"type":"Feature","geometry":{"type":"Point","coordinates":[-93.33295,29.77123]},"properties":{"frp":1.67,"date":"2026-09-18","daynight":"N"}},{"type":"Feature","geometry":{"type":"Point","coordinates":[-90.3956,29.99599]},"properties":{"frp":2.33,"date":"2026-09-18","daynight":"N"}},{"type":"Feature","geometry":{"type":"Point","coordinates":[-90.39917,30.00023]},"properties":{"frp":1.69,"date":"2026-09-18","daynight":"N"}},{"type":"Feature","geometry":{"type":"Point","coordinates":[-90.40356,30.00103]},"properties":{"frp":1.69,"date":"2026-09-18","daynight":"N"}},{"type":"Feature","geometry":{"type":"Point","coordinates":[-93.3316,30.04269]},"properties":{"frp":1.67,"date":"2026-09-18","daynight":"N"}},{"type":"Feature","geometry":{"type":"Point","coordinates":[-93.33556,30.04331]},"properties":{"frp":1.67,"date":"2026-09-18","daynight":"N"}},{"type":"Feature","geometry":{"type":"Point","coordinates":[-93.33602,30.04654]},"properties":{"frp":1.24,"date":"2026-09-18","daynight":"N"}},{"type":"Feature","geometry":{"type":"Point","coordinates":[-93.33534,30.04984]},"properties":{"frp":1.24,"date":"2026-09-18","daynight":"N"}},{"type":"Feature","geometry":{"type":"Point","coordinates":[-93.75252,30.04996]},"properties":{"frp":1.39,"date":"2026-09-18","daynight":"N"}},{"type":"Feature","geometry":{"type":"Point","coordinates":[-93.75185,30.05328]},"properties":{"frp":1.39,"date":"2026-09-18","daynight":"N"}},{"type":"Feature","geometry":{"type":"Point","coordinates":[-93.32204,30.17994]},"properties":{"frp":1.47,"date":"2026-09-18","daynight":"N"}},{"type":"Feature","geometry":{"type":"Point","coordinates":[-93.326,30.18056]},"properties":{"frp":1.47,"date":"2026-09-18","daynight":"N"}},{"type":"Feature","geometry":{"type":"Point","coordinates":[-82.04369,30.23105]},"properties":{"frp":1.12,"date":"2026-09-18","daynight":"N"}},{"type":"Feature","geometry":{"type":"Point","coordinates":[-82.94863,30.28552]},"properties":{"frp":0.37,"date":"2026-09-18","daynight":"N"}},{"type":"Feature","geometry":{"type":"Point","coordinates":[-91.28136,30.32805]},"properties":{"frp":1.04,"date":"2026-09-18","daynight":"N"}},{"type":"Feature","geometry":{"type":"Point","coordinates":[-88.48627,30.34202]},"properties":{"frp":2.99,"date":"2026-09-18","daynight":"N"}},{"type":"Feature","geometry":{"type":"Point","coordinates":[-94.17504,30.37532]},"properties":{"frp":1.11,"date":"2026-09-18","daynight":"N"}},{"type":"Feature","geometry":{"type":"Point","coordinates":[-91.03358,30.47506]},"properties":{"frp":1.23,"date":"2026-09-18","daynight":"N"}},{"type":"Feature","geometry":{"type":"Point","coordinates":[-89.04778,30.56995]},"properties":{"frp":1.09,"date":"2026-09-18","daynight":"N"}},{"type":"Feature","geometry":{"type":"Point","coordinates":[-91.24038,30.58159]},"properties":{"frp":0.86,"date":"2026-09-18","daynight":"N"}},{"type":"Feature","geometry":{"type":"Point","coordinates":[-91.23961,30.58495]},"properties":{"frp":0.74,"date":"2026-09-18","daynight":"N"}},{"type":"Feature","geometry":{"type":"Point","coordinates":[-91.30791,30.72628]},"properties":{"frp":1.23,"date":"2026-09-18","daynight":"N"}},{"type":"Feature","geometry":{"type":"Point","coordinates":[-92.31542,30.80672]},"properties":{"frp":4.44,"date":"2026-09-18","daynight":"N"}},{"type":"Feature","geometry":{"type":"Point","coordinates":[-92.3147,30.81002]},"properties":{"frp":4.44,"date":"2026-09-18","daynight":"N"}},{"type":"Feature","geometry":{"type":"Point","coordinates":[-93.28185,30.82085]},"properties":{"frp":2.24,"date":"2026-09-18","daynight":"N"}},{"type":"Feature","geometry":{"type":"Point","coordinates":[-93.28586,30.82147]},"properties":{"frp":1.47,"date":"2026-09-18","daynight":"N"}},{"type":"Feature","geometry":{"type":"Point","coordinates":[-82.88265,30.88755]},"properties":{"frp":0.85,"date":"2026-09-18","daynight":"N"}},{"type":"Feature","geometry":{"type":"Point","coordinates":[-82.88605,30.88837]},"properties":{"frp":0.63,"date":"2026-09-18","daynight":"N"}},{"type":"Feature","geometry":{"type":"Point","coordinates":[-88.01417,30.93844]},"properties":{"frp":2.85,"date":"2026-09-18","daynight":"N"}},{"type":"Feature","geometry":{"type":"Point","coordinates":[-88.01316,30.94221]},"properties":{"frp":2.85,"date":"2026-09-18","daynight":"N"}},{"type":"Feature","geometry":{"type":"Point","coordinates":[-88.01216,30.94598]},"properties":{"frp":1.18,"date":"2026-09-18","daynight":"N"}},{"type":"Feature","geometry":{"type":"Point","coordinates":[-104.79081,31.06669]},"properties":{"frp":0.98,"date":"2026-09-18","daynight":"N"}},{"type":"Feature","geometry":{"type":"Point","coordinates":[-87.98855,31.15231]},"properties":{"frp":1.88,"date":"2026-09-18","daynight":"N"}},{"type":"Feature","geometry":{"type":"Point","coordinates":[-87.97678,31.15397]},"properties":{"frp":1.82,"date":"2026-09-18","daynight":"N"}},{"type":"Feature","geometry":{"type":"Point","coordinates":[-87.98217,31.15502]},"properties":{"frp":1.88,"date":"2026-09-18","daynight":"N"}},{"type":"Feature","geometry":{"type":"Point","coordinates":[-90.21633,31.16045]},"properties":{"frp":2.67,"date":"2026-09-18","daynight":"N"}},{"type":"Feature","geometry":{"type":"Point","coordinates":[-96.16847,31.35069]},"properties":{"frp":1.47,"date":"2026-09-18","daynight":"N"}},{"type":"Feature","geometry":{"type":"Point","coordinates":[-96.16305,31.35365]},"properties":{"frp":1.47,"date":"2026-09-18","daynight":"N"}},{"type":"Feature","geometry":{"type":"Point","coordinates":[-101.78115,31.36245]},"properties":{"frp":1.26,"date":"2026-09-18","daynight":"N"}},{"type":"Feature","geometry":{"type":"Point","coordinates":[-85.76794,31.36251]},"properties":{"frp":1.21,"date":"2026-09-18","daynight":"N"}},{"type":"Feature","geometry":{"type":"Point","coordinates":[-102.3568,31.40154]},"properties":{"frp":1.59,"date":"2026-09-18","daynight":"N"}},{"type":"Feature","geometry":{"type":"Point","coordinates":[-102.36028,31.40183]},"properties":{"frp":1.59,"date":"2026-09-18","daynight":"N"}},{"type":"Feature","geometry":{"type":"Point","coordinates":[-102.88768,31.47089]},"properties":{"frp":0.9,"date":"2026-09-18","daynight":"N"}},{"type":"Feature","geometry":{"type":"Point","coordinates":[-89.56961,31.47163]},"properties":{"frp":0.93,"date":"2026-09-18","daynight":"N"}},{"type":"Feature","geometry":{"type":"Point","coordinates":[-89.57142,31.47262]},"properties":{"frp":1.9,"date":"2026-09-18","daynight":"N"}},{"type":"Feature","geometry":{"type":"Point","coordinates":[-89.56874,31.47513]},"properties":{"frp":0.93,"date":"2026-09-18","daynight":"N"}},{"type":"Feature","geometry":{"type":"Point","coordinates":[-102.69962,31.50827]},"properties":{"frp":1.45,"date":"2026-09-18","daynight":"N"}},{"type":"Feature","geometry":{"type":"Point","coordinates":[-83.86171,31.59848]},"properties":{"frp":1.16,"date":"2026-09-18","daynight":"N"}},{"type":"Feature","geometry":{"type":"Point","coordinates":[-83.86102,31.59868]},"properties":{"frp":1.67,"date":"2026-09-18","daynight":"N"}},{"type":"Feature","geometry":{"type":"Point","coordinates":[-103.98822,31.60789]},"properties":{"frp":2.86,"date":"2026-09-18","daynight":"N"}},{"type":"Feature","geometry":{"type":"Point","coordinates":[-103.9876,31.6135]},"properties":{"frp":2.86,"date":"2026-09-18","daynight":"N"}},{"type":"Feature","geometry":{"type":"Point","coordinates":[-101.82125,31.62216]},"properties":{"frp":0.64,"date":"2026-09-18","daynight":"N"}},{"type":"Feature","geometry":{"type":"Point","coordinates":[-101.82178,31.62305]},"properties":{"frp":1.04,"date":"2026-09-18","daynight":"N"}},{"type":"Feature","geometry":{"type":"Point","coordinates":[-103.98822,31.68467]},"properties":{"frp":0.65,"date":"2026-09-18","daynight":"N"}},{"type":"Feature","geometry":{"type":"Point","coordinates":[-103.9926,31.68496]},"properties":{"frp":0.83,"date":"2026-09-18","daynight":"N"}},{"type":"Feature","geometry":{"type":"Point","coordinates":[-103.92863,31.79667]},"properties":{"frp":0.9,"date":"2026-09-18","daynight":"N"}},{"type":"Feature","geometry":{"type":"Point","coordinates":[-101.77403,31.85044]},"properties":{"frp":1.01,"date":"2026-09-18","daynight":"N"}},{"type":"Feature","geometry":{"type":"Point","coordinates":[-101.76646,31.85977]},"properties":{"frp":0.61,"date":"2026-09-18","daynight":"N"}},{"type":"Feature","geometry":{"type":"Point","coordinates":[-103.36005,31.90105]},"properties":{"frp":1.88,"date":"2026-09-18","daynight":"N"}},{"type":"Feature","geometry":{"type":"Point","coordinates":[-93.38675,32.13415]},"properties":{"frp":0.75,"date":"2026-09-18","daynight":"N"}},{"type":"Feature","geometry":{"type":"Point","coordinates":[-93.39085,32.13477]},"properties":{"frp":0.75,"date":"2026-09-18","daynight":"N"}},{"type":"Feature","geometry":{"type":"Point","coordinates":[-101.65123,32.17243]},"properties":{"frp":1.68,"date":"2026-09-18","daynight":"N"}},{"type":"Feature","geometry":{"type":"Point","coordinates":[-97.55294,32.24447]},"properties":{"frp":2.12,"date":"2026-09-18","daynight":"N"}},{"type":"Feature","geometry":{"type":"Point","coordinates":[-97.55109,32.24482]},"properties":{"frp":1.66,"date":"2026-09-18","daynight":"N"}},{"type":"Feature","geometry":{"type":"Point","coordinates":[-90.01859,32.25905]},"properties":{"frp":1.83,"date":"2026-09-18","daynight":"N"}},{"type":"Feature","geometry":{"type":"Point","coordinates":[-90.3891,32.4163]},"properties":{"frp":0.44,"date":"2026-09-18","daynight":"N"}},{"type":"Feature","geometry":{"type":"Point","coordinates":[-90.38828,32.41967]},"properties":{"frp":0.47,"date":"2026-09-18","daynight":"N"}},{"type":"Feature","geometry":{"type":"Point","coordinates":[-101.14578,32.65372]},"properties":{"frp":1.28,"date":"2026-09-18","daynight":"N"}},{"type":"Feature","geometry":{"type":"Point","coordinates":[-103.78989,32.69846]},"properties":{"frp":1.08,"date":"2026-09-18","daynight":"N"}},{"type":"Feature","geometry":{"type":"Point","coordinates":[-103.78732,32.70022]},"properties":{"frp":1.47,"date":"2026-09-18","daynight":"N"}},{"type":"Feature","geometry":{"type":"Point","coordinates":[-102.64597,32.83226]},"properties":{"frp":1.5,"date":"2026-09-18","daynight":"N"}},{"type":"Feature","geometry":{"type":"Point","coordinates":[-102.64478,32.8326]},"properties":{"frp":0.76,"date":"2026-09-18","daynight":"N"}},{"type":"Feature","geometry":{"type":"Point","coordinates":[-102.64855,32.8329]},"properties":{"frp":0.76,"date":"2026-09-18","daynight":"N"}},{"type":"Feature","geometry":{"type":"Point","coordinates":[-102.56409,32.9367]},"properties":{"frp":0.64,"date":"2026-09-18","daynight":"N"}},{"type":"Feature","geometry":{"type":"Point","coordinates":[-102.56609,32.93731]},"properties":{"frp":0.84,"date":"2026-09-18","daynight":"N"}},{"type":"Feature","geometry":{"type":"Point","coordinates":[-99.9374,25.57812]},"properties":{"frp":4.21,"date":"2026-09-18","daynight":"N"}},{"type":"Feature","geometry":{"type":"Point","coordinates":[-99.9435,25.59128]},"properties":{"frp":2.06,"date":"2026-09-18","daynight":"N"}},{"type":"Feature","geometry":{"type":"Point","coordinates":[-99.46142,25.67302]},"properties":{"frp":2.28,"date":"2026-09-18","daynight":"N"}},{"type":"Feature","geometry":{"type":"Point","coordinates":[-103.3728,27.02894]},"properties":{"frp":1.35,"date":"2026-09-18","daynight":"N"}},{"type":"Feature","geometry":{"type":"Point","coordinates":[-101.83205,47.35723]},"properties":{"frp":1.27,"date":"2026-09-18","daynight":"N"}},{"type":"Feature","geometry":{"type":"Point","coordinates":[-120.84274,48.34716]},"properties":{"frp":1.22,"date":"2026-09-18","daynight":"N"}},{"type":"Feature","geometry":{"type":"Point","coordinates":[-120.80314,48.36538]},"properties":{"frp":1.64,"date":"2026-09-18","daynight":"N"}},{"type":"Feature","geometry":{"type":"Point","coordinates":[-120.79939,48.36936]},"properties":{"frp":1.64,"date":"2026-09-18","daynight":"N"}},{"type":"Feature","geometry":{"type":"Point","coordinates":[-120.80492,48.36982]},"properties":{"frp":1.64,"date":"2026-09-18","daynight":"N"}},{"type":"Feature","geometry":{"type":"Point","coordinates":[-120.81046,48.37027]},"properties":{"frp":1.28,"date":"2026-09-18","daynight":"N"}},{"type":"Feature","geometry":{"type":"Point","coordinates":[-120.81166,48.37466]},"properties":{"frp":1.53,"date":"2026-09-18","daynight":"N"}},{"type":"Feature","geometry":{"type":"Point","coordinates":[-120.82975,48.37615]},"properties":{"frp":0.77,"date":"2026-09-18","daynight":"N"}},{"type":"Feature","geometry":{"type":"Point","coordinates":[-122.73895,48.88538]},"properties":{"frp":1.78,"date":"2026-09-18","daynight":"N"}},{"type":"Feature","geometry":{"type":"Point","coordinates":[-122.73325,48.88668]},"properties":{"frp":1.51,"date":"2026-09-18","daynight":"N"}},{"type":"Feature","geometry":{"type":"Point","coordinates":[-122.74063,48.88713]},"properties":{"frp":1.51,"date":"2026-09-18","daynight":"N"}},{"type":"Feature","geometry":{"type":"Point","coordinates":[-121.04021,48.94144]},"properties":{"frp":2.2,"date":"2026-09-18","daynight":"N"}},{"type":"Feature","geometry":{"type":"Point","coordinates":[-121.07999,49.08655]},"properties":{"frp":1.04,"date":"2026-09-18","daynight":"N"}},{"type":"Feature","geometry":{"type":"Point","coordinates":[-121.07809,49.08967]},"properties":{"frp":1.52,"date":"2026-09-18","daynight":"N"}},{"type":"Feature","geometry":{"type":"Point","coordinates":[-121.0771,49.09072]},"properties":{"frp":1.04,"date":"2026-09-18","daynight":"N"}},{"type":"Feature","geometry":{"type":"Point","coordinates":[-112.81544,38.93594]},"properties":{"frp":0.72,"date":"2026-09-18","daynight":"N"}},{"type":"Feature","geometry":{"type":"Point","coordinates":[-112.81798,38.93798]},"properties":{"frp":2.74,"date":"2026-09-18","daynight":"N"}},{"type":"Feature","geometry":{"type":"Point","coordinates":[-119.26497,39.61831]},"properties":{"frp":1.09,"date":"2026-09-18","daynight":"N"}},{"type":"Feature","geometry":{"type":"Point","coordinates":[-119.2642,39.62186]},"properties":{"frp":0.46,"date":"2026-09-18","daynight":"N"}},{"type":"Feature","geometry":{"type":"Point","coordinates":[-111.59478,42.68358]},"properties":{"frp":19.02,"date":"2026-09-18","daynight":"N"}},{"type":"Feature","geometry":{"type":"Point","coordinates":[-111.58866,42.68605]},"properties":{"frp":19.02,"date":"2026-09-18","daynight":"N"}},{"type":"Feature","geometry":{"type":"Point","coordinates":[-111.59365,42.68697]},"properties":{"frp":19.02,"date":"2026-09-18","daynight":"N"}},{"type":"Feature","geometry":{"type":"Point","coordinates":[-111.58752,42.68943]},"properties":{"frp":0.73,"date":"2026-09-18","daynight":"N"}},{"type":"Feature","geometry":{"type":"Point","coordinates":[-107.59566,43.2789]},"properties":{"frp":7.81,"date":"2026-09-18","daynight":"N"}},{"type":"Feature","geometry":{"type":"Point","coordinates":[-107.60243,43.28038]},"properties":{"frp":11.74,"date":"2026-09-18","daynight":"N"}},{"type":"Feature","geometry":{"type":"Point","coordinates":[-107.5956,43.2807]},"properties":{"frp":7.55,"date":"2026-09-18","daynight":"N"}},{"type":"Feature","geometry":{"type":"Point","coordinates":[-107.60234,43.28221]},"properties":{"frp":7.55,"date":"2026-09-18","daynight":"N"}},{"type":"Feature","geometry":{"type":"Point","coordinates":[-123.16253,45.23019]},"properties":{"frp":1.46,"date":"2026-09-18","daynight":"N"}},{"type":"Feature","geometry":{"type":"Point","coordinates":[-123.16913,45.23065]},"properties":{"frp":1.46,"date":"2026-09-18","daynight":"N"}},{"type":"Feature","geometry":{"type":"Point","coordinates":[-123.16222,45.2307]},"properties":{"frp":0.97,"date":"2026-09-18","daynight":"N"}},{"type":"Feature","geometry":{"type":"Point","coordinates":[-123.16879,45.2312]},"properties":{"frp":1.07,"date":"2026-09-18","daynight":"N"}},{"type":"Feature","geometry":{"type":"Point","coordinates":[-111.19157,30.55958]},"properties":{"frp":1.44,"date":"2026-09-18","daynight":"N"}},{"type":"Feature","geometry":{"type":"Point","coordinates":[-102.36102,31.40381]},"properties":{"frp":1.98,"date":"2026-09-18","daynight":"N"}},{"type":"Feature","geometry":{"type":"Point","coordinates":[-102.88903,31.47384]},"properties":{"frp":1.21,"date":"2026-09-18","daynight":"N"}},{"type":"Feature","geometry":{"type":"Point","coordinates":[-102.69818,31.50901]},"properties":{"frp":1.78,"date":"2026-09-18","daynight":"N"}},{"type":"Feature","geometry":{"type":"Point","coordinates":[-101.74862,31.60687]},"properties":{"frp":1.14,"date":"2026-09-18","daynight":"N"}},{"type":"Feature","geometry":{"type":"Point","coordinates":[-101.75633,31.6092]},"properties":{"frp":1.14,"date":"2026-09-18","daynight":"N"}},{"type":"Feature","geometry":{"type":"Point","coordinates":[-101.75391,31.61011]},"properties":{"frp":4.0,"date":"2026-09-18","daynight":"N"}},{"type":"Feature","geometry":{"type":"Point","coordinates":[-103.98672,31.61088]},"properties":{"frp":0.77,"date":"2026-09-18","daynight":"N"}},{"type":"Feature","geometry":{"type":"Point","coordinates":[-101.74583,31.6136]},"properties":{"frp":1.17,"date":"2026-09-18","daynight":"N"}},{"type":"Feature","geometry":{"type":"Point","coordinates":[-101.75352,31.61591]},"properties":{"frp":1.17,"date":"2026-09-18","daynight":"N"}},{"type":"Feature","geometry":{"type":"Point","coordinates":[-103.92564,31.79558]},"properties":{"frp":1.06,"date":"2026-09-18","daynight":"N"}},{"type":"Feature","geometry":{"type":"Point","coordinates":[-103.92465,31.79813]},"properties":{"frp":1.15,"date":"2026-09-18","daynight":"N"}},{"type":"Feature","geometry":{"type":"Point","coordinates":[-103.35957,31.89896]},"properties":{"frp":0.98,"date":"2026-09-18","daynight":"N"}},{"type":"Feature","geometry":{"type":"Point","coordinates":[-103.78929,32.69948]},"properties":{"frp":0.87,"date":"2026-09-18","daynight":"N"}},{"type":"Feature","geometry":{"type":"Point","coordinates":[-110.86134,33.4172]},"properties":{"frp":1.21,"date":"2026-09-18","daynight":"N"}},{"type":"Feature","geometry":{"type":"Point","coordinates":[-110.86594,33.41819]},"properties":{"frp":1.74,"date":"2026-09-18","daynight":"N"}},{"type":"Feature","geometry":{"type":"Point","coordinates":[-117.82358,33.61454]},"properties":{"frp":0.95,"date":"2026-09-18","daynight":"N"}},{"type":"Feature","geometry":{"type":"Point","coordinates":[-117.70865,33.71569]},"properties":{"frp":0.45,"date":"2026-09-18","daynight":"N"}},{"type":"Feature","geometry":{"type":"Point","coordinates":[-117.71278,33.71634]},"properties":{"frp":0.49,"date":"2026-09-18","daynight":"N"}},{"type":"Feature","geometry":{"type":"Point","coordinates":[-117.47513,33.79427]},"properties":{"frp":1.08,"date":"2026-09-18","daynight":"N"}},{"type":"Feature","geometry":{"type":"Point","coordinates":[-118.19173,34.15275]},"properties":{"frp":0.5,"date":"2026-09-18","daynight":"N"}},{"type":"Feature","geometry":{"type":"Point","coordinates":[-118.79832,34.28931]},"properties":{"frp":0.61,"date":"2026-09-18","daynight":"N"}},{"type":"Feature","geometry":{"type":"Point","coordinates":[-118.80188,34.29328]},"properties":{"frp":0.47,"date":"2026-09-18","daynight":"N"}},{"type":"Feature","geometry":{"type":"Point","coordinates":[-118.52107,34.33622]},"properties":{"frp":2.06,"date":"2026-09-18","daynight":"N"}},{"type":"Feature","geometry":{"type":"Point","coordinates":[-117.33585,34.60705]},"properties":{"frp":1.21,"date":"2026-09-18","daynight":"N"}},{"type":"Feature","geometry":{"type":"Point","coordinates":[-112.18118,35.25867]},"properties":{"frp":0.88,"date":"2026-09-18","daynight":"N"}},{"type":"Feature","geometry":{"type":"Point","coordinates":[-113.31231,35.51712]},"properties":{"frp":1.06,"date":"2026-09-18","daynight":"N"}},{"type":"Feature","geometry":{"type":"Point","coordinates":[-113.31717,35.51805]},"properties":{"frp":1.06,"date":"2026-09-18","daynight":"N"}},{"type":"Feature","geometry":{"type":"Point","coordinates":[-113.31467,35.51873]},"properties":{"frp":2.03,"date":"2026-09-18","daynight":"N"}},{"type":"Feature","geometry":{"type":"Point","coordinates":[-101.89535,35.53365]},"properties":{"frp":1.78,"date":"2026-09-18","daynight":"N"}},{"type":"Feature","geometry":{"type":"Point","coordinates":[-101.89327,35.53816]},"properties":{"frp":2.38,"date":"2026-09-18","daynight":"N"}},{"type":"Feature","geometry":{"type":"Point","coordinates":[-101.89282,35.53977]},"properties":{"frp":1.35,"date":"2026-09-18","daynight":"N"}},{"type":"Feature","geometry":{"type":"Point","coordinates":[-101.89946,35.53997]},"properties":{"frp":2.38,"date":"2026-09-18","daynight":"N"}},{"type":"Feature","geometry":{"type":"Point","coordinates":[-114.91257,36.35662]},"properties":{"frp":1.48,"date":"2026-09-18","daynight":"N"}},{"type":"Feature","geometry":{"type":"Point","coordinates":[-119.60074,37.56929]},"properties":{"frp":5.25,"date":"2026-09-18","daynight":"N"}},{"type":"Feature","geometry":{"type":"Point","coordinates":[-119.60586,37.56996]},"properties":{"frp":8.85,"date":"2026-09-18","daynight":"N"}},{"type":"Feature","geometry":{"type":"Point","coordinates":[-119.6109,37.57062]},"properties":{"frp":8.85,"date":"2026-09-18","daynight":"N"}},{"type":"Feature","geometry":{"type":"Point","coordinates":[-119.61591,37.57127]},"properties":{"frp":1.29,"date":"2026-09-18","daynight":"N"}},{"type":"Feature","geometry":{"type":"Point","coordinates":[-119.60494,37.57346]},"properties":{"frp":8.85,"date":"2026-09-18","daynight":"N"}},{"type":"Feature","geometry":{"type":"Point","coordinates":[-119.59899,37.5763]},"properties":{"frp":15.47,"date":"2026-09-18","daynight":"N"}},{"type":"Feature","geometry":{"type":"Point","coordinates":[-119.60396,37.57694]},"properties":{"frp":3.68,"date":"2026-09-18","daynight":"N"}},{"type":"Feature","geometry":{"type":"Point","coordinates":[-119.61899,37.57889]},"properties":{"frp":1.86,"date":"2026-09-18","daynight":"N"}},{"type":"Feature","geometry":{"type":"Point","coordinates":[-119.59811,37.57979]},"properties":{"frp":15.47,"date":"2026-09-18","daynight":"N"}},{"type":"Feature","geometry":{"type":"Point","coordinates":[-119.60299,37.58043]},"properties":{"frp":3.68,"date":"2026-09-18","daynight":"N"}},{"type":"Feature","geometry":{"type":"Point","coordinates":[-119.61806,37.58239]},"properties":{"frp":1.86,"date":"2026-09-18","daynight":"N"}},{"type":"Feature","geometry":{"type":"Point","coordinates":[-119.59724,37.58329]},"properties":{"frp":7.63,"date":"2026-09-18","daynight":"N"}},{"type":"Feature","geometry":{"type":"Point","coordinates":[-119.6021,37.58392]},"properties":{"frp":3.67,"date":"2026-09-18","daynight":"N"}},{"type":"Feature","geometry":{"type":"Point","coordinates":[-119.61714,37.58588]},"properties":{"frp":1.83,"date":"2026-09-18","daynight":"N"}},{"type":"Feature","geometry":{"type":"Point","coordinates":[-119.6221,37.58653]},"properties":{"frp":0.89,"date":"2026-09-18","daynight":"N"}},{"type":"Feature","geometry":{"type":"Point","coordinates":[-119.59637,37.58679]},"properties":{"frp":7.63,"date":"2026-09-18","daynight":"N"}},{"type":"Feature","geometry":{"type":"Point","coordinates":[-119.60122,37.58742]},"properties":{"frp":3.67,"date":"2026-09-18","daynight":"N"}},{"type":"Feature","geometry":{"type":"Point","coordinates":[-119.60618,37.58807]},"properties":{"frp":3.67,"date":"2026-09-18","daynight":"N"}},{"type":"Feature","geometry":{"type":"Point","coordinates":[-119.62124,37.59003]},"properties":{"frp":0.89,"date":"2026-09-18","daynight":"N"}},{"type":"Feature","geometry":{"type":"Point","coordinates":[-119.59559,37.5903]},"properties":{"frp":12.32,"date":"2026-09-18","daynight":"N"}},{"type":"Feature","geometry":{"type":"Point","coordinates":[-119.60045,37.59093]},"properties":{"frp":12.92,"date":"2026-09-18","daynight":"N"}},{"type":"Feature","geometry":{"type":"Point","coordinates":[-119.60535,37.59157]},"properties":{"frp":12.92,"date":"2026-09-18","daynight":"N"}},{"type":"Feature","geometry":{"type":"Point","coordinates":[-119.62038,37.59354]},"properties":{"frp":1.98,"date":"2026-09-18","daynight":"N"}},{"type":"Feature","geometry":{"type":"Point","coordinates":[-119.62554,37.5942]},"properties":{"frp":1.98,"date":"2026-09-18","daynight":"N"}},{"type":"Feature","geometry":{"type":"Point","coordinates":[-119.59972,37.59445]},"properties":{"frp":12.92,"date":"2026-09-18","daynight":"N"}},{"type":"Feature","geometry":{"type":"Point","coordinates":[-119.60461,37.59509]},"properties":{"frp":12.92,"date":"2026-09-18","daynight":"N"}},{"type":"Feature","geometry":{"type":"Point","coordinates":[-119.60957,37.59574]},"properties":{"frp":1.97,"date":"2026-09-18","daynight":"N"}},{"type":"Feature","geometry":{"type":"Point","coordinates":[-119.6197,37.59706]},"properties":{"frp":1.98,"date":"2026-09-18","daynight":"N"}},{"type":"Feature","geometry":{"type":"Point","coordinates":[-119.59396,37.59731]},"properties":{"frp":13.45,"date":"2026-09-18","daynight":"N"}},{"type":"Feature","geometry":{"type":"Point","coordinates":[-119.62498,37.59775]},"properties":{"frp":1.98,"date":"2026-09-18","daynight":"N"}},{"type":"Feature","geometry":{"type":"Point","coordinates":[-119.59895,37.59796]},"properties":{"frp":6.17,"date":"2026-09-18","daynight":"N"}},{"type":"Feature","geometry":{"type":"Point","coordinates":[-119.63038,37.59846]},"properties":{"frp":2.29,"date":"2026-09-18","daynight":"N"}},{"type":"Feature","geometry":{"type":"Point","coordinates":[-119.6039,37.59861]},"properties":{"frp":6.17,"date":"2026-09-18","daynight":"N"}},{"type":"Feature","geometry":{"type":"Point","coordinates":[-119.60893,37.59927]},"properties":{"frp":12.15,"date":"2026-09-18","daynight":"N"}},{"type":"Feature","geometry":{"type":"Point","coordinates":[-119.61404,37.59994]},"properties":{"frp":12.15,"date":"2026-09-18","daynight":"N"}},{"type":"Feature","geometry":{"type":"Point","coordinates":[-119.61929,37.60062]},"properties":{"frp":1.79,"date":"2026-09-18","daynight":"N"}},{"type":"Feature","geometry":{"type":"Point","coordinates":[-119.59303,37.6008]},"properties":{"frp":13.45,"date":"2026-09-18","daynight":"N"}},{"type":"Feature","geometry":{"type":"Point","coordinates":[-119.6246,37.60133]},"properties":{"frp":1.79,"date":"2026-09-18","daynight":"N"}},{"type":"Feature","geometry":{"type":"Point","coordinates":[-119.5981,37.60146]},"properties":{"frp":6.17,"date":"2026-09-18","daynight":"N"}},{"type":"Feature","geometry":{"type":"Point","coordinates":[-119.60831,37.6028]},"properties":{"frp":12.15,"date":"2026-09-18","daynight":"N"}},{"type":"Feature","geometry":{"type":"Point","coordinates":[-119.61348,37.60348]},"properties":{"frp":12.15,"date":"2026-09-18","daynight":"N"}},{"type":"Feature","geometry":{"type":"Point","coordinates":[-119.59052,37.60369]},"properties":{"frp":4.81,"date":"2026-09-18","daynight":"N"}},{"type":"Feature","geometry":{"type":"Point","coordinates":[-119.61881,37.60418]},"properties":{"frp":1.79,"date":"2026-09-18","daynight":"N"}},{"type":"Feature","geometry":{"type":"Point","coordinates":[-119.59215,37.60429]},"properties":{"frp":6.16,"date":"2026-09-18","daynight":"N"}},{"type":"Feature","geometry":{"type":"Point","coordinates":[-119.59561,37.60434]},"properties":{"frp":4.81,"date":"2026-09-18","daynight":"N"}},{"type":"Feature","geometry":{"type":"Point","coordinates":[-119.62417,37.60489]},"properties":{"frp":1.79,"date":"2026-09-18","daynight":"N"}},{"type":"Feature","geometry":{"type":"Point","coordinates":[-119.59725,37.60496]},"properties":{"frp":5.83,"date":"2026-09-18","daynight":"N"}},{"type":"Feature","geometry":{"type":"Point","coordinates":[-119.61115,37.60629]},"properties":{"frp":10.62,"date":"2026-09-18","daynight":"N"}},{"type":"Feature","geometry":{"type":"Point","coordinates":[-119.6076,37.60632]},"properties":{"frp":13.54,"date":"2026-09-18","daynight":"N"}},{"type":"Feature","geometry":{"type":"Point","coordinates":[-119.61646,37.60696]},"properties":{"frp":10.62,"date":"2026-09-18","daynight":"N"}},{"type":"Feature","geometry":{"type":"Point","coordinates":[-119.61282,37.60701]},"properties":{"frp":13.54,"date":"2026-09-18","daynight":"N"}},{"type":"Feature","geometry":{"type":"Point","coordinates":[-119.5898,37.6072]},"properties":{"frp":4.81,"date":"2026-09-18","daynight":"N"}},{"type":"Feature","geometry":{"type":"Point","coordinates":[-119.62184,37.60764]},"properties":{"frp":4.39,"date":"2026-09-18","daynight":"N"}},{"type":"Feature","geometry":{"type":"Point","coordinates":[-119.61817,37.60772]},"properties":{"frp":4.34,"date":"2026-09-18","daynight":"N"}},{"type":"Feature","geometry":{"type":"Point","coordinates":[-119.59145,37.60781]},"properties":{"frp":6.16,"date":"2026-09-18","daynight":"N"}},{"type":"Feature","geometry":{"type":"Point","coordinates":[-119.59486,37.60785]},"properties":{"frp":4.81,"date":"2026-09-18","daynight":"N"}},{"type":"Feature","geometry":{"type":"Point","coordinates":[-119.62352,37.60842]},"properties":{"frp":4.34,"date":"2026-09-18","daynight":"N"}},{"type":"Feature","geometry":{"type":"Point","coordinates":[-119.6104,37.60981]},"properties":{"frp":10.62,"date":"2026-09-18","daynight":"N"}},{"type":"Feature","geometry":{"type":"Point","coordinates":[-119.61575,37.61049]},"properties":{"frp":10.62,"date":"2026-09-18","daynight":"N"}},{"type":"Feature","geometry":{"type":"Point","coordinates":[-119.61209,37.61053]},"properties":{"frp":13.54,"date":"2026-09-18","daynight":"N"}},{"type":"Feature","geometry":{"type":"Point","coordinates":[-119.62116,37.61116]},"properties":{"frp":4.39,"date":"2026-09-18","daynight":"N"}},{"type":"Feature","geometry":{"type":"Point","coordinates":[-119.61747,37.61124]},"properties":{"frp":4.34,"date":"2026-09-18","daynight":"N"}},{"type":"Feature","geometry":{"type":"Point","coordinates":[-119.62284,37.61195]},"properties":{"frp":4.34,"date":"2026-09-18","daynight":"N"}},{"type":"Feature","geometry":{"type":"Point","coordinates":[-119.60966,37.61333]},"properties":{"frp":67.95,"date":"2026-09-18","daynight":"N"}},{"type":"Feature","geometry":{"type":"Point","coordinates":[-119.615,37.614]},"properties":{"frp":67.95,"date":"2026-09-18","daynight":"N"}},{"type":"Feature","geometry":{"type":"Point","coordinates":[-119.62038,37.61468]},"properties":{"frp":12.22,"date":"2026-09-18","daynight":"N"}},{"type":"Feature","geometry":{"type":"Point","coordinates":[-119.60383,37.6162]},"properties":{"frp":8.33,"date":"2026-09-18","daynight":"N"}},{"type":"Feature","geometry":{"type":"Point","coordinates":[-119.609,37.61686]},"properties":{"frp":67.95,"date":"2026-09-18","daynight":"N"}},{"type":"Feature","geometry":{"type":"Point","coordinates":[-119.61422,37.61752]},"properties":{"frp":67.95,"date":"2026-09-18","daynight":"N"}},{"type":"Feature","geometry":{"type":"Point","coordinates":[-119.60329,37.61975]},"properties":{"frp":2.85,"date":"2026-09-18","daynight":"N"}},{"type":"Feature","geometry":{"type":"Point","coordinates":[-119.60838,37.62039]},"properties":{"frp":7.03,"date":"2026-09-18","daynight":"N"}},{"type":"Feature","geometry":{"type":"Point","coordinates":[-119.61348,37.62104]},"properties":{"frp":7.03,"date":"2026-09-18","daynight":"N"}},{"type":"Feature","geometry":{"type":"Point","coordinates":[-119.60774,37.62392]},"properties":{"frp":7.03,"date":"2026-09-18","daynight":"N"}},{"type":"Feature","geometry":{"type":"Point","coordinates":[-103.37358,27.02911]},"properties":{"frp":1.65,"date":"2026-09-18","daynight":"N"}},{"type":"Feature","geometry":{"type":"Point","coordinates":[-106.08663,28.68536]},"properties":{"frp":2.04,"date":"2026-09-18","daynight":"N"}},{"type":"Feature","geometry":{"type":"Point","coordinates":[-120.85625,48.35879]},"properties":{"frp":1.13,"date":"2026-09-18","daynight":"N"}},{"type":"Feature","geometry":{"type":"Point","coordinates":[-120.80692,48.3693]},"properties":{"frp":2.57,"date":"2026-09-18","daynight":"N"}},{"type":"Feature","geometry":{"type":"Point","coordinates":[-120.81181,48.37089]},"properties":{"frp":2.38,"date":"2026-09-18","daynight":"N"}},{"type":"Feature","geometry":{"type":"Point","coordinates":[-120.814,48.37825]},"properties":{"frp":1.51,"date":"2026-09-18","daynight":"N"}},{"type":"Feature","geometry":{"type":"Point","coordinates":[-122.73635,48.88352]},"properties":{"frp":1.08,"date":"2026-09-18","daynight":"N"}},{"type":"Feature","geometry":{"type":"Point","coordinates":[-122.73244,48.88595]},"properties":{"frp":0.81,"date":"2026-09-18","daynight":"N"}},{"type":"Feature","geometry":{"type":"Point","coordinates":[-122.73716,48.88736]},"properties":{"frp":0.81,"date":"2026-09-18","daynight":"N"}},{"type":"Feature","geometry":{"type":"Point","coordinates":[-121.04308,48.92912]},"properties":{"frp":1.33,"date":"2026-09-18","daynight":"N"}},{"type":"Feature","geometry":{"type":"Point","coordinates":[-121.04121,48.93029]},"properties":{"frp":2.02,"date":"2026-09-18","daynight":"N"}},{"type":"Feature","geometry":{"type":"Point","coordinates":[-121.04683,48.93032]},"properties":{"frp":1.33,"date":"2026-09-18","daynight":"N"}},{"type":"Feature","geometry":{"type":"Point","coordinates":[-121.04468,48.93142]},"properties":{"frp":2.18,"date":"2026-09-18","daynight":"N"}},{"type":"Feature","geometry":{"type":"Point","coordinates":[-121.03337,48.93423]},"properties":{"frp":0.68,"date":"2026-09-18","daynight":"N"}},{"type":"Feature","geometry":{"type":"Point","coordinates":[-123.165,45.22755]},"properties":{"frp":1.71,"date":"2026-09-18","daynight":"N"}},{"type":"Feature","geometry":{"type":"Point","coordinates":[-81.38212,27.26135]},"properties":{"frp":15.85,"date":"2026-09-18","daynight":"D"}},{"type":"Feature","geometry":{"type":"Point","coordinates":[-81.37997,27.26167]},"properties":{"frp":10.77,"date":"2026-09-18","daynight":"D"}},{"type":"Feature","geometry":{"type":"Point","coordinates":[-81.97635,28.2697]},"properties":{"frp":7.13,"date":"2026-09-18","daynight":"D"}},{"type":"Feature","geometry":{"type":"Point","coordinates":[-81.98083,28.27613]},"properties":{"frp":7.5,"date":"2026-09-18","daynight":"D"}},{"type":"Feature","geometry":{"type":"Point","coordinates":[-81.97871,28.27639]},"properties":{"frp":7.13,"date":"2026-09-18","daynight":"D"}},{"type":"Feature","geometry":{"type":"Point","coordinates":[-82.93848,31.38573]},"properties":{"frp":9.95,"date":"2026-09-18","daynight":"D"}},{"type":"Feature","geometry":{"type":"Point","coordinates":[-82.71566,31.64333]},"properties":{"frp":7.9,"date":"2026-09-18","daynight":"D"}},{"type":"Feature","geometry":{"type":"Point","coordinates":[-82.71456,31.64597]},"properties":{"frp":6.06,"date":"2026-09-18","daynight":"D"}},{"type":"Feature","geometry":{"type":"Point","coordinates":[-82.52819,31.83577]},"properties":{"frp":5.61,"date":"2026-09-18","daynight":"D"}},{"type":"Feature","geometry":{"type":"Point","coordinates":[-82.68681,32.06183]},"properties":{"frp":9.78,"date":"2026-09-18","daynight":"D"}},{"type":"Feature","geometry":{"type":"Point","coordinates":[-82.68024,32.06368]},"properties":{"frp":9.78,"date":"2026-09-18","daynight":"D"}},{"type":"Feature","geometry":{"type":"Point","coordinates":[-82.68272,32.07001]},"properties":{"frp":9.78,"date":"2026-09-18","daynight":"D"}},{"type":"Feature","geometry":{"type":"Point","coordinates":[-82.68233,32.06202]},"properties":{"frp":15.78,"date":"2026-09-18","daynight":"D"}},{"type":"Feature","geometry":{"type":"Point","coordinates":[-82.68472,32.06837]},"properties":{"frp":15.78,"date":"2026-09-18","daynight":"D"}},{"type":"Feature","geometry":{"type":"Point","coordinates":[-83.5297,33.82897]},"properties":{"frp":8.35,"date":"2026-09-18","daynight":"D"}},{"type":"Feature","geometry":{"type":"Point","coordinates":[-83.52506,33.8294]},"properties":{"frp":14.7,"date":"2026-09-18","daynight":"D"}},{"type":"Feature","geometry":{"type":"Point","coordinates":[-83.5231,33.83089]},"properties":{"frp":8.35,"date":"2026-09-18","daynight":"D"}},{"type":"Feature","geometry":{"type":"Point","coordinates":[-81.67665,41.45355]},"properties":{"frp":4.79,"date":"2026-09-18","daynight":"D"}},{"type":"Feature","geometry":{"type":"Point","coordinates":[-84.04578,41.56937]},"properties":{"frp":3.17,"date":"2026-09-18","daynight":"D"}},{"type":"Feature","geometry":{"type":"Point","coordinates":[-74.5247,45.25385]},"properties":{"frp":37.7,"date":"2026-09-18","daynight":"D"}},{"type":"Feature","geometry":{"type":"Point","coordinates":[-74.73991,45.46028]},"properties":{"frp":2.31,"date":"2026-09-18","daynight":"D"}},{"type":"Feature","geometry":{"type":"Point","coordinates":[-74.73476,45.46119]},"properties":{"frp":2.31,"date":"2026-09-18","daynight":"D"}},{"type":"Feature","geometry":{"type":"Point","coordinates":[-73.25072,45.83824]},"properties":{"frp":4.22,"date":"2026-09-18","daynight":"D"}},{"type":"Feature","geometry":{"type":"Point","coordinates":[-73.2458,45.83904]},"properties":{"frp":3.06,"date":"2026-09-18","daynight":"D"}},{"type":"Feature","geometry":{"type":"Point","coordinates":[-81.3824,27.26113]},"properties":{"frp":6.0,"date":"2026-09-18","daynight":"D"}},{"type":"Feature","geometry":{"type":"Point","coordinates":[-99.93947,25.57502]},"properties":{"frp":2.69,"date":"2026-09-18","daynight":"D"}},{"type":"Feature","geometry":{"type":"Point","coordinates":[-89.54807,30.22687]},"properties":{"frp":4.38,"date":"2026-09-18","daynight":"D"}},{"type":"Feature","geometry":{"type":"Point","coordinates":[-89.54353,30.22746]},"properties":{"frp":6.06,"date":"2026-09-18","daynight":"D"}},{"type":"Feature","geometry":{"type":"Point","coordinates":[-93.90302,29.75622]},"properties":{"frp":7.16,"date":"2026-09-18","daynight":"D"}},{"type":"Feature","geometry":{"type":"Point","coordinates":[-93.8779,29.75689]},"properties":{"frp":2.91,"date":"2026-09-18","daynight":"D"}},{"type":"Feature","geometry":{"type":"Point","coordinates":[-93.86977,29.75821]},"properties":{"frp":2.94,"date":"2026-09-18","daynight":"D"}},{"type":"Feature","geometry":{"type":"Point","coordinates":[-94.45718,29.8958]},"properties":{"frp":2.03,"date":"2026-09-18","daynight":"D"}},{"type":"Feature","geometry":{"type":"Point","coordinates":[-94.60916,30.51943]},"properties":{"frp":17.91,"date":"2026-09-18","daynight":"D"}},{"type":"Feature","geometry":{"type":"Point","coordinates":[-88.84493,30.54191]},"properties":{"frp":9.8,"date":"2026-09-18","daynight":"D"}},{"type":"Feature","geometry":{"type":"Point","coordinates":[-90.81496,30.54364]},"properties":{"frp":2.19,"date":"2026-09-18","daynight":"D"}},{"type":"Feature","geometry":{"type":"Point","coordinates":[-90.81561,30.54703]},"properties":{"frp":2.9,"date":"2026-09-18","daynight":"D"}},{"type":"Feature","geometry":{"type":"Point","coordinates":[-91.24005,30.58485]},"properties":{"frp":5.41,"date":"2026-09-18","daynight":"D"}},{"type":"Feature","geometry":{"type":"Point","coordinates":[-86.94428,30.66436]},"properties":{"frp":5.52,"date":"2026-09-18","daynight":"D"}},{"type":"Feature","geometry":{"type":"Point","coordinates":[-91.30744,30.72604]},"properties":{"frp":5.8,"date":"2026-09-18","daynight":"D"}},{"type":"Feature","geometry":{"type":"Point","coordinates":[-91.30333,30.72662]},"properties":{"frp":3.61,"date":"2026-09-18","daynight":"D"}},{"type":"Feature","geometry":{"type":"Point","coordinates":[-91.30398,30.72997]},"properties":{"frp":3.61,"date":"2026-09-18","daynight":"D"}},{"type":"Feature","geometry":{"type":"Point","coordinates":[-89.96479,30.80782]},"properties":{"frp":107.11,"date":"2026-09-18","daynight":"D"}},{"type":"Feature","geometry":{"type":"Point","coordinates":[-89.9603,30.8084]},"properties":{"frp":69.46,"date":"2026-09-18","daynight":"D"}},{"type":"Feature","geometry":{"type":"Point","coordinates":[-89.96603,30.81479]},"properties":{"frp":6.43,"date":"2026-09-18","daynight":"D"}},{"type":"Feature","geometry":{"type":"Point","coordinates":[-89.96153,30.81538]},"properties":{"frp":8.37,"date":"2026-09-18","daynight":"D"}},{"type":"Feature","geometry":{"type":"Point","coordinates":[-93.28128,30.82312]},"properties":{"frp":5.38,"date":"2026-09-18","daynight":"D"}},{"type":"Feature","geometry":{"type":"Point","coordinates":[-92.81588,31.05133]},"properties":{"frp":26.87,"date":"2026-09-18","daynight":"D"}},{"type":"Feature","geometry":{"type":"Point","coordinates":[-87.9837,31.1483]},"properties":{"frp":4.75,"date":"2026-09-18","daynight":"D"}},{"type":"Feature","geometry":{"type":"Point","coordinates":[-87.98518,31.15005]},"properties":{"frp":11.74,"date":"2026-09-18","daynight":"D"}},{"type":"Feature","geometry":{"type":"Point","coordinates":[-82.94015,31.38244]},"properties":{"frp":4.02,"date":"2026-09-18","daynight":"D"}},{"type":"Feature","geometry":{"type":"Point","coordinates":[-82.93653,31.38272]},"properties":{"frp":3.03,"date":"2026-09-18","daynight":"D"}},{"type":"Feature","geometry":{"type":"Point","coordinates":[-82.94427,31.38734]},"properties":{"frp":6.1,"date":"2026-09-18","daynight":"D"}},{"type":"Feature","geometry":{"type":"Point","coordinates":[-82.94066,31.38763]},"properties":{"frp":6.1,"date":"2026-09-18","daynight":"D"}},{"type":"Feature","geometry":{"type":"Point","coordinates":[-88.31868,31.42532]},"properties":{"frp":8.39,"date":"2026-09-18","daynight":"D"}},{"type":"Feature","geometry":{"type":"Point","coordinates":[-88.32151,31.42581]},"properties":{"frp":9.92,"date":"2026-09-18","daynight":"D"}},{"type":"Feature","geometry":{"type":"Point","coordinates":[-88.31927,31.4291]},"properties":{"frp":8.39,"date":"2026-09-18","daynight":"D"}},{"type":"Feature","geometry":{"type":"Point","coordinates":[-83.85889,31.59976]},"properties":{"frp":4.34,"date":"2026-09-18","daynight":"D"}},{"type":"Feature","geometry":{"type":"Point","coordinates":[-82.71551,31.64268]},"properties":{"frp":2.85,"date":"2026-09-18","daynight":"D"}},{"type":"Feature","geometry":{"type":"Point","coordinates":[-82.71175,31.64297]},"properties":{"frp":5.06,"date":"2026-09-18","daynight":"D"}},{"type":"Feature","geometry":{"type":"Point","coordinates":[-85.44183,31.64807]},"properties":{"frp":74.93,"date":"2026-09-18","daynight":"D"}},{"type":"Feature","geometry":{"type":"Point","coordinates":[-86.24502,31.96346]},"properties":{"frp":25.19,"date":"2026-09-18","daynight":"D"}},{"type":"Feature","geometry":{"type":"Point","coordinates":[-86.24035,31.96394]},"properties":{"frp":16.84,"date":"2026-09-18","daynight":"D"}},{"type":"Feature","geometry":{"type":"Point","coordinates":[-86.24855,31.96579]},"properties":{"frp":31.35,"date":"2026-09-18","daynight":"D"}},{"type":"Feature","geometry":{"type":"Point","coordinates":[-86.24381,31.96625]},"properties":{"frp":31.35,"date":"2026-09-18","daynight":"D"}},{"type":"Feature","geometry":{"type":"Point","coordinates":[-86.25037,31.96724]},"properties":{"frp":25.19,"date":"2026-09-18","daynight":"D"}},{"type":"Feature","geometry":{"type":"Point","coordinates":[-86.24562,31.96774]},"properties":{"frp":25.19,"date":"2026-09-18","daynight":"D"}},{"type":"Feature","geometry":{"type":"Point","coordinates":[-87.22684,32.08032]},"properties":{"frp":27.1,"date":"2026-09-18","daynight":"D"}},{"type":"Feature","geometry":{"type":"Point","coordinates":[-87.22634,32.08062]},"properties":{"frp":32.14,"date":"2026-09-18","daynight":"D"}},{"type":"Feature","geometry":{"type":"Point","coordinates":[-93.39212,32.13535]},"properties":{"frp":7.66,"date":"2026-09-18","daynight":"D"}},{"type":"Feature","geometry":{"type":"Point","coordinates":[-86.07156,32.13733]},"properties":{"frp":12.01,"date":"2026-09-18","daynight":"D"}},{"type":"Feature","geometry":{"type":"Point","coordinates":[-93.38878,32.13928]},"properties":{"frp":7.66,"date":"2026-09-18","daynight":"D"}},{"type":"Feature","geometry":{"type":"Point","coordinates":[-90.01858,32.25867]},"properties":{"frp":4.21,"date":"2026-09-18","daynight":"D"}},{"type":"Feature","geometry":{"type":"Point","coordinates":[-90.36629,32.40362]},"properties":{"frp":4.14,"date":"2026-09-18","daynight":"D"}},{"type":"Feature","geometry":{"type":"Point","coordinates":[-90.36173,32.40422]},"properties":{"frp":7.8,"date":"2026-09-18","daynight":"D"}},{"type":"Feature","geometry":{"type":"Point","coordinates":[-90.3877,32.41865]},"properties":{"frp":8.43,"date":"2026-09-18","daynight":"D"}},{"type":"Feature","geometry":{"type":"Point","coordinates":[-92.26747,32.45739]},"properties":{"frp":51.01,"date":"2026-09-18","daynight":"D"}},{"type":"Feature","geometry":{"type":"Point","coordinates":[-92.26336,32.45798]},"properties":{"frp":51.01,"date":"2026-09-18","daynight":"D"}},{"type":"Feature","geometry":{"type":"Point","coordinates":[-92.26403,32.46131]},"properties":{"frp":10.93,"date":"2026-09-18","daynight":"D"}},{"type":"Feature","geometry":{"type":"Point","coordinates":[-91.48259,32.55544]},"properties":{"frp":5.17,"date":"2026-09-18","daynight":"D"}},{"type":"Feature","geometry":{"type":"Point","coordinates":[-91.48325,32.55881]},"properties":{"frp":3.28,"date":"2026-09-18","daynight":"D"}},{"type":"Feature","geometry":{"type":"Point","coordinates":[-84.82317,32.64318]},"properties":{"frp":5.45,"date":"2026-09-18","daynight":"D"}},{"type":"Feature","geometry":{"type":"Point","coordinates":[-93.68472,32.88339]},"properties":{"frp":6.23,"date":"2026-09-18","daynight":"D"}},{"type":"Feature","geometry":{"type":"Point","coordinates":[-91.6744,32.90483]},"properties":{"frp":11.8,"date":"2026-09-18","daynight":"D"}},{"type":"Feature","geometry":{"type":"Point","coordinates":[-87.85143,32.98006]},"properties":{"frp":25.38,"date":"2026-09-18","daynight":"D"}},{"type":"Feature","geometry":{"type":"Point","coordinates":[-86.80525,33.09173]},"properties":{"frp":3.49,"date":"2026-09-18","daynight":"D"}},{"type":"Feature","geometry":{"type":"Point","coordinates":[-87.29675,33.1335]},"properties":{"frp":13.07,"date":"2026-09-18","daynight":"D"}},{"type":"Feature","geometry":{"type":"Point","coordinates":[-87.29247,33.13396]},"properties":{"frp":10.52,"date":"2026-09-18","daynight":"D"}},{"type":"Feature","geometry":{"type":"Point","coordinates":[-87.28877,33.13851]},"properties":{"frp":10.52,"date":"2026-09-18","daynight":"D"}},{"type":"Feature","geometry":{"type":"Point","coordinates":[-87.51089,33.22954]},"properties":{"frp":3.16,"date":"2026-09-18","daynight":"D"}},{"type":"Feature","geometry":{"type":"Point","coordinates":[-87.51118,33.22961]},"properties":{"frp":2.73,"date":"2026-09-18","daynight":"D"}},{"type":"Feature","geometry":{"type":"Point","coordinates":[-91.39651,33.34085]},"properties":{"frp":4.71,"date":"2026-09-18","daynight":"D"}},{"type":"Feature","geometry":{"type":"Point","coordinates":[-91.39717,33.34425]},"properties":{"frp":4.71,"date":"2026-09-18","daynight":"D"}},{"type":"Feature","geometry":{"type":"Point","coordinates":[-91.39783,33.34764]},"properties":{"frp":7.36,"date":"2026-09-18","daynight":"D"}},{"type":"Feature","geometry":{"type":"Point","coordinates":[-91.39478,33.35505]},"properties":{"frp":4.24,"date":"2026-09-18","daynight":"D"}},{"type":"Feature","geometry":{"type":"Point","coordinates":[-91.38374,33.41893]},"properties":{"frp":112.72,"date":"2026-09-18","daynight":"D"}},{"type":"Feature","geometry":{"type":"Point","coordinates":[-91.38,33.42292]},"properties":{"frp":56.64,"date":"2026-09-18","daynight":"D"}},{"type":"Feature","geometry":{"type":"Point","coordinates":[-91.38505,33.42573]},"properties":{"frp":142.89,"date":"2026-09-18","daynight":"D"}},{"type":"Feature","geometry":{"type":"Point","coordinates":[-91.03291,33.61631]},"properties":{"frp":24.43,"date":"2026-09-18","daynight":"D"}},{"type":"Feature","geometry":{"type":"Point","coordinates":[-91.03356,33.61975]},"properties":{"frp":12.78,"date":"2026-09-18","daynight":"D"}},{"type":"Feature","geometry":{"type":"Point","coordinates":[-83.52767,33.82777]},"properties":{"frp":5.26,"date":"2026-09-18","daynight":"D"}},{"type":"Feature","geometry":{"type":"Point","coordinates":[-83.52408,33.82803]},"properties":{"frp":5.26,"date":"2026-09-18","daynight":"D"}},{"type":"Feature","geometry":{"type":"Point","coordinates":[-103.9866,31.61005]},"properties":{"frp":1.3,"date":"2026-09-18","daynight":"D"}},{"type":"Feature","geometry":{"type":"Point","coordinates":[-90.8671,33.8681]},"properties":{"frp":11.34,"date":"2026-09-18","daynight":"D"}},{"type":"Feature","geometry":{"type":"Point","coordinates":[-90.8625,33.86871]},"properties":{"frp":26.62,"date":"2026-09-18","daynight":"D"}},{"type":"Feature","geometry":{"type":"Point","coordinates":[-94.65852,33.97183]},"properties":{"frp":3.69,"date":"2026-09-18","daynight":"D"}},{"type":"Feature","geometry":{"type":"Point","coordinates":[-94.65434,33.97251]},"properties":{"frp":3.69,"date":"2026-09-18","daynight":"D"}},{"type":"Feature","geometry":{"type":"Point","coordinates":[-94.65512,33.97581]},"properties":{"frp":3.69,"date":"2026-09-18","daynight":"D"}},{"type":"Feature","geometry":{"type":"Point","coordinates":[-90.98264,34.09689]},"properties":{"frp":6.65,"date":"2026-09-18","daynight":"D"}},{"type":"Feature","geometry":{"type":"Point","coordinates":[-90.97804,34.0975]},"properties":{"frp":7.31,"date":"2026-09-18","daynight":"D"}},{"type":"Feature","geometry":{"type":"Point","coordinates":[-92.02573,34.22593]},"properties":{"frp":4.1,"date":"2026-09-18","daynight":"D"}},{"type":"Feature","geometry":{"type":"Point","coordinates":[-91.52443,34.36444]},"properties":{"frp":3.81,"date":"2026-09-18","daynight":"D"}},{"type":"Feature","geometry":{"type":"Point","coordinates":[-91.51997,34.36504]},"properties":{"frp":3.81,"date":"2026-09-18","daynight":"D"}},{"type":"Feature","geometry":{"type":"Point","coordinates":[-90.93644,34.38]},"properties":{"frp":48.87,"date":"2026-09-18","daynight":"D"}},{"type":"Feature","geometry":{"type":"Point","coordinates":[-90.93376,34.39104]},"properties":{"frp":11.63,"date":"2026-09-18","daynight":"D"}},{"type":"Feature","geometry":{"type":"Point","coordinates":[-90.92912,34.39165]},"properties":{"frp":11.63,"date":"2026-09-18","daynight":"D"}},{"type":"Feature","geometry":{"type":"Point","coordinates":[-90.92978,34.39513]},"properties":{"frp":43.03,"date":"2026-09-18","daynight":"D"}},{"type":"Feature","geometry":{"type":"Point","coordinates":[-90.93043,34.39862]},"properties":{"frp":43.03,"date":"2026-09-18","daynight":"D"}},{"type":"Feature","geometry":{"type":"Point","coordinates":[-90.83366,34.44347]},"properties":{"frp":39.32,"date":"2026-09-18","daynight":"D"}},{"type":"Feature","geometry":{"type":"Point","coordinates":[-90.82898,34.44409]},"properties":{"frp":9.59,"date":"2026-09-18","daynight":"D"}},{"type":"Feature","geometry":{"type":"Point","coordinates":[-90.832,34.44428]},"properties":{"frp":30.58,"date":"2026-09-18","daynight":"D"}},{"type":"Feature","geometry":{"type":"Point","coordinates":[-90.82964,34.44758]},"properties":{"frp":9.59,"date":"2026-09-18","daynight":"D"}},{"type":"Feature","geometry":{"type":"Point","coordinates":[-90.83266,34.44778]},"properties":{"frp":30.58,"date":"2026-09-18","daynight":"D"}},{"type":"Feature","geometry":{"type":"Point","coordinates":[-91.56569,34.46657]},"properties":{"frp":3.74,"date":"2026-09-18","daynight":"D"}},{"type":"Feature","geometry":{"type":"Point","coordinates":[-91.80122,34.52877]},"properties":{"frp":30.74,"date":"2026-09-18","daynight":"D"}},{"type":"Feature","geometry":{"type":"Point","coordinates":[-87.08504,34.63736]},"properties":{"frp":2.87,"date":"2026-09-18","daynight":"D"}},{"type":"Feature","geometry":{"type":"Point","coordinates":[-90.22981,34.77095]},"properties":{"frp":8.19,"date":"2026-09-18","daynight":"D"}},{"type":"Feature","geometry":{"type":"Point","coordinates":[-90.22482,34.77156]},"properties":{"frp":8.19,"date":"2026-09-18","daynight":"D"}},{"type":"Feature","geometry":{"type":"Point","coordinates":[-90.21984,34.77218]},"properties":{"frp":25.17,"date":"2026-09-18","daynight":"D"}},{"type":"Feature","geometry":{"type":"Point","coordinates":[-90.23045,34.77454]},"properties":{"frp":8.19,"date":"2026-09-18","daynight":"D"}},{"type":"Feature","geometry":{"type":"Point","coordinates":[-90.22547,34.77516]},"properties":{"frp":8.19,"date":"2026-09-18","daynight":"D"}},{"type":"Feature","geometry":{"type":"Point","coordinates":[-90.22048,34.77577]},"properties":{"frp":25.17,"date":"2026-09-18","daynight":"D"}},{"type":"Feature","geometry":{"type":"Point","coordinates":[-84.81918,34.83508]},"properties":{"frp":1.8,"date":"2026-09-18","daynight":"D"}},{"type":"Feature","geometry":{"type":"Point","coordinates":[-89.6831,34.90446]},"properties":{"frp":3.63,"date":"2026-09-18","daynight":"D"}},{"type":"Feature","geometry":{"type":"Point","coordinates":[-89.68076,34.90654]},"properties":{"frp":3.95,"date":"2026-09-18","daynight":"D"}},{"type":"Feature","geometry":{"type":"Point","coordinates":[-90.97301,35.15108]},"properties":{"frp":9.63,"date":"2026-09-18","daynight":"D"}},{"type":"Feature","geometry":{"type":"Point","coordinates":[-90.96892,35.1552]},"properties":{"frp":45.63,"date":"2026-09-18","daynight":"D"}},{"type":"Feature","geometry":{"type":"Point","coordinates":[-90.50114,35.22587]},"properties":{"frp":18.91,"date":"2026-09-18","daynight":"D"}},{"type":"Feature","geometry":{"type":"Point","coordinates":[-90.4962,35.22649]},"properties":{"frp":21.4,"date":"2026-09-18","daynight":"D"}},{"type":"Feature","geometry":{"type":"Point","coordinates":[-93.41783,35.30379]},"properties":{"frp":62.46,"date":"2026-09-18","daynight":"D"}},{"type":"Feature","geometry":{"type":"Point","coordinates":[-93.41362,35.30441]},"properties":{"frp":119.88,"date":"2026-09-18","daynight":"D"}},{"type":"Feature","geometry":{"type":"Point","coordinates":[-90.53767,35.39263]},"properties":{"frp":6.9,"date":"2026-09-18","daynight":"D"}},{"type":"Feature","geometry":{"type":"Point","coordinates":[-90.5327,35.39325]},"properties":{"frp":15.42,"date":"2026-09-18","daynight":"D"}},{"type":"Feature","geometry":{"type":"Point","coordinates":[-90.53832,35.3962]},"properties":{"frp":6.9,"date":"2026-09-18","daynight":"D"}},{"type":"Feature","geometry":{"type":"Point","coordinates":[-90.53336,35.39682]},"properties":{"frp":15.42,"date":"2026-09-18","daynight":"D"}},{"type":"Feature","geometry":{"type":"Point","coordinates":[-90.54395,35.39915]},"properties":{"frp":8.01,"date":"2026-09-18","daynight":"D"}},{"type":"Feature","geometry":{"type":"Point","coordinates":[-90.53897,35.39977]},"properties":{"frp":8.01,"date":"2026-09-18","daynight":"D"}},{"type":"Feature","geometry":{"type":"Point","coordinates":[-90.53963,35.40334]},"properties":{"frp":8.01,"date":"2026-09-18","daynight":"D"}},{"type":"Feature","geometry":{"type":"Point","coordinates":[-91.0136,35.4437]},"properties":{"frp":29.97,"date":"2026-09-18","daynight":"D"}},{"type":"Feature","geometry":{"type":"Point","coordinates":[-91.01493,35.45071]},"properties":{"frp":115.53,"date":"2026-09-18","daynight":"D"}},{"type":"Feature","geometry":{"type":"Point","coordinates":[-91.01015,35.45132]},"properties":{"frp":26.91,"date":"2026-09-18","daynight":"D"}},{"type":"Feature","geometry":{"type":"Point","coordinates":[-91.01559,35.45421]},"properties":{"frp":28.36,"date":"2026-09-18","daynight":"D"}},{"type":"Feature","geometry":{"type":"Point","coordinates":[-92.66,35.48576]},"properties":{"frp":5.09,"date":"2026-09-18","daynight":"D"}},{"type":"Feature","geometry":{"type":"Point","coordinates":[-91.37659,35.59098]},"properties":{"frp":20.93,"date":"2026-09-18","daynight":"D"}},{"type":"Feature","geometry":{"type":"Point","coordinates":[-91.37727,35.59444]},"properties":{"frp":16.29,"date":"2026-09-18","daynight":"D"}},{"type":"Feature","geometry":{"type":"Point","coordinates":[-91.3726,35.59505]},"properties":{"frp":21.33,"date":"2026-09-18","daynight":"D"}},{"type":"Feature","geometry":{"type":"Point","coordinates":[-91.37794,35.5979]},"properties":{"frp":16.29,"date":"2026-09-18","daynight":"D"}},{"type":"Feature","geometry":{"type":"Point","coordinates":[-91.37328,35.59851]},"properties":{"frp":21.33,"date":"2026-09-18","daynight":"D"}},{"type":"Feature","geometry":{"type":"Point","coordinates":[-88.71948,35.87737]},"properties":{"frp":18.31,"date":"2026-09-18","daynight":"D"}},{"type":"Feature","geometry":{"type":"Point","coordinates":[-88.7238,35.87752]},"properties":{"frp":6.73,"date":"2026-09-18","daynight":"D"}},{"type":"Feature","geometry":{"type":"Point","coordinates":[-88.71777,35.87819]},"properties":{"frp":17.91,"date":"2026-09-18","daynight":"D"}},{"type":"Feature","geometry":{"type":"Point","coordinates":[-88.72011,35.88128]},"properties":{"frp":18.31,"date":"2026-09-18","daynight":"D"}},{"type":"Feature","geometry":{"type":"Point","coordinates":[-88.71839,35.8821]},"properties":{"frp":5.23,"date":"2026-09-18","daynight":"D"}},{"type":"Feature","geometry":{"type":"Point","coordinates":[-85.96928,36.03728]},"properties":{"frp":11.88,"date":"2026-09-18","daynight":"D"}},{"type":"Feature","geometry":{"type":"Point","coordinates":[-85.96854,36.03729]},"properties":{"frp":13.36,"date":"2026-09-18","daynight":"D"}},{"type":"Feature","geometry":{"type":"Point","coordinates":[-89.97412,36.04309]},"properties":{"frp":5.42,"date":"2026-09-18","daynight":"D"}},{"type":"Feature","geometry":{"type":"Point","coordinates":[-90.41568,36.04541]},"properties":{"frp":5.01,"date":"2026-09-18","daynight":"D"}},{"type":"Feature","geometry":{"type":"Point","coordinates":[-89.97073,36.05478]},"properties":{"frp":4.84,"date":"2026-09-18","daynight":"D"}},{"type":"Feature","geometry":{"type":"Point","coordinates":[-91.02228,36.10317]},"properties":{"frp":9.77,"date":"2026-09-18","daynight":"D"}},{"type":"Feature","geometry":{"type":"Point","coordinates":[-91.0174,36.10379]},"properties":{"frp":9.77,"date":"2026-09-18","daynight":"D"}},{"type":"Feature","geometry":{"type":"Point","coordinates":[-89.92659,36.16391]},"properties":{"frp":55.21,"date":"2026-09-18","daynight":"D"}},{"type":"Feature","geometry":{"type":"Point","coordinates":[-89.9212,36.16455]},"properties":{"frp":55.21,"date":"2026-09-18","daynight":"D"}},{"type":"Feature","geometry":{"type":"Point","coordinates":[-89.92858,36.16516]},"properties":{"frp":9.98,"date":"2026-09-18","daynight":"D"}},{"type":"Feature","geometry":{"type":"Point","coordinates":[-89.9158,36.1652]},"properties":{"frp":61.23,"date":"2026-09-18","daynight":"D"}},{"type":"Feature","geometry":{"type":"Point","coordinates":[-89.91777,36.1664]},"properties":{"frp":64.71,"date":"2026-09-18","daynight":"D"}},{"type":"Feature","geometry":{"type":"Point","coordinates":[-89.91236,36.16702]},"properties":{"frp":15.32,"date":"2026-09-18","daynight":"D"}},{"type":"Feature","geometry":{"type":"Point","coordinates":[-89.92725,36.1676]},"properties":{"frp":55.21,"date":"2026-09-18","daynight":"D"}},{"type":"Feature","geometry":{"type":"Point","coordinates":[-89.91645,36.1689]},"properties":{"frp":61.23,"date":"2026-09-18","daynight":"D"}},{"type":"Feature","geometry":{"type":"Point","coordinates":[-89.92384,36.16948]},"properties":{"frp":64.71,"date":"2026-09-18","daynight":"D"}},{"type":"Feature","geometry":{"type":"Point","coordinates":[-89.91843,36.1701]},"properties":{"frp":64.71,"date":"2026-09-18","daynight":"D"}},{"type":"Feature","geometry":{"type":"Point","coordinates":[-89.80526,36.22094]},"properties":{"frp":2.74,"date":"2026-09-18","daynight":"D"}},{"type":"Feature","geometry":{"type":"Point","coordinates":[-89.79978,36.22157]},"properties":{"frp":27.89,"date":"2026-09-18","daynight":"D"}},{"type":"Feature","geometry":{"type":"Point","coordinates":[-89.92855,36.27637]},"properties":{"frp":8.75,"date":"2026-09-18","daynight":"D"}},{"type":"Feature","geometry":{"type":"Point","coordinates":[-89.91359,36.28564]},"properties":{"frp":44.18,"date":"2026-09-18","daynight":"D"}},{"type":"Feature","geometry":{"type":"Point","coordinates":[-89.91425,36.28934]},"properties":{"frp":31.91,"date":"2026-09-18","daynight":"D"}},{"type":"Feature","geometry":{"type":"Point","coordinates":[-89.66614,36.43214]},"properties":{"frp":3.25,"date":"2026-09-18","daynight":"D"}},{"type":"Feature","geometry":{"type":"Point","coordinates":[-89.66679,36.4359]},"properties":{"frp":3.25,"date":"2026-09-18","daynight":"D"}},{"type":"Feature","geometry":{"type":"Point","coordinates":[-89.88313,36.56055]},"properties":{"frp":19.86,"date":"2026-09-18","daynight":"D"}},{"type":"Feature","geometry":{"type":"Point","coordinates":[-89.88378,36.56427]},"properties":{"frp":19.86,"date":"2026-09-18","daynight":"D"}},{"type":"Feature","geometry":{"type":"Point","coordinates":[-87.68074,36.61223]},"properties":{"frp":6.2,"date":"2026-09-18","daynight":"D"}},{"type":"Feature","geometry":{"type":"Point","coordinates":[-87.68131,36.61641]},"properties":{"frp":11.45,"date":"2026-09-18","daynight":"D"}},{"type":"Feature","geometry":{"type":"Point","coordinates":[-87.68617,36.7698]},"properties":{"frp":3.61,"date":"2026-09-18","daynight":"D"}},{"type":"Feature","geometry":{"type":"Point","coordinates":[-89.74583,37.08924]},"properties":{"frp":37.61,"date":"2026-09-18","daynight":"D"}},{"type":"Feature","geometry":{"type":"Point","coordinates":[-89.74648,37.09301]},"properties":{"frp":37.61,"date":"2026-09-18","daynight":"D"}},{"type":"Feature","geometry":{"type":"Point","coordinates":[-89.74715,37.09678]},"properties":{"frp":7.32,"date":"2026-09-18","daynight":"D"}},{"type":"Feature","geometry":{"type":"Point","coordinates":[-89.69546,37.19071]},"properties":{"frp":15.98,"date":"2026-09-18","daynight":"D"}},{"type":"Feature","geometry":{"type":"Point","coordinates":[-89.69612,37.1945]},"properties":{"frp":42.81,"date":"2026-09-18","daynight":"D"}},{"type":"Feature","geometry":{"type":"Point","coordinates":[-109.96396,34.32183]},"properties":{"frp":5.06,"date":"2026-09-18","daynight":"D"}},{"type":"Feature","geometry":{"type":"Point","coordinates":[-109.96561,34.32335]},"properties":{"frp":5.64,"date":"2026-09-18","daynight":"D"}},{"type":"Feature","geometry":{"type":"Point","coordinates":[-95.05402,38.41382]},"properties":{"frp":4.11,"date":"2026-09-18","daynight":"D"}},{"type":"Feature","geometry":{"type":"Point","coordinates":[-95.05484,38.41711]},"properties":{"frp":4.11,"date":"2026-09-18","daynight":"D"}},{"type":"Feature","geometry":{"type":"Point","coordinates":[-95.05129,38.42107]},"properties":{"frp":3.18,"date":"2026-09-18","daynight":"D"}},{"type":"Feature","geometry":{"type":"Point","coordinates":[-95.21105,39.65633]},"properties":{"frp":24.13,"date":"2026-09-18","daynight":"D"}},{"type":"Feature","geometry":{"type":"Point","coordinates":[-95.20745,39.6603]},"properties":{"frp":13.1,"date":"2026-09-18","daynight":"D"}},{"type":"Feature","geometry":{"type":"Point","coordinates":[-95.19856,39.66165]},"properties":{"frp":7.44,"date":"2026-09-18","daynight":"D"}},{"type":"Feature","geometry":{"type":"Point","coordinates":[-95.20384,39.66426]},"properties":{"frp":7.44,"date":"2026-09-18","daynight":"D"}},{"type":"Feature","geometry":{"type":"Point","coordinates":[-95.1994,39.66494]},"properties":{"frp":7.44,"date":"2026-09-18","daynight":"D"}},{"type":"Feature","geometry":{"type":"Point","coordinates":[-81.67546,41.4514]},"properties":{"frp":3.32,"date":"2026-09-18","daynight":"D"}},{"type":"Feature","geometry":{"type":"Point","coordinates":[-81.67564,41.45747]},"properties":{"frp":3.32,"date":"2026-09-18","daynight":"D"}},{"type":"Feature","geometry":{"type":"Point","coordinates":[-108.41755,44.47257]},"properties":{"frp":16.39,"date":"2026-09-18","daynight":"D"}},{"type":"Feature","geometry":{"type":"Point","coordinates":[-108.41788,44.47455]},"properties":{"frp":23.4,"date":"2026-09-18","daynight":"D"}},{"type":"Feature","geometry":{"type":"Point","coordinates":[-116.16902,46.04266]},"properties":{"frp":35.66,"date":"2026-09-18","daynight":"D"}},{"type":"Feature","geometry":{"type":"Point","coordinates":[-116.16387,46.04326]},"properties":{"frp":6.31,"date":"2026-09-18","daynight":"D"}},{"type":"Feature","geometry":{"type":"Point","coordinates":[-116.18188,46.04444]},"properties":{"frp":95.81,"date":"2026-09-18","daynight":"D"}},{"type":"Feature","geometry":{"type":"Point","coordinates":[-116.17993,46.04622]},"properties":{"frp":82.81,"date":"2026-09-18","daynight":"D"}},{"type":"Feature","geometry":{"type":"Point","coordinates":[-116.16787,46.0492]},"properties":{"frp":112.32,"date":"2026-09-18","daynight":"D"}},{"type":"Feature","geometry":{"type":"Point","coordinates":[-116.16604,46.05101]},"properties":{"frp":134.62,"date":"2026-09-18","daynight":"D"}},{"type":"Feature","geometry":{"type":"Point","coordinates":[-116.16087,46.05158]},"properties":{"frp":112.32,"date":"2026-09-18","daynight":"D"}},{"type":"Feature","geometry":{"type":"Point","coordinates":[-116.18398,46.05214]},"properties":{"frp":82.81,"date":"2026-09-18","daynight":"D"}},{"type":"Feature","geometry":{"type":"Point","coordinates":[-116.17884,46.05277]},"properties":{"frp":95.81,"date":"2026-09-18","daynight":"D"}},{"type":"Feature","geometry":{"type":"Point","coordinates":[-116.17693,46.05457]},"properties":{"frp":134.62,"date":"2026-09-18","daynight":"D"}},{"type":"Feature","geometry":{"type":"Point","coordinates":[-116.17188,46.05513]},"properties":{"frp":112.32,"date":"2026-09-18","daynight":"D"}},{"type":"Feature","geometry":{"type":"Point","coordinates":[-116.17791,46.1054]},"properties":{"frp":14.38,"date":"2026-09-18","daynight":"D"}},{"type":"Feature","geometry":{"type":"Point","coordinates":[-116.43754,46.39768]},"properties":{"frp":9.74,"date":"2026-09-18","daynight":"D"}},{"type":"Feature","geometry":{"type":"Point","coordinates":[-99.09744,48.4057]},"properties":{"frp":2.96,"date":"2026-09-18","daynight":"D"}},{"type":"Feature","geometry":{"type":"Point","coordinates":[-99.09233,48.40651]},"properties":{"frp":10.74,"date":"2026-09-18","daynight":"D"}},{"type":"Feature","geometry":{"type":"Point","coordinates":[-83.2656,42.72453]},"properties":{"frp":0.41,"date":"2026-09-18","daynight":"N"}},{"type":"Feature","geometry":{"type":"Point","coordinates":[-82.41811,42.94279]},"properties":{"frp":0.68,"date":"2026-09-18","daynight":"N"}},{"type":"Feature","geometry":{"type":"Point","coordinates":[-82.42083,42.94629]},"properties":{"frp":0.71,"date":"2026-09-18","daynight":"N"}},{"type":"Feature","geometry":{"type":"Point","coordinates":[-82.41761,42.94812]},"properties":{"frp":0.68,"date":"2026-09-18","daynight":"N"}},{"type":"Feature","geometry":{"type":"Point","coordinates":[-82.42033,42.95163]},"properties":{"frp":0.76,"date":"2026-09-18","daynight":"N"}},{"type":"Feature","geometry":{"type":"Point","coordinates":[-80.8579,43.07085]},"properties":{"frp":1.36,"date":"2026-09-18","daynight":"N"}},{"type":"Feature","geometry":{"type":"Point","coordinates":[-80.85902,43.07247]},"properties":{"frp":1.85,"date":"2026-09-18","daynight":"N"}},{"type":"Feature","geometry":{"type":"Point","coordinates":[-80.90003,43.10476]},"properties":{"frp":0.94,"date":"2026-09-18","daynight":"N"}},{"type":"Feature","geometry":{"type":"Point","coordinates":[-84.84724,43.18779]},"properties":{"frp":1.7,"date":"2026-09-18","daynight":"N"}},{"type":"Feature","geometry":{"type":"Point","coordinates":[-79.81281,43.26295]},"properties":{"frp":1.98,"date":"2026-09-18","daynight":"N"}},{"type":"Feature","geometry":{"type":"Point","coordinates":[-79.80548,43.26714]},"properties":{"frp":1.8,"date":"2026-09-18","daynight":"N"}},{"type":"Feature","geometry":{"type":"Point","coordinates":[-79.81214,43.26761]},"properties":{"frp":1.46,"date":"2026-09-18","daynight":"N"}},{"type":"Feature","geometry":{"type":"Point","coordinates":[-79.80482,43.2718]},"properties":{"frp":1.8,"date":"2026-09-18","daynight":"N"}},{"type":"Feature","geometry":{"type":"Point","coordinates":[-79.81146,43.27228]},"properties":{"frp":1.46,"date":"2026-09-18","daynight":"N"}},{"type":"Feature","geometry":{"type":"Point","coordinates":[-79.79758,43.27598]},"properties":{"frp":2.97,"date":"2026-09-18","daynight":"N"}},{"type":"Feature","geometry":{"type":"Point","coordinates":[-79.98994,43.29459]},"properties":{"frp":2.12,"date":"2026-09-18","daynight":"N"}},{"type":"Feature","geometry":{"type":"Point","coordinates":[-79.626,43.49432]},"properties":{"frp":0.83,"date":"2026-09-18","daynight":"N"}},{"type":"Feature","geometry":{"type":"Point","coordinates":[-84.83004,45.06283]},"properties":{"frp":0.65,"date":"2026-09-18","daynight":"N"}},{"type":"Feature","geometry":{"type":"Point","coordinates":[-83.40495,45.07072]},"properties":{"frp":2.0,"date":"2026-09-18","daynight":"N"}},{"type":"Feature","geometry":{"type":"Point","coordinates":[-83.41039,45.07089]},"properties":{"frp":2.45,"date":"2026-09-18","daynight":"N"}},{"type":"Feature","geometry":{"type":"Point","coordinates":[-83.40477,45.07448]},"properties":{"frp":1.43,"date":"2026-09-18","daynight":"N"}},{"type":"Feature","geometry":{"type":"Point","coordinates":[-83.41012,45.07467]},"properties":{"frp":1.43,"date":"2026-09-18","daynight":"N"}},{"type":"Feature","geometry":{"type":"Point","coordinates":[-73.25338,45.83823]},"properties":{"frp":1.06,"date":"2026-09-18","daynight":"N"}},{"type":"Feature","geometry":{"type":"Point","coordinates":[-73.24673,45.84107]},"properties":{"frp":1.06,"date":"2026-09-18","daynight":"N"}},{"type":"Feature","geometry":{"type":"Point","coordinates":[-85.88035,45.97425]},"properties":{"frp":1.05,"date":"2026-09-18","daynight":"N"}},{"type":"Feature","geometry":{"type":"Point","coordinates":[-73.14684,46.04151]},"properties":{"frp":0.94,"date":"2026-09-18","daynight":"N"}},{"type":"Feature","geometry":{"type":"Point","coordinates":[-73.14018,46.04434]},"properties":{"frp":1.43,"date":"2026-09-18","daynight":"N"}},{"type":"Feature","geometry":{"type":"Point","coordinates":[-73.14596,46.04504]},"properties":{"frp":0.94,"date":"2026-09-18","daynight":"N"}},{"type":"Feature","geometry":{"type":"Point","coordinates":[-80.79497,46.57572]},"properties":{"frp":0.3,"date":"2026-09-18","daynight":"N"}},{"type":"Feature","geometry":{"type":"Point","coordinates":[-85.70718,34.94622]},"properties":{"frp":0.54,"date":"2026-09-18","daynight":"N"}},{"type":"Feature","geometry":{"type":"Point","coordinates":[-76.80534,36.35638]},"properties":{"frp":3.16,"date":"2026-09-18","daynight":"N"}},{"type":"Feature","geometry":{"type":"Point","coordinates":[-76.81073,36.35703]},"properties":{"frp":3.16,"date":"2026-09-18","daynight":"N"}},{"type":"Feature","geometry":{"type":"Point","coordinates":[-86.99057,37.26817]},"properties":{"frp":0.91,"date":"2026-09-18","daynight":"N"}},{"type":"Feature","geometry":{"type":"Point","coordinates":[-81.20684,37.31421]},"properties":{"frp":1.25,"date":"2026-09-18","daynight":"N"}},{"type":"Feature","geometry":{"type":"Point","coordinates":[-81.21226,37.3194]},"properties":{"frp":1.25,"date":"2026-09-18","daynight":"N"}},{"type":"Feature","geometry":{"type":"Point","coordinates":[-82.60499,38.19338]},"properties":{"frp":1.19,"date":"2026-09-18","daynight":"N"}},{"type":"Feature","geometry":{"type":"Point","coordinates":[-82.60863,38.19362]},"properties":{"frp":1.1,"date":"2026-09-18","daynight":"N"}},{"type":"Feature","geometry":{"type":"Point","coordinates":[-85.41558,38.58139]},"properties":{"frp":0.91,"date":"2026-09-18","daynight":"N"}},{"type":"Feature","geometry":{"type":"Point","coordinates":[-87.72791,38.99894]},"properties":{"frp":2.91,"date":"2026-09-18","daynight":"N"}},{"type":"Feature","geometry":{"type":"Point","coordinates":[-75.63774,39.5844]},"properties":{"frp":1.97,"date":"2026-09-18","daynight":"N"}},{"type":"Feature","geometry":{"type":"Point","coordinates":[-75.63627,39.59164]},"properties":{"frp":2.4,"date":"2026-09-18","daynight":"N"}},{"type":"Feature","geometry":{"type":"Point","coordinates":[-75.63603,39.5917]},"properties":{"frp":2.41,"date":"2026-09-18","daynight":"N"}},{"type":"Feature","geometry":{"type":"Point","coordinates":[-76.81774,39.93949]},"properties":{"frp":2.08,"date":"2026-09-18","daynight":"N"}},{"type":"Feature","geometry":{"type":"Point","coordinates":[-76.81768,39.94187]},"properties":{"frp":1.44,"date":"2026-09-18","daynight":"N"}},{"type":"Feature","geometry":{"type":"Point","coordinates":[-86.84327,39.97933]},"properties":{"frp":1.1,"date":"2026-09-18","daynight":"N"}},{"type":"Feature","geometry":{"type":"Point","coordinates":[-83.42523,42.09092]},"properties":{"frp":0.5,"date":"2026-09-18","daynight":"N"}},{"type":"Feature","geometry":{"type":"Point","coordinates":[-83.1324,42.27662]},"properties":{"frp":0.41,"date":"2026-09-18","daynight":"N"}},{"type":"Feature","geometry":{"type":"Point","coordinates":[-83.11702,42.28695]},"properties":{"frp":0.75,"date":"2026-09-18","daynight":"N"}},{"type":"Feature","geometry":{"type":"Point","coordinates":[-82.32419,28.90045]},"properties":{"frp":3.39,"date":"2026-09-18","daynight":"N"}},{"type":"Feature","geometry":{"type":"Point","coordinates":[-82.31828,28.90448]},"properties":{"frp":0.88,"date":"2026-09-18","daynight":"N"}},{"type":"Feature","geometry":{"type":"Point","coordinates":[-82.32358,28.90501]},"properties":{"frp":0.88,"date":"2026-09-18","daynight":"N"}},{"type":"Feature","geometry":{"type":"Point","coordinates":[-82.05019,30.2284]},"properties":{"frp":1.83,"date":"2026-09-18","daynight":"N"}},{"type":"Feature","geometry":{"type":"Point","coordinates":[-82.94973,30.28664]},"properties":{"frp":0.84,"date":"2026-09-18","daynight":"N"}},{"type":"Feature","geometry":{"type":"Point","coordinates":[-82.94836,30.28765]},"properties":{"frp":0.67,"date":"2026-09-18","daynight":"N"}},{"type":"Feature","geometry":{"type":"Point","coordinates":[-88.49242,30.34165]},"properties":{"frp":3.42,"date":"2026-09-18","daynight":"N"}},{"type":"Feature","geometry":{"type":"Point","coordinates":[-88.49091,30.34554]},"properties":{"frp":3.33,"date":"2026-09-18","daynight":"N"}},{"type":"Feature","geometry":{"type":"Point","coordinates":[-82.88416,30.89084]},"properties":{"frp":1.5,"date":"2026-09-18","daynight":"N"}},{"type":"Feature","geometry":{"type":"Point","coordinates":[-88.01772,30.94265]},"properties":{"frp":3.76,"date":"2026-09-18","daynight":"N"}},{"type":"Feature","geometry":{"type":"Point","coordinates":[-88.019,30.94312]},"properties":{"frp":4.07,"date":"2026-09-18","daynight":"N"}},{"type":"Feature","geometry":{"type":"Point","coordinates":[-87.99162,31.1499]},"properties":{"frp":2.24,"date":"2026-09-18","daynight":"N"}},{"type":"Feature","geometry":{"type":"Point","coordinates":[-87.98975,31.15022]},"properties":{"frp":1.43,"date":"2026-09-18","daynight":"N"}},{"type":"Feature","geometry":{"type":"Point","coordinates":[-87.98483,31.15614]},"properties":{"frp":2.45,"date":"2026-09-18","daynight":"N"}},{"type":"Feature","geometry":{"type":"Point","coordinates":[-87.98299,31.15643]},"properties":{"frp":1.43,"date":"2026-09-18","daynight":"N"}},{"type":"Feature","geometry":{"type":"Point","coordinates":[-85.77085,31.36346]},"properties":{"frp":0.82,"date":"2026-09-18","daynight":"N"}},{"type":"Feature","geometry":{"type":"Point","coordinates":[-85.77398,31.36405]},"properties":{"frp":0.52,"date":"2026-09-18","daynight":"N"}},{"type":"Feature","geometry":{"type":"Point","coordinates":[-83.86399,31.60065]},"properties":{"frp":1.16,"date":"2026-09-18","daynight":"N"}},{"type":"Feature","geometry":{"type":"Point","coordinates":[-79.87859,33.00492]},"properties":{"frp":1.62,"date":"2026-09-18","daynight":"N"}},{"type":"Feature","geometry":{"type":"Point","coordinates":[-86.80849,33.09148]},"properties":{"frp":1.82,"date":"2026-09-18","daynight":"N"}},{"type":"Feature","geometry":{"type":"Point","coordinates":[-86.80859,33.09306]},"properties":{"frp":2.11,"date":"2026-09-18","daynight":"N"}},{"type":"Feature","geometry":{"type":"Point","coordinates":[-86.80762,33.10391]},"properties":{"frp":1.75,"date":"2026-09-18","daynight":"N"}},{"type":"Feature","geometry":{"type":"Point","coordinates":[-80.19293,33.11842]},"properties":{"frp":0.89,"date":"2026-09-18","daynight":"N"}},{"type":"Feature","geometry":{"type":"Point","coordinates":[-80.19072,33.11851]},"properties":{"frp":0.63,"date":"2026-09-18","daynight":"N"}},{"type":"Feature","geometry":{"type":"Point","coordinates":[-86.76063,33.18259]},"properties":{"frp":0.55,"date":"2026-09-18","daynight":"N"}},{"type":"Feature","geometry":{"type":"Point","coordinates":[-87.51865,33.23272]},"properties":{"frp":0.8,"date":"2026-09-18","daynight":"N"}},{"type":"Feature","geometry":{"type":"Point","coordinates":[-87.51408,33.23322]},"properties":{"frp":1.74,"date":"2026-09-18","daynight":"N"}},{"type":"Feature","geometry":{"type":"Point","coordinates":[-87.51176,33.23887]},"properties":{"frp":1.85,"date":"2026-09-18","daynight":"N"}},{"type":"Feature","geometry":{"type":"Point","coordinates":[-87.51337,33.23967]},"properties":{"frp":0.97,"date":"2026-09-18","daynight":"N"}},{"type":"Feature","geometry":{"type":"Point","coordinates":[-80.14162,33.75577]},"properties":{"frp":0.7,"date":"2026-09-18","daynight":"N"}},{"type":"Feature","geometry":{"type":"Point","coordinates":[-84.80206,34.23851]},"properties":{"frp":0.95,"date":"2026-09-18","daynight":"N"}},{"type":"Feature","geometry":{"type":"Point","coordinates":[-84.79885,34.24047]},"properties":{"frp":1.43,"date":"2026-09-18","daynight":"N"}},{"type":"Feature","geometry":{"type":"Point","coordinates":[-87.08668,34.64127]},"properties":{"frp":1.84,"date":"2026-09-18","daynight":"N"}},{"type":"Feature","geometry":{"type":"Point","coordinates":[-87.84942,34.74211]},"properties":{"frp":1.83,"date":"2026-09-18","daynight":"N"}},{"type":"Feature","geometry":{"type":"Point","coordinates":[-88.33223,34.80531]},"properties":{"frp":2.21,"date":"2026-09-18","daynight":"N"}},{"type":"Feature","geometry":{"type":"Point","coordinates":[-88.33063,34.80658]},"properties":{"frp":2.41,"date":"2026-09-18","daynight":"N"}},{"type":"Feature","geometry":{"type":"Point","coordinates":[-84.82644,45.0651]},"properties":{"frp":1.11,"date":"2026-09-18","daynight":"N"}},{"type":"Feature","geometry":{"type":"Point","coordinates":[-85.87632,45.97259]},"properties":{"frp":0.58,"date":"2026-09-18","daynight":"N"}},{"type":"Feature","geometry":{"type":"Point","coordinates":[-80.79179,46.57693]},"properties":{"frp":0.98,"date":"2026-09-18","daynight":"N"}},{"type":"Feature","geometry":{"type":"Point","coordinates":[-81.21587,37.32]},"properties":{"frp":1.59,"date":"2026-09-18","daynight":"N"}},{"type":"Feature","geometry":{"type":"Point","coordinates":[-82.89408,37.47918]},"properties":{"frp":0.33,"date":"2026-09-18","daynight":"N"}},{"type":"Feature","geometry":{"type":"Point","coordinates":[-87.7184,37.90881]},"properties":{"frp":0.83,"date":"2026-09-18","daynight":"N"}},{"type":"Feature","geometry":{"type":"Point","coordinates":[-87.71745,37.90983]},"properties":{"frp":0.49,"date":"2026-09-18","daynight":"N"}},{"type":"Feature","geometry":{"type":"Point","coordinates":[-82.60459,38.19201]},"properties":{"frp":1.59,"date":"2026-09-18","daynight":"N"}},{"type":"Feature","geometry":{"type":"Point","coordinates":[-85.41271,38.58144]},"properties":{"frp":1.14,"date":"2026-09-18","daynight":"N"}},{"type":"Feature","geometry":{"type":"Point","coordinates":[-90.15088,38.69121]},"properties":{"frp":1.22,"date":"2026-09-18","daynight":"N"}},{"type":"Feature","geometry":{"type":"Point","coordinates":[-90.14488,38.69421]},"properties":{"frp":1.22,"date":"2026-09-18","daynight":"N"}},{"type":"Feature","geometry":{"type":"Point","coordinates":[-90.14945,38.69521]},"properties":{"frp":1.22,"date":"2026-09-18","daynight":"N"}},{"type":"Feature","geometry":{"type":"Point","coordinates":[-90.1297,38.69521]},"properties":{"frp":2.47,"date":"2026-09-18","daynight":"N"}},{"type":"Feature","geometry":{"type":"Point","coordinates":[-87.72263,38.99277]},"properties":{"frp":1.21,"date":"2026-09-18","daynight":"N"}},{"type":"Feature","geometry":{"type":"Point","coordinates":[-87.72677,38.99866]},"properties":{"frp":1.83,"date":"2026-09-18","daynight":"N"}},{"type":"Feature","geometry":{"type":"Point","coordinates":[-86.83636,39.97795]},"properties":{"frp":2.35,"date":"2026-09-18","daynight":"N"}},{"type":"Feature","geometry":{"type":"Point","coordinates":[-87.34917,41.61488]},"properties":{"frp":1.37,"date":"2026-09-18","daynight":"N"}},{"type":"Feature","geometry":{"type":"Point","coordinates":[-87.32889,41.61944]},"properties":{"frp":2.86,"date":"2026-09-18","daynight":"N"}},{"type":"Feature","geometry":{"type":"Point","coordinates":[-87.33444,41.62075]},"properties":{"frp":2.86,"date":"2026-09-18","daynight":"N"}},{"type":"Feature","geometry":{"type":"Point","coordinates":[-87.34552,41.62337]},"properties":{"frp":1.03,"date":"2026-09-18","daynight":"N"}},{"type":"Feature","geometry":{"type":"Point","coordinates":[-87.32701,41.62367]},"properties":{"frp":2.86,"date":"2026-09-18","daynight":"N"}},{"type":"Feature","geometry":{"type":"Point","coordinates":[-87.12842,41.63646]},"properties":{"frp":1.28,"date":"2026-09-18","daynight":"N"}},{"type":"Feature","geometry":{"type":"Point","coordinates":[-87.13409,41.63783]},"properties":{"frp":1.28,"date":"2026-09-18","daynight":"N"}},{"type":"Feature","geometry":{"type":"Point","coordinates":[-87.13973,41.63919]},"properties":{"frp":1.52,"date":"2026-09-18","daynight":"N"}},{"type":"Feature","geometry":{"type":"Point","coordinates":[-87.13784,41.64346]},"properties":{"frp":1.52,"date":"2026-09-18","daynight":"N"}},{"type":"Feature","geometry":{"type":"Point","coordinates":[-87.47979,41.66436]},"properties":{"frp":1.25,"date":"2026-09-18","daynight":"N"}},{"type":"Feature","geometry":{"type":"Point","coordinates":[-87.4784,41.6646]},"properties":{"frp":1.61,"date":"2026-09-18","daynight":"N"}},{"type":"Feature","geometry":{"type":"Point","coordinates":[-87.48525,41.66564]},"properties":{"frp":1.25,"date":"2026-09-18","daynight":"N"}},{"type":"Feature","geometry":{"type":"Point","coordinates":[-87.48384,41.66592]},"properties":{"frp":3.28,"date":"2026-09-18","daynight":"N"}},{"type":"Feature","geometry":{"type":"Point","coordinates":[-87.45979,41.66895]},"properties":{"frp":1.2,"date":"2026-09-18","daynight":"N"}},{"type":"Feature","geometry":{"type":"Point","coordinates":[-87.45847,41.66911]},"properties":{"frp":1.16,"date":"2026-09-18","daynight":"N"}},{"type":"Feature","geometry":{"type":"Point","coordinates":[-87.48347,41.66986]},"properties":{"frp":1.25,"date":"2026-09-18","daynight":"N"}},{"type":"Feature","geometry":{"type":"Point","coordinates":[-87.46392,41.67042]},"properties":{"frp":1.16,"date":"2026-09-18","daynight":"N"}},{"type":"Feature","geometry":{"type":"Point","coordinates":[-83.42298,42.08823]},"properties":{"frp":0.45,"date":"2026-09-18","daynight":"N"}},{"type":"Feature","geometry":{"type":"Point","coordinates":[-83.42366,42.08833]},"properties":{"frp":0.93,"date":"2026-09-18","daynight":"N"}},{"type":"Feature","geometry":{"type":"Point","coordinates":[-83.1293,42.27933]},"properties":{"frp":0.95,"date":"2026-09-18","daynight":"N"}},{"type":"Feature","geometry":{"type":"Point","coordinates":[-83.11144,42.28584]},"properties":{"frp":0.69,"date":"2026-09-18","daynight":"N"}},{"type":"Feature","geometry":{"type":"Point","coordinates":[-83.15568,42.30395]},"properties":{"frp":0.83,"date":"2026-09-18","daynight":"N"}},{"type":"Feature","geometry":{"type":"Point","coordinates":[-111.59452,42.6887]},"properties":{"frp":4.95,"date":"2026-09-18","daynight":"N"}},{"type":"Feature","geometry":{"type":"Point","coordinates":[-111.60166,42.68883]},"properties":{"frp":3.06,"date":"2026-09-18","daynight":"N"}},{"type":"Feature","geometry":{"type":"Point","coordinates":[-83.26051,42.72511]},"properties":{"frp":0.41,"date":"2026-09-18","daynight":"N"}},{"type":"Feature","geometry":{"type":"Point","coordinates":[-83.26076,42.72622]},"properties":{"frp":0.38,"date":"2026-09-18","daynight":"N"}},{"type":"Feature","geometry":{"type":"Point","coordinates":[-82.41794,42.94341]},"properties":{"frp":1.05,"date":"2026-09-18","daynight":"N"}},{"type":"Feature","geometry":{"type":"Point","coordinates":[-82.41515,42.94551]},"properties":{"frp":1.18,"date":"2026-09-18","daynight":"N"}},{"type":"Feature","geometry":{"type":"Point","coordinates":[-82.41963,42.94977]},"properties":{"frp":0.83,"date":"2026-09-18","daynight":"N"}},{"type":"Feature","geometry":{"type":"Point","coordinates":[-82.41685,42.95185]},"properties":{"frp":1.26,"date":"2026-09-18","daynight":"N"}},{"type":"Feature","geometry":{"type":"Point","coordinates":[-80.86104,43.068]},"properties":{"frp":1.8,"date":"2026-09-18","daynight":"N"}},{"type":"Feature","geometry":{"type":"Point","coordinates":[-80.85458,43.07137]},"properties":{"frp":1.24,"date":"2026-09-18","daynight":"N"}},{"type":"Feature","geometry":{"type":"Point","coordinates":[-80.85986,43.07294]},"properties":{"frp":1.3,"date":"2026-09-18","daynight":"N"}},{"type":"Feature","geometry":{"type":"Point","coordinates":[-80.89606,43.10385]},"properties":{"frp":0.82,"date":"2026-09-18","daynight":"N"}},{"type":"Feature","geometry":{"type":"Point","coordinates":[-84.84532,43.18686]},"properties":{"frp":1.87,"date":"2026-09-18","daynight":"N"}},{"type":"Feature","geometry":{"type":"Point","coordinates":[-79.80479,43.26846]},"properties":{"frp":1.48,"date":"2026-09-18","daynight":"N"}},{"type":"Feature","geometry":{"type":"Point","coordinates":[-79.81053,43.27025]},"properties":{"frp":2.6,"date":"2026-09-18","daynight":"N"}},{"type":"Feature","geometry":{"type":"Point","coordinates":[-79.79571,43.27224]},"properties":{"frp":1.48,"date":"2026-09-18","daynight":"N"}},{"type":"Feature","geometry":{"type":"Point","coordinates":[-79.80146,43.27403]},"properties":{"frp":1.48,"date":"2026-09-18","daynight":"N"}},{"type":"Feature","geometry":{"type":"Point","coordinates":[-107.60273,43.27725]},"properties":{"frp":8.8,"date":"2026-09-18","daynight":"N"}},{"type":"Feature","geometry":{"type":"Point","coordinates":[-107.59761,43.2823]},"properties":{"frp":7.54,"date":"2026-09-18","daynight":"N"}},{"type":"Feature","geometry":{"type":"Point","coordinates":[-107.60213,43.28253]},"properties":{"frp":8.8,"date":"2026-09-18","daynight":"N"}},{"type":"Feature","geometry":{"type":"Point","coordinates":[-107.60664,43.28276]},"properties":{"frp":8.8,"date":"2026-09-18","daynight":"N"}},{"type":"Feature","geometry":{"type":"Point","coordinates":[-79.98839,43.29266]},"properties":{"frp":1.16,"date":"2026-09-18","daynight":"N"}},{"type":"Feature","geometry":{"type":"Point","coordinates":[-88.48672,30.34137]},"properties":{"frp":1.98,"date":"2026-09-18","daynight":"N"}},{"type":"Feature","geometry":{"type":"Point","coordinates":[-88.49063,30.34235]},"properties":{"frp":1.99,"date":"2026-09-18","daynight":"N"}},{"type":"Feature","geometry":{"type":"Point","coordinates":[-91.03062,30.47532]},"properties":{"frp":0.69,"date":"2026-09-18","daynight":"N"}},{"type":"Feature","geometry":{"type":"Point","coordinates":[-91.03419,30.47882]},"properties":{"frp":1.53,"date":"2026-09-18","daynight":"N"}},{"type":"Feature","geometry":{"type":"Point","coordinates":[-89.04787,30.56858]},"properties":{"frp":0.64,"date":"2026-09-18","daynight":"N"}},{"type":"Feature","geometry":{"type":"Point","coordinates":[-89.04714,30.5692]},"properties":{"frp":0.63,"date":"2026-09-18","daynight":"N"}},{"type":"Feature","geometry":{"type":"Point","coordinates":[-91.24307,30.58458]},"properties":{"frp":1.27,"date":"2026-09-18","daynight":"N"}},{"type":"Feature","geometry":{"type":"Point","coordinates":[-91.30813,30.72887]},"properties":{"frp":0.95,"date":"2026-09-18","daynight":"N"}},{"type":"Feature","geometry":{"type":"Point","coordinates":[-92.31588,30.81148]},"properties":{"frp":5.74,"date":"2026-09-18","daynight":"N"}},{"type":"Feature","geometry":{"type":"Point","coordinates":[-93.28413,30.82157]},"properties":{"frp":2.73,"date":"2026-09-18","daynight":"N"}},{"type":"Feature","geometry":{"type":"Point","coordinates":[-88.01601,30.94012]},"properties":{"frp":4.05,"date":"2026-09-18","daynight":"N"}},{"type":"Feature","geometry":{"type":"Point","coordinates":[-87.98861,31.14914]},"properties":{"frp":1.74,"date":"2026-09-18","daynight":"N"}},{"type":"Feature","geometry":{"type":"Point","coordinates":[-87.98087,31.15875]},"properties":{"frp":2.3,"date":"2026-09-18","daynight":"N"}},{"type":"Feature","geometry":{"type":"Point","coordinates":[-90.2131,31.16349]},"properties":{"frp":0.89,"date":"2026-09-18","daynight":"N"}},{"type":"Feature","geometry":{"type":"Point","coordinates":[-90.21918,31.16488]},"properties":{"frp":1.07,"date":"2026-09-18","daynight":"N"}},{"type":"Feature","geometry":{"type":"Point","coordinates":[-85.76926,31.36626]},"properties":{"frp":0.84,"date":"2026-09-18","daynight":"N"}},{"type":"Feature","geometry":{"type":"Point","coordinates":[-89.57074,31.47283]},"properties":{"frp":1.16,"date":"2026-09-18","daynight":"N"}},{"type":"Feature","geometry":{"type":"Point","coordinates":[-89.56977,31.47703]},"properties":{"frp":1.19,"date":"2026-09-18","daynight":"N"}},{"type":"Feature","geometry":{"type":"Point","coordinates":[-97.5517,32.24791]},"properties":{"frp":2.08,"date":"2026-09-18","daynight":"N"}},{"type":"Feature","geometry":{"type":"Point","coordinates":[-90.01994,32.26041]},"properties":{"frp":0.83,"date":"2026-09-18","daynight":"N"}},{"type":"Feature","geometry":{"type":"Point","coordinates":[-101.1465,32.65319]},"properties":{"frp":0.94,"date":"2026-09-18","daynight":"N"}},{"type":"Feature","geometry":{"type":"Point","coordinates":[-101.14582,32.65659]},"properties":{"frp":0.94,"date":"2026-09-18","daynight":"N"}},{"type":"Feature","geometry":{"type":"Point","coordinates":[-103.79037,32.70119]},"properties":{"frp":1.48,"date":"2026-09-18","daynight":"N"}},{"type":"Feature","geometry":{"type":"Point","coordinates":[-102.64832,32.8339]},"properties":{"frp":1.32,"date":"2026-09-18","daynight":"N"}},{"type":"Feature","geometry":{"type":"Point","coordinates":[-102.56709,32.93526]},"properties":{"frp":1.43,"date":"2026-09-18","daynight":"N"}},{"type":"Feature","geometry":{"type":"Point","coordinates":[-86.80553,33.09186]},"properties":{"frp":1.8,"date":"2026-09-18","daynight":"N"}},{"type":"Feature","geometry":{"type":"Point","coordinates":[-86.8027,33.10204]},"properties":{"frp":0.66,"date":"2026-09-18","daynight":"N"}},{"type":"Feature","geometry":{"type":"Point","coordinates":[-86.80152,33.10265]},"properties":{"frp":1.65,"date":"2026-09-18","daynight":"N"}},{"type":"Feature","geometry":{"type":"Point","coordinates":[-86.80074,33.10744]},"properties":{"frp":0.66,"date":"2026-09-18","daynight":"N"}},{"type":"Feature","geometry":{"type":"Point","coordinates":[-86.75606,33.17864]},"properties":{"frp":0.67,"date":"2026-09-18","daynight":"N"}},{"type":"Feature","geometry":{"type":"Point","coordinates":[-86.76039,33.17977]},"properties":{"frp":0.67,"date":"2026-09-18","daynight":"N"}},{"type":"Feature","geometry":{"type":"Point","coordinates":[-86.81677,33.22307]},"properties":{"frp":0.84,"date":"2026-09-18","daynight":"N"}},{"type":"Feature","geometry":{"type":"Point","coordinates":[-86.8148,33.22338]},"properties":{"frp":0.87,"date":"2026-09-18","daynight":"N"}},{"type":"Feature","geometry":{"type":"Point","coordinates":[-87.51134,33.23263]},"properties":{"frp":1.16,"date":"2026-09-18","daynight":"N"}},{"type":"Feature","geometry":{"type":"Point","coordinates":[-87.50945,33.23782]},"properties":{"frp":1.16,"date":"2026-09-18","daynight":"N"}},{"type":"Feature","geometry":{"type":"Point","coordinates":[-110.86439,33.41976]},"properties":{"frp":7.01,"date":"2026-09-18","daynight":"N"}},{"type":"Feature","geometry":{"type":"Point","coordinates":[-110.86889,33.42004]},"properties":{"frp":6.19,"date":"2026-09-18","daynight":"N"}},{"type":"Feature","geometry":{"type":"Point","coordinates":[-110.86421,33.42012]},"properties":{"frp":4.8,"date":"2026-09-18","daynight":"N"}},{"type":"Feature","geometry":{"type":"Point","coordinates":[-110.86873,33.42038]},"properties":{"frp":4.8,"date":"2026-09-18","daynight":"N"}},{"type":"Feature","geometry":{"type":"Point","coordinates":[-88.58302,33.44727]},"properties":{"frp":1.37,"date":"2026-09-18","daynight":"N"}},{"type":"Feature","geometry":{"type":"Point","coordinates":[-88.58296,33.44762]},"properties":{"frp":1.29,"date":"2026-09-18","daynight":"N"}},{"type":"Feature","geometry":{"type":"Point","coordinates":[-86.93433,33.48243]},"properties":{"frp":1.06,"date":"2026-09-18","daynight":"N"}},{"type":"Feature","geometry":{"type":"Point","coordinates":[-86.93776,33.48391]},"properties":{"frp":1.11,"date":"2026-09-18","daynight":"N"}},{"type":"Feature","geometry":{"type":"Point","coordinates":[-92.02839,34.22468]},"properties":{"frp":5.24,"date":"2026-09-18","daynight":"N"}},{"type":"Feature","geometry":{"type":"Point","coordinates":[-87.08689,34.63902]},"properties":{"frp":1.47,"date":"2026-09-18","daynight":"N"}},{"type":"Feature","geometry":{"type":"Point","coordinates":[-87.0835,34.63921]},"properties":{"frp":1.05,"date":"2026-09-18","daynight":"N"}},{"type":"Feature","geometry":{"type":"Point","coordinates":[-87.09122,34.64116]},"properties":{"frp":1.55,"date":"2026-09-18","daynight":"N"}},{"type":"Feature","geometry":{"type":"Point","coordinates":[-87.84627,34.74353]},"properties":{"frp":2.45,"date":"2026-09-18","daynight":"N"}},{"type":"Feature","geometry":{"type":"Point","coordinates":[-85.70404,34.94212]},"properties":{"frp":1.02,"date":"2026-09-18","daynight":"N"}},{"type":"Feature","geometry":{"type":"Point","coordinates":[-90.16789,35.04559]},"properties":{"frp":0.87,"date":"2026-09-18","daynight":"N"}},{"type":"Feature","geometry":{"type":"Point","coordinates":[-90.16468,35.04564]},"properties":{"frp":1.48,"date":"2026-09-18","daynight":"N"}},{"type":"Feature","geometry":{"type":"Point","coordinates":[-112.18885,35.26115]},"properties":{"frp":0.95,"date":"2026-09-18","daynight":"N"}},{"type":"Feature","geometry":{"type":"Point","coordinates":[-93.77498,35.40971]},"properties":{"frp":1.77,"date":"2026-09-18","daynight":"N"}},{"type":"Feature","geometry":{"type":"Point","coordinates":[-92.66446,35.48583]},"properties":{"frp":1.42,"date":"2026-09-18","daynight":"N"}},{"type":"Feature","geometry":{"type":"Point","coordinates":[-101.89739,35.5388]},"properties":{"frp":4.11,"date":"2026-09-18","daynight":"N"}},{"type":"Feature","geometry":{"type":"Point","coordinates":[-89.94498,35.61028]},"properties":{"frp":2.62,"date":"2026-09-18","daynight":"N"}},{"type":"Feature","geometry":{"type":"Point","coordinates":[-89.93162,35.64919]},"properties":{"frp":1.16,"date":"2026-09-18","daynight":"N"}},{"type":"Feature","geometry":{"type":"Point","coordinates":[-101.43556,35.6633]},"properties":{"frp":0.74,"date":"2026-09-18","daynight":"N"}},{"type":"Feature","geometry":{"type":"Point","coordinates":[-101.43488,35.66684]},"properties":{"frp":0.94,"date":"2026-09-18","daynight":"N"}},{"type":"Feature","geometry":{"type":"Point","coordinates":[-89.96376,35.67039]},"properties":{"frp":3.15,"date":"2026-09-18","daynight":"N"}},{"type":"Feature","geometry":{"type":"Point","coordinates":[-89.96687,35.67065]},"properties":{"frp":1.9,"date":"2026-09-18","daynight":"N"}},{"type":"Feature","geometry":{"type":"Point","coordinates":[-89.7123,35.93566]},"properties":{"frp":2.52,"date":"2026-09-18","daynight":"N"}},{"type":"Feature","geometry":{"type":"Point","coordinates":[-89.71759,35.9369]},"properties":{"frp":2.67,"date":"2026-09-18","daynight":"N"}},{"type":"Feature","geometry":{"type":"Point","coordinates":[-89.71323,35.93745]},"properties":{"frp":4.78,"date":"2026-09-18","daynight":"N"}},{"type":"Feature","geometry":{"type":"Point","coordinates":[-89.7146,35.94558]},"properties":{"frp":1.51,"date":"2026-09-18","daynight":"N"}},{"type":"Feature","geometry":{"type":"Point","coordinates":[-114.91658,36.35701]},"properties":{"frp":1.84,"date":"2026-09-18","daynight":"N"}},{"type":"Feature","geometry":{"type":"Point","coordinates":[-97.84032,36.51772]},"properties":{"frp":1.57,"date":"2026-09-18","daynight":"N"}},{"type":"Feature","geometry":{"type":"Point","coordinates":[-97.83953,36.52099]},"properties":{"frp":1.57,"date":"2026-09-18","daynight":"N"}},{"type":"Feature","geometry":{"type":"Point","coordinates":[-86.98356,37.2704]},"properties":{"frp":0.54,"date":"2026-09-18","daynight":"N"}},{"type":"Feature","geometry":{"type":"Point","coordinates":[-86.98712,37.27129]},"properties":{"frp":0.9,"date":"2026-09-18","daynight":"N"}},{"type":"Feature","geometry":{"type":"Point","coordinates":[-90.07616,37.96884]},"properties":{"frp":3.0,"date":"2026-09-18","daynight":"N"}},{"type":"Feature","geometry":{"type":"Point","coordinates":[-90.06845,37.97591]},"properties":{"frp":1.55,"date":"2026-09-18","daynight":"N"}},{"type":"Feature","geometry":{"type":"Point","coordinates":[-92.16443,38.03323]},"properties":{"frp":9.76,"date":"2026-09-18","daynight":"N"}},{"type":"Feature","geometry":{"type":"Point","coordinates":[-92.16324,38.03323]},"properties":{"frp":14.12,"date":"2026-09-18","daynight":"N"}},{"type":"Feature","geometry":{"type":"Point","coordinates":[-112.82309,38.93766]},"properties":{"frp":1.34,"date":"2026-09-18","daynight":"N"}},{"type":"Feature","geometry":{"type":"Point","coordinates":[-112.82333,38.94055]},"properties":{"frp":1.62,"date":"2026-09-18","daynight":"N"}},{"type":"Feature","geometry":{"type":"Point","coordinates":[-99.46072,25.67515]},"properties":{"frp":2.38,"date":"2026-09-18","daynight":"N"}},{"type":"Feature","geometry":{"type":"Point","coordinates":[-103.37262,27.03049]},"properties":{"frp":1.79,"date":"2026-09-18","daynight":"N"}},{"type":"Feature","geometry":{"type":"Point","coordinates":[-106.05906,28.57052]},"properties":{"frp":0.64,"date":"2026-09-18","daynight":"N"}},{"type":"Feature","geometry":{"type":"Point","coordinates":[-106.08784,28.6851]},"properties":{"frp":2.65,"date":"2026-09-18","daynight":"N"}},{"type":"Feature","geometry":{"type":"Point","coordinates":[-94.90826,29.36813]},"properties":{"frp":2.93,"date":"2026-09-18","daynight":"N"}},{"type":"Feature","geometry":{"type":"Point","coordinates":[-94.92342,29.37508]},"properties":{"frp":3.71,"date":"2026-09-18","daynight":"N"}},{"type":"Feature","geometry":{"type":"Point","coordinates":[-94.93414,29.37718]},"properties":{"frp":2.64,"date":"2026-09-18","daynight":"N"}},{"type":"Feature","geometry":{"type":"Point","coordinates":[-98.03145,29.57573]},"properties":{"frp":1.01,"date":"2026-09-18","daynight":"N"}},{"type":"Feature","geometry":{"type":"Point","coordinates":[-98.03555,29.57644]},"properties":{"frp":1.01,"date":"2026-09-18","daynight":"N"}},{"type":"Feature","geometry":{"type":"Point","coordinates":[-95.12356,29.73983]},"properties":{"frp":2.91,"date":"2026-09-18","daynight":"N"}},{"type":"Feature","geometry":{"type":"Point","coordinates":[-93.904,29.75455]},"properties":{"frp":2.85,"date":"2026-09-18","daynight":"N"}},{"type":"Feature","geometry":{"type":"Point","coordinates":[-93.90797,29.75535]},"properties":{"frp":2.85,"date":"2026-09-18","daynight":"N"}},{"type":"Feature","geometry":{"type":"Point","coordinates":[-93.91593,29.75696]},"properties":{"frp":1.49,"date":"2026-09-18","daynight":"N"}},{"type":"Feature","geometry":{"type":"Point","coordinates":[-93.87796,29.75767]},"properties":{"frp":1.93,"date":"2026-09-18","daynight":"N"}},{"type":"Feature","geometry":{"type":"Point","coordinates":[-93.88193,29.75846]},"properties":{"frp":1.93,"date":"2026-09-18","daynight":"N"}},{"type":"Feature","geometry":{"type":"Point","coordinates":[-93.90293,29.75851]},"properties":{"frp":2.55,"date":"2026-09-18","daynight":"N"}},{"type":"Feature","geometry":{"type":"Point","coordinates":[-93.90692,29.75932]},"properties":{"frp":2.55,"date":"2026-09-18","daynight":"N"}},{"type":"Feature","geometry":{"type":"Point","coordinates":[-93.86889,29.76003]},"properties":{"frp":1.06,"date":"2026-09-18","daynight":"N"}},{"type":"Feature","geometry":{"type":"Point","coordinates":[-93.87289,29.76083]},"properties":{"frp":1.06,"date":"2026-09-18","daynight":"N"}},{"type":"Feature","geometry":{"type":"Point","coordinates":[-93.33128,29.76925]},"properties":{"frp":2.32,"date":"2026-09-18","daynight":"N"}},{"type":"Feature","geometry":{"type":"Point","coordinates":[-93.33556,29.77013]},"properties":{"frp":2.57,"date":"2026-09-18","daynight":"N"}},{"type":"Feature","geometry":{"type":"Point","coordinates":[-93.33181,29.7716]},"properties":{"frp":2.72,"date":"2026-09-18","daynight":"N"}},{"type":"Feature","geometry":{"type":"Point","coordinates":[-90.39832,29.99886]},"properties":{"frp":4.76,"date":"2026-09-18","daynight":"N"}},{"type":"Feature","geometry":{"type":"Point","coordinates":[-90.4045,30.00031]},"properties":{"frp":3.83,"date":"2026-09-18","daynight":"N"}},{"type":"Feature","geometry":{"type":"Point","coordinates":[-90.39899,30.0014]},"properties":{"frp":2.89,"date":"2026-09-18","daynight":"N"}},{"type":"Feature","geometry":{"type":"Point","coordinates":[-90.4052,30.00282]},"properties":{"frp":2.89,"date":"2026-09-18","daynight":"N"}},{"type":"Feature","geometry":{"type":"Point","coordinates":[-93.3363,30.04458]},"properties":{"frp":2.17,"date":"2026-09-18","daynight":"N"}},{"type":"Feature","geometry":{"type":"Point","coordinates":[-93.75187,30.04941]},"properties":{"frp":3.01,"date":"2026-09-18","daynight":"N"}},{"type":"Feature","geometry":{"type":"Point","coordinates":[-93.33406,30.05271]},"properties":{"frp":2.1,"date":"2026-09-18","daynight":"N"}},{"type":"Feature","geometry":{"type":"Point","coordinates":[-93.32895,30.17878]},"properties":{"frp":2.14,"date":"2026-09-18","daynight":"N"}},{"type":"Feature","geometry":{"type":"Point","coordinates":[-93.32362,30.18196]},"properties":{"frp":3.04,"date":"2026-09-18","daynight":"N"}},{"type":"Feature","geometry":{"type":"Point","coordinates":[-91.27816,30.32904]},"properties":{"frp":0.71,"date":"2026-09-18","daynight":"N"}},{"type":"Feature","geometry":{"type":"Point","coordinates":[-91.28252,30.3291]},"properties":{"frp":1.5,"date":"2026-09-18","daynight":"N"}},{"type":"Feature","geometry":{"type":"Point","coordinates":[-94.17594,30.37516]},"properties":{"frp":0.84,"date":"2026-09-18","daynight":"N"}},{"type":"Feature","geometry":{"type":"Point","coordinates":[-94.17773,30.37523]},"properties":{"frp":1.11,"date":"2026-09-18","daynight":"N"}},{"type":"Feature","geometry":{"type":"Point","coordinates":[-111.19463,30.5608]},"properties":{"frp":1.11,"date":"2026-09-18","daynight":"N"}},{"type":"Feature","geometry":{"type":"Point","coordinates":[-104.78757,31.06728]},"properties":{"frp":1.82,"date":"2026-09-18","daynight":"N"}},{"type":"Feature","geometry":{"type":"Point","coordinates":[-104.78812,31.06826]},"properties":{"frp":1.92,"date":"2026-09-18","daynight":"N"}},{"type":"Feature","geometry":{"type":"Point","coordinates":[-96.1709,31.35333]},"properties":{"frp":2.73,"date":"2026-09-18","daynight":"N"}},{"type":"Feature","geometry":{"type":"Point","coordinates":[-101.77446,31.36276]},"properties":{"frp":1.66,"date":"2026-09-18","daynight":"N"}},{"type":"Feature","geometry":{"type":"Point","coordinates":[-101.77885,31.36336]},"properties":{"frp":1.66,"date":"2026-09-18","daynight":"N"}},{"type":"Feature","geometry":{"type":"Point","coordinates":[-101.77381,31.36619]},"properties":{"frp":1.66,"date":"2026-09-18","daynight":"N"}},{"type":"Feature","geometry":{"type":"Point","coordinates":[-101.77821,31.36679]},"properties":{"frp":1.66,"date":"2026-09-18","daynight":"N"}},{"type":"Feature","geometry":{"type":"Point","coordinates":[-102.35857,31.40511]},"properties":{"frp":4.39,"date":"2026-09-18","daynight":"N"}},{"type":"Feature","geometry":{"type":"Point","coordinates":[-102.88712,31.47161]},"properties":{"frp":0.75,"date":"2026-09-18","daynight":"N"}},{"type":"Feature","geometry":{"type":"Point","coordinates":[-102.70188,31.50785]},"properties":{"frp":1.28,"date":"2026-09-18","daynight":"N"}},{"type":"Feature","geometry":{"type":"Point","coordinates":[-103.98673,31.61028]},"properties":{"frp":1.7,"date":"2026-09-18","daynight":"N"}},{"type":"Feature","geometry":{"type":"Point","coordinates":[-103.98608,31.61407]},"properties":{"frp":2.93,"date":"2026-09-18","daynight":"N"}},{"type":"Feature","geometry":{"type":"Point","coordinates":[-101.8203,31.62449]},"properties":{"frp":0.58,"date":"2026-09-18","daynight":"N"}},{"type":"Feature","geometry":{"type":"Point","coordinates":[-103.98976,31.68724]},"properties":{"frp":1.19,"date":"2026-09-18","daynight":"N"}},{"type":"Feature","geometry":{"type":"Point","coordinates":[-103.92531,31.79888]},"properties":{"frp":0.67,"date":"2026-09-18","daynight":"N"}},{"type":"Feature","geometry":{"type":"Point","coordinates":[-101.76218,31.85792]},"properties":{"frp":0.81,"date":"2026-09-18","daynight":"N"}},{"type":"Feature","geometry":{"type":"Point","coordinates":[-103.35994,31.89987]},"properties":{"frp":0.73,"date":"2026-09-18","daynight":"N"}},{"type":"Feature","geometry":{"type":"Point","coordinates":[-101.64993,32.17106]},"properties":{"frp":0.58,"date":"2026-09-18","daynight":"N"}},{"type":"Feature","geometry":{"type":"Point","coordinates":[-101.65438,32.17168]},"properties":{"frp":0.52,"date":"2026-09-18","daynight":"N"}},{"type":"Feature","geometry":{"type":"Point","coordinates":[-99.93821,25.58089]},"properties":{"frp":1.79,"date":"2026-09-18","daynight":"N"}},{"type":"Feature","geometry":{"type":"Point","coordinates":[-100.91814,25.60244]},"properties":{"frp":0.58,"date":"2026-09-18","daynight":"N"}},{"type":"Feature","geometry":{"type":"Point","coordinates":[-100.92192,25.60303]},"properties":{"frp":0.58,"date":"2026-09-18","daynight":"N"}},{"type":"Feature","geometry":{"type":"Point","coordinates":[-100.9175,25.60572]},"properties":{"frp":0.58,"date":"2026-09-18","daynight":"N"}},{"type":"Feature","geometry":{"type":"Point","coordinates":[-100.92129,25.60632]},"properties":{"frp":0.58,"date":"2026-09-18","daynight":"N"}},{"type":"Feature","geometry":{"type":"Point","coordinates":[-101.83776,47.35374]},"properties":{"frp":0.57,"date":"2026-09-18","daynight":"N"}},{"type":"Feature","geometry":{"type":"Point","coordinates":[-101.83705,47.35455]},"properties":{"frp":0.87,"date":"2026-09-18","daynight":"N"}},{"type":"Feature","geometry":{"type":"Point","coordinates":[-107.59747,43.28241]},"properties":{"frp":8.71,"date":"2026-09-18","daynight":"N"}},{"type":"Feature","geometry":{"type":"Point","coordinates":[-107.60186,43.28367]},"properties":{"frp":8.71,"date":"2026-09-18","daynight":"N"}},{"type":"Feature","geometry":{"type":"Point","coordinates":[-120.84216,48.34812]},"properties":{"frp":1.44,"date":"2026-09-18","daynight":"N"}},{"type":"Feature","geometry":{"type":"Point","coordinates":[-120.85683,48.35714]},"properties":{"frp":0.71,"date":"2026-09-18","daynight":"N"}},{"type":"Feature","geometry":{"type":"Point","coordinates":[-120.85519,48.35837]},"properties":{"frp":0.59,"date":"2026-09-18","daynight":"N"}},{"type":"Feature","geometry":{"type":"Point","coordinates":[-120.8545,48.36173]},"properties":{"frp":0.59,"date":"2026-09-18","daynight":"N"}},{"type":"Feature","geometry":{"type":"Point","coordinates":[-120.79806,48.36423]},"properties":{"frp":1.36,"date":"2026-09-18","daynight":"N"}},{"type":"Feature","geometry":{"type":"Point","coordinates":[-120.80336,48.36497]},"properties":{"frp":1.27,"date":"2026-09-18","daynight":"N"}},{"type":"Feature","geometry":{"type":"Point","coordinates":[-120.85374,48.36508]},"properties":{"frp":0.84,"date":"2026-09-18","daynight":"N"}},{"type":"Feature","geometry":{"type":"Point","coordinates":[-120.8028,48.36835]},"properties":{"frp":1.27,"date":"2026-09-18","daynight":"N"}},{"type":"Feature","geometry":{"type":"Point","coordinates":[-120.85297,48.36843]},"properties":{"frp":0.84,"date":"2026-09-18","daynight":"N"}},{"type":"Feature","geometry":{"type":"Point","coordinates":[-120.80805,48.36909]},"properties":{"frp":1.27,"date":"2026-09-18","daynight":"N"}},{"type":"Feature","geometry":{"type":"Point","coordinates":[-120.80212,48.37171]},"properties":{"frp":2.83,"date":"2026-09-18","daynight":"N"}},{"type":"Feature","geometry":{"type":"Point","coordinates":[-120.80741,48.37246]},"properties":{"frp":2.83,"date":"2026-09-18","daynight":"N"}},{"type":"Feature","geometry":{"type":"Point","coordinates":[-120.81268,48.3732]},"properties":{"frp":2.03,"date":"2026-09-18","daynight":"N"}},{"type":"Feature","geometry":{"type":"Point","coordinates":[-120.84043,48.37361]},"properties":{"frp":1.31,"date":"2026-09-18","daynight":"N"}},{"type":"Feature","geometry":{"type":"Point","coordinates":[-120.8288,48.37545]},"properties":{"frp":1.47,"date":"2026-09-18","daynight":"N"}},{"type":"Feature","geometry":{"type":"Point","coordinates":[-120.8342,48.37621]},"properties":{"frp":1.18,"date":"2026-09-18","daynight":"N"}},{"type":"Feature","geometry":{"type":"Point","coordinates":[-120.81726,48.3773]},"properties":{"frp":2.03,"date":"2026-09-18","daynight":"N"}},{"type":"Feature","geometry":{"type":"Point","coordinates":[-122.73851,48.88529]},"properties":{"frp":2.57,"date":"2026-09-18","daynight":"N"}},{"type":"Feature","geometry":{"type":"Point","coordinates":[-121.04744,48.92884]},"properties":{"frp":2.01,"date":"2026-09-18","daynight":"N"}},{"type":"Feature","geometry":{"type":"Point","coordinates":[-121.04552,48.92932]},"properties":{"frp":2.6,"date":"2026-09-18","daynight":"N"}},{"type":"Feature","geometry":{"type":"Point","coordinates":[-121.05133,48.9301]},"properties":{"frp":1.1,"date":"2026-09-18","daynight":"N"}},{"type":"Feature","geometry":{"type":"Point","coordinates":[-121.03802,48.93182]},"properties":{"frp":2.6,"date":"2026-09-18","daynight":"N"}},{"type":"Feature","geometry":{"type":"Point","coordinates":[-121.04412,48.93263]},"properties":{"frp":2.6,"date":"2026-09-18","daynight":"N"}},{"type":"Feature","geometry":{"type":"Point","coordinates":[-121.03662,48.93513]},"properties":{"frp":0.99,"date":"2026-09-18","daynight":"N"}},{"type":"Feature","geometry":{"type":"Point","coordinates":[-121.04266,48.93594]},"properties":{"frp":0.99,"date":"2026-09-18","daynight":"N"}},{"type":"Feature","geometry":{"type":"Point","coordinates":[-121.04129,48.93925]},"properties":{"frp":0.99,"date":"2026-09-18","daynight":"N"}},{"type":"Feature","geometry":{"type":"Point","coordinates":[-121.03456,48.94183]},"properties":{"frp":2.59,"date":"2026-09-18","daynight":"N"}},{"type":"Feature","geometry":{"type":"Point","coordinates":[-121.04024,48.94259]},"properties":{"frp":2.59,"date":"2026-09-18","daynight":"N"}},{"type":"Feature","geometry":{"type":"Point","coordinates":[-121.07832,49.08802]},"properties":{"frp":0.86,"date":"2026-09-18","daynight":"N"}},{"type":"Feature","geometry":{"type":"Point","coordinates":[-114.91245,36.35776]},"properties":{"frp":2.43,"date":"2026-09-18","daynight":"N"}},{"type":"Feature","geometry":{"type":"Point","coordinates":[-119.60851,37.56833]},"properties":{"frp":5.63,"date":"2026-09-18","daynight":"N"}},{"type":"Feature","geometry":{"type":"Point","coordinates":[-119.61799,37.57009]},"properties":{"frp":0.61,"date":"2026-09-18","daynight":"N"}},{"type":"Feature","geometry":{"type":"Point","coordinates":[-119.60288,37.5709]},"properties":{"frp":9.06,"date":"2026-09-18","daynight":"N"}},{"type":"Feature","geometry":{"type":"Point","coordinates":[-119.60762,37.57178]},"properties":{"frp":5.63,"date":"2026-09-18","daynight":"N"}},{"type":"Feature","geometry":{"type":"Point","coordinates":[-119.61726,37.57357]},"properties":{"frp":0.61,"date":"2026-09-18","daynight":"N"}},{"type":"Feature","geometry":{"type":"Point","coordinates":[-119.60686,37.57526]},"properties":{"frp":2.65,"date":"2026-09-18","daynight":"N"}},{"type":"Feature","geometry":{"type":"Point","coordinates":[-119.60127,37.57784]},"properties":{"frp":10.62,"date":"2026-09-18","daynight":"N"}},{"type":"Feature","geometry":{"type":"Point","coordinates":[-119.59554,37.5804]},"properties":{"frp":7.51,"date":"2026-09-18","daynight":"N"}},{"type":"Feature","geometry":{"type":"Point","coordinates":[-119.61565,37.58052]},"properties":{"frp":2.76,"date":"2026-09-18","daynight":"N"}},{"type":"Feature","geometry":{"type":"Point","coordinates":[-119.60043,37.58131]},"properties":{"frp":7.51,"date":"2026-09-18","daynight":"N"}},{"type":"Feature","geometry":{"type":"Point","coordinates":[-119.62048,37.58141]},"properties":{"frp":2.76,"date":"2026-09-18","daynight":"N"}},{"type":"Feature","geometry":{"type":"Point","coordinates":[-119.60532,37.58221]},"properties":{"frp":1.92,"date":"2026-09-18","daynight":"N"}},{"type":"Feature","geometry":{"type":"Point","coordinates":[-119.59958,37.58477]},"properties":{"frp":7.51,"date":"2026-09-18","daynight":"N"}},{"type":"Feature","geometry":{"type":"Point","coordinates":[-119.61963,37.58487]},"properties":{"frp":1.2,"date":"2026-09-18","daynight":"N"}},{"type":"Feature","geometry":{"type":"Point","coordinates":[-119.60448,37.58568]},"properties":{"frp":1.92,"date":"2026-09-18","daynight":"N"}},{"type":"Feature","geometry":{"type":"Point","coordinates":[-119.59374,37.58731]},"properties":{"frp":9.26,"date":"2026-09-18","daynight":"N"}},{"type":"Feature","geometry":{"type":"Point","coordinates":[-119.59868,37.58822]},"properties":{"frp":9.26,"date":"2026-09-18","daynight":"N"}},{"type":"Feature","geometry":{"type":"Point","coordinates":[-119.6188,37.58834]},"properties":{"frp":1.2,"date":"2026-09-18","daynight":"N"}},{"type":"Feature","geometry":{"type":"Point","coordinates":[-119.60357,37.58913]},"properties":{"frp":5.74,"date":"2026-09-18","daynight":"N"}},{"type":"Feature","geometry":{"type":"Point","coordinates":[-119.6236,37.58923]},"properties":{"frp":0.79,"date":"2026-09-18","daynight":"N"}},{"type":"Feature","geometry":{"type":"Point","coordinates":[-119.59769,37.59166]},"properties":{"frp":9.26,"date":"2026-09-18","daynight":"N"}},{"type":"Feature","geometry":{"type":"Point","coordinates":[-119.60261,37.59257]},"properties":{"frp":5.74,"date":"2026-09-18","daynight":"N"}},{"type":"Feature","geometry":{"type":"Point","coordinates":[-119.62269,37.59267]},"properties":{"frp":2.39,"date":"2026-09-18","daynight":"N"}},{"type":"Feature","geometry":{"type":"Point","coordinates":[-119.60746,37.59347]},"properties":{"frp":5.74,"date":"2026-09-18","daynight":"N"}},{"type":"Feature","geometry":{"type":"Point","coordinates":[-119.59669,37.5951]},"properties":{"frp":8.23,"date":"2026-09-18","daynight":"N"}},{"type":"Feature","geometry":{"type":"Point","coordinates":[-119.6016,37.596]},"properties":{"frp":11.29,"date":"2026-09-18","daynight":"N"}},{"type":"Feature","geometry":{"type":"Point","coordinates":[-119.6217,37.59611]},"properties":{"frp":2.39,"date":"2026-09-18","daynight":"N"}},{"type":"Feature","geometry":{"type":"Point","coordinates":[-119.60646,37.5969]},"properties":{"frp":11.29,"date":"2026-09-18","daynight":"N"}},{"type":"Feature","geometry":{"type":"Point","coordinates":[-119.62624,37.59695]},"properties":{"frp":2.39,"date":"2026-09-18","daynight":"N"}},{"type":"Feature","geometry":{"type":"Point","coordinates":[-119.59108,37.59768]},"properties":{"frp":8.23,"date":"2026-09-18","daynight":"N"}},{"type":"Feature","geometry":{"type":"Point","coordinates":[-119.61121,37.59778]},"properties":{"frp":10.36,"date":"2026-09-18","daynight":"N"}},{"type":"Feature","geometry":{"type":"Point","coordinates":[-119.59583,37.59856]},"properties":{"frp":8.23,"date":"2026-09-18","daynight":"N"}},{"type":"Feature","geometry":{"type":"Point","coordinates":[-119.6159,37.59865]},"properties":{"frp":10.36,"date":"2026-09-18","daynight":"N"}},{"type":"Feature","geometry":{"type":"Point","coordinates":[-119.62051,37.59951]},"properties":{"frp":2.34,"date":"2026-09-18","daynight":"N"}},{"type":"Feature","geometry":{"type":"Point","coordinates":[-119.60541,37.60032]},"properties":{"frp":11.29,"date":"2026-09-18","daynight":"N"}},{"type":"Feature","geometry":{"type":"Point","coordinates":[-119.625,37.60034]},"properties":{"frp":2.34,"date":"2026-09-18","daynight":"N"}},{"type":"Feature","geometry":{"type":"Point","coordinates":[-119.59026,37.60114]},"properties":{"frp":6.79,"date":"2026-09-18","daynight":"N"}},{"type":"Feature","geometry":{"type":"Point","coordinates":[-119.62949,37.60117]},"properties":{"frp":5.32,"date":"2026-09-18","daynight":"N"}},{"type":"Feature","geometry":{"type":"Point","coordinates":[-119.61011,37.6012]},"properties":{"frp":10.36,"date":"2026-09-18","daynight":"N"}},{"type":"Feature","geometry":{"type":"Point","coordinates":[-119.595,37.60202]},"properties":{"frp":6.79,"date":"2026-09-18","daynight":"N"}},{"type":"Feature","geometry":{"type":"Point","coordinates":[-119.61472,37.60205]},"properties":{"frp":10.36,"date":"2026-09-18","daynight":"N"}},{"type":"Feature","geometry":{"type":"Point","coordinates":[-119.61926,37.6029]},"properties":{"frp":2.34,"date":"2026-09-18","daynight":"N"}},{"type":"Feature","geometry":{"type":"Point","coordinates":[-119.58936,37.6046]},"properties":{"frp":6.79,"date":"2026-09-18","daynight":"N"}},{"type":"Feature","geometry":{"type":"Point","coordinates":[-119.60905,37.60462]},"properties":{"frp":11.6,"date":"2026-09-18","daynight":"N"}},{"type":"Feature","geometry":{"type":"Point","coordinates":[-119.61365,37.60547]},"properties":{"frp":11.6,"date":"2026-09-18","daynight":"N"}},{"type":"Feature","geometry":{"type":"Point","coordinates":[-119.59409,37.60547]},"properties":{"frp":6.79,"date":"2026-09-18","daynight":"N"}},{"type":"Feature","geometry":{"type":"Point","coordinates":[-119.61816,37.60631]},"properties":{"frp":4.48,"date":"2026-09-18","daynight":"N"}},{"type":"Feature","geometry":{"type":"Point","coordinates":[-119.62267,37.60714]},"properties":{"frp":4.48,"date":"2026-09-18","daynight":"N"}},{"type":"Feature","geometry":{"type":"Point","coordinates":[-119.61265,37.60891]},"properties":{"frp":11.6,"date":"2026-09-18","daynight":"N"}},{"type":"Feature","geometry":{"type":"Point","coordinates":[-119.61716,37.60974]},"properties":{"frp":4.48,"date":"2026-09-18","daynight":"N"}},{"type":"Feature","geometry":{"type":"Point","coordinates":[-119.62164,37.61057]},"properties":{"frp":4.48,"date":"2026-09-18","daynight":"N"}},{"type":"Feature","geometry":{"type":"Point","coordinates":[-119.60712,37.6115]},"properties":{"frp":76.93,"date":"2026-09-18","daynight":"N"}},{"type":"Feature","geometry":{"type":"Point","coordinates":[-119.61168,37.61234]},"properties":{"frp":76.93,"date":"2026-09-18","daynight":"N"}},{"type":"Feature","geometry":{"type":"Point","coordinates":[-119.61619,37.61318]},"properties":{"frp":25.87,"date":"2026-09-18","daynight":"N"}},{"type":"Feature","geometry":{"type":"Point","coordinates":[-119.62067,37.61401]},"properties":{"frp":25.87,"date":"2026-09-18","daynight":"N"}},{"type":"Feature","geometry":{"type":"Point","coordinates":[-119.61068,37.61578]},"properties":{"frp":76.93,"date":"2026-09-18","daynight":"N"}},{"type":"Feature","geometry":{"type":"Point","coordinates":[-119.61524,37.61662]},"properties":{"frp":25.87,"date":"2026-09-18","daynight":"N"}},{"type":"Feature","geometry":{"type":"Point","coordinates":[-119.61977,37.61746]},"properties":{"frp":25.87,"date":"2026-09-18","daynight":"N"}},{"type":"Feature","geometry":{"type":"Point","coordinates":[-119.60493,37.61833]},"properties":{"frp":12.15,"date":"2026-09-18","daynight":"N"}},{"type":"Feature","geometry":{"type":"Point","coordinates":[-119.60963,37.6192]},"properties":{"frp":12.15,"date":"2026-09-18","daynight":"N"}},{"type":"Feature","geometry":{"type":"Point","coordinates":[-119.61427,37.62006]},"properties":{"frp":2.8,"date":"2026-09-18","daynight":"N"}},{"type":"Feature","geometry":{"type":"Point","coordinates":[-119.60381,37.62174]},"properties":{"frp":12.15,"date":"2026-09-18","daynight":"N"}},{"type":"Feature","geometry":{"type":"Point","coordinates":[-119.60855,37.62262]},"properties":{"frp":12.15,"date":"2026-09-18","daynight":"N"}},{"type":"Feature","geometry":{"type":"Point","coordinates":[-119.26397,39.62121]},"properties":{"frp":1.87,"date":"2026-09-18","daynight":"N"}},{"type":"Feature","geometry":{"type":"Point","coordinates":[-111.59548,42.68511]},"properties":{"frp":5.82,"date":"2026-09-18","daynight":"N"}},{"type":"Feature","geometry":{"type":"Point","coordinates":[-111.59344,42.68624]},"properties":{"frp":4.29,"date":"2026-09-18","daynight":"N"}},{"type":"Feature","geometry":{"type":"Point","coordinates":[-111.58766,42.68804]},"properties":{"frp":1.49,"date":"2026-09-18","daynight":"N"}},{"type":"Feature","geometry":{"type":"Point","coordinates":[-111.59155,42.69061]},"properties":{"frp":4.29,"date":"2026-09-18","daynight":"N"}},{"type":"Feature","geometry":{"type":"Point","coordinates":[-123.16279,45.22932]},"properties":{"frp":1.93,"date":"2026-09-18","daynight":"N"}},{"type":"Feature","geometry":{"type":"Point","coordinates":[-123.16811,45.23001]},"properties":{"frp":3.26,"date":"2026-09-18","daynight":"N"}},{"type":"Feature","geometry":{"type":"Point","coordinates":[-111.19228,30.55947]},"properties":{"frp":0.76,"date":"2026-09-18","daynight":"N"}},{"type":"Feature","geometry":{"type":"Point","coordinates":[-110.86706,33.4187]},"properties":{"frp":1.51,"date":"2026-09-18","daynight":"N"}},{"type":"Feature","geometry":{"type":"Point","coordinates":[-110.86534,33.42048]},"properties":{"frp":1.36,"date":"2026-09-18","daynight":"N"}},{"type":"Feature","geometry":{"type":"Point","coordinates":[-117.82147,33.61208]},"properties":{"frp":0.55,"date":"2026-09-18","daynight":"N"}},{"type":"Feature","geometry":{"type":"Point","coordinates":[-117.82545,33.61291]},"properties":{"frp":0.55,"date":"2026-09-18","daynight":"N"}},{"type":"Feature","geometry":{"type":"Point","coordinates":[-117.71094,33.71645]},"properties":{"frp":0.91,"date":"2026-09-18","daynight":"N"}},{"type":"Feature","geometry":{"type":"Point","coordinates":[-117.47345,33.79345]},"properties":{"frp":0.79,"date":"2026-09-18","daynight":"N"}},{"type":"Feature","geometry":{"type":"Point","coordinates":[-117.47774,33.79438]},"properties":{"frp":0.65,"date":"2026-09-18","daynight":"N"}},{"type":"Feature","geometry":{"type":"Point","coordinates":[-118.19126,34.15415]},"properties":{"frp":1.24,"date":"2026-09-18","daynight":"N"}},{"type":"Feature","geometry":{"type":"Point","coordinates":[-118.19576,34.1552]},"properties":{"frp":1.56,"date":"2026-09-18","daynight":"N"}},{"type":"Feature","geometry":{"type":"Point","coordinates":[-118.80183,34.29191]},"properties":{"frp":0.71,"date":"2026-09-18","daynight":"N"}},{"type":"Feature","geometry":{"type":"Point","coordinates":[-118.51868,34.33437]},"properties":{"frp":2.19,"date":"2026-09-18","daynight":"N"}},{"type":"Feature","geometry":{"type":"Point","coordinates":[-118.51694,34.33611]},"properties":{"frp":1.21,"date":"2026-09-18","daynight":"N"}},{"type":"Feature","geometry":{"type":"Point","coordinates":[-117.33717,34.60641]},"properties":{"frp":1.12,"date":"2026-09-18","daynight":"N"}},{"type":"Feature","geometry":{"type":"Point","coordinates":[-117.33608,34.61042]},"properties":{"frp":0.95,"date":"2026-09-18","daynight":"N"}},{"type":"Feature","geometry":{"type":"Point","coordinates":[-112.18401,35.2585]},"properties":{"frp":0.7,"date":"2026-09-18","daynight":"N"}},{"type":"Feature","geometry":{"type":"Point","coordinates":[-113.31432,35.51806]},"properties":{"frp":1.89,"date":"2026-09-18","daynight":"N"}},{"type":"Feature","geometry":{"type":"Point","coordinates":[-81.96951,28.26527]},"properties":{"frp":11.98,"date":"2026-09-18","daynight":"D"}},{"type":"Feature","geometry":{"type":"Point","coordinates":[-83.65994,30.55271]},"properties":{"frp":2.75,"date":"2026-09-18","daynight":"D"}},{"type":"Feature","geometry":{"type":"Point","coordinates":[-83.65662,30.55349]},"properties":{"frp":2.49,"date":"2026-09-18","daynight":"D"}},{"type":"Feature","geometry":{"type":"Point","coordinates":[-83.6533,30.55427]},"properties":{"frp":2.49,"date":"2026-09-18","daynight":"D"}},{"type":"Feature","geometry":{"type":"Point","coordinates":[-86.94156,30.66184]},"properties":{"frp":3.87,"date":"2026-09-18","daynight":"D"}},{"type":"Feature","geometry":{"type":"Point","coordinates":[-89.96313,30.80768]},"properties":{"frp":65.73,"date":"2026-09-18","daynight":"D"}},{"type":"Feature","geometry":{"type":"Point","coordinates":[-89.96313,30.80882]},"properties":{"frp":38.84,"date":"2026-09-18","daynight":"D"}},{"type":"Feature","geometry":{"type":"Point","coordinates":[-89.95595,30.8109]},"properties":{"frp":38.84,"date":"2026-09-18","daynight":"D"}},{"type":"Feature","geometry":{"type":"Point","coordinates":[-87.98534,31.14776]},"properties":{"frp":7.03,"date":"2026-09-18","daynight":"D"}},{"type":"Feature","geometry":{"type":"Point","coordinates":[-82.94002,31.38155]},"properties":{"frp":5.7,"date":"2026-09-18","daynight":"D"}},{"type":"Feature","geometry":{"type":"Point","coordinates":[-82.93418,31.38288]},"properties":{"frp":5.7,"date":"2026-09-18","daynight":"D"}},{"type":"Feature","geometry":{"type":"Point","coordinates":[-82.94147,31.3862]},"properties":{"frp":5.7,"date":"2026-09-18","daynight":"D"}},{"type":"Feature","geometry":{"type":"Point","coordinates":[-88.31585,31.42078]},"properties":{"frp":13.7,"date":"2026-09-18","daynight":"D"}},{"type":"Feature","geometry":{"type":"Point","coordinates":[-88.31977,31.42349]},"properties":{"frp":16.95,"date":"2026-09-18","daynight":"D"}},{"type":"Feature","geometry":{"type":"Point","coordinates":[-88.314,31.42505]},"properties":{"frp":16.95,"date":"2026-09-18","daynight":"D"}},{"type":"Feature","geometry":{"type":"Point","coordinates":[-88.31816,31.42692]},"properties":{"frp":13.7,"date":"2026-09-18","daynight":"D"}},{"type":"Feature","geometry":{"type":"Point","coordinates":[-83.85757,31.60167]},"properties":{"frp":8.84,"date":"2026-09-18","daynight":"D"}},{"type":"Feature","geometry":{"type":"Point","coordinates":[-82.71563,31.64341]},"properties":{"frp":6.51,"date":"2026-09-18","daynight":"D"}},{"type":"Feature","geometry":{"type":"Point","coordinates":[-85.44165,31.64362]},"properties":{"frp":8.89,"date":"2026-09-18","daynight":"D"}},{"type":"Feature","geometry":{"type":"Point","coordinates":[-82.70999,31.64468]},"properties":{"frp":6.51,"date":"2026-09-18","daynight":"D"}},{"type":"Feature","geometry":{"type":"Point","coordinates":[-82.53326,31.83347]},"properties":{"frp":9.61,"date":"2026-09-18","daynight":"D"}},{"type":"Feature","geometry":{"type":"Point","coordinates":[-82.52779,31.83467]},"properties":{"frp":9.61,"date":"2026-09-18","daynight":"D"}},{"type":"Feature","geometry":{"type":"Point","coordinates":[-86.2431,31.95946]},"properties":{"frp":21.59,"date":"2026-09-18","daynight":"D"}},{"type":"Feature","geometry":{"type":"Point","coordinates":[-86.24823,31.9604]},"properties":{"frp":67.84,"date":"2026-09-18","daynight":"D"}},{"type":"Feature","geometry":{"type":"Point","coordinates":[-86.23866,31.96061]},"properties":{"frp":10.17,"date":"2026-09-18","daynight":"D"}},{"type":"Feature","geometry":{"type":"Point","coordinates":[-86.23938,31.96263]},"properties":{"frp":91.39,"date":"2026-09-18","daynight":"D"}},{"type":"Feature","geometry":{"type":"Point","coordinates":[-86.25006,31.9659]},"properties":{"frp":67.84,"date":"2026-09-18","daynight":"D"}},{"type":"Feature","geometry":{"type":"Point","coordinates":[-86.24055,31.96609]},"properties":{"frp":154.35,"date":"2026-09-18","daynight":"D"}},{"type":"Feature","geometry":{"type":"Point","coordinates":[-86.24573,31.96699]},"properties":{"frp":67.84,"date":"2026-09-18","daynight":"D"}},{"type":"Feature","geometry":{"type":"Point","coordinates":[-86.24132,31.96811]},"properties":{"frp":91.39,"date":"2026-09-18","daynight":"D"}},{"type":"Feature","geometry":{"type":"Point","coordinates":[-82.68488,32.05855]},"properties":{"frp":7.41,"date":"2026-09-18","daynight":"D"}},{"type":"Feature","geometry":{"type":"Point","coordinates":[-82.68633,32.06306]},"properties":{"frp":22.24,"date":"2026-09-18","daynight":"D"}},{"type":"Feature","geometry":{"type":"Point","coordinates":[-82.68073,32.06433]},"properties":{"frp":22.24,"date":"2026-09-18","daynight":"D"}},{"type":"Feature","geometry":{"type":"Point","coordinates":[-87.22246,32.07823]},"properties":{"frp":5.65,"date":"2026-09-18","daynight":"D"}},{"type":"Feature","geometry":{"type":"Point","coordinates":[-86.06987,32.1389]},"properties":{"frp":3.46,"date":"2026-09-18","daynight":"D"}},{"type":"Feature","geometry":{"type":"Point","coordinates":[-90.35558,32.40068]},"properties":{"frp":10.36,"date":"2026-09-18","daynight":"D"}},{"type":"Feature","geometry":{"type":"Point","coordinates":[-90.3582,32.40121]},"properties":{"frp":5.21,"date":"2026-09-18","daynight":"D"}},{"type":"Feature","geometry":{"type":"Point","coordinates":[-84.82236,32.63865]},"properties":{"frp":3.65,"date":"2026-09-18","daynight":"D"}},{"type":"Feature","geometry":{"type":"Point","coordinates":[-84.81882,32.6395]},"properties":{"frp":3.23,"date":"2026-09-18","daynight":"D"}},{"type":"Feature","geometry":{"type":"Point","coordinates":[-84.82361,32.64079]},"properties":{"frp":4.86,"date":"2026-09-18","daynight":"D"}},{"type":"Feature","geometry":{"type":"Point","coordinates":[-84.82008,32.64165]},"properties":{"frp":5.32,"date":"2026-09-18","daynight":"D"}},{"type":"Feature","geometry":{"type":"Point","coordinates":[-87.29617,33.12862]},"properties":{"frp":5.29,"date":"2026-09-18","daynight":"D"}},{"type":"Feature","geometry":{"type":"Point","coordinates":[-87.29131,33.12992]},"properties":{"frp":5.29,"date":"2026-09-18","daynight":"D"}},{"type":"Feature","geometry":{"type":"Point","coordinates":[-87.28838,33.13051]},"properties":{"frp":6.73,"date":"2026-09-18","daynight":"D"}},{"type":"Feature","geometry":{"type":"Point","coordinates":[-87.28655,33.1312]},"properties":{"frp":5.84,"date":"2026-09-18","daynight":"D"}},{"type":"Feature","geometry":{"type":"Point","coordinates":[-87.29819,33.13424]},"properties":{"frp":19.37,"date":"2026-09-18","daynight":"D"}},{"type":"Feature","geometry":{"type":"Point","coordinates":[-87.29532,33.13485]},"properties":{"frp":32.31,"date":"2026-09-18","daynight":"D"}},{"type":"Feature","geometry":{"type":"Point","coordinates":[-87.29343,33.13552]},"properties":{"frp":19.37,"date":"2026-09-18","daynight":"D"}},{"type":"Feature","geometry":{"type":"Point","coordinates":[-87.29052,33.1361]},"properties":{"frp":19.54,"date":"2026-09-18","daynight":"D"}},{"type":"Feature","geometry":{"type":"Point","coordinates":[-87.28866,33.13681]},"properties":{"frp":25.17,"date":"2026-09-18","daynight":"D"}},{"type":"Feature","geometry":{"type":"Point","coordinates":[-87.28577,33.13734]},"properties":{"frp":19.54,"date":"2026-09-18","daynight":"D"}},{"type":"Feature","geometry":{"type":"Point","coordinates":[-87.51002,33.23254]},"properties":{"frp":4.51,"date":"2026-09-18","daynight":"D"}},{"type":"Feature","geometry":{"type":"Point","coordinates":[-87.50505,33.23387]},"properties":{"frp":4.16,"date":"2026-09-18","daynight":"D"}},{"type":"Feature","geometry":{"type":"Point","coordinates":[-80.14066,33.75143]},"properties":{"frp":3.42,"date":"2026-09-18","daynight":"D"}},{"type":"Feature","geometry":{"type":"Point","coordinates":[-83.52638,33.82228]},"properties":{"frp":13.64,"date":"2026-09-18","daynight":"D"}},{"type":"Feature","geometry":{"type":"Point","coordinates":[-83.52335,33.82619]},"properties":{"frp":15.13,"date":"2026-09-18","daynight":"D"}},{"type":"Feature","geometry":{"type":"Point","coordinates":[-83.52782,33.82684]},"properties":{"frp":13.64,"date":"2026-09-18","daynight":"D"}},{"type":"Feature","geometry":{"type":"Point","coordinates":[-77.34848,35.79323]},"properties":{"frp":5.71,"date":"2026-09-18","daynight":"D"}},{"type":"Feature","geometry":{"type":"Point","coordinates":[-77.35375,35.79582]},"properties":{"frp":19.32,"date":"2026-09-18","daynight":"D"}},{"type":"Feature","geometry":{"type":"Point","coordinates":[-77.36344,35.79766]},"properties":{"frp":5.51,"date":"2026-09-18","daynight":"D"}},{"type":"Feature","geometry":{"type":"Point","coordinates":[-77.3502,35.79992]},"properties":{"frp":7.48,"date":"2026-09-18","daynight":"D"}},{"type":"Feature","geometry":{"type":"Point","coordinates":[-77.34223,35.80477]},"properties":{"frp":5.49,"date":"2026-09-18","daynight":"D"}},{"type":"Feature","geometry":{"type":"Point","coordinates":[-77.36075,35.80511]},"properties":{"frp":7.02,"date":"2026-09-18","daynight":"D"}},{"type":"Feature","geometry":{"type":"Point","coordinates":[-77.35633,35.80586]},"properties":{"frp":7.02,"date":"2026-09-18","daynight":"D"}},{"type":"Feature","geometry":{"type":"Point","coordinates":[-91.39146,33.3581]},"properties":{"frp":6.78,"date":"2026-09-18","daynight":"D"}},{"type":"Feature","geometry":{"type":"Point","coordinates":[-91.39089,33.54462]},"properties":{"frp":17.8,"date":"2026-09-18","daynight":"D"}},{"type":"Feature","geometry":{"type":"Point","coordinates":[-91.39154,33.546]},"properties":{"frp":13.18,"date":"2026-09-18","daynight":"D"}},{"type":"Feature","geometry":{"type":"Point","coordinates":[-91.29386,33.66423]},"properties":{"frp":26.88,"date":"2026-09-18","daynight":"D"}},{"type":"Feature","geometry":{"type":"Point","coordinates":[-91.28841,33.66617]},"properties":{"frp":24.15,"date":"2026-09-18","daynight":"D"}},{"type":"Feature","geometry":{"type":"Point","coordinates":[-91.28632,33.66655]},"properties":{"frp":30.18,"date":"2026-09-18","daynight":"D"}},{"type":"Feature","geometry":{"type":"Point","coordinates":[-91.29671,33.67087]},"properties":{"frp":26.88,"date":"2026-09-18","daynight":"D"}},{"type":"Feature","geometry":{"type":"Point","coordinates":[-91.2913,33.6728]},"properties":{"frp":56.58,"date":"2026-09-18","daynight":"D"}},{"type":"Feature","geometry":{"type":"Point","coordinates":[-91.28918,33.67318]},"properties":{"frp":30.18,"date":"2026-09-18","daynight":"D"}},{"type":"Feature","geometry":{"type":"Point","coordinates":[-90.87276,33.8586]},"properties":{"frp":6.59,"date":"2026-09-18","daynight":"D"}},{"type":"Feature","geometry":{"type":"Point","coordinates":[-90.9268,34.38128]},"properties":{"frp":5.87,"date":"2026-09-18","daynight":"D"}},{"type":"Feature","geometry":{"type":"Point","coordinates":[-90.91848,34.39828]},"properties":{"frp":8.44,"date":"2026-09-18","daynight":"D"}},{"type":"Feature","geometry":{"type":"Point","coordinates":[-91.79364,34.40908]},"properties":{"frp":12.91,"date":"2026-09-18","daynight":"D"}},{"type":"Feature","geometry":{"type":"Point","coordinates":[-91.78596,34.41148]},"properties":{"frp":20.2,"date":"2026-09-18","daynight":"D"}},{"type":"Feature","geometry":{"type":"Point","coordinates":[-91.78799,34.41163]},"properties":{"frp":20.64,"date":"2026-09-18","daynight":"D"}},{"type":"Feature","geometry":{"type":"Point","coordinates":[-91.79449,34.52876]},"properties":{"frp":7.34,"date":"2026-09-18","daynight":"D"}},{"type":"Feature","geometry":{"type":"Point","coordinates":[-91.79498,34.52956]},"properties":{"frp":10.46,"date":"2026-09-18","daynight":"D"}},{"type":"Feature","geometry":{"type":"Point","coordinates":[-87.08196,34.63724]},"properties":{"frp":5.72,"date":"2026-09-18","daynight":"D"}},{"type":"Feature","geometry":{"type":"Point","coordinates":[-90.96649,35.35295]},"properties":{"frp":27.64,"date":"2026-09-18","daynight":"D"}},{"type":"Feature","geometry":{"type":"Point","coordinates":[-90.9599,35.35495]},"properties":{"frp":31.51,"date":"2026-09-18","daynight":"D"}},{"type":"Feature","geometry":{"type":"Point","coordinates":[-90.96107,35.35557]},"properties":{"frp":53.43,"date":"2026-09-18","daynight":"D"}},{"type":"Feature","geometry":{"type":"Point","coordinates":[-90.95327,35.35694]},"properties":{"frp":31.51,"date":"2026-09-18","daynight":"D"}},{"type":"Feature","geometry":{"type":"Point","coordinates":[-90.95442,35.35754]},"properties":{"frp":36.62,"date":"2026-09-18","daynight":"D"}},{"type":"Feature","geometry":{"type":"Point","coordinates":[-91.01411,35.45814]},"properties":{"frp":68.09,"date":"2026-09-18","daynight":"D"}},{"type":"Feature","geometry":{"type":"Point","coordinates":[-91.01401,35.45959]},"properties":{"frp":63.43,"date":"2026-09-18","daynight":"D"}},{"type":"Feature","geometry":{"type":"Point","coordinates":[-91.00748,35.46013]},"properties":{"frp":68.09,"date":"2026-09-18","daynight":"D"}},{"type":"Feature","geometry":{"type":"Point","coordinates":[-91.00737,35.46155]},"properties":{"frp":111.82,"date":"2026-09-18","daynight":"D"}},{"type":"Feature","geometry":{"type":"Point","coordinates":[-91.01031,35.46639]},"properties":{"frp":15.35,"date":"2026-09-18","daynight":"D"}},{"type":"Feature","geometry":{"type":"Point","coordinates":[-91.37157,35.56379]},"properties":{"frp":34.23,"date":"2026-09-18","daynight":"D"}},{"type":"Feature","geometry":{"type":"Point","coordinates":[-91.36465,35.56586]},"properties":{"frp":36.52,"date":"2026-09-18","daynight":"D"}},{"type":"Feature","geometry":{"type":"Point","coordinates":[-91.37374,35.5673]},"properties":{"frp":57.43,"date":"2026-09-18","daynight":"D"}},{"type":"Feature","geometry":{"type":"Point","coordinates":[-91.36687,35.5694]},"properties":{"frp":57.43,"date":"2026-09-18","daynight":"D"}},{"type":"Feature","geometry":{"type":"Point","coordinates":[-91.3744,35.57015]},"properties":{"frp":40.05,"date":"2026-09-18","daynight":"D"}},{"type":"Feature","geometry":{"type":"Point","coordinates":[-91.36751,35.57222]},"properties":{"frp":40.68,"date":"2026-09-18","daynight":"D"}},{"type":"Feature","geometry":{"type":"Point","coordinates":[-89.92902,35.64648]},"properties":{"frp":4.87,"date":"2026-09-18","daynight":"D"}},{"type":"Feature","geometry":{"type":"Point","coordinates":[-89.92918,35.64771]},"properties":{"frp":6.39,"date":"2026-09-18","daynight":"D"}},{"type":"Feature","geometry":{"type":"Point","coordinates":[-88.72101,35.87803]},"properties":{"frp":12.74,"date":"2026-09-18","daynight":"D"}},{"type":"Feature","geometry":{"type":"Point","coordinates":[-88.71872,35.87919]},"properties":{"frp":15.93,"date":"2026-09-18","daynight":"D"}},{"type":"Feature","geometry":{"type":"Point","coordinates":[-88.716,35.87943]},"properties":{"frp":11.04,"date":"2026-09-18","daynight":"D"}},{"type":"Feature","geometry":{"type":"Point","coordinates":[-85.9689,36.03181]},"properties":{"frp":3.9,"date":"2026-09-18","daynight":"D"}},{"type":"Feature","geometry":{"type":"Point","coordinates":[-85.96558,36.03263]},"properties":{"frp":3.5,"date":"2026-09-18","daynight":"D"}},{"type":"Feature","geometry":{"type":"Point","coordinates":[-85.97029,36.03625]},"properties":{"frp":3.4,"date":"2026-09-18","daynight":"D"}},{"type":"Feature","geometry":{"type":"Point","coordinates":[-89.979,36.04262]},"properties":{"frp":6.98,"date":"2026-09-18","daynight":"D"}},{"type":"Feature","geometry":{"type":"Point","coordinates":[-90.41429,36.04297]},"properties":{"frp":13.48,"date":"2026-09-18","daynight":"D"}},{"type":"Feature","geometry":{"type":"Point","coordinates":[-90.42319,36.0439]},"properties":{"frp":34.29,"date":"2026-09-18","daynight":"D"}},{"type":"Feature","geometry":{"type":"Point","coordinates":[-89.9733,36.04425]},"properties":{"frp":6.68,"date":"2026-09-18","daynight":"D"}},{"type":"Feature","geometry":{"type":"Point","coordinates":[-90.41724,36.04567]},"properties":{"frp":34.29,"date":"2026-09-18","daynight":"D"}},{"type":"Feature","geometry":{"type":"Point","coordinates":[-90.42292,36.04726]},"properties":{"frp":32.33,"date":"2026-09-18","daynight":"D"}},{"type":"Feature","geometry":{"type":"Point","coordinates":[-90.41694,36.049]},"properties":{"frp":33.54,"date":"2026-09-18","daynight":"D"}},{"type":"Feature","geometry":{"type":"Point","coordinates":[-91.0061,36.10833]},"properties":{"frp":7.61,"date":"2026-09-18","daynight":"D"}},{"type":"Feature","geometry":{"type":"Point","coordinates":[-91.00426,36.10941]},"properties":{"frp":6.5,"date":"2026-09-18","daynight":"D"}},{"type":"Feature","geometry":{"type":"Point","coordinates":[-89.8877,36.56421]},"properties":{"frp":29.73,"date":"2026-09-18","daynight":"D"}},{"type":"Feature","geometry":{"type":"Point","coordinates":[-89.88895,36.56541]},"properties":{"frp":34.01,"date":"2026-09-18","daynight":"D"}},{"type":"Feature","geometry":{"type":"Point","coordinates":[-87.68282,36.61606]},"properties":{"frp":2.69,"date":"2026-09-18","daynight":"D"}},{"type":"Feature","geometry":{"type":"Point","coordinates":[-90.15927,36.719]},"properties":{"frp":8.58,"date":"2026-09-18","daynight":"D"}},{"type":"Feature","geometry":{"type":"Point","coordinates":[-87.6931,36.76037]},"properties":{"frp":3.39,"date":"2026-09-18","daynight":"D"}},{"type":"Feature","geometry":{"type":"Point","coordinates":[-87.68896,36.76146]},"properties":{"frp":3.39,"date":"2026-09-18","daynight":"D"}},{"type":"Feature","geometry":{"type":"Point","coordinates":[-89.1819,36.79215]},"properties":{"frp":47.11,"date":"2026-09-18","daynight":"D"}},{"type":"Feature","geometry":{"type":"Point","coordinates":[-89.1719,36.79495]},"properties":{"frp":91.29,"date":"2026-09-18","daynight":"D"}},{"type":"Feature","geometry":{"type":"Point","coordinates":[-89.1793,36.79915]},"properties":{"frp":16.07,"date":"2026-09-18","daynight":"D"}},{"type":"Feature","geometry":{"type":"Point","coordinates":[-89.40508,36.98604]},"properties":{"frp":9.41,"date":"2026-09-18","daynight":"D"}},{"type":"Feature","geometry":{"type":"Point","coordinates":[-89.41261,36.99024]},"properties":{"frp":9.41,"date":"2026-09-18","daynight":"D"}},{"type":"Feature","geometry":{"type":"Point","coordinates":[-89.40754,36.99166]},"properties":{"frp":9.41,"date":"2026-09-18","daynight":"D"}},{"type":"Feature","geometry":{"type":"Point","coordinates":[-77.44694,37.17922]},"properties":{"frp":4.65,"date":"2026-09-18","daynight":"D"}},{"type":"Feature","geometry":{"type":"Point","coordinates":[-81.20411,37.31268]},"properties":{"frp":3.54,"date":"2026-09-18","daynight":"D"}},{"type":"Feature","geometry":{"type":"Point","coordinates":[-90.1469,38.69279]},"properties":{"frp":6.69,"date":"2026-09-18","daynight":"D"}},{"type":"Feature","geometry":{"type":"Point","coordinates":[-75.63156,39.58949]},"properties":{"frp":2.26,"date":"2026-09-18","daynight":"D"}},{"type":"Feature","geometry":{"type":"Point","coordinates":[-84.04646,41.56676]},"properties":{"frp":10.35,"date":"2026-09-18","daynight":"D"}},{"type":"Feature","geometry":{"type":"Point","coordinates":[-84.04191,41.56775]},"properties":{"frp":7.19,"date":"2026-09-18","daynight":"D"}},{"type":"Feature","geometry":{"type":"Point","coordinates":[-87.13277,41.63571]},"properties":{"frp":9.54,"date":"2026-09-18","daynight":"D"}},{"type":"Feature","geometry":{"type":"Point","coordinates":[-79.79386,43.27378]},"properties":{"frp":1.7,"date":"2026-09-18","daynight":"D"}},{"type":"Feature","geometry":{"type":"Point","coordinates":[-74.52451,45.25058]},"properties":{"frp":1.58,"date":"2026-09-18","daynight":"D"}},{"type":"Feature","geometry":{"type":"Point","coordinates":[-74.52534,45.25412]},"properties":{"frp":27.65,"date":"2026-09-18","daynight":"D"}},{"type":"Feature","geometry":{"type":"Point","coordinates":[-74.73528,45.45966]},"properties":{"frp":2.57,"date":"2026-09-18","daynight":"D"}},{"type":"Feature","geometry":{"type":"Point","coordinates":[-99.9352,25.57666]},"properties":{"frp":14.66,"date":"2026-09-18","daynight":"D"}},{"type":"Feature","geometry":{"type":"Point","coordinates":[-99.45947,25.67281]},"properties":{"frp":3.54,"date":"2026-09-18","daynight":"D"}},{"type":"Feature","geometry":{"type":"Point","coordinates":[-95.12594,29.73993]},"properties":{"frp":1.67,"date":"2026-09-18","daynight":"D"}},{"type":"Feature","geometry":{"type":"Point","coordinates":[-94.46254,29.89695]},"properties":{"frp":4.54,"date":"2026-09-18","daynight":"D"}},{"type":"Feature","geometry":{"type":"Point","coordinates":[-94.45908,29.89729]},"properties":{"frp":8.85,"date":"2026-09-18","daynight":"D"}},{"type":"Feature","geometry":{"type":"Point","coordinates":[-94.45726,29.89756]},"properties":{"frp":4.54,"date":"2026-09-18","daynight":"D"}},{"type":"Feature","geometry":{"type":"Point","coordinates":[-89.5477,30.22678]},"properties":{"frp":3.24,"date":"2026-09-18","daynight":"D"}},{"type":"Feature","geometry":{"type":"Point","coordinates":[-89.54429,30.22706]},"properties":{"frp":3.24,"date":"2026-09-18","daynight":"D"}},{"type":"Feature","geometry":{"type":"Point","coordinates":[-94.61156,30.51779]},"properties":{"frp":14.39,"date":"2026-09-18","daynight":"D"}},{"type":"Feature","geometry":{"type":"Point","coordinates":[-94.60899,30.51801]},"properties":{"frp":11.95,"date":"2026-09-18","daynight":"D"}},{"type":"Feature","geometry":{"type":"Point","coordinates":[-88.84429,30.54121]},"properties":{"frp":7.89,"date":"2026-09-18","daynight":"D"}},{"type":"Feature","geometry":{"type":"Point","coordinates":[-88.84493,30.54234]},"properties":{"frp":7.27,"date":"2026-09-18","daynight":"D"}},{"type":"Feature","geometry":{"type":"Point","coordinates":[-88.84111,30.54264]},"properties":{"frp":6.27,"date":"2026-09-18","daynight":"D"}},{"type":"Feature","geometry":{"type":"Point","coordinates":[-90.8152,30.54273]},"properties":{"frp":4.62,"date":"2026-09-18","daynight":"D"}},{"type":"Feature","geometry":{"type":"Point","coordinates":[-86.94427,30.66049]},"properties":{"frp":2.28,"date":"2026-09-18","daynight":"D"}},{"type":"Feature","geometry":{"type":"Point","coordinates":[-91.30502,30.72479]},"properties":{"frp":5.18,"date":"2026-09-18","daynight":"D"}},{"type":"Feature","geometry":{"type":"Point","coordinates":[-89.95937,30.80944]},"properties":{"frp":71.3,"date":"2026-09-18","daynight":"D"}},{"type":"Feature","geometry":{"type":"Point","coordinates":[-89.96653,30.81388]},"properties":{"frp":71.3,"date":"2026-09-18","daynight":"D"}},{"type":"Feature","geometry":{"type":"Point","coordinates":[-93.28167,30.8208]},"properties":{"frp":3.5,"date":"2026-09-18","daynight":"D"}},{"type":"Feature","geometry":{"type":"Point","coordinates":[-83.90334,30.90587]},"properties":{"frp":10.86,"date":"2026-09-18","daynight":"D"}},{"type":"Feature","geometry":{"type":"Point","coordinates":[-83.8957,30.90613]},"properties":{"frp":13.26,"date":"2026-09-18","daynight":"D"}},{"type":"Feature","geometry":{"type":"Point","coordinates":[-83.90237,30.90784]},"properties":{"frp":8.25,"date":"2026-09-18","daynight":"D"}},{"type":"Feature","geometry":{"type":"Point","coordinates":[-83.89474,30.90814]},"properties":{"frp":8.25,"date":"2026-09-18","daynight":"D"}},{"type":"Feature","geometry":{"type":"Point","coordinates":[-88.01123,30.93711]},"properties":{"frp":4.98,"date":"2026-09-18","daynight":"D"}},{"type":"Feature","geometry":{"type":"Point","coordinates":[-92.81382,31.03659]},"properties":{"frp":17.56,"date":"2026-09-18","daynight":"D"}},{"type":"Feature","geometry":{"type":"Point","coordinates":[-92.81664,31.03701]},"properties":{"frp":33.52,"date":"2026-09-18","daynight":"D"}},{"type":"Feature","geometry":{"type":"Point","coordinates":[-92.81216,31.03746]},"properties":{"frp":12.62,"date":"2026-09-18","daynight":"D"}},{"type":"Feature","geometry":{"type":"Point","coordinates":[-92.81441,31.04078]},"properties":{"frp":36.29,"date":"2026-09-18","daynight":"D"}},{"type":"Feature","geometry":{"type":"Point","coordinates":[-92.81725,31.0412]},"properties":{"frp":33.52,"date":"2026-09-18","daynight":"D"}},{"type":"Feature","geometry":{"type":"Point","coordinates":[-92.81274,31.04166]},"properties":{"frp":12.62,"date":"2026-09-18","daynight":"D"}},{"type":"Feature","geometry":{"type":"Point","coordinates":[-92.81952,31.0445]},"properties":{"frp":18.9,"date":"2026-09-18","daynight":"D"}},{"type":"Feature","geometry":{"type":"Point","coordinates":[-92.815,31.04498]},"properties":{"frp":36.29,"date":"2026-09-18","daynight":"D"}},{"type":"Feature","geometry":{"type":"Point","coordinates":[-92.81335,31.04585]},"properties":{"frp":19.63,"date":"2026-09-18","daynight":"D"}},{"type":"Feature","geometry":{"type":"Point","coordinates":[-92.81396,31.05005]},"properties":{"frp":19.63,"date":"2026-09-18","daynight":"D"}},{"type":"Feature","geometry":{"type":"Point","coordinates":[-87.98534,31.14609]},"properties":{"frp":6.67,"date":"2026-09-18","daynight":"D"}},{"type":"Feature","geometry":{"type":"Point","coordinates":[-87.98528,31.14954]},"properties":{"frp":7.57,"date":"2026-09-18","daynight":"D"}},{"type":"Feature","geometry":{"type":"Point","coordinates":[-96.16862,31.35111]},"properties":{"frp":9.9,"date":"2026-09-18","daynight":"D"}},{"type":"Feature","geometry":{"type":"Point","coordinates":[-88.32191,31.42151]},"properties":{"frp":5.67,"date":"2026-09-18","daynight":"D"}},{"type":"Feature","geometry":{"type":"Point","coordinates":[-88.31927,31.42186]},"properties":{"frp":5.0,"date":"2026-09-18","daynight":"D"}},{"type":"Feature","geometry":{"type":"Point","coordinates":[-88.32234,31.42705]},"properties":{"frp":5.08,"date":"2026-09-18","daynight":"D"}},{"type":"Feature","geometry":{"type":"Point","coordinates":[-88.31969,31.4274]},"properties":{"frp":5.0,"date":"2026-09-18","daynight":"D"}},{"type":"Feature","geometry":{"type":"Point","coordinates":[-85.44278,31.64734]},"properties":{"frp":15.86,"date":"2026-09-18","daynight":"D"}},{"type":"Feature","geometry":{"type":"Point","coordinates":[-86.24438,31.95932]},"properties":{"frp":11.55,"date":"2026-09-18","daynight":"D"}},{"type":"Feature","geometry":{"type":"Point","coordinates":[-86.25142,31.96334]},"properties":{"frp":16.41,"date":"2026-09-18","daynight":"D"}},{"type":"Feature","geometry":{"type":"Point","coordinates":[-86.24555,31.96362]},"properties":{"frp":31.99,"date":"2026-09-18","daynight":"D"}},{"type":"Feature","geometry":{"type":"Point","coordinates":[-86.25067,31.96525]},"properties":{"frp":11.55,"date":"2026-09-18","daynight":"D"}},{"type":"Feature","geometry":{"type":"Point","coordinates":[-86.24483,31.96556]},"properties":{"frp":11.55,"date":"2026-09-18","daynight":"D"}},{"type":"Feature","geometry":{"type":"Point","coordinates":[-87.22424,32.07802]},"properties":{"frp":9.93,"date":"2026-09-18","daynight":"D"}},{"type":"Feature","geometry":{"type":"Point","coordinates":[-86.07053,32.13311]},"properties":{"frp":4.81,"date":"2026-09-18","daynight":"D"}},{"type":"Feature","geometry":{"type":"Point","coordinates":[-93.38876,32.13778]},"properties":{"frp":5.87,"date":"2026-09-18","daynight":"D"}},{"type":"Feature","geometry":{"type":"Point","coordinates":[-90.01836,32.25917]},"properties":{"frp":4.91,"date":"2026-09-18","daynight":"D"}},{"type":"Feature","geometry":{"type":"Point","coordinates":[-90.0206,32.25989]},"properties":{"frp":2.42,"date":"2026-09-18","daynight":"D"}},{"type":"Feature","geometry":{"type":"Point","coordinates":[-90.01722,32.26017]},"properties":{"frp":2.42,"date":"2026-09-18","daynight":"D"}},{"type":"Feature","geometry":{"type":"Point","coordinates":[-90.36068,32.40402]},"properties":{"frp":4.99,"date":"2026-09-18","daynight":"D"}},{"type":"Feature","geometry":{"type":"Point","coordinates":[-90.38863,32.4167]},"properties":{"frp":7.84,"date":"2026-09-18","daynight":"D"}},{"type":"Feature","geometry":{"type":"Point","coordinates":[-92.26265,32.46176]},"properties":{"frp":7.33,"date":"2026-09-18","daynight":"D"}},{"type":"Feature","geometry":{"type":"Point","coordinates":[-91.48177,32.5522]},"properties":{"frp":9.46,"date":"2026-09-18","daynight":"D"}},{"type":"Feature","geometry":{"type":"Point","coordinates":[-91.47963,32.55375]},"properties":{"frp":6.47,"date":"2026-09-18","daynight":"D"}},{"type":"Feature","geometry":{"type":"Point","coordinates":[-91.48235,32.55683]},"properties":{"frp":6.97,"date":"2026-09-18","daynight":"D"}},{"type":"Feature","geometry":{"type":"Point","coordinates":[-91.48018,32.55839]},"properties":{"frp":6.47,"date":"2026-09-18","daynight":"D"}},{"type":"Feature","geometry":{"type":"Point","coordinates":[-93.68576,32.88104]},"properties":{"frp":7.07,"date":"2026-09-18","daynight":"D"}},{"type":"Feature","geometry":{"type":"Point","coordinates":[-93.68295,32.88188]},"properties":{"frp":4.43,"date":"2026-09-18","daynight":"D"}},{"type":"Feature","geometry":{"type":"Point","coordinates":[-91.67328,32.90182]},"properties":{"frp":5.23,"date":"2026-09-18","daynight":"D"}},{"type":"Feature","geometry":{"type":"Point","coordinates":[-91.67383,32.90643]},"properties":{"frp":4.46,"date":"2026-09-18","daynight":"D"}},{"type":"Feature","geometry":{"type":"Point","coordinates":[-87.84953,32.97544]},"properties":{"frp":18.91,"date":"2026-09-18","daynight":"D"}},{"type":"Feature","geometry":{"type":"Point","coordinates":[-87.85471,32.98093]},"properties":{"frp":26.81,"date":"2026-09-18","daynight":"D"}},{"type":"Feature","geometry":{"type":"Point","coordinates":[-87.85001,32.98121]},"properties":{"frp":18.91,"date":"2026-09-18","daynight":"D"}},{"type":"Feature","geometry":{"type":"Point","coordinates":[-91.39141,33.08702]},"properties":{"frp":5.74,"date":"2026-09-18","daynight":"D"}},{"type":"Feature","geometry":{"type":"Point","coordinates":[-91.3904,33.08958]},"properties":{"frp":18.58,"date":"2026-09-18","daynight":"D"}},{"type":"Feature","geometry":{"type":"Point","coordinates":[-91.39194,33.09171]},"properties":{"frp":5.74,"date":"2026-09-18","daynight":"D"}},{"type":"Feature","geometry":{"type":"Point","coordinates":[-87.29438,33.13535]},"properties":{"frp":3.67,"date":"2026-09-18","daynight":"D"}},{"type":"Feature","geometry":{"type":"Point","coordinates":[-87.28927,33.13563]},"properties":{"frp":3.67,"date":"2026-09-18","daynight":"D"}},{"type":"Feature","geometry":{"type":"Point","coordinates":[-91.39481,33.34211]},"properties":{"frp":11.27,"date":"2026-09-18","daynight":"D"}},{"type":"Feature","geometry":{"type":"Point","coordinates":[-91.39536,33.34681]},"properties":{"frp":7.47,"date":"2026-09-18","daynight":"D"}},{"type":"Feature","geometry":{"type":"Point","coordinates":[-91.37974,33.41948]},"properties":{"frp":17.03,"date":"2026-09-18","daynight":"D"}},{"type":"Feature","geometry":{"type":"Point","coordinates":[-91.37379,33.42]},"properties":{"frp":7.49,"date":"2026-09-18","daynight":"D"}},{"type":"Feature","geometry":{"type":"Point","coordinates":[-91.36783,33.42053]},"properties":{"frp":7.49,"date":"2026-09-18","daynight":"D"}},{"type":"Feature","geometry":{"type":"Point","coordinates":[-91.38358,33.42073]},"properties":{"frp":20.96,"date":"2026-09-18","daynight":"D"}},{"type":"Feature","geometry":{"type":"Point","coordinates":[-91.37762,33.42122]},"properties":{"frp":20.96,"date":"2026-09-18","daynight":"D"}},{"type":"Feature","geometry":{"type":"Point","coordinates":[-91.37166,33.42171]},"properties":{"frp":20.02,"date":"2026-09-18","daynight":"D"}},{"type":"Feature","geometry":{"type":"Point","coordinates":[-91.38028,33.42419]},"properties":{"frp":13.37,"date":"2026-09-18","daynight":"D"}},{"type":"Feature","geometry":{"type":"Point","coordinates":[-91.37433,33.42472]},"properties":{"frp":8.46,"date":"2026-09-18","daynight":"D"}},{"type":"Feature","geometry":{"type":"Point","coordinates":[-91.39261,33.54068]},"properties":{"frp":4.1,"date":"2026-09-18","daynight":"D"}},{"type":"Feature","geometry":{"type":"Point","coordinates":[-91.03604,33.61327]},"properties":{"frp":5.05,"date":"2026-09-18","daynight":"D"}},{"type":"Feature","geometry":{"type":"Point","coordinates":[-83.52302,33.82382]},"properties":{"frp":7.17,"date":"2026-09-18","daynight":"D"}},{"type":"Feature","geometry":{"type":"Point","coordinates":[-83.52773,33.8249]},"properties":{"frp":8.16,"date":"2026-09-18","daynight":"D"}},{"type":"Feature","geometry":{"type":"Point","coordinates":[-90.98189,34.09463]},"properties":{"frp":5.74,"date":"2026-09-18","daynight":"D"}},{"type":"Feature","geometry":{"type":"Point","coordinates":[-91.51886,34.36022]},"properties":{"frp":11.15,"date":"2026-09-18","daynight":"D"}},{"type":"Feature","geometry":{"type":"Point","coordinates":[-91.51559,34.36195]},"properties":{"frp":6.6,"date":"2026-09-18","daynight":"D"}},{"type":"Feature","geometry":{"type":"Point","coordinates":[-91.52545,34.36443]},"properties":{"frp":5.36,"date":"2026-09-18","daynight":"D"}},{"type":"Feature","geometry":{"type":"Point","coordinates":[-91.52219,34.36619]},"properties":{"frp":10.83,"date":"2026-09-18","daynight":"D"}},{"type":"Feature","geometry":{"type":"Point","coordinates":[-90.93651,34.37925]},"properties":{"frp":110.38,"date":"2026-09-18","daynight":"D"}},{"type":"Feature","geometry":{"type":"Point","coordinates":[-90.93755,34.38903]},"properties":{"frp":68.69,"date":"2026-09-18","daynight":"D"}},{"type":"Feature","geometry":{"type":"Point","coordinates":[-90.93808,34.39393]},"properties":{"frp":68.69,"date":"2026-09-18","daynight":"D"}},{"type":"Feature","geometry":{"type":"Point","coordinates":[-90.94058,34.39634]},"properties":{"frp":31.35,"date":"2026-09-18","daynight":"D"}},{"type":"Feature","geometry":{"type":"Point","coordinates":[-90.93402,34.39683]},"properties":{"frp":21.44,"date":"2026-09-18","daynight":"D"}},{"type":"Feature","geometry":{"type":"Point","coordinates":[-90.9386,34.39882]},"properties":{"frp":20.39,"date":"2026-09-18","daynight":"D"}},{"type":"Feature","geometry":{"type":"Point","coordinates":[-91.37451,34.42598]},"properties":{"frp":14.15,"date":"2026-09-18","daynight":"D"}},{"type":"Feature","geometry":{"type":"Point","coordinates":[-91.36831,34.42649]},"properties":{"frp":14.15,"date":"2026-09-18","daynight":"D"}},{"type":"Feature","geometry":{"type":"Point","coordinates":[-91.36885,34.43126]},"properties":{"frp":9.32,"date":"2026-09-18","daynight":"D"}},{"type":"Feature","geometry":{"type":"Point","coordinates":[-90.83302,34.44892]},"properties":{"frp":10.92,"date":"2026-09-18","daynight":"D"}},{"type":"Feature","geometry":{"type":"Point","coordinates":[-91.56384,34.46283]},"properties":{"frp":4.94,"date":"2026-09-18","daynight":"D"}},{"type":"Feature","geometry":{"type":"Point","coordinates":[-91.56602,34.46409]},"properties":{"frp":4.39,"date":"2026-09-18","daynight":"D"}},{"type":"Feature","geometry":{"type":"Point","coordinates":[-91.79631,34.5302]},"properties":{"frp":3.51,"date":"2026-09-18","daynight":"D"}},{"type":"Feature","geometry":{"type":"Point","coordinates":[-90.22973,34.77166]},"properties":{"frp":20.6,"date":"2026-09-18","daynight":"D"}},{"type":"Feature","geometry":{"type":"Point","coordinates":[-90.22609,34.77193]},"properties":{"frp":20.6,"date":"2026-09-18","daynight":"D"}},{"type":"Feature","geometry":{"type":"Point","coordinates":[-90.22243,34.7722]},"properties":{"frp":17.23,"date":"2026-09-18","daynight":"D"}},{"type":"Feature","geometry":{"type":"Point","coordinates":[-90.21879,34.77246]},"properties":{"frp":17.23,"date":"2026-09-18","daynight":"D"}},{"type":"Feature","geometry":{"type":"Point","coordinates":[-90.22725,34.77443]},"properties":{"frp":25.84,"date":"2026-09-18","daynight":"D"}},{"type":"Feature","geometry":{"type":"Point","coordinates":[-90.2236,34.77468]},"properties":{"frp":13.39,"date":"2026-09-18","daynight":"D"}},{"type":"Feature","geometry":{"type":"Point","coordinates":[-90.21996,34.77492]},"properties":{"frp":13.39,"date":"2026-09-18","daynight":"D"}},{"type":"Feature","geometry":{"type":"Point","coordinates":[-84.81583,34.83778]},"properties":{"frp":3.38,"date":"2026-09-18","daynight":"D"}},{"type":"Feature","geometry":{"type":"Point","coordinates":[-84.81703,34.83821]},"properties":{"frp":4.94,"date":"2026-09-18","daynight":"D"}},{"type":"Feature","geometry":{"type":"Point","coordinates":[-89.68221,34.90573]},"properties":{"frp":2.22,"date":"2026-09-18","daynight":"D"}},{"type":"Feature","geometry":{"type":"Point","coordinates":[-90.96902,35.14926]},"properties":{"frp":7.26,"date":"2026-09-18","daynight":"D"}},{"type":"Feature","geometry":{"type":"Point","coordinates":[-90.97058,35.15089]},"properties":{"frp":8.16,"date":"2026-09-18","daynight":"D"}},{"type":"Feature","geometry":{"type":"Point","coordinates":[-90.50085,35.21973]},"properties":{"frp":10.56,"date":"2026-09-18","daynight":"D"}},{"type":"Feature","geometry":{"type":"Point","coordinates":[-90.49726,35.21998]},"properties":{"frp":18.7,"date":"2026-09-18","daynight":"D"}},{"type":"Feature","geometry":{"type":"Point","coordinates":[-90.50135,35.2248]},"properties":{"frp":10.56,"date":"2026-09-18","daynight":"D"}},{"type":"Feature","geometry":{"type":"Point","coordinates":[-90.49776,35.22505]},"properties":{"frp":18.7,"date":"2026-09-18","daynight":"D"}},{"type":"Feature","geometry":{"type":"Point","coordinates":[-93.4187,35.3032]},"properties":{"frp":10.41,"date":"2026-09-18","daynight":"D"}},{"type":"Feature","geometry":{"type":"Point","coordinates":[-93.4139,35.30365]},"properties":{"frp":10.41,"date":"2026-09-18","daynight":"D"}},{"type":"Feature","geometry":{"type":"Point","coordinates":[-93.41935,35.30747]},"properties":{"frp":47.16,"date":"2026-09-18","daynight":"D"}},{"type":"Feature","geometry":{"type":"Point","coordinates":[-93.41458,35.30792]},"properties":{"frp":47.16,"date":"2026-09-18","daynight":"D"}},{"type":"Feature","geometry":{"type":"Point","coordinates":[-90.53934,35.3892]},"properties":{"frp":3.1,"date":"2026-09-18","daynight":"D"}},{"type":"Feature","geometry":{"type":"Point","coordinates":[-90.53576,35.38947]},"properties":{"frp":4.72,"date":"2026-09-18","daynight":"D"}},{"type":"Feature","geometry":{"type":"Point","coordinates":[-90.53716,35.39318]},"properties":{"frp":14.41,"date":"2026-09-18","daynight":"D"}},{"type":"Feature","geometry":{"type":"Point","coordinates":[-90.53357,35.39342]},"properties":{"frp":14.41,"date":"2026-09-18","daynight":"D"}},{"type":"Feature","geometry":{"type":"Point","coordinates":[-90.52998,35.39367]},"properties":{"frp":12.7,"date":"2026-09-18","daynight":"D"}},{"type":"Feature","geometry":{"type":"Point","coordinates":[-90.53626,35.39453]},"properties":{"frp":13.72,"date":"2026-09-18","daynight":"D"}},{"type":"Feature","geometry":{"type":"Point","coordinates":[-90.53268,35.39479]},"properties":{"frp":13.72,"date":"2026-09-18","daynight":"D"}},{"type":"Feature","geometry":{"type":"Point","coordinates":[-90.52911,35.39507]},"properties":{"frp":8.66,"date":"2026-09-18","daynight":"D"}},{"type":"Feature","geometry":{"type":"Point","coordinates":[-90.54127,35.398]},"properties":{"frp":4.25,"date":"2026-09-18","daynight":"D"}},{"type":"Feature","geometry":{"type":"Point","coordinates":[-90.53767,35.39824]},"properties":{"frp":7.02,"date":"2026-09-18","daynight":"D"}},{"type":"Feature","geometry":{"type":"Point","coordinates":[-90.54392,35.39906]},"properties":{"frp":6.3,"date":"2026-09-18","daynight":"D"}},{"type":"Feature","geometry":{"type":"Point","coordinates":[-90.54034,35.39932]},"properties":{"frp":6.3,"date":"2026-09-18","daynight":"D"}},{"type":"Feature","geometry":{"type":"Point","coordinates":[-90.59843,35.52036]},"properties":{"frp":11.04,"date":"2026-09-18","daynight":"D"}},{"type":"Feature","geometry":{"type":"Point","coordinates":[-90.59485,35.52061]},"properties":{"frp":13.32,"date":"2026-09-18","daynight":"D"}},{"type":"Feature","geometry":{"type":"Point","coordinates":[-90.59129,35.52086]},"properties":{"frp":13.32,"date":"2026-09-18","daynight":"D"}},{"type":"Feature","geometry":{"type":"Point","coordinates":[-89.94476,35.60641]},"properties":{"frp":4.76,"date":"2026-09-18","daynight":"D"}},{"type":"Feature","geometry":{"type":"Point","coordinates":[-109.96417,34.32103]},"properties":{"frp":6.64,"date":"2026-09-18","daynight":"D"}},{"type":"Feature","geometry":{"type":"Point","coordinates":[-92.66254,35.48307]},"properties":{"frp":4.39,"date":"2026-09-18","daynight":"D"}},{"type":"Feature","geometry":{"type":"Point","coordinates":[-91.37647,35.59392]},"properties":{"frp":12.55,"date":"2026-09-18","daynight":"D"}},{"type":"Feature","geometry":{"type":"Point","coordinates":[-88.72102,35.87519]},"properties":{"frp":10.54,"date":"2026-09-18","daynight":"D"}},{"type":"Feature","geometry":{"type":"Point","coordinates":[-88.72144,35.88082]},"properties":{"frp":8.02,"date":"2026-09-18","daynight":"D"}},{"type":"Feature","geometry":{"type":"Point","coordinates":[-89.71246,35.93282]},"properties":{"frp":4.24,"date":"2026-09-18","daynight":"D"}},{"type":"Feature","geometry":{"type":"Point","coordinates":[-85.96948,36.0333]},"properties":{"frp":8.37,"date":"2026-09-18","daynight":"D"}},{"type":"Feature","geometry":{"type":"Point","coordinates":[-85.96744,36.03401]},"properties":{"frp":5.57,"date":"2026-09-18","daynight":"D"}},{"type":"Feature","geometry":{"type":"Point","coordinates":[-89.97575,36.04272]},"properties":{"frp":2.9,"date":"2026-09-18","daynight":"D"}},{"type":"Feature","geometry":{"type":"Point","coordinates":[-89.9688,36.05377]},"properties":{"frp":3.87,"date":"2026-09-18","daynight":"D"}},{"type":"Feature","geometry":{"type":"Point","coordinates":[-89.91628,36.15744]},"properties":{"frp":13.02,"date":"2026-09-18","daynight":"D"}},{"type":"Feature","geometry":{"type":"Point","coordinates":[-89.92075,36.16246]},"properties":{"frp":13.02,"date":"2026-09-18","daynight":"D"}},{"type":"Feature","geometry":{"type":"Point","coordinates":[-89.91676,36.16273]},"properties":{"frp":13.02,"date":"2026-09-18","daynight":"D"}},{"type":"Feature","geometry":{"type":"Point","coordinates":[-89.9242,36.16694]},"properties":{"frp":4.26,"date":"2026-09-18","daynight":"D"}},{"type":"Feature","geometry":{"type":"Point","coordinates":[-89.92522,36.16748]},"properties":{"frp":4.7,"date":"2026-09-18","daynight":"D"}},{"type":"Feature","geometry":{"type":"Point","coordinates":[-89.79878,36.21722]},"properties":{"frp":5.82,"date":"2026-09-18","daynight":"D"}},{"type":"Feature","geometry":{"type":"Point","coordinates":[-89.80334,36.22229]},"properties":{"frp":5.82,"date":"2026-09-18","daynight":"D"}},{"type":"Feature","geometry":{"type":"Point","coordinates":[-89.92632,36.27749]},"properties":{"frp":4.48,"date":"2026-09-18","daynight":"D"}},{"type":"Feature","geometry":{"type":"Point","coordinates":[-89.92616,36.27844]},"properties":{"frp":4.27,"date":"2026-09-18","daynight":"D"}},{"type":"Feature","geometry":{"type":"Point","coordinates":[-89.92679,36.28278]},"properties":{"frp":3.52,"date":"2026-09-18","daynight":"D"}},{"type":"Feature","geometry":{"type":"Point","coordinates":[-89.92662,36.28373]},"properties":{"frp":6.16,"date":"2026-09-18","daynight":"D"}},{"type":"Feature","geometry":{"type":"Point","coordinates":[-89.66265,36.43092]},"properties":{"frp":5.13,"date":"2026-09-18","daynight":"D"}},{"type":"Feature","geometry":{"type":"Point","coordinates":[-89.88547,36.56028]},"properties":{"frp":12.89,"date":"2026-09-18","daynight":"D"}},{"type":"Feature","geometry":{"type":"Point","coordinates":[-89.88139,36.56054]},"properties":{"frp":15.52,"date":"2026-09-18","daynight":"D"}},{"type":"Feature","geometry":{"type":"Point","coordinates":[-87.68106,36.6123]},"properties":{"frp":4.46,"date":"2026-09-18","daynight":"D"}},{"type":"Feature","geometry":{"type":"Point","coordinates":[-87.67823,36.61609]},"properties":{"frp":4.15,"date":"2026-09-18","daynight":"D"}},{"type":"Feature","geometry":{"type":"Point","coordinates":[-90.17134,36.71631]},"properties":{"frp":1.92,"date":"2026-09-18","daynight":"D"}},{"type":"Feature","geometry":{"type":"Point","coordinates":[-90.17183,36.72155]},"properties":{"frp":22.18,"date":"2026-09-18","daynight":"D"}},{"type":"Feature","geometry":{"type":"Point","coordinates":[-90.1679,36.72179]},"properties":{"frp":22.18,"date":"2026-09-18","daynight":"D"}},{"type":"Feature","geometry":{"type":"Point","coordinates":[-89.76802,37.09486]},"properties":{"frp":30.39,"date":"2026-09-18","daynight":"D"}},{"type":"Feature","geometry":{"type":"Point","coordinates":[-89.76387,37.0951]},"properties":{"frp":30.39,"date":"2026-09-18","daynight":"D"}},{"type":"Feature","geometry":{"type":"Point","coordinates":[-89.75503,37.09563]},"properties":{"frp":80.31,"date":"2026-09-18","daynight":"D"}},{"type":"Feature","geometry":{"type":"Point","coordinates":[-89.76821,37.10025]},"properties":{"frp":30.39,"date":"2026-09-18","daynight":"D"}},{"type":"Feature","geometry":{"type":"Point","coordinates":[-89.76401,37.1005]},"properties":{"frp":30.39,"date":"2026-09-18","daynight":"D"}},{"type":"Feature","geometry":{"type":"Point","coordinates":[-89.75537,37.10102]},"properties":{"frp":80.31,"date":"2026-09-18","daynight":"D"}},{"type":"Feature","geometry":{"type":"Point","coordinates":[-89.7048,37.18764]},"properties":{"frp":9.95,"date":"2026-09-18","daynight":"D"}},{"type":"Feature","geometry":{"type":"Point","coordinates":[-89.70052,37.18789]},"properties":{"frp":9.92,"date":"2026-09-18","daynight":"D"}},{"type":"Feature","geometry":{"type":"Point","coordinates":[-89.69623,37.18814]},"properties":{"frp":9.92,"date":"2026-09-18","daynight":"D"}},{"type":"Feature","geometry":{"type":"Point","coordinates":[-89.69669,37.19354]},"properties":{"frp":94.02,"date":"2026-09-18","daynight":"D"}},{"type":"Feature","geometry":{"type":"Point","coordinates":[-89.69242,37.19379]},"properties":{"frp":10.94,"date":"2026-09-18","daynight":"D"}},{"type":"Feature","geometry":{"type":"Point","coordinates":[-89.7057,37.19844]},"properties":{"frp":85.05,"date":"2026-09-18","daynight":"D"}},{"type":"Feature","geometry":{"type":"Point","coordinates":[-89.70142,37.19869]},"properties":{"frp":94.02,"date":"2026-09-18","daynight":"D"}},{"type":"Feature","geometry":{"type":"Point","coordinates":[-89.69714,37.19894]},"properties":{"frp":94.02,"date":"2026-09-18","daynight":"D"}},{"type":"Feature","geometry":{"type":"Point","coordinates":[-95.05476,38.41241]},"properties":{"frp":3.25,"date":"2026-09-18","daynight":"D"}},{"type":"Feature","geometry":{"type":"Point","coordinates":[-95.05415,38.41644]},"properties":{"frp":8.38,"date":"2026-09-18","daynight":"D"}},{"type":"Feature","geometry":{"type":"Point","coordinates":[-90.12736,38.69199]},"properties":{"frp":3.68,"date":"2026-09-18","daynight":"D"}},{"type":"Feature","geometry":{"type":"Point","coordinates":[-90.13251,38.69508]},"properties":{"frp":4.96,"date":"2026-09-18","daynight":"D"}},{"type":"Feature","geometry":{"type":"Point","coordinates":[-90.12824,38.6953]},"properties":{"frp":4.44,"date":"2026-09-18","daynight":"D"}},{"type":"Feature","geometry":{"type":"Point","coordinates":[-95.21605,39.65258]},"properties":{"frp":7.3,"date":"2026-09-18","daynight":"D"}},{"type":"Feature","geometry":{"type":"Point","coordinates":[-95.21131,39.65303]},"properties":{"frp":7.3,"date":"2026-09-18","daynight":"D"}},{"type":"Feature","geometry":{"type":"Point","coordinates":[-95.21194,39.65713]},"properties":{"frp":7.3,"date":"2026-09-18","daynight":"D"}},{"type":"Feature","geometry":{"type":"Point","coordinates":[-95.2072,39.65759]},"properties":{"frp":5.02,"date":"2026-09-18","daynight":"D"}},{"type":"Feature","geometry":{"type":"Point","coordinates":[-95.1983,39.6626]},"properties":{"frp":7.23,"date":"2026-09-18","daynight":"D"}},{"type":"Feature","geometry":{"type":"Point","coordinates":[-107.59568,43.27949]},"properties":{"frp":4.99,"date":"2026-09-18","daynight":"D"}},{"type":"Feature","geometry":{"type":"Point","coordinates":[-108.42121,44.47144]},"properties":{"frp":10.03,"date":"2026-09-18","daynight":"D"}},{"type":"Feature","geometry":{"type":"Point","coordinates":[-108.41547,44.47257]},"properties":{"frp":10.03,"date":"2026-09-18","daynight":"D"}},{"type":"Feature","geometry":{"type":"Point","coordinates":[-116.181,46.04647]},"properties":{"frp":3.94,"date":"2026-09-18","daynight":"D"}},{"type":"Feature","geometry":{"type":"Point","coordinates":[-116.1795,46.10551]},"properties":{"frp":74.13,"date":"2026-09-18","daynight":"D"}},{"type":"Feature","geometry":{"type":"Point","coordinates":[-116.17224,46.10744]},"properties":{"frp":23.95,"date":"2026-09-18","daynight":"D"}},{"type":"Feature","geometry":{"type":"Point","coordinates":[-99.093,48.40192]},"properties":{"frp":14.39,"date":"2026-09-18","daynight":"D"}},{"type":"Feature","geometry":{"type":"Point","coordinates":[-99.09385,48.40571]},"properties":{"frp":7.34,"date":"2026-09-18","daynight":"D"}},{"type":"Feature","geometry":{"type":"Point","coordinates":[-116.17303,46.10958]},"properties":{"frp":155.67,"date":"2026-09-18","daynight":"D"}},{"type":"Feature","geometry":{"type":"Point","coordinates":[-116.18282,46.11225]},"properties":{"frp":155.67,"date":"2026-09-18","daynight":"D"}},{"type":"Feature","geometry":{"type":"Point","coordinates":[-116.44456,46.39566]},"properties":{"frp":16.5,"date":"2026-09-18","daynight":"D"}},{"type":"Feature","geometry":{"type":"Point","coordinates":[-116.43709,46.39769]},"properties":{"frp":17.2,"date":"2026-09-18","daynight":"D"}},{"type":"Feature","geometry":{"type":"Point","coordinates":[-120.79666,48.36641]},"properties":{"frp":9.79,"date":"2026-09-18","daynight":"D"}}]}