{"type":"FeatureCollection","features":[{"type":"Feature","geometry":{"type":"Point","coordinates":[-74.22472,40.63511]},"properties":{"frp":1.9,"date":"2026-09-09","daynight":"N"}},{"type":"Feature","geometry":{"type":"Point","coordinates":[-66.0195,45.28212]},"properties":{"frp":0.74,"date":"2026-09-09","daynight":"N"}},{"type":"Feature","geometry":{"type":"Point","coordinates":[-77.17032,39.55851]},"properties":{"frp":0.93,"date":"2026-09-09","daynight":"N"}},{"type":"Feature","geometry":{"type":"Point","coordinates":[-77.1691,39.56221]},"properties":{"frp":0.93,"date":"2026-09-09","daynight":"N"}},{"type":"Feature","geometry":{"type":"Point","coordinates":[-77.1699,39.56226]},"properties":{"frp":1.47,"date":"2026-09-09","daynight":"N"}},{"type":"Feature","geometry":{"type":"Point","coordinates":[-75.63618,39.59036]},"properties":{"frp":1.24,"date":"2026-09-09","daynight":"N"}},{"type":"Feature","geometry":{"type":"Point","coordinates":[-76.81551,39.93864]},"properties":{"frp":1.55,"date":"2026-09-09","daynight":"N"}},{"type":"Feature","geometry":{"type":"Point","coordinates":[-76.81582,39.93958]},"properties":{"frp":1.69,"date":"2026-09-09","daynight":"N"}},{"type":"Feature","geometry":{"type":"Point","coordinates":[-74.76949,40.15178]},"properties":{"frp":0.58,"date":"2026-09-09","daynight":"N"}},{"type":"Feature","geometry":{"type":"Point","coordinates":[-74.11972,40.23759]},"properties":{"frp":0.35,"date":"2026-09-09","daynight":"N"}},{"type":"Feature","geometry":{"type":"Point","coordinates":[-79.84991,40.39312]},"properties":{"frp":2.41,"date":"2026-09-09","daynight":"N"}},{"type":"Feature","geometry":{"type":"Point","coordinates":[-79.85461,40.39395]},"properties":{"frp":2.41,"date":"2026-09-09","daynight":"N"}},{"type":"Feature","geometry":{"type":"Point","coordinates":[-79.85931,40.39478]},"properties":{"frp":0.89,"date":"2026-09-09","daynight":"N"}},{"type":"Feature","geometry":{"type":"Point","coordinates":[-74.21805,40.63507]},"properties":{"frp":1.35,"date":"2026-09-09","daynight":"N"}},{"type":"Feature","geometry":{"type":"Point","coordinates":[-74.22308,40.63622]},"properties":{"frp":2.05,"date":"2026-09-09","daynight":"N"}},{"type":"Feature","geometry":{"type":"Point","coordinates":[-84.12699,40.71952]},"properties":{"frp":9.81,"date":"2026-09-09","daynight":"N"}},{"type":"Feature","geometry":{"type":"Point","coordinates":[-84.12617,40.7229]},"properties":{"frp":9.81,"date":"2026-09-09","daynight":"N"}},{"type":"Feature","geometry":{"type":"Point","coordinates":[-77.71236,40.89043]},"properties":{"frp":1.48,"date":"2026-09-09","daynight":"N"}},{"type":"Feature","geometry":{"type":"Point","coordinates":[-77.71114,40.89396]},"properties":{"frp":1.48,"date":"2026-09-09","daynight":"N"}},{"type":"Feature","geometry":{"type":"Point","coordinates":[-83.367,41.46107]},"properties":{"frp":0.78,"date":"2026-09-09","daynight":"N"}},{"type":"Feature","geometry":{"type":"Point","coordinates":[-92.07967,46.72857]},"properties":{"frp":0.87,"date":"2026-09-09","daynight":"N"}},{"type":"Feature","geometry":{"type":"Point","coordinates":[-80.3312,35.50462]},"properties":{"frp":1.47,"date":"2026-09-09","daynight":"N"}},{"type":"Feature","geometry":{"type":"Point","coordinates":[-89.94535,35.60908]},"properties":{"frp":0.45,"date":"2026-09-09","daynight":"N"}},{"type":"Feature","geometry":{"type":"Point","coordinates":[-78.41141,35.65179]},"properties":{"frp":0.83,"date":"2026-09-09","daynight":"N"}},{"type":"Feature","geometry":{"type":"Point","coordinates":[-80.34913,35.79673]},"properties":{"frp":1.78,"date":"2026-09-09","daynight":"N"}},{"type":"Feature","geometry":{"type":"Point","coordinates":[-91.74535,35.79693]},"properties":{"frp":2.74,"date":"2026-09-09","daynight":"N"}},{"type":"Feature","geometry":{"type":"Point","coordinates":[-80.34816,35.80019]},"properties":{"frp":0.52,"date":"2026-09-09","daynight":"N"}},{"type":"Feature","geometry":{"type":"Point","coordinates":[-89.77981,35.89158]},"properties":{"frp":1.01,"date":"2026-09-09","daynight":"N"}},{"type":"Feature","geometry":{"type":"Point","coordinates":[-89.71399,35.9384]},"properties":{"frp":3.23,"date":"2026-09-09","daynight":"N"}},{"type":"Feature","geometry":{"type":"Point","coordinates":[-83.95551,35.97913]},"properties":{"frp":2.56,"date":"2026-09-09","daynight":"N"}},{"type":"Feature","geometry":{"type":"Point","coordinates":[-83.95975,35.97978]},"properties":{"frp":1.0,"date":"2026-09-09","daynight":"N"}},{"type":"Feature","geometry":{"type":"Point","coordinates":[-95.81506,36.19595]},"properties":{"frp":1.37,"date":"2026-09-09","daynight":"N"}},{"type":"Feature","geometry":{"type":"Point","coordinates":[-87.40603,36.45761]},"properties":{"frp":4.4,"date":"2026-09-09","daynight":"N"}},{"type":"Feature","geometry":{"type":"Point","coordinates":[-87.40529,36.46124]},"properties":{"frp":6.82,"date":"2026-09-09","daynight":"N"}},{"type":"Feature","geometry":{"type":"Point","coordinates":[-97.8414,36.51607]},"properties":{"frp":2.52,"date":"2026-09-09","daynight":"N"}},{"type":"Feature","geometry":{"type":"Point","coordinates":[-97.84303,36.51656]},"properties":{"frp":2.61,"date":"2026-09-09","daynight":"N"}},{"type":"Feature","geometry":{"type":"Point","coordinates":[-77.44883,37.18222]},"properties":{"frp":1.38,"date":"2026-09-09","daynight":"N"}},{"type":"Feature","geometry":{"type":"Point","coordinates":[-82.0407,37.23209]},"properties":{"frp":2.0,"date":"2026-09-09","daynight":"N"}},{"type":"Feature","geometry":{"type":"Point","coordinates":[-82.0355,37.23466]},"properties":{"frp":0.89,"date":"2026-09-09","daynight":"N"}},{"type":"Feature","geometry":{"type":"Point","coordinates":[-82.03981,37.23539]},"properties":{"frp":1.93,"date":"2026-09-09","daynight":"N"}},{"type":"Feature","geometry":{"type":"Point","coordinates":[-79.9995,37.27329]},"properties":{"frp":1.89,"date":"2026-09-09","daynight":"N"}},{"type":"Feature","geometry":{"type":"Point","coordinates":[-81.2049,37.31448]},"properties":{"frp":1.86,"date":"2026-09-09","daynight":"N"}},{"type":"Feature","geometry":{"type":"Point","coordinates":[-82.9643,37.70893]},"properties":{"frp":0.64,"date":"2026-09-09","daynight":"N"}},{"type":"Feature","geometry":{"type":"Point","coordinates":[-82.96347,37.71222]},"properties":{"frp":1.73,"date":"2026-09-09","daynight":"N"}},{"type":"Feature","geometry":{"type":"Point","coordinates":[-82.9678,37.7129]},"properties":{"frp":2.12,"date":"2026-09-09","daynight":"N"}},{"type":"Feature","geometry":{"type":"Point","coordinates":[-90.07894,37.96785]},"properties":{"frp":1.89,"date":"2026-09-09","daynight":"N"}},{"type":"Feature","geometry":{"type":"Point","coordinates":[-90.06783,37.97541]},"properties":{"frp":1.01,"date":"2026-09-09","daynight":"N"}},{"type":"Feature","geometry":{"type":"Point","coordinates":[-90.08313,38.00708]},"properties":{"frp":1.78,"date":"2026-09-09","daynight":"N"}},{"type":"Feature","geometry":{"type":"Point","coordinates":[-90.08266,38.01134]},"properties":{"frp":1.52,"date":"2026-09-09","daynight":"N"}},{"type":"Feature","geometry":{"type":"Point","coordinates":[-82.83268,38.59564]},"properties":{"frp":2.08,"date":"2026-09-09","daynight":"N"}},{"type":"Feature","geometry":{"type":"Point","coordinates":[-90.15247,38.6939]},"properties":{"frp":1.96,"date":"2026-09-09","daynight":"N"}},{"type":"Feature","geometry":{"type":"Point","coordinates":[-90.13111,38.69631]},"properties":{"frp":1.97,"date":"2026-09-09","daynight":"N"}},{"type":"Feature","geometry":{"type":"Point","coordinates":[-90.13626,38.69678]},"properties":{"frp":3.29,"date":"2026-09-09","daynight":"N"}},{"type":"Feature","geometry":{"type":"Point","coordinates":[-82.57979,38.72901]},"properties":{"frp":2.63,"date":"2026-09-09","daynight":"N"}},{"type":"Feature","geometry":{"type":"Point","coordinates":[-84.99473,38.75714]},"properties":{"frp":1.52,"date":"2026-09-09","daynight":"N"}},{"type":"Feature","geometry":{"type":"Point","coordinates":[-84.99878,38.7612]},"properties":{"frp":1.54,"date":"2026-09-09","daynight":"N"}},{"type":"Feature","geometry":{"type":"Point","coordinates":[-91.76781,38.76148]},"properties":{"frp":1.73,"date":"2026-09-09","daynight":"N"}},{"type":"Feature","geometry":{"type":"Point","coordinates":[-93.83465,39.11631]},"properties":{"frp":0.76,"date":"2026-09-09","daynight":"N"}},{"type":"Feature","geometry":{"type":"Point","coordinates":[-81.36446,39.33143]},"properties":{"frp":0.62,"date":"2026-09-09","daynight":"N"}},{"type":"Feature","geometry":{"type":"Point","coordinates":[-81.36353,39.33472]},"properties":{"frp":0.62,"date":"2026-09-09","daynight":"N"}},{"type":"Feature","geometry":{"type":"Point","coordinates":[-84.39972,39.47322]},"properties":{"frp":0.93,"date":"2026-09-09","daynight":"N"}},{"type":"Feature","geometry":{"type":"Point","coordinates":[-84.40439,39.47388]},"properties":{"frp":0.93,"date":"2026-09-09","daynight":"N"}},{"type":"Feature","geometry":{"type":"Point","coordinates":[-84.38722,39.4854]},"properties":{"frp":3.32,"date":"2026-09-09","daynight":"N"}},{"type":"Feature","geometry":{"type":"Point","coordinates":[-86.48703,39.87374]},"properties":{"frp":0.87,"date":"2026-09-09","daynight":"N"}},{"type":"Feature","geometry":{"type":"Point","coordinates":[-86.48784,39.87461]},"properties":{"frp":1.65,"date":"2026-09-09","daynight":"N"}},{"type":"Feature","geometry":{"type":"Point","coordinates":[-86.48629,39.87738]},"properties":{"frp":0.87,"date":"2026-09-09","daynight":"N"}},{"type":"Feature","geometry":{"type":"Point","coordinates":[-86.83285,39.97449]},"properties":{"frp":1.19,"date":"2026-09-09","daynight":"N"}},{"type":"Feature","geometry":{"type":"Point","coordinates":[-86.83854,39.97516]},"properties":{"frp":1.19,"date":"2026-09-09","daynight":"N"}},{"type":"Feature","geometry":{"type":"Point","coordinates":[-86.8378,39.97886]},"properties":{"frp":1.19,"date":"2026-09-09","daynight":"N"}},{"type":"Feature","geometry":{"type":"Point","coordinates":[-89.63748,40.63494]},"properties":{"frp":2.06,"date":"2026-09-09","daynight":"N"}},{"type":"Feature","geometry":{"type":"Point","coordinates":[-89.63515,40.63659]},"properties":{"frp":1.67,"date":"2026-09-09","daynight":"N"}},{"type":"Feature","geometry":{"type":"Point","coordinates":[-89.64207,40.63971]},"properties":{"frp":0.6,"date":"2026-09-09","daynight":"N"}},{"type":"Feature","geometry":{"type":"Point","coordinates":[-89.64499,40.6418]},"properties":{"frp":0.82,"date":"2026-09-09","daynight":"N"}},{"type":"Feature","geometry":{"type":"Point","coordinates":[-86.4326,40.73397]},"properties":{"frp":0.76,"date":"2026-09-09","daynight":"N"}},{"type":"Feature","geometry":{"type":"Point","coordinates":[-86.43386,40.73573]},"properties":{"frp":2.04,"date":"2026-09-09","daynight":"N"}},{"type":"Feature","geometry":{"type":"Point","coordinates":[-99.1711,28.32296]},"properties":{"frp":1.03,"date":"2026-09-09","daynight":"N"}},{"type":"Feature","geometry":{"type":"Point","coordinates":[-98.4455,28.52934]},"properties":{"frp":0.88,"date":"2026-09-09","daynight":"N"}},{"type":"Feature","geometry":{"type":"Point","coordinates":[-98.44618,28.53141]},"properties":{"frp":1.85,"date":"2026-09-09","daynight":"N"}},{"type":"Feature","geometry":{"type":"Point","coordinates":[-98.4448,28.53558]},"properties":{"frp":0.75,"date":"2026-09-09","daynight":"N"}},{"type":"Feature","geometry":{"type":"Point","coordinates":[-97.865,28.93502]},"properties":{"frp":0.84,"date":"2026-09-09","daynight":"N"}},{"type":"Feature","geometry":{"type":"Point","coordinates":[-97.86341,28.936]},"properties":{"frp":0.77,"date":"2026-09-09","daynight":"N"}},{"type":"Feature","geometry":{"type":"Point","coordinates":[-97.52287,29.0603]},"properties":{"frp":1.11,"date":"2026-09-09","daynight":"N"}},{"type":"Feature","geometry":{"type":"Point","coordinates":[-95.75226,29.06613]},"properties":{"frp":1.19,"date":"2026-09-09","daynight":"N"}},{"type":"Feature","geometry":{"type":"Point","coordinates":[-95.75166,29.07149]},"properties":{"frp":1.19,"date":"2026-09-09","daynight":"N"}},{"type":"Feature","geometry":{"type":"Point","coordinates":[-81.55171,29.43318]},"properties":{"frp":1.38,"date":"2026-09-09","daynight":"N"}},{"type":"Feature","geometry":{"type":"Point","coordinates":[-98.03354,29.57325]},"properties":{"frp":1.17,"date":"2026-09-09","daynight":"N"}},{"type":"Feature","geometry":{"type":"Point","coordinates":[-98.03168,29.57369]},"properties":{"frp":2.03,"date":"2026-09-09","daynight":"N"}},{"type":"Feature","geometry":{"type":"Point","coordinates":[-98.037,29.57404]},"properties":{"frp":2.95,"date":"2026-09-09","daynight":"N"}},{"type":"Feature","geometry":{"type":"Point","coordinates":[-98.03299,29.5794]},"properties":{"frp":1.45,"date":"2026-09-09","daynight":"N"}},{"type":"Feature","geometry":{"type":"Point","coordinates":[-94.2906,29.61363]},"properties":{"frp":2.9,"date":"2026-09-09","daynight":"N"}},{"type":"Feature","geometry":{"type":"Point","coordinates":[-94.29002,29.61856]},"properties":{"frp":0.73,"date":"2026-09-09","daynight":"N"}},{"type":"Feature","geometry":{"type":"Point","coordinates":[-94.29633,29.61912]},"properties":{"frp":0.73,"date":"2026-09-09","daynight":"N"}},{"type":"Feature","geometry":{"type":"Point","coordinates":[-94.26421,29.62127]},"properties":{"frp":1.81,"date":"2026-09-09","daynight":"N"}},{"type":"Feature","geometry":{"type":"Point","coordinates":[-94.27049,29.62182]},"properties":{"frp":1.81,"date":"2026-09-09","daynight":"N"}},{"type":"Feature","geometry":{"type":"Point","coordinates":[-94.29573,29.62405]},"properties":{"frp":0.73,"date":"2026-09-09","daynight":"N"}},{"type":"Feature","geometry":{"type":"Point","coordinates":[-94.30204,29.6246]},"properties":{"frp":2.67,"date":"2026-09-09","daynight":"N"}},{"type":"Feature","geometry":{"type":"Point","coordinates":[-95.05316,29.62496]},"properties":{"frp":1.78,"date":"2026-09-09","daynight":"N"}},{"type":"Feature","geometry":{"type":"Point","coordinates":[-94.2636,29.62619]},"properties":{"frp":6.87,"date":"2026-09-09","daynight":"N"}},{"type":"Feature","geometry":{"type":"Point","coordinates":[-94.2699,29.62675]},"properties":{"frp":6.87,"date":"2026-09-09","daynight":"N"}},{"type":"Feature","geometry":{"type":"Point","coordinates":[-94.2762,29.6273]},"properties":{"frp":8.57,"date":"2026-09-09","daynight":"N"}},{"type":"Feature","geometry":{"type":"Point","coordinates":[-94.26929,29.63167]},"properties":{"frp":6.87,"date":"2026-09-09","daynight":"N"}},{"type":"Feature","geometry":{"type":"Point","coordinates":[-94.2756,29.63223]},"properties":{"frp":8.57,"date":"2026-09-09","daynight":"N"}},{"type":"Feature","geometry":{"type":"Point","coordinates":[-94.28191,29.63279]},"properties":{"frp":8.57,"date":"2026-09-09","daynight":"N"}},{"type":"Feature","geometry":{"type":"Point","coordinates":[-94.27499,29.63716]},"properties":{"frp":11.06,"date":"2026-09-09","daynight":"N"}},{"type":"Feature","geometry":{"type":"Point","coordinates":[-94.2813,29.63772]},"properties":{"frp":11.06,"date":"2026-09-09","daynight":"N"}},{"type":"Feature","geometry":{"type":"Point","coordinates":[-94.28761,29.63829]},"properties":{"frp":0.78,"date":"2026-09-09","daynight":"N"}},{"type":"Feature","geometry":{"type":"Point","coordinates":[-94.2807,29.64266]},"properties":{"frp":11.06,"date":"2026-09-09","daynight":"N"}},{"type":"Feature","geometry":{"type":"Point","coordinates":[-95.00189,29.74159]},"properties":{"frp":1.71,"date":"2026-09-09","daynight":"N"}},{"type":"Feature","geometry":{"type":"Point","coordinates":[-94.99779,29.74645]},"properties":{"frp":1.71,"date":"2026-09-09","daynight":"N"}},{"type":"Feature","geometry":{"type":"Point","coordinates":[-95.01534,29.74796]},"properties":{"frp":3.22,"date":"2026-09-09","daynight":"N"}},{"type":"Feature","geometry":{"type":"Point","coordinates":[-95.01344,29.75459]},"properties":{"frp":1.19,"date":"2026-09-09","daynight":"N"}},{"type":"Feature","geometry":{"type":"Point","coordinates":[-93.88009,29.75493]},"properties":{"frp":2.48,"date":"2026-09-09","daynight":"N"}},{"type":"Feature","geometry":{"type":"Point","coordinates":[-93.87995,29.75624]},"properties":{"frp":3.05,"date":"2026-09-09","daynight":"N"}},{"type":"Feature","geometry":{"type":"Point","coordinates":[-93.87948,29.75974]},"properties":{"frp":2.48,"date":"2026-09-09","daynight":"N"}},{"type":"Feature","geometry":{"type":"Point","coordinates":[-93.87936,29.76106]},"properties":{"frp":3.05,"date":"2026-09-09","daynight":"N"}},{"type":"Feature","geometry":{"type":"Point","coordinates":[-93.83717,29.99711]},"properties":{"frp":5.23,"date":"2026-09-09","daynight":"N"}},{"type":"Feature","geometry":{"type":"Point","coordinates":[-93.84317,29.99765]},"properties":{"frp":7.13,"date":"2026-09-09","daynight":"N"}},{"type":"Feature","geometry":{"type":"Point","coordinates":[-90.40214,29.99887]},"properties":{"frp":4.23,"date":"2026-09-09","daynight":"N"}},{"type":"Feature","geometry":{"type":"Point","coordinates":[-93.83057,30.00139]},"properties":{"frp":3.15,"date":"2026-09-09","daynight":"N"}},{"type":"Feature","geometry":{"type":"Point","coordinates":[-93.33533,30.14743]},"properties":{"frp":3.36,"date":"2026-09-09","daynight":"N"}},{"type":"Feature","geometry":{"type":"Point","coordinates":[-93.33894,30.14957]},"properties":{"frp":2.07,"date":"2026-09-09","daynight":"N"}},{"type":"Feature","geometry":{"type":"Point","coordinates":[-88.48836,30.34139]},"properties":{"frp":3.18,"date":"2026-09-09","daynight":"N"}},{"type":"Feature","geometry":{"type":"Point","coordinates":[-88.48559,30.34278]},"properties":{"frp":4.06,"date":"2026-09-09","daynight":"N"}},{"type":"Feature","geometry":{"type":"Point","coordinates":[-91.18165,30.48294]},"properties":{"frp":2.52,"date":"2026-09-09","daynight":"N"}},{"type":"Feature","geometry":{"type":"Point","coordinates":[-91.24289,30.58358]},"properties":{"frp":1.02,"date":"2026-09-09","daynight":"N"}},{"type":"Feature","geometry":{"type":"Point","coordinates":[-81.72664,30.69116]},"properties":{"frp":0.55,"date":"2026-09-09","daynight":"N"}},{"type":"Feature","geometry":{"type":"Point","coordinates":[-94.40482,30.70655]},"properties":{"frp":1.84,"date":"2026-09-09","daynight":"N"}},{"type":"Feature","geometry":{"type":"Point","coordinates":[-88.0158,30.94021]},"properties":{"frp":3.46,"date":"2026-09-09","daynight":"N"}},{"type":"Feature","geometry":{"type":"Point","coordinates":[-88.01057,30.94313]},"properties":{"frp":0.87,"date":"2026-09-09","daynight":"N"}},{"type":"Feature","geometry":{"type":"Point","coordinates":[-88.00994,30.94666]},"properties":{"frp":0.87,"date":"2026-09-09","daynight":"N"}},{"type":"Feature","geometry":{"type":"Point","coordinates":[-98.65716,31.06494]},"properties":{"frp":1.99,"date":"2026-09-09","daynight":"N"}},{"type":"Feature","geometry":{"type":"Point","coordinates":[-98.65702,31.06557]},"properties":{"frp":1.23,"date":"2026-09-09","daynight":"N"}},{"type":"Feature","geometry":{"type":"Point","coordinates":[-98.65642,31.07138]},"properties":{"frp":2.13,"date":"2026-09-09","daynight":"N"}},{"type":"Feature","geometry":{"type":"Point","coordinates":[-98.65628,31.07201]},"properties":{"frp":0.97,"date":"2026-09-09","daynight":"N"}},{"type":"Feature","geometry":{"type":"Point","coordinates":[-87.98792,31.14833]},"properties":{"frp":1.9,"date":"2026-09-09","daynight":"N"}},{"type":"Feature","geometry":{"type":"Point","coordinates":[-87.98728,31.15185]},"properties":{"frp":1.9,"date":"2026-09-09","daynight":"N"}},{"type":"Feature","geometry":{"type":"Point","coordinates":[-87.97744,31.15417]},"properties":{"frp":1.54,"date":"2026-09-09","daynight":"N"}},{"type":"Feature","geometry":{"type":"Point","coordinates":[-87.98203,31.15477]},"properties":{"frp":1.83,"date":"2026-09-09","daynight":"N"}},{"type":"Feature","geometry":{"type":"Point","coordinates":[-87.98076,31.16183]},"properties":{"frp":1.45,"date":"2026-09-09","daynight":"N"}},{"type":"Feature","geometry":{"type":"Point","coordinates":[-96.16711,31.35144]},"properties":{"frp":1.17,"date":"2026-09-09","daynight":"N"}},{"type":"Feature","geometry":{"type":"Point","coordinates":[-96.1715,31.35174]},"properties":{"frp":1.24,"date":"2026-09-09","daynight":"N"}},{"type":"Feature","geometry":{"type":"Point","coordinates":[-88.31995,31.37239]},"properties":{"frp":0.54,"date":"2026-09-09","daynight":"N"}},{"type":"Feature","geometry":{"type":"Point","coordinates":[-90.05482,31.49335]},"properties":{"frp":0.39,"date":"2026-09-09","daynight":"N"}},{"type":"Feature","geometry":{"type":"Point","coordinates":[-90.05534,31.4942]},"properties":{"frp":0.56,"date":"2026-09-09","daynight":"N"}},{"type":"Feature","geometry":{"type":"Point","coordinates":[-96.11325,31.89507]},"properties":{"frp":1.2,"date":"2026-09-09","daynight":"N"}},{"type":"Feature","geometry":{"type":"Point","coordinates":[-100.69109,32.04458]},"properties":{"frp":1.48,"date":"2026-09-09","daynight":"N"}},{"type":"Feature","geometry":{"type":"Point","coordinates":[-100.68725,32.04593]},"properties":{"frp":7.12,"date":"2026-09-09","daynight":"N"}},{"type":"Feature","geometry":{"type":"Point","coordinates":[-100.69051,32.05179]},"properties":{"frp":2.74,"date":"2026-09-09","daynight":"N"}},{"type":"Feature","geometry":{"type":"Point","coordinates":[-97.55287,32.24731]},"properties":{"frp":1.84,"date":"2026-09-09","daynight":"N"}},{"type":"Feature","geometry":{"type":"Point","coordinates":[-97.55392,32.2475]},"properties":{"frp":1.58,"date":"2026-09-09","daynight":"N"}},{"type":"Feature","geometry":{"type":"Point","coordinates":[-90.13316,32.3118]},"properties":{"frp":2.27,"date":"2026-09-09","daynight":"N"}},{"type":"Feature","geometry":{"type":"Point","coordinates":[-84.9784,32.71544]},"properties":{"frp":2.23,"date":"2026-09-09","daynight":"N"}},{"type":"Feature","geometry":{"type":"Point","coordinates":[-79.88435,33.00798]},"properties":{"frp":1.03,"date":"2026-09-09","daynight":"N"}},{"type":"Feature","geometry":{"type":"Point","coordinates":[-79.88335,33.01166]},"properties":{"frp":1.03,"date":"2026-09-09","daynight":"N"}},{"type":"Feature","geometry":{"type":"Point","coordinates":[-79.88234,33.01533]},"properties":{"frp":1.54,"date":"2026-09-09","daynight":"N"}},{"type":"Feature","geometry":{"type":"Point","coordinates":[-79.88757,33.01635]},"properties":{"frp":1.72,"date":"2026-09-09","daynight":"N"}},{"type":"Feature","geometry":{"type":"Point","coordinates":[-86.65864,33.04917]},"properties":{"frp":0.55,"date":"2026-09-09","daynight":"N"}},{"type":"Feature","geometry":{"type":"Point","coordinates":[-86.65797,33.05259]},"properties":{"frp":1.12,"date":"2026-09-09","daynight":"N"}},{"type":"Feature","geometry":{"type":"Point","coordinates":[-86.66238,33.05321]},"properties":{"frp":1.12,"date":"2026-09-09","daynight":"N"}},{"type":"Feature","geometry":{"type":"Point","coordinates":[-86.79848,33.10384]},"properties":{"frp":1.41,"date":"2026-09-09","daynight":"N"}},{"type":"Feature","geometry":{"type":"Point","coordinates":[-86.80297,33.10447]},"properties":{"frp":1.47,"date":"2026-09-09","daynight":"N"}},{"type":"Feature","geometry":{"type":"Point","coordinates":[-86.79116,33.21804]},"properties":{"frp":2.04,"date":"2026-09-09","daynight":"N"}},{"type":"Feature","geometry":{"type":"Point","coordinates":[-86.81361,33.22116]},"properties":{"frp":1.36,"date":"2026-09-09","daynight":"N"}},{"type":"Feature","geometry":{"type":"Point","coordinates":[-87.51116,33.22902]},"properties":{"frp":1.02,"date":"2026-09-09","daynight":"N"}},{"type":"Feature","geometry":{"type":"Point","coordinates":[-87.51398,33.23011]},"properties":{"frp":1.71,"date":"2026-09-09","daynight":"N"}},{"type":"Feature","geometry":{"type":"Point","coordinates":[-83.12242,33.32415]},"properties":{"frp":0.7,"date":"2026-09-09","daynight":"N"}},{"type":"Feature","geometry":{"type":"Point","coordinates":[-83.12164,33.32747]},"properties":{"frp":0.7,"date":"2026-09-09","daynight":"N"}},{"type":"Feature","geometry":{"type":"Point","coordinates":[-85.50587,33.34023]},"properties":{"frp":0.74,"date":"2026-09-09","daynight":"N"}},{"type":"Feature","geometry":{"type":"Point","coordinates":[-88.56789,33.44054]},"properties":{"frp":1.8,"date":"2026-09-09","daynight":"N"}},{"type":"Feature","geometry":{"type":"Point","coordinates":[-88.57314,33.44119]},"properties":{"frp":1.8,"date":"2026-09-09","daynight":"N"}},{"type":"Feature","geometry":{"type":"Point","coordinates":[-88.57841,33.44184]},"properties":{"frp":3.74,"date":"2026-09-09","daynight":"N"}},{"type":"Feature","geometry":{"type":"Point","coordinates":[-88.57182,33.44862]},"properties":{"frp":1.32,"date":"2026-09-09","daynight":"N"}},{"type":"Feature","geometry":{"type":"Point","coordinates":[-86.78057,33.58107]},"properties":{"frp":0.71,"date":"2026-09-09","daynight":"N"}},{"type":"Feature","geometry":{"type":"Point","coordinates":[-86.77989,33.58451]},"properties":{"frp":0.71,"date":"2026-09-09","daynight":"N"}},{"type":"Feature","geometry":{"type":"Point","coordinates":[-93.15501,33.90577]},"properties":{"frp":1.62,"date":"2026-09-09","daynight":"N"}},{"type":"Feature","geometry":{"type":"Point","coordinates":[-95.45327,34.20423]},"properties":{"frp":1.21,"date":"2026-09-09","daynight":"N"}},{"type":"Feature","geometry":{"type":"Point","coordinates":[-95.45493,34.20524]},"properties":{"frp":1.4,"date":"2026-09-09","daynight":"N"}},{"type":"Feature","geometry":{"type":"Point","coordinates":[-87.08417,34.63863]},"properties":{"frp":3.74,"date":"2026-09-09","daynight":"N"}},{"type":"Feature","geometry":{"type":"Point","coordinates":[-87.09374,34.6399]},"properties":{"frp":2.02,"date":"2026-09-09","daynight":"N"}},{"type":"Feature","geometry":{"type":"Point","coordinates":[-98.68629,34.84165]},"properties":{"frp":1.44,"date":"2026-09-09","daynight":"N"}},{"type":"Feature","geometry":{"type":"Point","coordinates":[-98.69331,34.8419]},"properties":{"frp":1.44,"date":"2026-09-09","daynight":"N"}},{"type":"Feature","geometry":{"type":"Point","coordinates":[-98.68581,34.84829]},"properties":{"frp":1.15,"date":"2026-09-09","daynight":"N"}},{"type":"Feature","geometry":{"type":"Point","coordinates":[-98.69278,34.84853]},"properties":{"frp":1.15,"date":"2026-09-09","daynight":"N"}},{"type":"Feature","geometry":{"type":"Point","coordinates":[-98.6858,34.85493]},"properties":{"frp":1.15,"date":"2026-09-09","daynight":"N"}},{"type":"Feature","geometry":{"type":"Point","coordinates":[-90.03683,34.98218]},"properties":{"frp":0.92,"date":"2026-09-09","daynight":"N"}},{"type":"Feature","geometry":{"type":"Point","coordinates":[-90.04124,34.98264]},"properties":{"frp":0.92,"date":"2026-09-09","daynight":"N"}},{"type":"Feature","geometry":{"type":"Point","coordinates":[-90.16378,35.04387]},"properties":{"frp":1.01,"date":"2026-09-09","daynight":"N"}},{"type":"Feature","geometry":{"type":"Point","coordinates":[-90.16676,35.04609]},"properties":{"frp":1.45,"date":"2026-09-09","daynight":"N"}},{"type":"Feature","geometry":{"type":"Point","coordinates":[-99.94154,25.57984]},"properties":{"frp":5.65,"date":"2026-09-09","daynight":"N"}},{"type":"Feature","geometry":{"type":"Point","coordinates":[-99.46329,25.67174]},"properties":{"frp":0.77,"date":"2026-09-09","daynight":"N"}},{"type":"Feature","geometry":{"type":"Point","coordinates":[-100.30036,25.72066]},"properties":{"frp":0.99,"date":"2026-09-09","daynight":"N"}},{"type":"Feature","geometry":{"type":"Point","coordinates":[-100.30072,25.72291]},"properties":{"frp":1.49,"date":"2026-09-09","daynight":"N"}},{"type":"Feature","geometry":{"type":"Point","coordinates":[-97.20987,27.82088]},"properties":{"frp":3.1,"date":"2026-09-09","daynight":"N"}},{"type":"Feature","geometry":{"type":"Point","coordinates":[-97.19328,27.82479]},"properties":{"frp":2.28,"date":"2026-09-09","daynight":"N"}},{"type":"Feature","geometry":{"type":"Point","coordinates":[-97.19576,27.82569]},"properties":{"frp":2.32,"date":"2026-09-09","daynight":"N"}},{"type":"Feature","geometry":{"type":"Point","coordinates":[-92.07862,46.72906]},"properties":{"frp":1.65,"date":"2026-09-09","daynight":"N"}},{"type":"Feature","geometry":{"type":"Point","coordinates":[-101.83765,47.35491]},"properties":{"frp":0.9,"date":"2026-09-09","daynight":"N"}},{"type":"Feature","geometry":{"type":"Point","coordinates":[-101.8336,47.35562]},"properties":{"frp":0.6,"date":"2026-09-09","daynight":"N"}},{"type":"Feature","geometry":{"type":"Point","coordinates":[-103.17233,47.46008]},"properties":{"frp":0.84,"date":"2026-09-09","daynight":"N"}},{"type":"Feature","geometry":{"type":"Point","coordinates":[-103.76117,47.56389]},"properties":{"frp":0.83,"date":"2026-09-09","daynight":"N"}},{"type":"Feature","geometry":{"type":"Point","coordinates":[-103.75491,47.5663]},"properties":{"frp":0.49,"date":"2026-09-09","daynight":"N"}},{"type":"Feature","geometry":{"type":"Point","coordinates":[-122.34445,47.5688]},"properties":{"frp":0.96,"date":"2026-09-09","daynight":"N"}},{"type":"Feature","geometry":{"type":"Point","coordinates":[-120.57308,47.84271]},"properties":{"frp":1.68,"date":"2026-09-09","daynight":"N"}},{"type":"Feature","geometry":{"type":"Point","coordinates":[-120.57274,47.84418]},"properties":{"frp":2.02,"date":"2026-09-09","daynight":"N"}},{"type":"Feature","geometry":{"type":"Point","coordinates":[-120.84859,48.36551]},"properties":{"frp":0.83,"date":"2026-09-09","daynight":"N"}},{"type":"Feature","geometry":{"type":"Point","coordinates":[-122.73557,48.88271]},"properties":{"frp":2.06,"date":"2026-09-09","daynight":"N"}},{"type":"Feature","geometry":{"type":"Point","coordinates":[-122.73839,48.88634]},"properties":{"frp":1.79,"date":"2026-09-09","daynight":"N"}},{"type":"Feature","geometry":{"type":"Point","coordinates":[-91.74409,35.79289]},"properties":{"frp":2.2,"date":"2026-09-09","daynight":"N"}},{"type":"Feature","geometry":{"type":"Point","coordinates":[-95.81065,36.19672]},"properties":{"frp":2.6,"date":"2026-09-09","daynight":"N"}},{"type":"Feature","geometry":{"type":"Point","coordinates":[-90.07783,37.96856]},"properties":{"frp":1.72,"date":"2026-09-09","daynight":"N"}},{"type":"Feature","geometry":{"type":"Point","coordinates":[-93.83315,39.1205]},"properties":{"frp":0.73,"date":"2026-09-09","daynight":"N"}},{"type":"Feature","geometry":{"type":"Point","coordinates":[-105.29563,41.94337]},"properties":{"frp":3.41,"date":"2026-09-09","daynight":"N"}},{"type":"Feature","geometry":{"type":"Point","coordinates":[-105.30041,41.9442]},"properties":{"frp":3.69,"date":"2026-09-09","daynight":"N"}},{"type":"Feature","geometry":{"type":"Point","coordinates":[-105.30515,41.94502]},"properties":{"frp":3.69,"date":"2026-09-09","daynight":"N"}},{"type":"Feature","geometry":{"type":"Point","coordinates":[-105.30986,41.94584]},"properties":{"frp":0.87,"date":"2026-09-09","daynight":"N"}},{"type":"Feature","geometry":{"type":"Point","coordinates":[-105.29462,41.94667]},"properties":{"frp":3.41,"date":"2026-09-09","daynight":"N"}},{"type":"Feature","geometry":{"type":"Point","coordinates":[-105.28878,41.94913]},"properties":{"frp":0.88,"date":"2026-09-09","daynight":"N"}},{"type":"Feature","geometry":{"type":"Point","coordinates":[-105.30883,41.94914]},"properties":{"frp":0.87,"date":"2026-09-09","daynight":"N"}},{"type":"Feature","geometry":{"type":"Point","coordinates":[-105.29358,41.94997]},"properties":{"frp":0.88,"date":"2026-09-09","daynight":"N"}},{"type":"Feature","geometry":{"type":"Point","coordinates":[-105.28294,41.9516]},"properties":{"frp":1.32,"date":"2026-09-09","daynight":"N"}},{"type":"Feature","geometry":{"type":"Point","coordinates":[-105.28775,41.95243]},"properties":{"frp":0.88,"date":"2026-09-09","daynight":"N"}},{"type":"Feature","geometry":{"type":"Point","coordinates":[-105.31607,41.95734]},"properties":{"frp":1.28,"date":"2026-09-09","daynight":"N"}},{"type":"Feature","geometry":{"type":"Point","coordinates":[-105.27606,41.95736]},"properties":{"frp":1.33,"date":"2026-09-09","daynight":"N"}},{"type":"Feature","geometry":{"type":"Point","coordinates":[-105.28083,41.95818]},"properties":{"frp":1.33,"date":"2026-09-09","daynight":"N"}},{"type":"Feature","geometry":{"type":"Point","coordinates":[-105.28558,41.95901]},"properties":{"frp":3.43,"date":"2026-09-09","daynight":"N"}},{"type":"Feature","geometry":{"type":"Point","coordinates":[-105.3299,41.95973]},"properties":{"frp":1.02,"date":"2026-09-09","daynight":"N"}},{"type":"Feature","geometry":{"type":"Point","coordinates":[-105.29033,41.95983]},"properties":{"frp":3.43,"date":"2026-09-09","daynight":"N"}},{"type":"Feature","geometry":{"type":"Point","coordinates":[-105.31511,41.96065]},"properties":{"frp":1.02,"date":"2026-09-09","daynight":"N"}},{"type":"Feature","geometry":{"type":"Point","coordinates":[-105.29508,41.96066]},"properties":{"frp":1.02,"date":"2026-09-09","daynight":"N"}},{"type":"Feature","geometry":{"type":"Point","coordinates":[-105.29984,41.96148]},"properties":{"frp":1.02,"date":"2026-09-09","daynight":"N"}},{"type":"Feature","geometry":{"type":"Point","coordinates":[-105.27975,41.96148]},"properties":{"frp":0.59,"date":"2026-09-09","daynight":"N"}},{"type":"Feature","geometry":{"type":"Point","coordinates":[-105.3243,41.96224]},"properties":{"frp":0.83,"date":"2026-09-09","daynight":"N"}},{"type":"Feature","geometry":{"type":"Point","coordinates":[-105.2845,41.9623]},"properties":{"frp":2.56,"date":"2026-09-09","daynight":"N"}},{"type":"Feature","geometry":{"type":"Point","coordinates":[-105.30939,41.96314]},"properties":{"frp":1.24,"date":"2026-09-09","daynight":"N"}},{"type":"Feature","geometry":{"type":"Point","coordinates":[-105.31406,41.96395]},"properties":{"frp":1.02,"date":"2026-09-09","daynight":"N"}},{"type":"Feature","geometry":{"type":"Point","coordinates":[-105.31866,41.96474]},"properties":{"frp":1.02,"date":"2026-09-09","daynight":"N"}},{"type":"Feature","geometry":{"type":"Point","coordinates":[-105.32324,41.96553]},"properties":{"frp":0.83,"date":"2026-09-09","daynight":"N"}},{"type":"Feature","geometry":{"type":"Point","coordinates":[-105.30355,41.9656]},"properties":{"frp":2.81,"date":"2026-09-09","daynight":"N"}},{"type":"Feature","geometry":{"type":"Point","coordinates":[-105.3083,41.96642]},"properties":{"frp":2.81,"date":"2026-09-09","daynight":"N"}},{"type":"Feature","geometry":{"type":"Point","coordinates":[-105.31295,41.96723]},"properties":{"frp":0.84,"date":"2026-09-09","daynight":"N"}},{"type":"Feature","geometry":{"type":"Point","coordinates":[-105.31757,41.96803]},"properties":{"frp":0.84,"date":"2026-09-09","daynight":"N"}},{"type":"Feature","geometry":{"type":"Point","coordinates":[-97.35973,42.07909]},"properties":{"frp":1.01,"date":"2026-09-09","daynight":"N"}},{"type":"Feature","geometry":{"type":"Point","coordinates":[-97.36372,42.08495]},"properties":{"frp":1.02,"date":"2026-09-09","daynight":"N"}},{"type":"Feature","geometry":{"type":"Point","coordinates":[-111.58863,42.68503]},"properties":{"frp":2.23,"date":"2026-09-09","daynight":"N"}},{"type":"Feature","geometry":{"type":"Point","coordinates":[-111.59467,42.68572]},"properties":{"frp":3.8,"date":"2026-09-09","daynight":"N"}},{"type":"Feature","geometry":{"type":"Point","coordinates":[-111.58782,42.68873]},"properties":{"frp":2.23,"date":"2026-09-09","daynight":"N"}},{"type":"Feature","geometry":{"type":"Point","coordinates":[-115.73196,43.17848]},"properties":{"frp":0.8,"date":"2026-09-09","daynight":"N"}},{"type":"Feature","geometry":{"type":"Point","coordinates":[-105.8056,43.27023]},"properties":{"frp":0.34,"date":"2026-09-09","daynight":"N"}},{"type":"Feature","geometry":{"type":"Point","coordinates":[-105.78584,43.27042]},"properties":{"frp":0.49,"date":"2026-09-09","daynight":"N"}},{"type":"Feature","geometry":{"type":"Point","coordinates":[-105.8046,43.2735]},"properties":{"frp":0.22,"date":"2026-09-09","daynight":"N"}},{"type":"Feature","geometry":{"type":"Point","coordinates":[-117.42004,44.54095]},"properties":{"frp":0.64,"date":"2026-09-09","daynight":"N"}},{"type":"Feature","geometry":{"type":"Point","coordinates":[-120.21245,45.64472]},"properties":{"frp":0.86,"date":"2026-09-09","daynight":"N"}},{"type":"Feature","geometry":{"type":"Point","coordinates":[-111.47632,45.94395]},"properties":{"frp":1.29,"date":"2026-09-09","daynight":"N"}},{"type":"Feature","geometry":{"type":"Point","coordinates":[-94.27213,29.60573]},"properties":{"frp":2.38,"date":"2026-09-09","daynight":"N"}},{"type":"Feature","geometry":{"type":"Point","coordinates":[-94.26808,29.60914]},"properties":{"frp":2.29,"date":"2026-09-09","daynight":"N"}},{"type":"Feature","geometry":{"type":"Point","coordinates":[-95.04569,29.61869]},"properties":{"frp":1.66,"date":"2026-09-09","daynight":"N"}},{"type":"Feature","geometry":{"type":"Point","coordinates":[-94.26673,29.61957]},"properties":{"frp":3.36,"date":"2026-09-09","daynight":"N"}},{"type":"Feature","geometry":{"type":"Point","coordinates":[-94.30123,29.62207]},"properties":{"frp":1.98,"date":"2026-09-09","daynight":"N"}},{"type":"Feature","geometry":{"type":"Point","coordinates":[-94.29727,29.6253]},"properties":{"frp":1.52,"date":"2026-09-09","daynight":"N"}},{"type":"Feature","geometry":{"type":"Point","coordinates":[-94.26403,29.6265]},"properties":{"frp":4.89,"date":"2026-09-09","daynight":"N"}},{"type":"Feature","geometry":{"type":"Point","coordinates":[-94.272,29.62885]},"properties":{"frp":4.89,"date":"2026-09-09","daynight":"N"}},{"type":"Feature","geometry":{"type":"Point","coordinates":[-95.01267,29.75602]},"properties":{"frp":2.01,"date":"2026-09-09","daynight":"N"}},{"type":"Feature","geometry":{"type":"Point","coordinates":[-94.39961,30.7061]},"properties":{"frp":1.38,"date":"2026-09-09","daynight":"N"}},{"type":"Feature","geometry":{"type":"Point","coordinates":[-94.40187,30.70772]},"properties":{"frp":0.73,"date":"2026-09-09","daynight":"N"}},{"type":"Feature","geometry":{"type":"Point","coordinates":[-101.82068,31.31892]},"properties":{"frp":0.67,"date":"2026-09-09","daynight":"N"}},{"type":"Feature","geometry":{"type":"Point","coordinates":[-101.77744,31.3626]},"properties":{"frp":2.6,"date":"2026-09-09","daynight":"N"}},{"type":"Feature","geometry":{"type":"Point","coordinates":[-101.783,31.36387]},"properties":{"frp":2.6,"date":"2026-09-09","daynight":"N"}},{"type":"Feature","geometry":{"type":"Point","coordinates":[-102.88499,31.47198]},"properties":{"frp":1.61,"date":"2026-09-09","daynight":"N"}},{"type":"Feature","geometry":{"type":"Point","coordinates":[-102.96257,31.58133]},"properties":{"frp":1.49,"date":"2026-09-09","daynight":"N"}},{"type":"Feature","geometry":{"type":"Point","coordinates":[-102.95893,31.5832]},"properties":{"frp":0.94,"date":"2026-09-09","daynight":"N"}},{"type":"Feature","geometry":{"type":"Point","coordinates":[-101.81907,31.62155]},"properties":{"frp":1.73,"date":"2026-09-09","daynight":"N"}},{"type":"Feature","geometry":{"type":"Point","coordinates":[-102.19433,31.70079]},"properties":{"frp":0.99,"date":"2026-09-09","daynight":"N"}},{"type":"Feature","geometry":{"type":"Point","coordinates":[-101.79362,31.84096]},"properties":{"frp":1.77,"date":"2026-09-09","daynight":"N"}},{"type":"Feature","geometry":{"type":"Point","coordinates":[-96.11188,31.89102]},"properties":{"frp":0.66,"date":"2026-09-09","daynight":"N"}},{"type":"Feature","geometry":{"type":"Point","coordinates":[-96.10987,31.89492]},"properties":{"frp":0.93,"date":"2026-09-09","daynight":"N"}},{"type":"Feature","geometry":{"type":"Point","coordinates":[-101.2378,31.96957]},"properties":{"frp":1.56,"date":"2026-09-09","daynight":"N"}},{"type":"Feature","geometry":{"type":"Point","coordinates":[-101.23731,31.97]},"properties":{"frp":1.89,"date":"2026-09-09","daynight":"N"}},{"type":"Feature","geometry":{"type":"Point","coordinates":[-100.68526,32.04467]},"properties":{"frp":2.8,"date":"2026-09-09","daynight":"N"}},{"type":"Feature","geometry":{"type":"Point","coordinates":[-100.68441,32.04729]},"properties":{"frp":3.85,"date":"2026-09-09","daynight":"N"}},{"type":"Feature","geometry":{"type":"Point","coordinates":[-100.68375,32.04944]},"properties":{"frp":2.8,"date":"2026-09-09","daynight":"N"}},{"type":"Feature","geometry":{"type":"Point","coordinates":[-102.43027,32.12871]},"properties":{"frp":1.18,"date":"2026-09-09","daynight":"N"}},{"type":"Feature","geometry":{"type":"Point","coordinates":[-102.43188,32.12933]},"properties":{"frp":1.37,"date":"2026-09-09","daynight":"N"}},{"type":"Feature","geometry":{"type":"Point","coordinates":[-103.70594,32.14098]},"properties":{"frp":0.35,"date":"2026-09-09","daynight":"N"}},{"type":"Feature","geometry":{"type":"Point","coordinates":[-103.70478,32.145]},"properties":{"frp":0.66,"date":"2026-09-09","daynight":"N"}},{"type":"Feature","geometry":{"type":"Point","coordinates":[-97.55169,32.24445]},"properties":{"frp":1.05,"date":"2026-09-09","daynight":"N"}},{"type":"Feature","geometry":{"type":"Point","coordinates":[-101.67192,32.53159]},"properties":{"frp":2.5,"date":"2026-09-09","daynight":"N"}},{"type":"Feature","geometry":{"type":"Point","coordinates":[-101.67052,32.53606]},"properties":{"frp":3.03,"date":"2026-09-09","daynight":"N"}},{"type":"Feature","geometry":{"type":"Point","coordinates":[-103.78738,32.69886]},"properties":{"frp":0.6,"date":"2026-09-09","daynight":"N"}},{"type":"Feature","geometry":{"type":"Point","coordinates":[-104.0201,32.80506]},"properties":{"frp":0.75,"date":"2026-09-09","daynight":"N"}},{"type":"Feature","geometry":{"type":"Point","coordinates":[-104.0192,32.80663]},"properties":{"frp":1.59,"date":"2026-09-09","daynight":"N"}},{"type":"Feature","geometry":{"type":"Point","coordinates":[-104.39305,32.84753]},"properties":{"frp":2.34,"date":"2026-09-09","daynight":"N"}},{"type":"Feature","geometry":{"type":"Point","coordinates":[-102.74516,32.97435]},"properties":{"frp":0.98,"date":"2026-09-09","daynight":"N"}},{"type":"Feature","geometry":{"type":"Point","coordinates":[-102.21709,33.33934]},"properties":{"frp":1.2,"date":"2026-09-09","daynight":"N"}},{"type":"Feature","geometry":{"type":"Point","coordinates":[-110.86487,33.41888]},"properties":{"frp":4.45,"date":"2026-09-09","daynight":"N"}},{"type":"Feature","geometry":{"type":"Point","coordinates":[-101.73731,33.5228]},"properties":{"frp":1.69,"date":"2026-09-09","daynight":"N"}},{"type":"Feature","geometry":{"type":"Point","coordinates":[-98.68564,34.84138]},"properties":{"frp":0.87,"date":"2026-09-09","daynight":"N"}},{"type":"Feature","geometry":{"type":"Point","coordinates":[-98.68923,34.84227]},"properties":{"frp":0.87,"date":"2026-09-09","daynight":"N"}},{"type":"Feature","geometry":{"type":"Point","coordinates":[-98.69273,34.84314]},"properties":{"frp":0.99,"date":"2026-09-09","daynight":"N"}},{"type":"Feature","geometry":{"type":"Point","coordinates":[-98.68385,34.84633]},"properties":{"frp":0.87,"date":"2026-09-09","daynight":"N"}},{"type":"Feature","geometry":{"type":"Point","coordinates":[-98.68748,34.84724]},"properties":{"frp":0.87,"date":"2026-09-09","daynight":"N"}},{"type":"Feature","geometry":{"type":"Point","coordinates":[-98.69099,34.84812]},"properties":{"frp":0.99,"date":"2026-09-09","daynight":"N"}},{"type":"Feature","geometry":{"type":"Point","coordinates":[-98.68189,34.85125]},"properties":{"frp":1.41,"date":"2026-09-09","daynight":"N"}},{"type":"Feature","geometry":{"type":"Point","coordinates":[-113.3147,35.51647]},"properties":{"frp":1.13,"date":"2026-09-09","daynight":"N"}},{"type":"Feature","geometry":{"type":"Point","coordinates":[-113.31572,35.5182]},"properties":{"frp":0.69,"date":"2026-09-09","daynight":"N"}},{"type":"Feature","geometry":{"type":"Point","coordinates":[-101.43491,35.6638]},"properties":{"frp":1.03,"date":"2026-09-09","daynight":"N"}},{"type":"Feature","geometry":{"type":"Point","coordinates":[-101.36481,35.69791]},"properties":{"frp":1.45,"date":"2026-09-09","daynight":"N"}},{"type":"Feature","geometry":{"type":"Point","coordinates":[-101.36968,35.699]},"properties":{"frp":1.45,"date":"2026-09-09","daynight":"N"}},{"type":"Feature","geometry":{"type":"Point","coordinates":[-121.38027,35.96187]},"properties":{"frp":0.96,"date":"2026-09-09","daynight":"N"}},{"type":"Feature","geometry":{"type":"Point","coordinates":[-119.98914,36.4377]},"properties":{"frp":0.67,"date":"2026-09-09","daynight":"N"}},{"type":"Feature","geometry":{"type":"Point","coordinates":[-119.9875,36.43917]},"properties":{"frp":0.71,"date":"2026-09-09","daynight":"N"}},{"type":"Feature","geometry":{"type":"Point","coordinates":[-112.81741,38.93718]},"properties":{"frp":2.53,"date":"2026-09-09","daynight":"N"}},{"type":"Feature","geometry":{"type":"Point","coordinates":[-99.93333,25.57517]},"properties":{"frp":1.28,"date":"2026-09-09","daynight":"N"}},{"type":"Feature","geometry":{"type":"Point","coordinates":[-99.93793,25.57629]},"properties":{"frp":1.28,"date":"2026-09-09","daynight":"N"}},{"type":"Feature","geometry":{"type":"Point","coordinates":[-99.94373,25.59001]},"properties":{"frp":2.16,"date":"2026-09-09","daynight":"N"}},{"type":"Feature","geometry":{"type":"Point","coordinates":[-99.93591,25.59342]},"properties":{"frp":1.14,"date":"2026-09-09","daynight":"N"}},{"type":"Feature","geometry":{"type":"Point","coordinates":[-99.45927,25.6718]},"properties":{"frp":0.95,"date":"2026-09-09","daynight":"N"}},{"type":"Feature","geometry":{"type":"Point","coordinates":[-100.29862,25.69525]},"properties":{"frp":0.52,"date":"2026-09-09","daynight":"N"}},{"type":"Feature","geometry":{"type":"Point","coordinates":[-100.29932,25.69971]},"properties":{"frp":1.22,"date":"2026-09-09","daynight":"N"}},{"type":"Feature","geometry":{"type":"Point","coordinates":[-100.29684,25.70084]},"properties":{"frp":0.52,"date":"2026-09-09","daynight":"N"}},{"type":"Feature","geometry":{"type":"Point","coordinates":[-100.30043,25.71977]},"properties":{"frp":1.41,"date":"2026-09-09","daynight":"N"}},{"type":"Feature","geometry":{"type":"Point","coordinates":[-100.30478,25.72083]},"properties":{"frp":2.01,"date":"2026-09-09","daynight":"N"}},{"type":"Feature","geometry":{"type":"Point","coordinates":[-100.23777,25.74071]},"properties":{"frp":0.43,"date":"2026-09-09","daynight":"N"}},{"type":"Feature","geometry":{"type":"Point","coordinates":[-100.23605,25.74632]},"properties":{"frp":0.43,"date":"2026-09-09","daynight":"N"}},{"type":"Feature","geometry":{"type":"Point","coordinates":[-97.20729,27.82276]},"properties":{"frp":2.32,"date":"2026-09-09","daynight":"N"}},{"type":"Feature","geometry":{"type":"Point","coordinates":[-99.16488,28.32404]},"properties":{"frp":1.03,"date":"2026-09-09","daynight":"N"}},{"type":"Feature","geometry":{"type":"Point","coordinates":[-97.86375,28.93513]},"properties":{"frp":1.2,"date":"2026-09-09","daynight":"N"}},{"type":"Feature","geometry":{"type":"Point","coordinates":[-97.86423,28.93559]},"properties":{"frp":1.37,"date":"2026-09-09","daynight":"N"}},{"type":"Feature","geometry":{"type":"Point","coordinates":[-97.52189,29.05799]},"properties":{"frp":0.95,"date":"2026-09-09","daynight":"N"}},{"type":"Feature","geometry":{"type":"Point","coordinates":[-97.52122,29.05989]},"properties":{"frp":1.53,"date":"2026-09-09","daynight":"N"}},{"type":"Feature","geometry":{"type":"Point","coordinates":[-97.51987,29.06404]},"properties":{"frp":0.48,"date":"2026-09-09","daynight":"N"}},{"type":"Feature","geometry":{"type":"Point","coordinates":[-98.03294,29.57625]},"properties":{"frp":2.54,"date":"2026-09-09","daynight":"N"}},{"type":"Feature","geometry":{"type":"Point","coordinates":[-109.63142,30.49555]},"properties":{"frp":3.49,"date":"2026-09-09","daynight":"N"}},{"type":"Feature","geometry":{"type":"Point","coordinates":[-103.48986,31.37465]},"properties":{"frp":0.34,"date":"2026-09-09","daynight":"N"}},{"type":"Feature","geometry":{"type":"Point","coordinates":[-117.42351,44.54243]},"properties":{"frp":0.82,"date":"2026-09-09","daynight":"N"}},{"type":"Feature","geometry":{"type":"Point","coordinates":[-123.16569,45.2271]},"properties":{"frp":2.22,"date":"2026-09-09","daynight":"N"}},{"type":"Feature","geometry":{"type":"Point","coordinates":[-123.1638,45.23108]},"properties":{"frp":2.22,"date":"2026-09-09","daynight":"N"}},{"type":"Feature","geometry":{"type":"Point","coordinates":[-120.21365,45.64382]},"properties":{"frp":1.34,"date":"2026-09-09","daynight":"N"}},{"type":"Feature","geometry":{"type":"Point","coordinates":[-120.21297,45.64714]},"properties":{"frp":1.11,"date":"2026-09-09","daynight":"N"}},{"type":"Feature","geometry":{"type":"Point","coordinates":[-111.47662,45.94439]},"properties":{"frp":1.01,"date":"2026-09-09","daynight":"N"}},{"type":"Feature","geometry":{"type":"Point","coordinates":[-122.34139,47.5679]},"properties":{"frp":0.84,"date":"2026-09-09","daynight":"N"}},{"type":"Feature","geometry":{"type":"Point","coordinates":[-120.56793,47.84238]},"properties":{"frp":3.04,"date":"2026-09-09","daynight":"N"}},{"type":"Feature","geometry":{"type":"Point","coordinates":[-120.56613,47.88874]},"properties":{"frp":5.22,"date":"2026-09-09","daynight":"N"}},{"type":"Feature","geometry":{"type":"Point","coordinates":[-120.84842,48.356]},"properties":{"frp":0.66,"date":"2026-09-09","daynight":"N"}},{"type":"Feature","geometry":{"type":"Point","coordinates":[-120.85246,48.35698]},"properties":{"frp":1.03,"date":"2026-09-09","daynight":"N"}},{"type":"Feature","geometry":{"type":"Point","coordinates":[-120.84901,48.3607]},"properties":{"frp":6.9,"date":"2026-09-09","daynight":"N"}},{"type":"Feature","geometry":{"type":"Point","coordinates":[-120.85313,48.36171]},"properties":{"frp":6.9,"date":"2026-09-09","daynight":"N"}},{"type":"Feature","geometry":{"type":"Point","coordinates":[-120.84525,48.36435]},"properties":{"frp":6.9,"date":"2026-09-09","daynight":"N"}},{"type":"Feature","geometry":{"type":"Point","coordinates":[-120.84976,48.36545]},"properties":{"frp":6.9,"date":"2026-09-09","daynight":"N"}},{"type":"Feature","geometry":{"type":"Point","coordinates":[-120.84133,48.36797]},"properties":{"frp":0.97,"date":"2026-09-09","daynight":"N"}},{"type":"Feature","geometry":{"type":"Point","coordinates":[-120.83255,48.3704]},"properties":{"frp":1.5,"date":"2026-09-09","daynight":"N"}},{"type":"Feature","geometry":{"type":"Point","coordinates":[-120.83778,48.37166]},"properties":{"frp":0.97,"date":"2026-09-09","daynight":"N"}},{"type":"Feature","geometry":{"type":"Point","coordinates":[-120.8242,48.37294]},"properties":{"frp":1.66,"date":"2026-09-09","daynight":"N"}},{"type":"Feature","geometry":{"type":"Point","coordinates":[-120.82932,48.37418]},"properties":{"frp":1.66,"date":"2026-09-09","daynight":"N"}},{"type":"Feature","geometry":{"type":"Point","coordinates":[-122.55825,48.46988]},"properties":{"frp":1.07,"date":"2026-09-09","daynight":"N"}},{"type":"Feature","geometry":{"type":"Point","coordinates":[-121.12102,48.78451]},"properties":{"frp":6.08,"date":"2026-09-09","daynight":"N"}},{"type":"Feature","geometry":{"type":"Point","coordinates":[-121.12506,48.78548]},"properties":{"frp":6.08,"date":"2026-09-09","daynight":"N"}},{"type":"Feature","geometry":{"type":"Point","coordinates":[-121.1292,48.78646]},"properties":{"frp":5.43,"date":"2026-09-09","daynight":"N"}},{"type":"Feature","geometry":{"type":"Point","coordinates":[-121.13467,48.78777]},"properties":{"frp":5.43,"date":"2026-09-09","daynight":"N"}},{"type":"Feature","geometry":{"type":"Point","coordinates":[-122.73862,48.88526]},"properties":{"frp":1.16,"date":"2026-09-09","daynight":"N"}},{"type":"Feature","geometry":{"type":"Point","coordinates":[-121.37669,35.96549]},"properties":{"frp":1.05,"date":"2026-09-09","daynight":"N"}},{"type":"Feature","geometry":{"type":"Point","coordinates":[-122.39342,37.94457]},"properties":{"frp":1.1,"date":"2026-09-09","daynight":"N"}},{"type":"Feature","geometry":{"type":"Point","coordinates":[-122.39885,37.9515]},"properties":{"frp":0.8,"date":"2026-09-09","daynight":"N"}},{"type":"Feature","geometry":{"type":"Point","coordinates":[-77.57034,35.85624]},"properties":{"frp":4.31,"date":"2026-09-09","daynight":"D"}},{"type":"Feature","geometry":{"type":"Point","coordinates":[-77.57211,35.8573]},"properties":{"frp":7.11,"date":"2026-09-09","daynight":"D"}},{"type":"Feature","geometry":{"type":"Point","coordinates":[-76.38499,36.77411]},"properties":{"frp":36.19,"date":"2026-09-09","daynight":"D"}},{"type":"Feature","geometry":{"type":"Point","coordinates":[-76.38835,36.77552]},"properties":{"frp":23.81,"date":"2026-09-09","daynight":"D"}},{"type":"Feature","geometry":{"type":"Point","coordinates":[-76.37892,36.7759]},"properties":{"frp":32.34,"date":"2026-09-09","daynight":"D"}},{"type":"Feature","geometry":{"type":"Point","coordinates":[-76.38229,36.77734]},"properties":{"frp":23.81,"date":"2026-09-09","daynight":"D"}},{"type":"Feature","geometry":{"type":"Point","coordinates":[-79.85376,40.39204]},"properties":{"frp":1.95,"date":"2026-09-09","daynight":"D"}},{"type":"Feature","geometry":{"type":"Point","coordinates":[-77.70776,40.89164]},"properties":{"frp":3.9,"date":"2026-09-09","daynight":"D"}},{"type":"Feature","geometry":{"type":"Point","coordinates":[-77.71105,40.89174]},"properties":{"frp":4.48,"date":"2026-09-09","daynight":"D"}},{"type":"Feature","geometry":{"type":"Point","coordinates":[-92.36399,30.12366]},"properties":{"frp":22.89,"date":"2026-09-09","daynight":"D"}},{"type":"Feature","geometry":{"type":"Point","coordinates":[-92.36697,30.12527]},"properties":{"frp":12.3,"date":"2026-09-09","daynight":"D"}},{"type":"Feature","geometry":{"type":"Point","coordinates":[-92.36189,30.12635]},"properties":{"frp":14.39,"date":"2026-09-09","daynight":"D"}},{"type":"Feature","geometry":{"type":"Point","coordinates":[-84.55141,30.81399]},"properties":{"frp":4.7,"date":"2026-09-09","daynight":"D"}},{"type":"Feature","geometry":{"type":"Point","coordinates":[-84.54742,30.8146]},"properties":{"frp":5.45,"date":"2026-09-09","daynight":"D"}},{"type":"Feature","geometry":{"type":"Point","coordinates":[-84.55208,30.8173]},"properties":{"frp":4.7,"date":"2026-09-09","daynight":"D"}},{"type":"Feature","geometry":{"type":"Point","coordinates":[-84.54808,30.8179]},"properties":{"frp":5.45,"date":"2026-09-09","daynight":"D"}},{"type":"Feature","geometry":{"type":"Point","coordinates":[-85.0397,30.96639]},"properties":{"frp":3.08,"date":"2026-09-09","daynight":"D"}},{"type":"Feature","geometry":{"type":"Point","coordinates":[-85.04039,30.96968]},"properties":{"frp":3.22,"date":"2026-09-09","daynight":"D"}},{"type":"Feature","geometry":{"type":"Point","coordinates":[-95.28101,30.98435]},"properties":{"frp":64.16,"date":"2026-09-09","daynight":"D"}},{"type":"Feature","geometry":{"type":"Point","coordinates":[-95.27455,30.98505]},"properties":{"frp":122.99,"date":"2026-09-09","daynight":"D"}},{"type":"Feature","geometry":{"type":"Point","coordinates":[-95.27383,30.98611]},"properties":{"frp":97.68,"date":"2026-09-09","daynight":"D"}},{"type":"Feature","geometry":{"type":"Point","coordinates":[-95.29571,30.99099]},"properties":{"frp":11.15,"date":"2026-09-09","daynight":"D"}},{"type":"Feature","geometry":{"type":"Point","coordinates":[-95.29211,30.99184]},"properties":{"frp":14.68,"date":"2026-09-09","daynight":"D"}},{"type":"Feature","geometry":{"type":"Point","coordinates":[-95.29489,30.99194]},"properties":{"frp":19.42,"date":"2026-09-09","daynight":"D"}},{"type":"Feature","geometry":{"type":"Point","coordinates":[-95.28854,30.99269]},"properties":{"frp":14.68,"date":"2026-09-09","daynight":"D"}},{"type":"Feature","geometry":{"type":"Point","coordinates":[-95.29133,30.99281]},"properties":{"frp":22.31,"date":"2026-09-09","daynight":"D"}},{"type":"Feature","geometry":{"type":"Point","coordinates":[-95.28777,30.99367]},"properties":{"frp":22.31,"date":"2026-09-09","daynight":"D"}},{"type":"Feature","geometry":{"type":"Point","coordinates":[-87.98753,31.14986]},"properties":{"frp":9.29,"date":"2026-09-09","daynight":"D"}},{"type":"Feature","geometry":{"type":"Point","coordinates":[-85.96532,31.22342]},"properties":{"frp":24.36,"date":"2026-09-09","daynight":"D"}},{"type":"Feature","geometry":{"type":"Point","coordinates":[-85.96128,31.22407]},"properties":{"frp":24.36,"date":"2026-09-09","daynight":"D"}},{"type":"Feature","geometry":{"type":"Point","coordinates":[-85.962,31.22739]},"properties":{"frp":24.36,"date":"2026-09-09","daynight":"D"}},{"type":"Feature","geometry":{"type":"Point","coordinates":[-84.78987,31.2828]},"properties":{"frp":3.52,"date":"2026-09-09","daynight":"D"}},{"type":"Feature","geometry":{"type":"Point","coordinates":[-84.79456,31.28549]},"properties":{"frp":3.29,"date":"2026-09-09","daynight":"D"}},{"type":"Feature","geometry":{"type":"Point","coordinates":[-84.79055,31.2861]},"properties":{"frp":7.52,"date":"2026-09-09","daynight":"D"}},{"type":"Feature","geometry":{"type":"Point","coordinates":[-88.32308,31.36963]},"properties":{"frp":5.85,"date":"2026-09-09","daynight":"D"}},{"type":"Feature","geometry":{"type":"Point","coordinates":[-88.31844,31.37048]},"properties":{"frp":5.85,"date":"2026-09-09","daynight":"D"}},{"type":"Feature","geometry":{"type":"Point","coordinates":[-88.33324,31.37146]},"properties":{"frp":20.29,"date":"2026-09-09","daynight":"D"}},{"type":"Feature","geometry":{"type":"Point","coordinates":[-88.32859,31.37231]},"properties":{"frp":20.29,"date":"2026-09-09","daynight":"D"}},{"type":"Feature","geometry":{"type":"Point","coordinates":[-88.32394,31.37316]},"properties":{"frp":5.85,"date":"2026-09-09","daynight":"D"}},{"type":"Feature","geometry":{"type":"Point","coordinates":[-88.31931,31.374]},"properties":{"frp":5.85,"date":"2026-09-09","daynight":"D"}},{"type":"Feature","geometry":{"type":"Point","coordinates":[-83.96304,31.48356]},"properties":{"frp":9.37,"date":"2026-09-09","daynight":"D"}},{"type":"Feature","geometry":{"type":"Point","coordinates":[-83.95485,31.48475]},"properties":{"frp":7.82,"date":"2026-09-09","daynight":"D"}},{"type":"Feature","geometry":{"type":"Point","coordinates":[-83.9555,31.48808]},"properties":{"frp":7.82,"date":"2026-09-09","daynight":"D"}},{"type":"Feature","geometry":{"type":"Point","coordinates":[-87.65552,31.95767]},"properties":{"frp":45.7,"date":"2026-09-09","daynight":"D"}},{"type":"Feature","geometry":{"type":"Point","coordinates":[-87.65635,31.96108]},"properties":{"frp":7.91,"date":"2026-09-09","daynight":"D"}},{"type":"Feature","geometry":{"type":"Point","coordinates":[-87.65197,31.96185]},"properties":{"frp":5.38,"date":"2026-09-09","daynight":"D"}},{"type":"Feature","geometry":{"type":"Point","coordinates":[-86.72523,32.0777]},"properties":{"frp":12.67,"date":"2026-09-09","daynight":"D"}},{"type":"Feature","geometry":{"type":"Point","coordinates":[-86.72106,32.07839]},"properties":{"frp":141.29,"date":"2026-09-09","daynight":"D"}},{"type":"Feature","geometry":{"type":"Point","coordinates":[-86.72598,32.08104]},"properties":{"frp":12.67,"date":"2026-09-09","daynight":"D"}},{"type":"Feature","geometry":{"type":"Point","coordinates":[-86.72258,32.08508]},"properties":{"frp":6.31,"date":"2026-09-09","daynight":"D"}},{"type":"Feature","geometry":{"type":"Point","coordinates":[-86.71841,32.08577]},"properties":{"frp":6.31,"date":"2026-09-09","daynight":"D"}},{"type":"Feature","geometry":{"type":"Point","coordinates":[-87.14541,32.196]},"properties":{"frp":3.18,"date":"2026-09-09","daynight":"D"}},{"type":"Feature","geometry":{"type":"Point","coordinates":[-87.15044,32.19865]},"properties":{"frp":5.26,"date":"2026-09-09","daynight":"D"}},{"type":"Feature","geometry":{"type":"Point","coordinates":[-90.1332,32.31301]},"properties":{"frp":6.27,"date":"2026-09-09","daynight":"D"}},{"type":"Feature","geometry":{"type":"Point","coordinates":[-91.404,32.38284]},"properties":{"frp":4.06,"date":"2026-09-09","daynight":"D"}},{"type":"Feature","geometry":{"type":"Point","coordinates":[-91.40514,32.38684]},"properties":{"frp":20.13,"date":"2026-09-09","daynight":"D"}},{"type":"Feature","geometry":{"type":"Point","coordinates":[-90.36704,32.40154]},"properties":{"frp":15.1,"date":"2026-09-09","daynight":"D"}},{"type":"Feature","geometry":{"type":"Point","coordinates":[-90.36415,32.40369]},"properties":{"frp":12.18,"date":"2026-09-09","daynight":"D"}},{"type":"Feature","geometry":{"type":"Point","coordinates":[-88.3608,32.80041]},"properties":{"frp":7.29,"date":"2026-09-09","daynight":"D"}},{"type":"Feature","geometry":{"type":"Point","coordinates":[-86.72437,32.83582]},"properties":{"frp":7.73,"date":"2026-09-09","daynight":"D"}},{"type":"Feature","geometry":{"type":"Point","coordinates":[-86.7202,32.83651]},"properties":{"frp":7.73,"date":"2026-09-09","daynight":"D"}},{"type":"Feature","geometry":{"type":"Point","coordinates":[-86.72513,32.83915]},"properties":{"frp":24.66,"date":"2026-09-09","daynight":"D"}},{"type":"Feature","geometry":{"type":"Point","coordinates":[-86.72096,32.83983]},"properties":{"frp":24.66,"date":"2026-09-09","daynight":"D"}},{"type":"Feature","geometry":{"type":"Point","coordinates":[-86.72591,32.84247]},"properties":{"frp":24.66,"date":"2026-09-09","daynight":"D"}},{"type":"Feature","geometry":{"type":"Point","coordinates":[-86.72174,32.84316]},"properties":{"frp":24.66,"date":"2026-09-09","daynight":"D"}},{"type":"Feature","geometry":{"type":"Point","coordinates":[-91.57591,32.89605]},"properties":{"frp":9.3,"date":"2026-09-09","daynight":"D"}},{"type":"Feature","geometry":{"type":"Point","coordinates":[-91.57174,32.8969]},"properties":{"frp":9.3,"date":"2026-09-09","daynight":"D"}},{"type":"Feature","geometry":{"type":"Point","coordinates":[-91.57288,32.90088]},"properties":{"frp":4.24,"date":"2026-09-09","daynight":"D"}},{"type":"Feature","geometry":{"type":"Point","coordinates":[-91.60641,32.928]},"properties":{"frp":5.96,"date":"2026-09-09","daynight":"D"}},{"type":"Feature","geometry":{"type":"Point","coordinates":[-91.60756,32.93199]},"properties":{"frp":5.96,"date":"2026-09-09","daynight":"D"}},{"type":"Feature","geometry":{"type":"Point","coordinates":[-91.6087,32.93598]},"properties":{"frp":6.46,"date":"2026-09-09","daynight":"D"}},{"type":"Feature","geometry":{"type":"Point","coordinates":[-86.97558,33.00363]},"properties":{"frp":10.31,"date":"2026-09-09","daynight":"D"}},{"type":"Feature","geometry":{"type":"Point","coordinates":[-86.97635,33.00696]},"properties":{"frp":10.31,"date":"2026-09-09","daynight":"D"}},{"type":"Feature","geometry":{"type":"Point","coordinates":[-86.97594,33.00826]},"properties":{"frp":8.28,"date":"2026-09-09","daynight":"D"}},{"type":"Feature","geometry":{"type":"Point","coordinates":[-79.88531,33.01193]},"properties":{"frp":6.03,"date":"2026-09-09","daynight":"D"}},{"type":"Feature","geometry":{"type":"Point","coordinates":[-79.88398,33.01391]},"properties":{"frp":5.28,"date":"2026-09-09","daynight":"D"}},{"type":"Feature","geometry":{"type":"Point","coordinates":[-82.13987,33.02024]},"properties":{"frp":3.63,"date":"2026-09-09","daynight":"D"}},{"type":"Feature","geometry":{"type":"Point","coordinates":[-82.13509,33.02085]},"properties":{"frp":2.82,"date":"2026-09-09","daynight":"D"}},{"type":"Feature","geometry":{"type":"Point","coordinates":[-82.14051,33.0238]},"properties":{"frp":3.63,"date":"2026-09-09","daynight":"D"}},{"type":"Feature","geometry":{"type":"Point","coordinates":[-82.13572,33.02441]},"properties":{"frp":2.82,"date":"2026-09-09","daynight":"D"}},{"type":"Feature","geometry":{"type":"Point","coordinates":[-86.6554,33.04569]},"properties":{"frp":5.16,"date":"2026-09-09","daynight":"D"}},{"type":"Feature","geometry":{"type":"Point","coordinates":[-86.66032,33.04834]},"properties":{"frp":44.43,"date":"2026-09-09","daynight":"D"}},{"type":"Feature","geometry":{"type":"Point","coordinates":[-86.65616,33.04901]},"properties":{"frp":44.43,"date":"2026-09-09","daynight":"D"}},{"type":"Feature","geometry":{"type":"Point","coordinates":[-86.65201,33.04969]},"properties":{"frp":12.66,"date":"2026-09-09","daynight":"D"}},{"type":"Feature","geometry":{"type":"Point","coordinates":[-86.66524,33.05098]},"properties":{"frp":6.47,"date":"2026-09-09","daynight":"D"}},{"type":"Feature","geometry":{"type":"Point","coordinates":[-86.66108,33.05165]},"properties":{"frp":44.43,"date":"2026-09-09","daynight":"D"}},{"type":"Feature","geometry":{"type":"Point","coordinates":[-86.65277,33.053]},"properties":{"frp":12.66,"date":"2026-09-09","daynight":"D"}},{"type":"Feature","geometry":{"type":"Point","coordinates":[-86.666,33.05429]},"properties":{"frp":2.6,"date":"2026-09-09","daynight":"D"}},{"type":"Feature","geometry":{"type":"Point","coordinates":[-86.66185,33.05497]},"properties":{"frp":11.5,"date":"2026-09-09","daynight":"D"}},{"type":"Feature","geometry":{"type":"Point","coordinates":[-86.65769,33.05564]},"properties":{"frp":11.5,"date":"2026-09-09","daynight":"D"}},{"type":"Feature","geometry":{"type":"Point","coordinates":[-86.66261,33.05828]},"properties":{"frp":11.5,"date":"2026-09-09","daynight":"D"}},{"type":"Feature","geometry":{"type":"Point","coordinates":[-86.80392,33.09206]},"properties":{"frp":3.09,"date":"2026-09-09","daynight":"D"}},{"type":"Feature","geometry":{"type":"Point","coordinates":[-86.78876,33.21738]},"properties":{"frp":3.13,"date":"2026-09-09","daynight":"D"}},{"type":"Feature","geometry":{"type":"Point","coordinates":[-85.50647,33.33882]},"properties":{"frp":1.9,"date":"2026-09-09","daynight":"D"}},{"type":"Feature","geometry":{"type":"Point","coordinates":[-91.46504,33.36568]},"properties":{"frp":13.36,"date":"2026-09-09","daynight":"D"}},{"type":"Feature","geometry":{"type":"Point","coordinates":[-91.48244,33.36634]},"properties":{"frp":8.06,"date":"2026-09-09","daynight":"D"}},{"type":"Feature","geometry":{"type":"Point","coordinates":[-91.47837,33.36716]},"properties":{"frp":8.06,"date":"2026-09-09","daynight":"D"}},{"type":"Feature","geometry":{"type":"Point","coordinates":[-91.4743,33.36798]},"properties":{"frp":6.83,"date":"2026-09-09","daynight":"D"}},{"type":"Feature","geometry":{"type":"Point","coordinates":[-91.47024,33.3688]},"properties":{"frp":6.83,"date":"2026-09-09","daynight":"D"}},{"type":"Feature","geometry":{"type":"Point","coordinates":[-91.46617,33.36962]},"properties":{"frp":8.08,"date":"2026-09-09","daynight":"D"}},{"type":"Feature","geometry":{"type":"Point","coordinates":[-88.57804,33.44191]},"properties":{"frp":2.11,"date":"2026-09-09","daynight":"D"}},{"type":"Feature","geometry":{"type":"Point","coordinates":[-90.24799,33.45633]},"properties":{"frp":5.6,"date":"2026-09-09","daynight":"D"}},{"type":"Feature","geometry":{"type":"Point","coordinates":[-90.24901,33.46003]},"properties":{"frp":6.62,"date":"2026-09-09","daynight":"D"}},{"type":"Feature","geometry":{"type":"Point","coordinates":[-90.37967,33.65388]},"properties":{"frp":24.76,"date":"2026-09-09","daynight":"D"}},{"type":"Feature","geometry":{"type":"Point","coordinates":[-90.3743,33.65492]},"properties":{"frp":24.76,"date":"2026-09-09","daynight":"D"}},{"type":"Feature","geometry":{"type":"Point","coordinates":[-90.38069,33.65759]},"properties":{"frp":24.76,"date":"2026-09-09","daynight":"D"}},{"type":"Feature","geometry":{"type":"Point","coordinates":[-90.37532,33.65863]},"properties":{"frp":24.76,"date":"2026-09-09","daynight":"D"}},{"type":"Feature","geometry":{"type":"Point","coordinates":[-90.36996,33.65966]},"properties":{"frp":11.26,"date":"2026-09-09","daynight":"D"}},{"type":"Feature","geometry":{"type":"Point","coordinates":[-90.36459,33.6607]},"properties":{"frp":11.26,"date":"2026-09-09","daynight":"D"}},{"type":"Feature","geometry":{"type":"Point","coordinates":[-90.38171,33.6613]},"properties":{"frp":11.24,"date":"2026-09-09","daynight":"D"}},{"type":"Feature","geometry":{"type":"Point","coordinates":[-90.37634,33.66233]},"properties":{"frp":11.24,"date":"2026-09-09","daynight":"D"}},{"type":"Feature","geometry":{"type":"Point","coordinates":[-90.37099,33.66337]},"properties":{"frp":7.63,"date":"2026-09-09","daynight":"D"}},{"type":"Feature","geometry":{"type":"Point","coordinates":[-82.56774,33.68625]},"properties":{"frp":25.14,"date":"2026-09-09","daynight":"D"}},{"type":"Feature","geometry":{"type":"Point","coordinates":[-82.56299,33.68685]},"properties":{"frp":6.21,"date":"2026-09-09","daynight":"D"}},{"type":"Feature","geometry":{"type":"Point","coordinates":[-82.5684,33.68977]},"properties":{"frp":38.17,"date":"2026-09-09","daynight":"D"}},{"type":"Feature","geometry":{"type":"Point","coordinates":[-91.57507,33.7658]},"properties":{"frp":4.12,"date":"2026-09-09","daynight":"D"}},{"type":"Feature","geometry":{"type":"Point","coordinates":[-90.86457,33.8517]},"properties":{"frp":8.62,"date":"2026-09-09","daynight":"D"}},{"type":"Feature","geometry":{"type":"Point","coordinates":[-90.85896,33.85282]},"properties":{"frp":8.62,"date":"2026-09-09","daynight":"D"}},{"type":"Feature","geometry":{"type":"Point","coordinates":[-90.85336,33.85394]},"properties":{"frp":8.22,"date":"2026-09-09","daynight":"D"}},{"type":"Feature","geometry":{"type":"Point","coordinates":[-91.41628,33.95602]},"properties":{"frp":9.84,"date":"2026-09-09","daynight":"D"}},{"type":"Feature","geometry":{"type":"Point","coordinates":[-91.41033,33.95723]},"properties":{"frp":5.23,"date":"2026-09-09","daynight":"D"}},{"type":"Feature","geometry":{"type":"Point","coordinates":[-91.43042,33.96134]},"properties":{"frp":12.37,"date":"2026-09-09","daynight":"D"}},{"type":"Feature","geometry":{"type":"Point","coordinates":[-91.44055,33.99624]},"properties":{"frp":28.86,"date":"2026-09-09","daynight":"D"}},{"type":"Feature","geometry":{"type":"Point","coordinates":[-91.44167,34.00012]},"properties":{"frp":19.55,"date":"2026-09-09","daynight":"D"}},{"type":"Feature","geometry":{"type":"Point","coordinates":[-91.35726,34.03346]},"properties":{"frp":6.22,"date":"2026-09-09","daynight":"D"}},{"type":"Feature","geometry":{"type":"Point","coordinates":[-91.37131,34.03882]},"properties":{"frp":8.76,"date":"2026-09-09","daynight":"D"}},{"type":"Feature","geometry":{"type":"Point","coordinates":[-91.50547,34.12611]},"properties":{"frp":11.95,"date":"2026-09-09","daynight":"D"}},{"type":"Feature","geometry":{"type":"Point","coordinates":[-91.49948,34.12731]},"properties":{"frp":11.95,"date":"2026-09-09","daynight":"D"}},{"type":"Feature","geometry":{"type":"Point","coordinates":[-91.51258,34.12878]},"properties":{"frp":18.25,"date":"2026-09-09","daynight":"D"}},{"type":"Feature","geometry":{"type":"Point","coordinates":[-91.5066,34.12999]},"properties":{"frp":65.07,"date":"2026-09-09","daynight":"D"}},{"type":"Feature","geometry":{"type":"Point","coordinates":[-91.51509,34.13094]},"properties":{"frp":27.05,"date":"2026-09-09","daynight":"D"}},{"type":"Feature","geometry":{"type":"Point","coordinates":[-91.50061,34.13118]},"properties":{"frp":65.07,"date":"2026-09-09","daynight":"D"}},{"type":"Feature","geometry":{"type":"Point","coordinates":[-91.50911,34.13217]},"properties":{"frp":27.05,"date":"2026-09-09","daynight":"D"}},{"type":"Feature","geometry":{"type":"Point","coordinates":[-91.51369,34.13267]},"properties":{"frp":18.25,"date":"2026-09-09","daynight":"D"}},{"type":"Feature","geometry":{"type":"Point","coordinates":[-91.50314,34.1334]},"properties":{"frp":27.84,"date":"2026-09-09","daynight":"D"}},{"type":"Feature","geometry":{"type":"Point","coordinates":[-91.50771,34.13387]},"properties":{"frp":65.07,"date":"2026-09-09","daynight":"D"}},{"type":"Feature","geometry":{"type":"Point","coordinates":[-91.48036,34.22831]},"properties":{"frp":13.03,"date":"2026-09-09","daynight":"D"}},{"type":"Feature","geometry":{"type":"Point","coordinates":[-91.47443,34.2295]},"properties":{"frp":13.03,"date":"2026-09-09","daynight":"D"}},{"type":"Feature","geometry":{"type":"Point","coordinates":[-86.12827,34.35487]},"properties":{"frp":3.83,"date":"2026-09-09","daynight":"D"}},{"type":"Feature","geometry":{"type":"Point","coordinates":[-86.12903,34.35816]},"properties":{"frp":3.83,"date":"2026-09-09","daynight":"D"}},{"type":"Feature","geometry":{"type":"Point","coordinates":[-91.54186,34.40691]},"properties":{"frp":11.94,"date":"2026-09-09","daynight":"D"}},{"type":"Feature","geometry":{"type":"Point","coordinates":[-91.53704,34.41198]},"properties":{"frp":38.45,"date":"2026-09-09","daynight":"D"}},{"type":"Feature","geometry":{"type":"Point","coordinates":[-92.06593,34.4899]},"properties":{"frp":87.04,"date":"2026-09-09","daynight":"D"}},{"type":"Feature","geometry":{"type":"Point","coordinates":[-92.05755,34.49165]},"properties":{"frp":57.06,"date":"2026-09-09","daynight":"D"}},{"type":"Feature","geometry":{"type":"Point","coordinates":[-88.58698,34.49635]},"properties":{"frp":36.67,"date":"2026-09-09","daynight":"D"}},{"type":"Feature","geometry":{"type":"Point","coordinates":[-88.39825,34.55101]},"properties":{"frp":17.68,"date":"2026-09-09","daynight":"D"}},{"type":"Feature","geometry":{"type":"Point","coordinates":[-88.39378,34.5518]},"properties":{"frp":26.28,"date":"2026-09-09","daynight":"D"}},{"type":"Feature","geometry":{"type":"Point","coordinates":[-88.39464,34.5552]},"properties":{"frp":26.28,"date":"2026-09-09","daynight":"D"}},{"type":"Feature","geometry":{"type":"Point","coordinates":[-81.5946,34.57647]},"properties":{"frp":3.03,"date":"2026-09-09","daynight":"D"}},{"type":"Feature","geometry":{"type":"Point","coordinates":[-91.66707,34.62588]},"properties":{"frp":15.93,"date":"2026-09-09","daynight":"D"}},{"type":"Feature","geometry":{"type":"Point","coordinates":[-91.67419,34.62854]},"properties":{"frp":5.55,"date":"2026-09-09","daynight":"D"}},{"type":"Feature","geometry":{"type":"Point","coordinates":[-87.0833,34.63704]},"properties":{"frp":11.21,"date":"2026-09-09","daynight":"D"}},{"type":"Feature","geometry":{"type":"Point","coordinates":[-90.29826,34.64792]},"properties":{"frp":5.87,"date":"2026-09-09","daynight":"D"}},{"type":"Feature","geometry":{"type":"Point","coordinates":[-80.23013,34.73355]},"properties":{"frp":3.42,"date":"2026-09-09","daynight":"D"}},{"type":"Feature","geometry":{"type":"Point","coordinates":[-80.22388,34.73422]},"properties":{"frp":2.78,"date":"2026-09-09","daynight":"D"}},{"type":"Feature","geometry":{"type":"Point","coordinates":[-80.22447,34.73821]},"properties":{"frp":30.81,"date":"2026-09-09","daynight":"D"}},{"type":"Feature","geometry":{"type":"Point","coordinates":[-79.97364,35.01126]},"properties":{"frp":12.15,"date":"2026-09-09","daynight":"D"}},{"type":"Feature","geometry":{"type":"Point","coordinates":[-81.41494,35.17183]},"properties":{"frp":2.41,"date":"2026-09-09","daynight":"D"}},{"type":"Feature","geometry":{"type":"Point","coordinates":[-90.92317,35.19673]},"properties":{"frp":4.1,"date":"2026-09-09","daynight":"D"}},{"type":"Feature","geometry":{"type":"Point","coordinates":[-90.9297,35.19937]},"properties":{"frp":8.09,"date":"2026-09-09","daynight":"D"}},{"type":"Feature","geometry":{"type":"Point","coordinates":[-90.92424,35.20043]},"properties":{"frp":8.08,"date":"2026-09-09","daynight":"D"}},{"type":"Feature","geometry":{"type":"Point","coordinates":[-91.1428,35.26366]},"properties":{"frp":35.26,"date":"2026-09-09","daynight":"D"}},{"type":"Feature","geometry":{"type":"Point","coordinates":[-91.13724,35.26476]},"properties":{"frp":15.67,"date":"2026-09-09","daynight":"D"}},{"type":"Feature","geometry":{"type":"Point","coordinates":[-91.1439,35.26739]},"properties":{"frp":14.2,"date":"2026-09-09","daynight":"D"}},{"type":"Feature","geometry":{"type":"Point","coordinates":[-91.13832,35.26849]},"properties":{"frp":5.97,"date":"2026-09-09","daynight":"D"}},{"type":"Feature","geometry":{"type":"Point","coordinates":[-86.47866,35.27403]},"properties":{"frp":1.76,"date":"2026-09-09","daynight":"D"}},{"type":"Feature","geometry":{"type":"Point","coordinates":[-79.7326,35.4089]},"properties":{"frp":4.4,"date":"2026-09-09","daynight":"D"}},{"type":"Feature","geometry":{"type":"Point","coordinates":[-79.72807,35.40936]},"properties":{"frp":7.03,"date":"2026-09-09","daynight":"D"}},{"type":"Feature","geometry":{"type":"Point","coordinates":[-79.72866,35.41349]},"properties":{"frp":46.0,"date":"2026-09-09","daynight":"D"}},{"type":"Feature","geometry":{"type":"Point","coordinates":[-79.72923,35.41762]},"properties":{"frp":46.0,"date":"2026-09-09","daynight":"D"}},{"type":"Feature","geometry":{"type":"Point","coordinates":[-79.73438,35.4213]},"properties":{"frp":14.42,"date":"2026-09-09","daynight":"D"}},{"type":"Feature","geometry":{"type":"Point","coordinates":[-90.2493,35.47364]},"properties":{"frp":16.4,"date":"2026-09-09","daynight":"D"}},{"type":"Feature","geometry":{"type":"Point","coordinates":[-90.2442,35.47459]},"properties":{"frp":47.94,"date":"2026-09-09","daynight":"D"}},{"type":"Feature","geometry":{"type":"Point","coordinates":[-90.25132,35.48081]},"properties":{"frp":44.03,"date":"2026-09-09","daynight":"D"}},{"type":"Feature","geometry":{"type":"Point","coordinates":[-90.24623,35.48176]},"properties":{"frp":55.94,"date":"2026-09-09","daynight":"D"}},{"type":"Feature","geometry":{"type":"Point","coordinates":[-77.56569,35.8548]},"properties":{"frp":19.66,"date":"2026-09-09","daynight":"D"}},{"type":"Feature","geometry":{"type":"Point","coordinates":[-77.57233,35.859]},"properties":{"frp":6.68,"date":"2026-09-09","daynight":"D"}},{"type":"Feature","geometry":{"type":"Point","coordinates":[-77.56626,35.85951]},"properties":{"frp":20.8,"date":"2026-09-09","daynight":"D"}},{"type":"Feature","geometry":{"type":"Point","coordinates":[-90.43154,35.97551]},"properties":{"frp":33.06,"date":"2026-09-09","daynight":"D"}},{"type":"Feature","geometry":{"type":"Point","coordinates":[-90.43256,35.9791]},"properties":{"frp":33.06,"date":"2026-09-09","daynight":"D"}},{"type":"Feature","geometry":{"type":"Point","coordinates":[-90.43871,35.98172]},"properties":{"frp":7.19,"date":"2026-09-09","daynight":"D"}},{"type":"Feature","geometry":{"type":"Point","coordinates":[-90.43359,35.98268]},"properties":{"frp":7.19,"date":"2026-09-09","daynight":"D"}},{"type":"Feature","geometry":{"type":"Point","coordinates":[-89.94817,36.03942]},"properties":{"frp":1.62,"date":"2026-09-09","daynight":"D"}},{"type":"Feature","geometry":{"type":"Point","coordinates":[-89.94327,36.04033]},"properties":{"frp":1.62,"date":"2026-09-09","daynight":"D"}},{"type":"Feature","geometry":{"type":"Point","coordinates":[-89.94916,36.04293]},"properties":{"frp":5.25,"date":"2026-09-09","daynight":"D"}},{"type":"Feature","geometry":{"type":"Point","coordinates":[-89.98558,36.06211]},"properties":{"frp":53.93,"date":"2026-09-09","daynight":"D"}},{"type":"Feature","geometry":{"type":"Point","coordinates":[-89.98656,36.06562]},"properties":{"frp":4.17,"date":"2026-09-09","daynight":"D"}},{"type":"Feature","geometry":{"type":"Point","coordinates":[-89.95116,36.08689]},"properties":{"frp":25.26,"date":"2026-09-09","daynight":"D"}},{"type":"Feature","geometry":{"type":"Point","coordinates":[-89.95213,36.0904]},"properties":{"frp":25.26,"date":"2026-09-09","daynight":"D"}},{"type":"Feature","geometry":{"type":"Point","coordinates":[-90.00784,36.15296]},"properties":{"frp":3.37,"date":"2026-09-09","daynight":"D"}},{"type":"Feature","geometry":{"type":"Point","coordinates":[-90.01869,36.15466]},"properties":{"frp":31.81,"date":"2026-09-09","daynight":"D"}},{"type":"Feature","geometry":{"type":"Point","coordinates":[-90.01376,36.15557]},"properties":{"frp":31.81,"date":"2026-09-09","daynight":"D"}},{"type":"Feature","geometry":{"type":"Point","coordinates":[-90.00883,36.15648]},"properties":{"frp":31.43,"date":"2026-09-09","daynight":"D"}},{"type":"Feature","geometry":{"type":"Point","coordinates":[-90.0039,36.15738]},"properties":{"frp":31.43,"date":"2026-09-09","daynight":"D"}},{"type":"Feature","geometry":{"type":"Point","coordinates":[-90.01474,36.15908]},"properties":{"frp":31.81,"date":"2026-09-09","daynight":"D"}},{"type":"Feature","geometry":{"type":"Point","coordinates":[-90.00982,36.15999]},"properties":{"frp":31.43,"date":"2026-09-09","daynight":"D"}},{"type":"Feature","geometry":{"type":"Point","coordinates":[-90.00489,36.1609]},"properties":{"frp":31.43,"date":"2026-09-09","daynight":"D"}},{"type":"Feature","geometry":{"type":"Point","coordinates":[-76.3849,36.77515]},"properties":{"frp":8.68,"date":"2026-09-09","daynight":"D"}},{"type":"Feature","geometry":{"type":"Point","coordinates":[-76.38124,36.7754]},"properties":{"frp":8.68,"date":"2026-09-09","daynight":"D"}},{"type":"Feature","geometry":{"type":"Point","coordinates":[-77.45062,37.18148]},"properties":{"frp":6.42,"date":"2026-09-09","daynight":"D"}},{"type":"Feature","geometry":{"type":"Point","coordinates":[-77.4502,37.18264]},"properties":{"frp":11.03,"date":"2026-09-09","daynight":"D"}},{"type":"Feature","geometry":{"type":"Point","coordinates":[-81.20237,37.31457]},"properties":{"frp":2.81,"date":"2026-09-09","daynight":"D"}},{"type":"Feature","geometry":{"type":"Point","coordinates":[-90.34888,36.46801]},"properties":{"frp":8.01,"date":"2026-09-09","daynight":"D"}},{"type":"Feature","geometry":{"type":"Point","coordinates":[-90.32273,36.46922]},"properties":{"frp":3.11,"date":"2026-09-09","daynight":"D"}},{"type":"Feature","geometry":{"type":"Point","coordinates":[-90.31772,36.47017]},"properties":{"frp":13.52,"date":"2026-09-09","daynight":"D"}},{"type":"Feature","geometry":{"type":"Point","coordinates":[-90.32374,36.47276]},"properties":{"frp":3.11,"date":"2026-09-09","daynight":"D"}},{"type":"Feature","geometry":{"type":"Point","coordinates":[-90.33983,36.47345]},"properties":{"frp":3.98,"date":"2026-09-09","daynight":"D"}},{"type":"Feature","geometry":{"type":"Point","coordinates":[-90.31872,36.47371]},"properties":{"frp":13.52,"date":"2026-09-09","daynight":"D"}},{"type":"Feature","geometry":{"type":"Point","coordinates":[-97.83759,36.51763]},"properties":{"frp":2.54,"date":"2026-09-09","daynight":"D"}},{"type":"Feature","geometry":{"type":"Point","coordinates":[-90.22089,36.55524]},"properties":{"frp":7.12,"date":"2026-09-09","daynight":"D"}},{"type":"Feature","geometry":{"type":"Point","coordinates":[-90.21592,36.55616]},"properties":{"frp":8.97,"date":"2026-09-09","daynight":"D"}},{"type":"Feature","geometry":{"type":"Point","coordinates":[-89.66432,36.71161]},"properties":{"frp":10.39,"date":"2026-09-09","daynight":"D"}},{"type":"Feature","geometry":{"type":"Point","coordinates":[-89.66528,36.71506]},"properties":{"frp":4.36,"date":"2026-09-09","daynight":"D"}},{"type":"Feature","geometry":{"type":"Point","coordinates":[-96.95266,36.72473]},"properties":{"frp":7.72,"date":"2026-09-09","daynight":"D"}},{"type":"Feature","geometry":{"type":"Point","coordinates":[-89.42146,36.86152]},"properties":{"frp":56.86,"date":"2026-09-09","daynight":"D"}},{"type":"Feature","geometry":{"type":"Point","coordinates":[-89.41678,36.86235]},"properties":{"frp":31.56,"date":"2026-09-09","daynight":"D"}},{"type":"Feature","geometry":{"type":"Point","coordinates":[-89.43176,36.86326]},"properties":{"frp":4.14,"date":"2026-09-09","daynight":"D"}},{"type":"Feature","geometry":{"type":"Point","coordinates":[-89.42709,36.8641]},"properties":{"frp":56.86,"date":"2026-09-09","daynight":"D"}},{"type":"Feature","geometry":{"type":"Point","coordinates":[-89.4224,36.86494]},"properties":{"frp":56.86,"date":"2026-09-09","daynight":"D"}},{"type":"Feature","geometry":{"type":"Point","coordinates":[-89.41772,36.86577]},"properties":{"frp":31.56,"date":"2026-09-09","daynight":"D"}},{"type":"Feature","geometry":{"type":"Point","coordinates":[-89.41305,36.86661]},"properties":{"frp":31.56,"date":"2026-09-09","daynight":"D"}},{"type":"Feature","geometry":{"type":"Point","coordinates":[-89.42802,36.86752]},"properties":{"frp":53.72,"date":"2026-09-09","daynight":"D"}},{"type":"Feature","geometry":{"type":"Point","coordinates":[-89.41867,36.86919]},"properties":{"frp":25.69,"date":"2026-09-09","daynight":"D"}},{"type":"Feature","geometry":{"type":"Point","coordinates":[-89.41399,36.87003]},"properties":{"frp":25.69,"date":"2026-09-09","daynight":"D"}},{"type":"Feature","geometry":{"type":"Point","coordinates":[-89.42429,36.87177]},"properties":{"frp":53.72,"date":"2026-09-09","daynight":"D"}},{"type":"Feature","geometry":{"type":"Point","coordinates":[-95.83007,37.85673]},"properties":{"frp":15.68,"date":"2026-09-09","daynight":"D"}},{"type":"Feature","geometry":{"type":"Point","coordinates":[-95.8317,37.86117]},"properties":{"frp":4.45,"date":"2026-09-09","daynight":"D"}},{"type":"Feature","geometry":{"type":"Point","coordinates":[-90.1339,38.69624]},"properties":{"frp":4.36,"date":"2026-09-09","daynight":"D"}},{"type":"Feature","geometry":{"type":"Point","coordinates":[-91.76815,38.75873]},"properties":{"frp":3.05,"date":"2026-09-09","daynight":"D"}},{"type":"Feature","geometry":{"type":"Point","coordinates":[-84.38361,39.46785]},"properties":{"frp":5.05,"date":"2026-09-09","daynight":"D"}},{"type":"Feature","geometry":{"type":"Point","coordinates":[-79.85799,40.39403]},"properties":{"frp":4.22,"date":"2026-09-09","daynight":"D"}},{"type":"Feature","geometry":{"type":"Point","coordinates":[-79.85262,40.39448]},"properties":{"frp":4.22,"date":"2026-09-09","daynight":"D"}},{"type":"Feature","geometry":{"type":"Point","coordinates":[-81.44113,40.75367]},"properties":{"frp":5.13,"date":"2026-09-09","daynight":"D"}},{"type":"Feature","geometry":{"type":"Point","coordinates":[-81.43977,40.75428]},"properties":{"frp":3.19,"date":"2026-09-09","daynight":"D"}},{"type":"Feature","geometry":{"type":"Point","coordinates":[-81.43194,40.7546]},"properties":{"frp":6.0,"date":"2026-09-09","daynight":"D"}},{"type":"Feature","geometry":{"type":"Point","coordinates":[-81.43056,40.75516]},"properties":{"frp":2.55,"date":"2026-09-09","daynight":"D"}},{"type":"Feature","geometry":{"type":"Point","coordinates":[-85.54212,44.84596]},"properties":{"frp":6.29,"date":"2026-09-09","daynight":"D"}},{"type":"Feature","geometry":{"type":"Point","coordinates":[-105.29794,41.9433]},"properties":{"frp":14.19,"date":"2026-09-09","daynight":"D"}},{"type":"Feature","geometry":{"type":"Point","coordinates":[-96.17431,43.98421]},"properties":{"frp":3.15,"date":"2026-09-09","daynight":"D"}},{"type":"Feature","geometry":{"type":"Point","coordinates":[-96.17101,43.98465]},"properties":{"frp":2.82,"date":"2026-09-09","daynight":"D"}},{"type":"Feature","geometry":{"type":"Point","coordinates":[-101.83882,47.35476]},"properties":{"frp":1.62,"date":"2026-09-09","daynight":"D"}},{"type":"Feature","geometry":{"type":"Point","coordinates":[-101.83846,47.35524]},"properties":{"frp":3.58,"date":"2026-09-09","daynight":"D"}},{"type":"Feature","geometry":{"type":"Point","coordinates":[-98.76937,24.14781]},"properties":{"frp":3.62,"date":"2026-09-09","daynight":"D"}},{"type":"Feature","geometry":{"type":"Point","coordinates":[-99.93726,25.57702]},"properties":{"frp":13.57,"date":"2026-09-09","daynight":"D"}},{"type":"Feature","geometry":{"type":"Point","coordinates":[-99.93594,25.57724]},"properties":{"frp":12.04,"date":"2026-09-09","daynight":"D"}},{"type":"Feature","geometry":{"type":"Point","coordinates":[-99.01409,26.58803]},"properties":{"frp":5.14,"date":"2026-09-09","daynight":"D"}},{"type":"Feature","geometry":{"type":"Point","coordinates":[-97.74547,27.23356]},"properties":{"frp":11.61,"date":"2026-09-09","daynight":"D"}},{"type":"Feature","geometry":{"type":"Point","coordinates":[-97.74692,27.2341]},"properties":{"frp":3.99,"date":"2026-09-09","daynight":"D"}},{"type":"Feature","geometry":{"type":"Point","coordinates":[-97.74232,27.23445]},"properties":{"frp":3.99,"date":"2026-09-09","daynight":"D"}},{"type":"Feature","geometry":{"type":"Point","coordinates":[-109.6301,30.49666]},"properties":{"frp":5.71,"date":"2026-09-09","daynight":"D"}},{"type":"Feature","geometry":{"type":"Point","coordinates":[-100.68382,32.05006]},"properties":{"frp":1.25,"date":"2026-09-09","daynight":"D"}},{"type":"Feature","geometry":{"type":"Point","coordinates":[-110.86355,33.41928]},"properties":{"frp":7.09,"date":"2026-09-09","daynight":"D"}},{"type":"Feature","geometry":{"type":"Point","coordinates":[-121.37107,35.96158]},"properties":{"frp":13.71,"date":"2026-09-09","daynight":"D"}},{"type":"Feature","geometry":{"type":"Point","coordinates":[-121.37873,35.96482]},"properties":{"frp":8.58,"date":"2026-09-09","daynight":"D"}},{"type":"Feature","geometry":{"type":"Point","coordinates":[-119.98667,36.44038]},"properties":{"frp":6.58,"date":"2026-09-09","daynight":"D"}},{"type":"Feature","geometry":{"type":"Point","coordinates":[-103.4227,37.66811]},"properties":{"frp":7.3,"date":"2026-09-09","daynight":"D"}},{"type":"Feature","geometry":{"type":"Point","coordinates":[-103.42858,37.67033]},"properties":{"frp":6.07,"date":"2026-09-09","daynight":"D"}},{"type":"Feature","geometry":{"type":"Point","coordinates":[-103.4225,37.67083]},"properties":{"frp":9.59,"date":"2026-09-09","daynight":"D"}},{"type":"Feature","geometry":{"type":"Point","coordinates":[-103.42323,37.67278]},"properties":{"frp":7.3,"date":"2026-09-09","daynight":"D"}},{"type":"Feature","geometry":{"type":"Point","coordinates":[-106.44573,39.21222]},"properties":{"frp":4.93,"date":"2026-09-09","daynight":"D"}},{"type":"Feature","geometry":{"type":"Point","coordinates":[-106.44096,39.21272]},"properties":{"frp":9.35,"date":"2026-09-09","daynight":"D"}},{"type":"Feature","geometry":{"type":"Point","coordinates":[-106.44447,39.21325]},"properties":{"frp":2.47,"date":"2026-09-09","daynight":"D"}},{"type":"Feature","geometry":{"type":"Point","coordinates":[-122.18803,38.48723]},"properties":{"frp":25.01,"date":"2026-09-09","daynight":"D"}},{"type":"Feature","geometry":{"type":"Point","coordinates":[-122.18032,38.48909]},"properties":{"frp":15.5,"date":"2026-09-09","daynight":"D"}},{"type":"Feature","geometry":{"type":"Point","coordinates":[-122.25727,39.60874]},"properties":{"frp":8.62,"date":"2026-09-09","daynight":"D"}},{"type":"Feature","geometry":{"type":"Point","coordinates":[-122.25245,39.60876]},"properties":{"frp":17.69,"date":"2026-09-09","daynight":"D"}},{"type":"Feature","geometry":{"type":"Point","coordinates":[-122.25126,39.61016]},"properties":{"frp":12.87,"date":"2026-09-09","daynight":"D"}},{"type":"Feature","geometry":{"type":"Point","coordinates":[-112.06808,43.64108]},"properties":{"frp":4.5,"date":"2026-09-09","daynight":"D"}},{"type":"Feature","geometry":{"type":"Point","coordinates":[-123.09992,44.7212]},"properties":{"frp":7.21,"date":"2026-09-09","daynight":"D"}},{"type":"Feature","geometry":{"type":"Point","coordinates":[-116.18266,45.91839]},"properties":{"frp":24.75,"date":"2026-09-09","daynight":"D"}},{"type":"Feature","geometry":{"type":"Point","coordinates":[-116.17883,45.92247]},"properties":{"frp":24.75,"date":"2026-09-09","daynight":"D"}},{"type":"Feature","geometry":{"type":"Point","coordinates":[-116.18487,45.92493]},"properties":{"frp":168.39,"date":"2026-09-09","daynight":"D"}},{"type":"Feature","geometry":{"type":"Point","coordinates":[-116.17993,45.92574]},"properties":{"frp":168.39,"date":"2026-09-09","daynight":"D"}},{"type":"Feature","geometry":{"type":"Point","coordinates":[-116.18597,45.92821]},"properties":{"frp":168.39,"date":"2026-09-09","daynight":"D"}},{"type":"Feature","geometry":{"type":"Point","coordinates":[-116.18104,45.92902]},"properties":{"frp":168.39,"date":"2026-09-09","daynight":"D"}},{"type":"Feature","geometry":{"type":"Point","coordinates":[-116.07423,46.00428]},"properties":{"frp":96.26,"date":"2026-09-09","daynight":"D"}},{"type":"Feature","geometry":{"type":"Point","coordinates":[-116.06931,46.00508]},"properties":{"frp":96.26,"date":"2026-09-09","daynight":"D"}},{"type":"Feature","geometry":{"type":"Point","coordinates":[-116.07042,46.00835]},"properties":{"frp":96.26,"date":"2026-09-09","daynight":"D"}},{"type":"Feature","geometry":{"type":"Point","coordinates":[-116.0655,46.00915]},"properties":{"frp":6.25,"date":"2026-09-09","daynight":"D"}},{"type":"Feature","geometry":{"type":"Point","coordinates":[-116.07642,46.01082]},"properties":{"frp":111.62,"date":"2026-09-09","daynight":"D"}},{"type":"Feature","geometry":{"type":"Point","coordinates":[-116.06659,46.01241]},"properties":{"frp":5.99,"date":"2026-09-09","daynight":"D"}},{"type":"Feature","geometry":{"type":"Point","coordinates":[-116.07752,46.01409]},"properties":{"frp":111.62,"date":"2026-09-09","daynight":"D"}},{"type":"Feature","geometry":{"type":"Point","coordinates":[-116.0726,46.01488]},"properties":{"frp":111.62,"date":"2026-09-09","daynight":"D"}},{"type":"Feature","geometry":{"type":"Point","coordinates":[-116.07076,46.06223]},"properties":{"frp":53.77,"date":"2026-09-09","daynight":"D"}},{"type":"Feature","geometry":{"type":"Point","coordinates":[-116.15391,46.06247]},"properties":{"frp":3.26,"date":"2026-09-09","daynight":"D"}},{"type":"Feature","geometry":{"type":"Point","coordinates":[-116.06583,46.06303]},"properties":{"frp":53.77,"date":"2026-09-09","daynight":"D"}},{"type":"Feature","geometry":{"type":"Point","coordinates":[-116.07187,46.0655]},"properties":{"frp":23.2,"date":"2026-09-09","daynight":"D"}},{"type":"Feature","geometry":{"type":"Point","coordinates":[-116.15501,46.06574]},"properties":{"frp":7.13,"date":"2026-09-09","daynight":"D"}},{"type":"Feature","geometry":{"type":"Point","coordinates":[-116.15234,46.07308]},"properties":{"frp":25.47,"date":"2026-09-09","daynight":"D"}},{"type":"Feature","geometry":{"type":"Point","coordinates":[-116.44057,46.21702]},"properties":{"frp":28.96,"date":"2026-09-09","daynight":"D"}},{"type":"Feature","geometry":{"type":"Point","coordinates":[-116.4516,46.21865]},"properties":{"frp":69.0,"date":"2026-09-09","daynight":"D"}},{"type":"Feature","geometry":{"type":"Point","coordinates":[-116.4417,46.22029]},"properties":{"frp":28.96,"date":"2026-09-09","daynight":"D"}},{"type":"Feature","geometry":{"type":"Point","coordinates":[-116.3775,46.26202]},"properties":{"frp":115.83,"date":"2026-09-09","daynight":"D"}},{"type":"Feature","geometry":{"type":"Point","coordinates":[-116.38851,46.26366]},"properties":{"frp":163.14,"date":"2026-09-09","daynight":"D"}},{"type":"Feature","geometry":{"type":"Point","coordinates":[-116.38355,46.26447]},"properties":{"frp":115.83,"date":"2026-09-09","daynight":"D"}},{"type":"Feature","geometry":{"type":"Point","coordinates":[-116.37861,46.26529]},"properties":{"frp":115.83,"date":"2026-09-09","daynight":"D"}},{"type":"Feature","geometry":{"type":"Point","coordinates":[-116.38963,46.26693]},"properties":{"frp":4.79,"date":"2026-09-09","daynight":"D"}},{"type":"Feature","geometry":{"type":"Point","coordinates":[-116.38467,46.26775]},"properties":{"frp":3.27,"date":"2026-09-09","daynight":"D"}},{"type":"Feature","geometry":{"type":"Point","coordinates":[-116.37973,46.26856]},"properties":{"frp":3.27,"date":"2026-09-09","daynight":"D"}},{"type":"Feature","geometry":{"type":"Point","coordinates":[-116.57689,46.2775]},"properties":{"frp":4.89,"date":"2026-09-09","daynight":"D"}},{"type":"Feature","geometry":{"type":"Point","coordinates":[-116.43105,46.28085]},"properties":{"frp":5.16,"date":"2026-09-09","daynight":"D"}},{"type":"Feature","geometry":{"type":"Point","coordinates":[-116.42609,46.28167]},"properties":{"frp":5.16,"date":"2026-09-09","daynight":"D"}},{"type":"Feature","geometry":{"type":"Point","coordinates":[-116.43217,46.28413]},"properties":{"frp":5.16,"date":"2026-09-09","daynight":"D"}},{"type":"Feature","geometry":{"type":"Point","coordinates":[-116.04533,46.3982]},"properties":{"frp":17.16,"date":"2026-09-09","daynight":"D"}},{"type":"Feature","geometry":{"type":"Point","coordinates":[-116.04039,46.399]},"properties":{"frp":24.08,"date":"2026-09-09","daynight":"D"}},{"type":"Feature","geometry":{"type":"Point","coordinates":[-116.05632,46.39987]},"properties":{"frp":3.95,"date":"2026-09-09","daynight":"D"}},{"type":"Feature","geometry":{"type":"Point","coordinates":[-116.05138,46.40067]},"properties":{"frp":17.16,"date":"2026-09-09","daynight":"D"}},{"type":"Feature","geometry":{"type":"Point","coordinates":[-116.04643,46.40147]},"properties":{"frp":17.16,"date":"2026-09-09","daynight":"D"}},{"type":"Feature","geometry":{"type":"Point","coordinates":[-116.0415,46.40226]},"properties":{"frp":24.08,"date":"2026-09-09","daynight":"D"}},{"type":"Feature","geometry":{"type":"Point","coordinates":[-117.47751,47.24052]},"properties":{"frp":7.8,"date":"2026-09-09","daynight":"D"}},{"type":"Feature","geometry":{"type":"Point","coordinates":[-117.47869,47.24382]},"properties":{"frp":3.76,"date":"2026-09-09","daynight":"D"}},{"type":"Feature","geometry":{"type":"Point","coordinates":[-107.51952,47.49064]},"properties":{"frp":12.14,"date":"2026-09-09","daynight":"D"}},{"type":"Feature","geometry":{"type":"Point","coordinates":[-107.5139,47.4911]},"properties":{"frp":8.56,"date":"2026-09-09","daynight":"D"}},{"type":"Feature","geometry":{"type":"Point","coordinates":[-120.56966,47.84388]},"properties":{"frp":11.09,"date":"2026-09-09","daynight":"D"}},{"type":"Feature","geometry":{"type":"Point","coordinates":[-120.56345,47.84511]},"properties":{"frp":7.73,"date":"2026-09-09","daynight":"D"}},{"type":"Feature","geometry":{"type":"Point","coordinates":[-120.34937,47.87968]},"properties":{"frp":5.6,"date":"2026-09-09","daynight":"D"}},{"type":"Feature","geometry":{"type":"Point","coordinates":[-120.34274,47.88097]},"properties":{"frp":5.6,"date":"2026-09-09","daynight":"D"}},{"type":"Feature","geometry":{"type":"Point","coordinates":[-120.34383,47.88451]},"properties":{"frp":48.44,"date":"2026-09-09","daynight":"D"}},{"type":"Feature","geometry":{"type":"Point","coordinates":[-120.35762,47.88556]},"properties":{"frp":5.04,"date":"2026-09-09","daynight":"D"}},{"type":"Feature","geometry":{"type":"Point","coordinates":[-120.35124,47.88681]},"properties":{"frp":48.44,"date":"2026-09-09","daynight":"D"}},{"type":"Feature","geometry":{"type":"Point","coordinates":[-120.56269,47.89058]},"properties":{"frp":7.86,"date":"2026-09-09","daynight":"D"}},{"type":"Feature","geometry":{"type":"Point","coordinates":[-120.56499,47.8914]},"properties":{"frp":8.21,"date":"2026-09-09","daynight":"D"}},{"type":"Feature","geometry":{"type":"Point","coordinates":[-121.37842,35.96497]},"properties":{"frp":64.48,"date":"2026-09-09","daynight":"D"}},{"type":"Feature","geometry":{"type":"Point","coordinates":[-121.37023,35.96519]},"properties":{"frp":65.92,"date":"2026-09-09","daynight":"D"}},{"type":"Feature","geometry":{"type":"Point","coordinates":[-123.09686,44.72011]},"properties":{"frp":5.01,"date":"2026-09-09","daynight":"D"}},{"type":"Feature","geometry":{"type":"Point","coordinates":[-120.84484,48.35875]},"properties":{"frp":8.02,"date":"2026-09-09","daynight":"D"}},{"type":"Feature","geometry":{"type":"Point","coordinates":[-120.85215,48.35894]},"properties":{"frp":8.02,"date":"2026-09-09","daynight":"D"}},{"type":"Feature","geometry":{"type":"Point","coordinates":[-120.84337,48.36601]},"properties":{"frp":8.02,"date":"2026-09-09","daynight":"D"}},{"type":"Feature","geometry":{"type":"Point","coordinates":[-120.8513,48.36621]},"properties":{"frp":10.48,"date":"2026-09-09","daynight":"D"}},{"type":"Feature","geometry":{"type":"Point","coordinates":[-66.01893,45.28213]},"properties":{"frp":2.03,"date":"2026-09-09","daynight":"N"}},{"type":"Feature","geometry":{"type":"Point","coordinates":[-80.35027,35.79642]},"properties":{"frp":0.99,"date":"2026-09-09","daynight":"N"}},{"type":"Feature","geometry":{"type":"Point","coordinates":[-77.44718,37.18435]},"properties":{"frp":0.47,"date":"2026-09-09","daynight":"N"}},{"type":"Feature","geometry":{"type":"Point","coordinates":[-75.63699,39.58836]},"properties":{"frp":1.03,"date":"2026-09-09","daynight":"N"}},{"type":"Feature","geometry":{"type":"Point","coordinates":[-75.63654,39.59386]},"properties":{"frp":1.03,"date":"2026-09-09","daynight":"N"}},{"type":"Feature","geometry":{"type":"Point","coordinates":[-74.12062,40.23743]},"properties":{"frp":0.27,"date":"2026-09-09","daynight":"N"}},{"type":"Feature","geometry":{"type":"Point","coordinates":[-74.11939,40.24762]},"properties":{"frp":0.14,"date":"2026-09-09","daynight":"N"}},{"type":"Feature","geometry":{"type":"Point","coordinates":[-74.2226,40.63507]},"properties":{"frp":1.86,"date":"2026-09-09","daynight":"N"}},{"type":"Feature","geometry":{"type":"Point","coordinates":[-74.22661,40.63531]},"properties":{"frp":1.42,"date":"2026-09-09","daynight":"N"}},{"type":"Feature","geometry":{"type":"Point","coordinates":[-77.71451,40.89424]},"properties":{"frp":1.57,"date":"2026-09-09","daynight":"N"}},{"type":"Feature","geometry":{"type":"Point","coordinates":[-79.88411,33.00648]},"properties":{"frp":1.44,"date":"2026-09-09","daynight":"N"}},{"type":"Feature","geometry":{"type":"Point","coordinates":[-79.88322,33.00751]},"properties":{"frp":1.51,"date":"2026-09-09","daynight":"N"}},{"type":"Feature","geometry":{"type":"Point","coordinates":[-79.89023,33.01329]},"properties":{"frp":2.64,"date":"2026-09-09","daynight":"N"}},{"type":"Feature","geometry":{"type":"Point","coordinates":[-79.88936,33.01435]},"properties":{"frp":2.5,"date":"2026-09-09","daynight":"N"}},{"type":"Feature","geometry":{"type":"Point","coordinates":[-80.33343,35.50681]},"properties":{"frp":1.11,"date":"2026-09-09","daynight":"N"}},{"type":"Feature","geometry":{"type":"Point","coordinates":[-78.41689,35.65349]},"properties":{"frp":0.63,"date":"2026-09-09","daynight":"N"}},{"type":"Feature","geometry":{"type":"Point","coordinates":[-78.41682,35.65451]},"properties":{"frp":0.69,"date":"2026-09-09","daynight":"N"}},{"type":"Feature","geometry":{"type":"Point","coordinates":[-66.01507,45.27816]},"properties":{"frp":2.71,"date":"2026-09-09","daynight":"N"}},{"type":"Feature","geometry":{"type":"Point","coordinates":[-66.01388,45.28111]},"properties":{"frp":3.7,"date":"2026-09-09","daynight":"N"}},{"type":"Feature","geometry":{"type":"Point","coordinates":[-66.02415,45.28156]},"properties":{"frp":2.7,"date":"2026-09-09","daynight":"N"}},{"type":"Feature","geometry":{"type":"Point","coordinates":[-103.1756,47.45846]},"properties":{"frp":1.43,"date":"2026-09-09","daynight":"N"}},{"type":"Feature","geometry":{"type":"Point","coordinates":[-103.32718,48.81077]},"properties":{"frp":0.96,"date":"2026-09-09","daynight":"N"}},{"type":"Feature","geometry":{"type":"Point","coordinates":[-103.33006,48.81079]},"properties":{"frp":1.07,"date":"2026-09-09","daynight":"N"}},{"type":"Feature","geometry":{"type":"Point","coordinates":[-81.36568,39.33383]},"properties":{"frp":0.59,"date":"2026-09-09","daynight":"N"}},{"type":"Feature","geometry":{"type":"Point","coordinates":[-84.40125,39.47327]},"properties":{"frp":1.74,"date":"2026-09-09","daynight":"N"}},{"type":"Feature","geometry":{"type":"Point","coordinates":[-84.38435,39.48504]},"properties":{"frp":2.49,"date":"2026-09-09","daynight":"N"}},{"type":"Feature","geometry":{"type":"Point","coordinates":[-77.17303,39.56151]},"properties":{"frp":1.09,"date":"2026-09-09","daynight":"N"}},{"type":"Feature","geometry":{"type":"Point","coordinates":[-75.63667,39.58814]},"properties":{"frp":1.51,"date":"2026-09-09","daynight":"N"}},{"type":"Feature","geometry":{"type":"Point","coordinates":[-75.63409,39.59345]},"properties":{"frp":1.5,"date":"2026-09-09","daynight":"N"}},{"type":"Feature","geometry":{"type":"Point","coordinates":[-86.48454,39.87679]},"properties":{"frp":1.25,"date":"2026-09-09","daynight":"N"}},{"type":"Feature","geometry":{"type":"Point","coordinates":[-76.81535,39.93996]},"properties":{"frp":0.59,"date":"2026-09-09","daynight":"N"}},{"type":"Feature","geometry":{"type":"Point","coordinates":[-86.83654,39.97429]},"properties":{"frp":1.64,"date":"2026-09-09","daynight":"N"}},{"type":"Feature","geometry":{"type":"Point","coordinates":[-74.77035,40.15339]},"properties":{"frp":0.41,"date":"2026-09-09","daynight":"N"}},{"type":"Feature","geometry":{"type":"Point","coordinates":[-74.76906,40.15483]},"properties":{"frp":0.42,"date":"2026-09-09","daynight":"N"}},{"type":"Feature","geometry":{"type":"Point","coordinates":[-79.85242,40.39221]},"properties":{"frp":2.79,"date":"2026-09-09","daynight":"N"}},{"type":"Feature","geometry":{"type":"Point","coordinates":[-79.85792,40.39354]},"properties":{"frp":2.79,"date":"2026-09-09","daynight":"N"}},{"type":"Feature","geometry":{"type":"Point","coordinates":[-74.21882,40.63746]},"properties":{"frp":1.42,"date":"2026-09-09","daynight":"N"}},{"type":"Feature","geometry":{"type":"Point","coordinates":[-74.22395,40.63897]},"properties":{"frp":1.08,"date":"2026-09-09","daynight":"N"}},{"type":"Feature","geometry":{"type":"Point","coordinates":[-84.1273,40.71965]},"properties":{"frp":0.94,"date":"2026-09-09","daynight":"N"}},{"type":"Feature","geometry":{"type":"Point","coordinates":[-84.12609,40.72319]},"properties":{"frp":5.38,"date":"2026-09-09","daynight":"N"}},{"type":"Feature","geometry":{"type":"Point","coordinates":[-86.43521,40.73612]},"properties":{"frp":1.15,"date":"2026-09-09","daynight":"N"}},{"type":"Feature","geometry":{"type":"Point","coordinates":[-83.36624,41.46198]},"properties":{"frp":0.83,"date":"2026-09-09","daynight":"N"}},{"type":"Feature","geometry":{"type":"Point","coordinates":[-83.36363,41.46917]},"properties":{"frp":2.75,"date":"2026-09-09","daynight":"N"}},{"type":"Feature","geometry":{"type":"Point","coordinates":[-105.29494,41.94683]},"properties":{"frp":2.68,"date":"2026-09-09","daynight":"N"}},{"type":"Feature","geometry":{"type":"Point","coordinates":[-105.30164,41.94687]},"properties":{"frp":3.12,"date":"2026-09-09","daynight":"N"}},{"type":"Feature","geometry":{"type":"Point","coordinates":[-105.30962,41.94692]},"properties":{"frp":3.12,"date":"2026-09-09","daynight":"N"}},{"type":"Feature","geometry":{"type":"Point","coordinates":[-105.28844,41.95367]},"properties":{"frp":2.68,"date":"2026-09-09","daynight":"N"}},{"type":"Feature","geometry":{"type":"Point","coordinates":[-105.29502,41.9537]},"properties":{"frp":2.68,"date":"2026-09-09","daynight":"N"}},{"type":"Feature","geometry":{"type":"Point","coordinates":[-105.2826,41.9605]},"properties":{"frp":4.18,"date":"2026-09-09","daynight":"N"}},{"type":"Feature","geometry":{"type":"Point","coordinates":[-105.28957,41.96054]},"properties":{"frp":4.47,"date":"2026-09-09","daynight":"N"}},{"type":"Feature","geometry":{"type":"Point","coordinates":[-105.29634,41.96058]},"properties":{"frp":4.47,"date":"2026-09-09","daynight":"N"}},{"type":"Feature","geometry":{"type":"Point","coordinates":[-105.3029,41.96063]},"properties":{"frp":4.1,"date":"2026-09-09","daynight":"N"}},{"type":"Feature","geometry":{"type":"Point","coordinates":[-105.30339,41.96751]},"properties":{"frp":4.1,"date":"2026-09-09","daynight":"N"}},{"type":"Feature","geometry":{"type":"Point","coordinates":[-105.31104,41.96756]},"properties":{"frp":4.1,"date":"2026-09-09","daynight":"N"}},{"type":"Feature","geometry":{"type":"Point","coordinates":[-105.32144,41.96762]},"properties":{"frp":3.59,"date":"2026-09-09","daynight":"N"}},{"type":"Feature","geometry":{"type":"Point","coordinates":[-105.33121,41.96769]},"properties":{"frp":3.59,"date":"2026-09-09","daynight":"N"}},{"type":"Feature","geometry":{"type":"Point","coordinates":[-97.36539,42.08701]},"properties":{"frp":1.61,"date":"2026-09-09","daynight":"N"}},{"type":"Feature","geometry":{"type":"Point","coordinates":[-105.8092,43.27376]},"properties":{"frp":1.13,"date":"2026-09-09","daynight":"N"}},{"type":"Feature","geometry":{"type":"Point","coordinates":[-105.79159,43.27383]},"properties":{"frp":0.96,"date":"2026-09-09","daynight":"N"}},{"type":"Feature","geometry":{"type":"Point","coordinates":[-92.0766,46.73223]},"properties":{"frp":2.15,"date":"2026-09-09","daynight":"N"}},{"type":"Feature","geometry":{"type":"Point","coordinates":[-84.97777,32.71761]},"properties":{"frp":1.06,"date":"2026-09-09","daynight":"N"}},{"type":"Feature","geometry":{"type":"Point","coordinates":[-84.98187,32.71846]},"properties":{"frp":1.06,"date":"2026-09-09","daynight":"N"}},{"type":"Feature","geometry":{"type":"Point","coordinates":[-79.88694,33.01358]},"properties":{"frp":1.53,"date":"2026-09-09","daynight":"N"}},{"type":"Feature","geometry":{"type":"Point","coordinates":[-79.88692,33.0142]},"properties":{"frp":1.31,"date":"2026-09-09","daynight":"N"}},{"type":"Feature","geometry":{"type":"Point","coordinates":[-86.65941,33.0522]},"properties":{"frp":2.27,"date":"2026-09-09","daynight":"N"}},{"type":"Feature","geometry":{"type":"Point","coordinates":[-86.66449,33.05317]},"properties":{"frp":0.36,"date":"2026-09-09","daynight":"N"}},{"type":"Feature","geometry":{"type":"Point","coordinates":[-86.80236,33.09087]},"properties":{"frp":1.17,"date":"2026-09-09","daynight":"N"}},{"type":"Feature","geometry":{"type":"Point","coordinates":[-86.79848,33.10525]},"properties":{"frp":1.92,"date":"2026-09-09","daynight":"N"}},{"type":"Feature","geometry":{"type":"Point","coordinates":[-91.89697,33.12845]},"properties":{"frp":0.98,"date":"2026-09-09","daynight":"N"}},{"type":"Feature","geometry":{"type":"Point","coordinates":[-91.90112,33.12907]},"properties":{"frp":0.98,"date":"2026-09-09","daynight":"N"}},{"type":"Feature","geometry":{"type":"Point","coordinates":[-91.90527,33.12969]},"properties":{"frp":1.05,"date":"2026-09-09","daynight":"N"}},{"type":"Feature","geometry":{"type":"Point","coordinates":[-91.90942,33.13031]},"properties":{"frp":1.05,"date":"2026-09-09","daynight":"N"}},{"type":"Feature","geometry":{"type":"Point","coordinates":[-91.90042,33.13239]},"properties":{"frp":0.98,"date":"2026-09-09","daynight":"N"}},{"type":"Feature","geometry":{"type":"Point","coordinates":[-86.79256,33.21767]},"properties":{"frp":1.3,"date":"2026-09-09","daynight":"N"}},{"type":"Feature","geometry":{"type":"Point","coordinates":[-86.79099,33.21798]},"properties":{"frp":1.9,"date":"2026-09-09","daynight":"N"}},{"type":"Feature","geometry":{"type":"Point","coordinates":[-86.81245,33.22143]},"properties":{"frp":0.95,"date":"2026-09-09","daynight":"N"}},{"type":"Feature","geometry":{"type":"Point","coordinates":[-86.81738,33.22236]},"properties":{"frp":0.95,"date":"2026-09-09","daynight":"N"}},{"type":"Feature","geometry":{"type":"Point","coordinates":[-86.81577,33.22279]},"properties":{"frp":1.53,"date":"2026-09-09","daynight":"N"}},{"type":"Feature","geometry":{"type":"Point","coordinates":[-87.51105,33.23075]},"properties":{"frp":2.2,"date":"2026-09-09","daynight":"N"}},{"type":"Feature","geometry":{"type":"Point","coordinates":[-87.50921,33.23773]},"properties":{"frp":1.1,"date":"2026-09-09","daynight":"N"}},{"type":"Feature","geometry":{"type":"Point","coordinates":[-83.12579,33.32514]},"properties":{"frp":1.32,"date":"2026-09-09","daynight":"N"}},{"type":"Feature","geometry":{"type":"Point","coordinates":[-85.50509,33.33975]},"properties":{"frp":0.61,"date":"2026-09-09","daynight":"N"}},{"type":"Feature","geometry":{"type":"Point","coordinates":[-88.57005,33.43837]},"properties":{"frp":0.89,"date":"2026-09-09","daynight":"N"}},{"type":"Feature","geometry":{"type":"Point","coordinates":[-88.57182,33.43911]},"properties":{"frp":2.94,"date":"2026-09-09","daynight":"N"}},{"type":"Feature","geometry":{"type":"Point","coordinates":[-88.58051,33.44065]},"properties":{"frp":1.68,"date":"2026-09-09","daynight":"N"}},{"type":"Feature","geometry":{"type":"Point","coordinates":[-88.57097,33.44247]},"properties":{"frp":2.94,"date":"2026-09-09","daynight":"N"}},{"type":"Feature","geometry":{"type":"Point","coordinates":[-88.57967,33.44402]},"properties":{"frp":1.68,"date":"2026-09-09","daynight":"N"}},{"type":"Feature","geometry":{"type":"Point","coordinates":[-88.56931,33.44921]},"properties":{"frp":1.3,"date":"2026-09-09","daynight":"N"}},{"type":"Feature","geometry":{"type":"Point","coordinates":[-86.77948,33.58338]},"properties":{"frp":1.58,"date":"2026-09-09","daynight":"N"}},{"type":"Feature","geometry":{"type":"Point","coordinates":[-93.15599,33.90685]},"properties":{"frp":1.95,"date":"2026-09-09","daynight":"N"}},{"type":"Feature","geometry":{"type":"Point","coordinates":[-95.45101,34.2082]},"properties":{"frp":1.57,"date":"2026-09-09","daynight":"N"}},{"type":"Feature","geometry":{"type":"Point","coordinates":[-98.68471,34.84422]},"properties":{"frp":2.3,"date":"2026-09-09","daynight":"N"}},{"type":"Feature","geometry":{"type":"Point","coordinates":[-98.69041,34.84473]},"properties":{"frp":3.7,"date":"2026-09-09","daynight":"N"}},{"type":"Feature","geometry":{"type":"Point","coordinates":[-98.68412,34.84881]},"properties":{"frp":1.31,"date":"2026-09-09","daynight":"N"}},{"type":"Feature","geometry":{"type":"Point","coordinates":[-98.68983,34.84933]},"properties":{"frp":1.85,"date":"2026-09-09","daynight":"N"}},{"type":"Feature","geometry":{"type":"Point","coordinates":[-98.67789,34.85291]},"properties":{"frp":1.31,"date":"2026-09-09","daynight":"N"}},{"type":"Feature","geometry":{"type":"Point","coordinates":[-98.68361,34.85342]},"properties":{"frp":1.31,"date":"2026-09-09","daynight":"N"}},{"type":"Feature","geometry":{"type":"Point","coordinates":[-98.68303,34.85801]},"properties":{"frp":0.59,"date":"2026-09-09","daynight":"N"}},{"type":"Feature","geometry":{"type":"Point","coordinates":[-90.03715,34.98227]},"properties":{"frp":0.94,"date":"2026-09-09","daynight":"N"}},{"type":"Feature","geometry":{"type":"Point","coordinates":[-90.04131,34.98294]},"properties":{"frp":0.94,"date":"2026-09-09","daynight":"N"}},{"type":"Feature","geometry":{"type":"Point","coordinates":[-90.16605,35.04723]},"properties":{"frp":1.79,"date":"2026-09-09","daynight":"N"}},{"type":"Feature","geometry":{"type":"Point","coordinates":[-80.33126,35.50238]},"properties":{"frp":1.66,"date":"2026-09-09","daynight":"N"}},{"type":"Feature","geometry":{"type":"Point","coordinates":[-89.94509,35.60876]},"properties":{"frp":0.54,"date":"2026-09-09","daynight":"N"}},{"type":"Feature","geometry":{"type":"Point","coordinates":[-78.41296,35.65273]},"properties":{"frp":0.52,"date":"2026-09-09","daynight":"N"}},{"type":"Feature","geometry":{"type":"Point","coordinates":[-101.43695,35.66794]},"properties":{"frp":1.78,"date":"2026-09-09","daynight":"N"}},{"type":"Feature","geometry":{"type":"Point","coordinates":[-101.3747,35.70218]},"properties":{"frp":1.2,"date":"2026-09-09","daynight":"N"}},{"type":"Feature","geometry":{"type":"Point","coordinates":[-91.74612,35.79383]},"properties":{"frp":1.91,"date":"2026-09-09","daynight":"N"}},{"type":"Feature","geometry":{"type":"Point","coordinates":[-80.34926,35.79622]},"properties":{"frp":1.77,"date":"2026-09-09","daynight":"N"}},{"type":"Feature","geometry":{"type":"Point","coordinates":[-91.74539,35.79718]},"properties":{"frp":0.86,"date":"2026-09-09","daynight":"N"}},{"type":"Feature","geometry":{"type":"Point","coordinates":[-80.34663,35.79986]},"properties":{"frp":2.17,"date":"2026-09-09","daynight":"N"}},{"type":"Feature","geometry":{"type":"Point","coordinates":[-89.78255,35.88976]},"properties":{"frp":1.04,"date":"2026-09-09","daynight":"N"}},{"type":"Feature","geometry":{"type":"Point","coordinates":[-89.78176,35.89304]},"properties":{"frp":4.45,"date":"2026-09-09","daynight":"N"}},{"type":"Feature","geometry":{"type":"Point","coordinates":[-89.71123,35.93652]},"properties":{"frp":1.71,"date":"2026-09-09","daynight":"N"}},{"type":"Feature","geometry":{"type":"Point","coordinates":[-89.71545,35.93719]},"properties":{"frp":1.71,"date":"2026-09-09","daynight":"N"}},{"type":"Feature","geometry":{"type":"Point","coordinates":[-89.71465,35.94047]},"properties":{"frp":1.71,"date":"2026-09-09","daynight":"N"}},{"type":"Feature","geometry":{"type":"Point","coordinates":[-83.95787,35.98105]},"properties":{"frp":4.78,"date":"2026-09-09","daynight":"N"}},{"type":"Feature","geometry":{"type":"Point","coordinates":[-95.81528,36.1972]},"properties":{"frp":3.53,"date":"2026-09-09","daynight":"N"}},{"type":"Feature","geometry":{"type":"Point","coordinates":[-87.40533,36.45809]},"properties":{"frp":3.07,"date":"2026-09-09","daynight":"N"}},{"type":"Feature","geometry":{"type":"Point","coordinates":[-87.40443,36.46146]},"properties":{"frp":6.78,"date":"2026-09-09","daynight":"N"}},{"type":"Feature","geometry":{"type":"Point","coordinates":[-97.83943,36.52122]},"properties":{"frp":3.99,"date":"2026-09-09","daynight":"N"}},{"type":"Feature","geometry":{"type":"Point","coordinates":[-77.44852,37.17882]},"properties":{"frp":0.64,"date":"2026-09-09","daynight":"N"}},{"type":"Feature","geometry":{"type":"Point","coordinates":[-77.44962,37.18075]},"properties":{"frp":0.99,"date":"2026-09-09","daynight":"N"}},{"type":"Feature","geometry":{"type":"Point","coordinates":[-82.04132,37.23327]},"properties":{"frp":1.9,"date":"2026-09-09","daynight":"N"}},{"type":"Feature","geometry":{"type":"Point","coordinates":[-80.00232,37.2727]},"properties":{"frp":0.63,"date":"2026-09-09","daynight":"N"}},{"type":"Feature","geometry":{"type":"Point","coordinates":[-80.00059,37.27337]},"properties":{"frp":1.21,"date":"2026-09-09","daynight":"N"}},{"type":"Feature","geometry":{"type":"Point","coordinates":[-81.20473,37.31464]},"properties":{"frp":1.5,"date":"2026-09-09","daynight":"N"}},{"type":"Feature","geometry":{"type":"Point","coordinates":[-82.96322,37.71096]},"properties":{"frp":2.09,"date":"2026-09-09","daynight":"N"}},{"type":"Feature","geometry":{"type":"Point","coordinates":[-82.96751,37.71188]},"properties":{"frp":2.13,"date":"2026-09-09","daynight":"N"}},{"type":"Feature","geometry":{"type":"Point","coordinates":[-90.07982,37.96751]},"properties":{"frp":2.24,"date":"2026-09-09","daynight":"N"}},{"type":"Feature","geometry":{"type":"Point","coordinates":[-90.06873,37.97606]},"properties":{"frp":1.34,"date":"2026-09-09","daynight":"N"}},{"type":"Feature","geometry":{"type":"Point","coordinates":[-90.07899,38.0083]},"properties":{"frp":1.36,"date":"2026-09-09","daynight":"N"}},{"type":"Feature","geometry":{"type":"Point","coordinates":[-90.08336,38.00896]},"properties":{"frp":1.71,"date":"2026-09-09","daynight":"N"}},{"type":"Feature","geometry":{"type":"Point","coordinates":[-82.83502,38.596]},"properties":{"frp":0.37,"date":"2026-09-09","daynight":"N"}},{"type":"Feature","geometry":{"type":"Point","coordinates":[-82.82938,38.59898]},"properties":{"frp":0.92,"date":"2026-09-09","daynight":"N"}},{"type":"Feature","geometry":{"type":"Point","coordinates":[-90.13042,38.69359]},"properties":{"frp":1.19,"date":"2026-09-09","daynight":"N"}},{"type":"Feature","geometry":{"type":"Point","coordinates":[-90.13484,38.69426]},"properties":{"frp":1.19,"date":"2026-09-09","daynight":"N"}},{"type":"Feature","geometry":{"type":"Point","coordinates":[-90.14813,38.69624]},"properties":{"frp":1.36,"date":"2026-09-09","daynight":"N"}},{"type":"Feature","geometry":{"type":"Point","coordinates":[-90.13404,38.69755]},"properties":{"frp":1.19,"date":"2026-09-09","daynight":"N"}},{"type":"Feature","geometry":{"type":"Point","coordinates":[-82.57781,38.72932]},"properties":{"frp":0.99,"date":"2026-09-09","daynight":"N"}},{"type":"Feature","geometry":{"type":"Point","coordinates":[-82.58222,38.73028]},"properties":{"frp":0.99,"date":"2026-09-09","daynight":"N"}},{"type":"Feature","geometry":{"type":"Point","coordinates":[-84.9939,38.75906]},"properties":{"frp":1.65,"date":"2026-09-09","daynight":"N"}},{"type":"Feature","geometry":{"type":"Point","coordinates":[-91.76665,38.76171]},"properties":{"frp":2.9,"date":"2026-09-09","daynight":"N"}},{"type":"Feature","geometry":{"type":"Point","coordinates":[-84.99788,38.76359]},"properties":{"frp":1.47,"date":"2026-09-09","daynight":"N"}},{"type":"Feature","geometry":{"type":"Point","coordinates":[-93.83173,39.11818]},"properties":{"frp":1.73,"date":"2026-09-09","daynight":"N"}},{"type":"Feature","geometry":{"type":"Point","coordinates":[-97.20152,27.8232]},"properties":{"frp":2.8,"date":"2026-09-09","daynight":"N"}},{"type":"Feature","geometry":{"type":"Point","coordinates":[-97.20693,27.82386]},"properties":{"frp":2.8,"date":"2026-09-09","daynight":"N"}},{"type":"Feature","geometry":{"type":"Point","coordinates":[-97.19548,27.8264]},"properties":{"frp":4.03,"date":"2026-09-09","daynight":"N"}},{"type":"Feature","geometry":{"type":"Point","coordinates":[-99.16569,28.32536]},"properties":{"frp":0.66,"date":"2026-09-09","daynight":"N"}},{"type":"Feature","geometry":{"type":"Point","coordinates":[-97.86514,28.93557]},"properties":{"frp":1.92,"date":"2026-09-09","daynight":"N"}},{"type":"Feature","geometry":{"type":"Point","coordinates":[-97.52082,29.06108]},"properties":{"frp":0.79,"date":"2026-09-09","daynight":"N"}},{"type":"Feature","geometry":{"type":"Point","coordinates":[-95.74789,29.06832]},"properties":{"frp":2.35,"date":"2026-09-09","daynight":"N"}},{"type":"Feature","geometry":{"type":"Point","coordinates":[-95.75272,29.06894]},"properties":{"frp":2.1,"date":"2026-09-09","daynight":"N"}},{"type":"Feature","geometry":{"type":"Point","coordinates":[-81.55489,29.43378]},"properties":{"frp":0.85,"date":"2026-09-09","daynight":"N"}},{"type":"Feature","geometry":{"type":"Point","coordinates":[-81.5542,29.43435]},"properties":{"frp":0.77,"date":"2026-09-09","daynight":"N"}},{"type":"Feature","geometry":{"type":"Point","coordinates":[-98.03175,29.57642]},"properties":{"frp":2.87,"date":"2026-09-09","daynight":"N"}},{"type":"Feature","geometry":{"type":"Point","coordinates":[-98.03603,29.57687]},"properties":{"frp":2.87,"date":"2026-09-09","daynight":"N"}},{"type":"Feature","geometry":{"type":"Point","coordinates":[-98.03368,29.57889]},"properties":{"frp":4.68,"date":"2026-09-09","daynight":"N"}},{"type":"Feature","geometry":{"type":"Point","coordinates":[-94.27062,29.60781]},"properties":{"frp":1.09,"date":"2026-09-09","daynight":"N"}},{"type":"Feature","geometry":{"type":"Point","coordinates":[-94.27493,29.60841]},"properties":{"frp":1.09,"date":"2026-09-09","daynight":"N"}},{"type":"Feature","geometry":{"type":"Point","coordinates":[-94.28355,29.60961]},"properties":{"frp":1.09,"date":"2026-09-09","daynight":"N"}},{"type":"Feature","geometry":{"type":"Point","coordinates":[-94.26999,29.61124]},"properties":{"frp":3.45,"date":"2026-09-09","daynight":"N"}},{"type":"Feature","geometry":{"type":"Point","coordinates":[-94.29156,29.61426]},"properties":{"frp":0.61,"date":"2026-09-09","daynight":"N"}},{"type":"Feature","geometry":{"type":"Point","coordinates":[-94.27798,29.61588]},"properties":{"frp":1.42,"date":"2026-09-09","daynight":"N"}},{"type":"Feature","geometry":{"type":"Point","coordinates":[-94.28661,29.61709]},"properties":{"frp":0.61,"date":"2026-09-09","daynight":"N"}},{"type":"Feature","geometry":{"type":"Point","coordinates":[-94.29092,29.61769]},"properties":{"frp":0.61,"date":"2026-09-09","daynight":"N"}},{"type":"Feature","geometry":{"type":"Point","coordinates":[-94.2681,29.62155]},"properties":{"frp":3.06,"date":"2026-09-09","daynight":"N"}},{"type":"Feature","geometry":{"type":"Point","coordinates":[-94.29893,29.62234]},"properties":{"frp":0.75,"date":"2026-09-09","daynight":"N"}},{"type":"Feature","geometry":{"type":"Point","coordinates":[-95.05229,29.62462]},"properties":{"frp":3.6,"date":"2026-09-09","daynight":"N"}},{"type":"Feature","geometry":{"type":"Point","coordinates":[-94.26747,29.62499]},"properties":{"frp":22.7,"date":"2026-09-09","daynight":"N"}},{"type":"Feature","geometry":{"type":"Point","coordinates":[-94.27178,29.62559]},"properties":{"frp":22.7,"date":"2026-09-09","daynight":"N"}},{"type":"Feature","geometry":{"type":"Point","coordinates":[-94.2983,29.62578]},"properties":{"frp":0.75,"date":"2026-09-09","daynight":"N"}},{"type":"Feature","geometry":{"type":"Point","coordinates":[-94.26685,29.62842]},"properties":{"frp":22.7,"date":"2026-09-09","daynight":"N"}},{"type":"Feature","geometry":{"type":"Point","coordinates":[-94.27115,29.62903]},"properties":{"frp":22.7,"date":"2026-09-09","daynight":"N"}},{"type":"Feature","geometry":{"type":"Point","coordinates":[-94.27546,29.62963]},"properties":{"frp":1.83,"date":"2026-09-09","daynight":"N"}},{"type":"Feature","geometry":{"type":"Point","coordinates":[-94.27978,29.63024]},"properties":{"frp":1.83,"date":"2026-09-09","daynight":"N"}},{"type":"Feature","geometry":{"type":"Point","coordinates":[-94.27052,29.63247]},"properties":{"frp":5.03,"date":"2026-09-09","daynight":"N"}},{"type":"Feature","geometry":{"type":"Point","coordinates":[-94.27483,29.63307]},"properties":{"frp":1.48,"date":"2026-09-09","daynight":"N"}},{"type":"Feature","geometry":{"type":"Point","coordinates":[-94.27915,29.63368]},"properties":{"frp":1.48,"date":"2026-09-09","daynight":"N"}},{"type":"Feature","geometry":{"type":"Point","coordinates":[-94.27421,29.63651]},"properties":{"frp":1.48,"date":"2026-09-09","daynight":"N"}},{"type":"Feature","geometry":{"type":"Point","coordinates":[-95.0154,29.74587]},"properties":{"frp":5.15,"date":"2026-09-09","daynight":"N"}},{"type":"Feature","geometry":{"type":"Point","coordinates":[-94.99842,29.7468]},"properties":{"frp":4.84,"date":"2026-09-09","daynight":"N"}},{"type":"Feature","geometry":{"type":"Point","coordinates":[-94.99641,29.74692]},"properties":{"frp":4.38,"date":"2026-09-09","daynight":"N"}},{"type":"Feature","geometry":{"type":"Point","coordinates":[-95.01096,29.75568]},"properties":{"frp":4.72,"date":"2026-09-09","daynight":"N"}},{"type":"Feature","geometry":{"type":"Point","coordinates":[-93.89036,29.96696]},"properties":{"frp":2.98,"date":"2026-09-09","daynight":"N"}},{"type":"Feature","geometry":{"type":"Point","coordinates":[-93.8946,29.96755]},"properties":{"frp":9.52,"date":"2026-09-09","daynight":"N"}},{"type":"Feature","geometry":{"type":"Point","coordinates":[-93.88971,29.97036]},"properties":{"frp":2.31,"date":"2026-09-09","daynight":"N"}},{"type":"Feature","geometry":{"type":"Point","coordinates":[-93.89396,29.97096]},"properties":{"frp":3.0,"date":"2026-09-09","daynight":"N"}},{"type":"Feature","geometry":{"type":"Point","coordinates":[-93.84097,29.99837]},"properties":{"frp":1.02,"date":"2026-09-09","daynight":"N"}},{"type":"Feature","geometry":{"type":"Point","coordinates":[-90.40413,29.99924]},"properties":{"frp":2.0,"date":"2026-09-09","daynight":"N"}},{"type":"Feature","geometry":{"type":"Point","coordinates":[-90.39935,30.00188]},"properties":{"frp":1.85,"date":"2026-09-09","daynight":"N"}},{"type":"Feature","geometry":{"type":"Point","coordinates":[-90.4034,30.00256]},"properties":{"frp":2.14,"date":"2026-09-09","daynight":"N"}},{"type":"Feature","geometry":{"type":"Point","coordinates":[-93.33292,30.04399]},"properties":{"frp":0.61,"date":"2026-09-09","daynight":"N"}},{"type":"Feature","geometry":{"type":"Point","coordinates":[-93.33704,30.04459]},"properties":{"frp":0.61,"date":"2026-09-09","daynight":"N"}},{"type":"Feature","geometry":{"type":"Point","coordinates":[-93.3364,30.04795]},"properties":{"frp":0.78,"date":"2026-09-09","daynight":"N"}},{"type":"Feature","geometry":{"type":"Point","coordinates":[-93.33529,30.14938]},"properties":{"frp":3.77,"date":"2026-09-09","daynight":"N"}},{"type":"Feature","geometry":{"type":"Point","coordinates":[-88.48595,30.34203]},"properties":{"frp":3.87,"date":"2026-09-09","daynight":"N"}},{"type":"Feature","geometry":{"type":"Point","coordinates":[-91.17597,30.48429]},"properties":{"frp":0.93,"date":"2026-09-09","daynight":"N"}},{"type":"Feature","geometry":{"type":"Point","coordinates":[-91.17994,30.48492]},"properties":{"frp":1.81,"date":"2026-09-09","daynight":"N"}},{"type":"Feature","geometry":{"type":"Point","coordinates":[-91.2417,30.58359]},"properties":{"frp":1.61,"date":"2026-09-09","daynight":"N"}},{"type":"Feature","geometry":{"type":"Point","coordinates":[-81.72634,30.69406]},"properties":{"frp":0.52,"date":"2026-09-09","daynight":"N"}},{"type":"Feature","geometry":{"type":"Point","coordinates":[-81.72633,30.69469]},"properties":{"frp":0.6,"date":"2026-09-09","daynight":"N"}},{"type":"Feature","geometry":{"type":"Point","coordinates":[-94.40095,30.70528]},"properties":{"frp":1.95,"date":"2026-09-09","daynight":"N"}},{"type":"Feature","geometry":{"type":"Point","coordinates":[-94.40543,30.70589]},"properties":{"frp":1.48,"date":"2026-09-09","daynight":"N"}},{"type":"Feature","geometry":{"type":"Point","coordinates":[-88.01353,30.94184]},"properties":{"frp":5.09,"date":"2026-09-09","daynight":"N"}},{"type":"Feature","geometry":{"type":"Point","coordinates":[-88.01266,30.94537]},"properties":{"frp":1.5,"date":"2026-09-09","daynight":"N"}},{"type":"Feature","geometry":{"type":"Point","coordinates":[-98.65334,31.06649]},"properties":{"frp":1.38,"date":"2026-09-09","daynight":"N"}},{"type":"Feature","geometry":{"type":"Point","coordinates":[-98.65816,31.06697]},"properties":{"frp":1.9,"date":"2026-09-09","daynight":"N"}},{"type":"Feature","geometry":{"type":"Point","coordinates":[-98.65746,31.07134]},"properties":{"frp":1.9,"date":"2026-09-09","daynight":"N"}},{"type":"Feature","geometry":{"type":"Point","coordinates":[-98.66721,31.07231]},"properties":{"frp":2.13,"date":"2026-09-09","daynight":"N"}},{"type":"Feature","geometry":{"type":"Point","coordinates":[-87.98608,31.14886]},"properties":{"frp":2.27,"date":"2026-09-09","daynight":"N"}},{"type":"Feature","geometry":{"type":"Point","coordinates":[-87.99075,31.14973]},"properties":{"frp":1.48,"date":"2026-09-09","daynight":"N"}},{"type":"Feature","geometry":{"type":"Point","coordinates":[-87.97964,31.15502]},"properties":{"frp":4.16,"date":"2026-09-09","daynight":"N"}},{"type":"Feature","geometry":{"type":"Point","coordinates":[-87.98255,31.16293]},"properties":{"frp":1.79,"date":"2026-09-09","daynight":"N"}},{"type":"Feature","geometry":{"type":"Point","coordinates":[-101.85383,31.17402]},"properties":{"frp":0.81,"date":"2026-09-09","daynight":"N"}},{"type":"Feature","geometry":{"type":"Point","coordinates":[-101.82146,31.31867]},"properties":{"frp":1.55,"date":"2026-09-09","daynight":"N"}},{"type":"Feature","geometry":{"type":"Point","coordinates":[-101.82101,31.32009]},"properties":{"frp":1.83,"date":"2026-09-09","daynight":"N"}},{"type":"Feature","geometry":{"type":"Point","coordinates":[-96.17282,31.35214]},"properties":{"frp":2.02,"date":"2026-09-09","daynight":"N"}},{"type":"Feature","geometry":{"type":"Point","coordinates":[-101.78164,31.36397]},"properties":{"frp":2.91,"date":"2026-09-09","daynight":"N"}},{"type":"Feature","geometry":{"type":"Point","coordinates":[-103.49371,31.37605]},"properties":{"frp":1.28,"date":"2026-09-09","daynight":"N"}},{"type":"Feature","geometry":{"type":"Point","coordinates":[-102.88766,31.47667]},"properties":{"frp":1.3,"date":"2026-09-09","daynight":"N"}},{"type":"Feature","geometry":{"type":"Point","coordinates":[-90.05157,31.49355]},"properties":{"frp":0.6,"date":"2026-09-09","daynight":"N"}},{"type":"Feature","geometry":{"type":"Point","coordinates":[-102.96414,31.58134]},"properties":{"frp":0.71,"date":"2026-09-09","daynight":"N"}},{"type":"Feature","geometry":{"type":"Point","coordinates":[-101.75439,31.61093]},"properties":{"frp":1.27,"date":"2026-09-09","daynight":"N"}},{"type":"Feature","geometry":{"type":"Point","coordinates":[-101.82069,31.62475]},"properties":{"frp":1.1,"date":"2026-09-09","daynight":"N"}},{"type":"Feature","geometry":{"type":"Point","coordinates":[-101.81893,31.62664]},"properties":{"frp":1.14,"date":"2026-09-09","daynight":"N"}},{"type":"Feature","geometry":{"type":"Point","coordinates":[-102.19482,31.70553]},"properties":{"frp":0.74,"date":"2026-09-09","daynight":"N"}},{"type":"Feature","geometry":{"type":"Point","coordinates":[-101.79421,31.8416]},"properties":{"frp":1.03,"date":"2026-09-09","daynight":"N"}},{"type":"Feature","geometry":{"type":"Point","coordinates":[-101.79811,31.84191]},"properties":{"frp":1.03,"date":"2026-09-09","daynight":"N"}},{"type":"Feature","geometry":{"type":"Point","coordinates":[-101.79567,31.84499]},"properties":{"frp":1.56,"date":"2026-09-09","daynight":"N"}},{"type":"Feature","geometry":{"type":"Point","coordinates":[-101.80483,31.85319]},"properties":{"frp":0.75,"date":"2026-09-09","daynight":"N"}},{"type":"Feature","geometry":{"type":"Point","coordinates":[-96.11072,31.89476]},"properties":{"frp":3.59,"date":"2026-09-09","daynight":"N"}},{"type":"Feature","geometry":{"type":"Point","coordinates":[-101.24017,31.97312]},"properties":{"frp":0.8,"date":"2026-09-09","daynight":"N"}},{"type":"Feature","geometry":{"type":"Point","coordinates":[-100.68752,32.04974]},"properties":{"frp":6.1,"date":"2026-09-09","daynight":"N"}},{"type":"Feature","geometry":{"type":"Point","coordinates":[-103.8768,32.097]},"properties":{"frp":1.53,"date":"2026-09-09","daynight":"N"}},{"type":"Feature","geometry":{"type":"Point","coordinates":[-103.88218,32.09729]},"properties":{"frp":1.53,"date":"2026-09-09","daynight":"N"}},{"type":"Feature","geometry":{"type":"Point","coordinates":[-103.87616,32.10118]},"properties":{"frp":2.07,"date":"2026-09-09","daynight":"N"}},{"type":"Feature","geometry":{"type":"Point","coordinates":[-103.88155,32.1015]},"properties":{"frp":1.7,"date":"2026-09-09","daynight":"N"}},{"type":"Feature","geometry":{"type":"Point","coordinates":[-102.43547,32.13267]},"properties":{"frp":1.98,"date":"2026-09-09","daynight":"N"}},{"type":"Feature","geometry":{"type":"Point","coordinates":[-97.55253,32.24663]},"properties":{"frp":1.55,"date":"2026-09-09","daynight":"N"}},{"type":"Feature","geometry":{"type":"Point","coordinates":[-90.13759,32.3133]},"properties":{"frp":1.61,"date":"2026-09-09","daynight":"N"}},{"type":"Feature","geometry":{"type":"Point","coordinates":[-101.67589,32.53481]},"properties":{"frp":3.85,"date":"2026-09-09","daynight":"N"}},{"type":"Feature","geometry":{"type":"Point","coordinates":[-103.79212,32.70109]},"properties":{"frp":1.2,"date":"2026-09-09","daynight":"N"}},{"type":"Feature","geometry":{"type":"Point","coordinates":[-103.78984,32.70277]},"properties":{"frp":1.12,"date":"2026-09-09","daynight":"N"}},{"type":"Feature","geometry":{"type":"Point","coordinates":[-104.39806,32.84934]},"properties":{"frp":1.26,"date":"2026-09-09","daynight":"N"}},{"type":"Feature","geometry":{"type":"Point","coordinates":[-104.3978,32.85152]},"properties":{"frp":1.51,"date":"2026-09-09","daynight":"N"}},{"type":"Feature","geometry":{"type":"Point","coordinates":[-102.74615,32.97551]},"properties":{"frp":1.0,"date":"2026-09-09","daynight":"N"}},{"type":"Feature","geometry":{"type":"Point","coordinates":[-102.74916,32.97747]},"properties":{"frp":0.84,"date":"2026-09-09","daynight":"N"}},{"type":"Feature","geometry":{"type":"Point","coordinates":[-102.21616,33.33888]},"properties":{"frp":0.78,"date":"2026-09-09","daynight":"N"}},{"type":"Feature","geometry":{"type":"Point","coordinates":[-102.21839,33.34362]},"properties":{"frp":1.42,"date":"2026-09-09","daynight":"N"}},{"type":"Feature","geometry":{"type":"Point","coordinates":[-102.21561,33.34443]},"properties":{"frp":0.56,"date":"2026-09-09","daynight":"N"}},{"type":"Feature","geometry":{"type":"Point","coordinates":[-101.74118,33.52438]},"properties":{"frp":0.81,"date":"2026-09-09","daynight":"N"}},{"type":"Feature","geometry":{"type":"Point","coordinates":[-101.74087,33.52801]},"properties":{"frp":0.88,"date":"2026-09-09","daynight":"N"}},{"type":"Feature","geometry":{"type":"Point","coordinates":[-99.93854,25.58074]},"properties":{"frp":4.15,"date":"2026-09-09","daynight":"N"}},{"type":"Feature","geometry":{"type":"Point","coordinates":[-99.46046,25.67596]},"properties":{"frp":1.23,"date":"2026-09-09","daynight":"N"}},{"type":"Feature","geometry":{"type":"Point","coordinates":[-100.29758,25.6995]},"properties":{"frp":2.87,"date":"2026-09-09","daynight":"N"}},{"type":"Feature","geometry":{"type":"Point","coordinates":[-100.29968,25.72272]},"properties":{"frp":2.47,"date":"2026-09-09","daynight":"N"}},{"type":"Feature","geometry":{"type":"Point","coordinates":[-100.30473,25.72326]},"properties":{"frp":3.03,"date":"2026-09-09","daynight":"N"}},{"type":"Feature","geometry":{"type":"Point","coordinates":[-100.23544,25.74787]},"properties":{"frp":1.32,"date":"2026-09-09","daynight":"N"}},{"type":"Feature","geometry":{"type":"Point","coordinates":[-100.2338,25.74913]},"properties":{"frp":1.57,"date":"2026-09-09","daynight":"N"}},{"type":"Feature","geometry":{"type":"Point","coordinates":[-97.36199,42.07895]},"properties":{"frp":1.5,"date":"2026-09-09","daynight":"N"}},{"type":"Feature","geometry":{"type":"Point","coordinates":[-105.78444,43.27114]},"properties":{"frp":0.48,"date":"2026-09-09","daynight":"N"}},{"type":"Feature","geometry":{"type":"Point","coordinates":[-105.80518,43.27148]},"properties":{"frp":0.8,"date":"2026-09-09","daynight":"N"}},{"type":"Feature","geometry":{"type":"Point","coordinates":[-120.21407,45.64491]},"properties":{"frp":0.84,"date":"2026-09-09","daynight":"N"}},{"type":"Feature","geometry":{"type":"Point","coordinates":[-111.47624,45.94696]},"properties":{"frp":1.13,"date":"2026-09-09","daynight":"N"}},{"type":"Feature","geometry":{"type":"Point","coordinates":[-92.08179,46.72929]},"properties":{"frp":1.12,"date":"2026-09-09","daynight":"N"}},{"type":"Feature","geometry":{"type":"Point","coordinates":[-103.1727,47.45815]},"properties":{"frp":0.98,"date":"2026-09-09","daynight":"N"}},{"type":"Feature","geometry":{"type":"Point","coordinates":[-103.7561,47.56796]},"properties":{"frp":0.48,"date":"2026-09-09","daynight":"N"}},{"type":"Feature","geometry":{"type":"Point","coordinates":[-122.34566,47.56803]},"properties":{"frp":1.01,"date":"2026-09-09","daynight":"N"}},{"type":"Feature","geometry":{"type":"Point","coordinates":[-122.34307,47.5686]},"properties":{"frp":1.15,"date":"2026-09-09","daynight":"N"}},{"type":"Feature","geometry":{"type":"Point","coordinates":[-120.56876,47.84225]},"properties":{"frp":2.48,"date":"2026-09-09","daynight":"N"}},{"type":"Feature","geometry":{"type":"Point","coordinates":[-120.56677,47.84657]},"properties":{"frp":0.71,"date":"2026-09-09","daynight":"N"}},{"type":"Feature","geometry":{"type":"Point","coordinates":[-120.56882,47.89053]},"properties":{"frp":6.45,"date":"2026-09-09","daynight":"N"}},{"type":"Feature","geometry":{"type":"Point","coordinates":[-120.84973,48.3623]},"properties":{"frp":2.2,"date":"2026-09-09","daynight":"N"}},{"type":"Feature","geometry":{"type":"Point","coordinates":[-120.85239,48.36704]},"properties":{"frp":2.2,"date":"2026-09-09","daynight":"N"}},{"type":"Feature","geometry":{"type":"Point","coordinates":[-120.83877,48.37063]},"properties":{"frp":1.06,"date":"2026-09-09","daynight":"N"}},{"type":"Feature","geometry":{"type":"Point","coordinates":[-120.82547,48.37424]},"properties":{"frp":1.36,"date":"2026-09-09","daynight":"N"}},{"type":"Feature","geometry":{"type":"Point","coordinates":[-103.32602,48.80957]},"properties":{"frp":0.71,"date":"2026-09-09","daynight":"N"}},{"type":"Feature","geometry":{"type":"Point","coordinates":[-103.32515,48.81024]},"properties":{"frp":0.99,"date":"2026-09-09","daynight":"N"}},{"type":"Feature","geometry":{"type":"Point","coordinates":[-122.73752,48.88502]},"properties":{"frp":1.94,"date":"2026-09-09","daynight":"N"}},{"type":"Feature","geometry":{"type":"Point","coordinates":[-101.43781,35.66495]},"properties":{"frp":1.43,"date":"2026-09-09","daynight":"N"}},{"type":"Feature","geometry":{"type":"Point","coordinates":[-101.36882,35.69724]},"properties":{"frp":3.22,"date":"2026-09-09","daynight":"N"}},{"type":"Feature","geometry":{"type":"Point","coordinates":[-97.8372,36.51746]},"properties":{"frp":2.99,"date":"2026-09-09","daynight":"N"}},{"type":"Feature","geometry":{"type":"Point","coordinates":[-97.8431,36.51813]},"properties":{"frp":2.55,"date":"2026-09-09","daynight":"N"}},{"type":"Feature","geometry":{"type":"Point","coordinates":[-112.81474,38.93791]},"properties":{"frp":1.63,"date":"2026-09-09","daynight":"N"}},{"type":"Feature","geometry":{"type":"Point","coordinates":[-112.81924,38.93869]},"properties":{"frp":1.63,"date":"2026-09-09","daynight":"N"}},{"type":"Feature","geometry":{"type":"Point","coordinates":[-105.29716,41.94274]},"properties":{"frp":2.73,"date":"2026-09-09","daynight":"N"}},{"type":"Feature","geometry":{"type":"Point","coordinates":[-105.297,41.94367]},"properties":{"frp":3.54,"date":"2026-09-09","daynight":"N"}},{"type":"Feature","geometry":{"type":"Point","coordinates":[-105.30296,41.94411]},"properties":{"frp":2.73,"date":"2026-09-09","daynight":"N"}},{"type":"Feature","geometry":{"type":"Point","coordinates":[-105.30283,41.94501]},"properties":{"frp":2.25,"date":"2026-09-09","daynight":"N"}},{"type":"Feature","geometry":{"type":"Point","coordinates":[-105.30835,41.94538]},"properties":{"frp":2.21,"date":"2026-09-09","daynight":"N"}},{"type":"Feature","geometry":{"type":"Point","coordinates":[-105.30819,41.94624]},"properties":{"frp":2.25,"date":"2026-09-09","daynight":"N"}},{"type":"Feature","geometry":{"type":"Point","coordinates":[-105.29564,41.9469]},"properties":{"frp":2.73,"date":"2026-09-09","daynight":"N"}},{"type":"Feature","geometry":{"type":"Point","coordinates":[-105.28778,41.94957]},"properties":{"frp":0.86,"date":"2026-09-09","daynight":"N"}},{"type":"Feature","geometry":{"type":"Point","coordinates":[-105.29369,41.95096]},"properties":{"frp":1.44,"date":"2026-09-09","daynight":"N"}},{"type":"Feature","geometry":{"type":"Point","coordinates":[-105.28592,41.95365]},"properties":{"frp":0.86,"date":"2026-09-09","daynight":"N"}},{"type":"Feature","geometry":{"type":"Point","coordinates":[-105.28373,41.95766]},"properties":{"frp":1.37,"date":"2026-09-09","daynight":"N"}},{"type":"Feature","geometry":{"type":"Point","coordinates":[-105.28931,41.95897]},"properties":{"frp":2.13,"date":"2026-09-09","daynight":"N"}},{"type":"Feature","geometry":{"type":"Point","coordinates":[-105.31357,41.96016]},"properties":{"frp":0.93,"date":"2026-09-09","daynight":"N"}},{"type":"Feature","geometry":{"type":"Point","coordinates":[-105.29484,41.96027]},"properties":{"frp":2.13,"date":"2026-09-09","daynight":"N"}},{"type":"Feature","geometry":{"type":"Point","coordinates":[-105.27608,41.96038]},"properties":{"frp":1.37,"date":"2026-09-09","daynight":"N"}},{"type":"Feature","geometry":{"type":"Point","coordinates":[-105.31832,41.96128]},"properties":{"frp":0.93,"date":"2026-09-09","daynight":"N"}},{"type":"Feature","geometry":{"type":"Point","coordinates":[-105.30048,41.96159]},"properties":{"frp":1.66,"date":"2026-09-09","daynight":"N"}},{"type":"Feature","geometry":{"type":"Point","coordinates":[-105.28162,41.96168]},"properties":{"frp":1.37,"date":"2026-09-09","daynight":"N"}},{"type":"Feature","geometry":{"type":"Point","coordinates":[-105.32302,41.96238]},"properties":{"frp":1.07,"date":"2026-09-09","daynight":"N"}},{"type":"Feature","geometry":{"type":"Point","coordinates":[-105.28709,41.96296]},"properties":{"frp":2.13,"date":"2026-09-09","daynight":"N"}},{"type":"Feature","geometry":{"type":"Point","coordinates":[-105.3277,41.96348]},"properties":{"frp":1.07,"date":"2026-09-09","daynight":"N"}},{"type":"Feature","geometry":{"type":"Point","coordinates":[-105.3116,41.96421]},"properties":{"frp":1.14,"date":"2026-09-09","daynight":"N"}},{"type":"Feature","geometry":{"type":"Point","coordinates":[-105.31645,41.96535]},"properties":{"frp":1.14,"date":"2026-09-09","daynight":"N"}},{"type":"Feature","geometry":{"type":"Point","coordinates":[-105.32107,41.96643]},"properties":{"frp":1.15,"date":"2026-09-09","daynight":"N"}},{"type":"Feature","geometry":{"type":"Point","coordinates":[-105.30411,41.96696]},"properties":{"frp":1.66,"date":"2026-09-09","daynight":"N"}},{"type":"Feature","geometry":{"type":"Point","coordinates":[-105.30939,41.9682]},"properties":{"frp":1.14,"date":"2026-09-09","daynight":"N"}},{"type":"Feature","geometry":{"type":"Point","coordinates":[-111.59026,42.68349]},"properties":{"frp":5.82,"date":"2026-09-09","daynight":"N"}},{"type":"Feature","geometry":{"type":"Point","coordinates":[-111.59496,42.68431]},"properties":{"frp":5.28,"date":"2026-09-09","daynight":"N"}},{"type":"Feature","geometry":{"type":"Point","coordinates":[-115.73567,43.17884]},"properties":{"frp":1.13,"date":"2026-09-09","daynight":"N"}},{"type":"Feature","geometry":{"type":"Point","coordinates":[-115.7335,43.1813]},"properties":{"frp":0.46,"date":"2026-09-09","daynight":"N"}},{"type":"Feature","geometry":{"type":"Point","coordinates":[-117.42235,44.5423]},"properties":{"frp":0.54,"date":"2026-09-09","daynight":"N"}},{"type":"Feature","geometry":{"type":"Point","coordinates":[-123.16977,45.23016]},"properties":{"frp":3.76,"date":"2026-09-09","daynight":"N"}},{"type":"Feature","geometry":{"type":"Point","coordinates":[-109.63274,30.49542]},"properties":{"frp":1.62,"date":"2026-09-09","daynight":"N"}},{"type":"Feature","geometry":{"type":"Point","coordinates":[-101.85291,31.17273]},"properties":{"frp":0.61,"date":"2026-09-09","daynight":"N"}},{"type":"Feature","geometry":{"type":"Point","coordinates":[-101.85277,31.17418]},"properties":{"frp":0.49,"date":"2026-09-09","daynight":"N"}},{"type":"Feature","geometry":{"type":"Point","coordinates":[-101.8215,31.31756]},"properties":{"frp":1.1,"date":"2026-09-09","daynight":"N"}},{"type":"Feature","geometry":{"type":"Point","coordinates":[-101.82298,31.31888]},"properties":{"frp":1.21,"date":"2026-09-09","daynight":"N"}},{"type":"Feature","geometry":{"type":"Point","coordinates":[-101.78259,31.36271]},"properties":{"frp":4.65,"date":"2026-09-09","daynight":"N"}},{"type":"Feature","geometry":{"type":"Point","coordinates":[-101.7803,31.36773]},"properties":{"frp":1.87,"date":"2026-09-09","daynight":"N"}},{"type":"Feature","geometry":{"type":"Point","coordinates":[-102.88683,31.47427]},"properties":{"frp":1.24,"date":"2026-09-09","daynight":"N"}},{"type":"Feature","geometry":{"type":"Point","coordinates":[-102.95966,31.58525]},"properties":{"frp":0.6,"date":"2026-09-09","daynight":"N"}},{"type":"Feature","geometry":{"type":"Point","coordinates":[-101.75078,31.61043]},"properties":{"frp":0.9,"date":"2026-09-09","daynight":"N"}},{"type":"Feature","geometry":{"type":"Point","coordinates":[-101.75407,31.61226]},"properties":{"frp":1.5,"date":"2026-09-09","daynight":"N"}},{"type":"Feature","geometry":{"type":"Point","coordinates":[-101.82005,31.62386]},"properties":{"frp":1.77,"date":"2026-09-09","daynight":"N"}},{"type":"Feature","geometry":{"type":"Point","coordinates":[-101.82294,31.62423]},"properties":{"frp":1.16,"date":"2026-09-09","daynight":"N"}},{"type":"Feature","geometry":{"type":"Point","coordinates":[-101.7953,31.84636]},"properties":{"frp":1.6,"date":"2026-09-09","daynight":"N"}},{"type":"Feature","geometry":{"type":"Point","coordinates":[-101.79572,31.84654]},"properties":{"frp":1.85,"date":"2026-09-09","daynight":"N"}},{"type":"Feature","geometry":{"type":"Point","coordinates":[-101.24056,31.97275]},"properties":{"frp":0.88,"date":"2026-09-09","daynight":"N"}},{"type":"Feature","geometry":{"type":"Point","coordinates":[-100.68732,32.0489]},"properties":{"frp":6.26,"date":"2026-09-09","daynight":"N"}},{"type":"Feature","geometry":{"type":"Point","coordinates":[-100.68538,32.05024]},"properties":{"frp":5.53,"date":"2026-09-09","daynight":"N"}},{"type":"Feature","geometry":{"type":"Point","coordinates":[-103.87505,32.09614]},"properties":{"frp":0.45,"date":"2026-09-09","daynight":"N"}},{"type":"Feature","geometry":{"type":"Point","coordinates":[-103.87669,32.09675]},"properties":{"frp":0.32,"date":"2026-09-09","daynight":"N"}},{"type":"Feature","geometry":{"type":"Point","coordinates":[-103.70301,32.1437]},"properties":{"frp":0.6,"date":"2026-09-09","daynight":"N"}},{"type":"Feature","geometry":{"type":"Point","coordinates":[-101.67001,32.53545]},"properties":{"frp":2.96,"date":"2026-09-09","daynight":"N"}},{"type":"Feature","geometry":{"type":"Point","coordinates":[-101.67614,32.5372]},"properties":{"frp":3.21,"date":"2026-09-09","daynight":"N"}},{"type":"Feature","geometry":{"type":"Point","coordinates":[-103.78807,32.70341]},"properties":{"frp":0.96,"date":"2026-09-09","daynight":"N"}},{"type":"Feature","geometry":{"type":"Point","coordinates":[-104.01855,32.80901]},"properties":{"frp":1.36,"date":"2026-09-09","daynight":"N"}},{"type":"Feature","geometry":{"type":"Point","coordinates":[-104.39332,32.84941]},"properties":{"frp":1.5,"date":"2026-09-09","daynight":"N"}},{"type":"Feature","geometry":{"type":"Point","coordinates":[-102.21539,33.33981]},"properties":{"frp":1.02,"date":"2026-09-09","daynight":"N"}},{"type":"Feature","geometry":{"type":"Point","coordinates":[-110.86344,33.4201]},"properties":{"frp":2.27,"date":"2026-09-09","daynight":"N"}},{"type":"Feature","geometry":{"type":"Point","coordinates":[-101.73869,33.52259]},"properties":{"frp":1.1,"date":"2026-09-09","daynight":"N"}},{"type":"Feature","geometry":{"type":"Point","coordinates":[-113.31546,35.51851]},"properties":{"frp":0.85,"date":"2026-09-09","daynight":"N"}},{"type":"Feature","geometry":{"type":"Point","coordinates":[-119.9855,36.44049]},"properties":{"frp":1.05,"date":"2026-09-09","daynight":"N"}},{"type":"Feature","geometry":{"type":"Point","coordinates":[-122.3454,47.56844]},"properties":{"frp":0.98,"date":"2026-09-09","daynight":"N"}},{"type":"Feature","geometry":{"type":"Point","coordinates":[-122.34098,47.56952]},"properties":{"frp":0.8,"date":"2026-09-09","daynight":"N"}},{"type":"Feature","geometry":{"type":"Point","coordinates":[-120.57038,47.84184]},"properties":{"frp":1.93,"date":"2026-09-09","daynight":"N"}},{"type":"Feature","geometry":{"type":"Point","coordinates":[-120.5681,47.84377]},"properties":{"frp":1.57,"date":"2026-09-09","daynight":"N"}},{"type":"Feature","geometry":{"type":"Point","coordinates":[-120.56909,47.88877]},"properties":{"frp":1.75,"date":"2026-09-09","daynight":"N"}},{"type":"Feature","geometry":{"type":"Point","coordinates":[-120.56646,47.89431]},"properties":{"frp":2.52,"date":"2026-09-09","daynight":"N"}},{"type":"Feature","geometry":{"type":"Point","coordinates":[-120.84819,48.35934]},"properties":{"frp":5.79,"date":"2026-09-09","daynight":"N"}},{"type":"Feature","geometry":{"type":"Point","coordinates":[-120.85114,48.36026]},"properties":{"frp":6.36,"date":"2026-09-09","daynight":"N"}},{"type":"Feature","geometry":{"type":"Point","coordinates":[-120.8451,48.3646]},"properties":{"frp":6.36,"date":"2026-09-09","daynight":"N"}},{"type":"Feature","geometry":{"type":"Point","coordinates":[-120.8485,48.36565]},"properties":{"frp":6.36,"date":"2026-09-09","daynight":"N"}},{"type":"Feature","geometry":{"type":"Point","coordinates":[-120.852,48.36674]},"properties":{"frp":6.86,"date":"2026-09-09","daynight":"N"}},{"type":"Feature","geometry":{"type":"Point","coordinates":[-120.83819,48.36867]},"properties":{"frp":1.24,"date":"2026-09-09","daynight":"N"}},{"type":"Feature","geometry":{"type":"Point","coordinates":[-120.82761,48.3716]},"properties":{"frp":2.74,"date":"2026-09-09","daynight":"N"}},{"type":"Feature","geometry":{"type":"Point","coordinates":[-120.83054,48.37207]},"properties":{"frp":3.15,"date":"2026-09-09","daynight":"N"}},{"type":"Feature","geometry":{"type":"Point","coordinates":[-120.83205,48.37298]},"properties":{"frp":1.24,"date":"2026-09-09","daynight":"N"}},{"type":"Feature","geometry":{"type":"Point","coordinates":[-120.83498,48.37346]},"properties":{"frp":1.9,"date":"2026-09-09","daynight":"N"}},{"type":"Feature","geometry":{"type":"Point","coordinates":[-120.83658,48.37438]},"properties":{"frp":1.24,"date":"2026-09-09","daynight":"N"}},{"type":"Feature","geometry":{"type":"Point","coordinates":[-122.5563,48.46988]},"properties":{"frp":0.63,"date":"2026-09-09","daynight":"N"}},{"type":"Feature","geometry":{"type":"Point","coordinates":[-122.56071,48.47117]},"properties":{"frp":0.59,"date":"2026-09-09","daynight":"N"}},{"type":"Feature","geometry":{"type":"Point","coordinates":[-121.12292,48.78332]},"properties":{"frp":4.4,"date":"2026-09-09","daynight":"N"}},{"type":"Feature","geometry":{"type":"Point","coordinates":[-121.12567,48.78417]},"properties":{"frp":7.7,"date":"2026-09-09","daynight":"N"}},{"type":"Feature","geometry":{"type":"Point","coordinates":[-121.12892,48.78516]},"properties":{"frp":7.7,"date":"2026-09-09","daynight":"N"}},{"type":"Feature","geometry":{"type":"Point","coordinates":[-121.13365,48.7866]},"properties":{"frp":4.78,"date":"2026-09-09","daynight":"N"}},{"type":"Feature","geometry":{"type":"Point","coordinates":[-121.11839,48.78799]},"properties":{"frp":4.4,"date":"2026-09-09","daynight":"N"}},{"type":"Feature","geometry":{"type":"Point","coordinates":[-121.13955,48.78839]},"properties":{"frp":4.78,"date":"2026-09-09","daynight":"N"}},{"type":"Feature","geometry":{"type":"Point","coordinates":[-122.73531,48.88791]},"properties":{"frp":1.01,"date":"2026-09-09","daynight":"N"}},{"type":"Feature","geometry":{"type":"Point","coordinates":[-123.16253,45.23078]},"properties":{"frp":1.16,"date":"2026-09-09","daynight":"N"}},{"type":"Feature","geometry":{"type":"Point","coordinates":[-123.1674,45.23222]},"properties":{"frp":1.16,"date":"2026-09-09","daynight":"N"}},{"type":"Feature","geometry":{"type":"Point","coordinates":[-122.404,37.95013]},"properties":{"frp":2.3,"date":"2026-09-09","daynight":"N"}},{"type":"Feature","geometry":{"type":"Point","coordinates":[-82.13535,33.01563]},"properties":{"frp":19.72,"date":"2026-09-09","daynight":"D"}},{"type":"Feature","geometry":{"type":"Point","coordinates":[-82.13696,33.01776]},"properties":{"frp":10.91,"date":"2026-09-09","daynight":"D"}},{"type":"Feature","geometry":{"type":"Point","coordinates":[-82.13024,33.0197]},"properties":{"frp":10.91,"date":"2026-09-09","daynight":"D"}},{"type":"Feature","geometry":{"type":"Point","coordinates":[-82.13787,33.02206]},"properties":{"frp":19.72,"date":"2026-09-09","daynight":"D"}},{"type":"Feature","geometry":{"type":"Point","coordinates":[-82.13116,33.02404]},"properties":{"frp":21.29,"date":"2026-09-09","daynight":"D"}},{"type":"Feature","geometry":{"type":"Point","coordinates":[-82.1328,33.02612]},"properties":{"frp":10.91,"date":"2026-09-09","daynight":"D"}},{"type":"Feature","geometry":{"type":"Point","coordinates":[-82.5597,33.68433]},"properties":{"frp":4.4,"date":"2026-09-09","daynight":"D"}},{"type":"Feature","geometry":{"type":"Point","coordinates":[-82.56838,33.68542]},"properties":{"frp":28.21,"date":"2026-09-09","daynight":"D"}},{"type":"Feature","geometry":{"type":"Point","coordinates":[-82.56895,33.68882]},"properties":{"frp":52.65,"date":"2026-09-09","daynight":"D"}},{"type":"Feature","geometry":{"type":"Point","coordinates":[-77.71027,40.89137]},"properties":{"frp":3.3,"date":"2026-09-09","daynight":"D"}},{"type":"Feature","geometry":{"type":"Point","coordinates":[-81.58961,34.57434]},"properties":{"frp":3.09,"date":"2026-09-09","daynight":"D"}},{"type":"Feature","geometry":{"type":"Point","coordinates":[-80.23454,34.73506]},"properties":{"frp":111.98,"date":"2026-09-09","daynight":"D"}},{"type":"Feature","geometry":{"type":"Point","coordinates":[-80.22493,34.73767]},"properties":{"frp":55.85,"date":"2026-09-09","daynight":"D"}},{"type":"Feature","geometry":{"type":"Point","coordinates":[-80.22009,34.73899]},"properties":{"frp":55.85,"date":"2026-09-09","daynight":"D"}},{"type":"Feature","geometry":{"type":"Point","coordinates":[-80.23189,34.74201]},"properties":{"frp":3.75,"date":"2026-09-09","daynight":"D"}},{"type":"Feature","geometry":{"type":"Point","coordinates":[-79.97287,35.01124]},"properties":{"frp":27.91,"date":"2026-09-09","daynight":"D"}},{"type":"Feature","geometry":{"type":"Point","coordinates":[-79.96806,35.01254]},"properties":{"frp":14.59,"date":"2026-09-09","daynight":"D"}},{"type":"Feature","geometry":{"type":"Point","coordinates":[-79.73235,35.41145]},"properties":{"frp":51.77,"date":"2026-09-09","daynight":"D"}},{"type":"Feature","geometry":{"type":"Point","coordinates":[-79.72791,35.41264]},"properties":{"frp":80.41,"date":"2026-09-09","daynight":"D"}},{"type":"Feature","geometry":{"type":"Point","coordinates":[-79.72571,35.41919]},"properties":{"frp":80.41,"date":"2026-09-09","daynight":"D"}},{"type":"Feature","geometry":{"type":"Point","coordinates":[-78.41224,35.64966]},"properties":{"frp":3.49,"date":"2026-09-09","daynight":"D"}},{"type":"Feature","geometry":{"type":"Point","coordinates":[-78.43095,35.65594]},"properties":{"frp":1.08,"date":"2026-09-09","daynight":"D"}},{"type":"Feature","geometry":{"type":"Point","coordinates":[-77.56606,35.85568]},"properties":{"frp":6.16,"date":"2026-09-09","daynight":"D"}},{"type":"Feature","geometry":{"type":"Point","coordinates":[-77.56782,35.86048]},"properties":{"frp":6.16,"date":"2026-09-09","daynight":"D"}},{"type":"Feature","geometry":{"type":"Point","coordinates":[-76.381,36.77407]},"properties":{"frp":49.53,"date":"2026-09-09","daynight":"D"}},{"type":"Feature","geometry":{"type":"Point","coordinates":[-76.38097,36.77742]},"properties":{"frp":73.92,"date":"2026-09-09","daynight":"D"}},{"type":"Feature","geometry":{"type":"Point","coordinates":[-98.50794,24.104]},"properties":{"frp":13.64,"date":"2026-09-09","daynight":"D"}},{"type":"Feature","geometry":{"type":"Point","coordinates":[-98.50489,24.10467]},"properties":{"frp":13.64,"date":"2026-09-09","daynight":"D"}},{"type":"Feature","geometry":{"type":"Point","coordinates":[-98.50185,24.10533]},"properties":{"frp":11.88,"date":"2026-09-09","daynight":"D"}},{"type":"Feature","geometry":{"type":"Point","coordinates":[-98.51225,24.10824]},"properties":{"frp":7.44,"date":"2026-09-09","daynight":"D"}},{"type":"Feature","geometry":{"type":"Point","coordinates":[-98.76341,24.14242]},"properties":{"frp":20.78,"date":"2026-09-09","daynight":"D"}},{"type":"Feature","geometry":{"type":"Point","coordinates":[-98.76028,24.14311]},"properties":{"frp":30.06,"date":"2026-09-09","daynight":"D"}},{"type":"Feature","geometry":{"type":"Point","coordinates":[-98.76781,24.1467]},"properties":{"frp":20.78,"date":"2026-09-09","daynight":"D"}},{"type":"Feature","geometry":{"type":"Point","coordinates":[-98.76467,24.14739]},"properties":{"frp":20.78,"date":"2026-09-09","daynight":"D"}},{"type":"Feature","geometry":{"type":"Point","coordinates":[-98.91669,24.96542]},"properties":{"frp":9.58,"date":"2026-09-09","daynight":"D"}},{"type":"Feature","geometry":{"type":"Point","coordinates":[-98.91357,24.96609]},"properties":{"frp":9.58,"date":"2026-09-09","daynight":"D"}},{"type":"Feature","geometry":{"type":"Point","coordinates":[-98.91576,24.96612]},"properties":{"frp":18.84,"date":"2026-09-09","daynight":"D"}},{"type":"Feature","geometry":{"type":"Point","coordinates":[-98.91265,24.96681]},"properties":{"frp":11.72,"date":"2026-09-09","daynight":"D"}},{"type":"Feature","geometry":{"type":"Point","coordinates":[-99.94044,25.57467]},"properties":{"frp":14.55,"date":"2026-09-09","daynight":"D"}},{"type":"Feature","geometry":{"type":"Point","coordinates":[-99.93687,25.57547]},"properties":{"frp":30.05,"date":"2026-09-09","daynight":"D"}},{"type":"Feature","geometry":{"type":"Point","coordinates":[-99.01102,26.58386]},"properties":{"frp":6.89,"date":"2026-09-09","daynight":"D"}},{"type":"Feature","geometry":{"type":"Point","coordinates":[-99.0143,26.58488]},"properties":{"frp":8.04,"date":"2026-09-09","daynight":"D"}},{"type":"Feature","geometry":{"type":"Point","coordinates":[-92.48796,29.57437]},"properties":{"frp":13.92,"date":"2026-09-09","daynight":"D"}},{"type":"Feature","geometry":{"type":"Point","coordinates":[-92.48391,29.57504]},"properties":{"frp":13.92,"date":"2026-09-09","daynight":"D"}},{"type":"Feature","geometry":{"type":"Point","coordinates":[-92.49274,29.57704]},"properties":{"frp":10.43,"date":"2026-09-09","daynight":"D"}},{"type":"Feature","geometry":{"type":"Point","coordinates":[-92.48868,29.5777]},"properties":{"frp":32.39,"date":"2026-09-09","daynight":"D"}},{"type":"Feature","geometry":{"type":"Point","coordinates":[-92.48463,29.57836]},"properties":{"frp":32.39,"date":"2026-09-09","daynight":"D"}},{"type":"Feature","geometry":{"type":"Point","coordinates":[-91.24182,30.58259]},"properties":{"frp":2.37,"date":"2026-09-09","daynight":"D"}},{"type":"Feature","geometry":{"type":"Point","coordinates":[-84.55101,30.81466]},"properties":{"frp":4.83,"date":"2026-09-09","daynight":"D"}},{"type":"Feature","geometry":{"type":"Point","coordinates":[-85.04104,30.96556]},"properties":{"frp":4.79,"date":"2026-09-09","daynight":"D"}},{"type":"Feature","geometry":{"type":"Point","coordinates":[-87.98621,31.1501]},"properties":{"frp":10.45,"date":"2026-09-09","daynight":"D"}},{"type":"Feature","geometry":{"type":"Point","coordinates":[-85.96171,31.22469]},"properties":{"frp":24.7,"date":"2026-09-09","daynight":"D"}},{"type":"Feature","geometry":{"type":"Point","coordinates":[-85.9623,31.22864]},"properties":{"frp":24.7,"date":"2026-09-09","daynight":"D"}},{"type":"Feature","geometry":{"type":"Point","coordinates":[-84.78912,31.28251]},"properties":{"frp":4.95,"date":"2026-09-09","daynight":"D"}},{"type":"Feature","geometry":{"type":"Point","coordinates":[-84.79431,31.28629]},"properties":{"frp":10.13,"date":"2026-09-09","daynight":"D"}},{"type":"Feature","geometry":{"type":"Point","coordinates":[-84.78973,31.28675]},"properties":{"frp":4.95,"date":"2026-09-09","daynight":"D"}},{"type":"Feature","geometry":{"type":"Point","coordinates":[-88.33597,31.3687]},"properties":{"frp":13.52,"date":"2026-09-09","daynight":"D"}},{"type":"Feature","geometry":{"type":"Point","coordinates":[-88.33134,31.3693]},"properties":{"frp":19.71,"date":"2026-09-09","daynight":"D"}},{"type":"Feature","geometry":{"type":"Point","coordinates":[-88.32672,31.3699]},"properties":{"frp":19.71,"date":"2026-09-09","daynight":"D"}},{"type":"Feature","geometry":{"type":"Point","coordinates":[-88.3221,31.37049]},"properties":{"frp":4.82,"date":"2026-09-09","daynight":"D"}},{"type":"Feature","geometry":{"type":"Point","coordinates":[-88.31745,31.3711]},"properties":{"frp":4.82,"date":"2026-09-09","daynight":"D"}},{"type":"Feature","geometry":{"type":"Point","coordinates":[-88.33659,31.37222]},"properties":{"frp":13.52,"date":"2026-09-09","daynight":"D"}},{"type":"Feature","geometry":{"type":"Point","coordinates":[-88.33196,31.37282]},"properties":{"frp":19.71,"date":"2026-09-09","daynight":"D"}},{"type":"Feature","geometry":{"type":"Point","coordinates":[-88.32733,31.37342]},"properties":{"frp":19.71,"date":"2026-09-09","daynight":"D"}},{"type":"Feature","geometry":{"type":"Point","coordinates":[-88.3227,31.37402]},"properties":{"frp":4.82,"date":"2026-09-09","daynight":"D"}},{"type":"Feature","geometry":{"type":"Point","coordinates":[-88.31806,31.37462]},"properties":{"frp":4.82,"date":"2026-09-09","daynight":"D"}},{"type":"Feature","geometry":{"type":"Point","coordinates":[-83.96555,31.48202]},"properties":{"frp":4.07,"date":"2026-09-09","daynight":"D"}},{"type":"Feature","geometry":{"type":"Point","coordinates":[-87.50794,31.51775]},"properties":{"frp":28.88,"date":"2026-09-09","daynight":"D"}},{"type":"Feature","geometry":{"type":"Point","coordinates":[-87.5135,31.52081]},"properties":{"frp":25.77,"date":"2026-09-09","daynight":"D"}},{"type":"Feature","geometry":{"type":"Point","coordinates":[-87.50848,31.52142]},"properties":{"frp":16.73,"date":"2026-09-09","daynight":"D"}},{"type":"Feature","geometry":{"type":"Point","coordinates":[-84.06161,31.86835]},"properties":{"frp":14.95,"date":"2026-09-09","daynight":"D"}},{"type":"Feature","geometry":{"type":"Point","coordinates":[-84.0649,31.86948]},"properties":{"frp":7.45,"date":"2026-09-09","daynight":"D"}},{"type":"Feature","geometry":{"type":"Point","coordinates":[-84.05972,31.86998]},"properties":{"frp":13.48,"date":"2026-09-09","daynight":"D"}},{"type":"Feature","geometry":{"type":"Point","coordinates":[-99.48676,30.2161]},"properties":{"frp":5.18,"date":"2026-09-09","daynight":"D"}},{"type":"Feature","geometry":{"type":"Point","coordinates":[-99.4836,30.2178]},"properties":{"frp":7.45,"date":"2026-09-09","daynight":"D"}},{"type":"Feature","geometry":{"type":"Point","coordinates":[-99.48813,30.22063]},"properties":{"frp":5.18,"date":"2026-09-09","daynight":"D"}},{"type":"Feature","geometry":{"type":"Point","coordinates":[-99.49048,30.22113]},"properties":{"frp":5.8,"date":"2026-09-09","daynight":"D"}},{"type":"Feature","geometry":{"type":"Point","coordinates":[-95.27455,30.98562]},"properties":{"frp":95.39,"date":"2026-09-09","daynight":"D"}},{"type":"Feature","geometry":{"type":"Point","coordinates":[-95.29665,30.99277]},"properties":{"frp":26.37,"date":"2026-09-09","daynight":"D"}},{"type":"Feature","geometry":{"type":"Point","coordinates":[-95.29179,30.99367]},"properties":{"frp":26.37,"date":"2026-09-09","daynight":"D"}},{"type":"Feature","geometry":{"type":"Point","coordinates":[-95.28693,30.99458]},"properties":{"frp":13.91,"date":"2026-09-09","daynight":"D"}},{"type":"Feature","geometry":{"type":"Point","coordinates":[-102.19154,31.70169]},"properties":{"frp":0.94,"date":"2026-09-09","daynight":"D"}},{"type":"Feature","geometry":{"type":"Point","coordinates":[-102.19099,31.70268]},"properties":{"frp":1.22,"date":"2026-09-09","daynight":"D"}},{"type":"Feature","geometry":{"type":"Point","coordinates":[-103.67262,31.76222]},"properties":{"frp":3.81,"date":"2026-09-09","daynight":"D"}},{"type":"Feature","geometry":{"type":"Point","coordinates":[-103.67574,31.76477]},"properties":{"frp":3.79,"date":"2026-09-09","daynight":"D"}},{"type":"Feature","geometry":{"type":"Point","coordinates":[-103.67126,31.76594]},"properties":{"frp":3.33,"date":"2026-09-09","daynight":"D"}},{"type":"Feature","geometry":{"type":"Point","coordinates":[-86.72314,32.07837]},"properties":{"frp":28.55,"date":"2026-09-09","daynight":"D"}},{"type":"Feature","geometry":{"type":"Point","coordinates":[-86.71756,32.07901]},"properties":{"frp":28.55,"date":"2026-09-09","daynight":"D"}},{"type":"Feature","geometry":{"type":"Point","coordinates":[-86.72375,32.0822]},"properties":{"frp":20.61,"date":"2026-09-09","daynight":"D"}},{"type":"Feature","geometry":{"type":"Point","coordinates":[-86.71817,32.08284]},"properties":{"frp":20.61,"date":"2026-09-09","daynight":"D"}},{"type":"Feature","geometry":{"type":"Point","coordinates":[-87.15022,32.19771]},"properties":{"frp":7.15,"date":"2026-09-09","daynight":"D"}},{"type":"Feature","geometry":{"type":"Point","coordinates":[-87.14693,32.19872]},"properties":{"frp":5.89,"date":"2026-09-09","daynight":"D"}},{"type":"Feature","geometry":{"type":"Point","coordinates":[-97.54957,32.24462]},"properties":{"frp":3.56,"date":"2026-09-09","daynight":"D"}},{"type":"Feature","geometry":{"type":"Point","coordinates":[-90.13359,32.31403]},"properties":{"frp":3.94,"date":"2026-09-09","daynight":"D"}},{"type":"Feature","geometry":{"type":"Point","coordinates":[-91.42079,32.38511]},"properties":{"frp":5.92,"date":"2026-09-09","daynight":"D"}},{"type":"Feature","geometry":{"type":"Point","coordinates":[-90.3649,32.40007]},"properties":{"frp":7.1,"date":"2026-09-09","daynight":"D"}},{"type":"Feature","geometry":{"type":"Point","coordinates":[-90.36555,32.40341]},"properties":{"frp":7.1,"date":"2026-09-09","daynight":"D"}},{"type":"Feature","geometry":{"type":"Point","coordinates":[-88.36021,32.79806]},"properties":{"frp":3.41,"date":"2026-09-09","daynight":"D"}},{"type":"Feature","geometry":{"type":"Point","coordinates":[-88.3624,32.79937]},"properties":{"frp":4.1,"date":"2026-09-09","daynight":"D"}},{"type":"Feature","geometry":{"type":"Point","coordinates":[-86.7231,32.83495]},"properties":{"frp":12.54,"date":"2026-09-09","daynight":"D"}},{"type":"Feature","geometry":{"type":"Point","coordinates":[-86.72371,32.83882]},"properties":{"frp":12.54,"date":"2026-09-09","daynight":"D"}},{"type":"Feature","geometry":{"type":"Point","coordinates":[-86.72426,32.84269]},"properties":{"frp":26.12,"date":"2026-09-09","daynight":"D"}},{"type":"Feature","geometry":{"type":"Point","coordinates":[-91.60737,32.92833]},"properties":{"frp":2.75,"date":"2026-09-09","daynight":"D"}},{"type":"Feature","geometry":{"type":"Point","coordinates":[-91.60807,32.93162]},"properties":{"frp":11.82,"date":"2026-09-09","daynight":"D"}},{"type":"Feature","geometry":{"type":"Point","coordinates":[-91.60876,32.9349]},"properties":{"frp":11.82,"date":"2026-09-09","daynight":"D"}},{"type":"Feature","geometry":{"type":"Point","coordinates":[-91.60469,32.93551]},"properties":{"frp":11.82,"date":"2026-09-09","daynight":"D"}},{"type":"Feature","geometry":{"type":"Point","coordinates":[-91.60945,32.93818]},"properties":{"frp":3.55,"date":"2026-09-09","daynight":"D"}},{"type":"Feature","geometry":{"type":"Point","coordinates":[-91.60538,32.9388]},"properties":{"frp":3.55,"date":"2026-09-09","daynight":"D"}},{"type":"Feature","geometry":{"type":"Point","coordinates":[-86.97414,33.0061]},"properties":{"frp":8.25,"date":"2026-09-09","daynight":"D"}},{"type":"Feature","geometry":{"type":"Point","coordinates":[-86.97478,33.00992]},"properties":{"frp":8.25,"date":"2026-09-09","daynight":"D"}},{"type":"Feature","geometry":{"type":"Point","coordinates":[-86.65405,33.04574]},"properties":{"frp":10.19,"date":"2026-09-09","daynight":"D"}},{"type":"Feature","geometry":{"type":"Point","coordinates":[-86.66053,33.04898]},"properties":{"frp":36.5,"date":"2026-09-09","daynight":"D"}},{"type":"Feature","geometry":{"type":"Point","coordinates":[-86.65465,33.04964]},"properties":{"frp":48.46,"date":"2026-09-09","daynight":"D"}},{"type":"Feature","geometry":{"type":"Point","coordinates":[-86.6611,33.05288]},"properties":{"frp":36.5,"date":"2026-09-09","daynight":"D"}},{"type":"Feature","geometry":{"type":"Point","coordinates":[-86.65522,33.05353]},"properties":{"frp":48.46,"date":"2026-09-09","daynight":"D"}},{"type":"Feature","geometry":{"type":"Point","coordinates":[-86.66168,33.05678]},"properties":{"frp":5.52,"date":"2026-09-09","daynight":"D"}},{"type":"Feature","geometry":{"type":"Point","coordinates":[-91.48064,33.35866]},"properties":{"frp":60.98,"date":"2026-09-09","daynight":"D"}},{"type":"Feature","geometry":{"type":"Point","coordinates":[-91.47652,33.35927]},"properties":{"frp":39.04,"date":"2026-09-09","daynight":"D"}},{"type":"Feature","geometry":{"type":"Point","coordinates":[-91.48133,33.36195]},"properties":{"frp":60.98,"date":"2026-09-09","daynight":"D"}},{"type":"Feature","geometry":{"type":"Point","coordinates":[-91.47791,33.36585]},"properties":{"frp":25.68,"date":"2026-09-09","daynight":"D"}},{"type":"Feature","geometry":{"type":"Point","coordinates":[-91.4738,33.36646]},"properties":{"frp":25.68,"date":"2026-09-09","daynight":"D"}},{"type":"Feature","geometry":{"type":"Point","coordinates":[-91.46969,33.36707]},"properties":{"frp":5.74,"date":"2026-09-09","daynight":"D"}},{"type":"Feature","geometry":{"type":"Point","coordinates":[-88.56879,33.43821]},"properties":{"frp":5.51,"date":"2026-09-09","daynight":"D"}},{"type":"Feature","geometry":{"type":"Point","coordinates":[-88.57912,33.44058]},"properties":{"frp":5.29,"date":"2026-09-09","daynight":"D"}},{"type":"Feature","geometry":{"type":"Point","coordinates":[-90.25008,33.45641]},"properties":{"frp":26.66,"date":"2026-09-09","daynight":"D"}},{"type":"Feature","geometry":{"type":"Point","coordinates":[-90.24577,33.457]},"properties":{"frp":1.92,"date":"2026-09-09","daynight":"D"}},{"type":"Feature","geometry":{"type":"Point","coordinates":[-90.25073,33.45978]},"properties":{"frp":52.45,"date":"2026-09-09","daynight":"D"}},{"type":"Feature","geometry":{"type":"Point","coordinates":[-90.37981,33.65196]},"properties":{"frp":6.52,"date":"2026-09-09","daynight":"D"}},{"type":"Feature","geometry":{"type":"Point","coordinates":[-90.37551,33.65255]},"properties":{"frp":6.52,"date":"2026-09-09","daynight":"D"}},{"type":"Feature","geometry":{"type":"Point","coordinates":[-90.38047,33.65532]},"properties":{"frp":6.52,"date":"2026-09-09","daynight":"D"}},{"type":"Feature","geometry":{"type":"Point","coordinates":[-90.37617,33.65591]},"properties":{"frp":6.52,"date":"2026-09-09","daynight":"D"}},{"type":"Feature","geometry":{"type":"Point","coordinates":[-90.37187,33.65651]},"properties":{"frp":14.32,"date":"2026-09-09","daynight":"D"}},{"type":"Feature","geometry":{"type":"Point","coordinates":[-90.37254,33.65987]},"properties":{"frp":14.6,"date":"2026-09-09","daynight":"D"}},{"type":"Feature","geometry":{"type":"Point","coordinates":[-90.36394,33.66106]},"properties":{"frp":10.62,"date":"2026-09-09","daynight":"D"}},{"type":"Feature","geometry":{"type":"Point","coordinates":[-82.56824,33.69093]},"properties":{"frp":13.18,"date":"2026-09-09","daynight":"D"}},{"type":"Feature","geometry":{"type":"Point","coordinates":[-91.57307,33.76624]},"properties":{"frp":16.33,"date":"2026-09-09","daynight":"D"}},{"type":"Feature","geometry":{"type":"Point","coordinates":[-91.57378,33.76953]},"properties":{"frp":16.33,"date":"2026-09-09","daynight":"D"}},{"type":"Feature","geometry":{"type":"Point","coordinates":[-90.86462,33.85242]},"properties":{"frp":3.15,"date":"2026-09-09","daynight":"D"}},{"type":"Feature","geometry":{"type":"Point","coordinates":[-90.85194,33.85423]},"properties":{"frp":3.49,"date":"2026-09-09","daynight":"D"}},{"type":"Feature","geometry":{"type":"Point","coordinates":[-93.15675,33.90642]},"properties":{"frp":3.62,"date":"2026-09-09","daynight":"D"}},{"type":"Feature","geometry":{"type":"Point","coordinates":[-91.4156,33.95602]},"properties":{"frp":6.22,"date":"2026-09-09","daynight":"D"}},{"type":"Feature","geometry":{"type":"Point","coordinates":[-91.41145,33.95663]},"properties":{"frp":10.27,"date":"2026-09-09","daynight":"D"}},{"type":"Feature","geometry":{"type":"Point","coordinates":[-91.44058,33.99316]},"properties":{"frp":7.86,"date":"2026-09-09","daynight":"D"}},{"type":"Feature","geometry":{"type":"Point","coordinates":[-91.44128,33.99646]},"properties":{"frp":34.99,"date":"2026-09-09","daynight":"D"}},{"type":"Feature","geometry":{"type":"Point","coordinates":[-91.35761,34.03244]},"properties":{"frp":2.24,"date":"2026-09-09","daynight":"D"}},{"type":"Feature","geometry":{"type":"Point","coordinates":[-91.36248,34.03514]},"properties":{"frp":2.86,"date":"2026-09-09","daynight":"D"}},{"type":"Feature","geometry":{"type":"Point","coordinates":[-91.37151,34.03723]},"properties":{"frp":3.05,"date":"2026-09-09","daynight":"D"}},{"type":"Feature","geometry":{"type":"Point","coordinates":[-91.36318,34.03844]},"properties":{"frp":2.86,"date":"2026-09-09","daynight":"D"}},{"type":"Feature","geometry":{"type":"Point","coordinates":[-91.35483,34.03965]},"properties":{"frp":5.94,"date":"2026-09-09","daynight":"D"}},{"type":"Feature","geometry":{"type":"Point","coordinates":[-91.50906,34.12239]},"properties":{"frp":29.54,"date":"2026-09-09","daynight":"D"}},{"type":"Feature","geometry":{"type":"Point","coordinates":[-91.50491,34.123]},"properties":{"frp":24.56,"date":"2026-09-09","daynight":"D"}},{"type":"Feature","geometry":{"type":"Point","coordinates":[-91.51393,34.12508]},"properties":{"frp":29.54,"date":"2026-09-09","daynight":"D"}},{"type":"Feature","geometry":{"type":"Point","coordinates":[-91.5056,34.1263]},"properties":{"frp":24.56,"date":"2026-09-09","daynight":"D"}},{"type":"Feature","geometry":{"type":"Point","coordinates":[-91.50143,34.12691]},"properties":{"frp":24.56,"date":"2026-09-09","daynight":"D"}},{"type":"Feature","geometry":{"type":"Point","coordinates":[-91.49727,34.12751]},"properties":{"frp":4.95,"date":"2026-09-09","daynight":"D"}},{"type":"Feature","geometry":{"type":"Point","coordinates":[-91.51463,34.12838]},"properties":{"frp":23.06,"date":"2026-09-09","daynight":"D"}},{"type":"Feature","geometry":{"type":"Point","coordinates":[-91.51047,34.12898]},"properties":{"frp":23.06,"date":"2026-09-09","daynight":"D"}},{"type":"Feature","geometry":{"type":"Point","coordinates":[-91.5063,34.12959]},"properties":{"frp":17.53,"date":"2026-09-09","daynight":"D"}},{"type":"Feature","geometry":{"type":"Point","coordinates":[-91.50213,34.1302]},"properties":{"frp":17.53,"date":"2026-09-09","daynight":"D"}},{"type":"Feature","geometry":{"type":"Point","coordinates":[-91.49796,34.13081]},"properties":{"frp":2.98,"date":"2026-09-09","daynight":"D"}},{"type":"Feature","geometry":{"type":"Point","coordinates":[-91.474,34.2261]},"properties":{"frp":10.1,"date":"2026-09-09","daynight":"D"}},{"type":"Feature","geometry":{"type":"Point","coordinates":[-91.47887,34.22879]},"properties":{"frp":9.97,"date":"2026-09-09","daynight":"D"}},{"type":"Feature","geometry":{"type":"Point","coordinates":[-86.12621,34.35218]},"properties":{"frp":5.01,"date":"2026-09-09","daynight":"D"}},{"type":"Feature","geometry":{"type":"Point","coordinates":[-91.53825,34.41037]},"properties":{"frp":9.64,"date":"2026-09-09","daynight":"D"}},{"type":"Feature","geometry":{"type":"Point","coordinates":[-92.05966,34.48268]},"properties":{"frp":99.78,"date":"2026-09-09","daynight":"D"}},{"type":"Feature","geometry":{"type":"Point","coordinates":[-92.05551,34.4833]},"properties":{"frp":99.78,"date":"2026-09-09","daynight":"D"}},{"type":"Feature","geometry":{"type":"Point","coordinates":[-92.06038,34.48596]},"properties":{"frp":99.78,"date":"2026-09-09","daynight":"D"}},{"type":"Feature","geometry":{"type":"Point","coordinates":[-92.05623,34.48658]},"properties":{"frp":99.78,"date":"2026-09-09","daynight":"D"}},{"type":"Feature","geometry":{"type":"Point","coordinates":[-92.0611,34.48924]},"properties":{"frp":19.8,"date":"2026-09-09","daynight":"D"}},{"type":"Feature","geometry":{"type":"Point","coordinates":[-92.06182,34.49253]},"properties":{"frp":19.8,"date":"2026-09-09","daynight":"D"}},{"type":"Feature","geometry":{"type":"Point","coordinates":[-88.58879,34.49528]},"properties":{"frp":6.98,"date":"2026-09-09","daynight":"D"}},{"type":"Feature","geometry":{"type":"Point","coordinates":[-88.58379,34.4959]},"properties":{"frp":31.24,"date":"2026-09-09","daynight":"D"}},{"type":"Feature","geometry":{"type":"Point","coordinates":[-88.57877,34.49652]},"properties":{"frp":31.24,"date":"2026-09-09","daynight":"D"}},{"type":"Feature","geometry":{"type":"Point","coordinates":[-88.58672,34.49666]},"properties":{"frp":42.99,"date":"2026-09-09","daynight":"D"}},{"type":"Feature","geometry":{"type":"Point","coordinates":[-88.57668,34.49786]},"properties":{"frp":58.81,"date":"2026-09-09","daynight":"D"}},{"type":"Feature","geometry":{"type":"Point","coordinates":[-88.58443,34.49951]},"properties":{"frp":66.91,"date":"2026-09-09","daynight":"D"}},{"type":"Feature","geometry":{"type":"Point","coordinates":[-88.57942,34.50013]},"properties":{"frp":66.91,"date":"2026-09-09","daynight":"D"}},{"type":"Feature","geometry":{"type":"Point","coordinates":[-88.58234,34.50086]},"properties":{"frp":58.81,"date":"2026-09-09","daynight":"D"}},{"type":"Feature","geometry":{"type":"Point","coordinates":[-88.57733,34.50146]},"properties":{"frp":58.81,"date":"2026-09-09","daynight":"D"}},{"type":"Feature","geometry":{"type":"Point","coordinates":[-81.59171,34.5724]},"properties":{"frp":5.27,"date":"2026-09-09","daynight":"D"}},{"type":"Feature","geometry":{"type":"Point","coordinates":[-91.66937,34.62559]},"properties":{"frp":25.97,"date":"2026-09-09","daynight":"D"}},{"type":"Feature","geometry":{"type":"Point","coordinates":[-90.30616,34.64476]},"properties":{"frp":8.08,"date":"2026-09-09","daynight":"D"}},{"type":"Feature","geometry":{"type":"Point","coordinates":[-90.30173,34.64536]},"properties":{"frp":8.08,"date":"2026-09-09","daynight":"D"}},{"type":"Feature","geometry":{"type":"Point","coordinates":[-90.29729,34.64596]},"properties":{"frp":7.3,"date":"2026-09-09","daynight":"D"}},{"type":"Feature","geometry":{"type":"Point","coordinates":[-90.3024,34.64875]},"properties":{"frp":8.08,"date":"2026-09-09","daynight":"D"}},{"type":"Feature","geometry":{"type":"Point","coordinates":[-88.25901,34.67303]},"properties":{"frp":85.64,"date":"2026-09-09","daynight":"D"}},{"type":"Feature","geometry":{"type":"Point","coordinates":[-88.25446,34.67731]},"properties":{"frp":29.0,"date":"2026-09-09","daynight":"D"}},{"type":"Feature","geometry":{"type":"Point","coordinates":[-88.26028,34.68036]},"properties":{"frp":9.61,"date":"2026-09-09","daynight":"D"}},{"type":"Feature","geometry":{"type":"Point","coordinates":[-80.23302,34.737]},"properties":{"frp":29.24,"date":"2026-09-09","daynight":"D"}},{"type":"Feature","geometry":{"type":"Point","coordinates":[-80.22809,34.73726]},"properties":{"frp":29.24,"date":"2026-09-09","daynight":"D"}},{"type":"Feature","geometry":{"type":"Point","coordinates":[-80.2232,34.73752]},"properties":{"frp":16.2,"date":"2026-09-09","daynight":"D"}},{"type":"Feature","geometry":{"type":"Point","coordinates":[-81.41471,35.16798]},"properties":{"frp":1.43,"date":"2026-09-09","daynight":"D"}},{"type":"Feature","geometry":{"type":"Point","coordinates":[-81.41523,35.17132]},"properties":{"frp":1.92,"date":"2026-09-09","daynight":"D"}},{"type":"Feature","geometry":{"type":"Point","coordinates":[-90.92388,35.19347]},"properties":{"frp":48.86,"date":"2026-09-09","daynight":"D"}},{"type":"Feature","geometry":{"type":"Point","coordinates":[-90.92457,35.19682]},"properties":{"frp":4.15,"date":"2026-09-09","daynight":"D"}},{"type":"Feature","geometry":{"type":"Point","coordinates":[-90.92961,35.19957]},"properties":{"frp":5.79,"date":"2026-09-09","daynight":"D"}},{"type":"Feature","geometry":{"type":"Point","coordinates":[-90.92526,35.20016]},"properties":{"frp":4.15,"date":"2026-09-09","daynight":"D"}},{"type":"Feature","geometry":{"type":"Point","coordinates":[-91.132,35.25574]},"properties":{"frp":3.43,"date":"2026-09-09","daynight":"D"}},{"type":"Feature","geometry":{"type":"Point","coordinates":[-91.1384,35.26514]},"properties":{"frp":4.35,"date":"2026-09-09","daynight":"D"}},{"type":"Feature","geometry":{"type":"Point","coordinates":[-91.14342,35.26787]},"properties":{"frp":4.01,"date":"2026-09-09","daynight":"D"}},{"type":"Feature","geometry":{"type":"Point","coordinates":[-86.47643,35.2766]},"properties":{"frp":4.68,"date":"2026-09-09","daynight":"D"}},{"type":"Feature","geometry":{"type":"Point","coordinates":[-86.47948,35.27683]},"properties":{"frp":4.45,"date":"2026-09-09","daynight":"D"}},{"type":"Feature","geometry":{"type":"Point","coordinates":[-79.73039,35.40958]},"properties":{"frp":44.66,"date":"2026-09-09","daynight":"D"}},{"type":"Feature","geometry":{"type":"Point","coordinates":[-79.73067,35.41553]},"properties":{"frp":22.98,"date":"2026-09-09","daynight":"D"}},{"type":"Feature","geometry":{"type":"Point","coordinates":[-79.7254,35.41578]},"properties":{"frp":22.98,"date":"2026-09-09","daynight":"D"}},{"type":"Feature","geometry":{"type":"Point","coordinates":[-79.73098,35.42148]},"properties":{"frp":22.98,"date":"2026-09-09","daynight":"D"}},{"type":"Feature","geometry":{"type":"Point","coordinates":[-90.24383,35.47439]},"properties":{"frp":8.25,"date":"2026-09-09","daynight":"D"}},{"type":"Feature","geometry":{"type":"Point","coordinates":[-90.24719,35.47716]},"properties":{"frp":4.65,"date":"2026-09-09","daynight":"D"}},{"type":"Feature","geometry":{"type":"Point","coordinates":[-90.24264,35.47775]},"properties":{"frp":4.65,"date":"2026-09-09","daynight":"D"}},{"type":"Feature","geometry":{"type":"Point","coordinates":[-90.2445,35.47781]},"properties":{"frp":8.25,"date":"2026-09-09","daynight":"D"}},{"type":"Feature","geometry":{"type":"Point","coordinates":[-90.24787,35.48058]},"properties":{"frp":4.65,"date":"2026-09-09","daynight":"D"}},{"type":"Feature","geometry":{"type":"Point","coordinates":[-90.24332,35.48117]},"properties":{"frp":4.65,"date":"2026-09-09","daynight":"D"}},{"type":"Feature","geometry":{"type":"Point","coordinates":[-89.94665,35.60817]},"properties":{"frp":4.94,"date":"2026-09-09","daynight":"D"}},{"type":"Feature","geometry":{"type":"Point","coordinates":[-89.95198,35.61101]},"properties":{"frp":4.94,"date":"2026-09-09","daynight":"D"}},{"type":"Feature","geometry":{"type":"Point","coordinates":[-90.44031,35.98281]},"properties":{"frp":3.74,"date":"2026-09-09","daynight":"D"}},{"type":"Feature","geometry":{"type":"Point","coordinates":[-90.43118,35.98404]},"properties":{"frp":4.97,"date":"2026-09-09","daynight":"D"}},{"type":"Feature","geometry":{"type":"Point","coordinates":[-89.94666,36.04106]},"properties":{"frp":34.69,"date":"2026-09-09","daynight":"D"}},{"type":"Feature","geometry":{"type":"Point","coordinates":[-89.94193,36.04168]},"properties":{"frp":7.9,"date":"2026-09-09","daynight":"D"}},{"type":"Feature","geometry":{"type":"Point","coordinates":[-89.94733,36.04453]},"properties":{"frp":34.69,"date":"2026-09-09","daynight":"D"}},{"type":"Feature","geometry":{"type":"Point","coordinates":[-89.98846,36.06562]},"properties":{"frp":1.99,"date":"2026-09-09","daynight":"D"}},{"type":"Feature","geometry":{"type":"Point","coordinates":[-89.95467,36.09125]},"properties":{"frp":7.26,"date":"2026-09-09","daynight":"D"}},{"type":"Feature","geometry":{"type":"Point","coordinates":[-89.94992,36.09185]},"properties":{"frp":3.63,"date":"2026-09-09","daynight":"D"}},{"type":"Feature","geometry":{"type":"Point","coordinates":[-90.02353,36.14627]},"properties":{"frp":7.0,"date":"2026-09-09","daynight":"D"}},{"type":"Feature","geometry":{"type":"Point","coordinates":[-90.01544,36.15443]},"properties":{"frp":4.67,"date":"2026-09-09","daynight":"D"}},{"type":"Feature","geometry":{"type":"Point","coordinates":[-90.01073,36.15504]},"properties":{"frp":4.89,"date":"2026-09-09","daynight":"D"}},{"type":"Feature","geometry":{"type":"Point","coordinates":[-90.006,36.15566]},"properties":{"frp":4.89,"date":"2026-09-09","daynight":"D"}},{"type":"Feature","geometry":{"type":"Point","coordinates":[-90.01442,36.15632]},"properties":{"frp":7.97,"date":"2026-09-09","daynight":"D"}},{"type":"Feature","geometry":{"type":"Point","coordinates":[-90.00969,36.15693]},"properties":{"frp":7.07,"date":"2026-09-09","daynight":"D"}},{"type":"Feature","geometry":{"type":"Point","coordinates":[-90.00495,36.15752]},"properties":{"frp":7.07,"date":"2026-09-09","daynight":"D"}},{"type":"Feature","geometry":{"type":"Point","coordinates":[-90.0114,36.1585]},"properties":{"frp":4.89,"date":"2026-09-09","daynight":"D"}},{"type":"Feature","geometry":{"type":"Point","coordinates":[-90.00668,36.15913]},"properties":{"frp":4.89,"date":"2026-09-09","daynight":"D"}},{"type":"Feature","geometry":{"type":"Point","coordinates":[-89.51079,36.44957]},"properties":{"frp":8.22,"date":"2026-09-09","daynight":"D"}},{"type":"Feature","geometry":{"type":"Point","coordinates":[-89.50582,36.45018]},"properties":{"frp":3.44,"date":"2026-09-09","daynight":"D"}},{"type":"Feature","geometry":{"type":"Point","coordinates":[-89.51145,36.45311]},"properties":{"frp":8.22,"date":"2026-09-09","daynight":"D"}},{"type":"Feature","geometry":{"type":"Point","coordinates":[-90.34928,36.46599]},"properties":{"frp":5.47,"date":"2026-09-09","daynight":"D"}},{"type":"Feature","geometry":{"type":"Point","coordinates":[-90.21762,36.55383]},"properties":{"frp":3.51,"date":"2026-09-09","daynight":"D"}},{"type":"Feature","geometry":{"type":"Point","coordinates":[-90.2183,36.55727]},"properties":{"frp":3.51,"date":"2026-09-09","daynight":"D"}},{"type":"Feature","geometry":{"type":"Point","coordinates":[-89.6622,36.71191]},"properties":{"frp":9.19,"date":"2026-09-09","daynight":"D"}},{"type":"Feature","geometry":{"type":"Point","coordinates":[-89.67276,36.7142]},"properties":{"frp":7.32,"date":"2026-09-09","daynight":"D"}},{"type":"Feature","geometry":{"type":"Point","coordinates":[-89.66782,36.71482]},"properties":{"frp":7.32,"date":"2026-09-09","daynight":"D"}},{"type":"Feature","geometry":{"type":"Point","coordinates":[-96.95003,36.7272]},"properties":{"frp":23.27,"date":"2026-09-09","daynight":"D"}},{"type":"Feature","geometry":{"type":"Point","coordinates":[-96.95104,36.73072]},"properties":{"frp":23.27,"date":"2026-09-09","daynight":"D"}},{"type":"Feature","geometry":{"type":"Point","coordinates":[-76.38396,36.77096]},"properties":{"frp":7.76,"date":"2026-09-09","daynight":"D"}},{"type":"Feature","geometry":{"type":"Point","coordinates":[-89.42612,36.85286]},"properties":{"frp":6.27,"date":"2026-09-09","daynight":"D"}},{"type":"Feature","geometry":{"type":"Point","coordinates":[-89.42104,36.85349]},"properties":{"frp":73.19,"date":"2026-09-09","daynight":"D"}},{"type":"Feature","geometry":{"type":"Point","coordinates":[-89.42171,36.85705]},"properties":{"frp":85.11,"date":"2026-09-09","daynight":"D"}},{"type":"Feature","geometry":{"type":"Point","coordinates":[-89.41663,36.85768]},"properties":{"frp":85.11,"date":"2026-09-09","daynight":"D"}},{"type":"Feature","geometry":{"type":"Point","coordinates":[-89.40141,36.85955]},"properties":{"frp":4.91,"date":"2026-09-09","daynight":"D"}},{"type":"Feature","geometry":{"type":"Point","coordinates":[-89.41731,36.86124]},"properties":{"frp":85.11,"date":"2026-09-09","daynight":"D"}},{"type":"Feature","geometry":{"type":"Point","coordinates":[-89.41224,36.86187]},"properties":{"frp":10.46,"date":"2026-09-09","daynight":"D"}},{"type":"Feature","geometry":{"type":"Point","coordinates":[-89.40716,36.8625]},"properties":{"frp":10.46,"date":"2026-09-09","daynight":"D"}},{"type":"Feature","geometry":{"type":"Point","coordinates":[-89.4129,36.86544]},"properties":{"frp":21.72,"date":"2026-09-09","daynight":"D"}},{"type":"Feature","geometry":{"type":"Point","coordinates":[-89.41357,36.86901]},"properties":{"frp":21.72,"date":"2026-09-09","daynight":"D"}},{"type":"Feature","geometry":{"type":"Point","coordinates":[-89.40849,36.86963]},"properties":{"frp":21.72,"date":"2026-09-09","daynight":"D"}},{"type":"Feature","geometry":{"type":"Point","coordinates":[-81.20309,37.31244]},"properties":{"frp":3.27,"date":"2026-09-09","daynight":"D"}},{"type":"Feature","geometry":{"type":"Point","coordinates":[-95.82982,37.85635]},"properties":{"frp":7.15,"date":"2026-09-09","daynight":"D"}},{"type":"Feature","geometry":{"type":"Point","coordinates":[-95.8252,37.85715]},"properties":{"frp":5.67,"date":"2026-09-09","daynight":"D"}},{"type":"Feature","geometry":{"type":"Point","coordinates":[-95.82613,37.86052]},"properties":{"frp":4.65,"date":"2026-09-09","daynight":"D"}},{"type":"Feature","geometry":{"type":"Point","coordinates":[-91.76478,38.75959]},"properties":{"frp":6.88,"date":"2026-09-09","daynight":"D"}},{"type":"Feature","geometry":{"type":"Point","coordinates":[-84.38299,39.46847]},"properties":{"frp":5.38,"date":"2026-09-09","daynight":"D"}},{"type":"Feature","geometry":{"type":"Point","coordinates":[-84.38455,39.4828]},"properties":{"frp":6.99,"date":"2026-09-09","daynight":"D"}},{"type":"Feature","geometry":{"type":"Point","coordinates":[-96.17337,43.98397]},"properties":{"frp":1.57,"date":"2026-09-09","daynight":"D"}},{"type":"Feature","geometry":{"type":"Point","coordinates":[-85.53777,44.84652]},"properties":{"frp":12.61,"date":"2026-09-09","daynight":"D"}},{"type":"Feature","geometry":{"type":"Point","coordinates":[-85.53881,44.84686]},"properties":{"frp":9.46,"date":"2026-09-09","daynight":"D"}},{"type":"Feature","geometry":{"type":"Point","coordinates":[-103.42702,37.67645]},"properties":{"frp":4.71,"date":"2026-09-09","daynight":"D"}},{"type":"Feature","geometry":{"type":"Point","coordinates":[-111.58867,42.68116]},"properties":{"frp":23.53,"date":"2026-09-09","daynight":"D"}},{"type":"Feature","geometry":{"type":"Point","coordinates":[-111.58872,42.68334]},"properties":{"frp":26.25,"date":"2026-09-09","daynight":"D"}},{"type":"Feature","geometry":{"type":"Point","coordinates":[-112.07235,43.64337]},"properties":{"frp":133.73,"date":"2026-09-09","daynight":"D"}},{"type":"Feature","geometry":{"type":"Point","coordinates":[-112.0821,43.64713]},"properties":{"frp":15.06,"date":"2026-09-09","daynight":"D"}},{"type":"Feature","geometry":{"type":"Point","coordinates":[-116.27631,46.12322]},"properties":{"frp":19.82,"date":"2026-09-09","daynight":"D"}},{"type":"Feature","geometry":{"type":"Point","coordinates":[-116.28262,46.12363]},"properties":{"frp":21.53,"date":"2026-09-09","daynight":"D"}},{"type":"Feature","geometry":{"type":"Point","coordinates":[-116.26846,46.12603]},"properties":{"frp":19.82,"date":"2026-09-09","daynight":"D"}},{"type":"Feature","geometry":{"type":"Point","coordinates":[-116.27492,46.12642]},"properties":{"frp":21.53,"date":"2026-09-09","daynight":"D"}},{"type":"Feature","geometry":{"type":"Point","coordinates":[-116.38799,46.28197]},"properties":{"frp":127.16,"date":"2026-09-09","daynight":"D"}},{"type":"Feature","geometry":{"type":"Point","coordinates":[-116.37246,46.28756]},"properties":{"frp":114.3,"date":"2026-09-09","daynight":"D"}},{"type":"Feature","geometry":{"type":"Point","coordinates":[-116.38469,46.29092]},"properties":{"frp":21.36,"date":"2026-09-09","daynight":"D"}},{"type":"Feature","geometry":{"type":"Point","coordinates":[-116.57201,46.30933]},"properties":{"frp":8.77,"date":"2026-09-09","daynight":"D"}},{"type":"Feature","geometry":{"type":"Point","coordinates":[-116.56972,46.31219]},"properties":{"frp":14.31,"date":"2026-09-09","daynight":"D"}},{"type":"Feature","geometry":{"type":"Point","coordinates":[-116.5635,46.31236]},"properties":{"frp":8.77,"date":"2026-09-09","daynight":"D"}},{"type":"Feature","geometry":{"type":"Point","coordinates":[-116.29063,46.40166]},"properties":{"frp":9.56,"date":"2026-09-09","daynight":"D"}},{"type":"Feature","geometry":{"type":"Point","coordinates":[-116.29875,46.40233]},"properties":{"frp":16.5,"date":"2026-09-09","daynight":"D"}},{"type":"Feature","geometry":{"type":"Point","coordinates":[-116.29009,46.40545]},"properties":{"frp":13.42,"date":"2026-09-09","daynight":"D"}},{"type":"Feature","geometry":{"type":"Point","coordinates":[-116.2963,46.40734]},"properties":{"frp":9.56,"date":"2026-09-09","daynight":"D"}},{"type":"Feature","geometry":{"type":"Point","coordinates":[-116.59626,46.56424]},"properties":{"frp":12.06,"date":"2026-09-09","daynight":"D"}},{"type":"Feature","geometry":{"type":"Point","coordinates":[-116.58816,46.56715]},"properties":{"frp":12.06,"date":"2026-09-09","daynight":"D"}},{"type":"Feature","geometry":{"type":"Point","coordinates":[-116.6016,46.57007]},"properties":{"frp":31.06,"date":"2026-09-09","daynight":"D"}},{"type":"Feature","geometry":{"type":"Point","coordinates":[-116.59334,46.57305]},"properties":{"frp":31.06,"date":"2026-09-09","daynight":"D"}},{"type":"Feature","geometry":{"type":"Point","coordinates":[-101.83559,47.3533]},"properties":{"frp":3.67,"date":"2026-09-09","daynight":"D"}},{"type":"Feature","geometry":{"type":"Point","coordinates":[-103.48957,31.37623]},"properties":{"frp":6.08,"date":"2026-09-09","daynight":"D"}},{"type":"Feature","geometry":{"type":"Point","coordinates":[-110.86276,33.41798]},"properties":{"frp":5.92,"date":"2026-09-09","daynight":"D"}},{"type":"Feature","geometry":{"type":"Point","coordinates":[-121.37253,35.96294]},"properties":{"frp":97.86,"date":"2026-09-09","daynight":"D"}},{"type":"Feature","geometry":{"type":"Point","coordinates":[-119.98678,36.43745]},"properties":{"frp":6.92,"date":"2026-09-09","daynight":"D"}},{"type":"Feature","geometry":{"type":"Point","coordinates":[-103.42216,37.66816]},"properties":{"frp":11.28,"date":"2026-09-09","daynight":"D"}},{"type":"Feature","geometry":{"type":"Point","coordinates":[-122.18968,38.48492]},"properties":{"frp":7.48,"date":"2026-09-09","daynight":"D"}},{"type":"Feature","geometry":{"type":"Point","coordinates":[-122.18464,38.48582]},"properties":{"frp":7.48,"date":"2026-09-09","daynight":"D"}},{"type":"Feature","geometry":{"type":"Point","coordinates":[-122.19074,38.48834]},"properties":{"frp":24.13,"date":"2026-09-09","daynight":"D"}},{"type":"Feature","geometry":{"type":"Point","coordinates":[-122.18564,38.48926]},"properties":{"frp":24.13,"date":"2026-09-09","daynight":"D"}},{"type":"Feature","geometry":{"type":"Point","coordinates":[-121.42369,38.75524]},"properties":{"frp":4.52,"date":"2026-09-09","daynight":"D"}},{"type":"Feature","geometry":{"type":"Point","coordinates":[-121.42464,38.7586]},"properties":{"frp":4.52,"date":"2026-09-09","daynight":"D"}},{"type":"Feature","geometry":{"type":"Point","coordinates":[-121.42,38.7594]},"properties":{"frp":3.84,"date":"2026-09-09","daynight":"D"}},{"type":"Feature","geometry":{"type":"Point","coordinates":[-121.41918,38.76009]},"properties":{"frp":40.05,"date":"2026-09-09","daynight":"D"}},{"type":"Feature","geometry":{"type":"Point","coordinates":[-121.41454,38.7609]},"properties":{"frp":40.05,"date":"2026-09-09","daynight":"D"}},{"type":"Feature","geometry":{"type":"Point","coordinates":[-121.41072,38.761]},"properties":{"frp":10.15,"date":"2026-09-09","daynight":"D"}},{"type":"Feature","geometry":{"type":"Point","coordinates":[-121.4099,38.76171]},"properties":{"frp":8.03,"date":"2026-09-09","daynight":"D"}},{"type":"Feature","geometry":{"type":"Point","coordinates":[-121.41086,38.76506]},"properties":{"frp":8.03,"date":"2026-09-09","daynight":"D"}},{"type":"Feature","geometry":{"type":"Point","coordinates":[-121.41182,38.76842]},"properties":{"frp":6.04,"date":"2026-09-09","daynight":"D"}},{"type":"Feature","geometry":{"type":"Point","coordinates":[-121.42204,38.77015]},"properties":{"frp":44.61,"date":"2026-09-09","daynight":"D"}},{"type":"Feature","geometry":{"type":"Point","coordinates":[-121.4174,38.77096]},"properties":{"frp":44.61,"date":"2026-09-09","daynight":"D"}},{"type":"Feature","geometry":{"type":"Point","coordinates":[-121.41277,38.77177]},"properties":{"frp":6.04,"date":"2026-09-09","daynight":"D"}},{"type":"Feature","geometry":{"type":"Point","coordinates":[-121.41836,38.77431]},"properties":{"frp":22.78,"date":"2026-09-09","daynight":"D"}},{"type":"Feature","geometry":{"type":"Point","coordinates":[-121.41373,38.77512]},"properties":{"frp":13.35,"date":"2026-09-09","daynight":"D"}},{"type":"Feature","geometry":{"type":"Point","coordinates":[-121.41932,38.77766]},"properties":{"frp":22.78,"date":"2026-09-09","daynight":"D"}},{"type":"Feature","geometry":{"type":"Point","coordinates":[-121.41469,38.77847]},"properties":{"frp":13.35,"date":"2026-09-09","daynight":"D"}},{"type":"Feature","geometry":{"type":"Point","coordinates":[-121.42027,38.78101]},"properties":{"frp":5.0,"date":"2026-09-09","daynight":"D"}},{"type":"Feature","geometry":{"type":"Point","coordinates":[-121.43145,38.7861]},"properties":{"frp":5.47,"date":"2026-09-09","daynight":"D"}},{"type":"Feature","geometry":{"type":"Point","coordinates":[-121.42217,38.78773]},"properties":{"frp":16.2,"date":"2026-09-09","daynight":"D"}},{"type":"Feature","geometry":{"type":"Point","coordinates":[-121.43239,38.78946]},"properties":{"frp":5.47,"date":"2026-09-09","daynight":"D"}},{"type":"Feature","geometry":{"type":"Point","coordinates":[-121.42776,38.79027]},"properties":{"frp":16.2,"date":"2026-09-09","daynight":"D"}},{"type":"Feature","geometry":{"type":"Point","coordinates":[-121.42313,38.79108]},"properties":{"frp":16.2,"date":"2026-09-09","daynight":"D"}},{"type":"Feature","geometry":{"type":"Point","coordinates":[-121.41848,38.79189]},"properties":{"frp":7.55,"date":"2026-09-09","daynight":"D"}},{"type":"Feature","geometry":{"type":"Point","coordinates":[-121.42872,38.79362]},"properties":{"frp":34.77,"date":"2026-09-09","daynight":"D"}},{"type":"Feature","geometry":{"type":"Point","coordinates":[-121.42409,38.79443]},"properties":{"frp":34.77,"date":"2026-09-09","daynight":"D"}},{"type":"Feature","geometry":{"type":"Point","coordinates":[-121.41944,38.79524]},"properties":{"frp":32.19,"date":"2026-09-09","daynight":"D"}},{"type":"Feature","geometry":{"type":"Point","coordinates":[-121.42504,38.79778]},"properties":{"frp":34.77,"date":"2026-09-09","daynight":"D"}},{"type":"Feature","geometry":{"type":"Point","coordinates":[-121.43063,38.80032]},"properties":{"frp":32.8,"date":"2026-09-09","daynight":"D"}},{"type":"Feature","geometry":{"type":"Point","coordinates":[-121.42135,38.80194]},"properties":{"frp":6.7,"date":"2026-09-09","daynight":"D"}},{"type":"Feature","geometry":{"type":"Point","coordinates":[-111.59298,42.68351]},"properties":{"frp":4.14,"date":"2026-09-09","daynight":"D"}},{"type":"Feature","geometry":{"type":"Point","coordinates":[-111.59212,42.68572]},"properties":{"frp":10.87,"date":"2026-09-09","daynight":"D"}},{"type":"Feature","geometry":{"type":"Point","coordinates":[-123.09734,44.71986]},"properties":{"frp":8.32,"date":"2026-09-09","daynight":"D"}},{"type":"Feature","geometry":{"type":"Point","coordinates":[-123.16297,45.22773]},"properties":{"frp":7.52,"date":"2026-09-09","daynight":"D"}},{"type":"Feature","geometry":{"type":"Point","coordinates":[-116.14989,46.06344]},"properties":{"frp":12.46,"date":"2026-09-09","daynight":"D"}},{"type":"Feature","geometry":{"type":"Point","coordinates":[-116.06968,46.06414]},"properties":{"frp":7.42,"date":"2026-09-09","daynight":"D"}},{"type":"Feature","geometry":{"type":"Point","coordinates":[-116.0574,46.06925]},"properties":{"frp":59.83,"date":"2026-09-09","daynight":"D"}},{"type":"Feature","geometry":{"type":"Point","coordinates":[-116.07085,46.07169]},"properties":{"frp":124.99,"date":"2026-09-09","daynight":"D"}},{"type":"Feature","geometry":{"type":"Point","coordinates":[-116.06456,46.07234]},"properties":{"frp":124.99,"date":"2026-09-09","daynight":"D"}},{"type":"Feature","geometry":{"type":"Point","coordinates":[-116.05814,46.07301]},"properties":{"frp":59.83,"date":"2026-09-09","daynight":"D"}},{"type":"Feature","geometry":{"type":"Point","coordinates":[-116.57345,46.27509]},"properties":{"frp":3.86,"date":"2026-09-09","daynight":"D"}},{"type":"Feature","geometry":{"type":"Point","coordinates":[-116.57423,46.27878]},"properties":{"frp":3.86,"date":"2026-09-09","daynight":"D"}},{"type":"Feature","geometry":{"type":"Point","coordinates":[-116.56796,46.27946]},"properties":{"frp":5.04,"date":"2026-09-09","daynight":"D"}},{"type":"Feature","geometry":{"type":"Point","coordinates":[-116.42455,46.2799]},"properties":{"frp":4.36,"date":"2026-09-09","daynight":"D"}},{"type":"Feature","geometry":{"type":"Point","coordinates":[-116.41887,46.28431]},"properties":{"frp":99.7,"date":"2026-09-09","daynight":"D"}},{"type":"Feature","geometry":{"type":"Point","coordinates":[-116.43249,46.28664]},"properties":{"frp":119.6,"date":"2026-09-09","daynight":"D"}},{"type":"Feature","geometry":{"type":"Point","coordinates":[-116.42611,46.28732]},"properties":{"frp":99.7,"date":"2026-09-09","daynight":"D"}},{"type":"Feature","geometry":{"type":"Point","coordinates":[-116.41966,46.28802]},"properties":{"frp":99.7,"date":"2026-09-09","daynight":"D"}},{"type":"Feature","geometry":{"type":"Point","coordinates":[-116.4733,46.38238]},"properties":{"frp":6.97,"date":"2026-09-09","daynight":"D"}},{"type":"Feature","geometry":{"type":"Point","coordinates":[-116.46684,46.38308]},"properties":{"frp":49.47,"date":"2026-09-09","daynight":"D"}},{"type":"Feature","geometry":{"type":"Point","coordinates":[-116.46038,46.38377]},"properties":{"frp":49.47,"date":"2026-09-09","daynight":"D"}},{"type":"Feature","geometry":{"type":"Point","coordinates":[-116.45397,46.38446]},"properties":{"frp":92.95,"date":"2026-09-09","daynight":"D"}},{"type":"Feature","geometry":{"type":"Point","coordinates":[-116.46772,46.38678]},"properties":{"frp":45.53,"date":"2026-09-09","daynight":"D"}},{"type":"Feature","geometry":{"type":"Point","coordinates":[-116.46123,46.38747]},"properties":{"frp":45.53,"date":"2026-09-09","daynight":"D"}},{"type":"Feature","geometry":{"type":"Point","coordinates":[-116.04168,46.39335]},"properties":{"frp":23.84,"date":"2026-09-09","daynight":"D"}},{"type":"Feature","geometry":{"type":"Point","coordinates":[-116.0425,46.39712]},"properties":{"frp":23.84,"date":"2026-09-09","daynight":"D"}},{"type":"Feature","geometry":{"type":"Point","coordinates":[-116.03586,46.39781]},"properties":{"frp":23.84,"date":"2026-09-09","daynight":"D"}},{"type":"Feature","geometry":{"type":"Point","coordinates":[-116.03665,46.40158]},"properties":{"frp":11.65,"date":"2026-09-09","daynight":"D"}},{"type":"Feature","geometry":{"type":"Point","coordinates":[-116.49805,46.54186]},"properties":{"frp":5.59,"date":"2026-09-09","daynight":"D"}},{"type":"Feature","geometry":{"type":"Point","coordinates":[-116.49158,46.54254]},"properties":{"frp":6.66,"date":"2026-09-09","daynight":"D"}},{"type":"Feature","geometry":{"type":"Point","coordinates":[-116.49881,46.54557]},"properties":{"frp":40.67,"date":"2026-09-09","daynight":"D"}},{"type":"Feature","geometry":{"type":"Point","coordinates":[-116.4922,46.54627]},"properties":{"frp":11.14,"date":"2026-09-09","daynight":"D"}},{"type":"Feature","geometry":{"type":"Point","coordinates":[-117.4776,47.23748]},"properties":{"frp":5.82,"date":"2026-09-09","daynight":"D"}},{"type":"Feature","geometry":{"type":"Point","coordinates":[-107.51649,47.48841]},"properties":{"frp":5.27,"date":"2026-09-09","daynight":"D"}},{"type":"Feature","geometry":{"type":"Point","coordinates":[-120.56949,47.84195]},"properties":{"frp":4.79,"date":"2026-09-09","daynight":"D"}},{"type":"Feature","geometry":{"type":"Point","coordinates":[-120.56437,47.84266]},"properties":{"frp":13.59,"date":"2026-09-09","daynight":"D"}},{"type":"Feature","geometry":{"type":"Point","coordinates":[-120.34566,47.87962]},"properties":{"frp":30.04,"date":"2026-09-09","daynight":"D"}},{"type":"Feature","geometry":{"type":"Point","coordinates":[-120.34687,47.88291]},"properties":{"frp":31.94,"date":"2026-09-09","daynight":"D"}},{"type":"Feature","geometry":{"type":"Point","coordinates":[-120.35316,47.88551]},"properties":{"frp":17.61,"date":"2026-09-09","daynight":"D"}},{"type":"Feature","geometry":{"type":"Point","coordinates":[-120.34302,47.88689]},"properties":{"frp":31.94,"date":"2026-09-09","daynight":"D"}},{"type":"Feature","geometry":{"type":"Point","coordinates":[-120.56537,47.88928]},"properties":{"frp":7.84,"date":"2026-09-09","daynight":"D"}},{"type":"Feature","geometry":{"type":"Point","coordinates":[-120.84946,48.35841]},"properties":{"frp":8.77,"date":"2026-09-09","daynight":"D"}},{"type":"Feature","geometry":{"type":"Point","coordinates":[-120.85006,48.36179]},"properties":{"frp":8.77,"date":"2026-09-09","daynight":"D"}},{"type":"Feature","geometry":{"type":"Point","coordinates":[-120.85072,48.36517]},"properties":{"frp":4.78,"date":"2026-09-09","daynight":"D"}},{"type":"Feature","geometry":{"type":"Point","coordinates":[-120.84551,48.36589]},"properties":{"frp":4.78,"date":"2026-09-09","daynight":"D"}},{"type":"Feature","geometry":{"type":"Point","coordinates":[-120.83558,48.37074]},"properties":{"frp":4.5,"date":"2026-09-09","daynight":"D"}},{"type":"Feature","geometry":{"type":"Point","coordinates":[-120.82495,48.37222]},"properties":{"frp":6.36,"date":"2026-09-09","daynight":"D"}}]}