{"type":"FeatureCollection","features":[{"type":"Feature","geometry":{"type":"Point","coordinates":[-73.52367,45.64185]},"properties":{"frp":0.91,"date":"2026-09-21","daynight":"N"}},{"type":"Feature","geometry":{"type":"Point","coordinates":[-73.24954,45.83677]},"properties":{"frp":0.98,"date":"2026-09-21","daynight":"N"}},{"type":"Feature","geometry":{"type":"Point","coordinates":[-73.24845,45.84005]},"properties":{"frp":0.98,"date":"2026-09-21","daynight":"N"}},{"type":"Feature","geometry":{"type":"Point","coordinates":[-76.80795,36.35442]},"properties":{"frp":1.42,"date":"2026-09-21","daynight":"N"}},{"type":"Feature","geometry":{"type":"Point","coordinates":[-76.81219,36.3551]},"properties":{"frp":1.42,"date":"2026-09-21","daynight":"N"}},{"type":"Feature","geometry":{"type":"Point","coordinates":[-76.80714,36.35771]},"properties":{"frp":1.42,"date":"2026-09-21","daynight":"N"}},{"type":"Feature","geometry":{"type":"Point","coordinates":[-84.99417,38.75776]},"properties":{"frp":1.89,"date":"2026-09-21","daynight":"N"}},{"type":"Feature","geometry":{"type":"Point","coordinates":[-85.00002,38.76291]},"properties":{"frp":1.89,"date":"2026-09-21","daynight":"N"}},{"type":"Feature","geometry":{"type":"Point","coordinates":[-84.23997,38.83325]},"properties":{"frp":1.72,"date":"2026-09-21","daynight":"N"}},{"type":"Feature","geometry":{"type":"Point","coordinates":[-84.24082,38.83464]},"properties":{"frp":3.68,"date":"2026-09-21","daynight":"N"}},{"type":"Feature","geometry":{"type":"Point","coordinates":[-84.23946,38.83769]},"properties":{"frp":1.72,"date":"2026-09-21","daynight":"N"}},{"type":"Feature","geometry":{"type":"Point","coordinates":[-75.63465,39.58434]},"properties":{"frp":0.95,"date":"2026-09-21","daynight":"N"}},{"type":"Feature","geometry":{"type":"Point","coordinates":[-75.63377,39.58762]},"properties":{"frp":1.43,"date":"2026-09-21","daynight":"N"}},{"type":"Feature","geometry":{"type":"Point","coordinates":[-75.63289,39.5909]},"properties":{"frp":1.43,"date":"2026-09-21","daynight":"N"}},{"type":"Feature","geometry":{"type":"Point","coordinates":[-80.10262,42.79906]},"properties":{"frp":1.2,"date":"2026-09-21","daynight":"N"}},{"type":"Feature","geometry":{"type":"Point","coordinates":[-80.10352,42.80009]},"properties":{"frp":2.77,"date":"2026-09-21","daynight":"N"}},{"type":"Feature","geometry":{"type":"Point","coordinates":[-80.10182,42.80282]},"properties":{"frp":4.33,"date":"2026-09-21","daynight":"N"}},{"type":"Feature","geometry":{"type":"Point","coordinates":[-80.09483,42.80592]},"properties":{"frp":2.86,"date":"2026-09-21","daynight":"N"}},{"type":"Feature","geometry":{"type":"Point","coordinates":[-80.10103,42.80659]},"properties":{"frp":4.33,"date":"2026-09-21","daynight":"N"}},{"type":"Feature","geometry":{"type":"Point","coordinates":[-80.09327,42.81345]},"properties":{"frp":0.96,"date":"2026-09-21","daynight":"N"}},{"type":"Feature","geometry":{"type":"Point","coordinates":[-82.41434,42.94493]},"properties":{"frp":0.63,"date":"2026-09-21","daynight":"N"}},{"type":"Feature","geometry":{"type":"Point","coordinates":[-79.80759,43.26813]},"properties":{"frp":1.74,"date":"2026-09-21","daynight":"N"}},{"type":"Feature","geometry":{"type":"Point","coordinates":[-79.79457,43.27048]},"properties":{"frp":2.37,"date":"2026-09-21","daynight":"N"}},{"type":"Feature","geometry":{"type":"Point","coordinates":[-79.80068,43.27118]},"properties":{"frp":1.74,"date":"2026-09-21","daynight":"N"}},{"type":"Feature","geometry":{"type":"Point","coordinates":[-79.79379,43.27422]},"properties":{"frp":6.22,"date":"2026-09-21","daynight":"N"}},{"type":"Feature","geometry":{"type":"Point","coordinates":[-79.7999,43.27491]},"properties":{"frp":4.59,"date":"2026-09-21","daynight":"N"}},{"type":"Feature","geometry":{"type":"Point","coordinates":[-83.70377,31.30775]},"properties":{"frp":0.91,"date":"2026-09-21","daynight":"N"}},{"type":"Feature","geometry":{"type":"Point","coordinates":[-83.70762,31.30779]},"properties":{"frp":0.5,"date":"2026-09-21","daynight":"N"}},{"type":"Feature","geometry":{"type":"Point","coordinates":[-87.27687,32.91413]},"properties":{"frp":4.97,"date":"2026-09-21","daynight":"N"}},{"type":"Feature","geometry":{"type":"Point","coordinates":[-79.8784,33.00687]},"properties":{"frp":1.28,"date":"2026-09-21","daynight":"N"}},{"type":"Feature","geometry":{"type":"Point","coordinates":[-79.88704,33.00809]},"properties":{"frp":1.76,"date":"2026-09-21","daynight":"N"}},{"type":"Feature","geometry":{"type":"Point","coordinates":[-79.88567,33.01487]},"properties":{"frp":3.57,"date":"2026-09-21","daynight":"N"}},{"type":"Feature","geometry":{"type":"Point","coordinates":[-86.79441,33.21841]},"properties":{"frp":1.72,"date":"2026-09-21","daynight":"N"}},{"type":"Feature","geometry":{"type":"Point","coordinates":[-86.79397,33.21957]},"properties":{"frp":1.22,"date":"2026-09-21","daynight":"N"}},{"type":"Feature","geometry":{"type":"Point","coordinates":[-86.81322,33.21995]},"properties":{"frp":1.69,"date":"2026-09-21","daynight":"N"}},{"type":"Feature","geometry":{"type":"Point","coordinates":[-86.81277,33.22124]},"properties":{"frp":1.03,"date":"2026-09-21","daynight":"N"}},{"type":"Feature","geometry":{"type":"Point","coordinates":[-87.51596,33.23088]},"properties":{"frp":2.3,"date":"2026-09-21","daynight":"N"}},{"type":"Feature","geometry":{"type":"Point","coordinates":[-87.50855,33.23535]},"properties":{"frp":3.29,"date":"2026-09-21","daynight":"N"}},{"type":"Feature","geometry":{"type":"Point","coordinates":[-88.57206,33.43739]},"properties":{"frp":1.03,"date":"2026-09-21","daynight":"N"}},{"type":"Feature","geometry":{"type":"Point","coordinates":[-88.57145,33.44275]},"properties":{"frp":1.03,"date":"2026-09-21","daynight":"N"}},{"type":"Feature","geometry":{"type":"Point","coordinates":[-81.05198,33.96136]},"properties":{"frp":1.5,"date":"2026-09-21","daynight":"N"}},{"type":"Feature","geometry":{"type":"Point","coordinates":[-81.05611,33.96555]},"properties":{"frp":0.75,"date":"2026-09-21","daynight":"N"}},{"type":"Feature","geometry":{"type":"Point","coordinates":[-84.79987,34.23966]},"properties":{"frp":1.07,"date":"2026-09-21","daynight":"N"}},{"type":"Feature","geometry":{"type":"Point","coordinates":[-79.88812,34.37481]},"properties":{"frp":1.27,"date":"2026-09-21","daynight":"N"}},{"type":"Feature","geometry":{"type":"Point","coordinates":[-79.89019,34.37738]},"properties":{"frp":1.35,"date":"2026-09-21","daynight":"N"}},{"type":"Feature","geometry":{"type":"Point","coordinates":[-91.68916,34.48615]},"properties":{"frp":3.78,"date":"2026-09-21","daynight":"N"}},{"type":"Feature","geometry":{"type":"Point","coordinates":[-87.08247,34.64047]},"properties":{"frp":1.98,"date":"2026-09-21","daynight":"N"}},{"type":"Feature","geometry":{"type":"Point","coordinates":[-87.08929,34.641]},"properties":{"frp":3.53,"date":"2026-09-21","daynight":"N"}},{"type":"Feature","geometry":{"type":"Point","coordinates":[-87.84829,34.74366]},"properties":{"frp":1.43,"date":"2026-09-21","daynight":"N"}},{"type":"Feature","geometry":{"type":"Point","coordinates":[-89.93592,35.64746]},"properties":{"frp":0.59,"date":"2026-09-21","daynight":"N"}},{"type":"Feature","geometry":{"type":"Point","coordinates":[-86.98743,37.26945]},"properties":{"frp":1.25,"date":"2026-09-21","daynight":"N"}},{"type":"Feature","geometry":{"type":"Point","coordinates":[-90.36812,27.17114]},"properties":{"frp":2.52,"date":"2026-09-21","daynight":"N"}},{"type":"Feature","geometry":{"type":"Point","coordinates":[-90.36518,27.17302]},"properties":{"frp":2.62,"date":"2026-09-21","daynight":"N"}},{"type":"Feature","geometry":{"type":"Point","coordinates":[-90.3693,27.17337]},"properties":{"frp":2.62,"date":"2026-09-21","daynight":"N"}},{"type":"Feature","geometry":{"type":"Point","coordinates":[-90.36751,27.17673]},"properties":{"frp":2.52,"date":"2026-09-21","daynight":"N"}},{"type":"Feature","geometry":{"type":"Point","coordinates":[-90.02805,27.1944]},"properties":{"frp":7.35,"date":"2026-09-21","daynight":"N"}},{"type":"Feature","geometry":{"type":"Point","coordinates":[-90.03199,27.19473]},"properties":{"frp":14.03,"date":"2026-09-21","daynight":"N"}},{"type":"Feature","geometry":{"type":"Point","coordinates":[-90.71552,27.32557]},"properties":{"frp":4.08,"date":"2026-09-21","daynight":"N"}},{"type":"Feature","geometry":{"type":"Point","coordinates":[-90.71989,27.3259]},"properties":{"frp":4.28,"date":"2026-09-21","daynight":"N"}},{"type":"Feature","geometry":{"type":"Point","coordinates":[-89.90182,29.5938]},"properties":{"frp":1.42,"date":"2026-09-21","daynight":"N"}},{"type":"Feature","geometry":{"type":"Point","coordinates":[-89.90125,29.59938]},"properties":{"frp":0.68,"date":"2026-09-21","daynight":"N"}},{"type":"Feature","geometry":{"type":"Point","coordinates":[-93.96689,29.83413]},"properties":{"frp":1.82,"date":"2026-09-21","daynight":"N"}},{"type":"Feature","geometry":{"type":"Point","coordinates":[-93.96687,29.88803]},"properties":{"frp":4.97,"date":"2026-09-21","daynight":"N"}},{"type":"Feature","geometry":{"type":"Point","coordinates":[-93.9632,29.89017]},"properties":{"frp":4.06,"date":"2026-09-21","daynight":"N"}},{"type":"Feature","geometry":{"type":"Point","coordinates":[-90.39819,29.99572]},"properties":{"frp":3.23,"date":"2026-09-21","daynight":"N"}},{"type":"Feature","geometry":{"type":"Point","coordinates":[-90.40675,30.00213]},"properties":{"frp":2.28,"date":"2026-09-21","daynight":"N"}},{"type":"Feature","geometry":{"type":"Point","coordinates":[-94.03534,30.01547]},"properties":{"frp":1.41,"date":"2026-09-21","daynight":"N"}},{"type":"Feature","geometry":{"type":"Point","coordinates":[-94.04298,30.01578]},"properties":{"frp":1.41,"date":"2026-09-21","daynight":"N"}},{"type":"Feature","geometry":{"type":"Point","coordinates":[-94.04174,30.01796]},"properties":{"frp":2.22,"date":"2026-09-21","daynight":"N"}},{"type":"Feature","geometry":{"type":"Point","coordinates":[-93.75552,30.05292]},"properties":{"frp":2.54,"date":"2026-09-21","daynight":"N"}},{"type":"Feature","geometry":{"type":"Point","coordinates":[-90.66871,30.0608]},"properties":{"frp":1.32,"date":"2026-09-21","daynight":"N"}},{"type":"Feature","geometry":{"type":"Point","coordinates":[-93.32462,30.17915]},"properties":{"frp":2.08,"date":"2026-09-21","daynight":"N"}},{"type":"Feature","geometry":{"type":"Point","coordinates":[-93.33154,30.17945]},"properties":{"frp":2.08,"date":"2026-09-21","daynight":"N"}},{"type":"Feature","geometry":{"type":"Point","coordinates":[-93.3271,30.18433]},"properties":{"frp":2.51,"date":"2026-09-21","daynight":"N"}},{"type":"Feature","geometry":{"type":"Point","coordinates":[-91.18047,30.48549]},"properties":{"frp":2.95,"date":"2026-09-21","daynight":"N"}},{"type":"Feature","geometry":{"type":"Point","coordinates":[-91.18568,30.48582]},"properties":{"frp":2.82,"date":"2026-09-21","daynight":"N"}},{"type":"Feature","geometry":{"type":"Point","coordinates":[-90.39434,30.50853]},"properties":{"frp":1.2,"date":"2026-09-21","daynight":"N"}},{"type":"Feature","geometry":{"type":"Point","coordinates":[-91.24414,30.58214]},"properties":{"frp":0.74,"date":"2026-09-21","daynight":"N"}},{"type":"Feature","geometry":{"type":"Point","coordinates":[-87.98999,31.15219]},"properties":{"frp":3.85,"date":"2026-09-21","daynight":"N"}},{"type":"Feature","geometry":{"type":"Point","coordinates":[-81.0362,46.48683]},"properties":{"frp":5.75,"date":"2026-09-21","daynight":"N"}},{"type":"Feature","geometry":{"type":"Point","coordinates":[-81.0293,46.48828]},"properties":{"frp":6.07,"date":"2026-09-21","daynight":"N"}},{"type":"Feature","geometry":{"type":"Point","coordinates":[-81.0359,46.49051]},"properties":{"frp":6.07,"date":"2026-09-21","daynight":"N"}},{"type":"Feature","geometry":{"type":"Point","coordinates":[-81.03214,46.49253]},"properties":{"frp":5.75,"date":"2026-09-21","daynight":"N"}},{"type":"Feature","geometry":{"type":"Point","coordinates":[-111.47562,45.94468]},"properties":{"frp":0.63,"date":"2026-09-21","daynight":"N"}},{"type":"Feature","geometry":{"type":"Point","coordinates":[-117.00056,47.33271]},"properties":{"frp":1.42,"date":"2026-09-21","daynight":"N"}},{"type":"Feature","geometry":{"type":"Point","coordinates":[-116.9954,47.33384]},"properties":{"frp":1.06,"date":"2026-09-21","daynight":"N"}},{"type":"Feature","geometry":{"type":"Point","coordinates":[-103.71024,49.47383]},"properties":{"frp":1.42,"date":"2026-09-21","daynight":"N"}},{"type":"Feature","geometry":{"type":"Point","coordinates":[-87.98707,31.15069]},"properties":{"frp":3.53,"date":"2026-09-21","daynight":"N"}},{"type":"Feature","geometry":{"type":"Point","coordinates":[-87.27306,32.91793]},"properties":{"frp":1.85,"date":"2026-09-21","daynight":"N"}},{"type":"Feature","geometry":{"type":"Point","coordinates":[-86.75731,33.1777]},"properties":{"frp":1.13,"date":"2026-09-21","daynight":"N"}},{"type":"Feature","geometry":{"type":"Point","coordinates":[-86.75457,33.17817]},"properties":{"frp":1.35,"date":"2026-09-21","daynight":"N"}},{"type":"Feature","geometry":{"type":"Point","coordinates":[-87.51064,33.23378]},"properties":{"frp":0.96,"date":"2026-09-21","daynight":"N"}},{"type":"Feature","geometry":{"type":"Point","coordinates":[-87.50797,33.24026]},"properties":{"frp":0.96,"date":"2026-09-21","daynight":"N"}},{"type":"Feature","geometry":{"type":"Point","coordinates":[-87.84152,34.74034]},"properties":{"frp":2.39,"date":"2026-09-21","daynight":"N"}},{"type":"Feature","geometry":{"type":"Point","coordinates":[-101.89317,35.53621]},"properties":{"frp":1.08,"date":"2026-09-21","daynight":"N"}},{"type":"Feature","geometry":{"type":"Point","coordinates":[-101.8974,35.5369]},"properties":{"frp":2.25,"date":"2026-09-21","daynight":"N"}},{"type":"Feature","geometry":{"type":"Point","coordinates":[-89.93288,35.64473]},"properties":{"frp":0.84,"date":"2026-09-21","daynight":"N"}},{"type":"Feature","geometry":{"type":"Point","coordinates":[-89.9289,35.64676]},"properties":{"frp":0.98,"date":"2026-09-21","daynight":"N"}},{"type":"Feature","geometry":{"type":"Point","coordinates":[-89.93348,35.64798]},"properties":{"frp":2.21,"date":"2026-09-21","daynight":"N"}},{"type":"Feature","geometry":{"type":"Point","coordinates":[-89.93068,35.65018]},"properties":{"frp":0.84,"date":"2026-09-21","daynight":"N"}},{"type":"Feature","geometry":{"type":"Point","coordinates":[-89.71297,35.93757]},"properties":{"frp":1.14,"date":"2026-09-21","daynight":"N"}},{"type":"Feature","geometry":{"type":"Point","coordinates":[-89.71305,35.94978]},"properties":{"frp":1.1,"date":"2026-09-21","daynight":"N"}},{"type":"Feature","geometry":{"type":"Point","coordinates":[-89.71767,35.95104]},"properties":{"frp":0.79,"date":"2026-09-21","daynight":"N"}},{"type":"Feature","geometry":{"type":"Point","coordinates":[-95.81061,36.1943]},"properties":{"frp":0.46,"date":"2026-09-21","daynight":"N"}},{"type":"Feature","geometry":{"type":"Point","coordinates":[-114.91173,36.35971]},"properties":{"frp":1.84,"date":"2026-09-21","daynight":"N"}},{"type":"Feature","geometry":{"type":"Point","coordinates":[-86.98507,37.26661]},"properties":{"frp":0.49,"date":"2026-09-21","daynight":"N"}},{"type":"Feature","geometry":{"type":"Point","coordinates":[-114.25481,40.82359]},"properties":{"frp":1.4,"date":"2026-09-21","daynight":"N"}},{"type":"Feature","geometry":{"type":"Point","coordinates":[-105.02106,40.8632]},"properties":{"frp":1.64,"date":"2026-09-21","daynight":"N"}},{"type":"Feature","geometry":{"type":"Point","coordinates":[-111.59385,42.6838]},"properties":{"frp":1.87,"date":"2026-09-21","daynight":"N"}},{"type":"Feature","geometry":{"type":"Point","coordinates":[-111.59315,42.68892]},"properties":{"frp":1.87,"date":"2026-09-21","daynight":"N"}},{"type":"Feature","geometry":{"type":"Point","coordinates":[-90.02209,27.1961]},"properties":{"frp":12.56,"date":"2026-09-21","daynight":"N"}},{"type":"Feature","geometry":{"type":"Point","coordinates":[-90.02888,27.19795]},"properties":{"frp":14.07,"date":"2026-09-21","daynight":"N"}},{"type":"Feature","geometry":{"type":"Point","coordinates":[-94.92078,29.37281]},"properties":{"frp":5.0,"date":"2026-09-21","daynight":"N"}},{"type":"Feature","geometry":{"type":"Point","coordinates":[-94.93358,29.37573]},"properties":{"frp":3.76,"date":"2026-09-21","daynight":"N"}},{"type":"Feature","geometry":{"type":"Point","coordinates":[-89.89514,29.59708]},"properties":{"frp":3.17,"date":"2026-09-21","daynight":"N"}},{"type":"Feature","geometry":{"type":"Point","coordinates":[-93.87573,29.75544]},"properties":{"frp":2.15,"date":"2026-09-21","daynight":"N"}},{"type":"Feature","geometry":{"type":"Point","coordinates":[-93.87935,29.7563]},"properties":{"frp":2.58,"date":"2026-09-21","daynight":"N"}},{"type":"Feature","geometry":{"type":"Point","coordinates":[-93.96263,29.8371]},"properties":{"frp":1.84,"date":"2026-09-21","daynight":"N"}},{"type":"Feature","geometry":{"type":"Point","coordinates":[-90.39274,29.99356]},"properties":{"frp":1.49,"date":"2026-09-21","daynight":"N"}},{"type":"Feature","geometry":{"type":"Point","coordinates":[-90.39127,29.9966]},"properties":{"frp":1.78,"date":"2026-09-21","daynight":"N"}},{"type":"Feature","geometry":{"type":"Point","coordinates":[-90.39693,29.99816]},"properties":{"frp":1.78,"date":"2026-09-21","daynight":"N"}},{"type":"Feature","geometry":{"type":"Point","coordinates":[-90.39049,29.99966]},"properties":{"frp":1.2,"date":"2026-09-21","daynight":"N"}},{"type":"Feature","geometry":{"type":"Point","coordinates":[-90.40258,29.9997]},"properties":{"frp":2.97,"date":"2026-09-21","daynight":"N"}},{"type":"Feature","geometry":{"type":"Point","coordinates":[-90.39616,30.00118]},"properties":{"frp":1.36,"date":"2026-09-21","daynight":"N"}},{"type":"Feature","geometry":{"type":"Point","coordinates":[-94.03475,30.00797]},"properties":{"frp":0.9,"date":"2026-09-21","daynight":"N"}},{"type":"Feature","geometry":{"type":"Point","coordinates":[-94.03314,30.01304]},"properties":{"frp":1.0,"date":"2026-09-21","daynight":"N"}},{"type":"Feature","geometry":{"type":"Point","coordinates":[-94.03148,30.01809]},"properties":{"frp":1.0,"date":"2026-09-21","daynight":"N"}},{"type":"Feature","geometry":{"type":"Point","coordinates":[-93.7508,30.0506]},"properties":{"frp":2.06,"date":"2026-09-21","daynight":"N"}},{"type":"Feature","geometry":{"type":"Point","coordinates":[-90.66721,30.06013]},"properties":{"frp":1.39,"date":"2026-09-21","daynight":"N"}},{"type":"Feature","geometry":{"type":"Point","coordinates":[-93.32199,30.18085]},"properties":{"frp":1.43,"date":"2026-09-21","daynight":"N"}},{"type":"Feature","geometry":{"type":"Point","coordinates":[-93.32581,30.1818]},"properties":{"frp":1.43,"date":"2026-09-21","daynight":"N"}},{"type":"Feature","geometry":{"type":"Point","coordinates":[-93.32332,30.18456]},"properties":{"frp":1.79,"date":"2026-09-21","daynight":"N"}},{"type":"Feature","geometry":{"type":"Point","coordinates":[-93.28678,30.26282]},"properties":{"frp":0.77,"date":"2026-09-21","daynight":"N"}},{"type":"Feature","geometry":{"type":"Point","coordinates":[-88.48325,30.34181]},"properties":{"frp":1.83,"date":"2026-09-21","daynight":"N"}},{"type":"Feature","geometry":{"type":"Point","coordinates":[-88.48424,30.34259]},"properties":{"frp":3.01,"date":"2026-09-21","daynight":"N"}},{"type":"Feature","geometry":{"type":"Point","coordinates":[-91.17943,30.48213]},"properties":{"frp":2.47,"date":"2026-09-21","daynight":"N"}},{"type":"Feature","geometry":{"type":"Point","coordinates":[-109.62893,30.4971]},"properties":{"frp":2.62,"date":"2026-09-21","daynight":"N"}},{"type":"Feature","geometry":{"type":"Point","coordinates":[-109.6284,30.49815]},"properties":{"frp":4.31,"date":"2026-09-21","daynight":"N"}},{"type":"Feature","geometry":{"type":"Point","coordinates":[-90.38965,30.51189]},"properties":{"frp":0.58,"date":"2026-09-21","daynight":"N"}},{"type":"Feature","geometry":{"type":"Point","coordinates":[-91.24022,30.58282]},"properties":{"frp":0.19,"date":"2026-09-21","daynight":"N"}},{"type":"Feature","geometry":{"type":"Point","coordinates":[-88.0123,30.93649]},"properties":{"frp":1.65,"date":"2026-09-21","daynight":"N"}},{"type":"Feature","geometry":{"type":"Point","coordinates":[-88.01202,30.94238]},"properties":{"frp":1.85,"date":"2026-09-21","daynight":"N"}},{"type":"Feature","geometry":{"type":"Point","coordinates":[-88.00962,30.94316]},"properties":{"frp":1.65,"date":"2026-09-21","daynight":"N"}},{"type":"Feature","geometry":{"type":"Point","coordinates":[-90.43386,31.21263]},"properties":{"frp":1.04,"date":"2026-09-21","daynight":"N"}},{"type":"Feature","geometry":{"type":"Point","coordinates":[-90.43385,31.21324]},"properties":{"frp":0.87,"date":"2026-09-21","daynight":"N"}},{"type":"Feature","geometry":{"type":"Point","coordinates":[-97.59036,31.70757]},"properties":{"frp":1.51,"date":"2026-09-21","daynight":"N"}},{"type":"Feature","geometry":{"type":"Point","coordinates":[-97.59277,31.7084]},"properties":{"frp":1.41,"date":"2026-09-21","daynight":"N"}},{"type":"Feature","geometry":{"type":"Point","coordinates":[-103.89993,31.80991]},"properties":{"frp":0.77,"date":"2026-09-21","daynight":"N"}},{"type":"Feature","geometry":{"type":"Point","coordinates":[-102.58486,32.06998]},"properties":{"frp":1.28,"date":"2026-09-21","daynight":"N"}},{"type":"Feature","geometry":{"type":"Point","coordinates":[-101.93069,32.15298]},"properties":{"frp":0.96,"date":"2026-09-21","daynight":"N"}},{"type":"Feature","geometry":{"type":"Point","coordinates":[-110.8606,33.41347]},"properties":{"frp":1.06,"date":"2026-09-21","daynight":"N"}},{"type":"Feature","geometry":{"type":"Point","coordinates":[-110.85986,33.41792]},"properties":{"frp":5.9,"date":"2026-09-21","daynight":"N"}},{"type":"Feature","geometry":{"type":"Point","coordinates":[-110.8649,33.41839]},"properties":{"frp":27.01,"date":"2026-09-21","daynight":"N"}},{"type":"Feature","geometry":{"type":"Point","coordinates":[-101.73715,33.52232]},"properties":{"frp":1.0,"date":"2026-09-21","daynight":"N"}},{"type":"Feature","geometry":{"type":"Point","coordinates":[-101.73634,33.52565]},"properties":{"frp":1.0,"date":"2026-09-21","daynight":"N"}},{"type":"Feature","geometry":{"type":"Point","coordinates":[-117.33769,34.60508]},"properties":{"frp":1.08,"date":"2026-09-21","daynight":"N"}},{"type":"Feature","geometry":{"type":"Point","coordinates":[-99.93282,25.57827]},"properties":{"frp":3.67,"date":"2026-09-21","daynight":"N"}},{"type":"Feature","geometry":{"type":"Point","coordinates":[-99.94138,25.59239]},"properties":{"frp":2.39,"date":"2026-09-21","daynight":"N"}},{"type":"Feature","geometry":{"type":"Point","coordinates":[-100.29704,25.69766]},"properties":{"frp":2.67,"date":"2026-09-21","daynight":"N"}},{"type":"Feature","geometry":{"type":"Point","coordinates":[-100.2969,25.72195]},"properties":{"frp":2.58,"date":"2026-09-21","daynight":"N"}},{"type":"Feature","geometry":{"type":"Point","coordinates":[-100.30234,25.72301]},"properties":{"frp":2.58,"date":"2026-09-21","daynight":"N"}},{"type":"Feature","geometry":{"type":"Point","coordinates":[-111.47735,45.9451]},"properties":{"frp":0.99,"date":"2026-09-21","daynight":"N"}},{"type":"Feature","geometry":{"type":"Point","coordinates":[-111.47469,45.94641]},"properties":{"frp":0.65,"date":"2026-09-21","daynight":"N"}},{"type":"Feature","geometry":{"type":"Point","coordinates":[-116.99873,47.33772]},"properties":{"frp":2.81,"date":"2026-09-21","daynight":"N"}},{"type":"Feature","geometry":{"type":"Point","coordinates":[-116.99935,47.33802]},"properties":{"frp":2.21,"date":"2026-09-21","daynight":"N"}},{"type":"Feature","geometry":{"type":"Point","coordinates":[-121.22016,47.47729]},"properties":{"frp":0.59,"date":"2026-09-21","daynight":"N"}},{"type":"Feature","geometry":{"type":"Point","coordinates":[-121.21406,47.47974]},"properties":{"frp":0.72,"date":"2026-09-21","daynight":"N"}},{"type":"Feature","geometry":{"type":"Point","coordinates":[-121.22339,47.485]},"properties":{"frp":1.06,"date":"2026-09-21","daynight":"N"}},{"type":"Feature","geometry":{"type":"Point","coordinates":[-122.34115,47.56888]},"properties":{"frp":0.77,"date":"2026-09-21","daynight":"N"}},{"type":"Feature","geometry":{"type":"Point","coordinates":[-120.84197,48.34531]},"properties":{"frp":3.3,"date":"2026-09-21","daynight":"N"}},{"type":"Feature","geometry":{"type":"Point","coordinates":[-120.84776,48.34639]},"properties":{"frp":0.79,"date":"2026-09-21","daynight":"N"}},{"type":"Feature","geometry":{"type":"Point","coordinates":[-120.85298,48.34733]},"properties":{"frp":0.79,"date":"2026-09-21","daynight":"N"}},{"type":"Feature","geometry":{"type":"Point","coordinates":[-120.84032,48.34857]},"properties":{"frp":3.86,"date":"2026-09-21","daynight":"N"}},{"type":"Feature","geometry":{"type":"Point","coordinates":[-120.85468,48.35476]},"properties":{"frp":2.43,"date":"2026-09-21","daynight":"N"}},{"type":"Feature","geometry":{"type":"Point","coordinates":[-120.8595,48.35563]},"properties":{"frp":2.43,"date":"2026-09-21","daynight":"N"}},{"type":"Feature","geometry":{"type":"Point","coordinates":[-120.85782,48.35888]},"properties":{"frp":1.92,"date":"2026-09-21","daynight":"N"}},{"type":"Feature","geometry":{"type":"Point","coordinates":[-120.789,48.36056]},"properties":{"frp":0.63,"date":"2026-09-21","daynight":"N"}},{"type":"Feature","geometry":{"type":"Point","coordinates":[-120.85616,48.36214]},"properties":{"frp":1.92,"date":"2026-09-21","daynight":"N"}},{"type":"Feature","geometry":{"type":"Point","coordinates":[-120.80463,48.36342]},"properties":{"frp":1.55,"date":"2026-09-21","daynight":"N"}},{"type":"Feature","geometry":{"type":"Point","coordinates":[-120.79213,48.3647]},"properties":{"frp":1.0,"date":"2026-09-21","daynight":"N"}},{"type":"Feature","geometry":{"type":"Point","coordinates":[-120.85448,48.36539]},"properties":{"frp":2.36,"date":"2026-09-21","daynight":"N"}},{"type":"Feature","geometry":{"type":"Point","coordinates":[-120.7973,48.36564]},"properties":{"frp":1.0,"date":"2026-09-21","daynight":"N"}},{"type":"Feature","geometry":{"type":"Point","coordinates":[-120.85286,48.36866]},"properties":{"frp":2.36,"date":"2026-09-21","daynight":"N"}},{"type":"Feature","geometry":{"type":"Point","coordinates":[-120.80605,48.3708]},"properties":{"frp":1.29,"date":"2026-09-21","daynight":"N"}},{"type":"Feature","geometry":{"type":"Point","coordinates":[-120.846,48.37097]},"properties":{"frp":0.88,"date":"2026-09-21","daynight":"N"}},{"type":"Feature","geometry":{"type":"Point","coordinates":[-120.83927,48.37331]},"properties":{"frp":1.09,"date":"2026-09-21","daynight":"N"}},{"type":"Feature","geometry":{"type":"Point","coordinates":[-120.80421,48.37403]},"properties":{"frp":1.29,"date":"2026-09-21","daynight":"N"}},{"type":"Feature","geometry":{"type":"Point","coordinates":[-120.84458,48.37428]},"properties":{"frp":0.88,"date":"2026-09-21","daynight":"N"}},{"type":"Feature","geometry":{"type":"Point","coordinates":[-120.82714,48.37466]},"properties":{"frp":1.55,"date":"2026-09-21","daynight":"N"}},{"type":"Feature","geometry":{"type":"Point","coordinates":[-120.80965,48.37503]},"properties":{"frp":2.37,"date":"2026-09-21","daynight":"N"}},{"type":"Feature","geometry":{"type":"Point","coordinates":[-120.8149,48.37599]},"properties":{"frp":2.37,"date":"2026-09-21","daynight":"N"}},{"type":"Feature","geometry":{"type":"Point","coordinates":[-120.8377,48.37659]},"properties":{"frp":1.49,"date":"2026-09-21","daynight":"N"}},{"type":"Feature","geometry":{"type":"Point","coordinates":[-120.82021,48.37696]},"properties":{"frp":1.55,"date":"2026-09-21","daynight":"N"}},{"type":"Feature","geometry":{"type":"Point","coordinates":[-120.82547,48.37792]},"properties":{"frp":1.55,"date":"2026-09-21","daynight":"N"}},{"type":"Feature","geometry":{"type":"Point","coordinates":[-120.83083,48.3789]},"properties":{"frp":1.49,"date":"2026-09-21","daynight":"N"}},{"type":"Feature","geometry":{"type":"Point","coordinates":[-123.76917,48.48712]},"properties":{"frp":9.6,"date":"2026-09-21","daynight":"N"}},{"type":"Feature","geometry":{"type":"Point","coordinates":[-123.7743,48.48792]},"properties":{"frp":13.32,"date":"2026-09-21","daynight":"N"}},{"type":"Feature","geometry":{"type":"Point","coordinates":[-121.14066,48.77988]},"properties":{"frp":5.44,"date":"2026-09-21","daynight":"N"}},{"type":"Feature","geometry":{"type":"Point","coordinates":[-121.14622,48.78087]},"properties":{"frp":5.44,"date":"2026-09-21","daynight":"N"}},{"type":"Feature","geometry":{"type":"Point","coordinates":[-121.1335,48.78214]},"properties":{"frp":3.76,"date":"2026-09-21","daynight":"N"}},{"type":"Feature","geometry":{"type":"Point","coordinates":[-121.1391,48.78314]},"properties":{"frp":10.05,"date":"2026-09-21","daynight":"N"}},{"type":"Feature","geometry":{"type":"Point","coordinates":[-121.14468,48.78412]},"properties":{"frp":10.05,"date":"2026-09-21","daynight":"N"}},{"type":"Feature","geometry":{"type":"Point","coordinates":[-121.13201,48.7854]},"properties":{"frp":3.76,"date":"2026-09-21","daynight":"N"}},{"type":"Feature","geometry":{"type":"Point","coordinates":[-121.13754,48.78639]},"properties":{"frp":10.05,"date":"2026-09-21","daynight":"N"}},{"type":"Feature","geometry":{"type":"Point","coordinates":[-121.12057,48.7869]},"properties":{"frp":1.15,"date":"2026-09-21","daynight":"N"}},{"type":"Feature","geometry":{"type":"Point","coordinates":[-121.14309,48.78737]},"properties":{"frp":10.05,"date":"2026-09-21","daynight":"N"}},{"type":"Feature","geometry":{"type":"Point","coordinates":[-121.12547,48.78777]},"properties":{"frp":0.91,"date":"2026-09-21","daynight":"N"}},{"type":"Feature","geometry":{"type":"Point","coordinates":[-121.14834,48.78831]},"properties":{"frp":11.68,"date":"2026-09-21","daynight":"N"}},{"type":"Feature","geometry":{"type":"Point","coordinates":[-121.14131,48.79059]},"properties":{"frp":1.54,"date":"2026-09-21","daynight":"N"}},{"type":"Feature","geometry":{"type":"Point","coordinates":[-121.14668,48.79154]},"properties":{"frp":0.7,"date":"2026-09-21","daynight":"N"}},{"type":"Feature","geometry":{"type":"Point","coordinates":[-121.19691,48.79692]},"properties":{"frp":0.82,"date":"2026-09-21","daynight":"N"}},{"type":"Feature","geometry":{"type":"Point","coordinates":[-121.14015,48.80451]},"properties":{"frp":1.79,"date":"2026-09-21","daynight":"N"}},{"type":"Feature","geometry":{"type":"Point","coordinates":[-121.13911,48.80785]},"properties":{"frp":1.79,"date":"2026-09-21","daynight":"N"}},{"type":"Feature","geometry":{"type":"Point","coordinates":[-120.66408,48.82253]},"properties":{"frp":2.41,"date":"2026-09-21","daynight":"N"}},{"type":"Feature","geometry":{"type":"Point","coordinates":[-120.66904,48.82344]},"properties":{"frp":4.7,"date":"2026-09-21","daynight":"N"}},{"type":"Feature","geometry":{"type":"Point","coordinates":[-120.66289,48.82587]},"properties":{"frp":2.41,"date":"2026-09-21","daynight":"N"}},{"type":"Feature","geometry":{"type":"Point","coordinates":[-120.6679,48.82679]},"properties":{"frp":4.7,"date":"2026-09-21","daynight":"N"}},{"type":"Feature","geometry":{"type":"Point","coordinates":[-121.22298,48.82971]},"properties":{"frp":0.25,"date":"2026-09-21","daynight":"N"}},{"type":"Feature","geometry":{"type":"Point","coordinates":[-120.66667,48.83012]},"properties":{"frp":4.38,"date":"2026-09-21","daynight":"N"}},{"type":"Feature","geometry":{"type":"Point","coordinates":[-121.22657,48.83387]},"properties":{"frp":0.89,"date":"2026-09-21","daynight":"N"}},{"type":"Feature","geometry":{"type":"Point","coordinates":[-120.61407,48.84195]},"properties":{"frp":7.06,"date":"2026-09-21","daynight":"N"}},{"type":"Feature","geometry":{"type":"Point","coordinates":[-122.73454,48.88697]},"properties":{"frp":2.12,"date":"2026-09-21","daynight":"N"}},{"type":"Feature","geometry":{"type":"Point","coordinates":[-116.60645,48.89277]},"properties":{"frp":1.39,"date":"2026-09-21","daynight":"N"}},{"type":"Feature","geometry":{"type":"Point","coordinates":[-121.04912,48.92362]},"properties":{"frp":2.09,"date":"2026-09-21","daynight":"N"}},{"type":"Feature","geometry":{"type":"Point","coordinates":[-121.04288,48.92604]},"properties":{"frp":1.08,"date":"2026-09-21","daynight":"N"}},{"type":"Feature","geometry":{"type":"Point","coordinates":[-121.04787,48.92694]},"properties":{"frp":3.39,"date":"2026-09-21","daynight":"N"}},{"type":"Feature","geometry":{"type":"Point","coordinates":[-121.03574,48.92884]},"properties":{"frp":1.72,"date":"2026-09-21","daynight":"N"}},{"type":"Feature","geometry":{"type":"Point","coordinates":[-121.0417,48.92936]},"properties":{"frp":1.08,"date":"2026-09-21","daynight":"N"}},{"type":"Feature","geometry":{"type":"Point","coordinates":[-121.02483,48.93045]},"properties":{"frp":1.23,"date":"2026-09-21","daynight":"N"}},{"type":"Feature","geometry":{"type":"Point","coordinates":[-121.02972,48.93132]},"properties":{"frp":1.72,"date":"2026-09-21","daynight":"N"}},{"type":"Feature","geometry":{"type":"Point","coordinates":[-121.0346,48.93218]},"properties":{"frp":1.72,"date":"2026-09-21","daynight":"N"}},{"type":"Feature","geometry":{"type":"Point","coordinates":[-121.01829,48.93282]},"properties":{"frp":4.56,"date":"2026-09-21","daynight":"N"}},{"type":"Feature","geometry":{"type":"Point","coordinates":[-121.02338,48.93373]},"properties":{"frp":4.56,"date":"2026-09-21","daynight":"N"}},{"type":"Feature","geometry":{"type":"Point","coordinates":[-121.02838,48.93461]},"properties":{"frp":4.72,"date":"2026-09-21","daynight":"N"}},{"type":"Feature","geometry":{"type":"Point","coordinates":[-121.03345,48.93551]},"properties":{"frp":4.72,"date":"2026-09-21","daynight":"N"}},{"type":"Feature","geometry":{"type":"Point","coordinates":[-121.01659,48.93604]},"properties":{"frp":4.56,"date":"2026-09-21","daynight":"N"}},{"type":"Feature","geometry":{"type":"Point","coordinates":[-121.02183,48.93697]},"properties":{"frp":4.56,"date":"2026-09-21","daynight":"N"}},{"type":"Feature","geometry":{"type":"Point","coordinates":[-121.02694,48.93789]},"properties":{"frp":4.72,"date":"2026-09-21","daynight":"N"}},{"type":"Feature","geometry":{"type":"Point","coordinates":[-121.03209,48.9388]},"properties":{"frp":4.72,"date":"2026-09-21","daynight":"N"}},{"type":"Feature","geometry":{"type":"Point","coordinates":[-121.0202,48.94021]},"properties":{"frp":1.04,"date":"2026-09-21","daynight":"N"}},{"type":"Feature","geometry":{"type":"Point","coordinates":[-121.04229,48.94062]},"properties":{"frp":2.36,"date":"2026-09-21","daynight":"N"}},{"type":"Feature","geometry":{"type":"Point","coordinates":[-121.02538,48.94113]},"properties":{"frp":4.07,"date":"2026-09-21","daynight":"N"}},{"type":"Feature","geometry":{"type":"Point","coordinates":[-121.03054,48.94205]},"properties":{"frp":4.07,"date":"2026-09-21","daynight":"N"}},{"type":"Feature","geometry":{"type":"Point","coordinates":[-121.03574,48.94299]},"properties":{"frp":1.2,"date":"2026-09-21","daynight":"N"}},{"type":"Feature","geometry":{"type":"Point","coordinates":[-121.01858,48.94345]},"properties":{"frp":1.04,"date":"2026-09-21","daynight":"N"}},{"type":"Feature","geometry":{"type":"Point","coordinates":[-121.04094,48.94391]},"properties":{"frp":1.2,"date":"2026-09-21","daynight":"N"}},{"type":"Feature","geometry":{"type":"Point","coordinates":[-121.0238,48.94438]},"properties":{"frp":4.07,"date":"2026-09-21","daynight":"N"}},{"type":"Feature","geometry":{"type":"Point","coordinates":[-120.98993,49.08071]},"properties":{"frp":1.3,"date":"2026-09-21","daynight":"N"}},{"type":"Feature","geometry":{"type":"Point","coordinates":[-120.99492,49.0816]},"properties":{"frp":4.72,"date":"2026-09-21","daynight":"N"}},{"type":"Feature","geometry":{"type":"Point","coordinates":[-120.98855,49.084]},"properties":{"frp":1.3,"date":"2026-09-21","daynight":"N"}},{"type":"Feature","geometry":{"type":"Point","coordinates":[-121.07868,49.08591]},"properties":{"frp":0.86,"date":"2026-09-21","daynight":"N"}},{"type":"Feature","geometry":{"type":"Point","coordinates":[-120.97056,49.08785]},"properties":{"frp":0.88,"date":"2026-09-21","daynight":"N"}},{"type":"Feature","geometry":{"type":"Point","coordinates":[-120.97557,49.08875]},"properties":{"frp":0.88,"date":"2026-09-21","daynight":"N"}},{"type":"Feature","geometry":{"type":"Point","coordinates":[-121.07761,49.08924]},"properties":{"frp":3.31,"date":"2026-09-21","daynight":"N"}},{"type":"Feature","geometry":{"type":"Point","coordinates":[-120.98065,49.08965]},"properties":{"frp":1.18,"date":"2026-09-21","daynight":"N"}},{"type":"Feature","geometry":{"type":"Point","coordinates":[-121.08279,49.09016]},"properties":{"frp":7.13,"date":"2026-09-21","daynight":"N"}},{"type":"Feature","geometry":{"type":"Point","coordinates":[-120.9643,49.09026]},"properties":{"frp":2.03,"date":"2026-09-21","daynight":"N"}},{"type":"Feature","geometry":{"type":"Point","coordinates":[-120.96938,49.09117]},"properties":{"frp":1.7,"date":"2026-09-21","daynight":"N"}},{"type":"Feature","geometry":{"type":"Point","coordinates":[-120.99101,49.09149]},"properties":{"frp":0.76,"date":"2026-09-21","daynight":"N"}},{"type":"Feature","geometry":{"type":"Point","coordinates":[-120.9744,49.09207]},"properties":{"frp":1.7,"date":"2026-09-21","daynight":"N"}},{"type":"Feature","geometry":{"type":"Point","coordinates":[-120.97942,49.09296]},"properties":{"frp":1.1,"date":"2026-09-21","daynight":"N"}},{"type":"Feature","geometry":{"type":"Point","coordinates":[-120.96306,49.09357]},"properties":{"frp":2.03,"date":"2026-09-21","daynight":"N"}},{"type":"Feature","geometry":{"type":"Point","coordinates":[-120.97325,49.09539]},"properties":{"frp":1.7,"date":"2026-09-21","daynight":"N"}},{"type":"Feature","geometry":{"type":"Point","coordinates":[-120.95632,49.09591]},"properties":{"frp":0.51,"date":"2026-09-21","daynight":"N"}},{"type":"Feature","geometry":{"type":"Point","coordinates":[-120.97823,49.09628]},"properties":{"frp":1.1,"date":"2026-09-21","daynight":"N"}},{"type":"Feature","geometry":{"type":"Point","coordinates":[-120.96175,49.09687]},"properties":{"frp":0.51,"date":"2026-09-21","daynight":"N"}},{"type":"Feature","geometry":{"type":"Point","coordinates":[-120.97208,49.09871]},"properties":{"frp":0.93,"date":"2026-09-21","daynight":"N"}},{"type":"Feature","geometry":{"type":"Point","coordinates":[-120.97709,49.09961]},"properties":{"frp":1.12,"date":"2026-09-21","daynight":"N"}},{"type":"Feature","geometry":{"type":"Point","coordinates":[-120.97087,49.10202]},"properties":{"frp":0.93,"date":"2026-09-21","daynight":"N"}},{"type":"Feature","geometry":{"type":"Point","coordinates":[-120.97593,49.10293]},"properties":{"frp":1.12,"date":"2026-09-21","daynight":"N"}},{"type":"Feature","geometry":{"type":"Point","coordinates":[-120.9747,49.10624]},"properties":{"frp":1.89,"date":"2026-09-21","daynight":"N"}},{"type":"Feature","geometry":{"type":"Point","coordinates":[-120.97985,49.10715]},"properties":{"frp":1.89,"date":"2026-09-21","daynight":"N"}},{"type":"Feature","geometry":{"type":"Point","coordinates":[-120.97334,49.10952]},"properties":{"frp":1.89,"date":"2026-09-21","daynight":"N"}},{"type":"Feature","geometry":{"type":"Point","coordinates":[-124.65308,49.11976]},"properties":{"frp":3.65,"date":"2026-09-21","daynight":"N"}},{"type":"Feature","geometry":{"type":"Point","coordinates":[-118.05623,49.4233]},"properties":{"frp":0.65,"date":"2026-09-21","daynight":"N"}},{"type":"Feature","geometry":{"type":"Point","coordinates":[-118.05508,49.42688]},"properties":{"frp":0.65,"date":"2026-09-21","daynight":"N"}},{"type":"Feature","geometry":{"type":"Point","coordinates":[-118.06112,49.42811]},"properties":{"frp":1.65,"date":"2026-09-21","daynight":"N"}},{"type":"Feature","geometry":{"type":"Point","coordinates":[-118.06003,49.43171]},"properties":{"frp":1.33,"date":"2026-09-21","daynight":"N"}},{"type":"Feature","geometry":{"type":"Point","coordinates":[-118.06583,49.43289]},"properties":{"frp":1.33,"date":"2026-09-21","daynight":"N"}},{"type":"Feature","geometry":{"type":"Point","coordinates":[-118.05881,49.43528]},"properties":{"frp":1.33,"date":"2026-09-21","daynight":"N"}},{"type":"Feature","geometry":{"type":"Point","coordinates":[-118.06492,49.43652]},"properties":{"frp":1.33,"date":"2026-09-21","daynight":"N"}},{"type":"Feature","geometry":{"type":"Point","coordinates":[-118.0704,49.43763]},"properties":{"frp":3.51,"date":"2026-09-21","daynight":"N"}},{"type":"Feature","geometry":{"type":"Point","coordinates":[-118.06393,49.44014]},"properties":{"frp":2.06,"date":"2026-09-21","daynight":"N"}},{"type":"Feature","geometry":{"type":"Point","coordinates":[-118.06948,49.44126]},"properties":{"frp":0.82,"date":"2026-09-21","daynight":"N"}},{"type":"Feature","geometry":{"type":"Point","coordinates":[-118.06847,49.44487]},"properties":{"frp":0.82,"date":"2026-09-21","daynight":"N"}},{"type":"Feature","geometry":{"type":"Point","coordinates":[-121.31683,49.68226]},"properties":{"frp":0.84,"date":"2026-09-21","daynight":"N"}},{"type":"Feature","geometry":{"type":"Point","coordinates":[-121.31573,49.68557]},"properties":{"frp":0.84,"date":"2026-09-21","daynight":"N"}},{"type":"Feature","geometry":{"type":"Point","coordinates":[-121.3092,49.68794]},"properties":{"frp":0.71,"date":"2026-09-21","daynight":"N"}},{"type":"Feature","geometry":{"type":"Point","coordinates":[-121.25234,49.6886]},"properties":{"frp":1.1,"date":"2026-09-21","daynight":"N"}},{"type":"Feature","geometry":{"type":"Point","coordinates":[-121.30804,49.69124]},"properties":{"frp":0.71,"date":"2026-09-21","daynight":"N"}},{"type":"Feature","geometry":{"type":"Point","coordinates":[-121.2512,49.69191]},"properties":{"frp":0.88,"date":"2026-09-21","daynight":"N"}},{"type":"Feature","geometry":{"type":"Point","coordinates":[-121.30147,49.6936]},"properties":{"frp":0.94,"date":"2026-09-21","daynight":"N"}},{"type":"Feature","geometry":{"type":"Point","coordinates":[-121.30685,49.69453]},"properties":{"frp":0.94,"date":"2026-09-21","daynight":"N"}},{"type":"Feature","geometry":{"type":"Point","coordinates":[-121.30019,49.69688]},"properties":{"frp":0.94,"date":"2026-09-21","daynight":"N"}},{"type":"Feature","geometry":{"type":"Point","coordinates":[-121.53609,49.85113]},"properties":{"frp":2.31,"date":"2026-09-21","daynight":"N"}},{"type":"Feature","geometry":{"type":"Point","coordinates":[-121.52975,49.85354]},"properties":{"frp":4.31,"date":"2026-09-21","daynight":"N"}},{"type":"Feature","geometry":{"type":"Point","coordinates":[-121.535,49.85443]},"properties":{"frp":2.31,"date":"2026-09-21","daynight":"N"}},{"type":"Feature","geometry":{"type":"Point","coordinates":[-121.54036,49.85534]},"properties":{"frp":2.31,"date":"2026-09-21","daynight":"N"}},{"type":"Feature","geometry":{"type":"Point","coordinates":[-121.52853,49.85682]},"properties":{"frp":0.6,"date":"2026-09-21","daynight":"N"}},{"type":"Feature","geometry":{"type":"Point","coordinates":[-121.53924,49.85863]},"properties":{"frp":2.93,"date":"2026-09-21","daynight":"N"}},{"type":"Feature","geometry":{"type":"Point","coordinates":[-121.54468,49.85956]},"properties":{"frp":0.89,"date":"2026-09-21","daynight":"N"}},{"type":"Feature","geometry":{"type":"Point","coordinates":[-121.54343,49.86283]},"properties":{"frp":0.89,"date":"2026-09-21","daynight":"N"}},{"type":"Feature","geometry":{"type":"Point","coordinates":[-121.54243,49.91678]},"properties":{"frp":1.53,"date":"2026-09-21","daynight":"N"}},{"type":"Feature","geometry":{"type":"Point","coordinates":[-112.81422,38.93799]},"properties":{"frp":1.29,"date":"2026-09-21","daynight":"N"}},{"type":"Feature","geometry":{"type":"Point","coordinates":[-112.81946,38.93953]},"properties":{"frp":1.29,"date":"2026-09-21","daynight":"N"}},{"type":"Feature","geometry":{"type":"Point","coordinates":[-112.81338,38.94012]},"properties":{"frp":0.96,"date":"2026-09-21","daynight":"N"}},{"type":"Feature","geometry":{"type":"Point","coordinates":[-114.25414,40.82157]},"properties":{"frp":1.51,"date":"2026-09-21","daynight":"N"}},{"type":"Feature","geometry":{"type":"Point","coordinates":[-114.25717,40.82185]},"properties":{"frp":2.36,"date":"2026-09-21","daynight":"N"}},{"type":"Feature","geometry":{"type":"Point","coordinates":[-114.25884,40.82286]},"properties":{"frp":2.09,"date":"2026-09-21","daynight":"N"}},{"type":"Feature","geometry":{"type":"Point","coordinates":[-122.87885,42.16956]},"properties":{"frp":1.1,"date":"2026-09-21","daynight":"N"}},{"type":"Feature","geometry":{"type":"Point","coordinates":[-122.87288,42.17205]},"properties":{"frp":1.1,"date":"2026-09-21","daynight":"N"}},{"type":"Feature","geometry":{"type":"Point","coordinates":[-122.87793,42.17299]},"properties":{"frp":1.1,"date":"2026-09-21","daynight":"N"}},{"type":"Feature","geometry":{"type":"Point","coordinates":[-122.88273,42.17387]},"properties":{"frp":1.24,"date":"2026-09-21","daynight":"N"}},{"type":"Feature","geometry":{"type":"Point","coordinates":[-111.5929,42.68478]},"properties":{"frp":1.37,"date":"2026-09-21","daynight":"N"}},{"type":"Feature","geometry":{"type":"Point","coordinates":[-120.22563,45.64117]},"properties":{"frp":0.81,"date":"2026-09-21","daynight":"N"}},{"type":"Feature","geometry":{"type":"Point","coordinates":[-117.33511,34.60786]},"properties":{"frp":2.39,"date":"2026-09-21","daynight":"N"}},{"type":"Feature","geometry":{"type":"Point","coordinates":[-117.10034,34.61998]},"properties":{"frp":1.25,"date":"2026-09-21","daynight":"N"}},{"type":"Feature","geometry":{"type":"Point","coordinates":[-117.09854,34.62026]},"properties":{"frp":1.09,"date":"2026-09-21","daynight":"N"}},{"type":"Feature","geometry":{"type":"Point","coordinates":[-117.1022,34.62118]},"properties":{"frp":1.55,"date":"2026-09-21","daynight":"N"}},{"type":"Feature","geometry":{"type":"Point","coordinates":[-114.91359,36.35559]},"properties":{"frp":1.36,"date":"2026-09-21","daynight":"N"}},{"type":"Feature","geometry":{"type":"Point","coordinates":[-120.13634,37.02844]},"properties":{"frp":0.48,"date":"2026-09-21","daynight":"N"}},{"type":"Feature","geometry":{"type":"Point","coordinates":[-120.13829,37.03782]},"properties":{"frp":1.04,"date":"2026-09-21","daynight":"N"}},{"type":"Feature","geometry":{"type":"Point","coordinates":[-119.59481,37.58828]},"properties":{"frp":1.6,"date":"2026-09-21","daynight":"N"}},{"type":"Feature","geometry":{"type":"Point","coordinates":[-119.60015,37.5895]},"properties":{"frp":1.6,"date":"2026-09-21","daynight":"N"}},{"type":"Feature","geometry":{"type":"Point","coordinates":[-119.58847,37.59137]},"properties":{"frp":4.76,"date":"2026-09-21","daynight":"N"}},{"type":"Feature","geometry":{"type":"Point","coordinates":[-119.5935,37.59253]},"properties":{"frp":5.85,"date":"2026-09-21","daynight":"N"}},{"type":"Feature","geometry":{"type":"Point","coordinates":[-119.59862,37.5937]},"properties":{"frp":5.85,"date":"2026-09-21","daynight":"N"}},{"type":"Feature","geometry":{"type":"Point","coordinates":[-119.58755,37.59571]},"properties":{"frp":4.76,"date":"2026-09-21","daynight":"N"}},{"type":"Feature","geometry":{"type":"Point","coordinates":[-119.59238,37.59681]},"properties":{"frp":5.85,"date":"2026-09-21","daynight":"N"}},{"type":"Feature","geometry":{"type":"Point","coordinates":[-119.59728,37.59793]},"properties":{"frp":5.85,"date":"2026-09-21","daynight":"N"}},{"type":"Feature","geometry":{"type":"Point","coordinates":[-119.60238,37.59909]},"properties":{"frp":3.34,"date":"2026-09-21","daynight":"N"}},{"type":"Feature","geometry":{"type":"Point","coordinates":[-119.58656,37.60002]},"properties":{"frp":4.58,"date":"2026-09-21","daynight":"N"}},{"type":"Feature","geometry":{"type":"Point","coordinates":[-119.60725,37.6002]},"properties":{"frp":3.34,"date":"2026-09-21","daynight":"N"}},{"type":"Feature","geometry":{"type":"Point","coordinates":[-119.59144,37.60114]},"properties":{"frp":4.78,"date":"2026-09-21","daynight":"N"}},{"type":"Feature","geometry":{"type":"Point","coordinates":[-119.61197,37.60128]},"properties":{"frp":6.25,"date":"2026-09-21","daynight":"N"}},{"type":"Feature","geometry":{"type":"Point","coordinates":[-119.59626,37.60223]},"properties":{"frp":4.78,"date":"2026-09-21","daynight":"N"}},{"type":"Feature","geometry":{"type":"Point","coordinates":[-119.60101,37.60332]},"properties":{"frp":8.75,"date":"2026-09-21","daynight":"N"}},{"type":"Feature","geometry":{"type":"Point","coordinates":[-119.60565,37.60438]},"properties":{"frp":8.75,"date":"2026-09-21","daynight":"N"}},{"type":"Feature","geometry":{"type":"Point","coordinates":[-119.59025,37.6054]},"properties":{"frp":4.78,"date":"2026-09-21","daynight":"N"}},{"type":"Feature","geometry":{"type":"Point","coordinates":[-119.6103,37.60544]},"properties":{"frp":20.47,"date":"2026-09-21","daynight":"N"}},{"type":"Feature","geometry":{"type":"Point","coordinates":[-119.59507,37.60651]},"properties":{"frp":4.78,"date":"2026-09-21","daynight":"N"}},{"type":"Feature","geometry":{"type":"Point","coordinates":[-119.59972,37.60756]},"properties":{"frp":8.75,"date":"2026-09-21","daynight":"N"}},{"type":"Feature","geometry":{"type":"Point","coordinates":[-119.60435,37.60862]},"properties":{"frp":8.75,"date":"2026-09-21","daynight":"N"}},{"type":"Feature","geometry":{"type":"Point","coordinates":[-119.58861,37.60957]},"properties":{"frp":2.45,"date":"2026-09-21","daynight":"N"}},{"type":"Feature","geometry":{"type":"Point","coordinates":[-119.60892,37.60966]},"properties":{"frp":20.47,"date":"2026-09-21","daynight":"N"}},{"type":"Feature","geometry":{"type":"Point","coordinates":[-119.61332,37.61066]},"properties":{"frp":20.47,"date":"2026-09-21","daynight":"N"}},{"type":"Feature","geometry":{"type":"Point","coordinates":[-119.59353,37.61069]},"properties":{"frp":2.45,"date":"2026-09-21","daynight":"N"}},{"type":"Feature","geometry":{"type":"Point","coordinates":[-119.5983,37.61177]},"properties":{"frp":7.37,"date":"2026-09-21","daynight":"N"}},{"type":"Feature","geometry":{"type":"Point","coordinates":[-119.62186,37.61261]},"properties":{"frp":2.43,"date":"2026-09-21","daynight":"N"}},{"type":"Feature","geometry":{"type":"Point","coordinates":[-119.60294,37.61283]},"properties":{"frp":7.37,"date":"2026-09-21","daynight":"N"}},{"type":"Feature","geometry":{"type":"Point","coordinates":[-119.60748,37.61386]},"properties":{"frp":4.82,"date":"2026-09-21","daynight":"N"}},{"type":"Feature","geometry":{"type":"Point","coordinates":[-119.61192,37.61488]},"properties":{"frp":4.82,"date":"2026-09-21","daynight":"N"}},{"type":"Feature","geometry":{"type":"Point","coordinates":[-119.61628,37.61587]},"properties":{"frp":17.42,"date":"2026-09-21","daynight":"N"}},{"type":"Feature","geometry":{"type":"Point","coordinates":[-119.62064,37.61686]},"properties":{"frp":17.42,"date":"2026-09-21","daynight":"N"}},{"type":"Feature","geometry":{"type":"Point","coordinates":[-119.60109,37.61695]},"properties":{"frp":7.37,"date":"2026-09-21","daynight":"N"}},{"type":"Feature","geometry":{"type":"Point","coordinates":[-119.62515,37.61789]},"properties":{"frp":3.05,"date":"2026-09-21","daynight":"N"}},{"type":"Feature","geometry":{"type":"Point","coordinates":[-119.60572,37.618]},"properties":{"frp":4.82,"date":"2026-09-21","daynight":"N"}},{"type":"Feature","geometry":{"type":"Point","coordinates":[-119.61041,37.61907]},"properties":{"frp":4.82,"date":"2026-09-21","daynight":"N"}},{"type":"Feature","geometry":{"type":"Point","coordinates":[-119.59464,37.62002]},"properties":{"frp":3.85,"date":"2026-09-21","daynight":"N"}},{"type":"Feature","geometry":{"type":"Point","coordinates":[-119.61497,37.62011]},"properties":{"frp":17.42,"date":"2026-09-21","daynight":"N"}},{"type":"Feature","geometry":{"type":"Point","coordinates":[-119.5992,37.62106]},"properties":{"frp":3.85,"date":"2026-09-21","daynight":"N"}},{"type":"Feature","geometry":{"type":"Point","coordinates":[-119.61948,37.62112]},"properties":{"frp":17.42,"date":"2026-09-21","daynight":"N"}},{"type":"Feature","geometry":{"type":"Point","coordinates":[-119.60387,37.62211]},"properties":{"frp":15.95,"date":"2026-09-21","daynight":"N"}},{"type":"Feature","geometry":{"type":"Point","coordinates":[-119.60873,37.62322]},"properties":{"frp":15.95,"date":"2026-09-21","daynight":"N"}},{"type":"Feature","geometry":{"type":"Point","coordinates":[-119.61363,37.62433]},"properties":{"frp":85.2,"date":"2026-09-21","daynight":"N"}},{"type":"Feature","geometry":{"type":"Point","coordinates":[-119.61851,37.62543]},"properties":{"frp":85.2,"date":"2026-09-21","daynight":"N"}},{"type":"Feature","geometry":{"type":"Point","coordinates":[-119.6021,37.62625]},"properties":{"frp":15.95,"date":"2026-09-21","daynight":"N"}},{"type":"Feature","geometry":{"type":"Point","coordinates":[-119.60699,37.62735]},"properties":{"frp":15.95,"date":"2026-09-21","daynight":"N"}},{"type":"Feature","geometry":{"type":"Point","coordinates":[-119.62788,37.62756]},"properties":{"frp":1.03,"date":"2026-09-21","daynight":"N"}},{"type":"Feature","geometry":{"type":"Point","coordinates":[-119.61214,37.62852]},"properties":{"frp":85.2,"date":"2026-09-21","daynight":"N"}},{"type":"Feature","geometry":{"type":"Point","coordinates":[-119.59566,37.62932]},"properties":{"frp":1.95,"date":"2026-09-21","daynight":"N"}},{"type":"Feature","geometry":{"type":"Point","coordinates":[-119.57945,37.63019]},"properties":{"frp":2.2,"date":"2026-09-21","daynight":"N"}},{"type":"Feature","geometry":{"type":"Point","coordinates":[-119.6004,37.6304]},"properties":{"frp":10.4,"date":"2026-09-21","daynight":"N"}},{"type":"Feature","geometry":{"type":"Point","coordinates":[-119.62232,37.63083]},"properties":{"frp":1.03,"date":"2026-09-21","daynight":"N"}},{"type":"Feature","geometry":{"type":"Point","coordinates":[-119.60535,37.63152]},"properties":{"frp":10.4,"date":"2026-09-21","daynight":"N"}},{"type":"Feature","geometry":{"type":"Point","coordinates":[-119.62687,37.63186]},"properties":{"frp":1.03,"date":"2026-09-21","daynight":"N"}},{"type":"Feature","geometry":{"type":"Point","coordinates":[-119.61063,37.63271]},"properties":{"frp":8.64,"date":"2026-09-21","daynight":"N"}},{"type":"Feature","geometry":{"type":"Point","coordinates":[-119.57325,37.63332]},"properties":{"frp":1.06,"date":"2026-09-21","daynight":"N"}},{"type":"Feature","geometry":{"type":"Point","coordinates":[-119.57787,37.63437]},"properties":{"frp":1.66,"date":"2026-09-21","daynight":"N"}},{"type":"Feature","geometry":{"type":"Point","coordinates":[-119.59873,37.63456]},"properties":{"frp":10.4,"date":"2026-09-21","daynight":"N"}},{"type":"Feature","geometry":{"type":"Point","coordinates":[-119.62094,37.63504]},"properties":{"frp":2.41,"date":"2026-09-21","daynight":"N"}},{"type":"Feature","geometry":{"type":"Point","coordinates":[-119.60378,37.6357]},"properties":{"frp":10.4,"date":"2026-09-21","daynight":"N"}},{"type":"Feature","geometry":{"type":"Point","coordinates":[-119.60912,37.6369]},"properties":{"frp":8.64,"date":"2026-09-21","daynight":"N"}},{"type":"Feature","geometry":{"type":"Point","coordinates":[-90.03301,27.1983]},"properties":{"frp":10.15,"date":"2026-09-21","daynight":"D"}},{"type":"Feature","geometry":{"type":"Point","coordinates":[-91.57028,30.51273]},"properties":{"frp":15.09,"date":"2026-09-21","daynight":"D"}},{"type":"Feature","geometry":{"type":"Point","coordinates":[-91.56856,30.51327]},"properties":{"frp":18.0,"date":"2026-09-21","daynight":"D"}},{"type":"Feature","geometry":{"type":"Point","coordinates":[-91.56508,30.51409]},"properties":{"frp":15.09,"date":"2026-09-21","daynight":"D"}},{"type":"Feature","geometry":{"type":"Point","coordinates":[-91.56338,30.51466]},"properties":{"frp":18.0,"date":"2026-09-21","daynight":"D"}},{"type":"Feature","geometry":{"type":"Point","coordinates":[-83.65842,30.55374]},"properties":{"frp":5.77,"date":"2026-09-21","daynight":"D"}},{"type":"Feature","geometry":{"type":"Point","coordinates":[-91.30758,30.72295]},"properties":{"frp":6.33,"date":"2026-09-21","daynight":"D"}},{"type":"Feature","geometry":{"type":"Point","coordinates":[-91.31108,30.7251]},"properties":{"frp":7.64,"date":"2026-09-21","daynight":"D"}},{"type":"Feature","geometry":{"type":"Point","coordinates":[-91.30611,30.72642]},"properties":{"frp":9.12,"date":"2026-09-21","daynight":"D"}},{"type":"Feature","geometry":{"type":"Point","coordinates":[-93.28766,30.8213]},"properties":{"frp":4.97,"date":"2026-09-21","daynight":"D"}},{"type":"Feature","geometry":{"type":"Point","coordinates":[-88.01476,30.93811]},"properties":{"frp":7.51,"date":"2026-09-21","daynight":"D"}},{"type":"Feature","geometry":{"type":"Point","coordinates":[-88.00986,30.94444]},"properties":{"frp":9.5,"date":"2026-09-21","daynight":"D"}},{"type":"Feature","geometry":{"type":"Point","coordinates":[-83.18098,31.00891]},"properties":{"frp":6.29,"date":"2026-09-21","daynight":"D"}},{"type":"Feature","geometry":{"type":"Point","coordinates":[-83.18194,31.01264]},"properties":{"frp":6.29,"date":"2026-09-21","daynight":"D"}},{"type":"Feature","geometry":{"type":"Point","coordinates":[-83.17904,31.01313]},"properties":{"frp":16.53,"date":"2026-09-21","daynight":"D"}},{"type":"Feature","geometry":{"type":"Point","coordinates":[-83.17667,31.01364]},"properties":{"frp":6.29,"date":"2026-09-21","daynight":"D"}},{"type":"Feature","geometry":{"type":"Point","coordinates":[-87.98804,31.14892]},"properties":{"frp":9.87,"date":"2026-09-21","daynight":"D"}},{"type":"Feature","geometry":{"type":"Point","coordinates":[-86.45226,31.20715]},"properties":{"frp":9.82,"date":"2026-09-21","daynight":"D"}},{"type":"Feature","geometry":{"type":"Point","coordinates":[-86.45522,31.20837]},"properties":{"frp":10.55,"date":"2026-09-21","daynight":"D"}},{"type":"Feature","geometry":{"type":"Point","coordinates":[-85.97234,31.20921]},"properties":{"frp":1.45,"date":"2026-09-21","daynight":"D"}},{"type":"Feature","geometry":{"type":"Point","coordinates":[-86.45004,31.20952]},"properties":{"frp":10.55,"date":"2026-09-21","daynight":"D"}},{"type":"Feature","geometry":{"type":"Point","coordinates":[-85.96941,31.21018]},"properties":{"frp":22.88,"date":"2026-09-21","daynight":"D"}},{"type":"Feature","geometry":{"type":"Point","coordinates":[-85.96754,31.21026]},"properties":{"frp":22.5,"date":"2026-09-21","daynight":"D"}},{"type":"Feature","geometry":{"type":"Point","coordinates":[-85.96459,31.2112]},"properties":{"frp":22.88,"date":"2026-09-21","daynight":"D"}},{"type":"Feature","geometry":{"type":"Point","coordinates":[-85.96273,31.21131]},"properties":{"frp":22.5,"date":"2026-09-21","daynight":"D"}},{"type":"Feature","geometry":{"type":"Point","coordinates":[-86.45358,31.21157]},"properties":{"frp":9.82,"date":"2026-09-21","daynight":"D"}},{"type":"Feature","geometry":{"type":"Point","coordinates":[-85.96873,31.21458]},"properties":{"frp":22.5,"date":"2026-09-21","daynight":"D"}},{"type":"Feature","geometry":{"type":"Point","coordinates":[-85.96581,31.21551]},"properties":{"frp":22.88,"date":"2026-09-21","daynight":"D"}},{"type":"Feature","geometry":{"type":"Point","coordinates":[-83.70492,31.30649]},"properties":{"frp":3.55,"date":"2026-09-21","daynight":"D"}},{"type":"Feature","geometry":{"type":"Point","coordinates":[-90.52209,31.44509]},"properties":{"frp":7.64,"date":"2026-09-21","daynight":"D"}},{"type":"Feature","geometry":{"type":"Point","coordinates":[-90.51775,31.44619]},"properties":{"frp":7.64,"date":"2026-09-21","daynight":"D"}},{"type":"Feature","geometry":{"type":"Point","coordinates":[-82.43349,31.74293]},"properties":{"frp":69.19,"date":"2026-09-21","daynight":"D"}},{"type":"Feature","geometry":{"type":"Point","coordinates":[-82.44011,31.74919]},"properties":{"frp":5.25,"date":"2026-09-21","daynight":"D"}},{"type":"Feature","geometry":{"type":"Point","coordinates":[-87.43613,31.99543]},"properties":{"frp":7.86,"date":"2026-09-21","daynight":"D"}},{"type":"Feature","geometry":{"type":"Point","coordinates":[-87.43044,31.99669]},"properties":{"frp":41.81,"date":"2026-09-21","daynight":"D"}},{"type":"Feature","geometry":{"type":"Point","coordinates":[-87.43314,31.99782]},"properties":{"frp":61.0,"date":"2026-09-21","daynight":"D"}},{"type":"Feature","geometry":{"type":"Point","coordinates":[-87.42742,31.99913]},"properties":{"frp":21.77,"date":"2026-09-21","daynight":"D"}},{"type":"Feature","geometry":{"type":"Point","coordinates":[-82.54192,32.5514]},"properties":{"frp":6.22,"date":"2026-09-21","daynight":"D"}},{"type":"Feature","geometry":{"type":"Point","coordinates":[-82.54526,32.55213]},"properties":{"frp":6.19,"date":"2026-09-21","daynight":"D"}},{"type":"Feature","geometry":{"type":"Point","coordinates":[-82.54617,32.55568]},"properties":{"frp":6.19,"date":"2026-09-21","daynight":"D"}},{"type":"Feature","geometry":{"type":"Point","coordinates":[-82.38071,32.90713]},"properties":{"frp":7.87,"date":"2026-09-21","daynight":"D"}},{"type":"Feature","geometry":{"type":"Point","coordinates":[-82.37603,32.90799]},"properties":{"frp":13.49,"date":"2026-09-21","daynight":"D"}},{"type":"Feature","geometry":{"type":"Point","coordinates":[-82.37795,32.90825]},"properties":{"frp":19.9,"date":"2026-09-21","daynight":"D"}},{"type":"Feature","geometry":{"type":"Point","coordinates":[-82.67581,33.26932]},"properties":{"frp":5.45,"date":"2026-09-21","daynight":"D"}},{"type":"Feature","geometry":{"type":"Point","coordinates":[-82.67101,33.2702]},"properties":{"frp":8.74,"date":"2026-09-21","daynight":"D"}},{"type":"Feature","geometry":{"type":"Point","coordinates":[-82.67191,33.27372]},"properties":{"frp":67.2,"date":"2026-09-21","daynight":"D"}},{"type":"Feature","geometry":{"type":"Point","coordinates":[-93.28274,30.82122]},"properties":{"frp":8.2,"date":"2026-09-21","daynight":"D"}},{"type":"Feature","geometry":{"type":"Point","coordinates":[-91.99397,31.21281]},"properties":{"frp":5.54,"date":"2026-09-21","daynight":"D"}},{"type":"Feature","geometry":{"type":"Point","coordinates":[-90.38092,32.41082]},"properties":{"frp":5.44,"date":"2026-09-21","daynight":"D"}},{"type":"Feature","geometry":{"type":"Point","coordinates":[-90.37684,32.41187]},"properties":{"frp":5.44,"date":"2026-09-21","daynight":"D"}},{"type":"Feature","geometry":{"type":"Point","coordinates":[-90.38868,32.42044]},"properties":{"frp":6.35,"date":"2026-09-21","daynight":"D"}},{"type":"Feature","geometry":{"type":"Point","coordinates":[-85.36536,32.8964]},"properties":{"frp":231.21,"date":"2026-09-21","daynight":"D"}},{"type":"Feature","geometry":{"type":"Point","coordinates":[-85.37498,32.89867]},"properties":{"frp":50.28,"date":"2026-09-21","daynight":"D"}},{"type":"Feature","geometry":{"type":"Point","coordinates":[-85.36654,32.90043]},"properties":{"frp":231.21,"date":"2026-09-21","daynight":"D"}},{"type":"Feature","geometry":{"type":"Point","coordinates":[-85.37196,32.90356]},"properties":{"frp":22.62,"date":"2026-09-21","daynight":"D"}},{"type":"Feature","geometry":{"type":"Point","coordinates":[-85.36773,32.90445]},"properties":{"frp":22.62,"date":"2026-09-21","daynight":"D"}},{"type":"Feature","geometry":{"type":"Point","coordinates":[-85.00133,33.35152]},"properties":{"frp":5.63,"date":"2026-09-21","daynight":"D"}},{"type":"Feature","geometry":{"type":"Point","coordinates":[-84.9042,33.5084]},"properties":{"frp":6.88,"date":"2026-09-21","daynight":"D"}},{"type":"Feature","geometry":{"type":"Point","coordinates":[-84.90871,33.50841]},"properties":{"frp":2.64,"date":"2026-09-21","daynight":"D"}},{"type":"Feature","geometry":{"type":"Point","coordinates":[-79.88562,34.37473]},"properties":{"frp":1.54,"date":"2026-09-21","daynight":"D"}},{"type":"Feature","geometry":{"type":"Point","coordinates":[-92.66239,34.40665]},"properties":{"frp":113.34,"date":"2026-09-21","daynight":"D"}},{"type":"Feature","geometry":{"type":"Point","coordinates":[-91.02625,34.81466]},"properties":{"frp":7.75,"date":"2026-09-21","daynight":"D"}},{"type":"Feature","geometry":{"type":"Point","coordinates":[-91.02227,34.81569]},"properties":{"frp":23.09,"date":"2026-09-21","daynight":"D"}},{"type":"Feature","geometry":{"type":"Point","coordinates":[-91.02818,34.81985]},"properties":{"frp":7.75,"date":"2026-09-21","daynight":"D"}},{"type":"Feature","geometry":{"type":"Point","coordinates":[-91.0242,34.82087]},"properties":{"frp":23.09,"date":"2026-09-21","daynight":"D"}},{"type":"Feature","geometry":{"type":"Point","coordinates":[-80.07891,35.12556]},"properties":{"frp":64.1,"date":"2026-09-21","daynight":"D"}},{"type":"Feature","geometry":{"type":"Point","coordinates":[-90.78855,35.38087]},"properties":{"frp":9.97,"date":"2026-09-21","daynight":"D"}},{"type":"Feature","geometry":{"type":"Point","coordinates":[-90.78593,35.38152]},"properties":{"frp":16.27,"date":"2026-09-21","daynight":"D"}},{"type":"Feature","geometry":{"type":"Point","coordinates":[-90.78481,35.38184]},"properties":{"frp":16.85,"date":"2026-09-21","daynight":"D"}},{"type":"Feature","geometry":{"type":"Point","coordinates":[-90.61472,35.46912]},"properties":{"frp":4.42,"date":"2026-09-21","daynight":"D"}},{"type":"Feature","geometry":{"type":"Point","coordinates":[-90.61106,35.47004]},"properties":{"frp":4.42,"date":"2026-09-21","daynight":"D"}},{"type":"Feature","geometry":{"type":"Point","coordinates":[-90.62391,35.47227]},"properties":{"frp":21.94,"date":"2026-09-21","daynight":"D"}},{"type":"Feature","geometry":{"type":"Point","coordinates":[-90.62025,35.4732]},"properties":{"frp":21.94,"date":"2026-09-21","daynight":"D"}},{"type":"Feature","geometry":{"type":"Point","coordinates":[-90.61658,35.47412]},"properties":{"frp":19.41,"date":"2026-09-21","daynight":"D"}},{"type":"Feature","geometry":{"type":"Point","coordinates":[-90.62576,35.47728]},"properties":{"frp":21.94,"date":"2026-09-21","daynight":"D"}},{"type":"Feature","geometry":{"type":"Point","coordinates":[-90.62211,35.4782]},"properties":{"frp":21.94,"date":"2026-09-21","daynight":"D"}},{"type":"Feature","geometry":{"type":"Point","coordinates":[-90.61844,35.47912]},"properties":{"frp":19.41,"date":"2026-09-21","daynight":"D"}},{"type":"Feature","geometry":{"type":"Point","coordinates":[-90.59855,35.52233]},"properties":{"frp":2.03,"date":"2026-09-21","daynight":"D"}},{"type":"Feature","geometry":{"type":"Point","coordinates":[-90.5949,35.52324]},"properties":{"frp":6.27,"date":"2026-09-21","daynight":"D"}},{"type":"Feature","geometry":{"type":"Point","coordinates":[-90.60041,35.52732]},"properties":{"frp":2.03,"date":"2026-09-21","daynight":"D"}},{"type":"Feature","geometry":{"type":"Point","coordinates":[-90.91397,35.56038]},"properties":{"frp":6.77,"date":"2026-09-21","daynight":"D"}},{"type":"Feature","geometry":{"type":"Point","coordinates":[-90.91628,35.56513]},"properties":{"frp":2.06,"date":"2026-09-21","daynight":"D"}},{"type":"Feature","geometry":{"type":"Point","coordinates":[-90.91589,35.56544]},"properties":{"frp":4.05,"date":"2026-09-21","daynight":"D"}},{"type":"Feature","geometry":{"type":"Point","coordinates":[-76.17034,35.77113]},"properties":{"frp":4.98,"date":"2026-09-21","daynight":"D"}},{"type":"Feature","geometry":{"type":"Point","coordinates":[-76.171,35.77472]},"properties":{"frp":4.98,"date":"2026-09-21","daynight":"D"}},{"type":"Feature","geometry":{"type":"Point","coordinates":[-76.16593,35.77535]},"properties":{"frp":7.42,"date":"2026-09-21","daynight":"D"}},{"type":"Feature","geometry":{"type":"Point","coordinates":[-76.17166,35.77832]},"properties":{"frp":6.34,"date":"2026-09-21","daynight":"D"}},{"type":"Feature","geometry":{"type":"Point","coordinates":[-76.16659,35.77895]},"properties":{"frp":12.13,"date":"2026-09-21","daynight":"D"}},{"type":"Feature","geometry":{"type":"Point","coordinates":[-76.17231,35.78191]},"properties":{"frp":6.34,"date":"2026-09-21","daynight":"D"}},{"type":"Feature","geometry":{"type":"Point","coordinates":[-76.25406,35.84648]},"properties":{"frp":8.17,"date":"2026-09-21","daynight":"D"}},{"type":"Feature","geometry":{"type":"Point","coordinates":[-76.25472,35.85007]},"properties":{"frp":8.17,"date":"2026-09-21","daynight":"D"}},{"type":"Feature","geometry":{"type":"Point","coordinates":[-89.61049,36.98837]},"properties":{"frp":5.43,"date":"2026-09-21","daynight":"D"}},{"type":"Feature","geometry":{"type":"Point","coordinates":[-89.60442,36.9898]},"properties":{"frp":5.43,"date":"2026-09-21","daynight":"D"}},{"type":"Feature","geometry":{"type":"Point","coordinates":[-89.61466,36.99341]},"properties":{"frp":11.8,"date":"2026-09-21","daynight":"D"}},{"type":"Feature","geometry":{"type":"Point","coordinates":[-89.60861,36.99488]},"properties":{"frp":8.53,"date":"2026-09-21","daynight":"D"}},{"type":"Feature","geometry":{"type":"Point","coordinates":[-84.9923,38.75672]},"properties":{"frp":3.74,"date":"2026-09-21","daynight":"D"}},{"type":"Feature","geometry":{"type":"Point","coordinates":[-87.14271,41.63569]},"properties":{"frp":2.89,"date":"2026-09-21","daynight":"D"}},{"type":"Feature","geometry":{"type":"Point","coordinates":[-98.45448,47.08364]},"properties":{"frp":6.09,"date":"2026-09-21","daynight":"D"}},{"type":"Feature","geometry":{"type":"Point","coordinates":[-98.44965,47.08508]},"properties":{"frp":8.59,"date":"2026-09-21","daynight":"D"}},{"type":"Feature","geometry":{"type":"Point","coordinates":[-98.44808,47.09161]},"properties":{"frp":8.59,"date":"2026-09-21","daynight":"D"}},{"type":"Feature","geometry":{"type":"Point","coordinates":[-98.94662,47.49063]},"properties":{"frp":5.84,"date":"2026-09-21","daynight":"D"}},{"type":"Feature","geometry":{"type":"Point","coordinates":[-98.94401,47.49125]},"properties":{"frp":8.44,"date":"2026-09-21","daynight":"D"}},{"type":"Feature","geometry":{"type":"Point","coordinates":[-98.94168,47.49215]},"properties":{"frp":13.99,"date":"2026-09-21","daynight":"D"}},{"type":"Feature","geometry":{"type":"Point","coordinates":[-98.93904,47.49274]},"properties":{"frp":8.44,"date":"2026-09-21","daynight":"D"}},{"type":"Feature","geometry":{"type":"Point","coordinates":[-94.39262,48.20236]},"properties":{"frp":6.07,"date":"2026-09-21","daynight":"D"}},{"type":"Feature","geometry":{"type":"Point","coordinates":[-94.38641,48.20393]},"properties":{"frp":5.22,"date":"2026-09-21","daynight":"D"}},{"type":"Feature","geometry":{"type":"Point","coordinates":[-97.22497,49.49952]},"properties":{"frp":4.27,"date":"2026-09-21","daynight":"D"}},{"type":"Feature","geometry":{"type":"Point","coordinates":[-97.21738,49.50164]},"properties":{"frp":4.27,"date":"2026-09-21","daynight":"D"}},{"type":"Feature","geometry":{"type":"Point","coordinates":[-97.21818,49.50316]},"properties":{"frp":4.1,"date":"2026-09-21","daynight":"D"}},{"type":"Feature","geometry":{"type":"Point","coordinates":[-121.66658,39.0897]},"properties":{"frp":3.02,"date":"2026-09-21","daynight":"D"}},{"type":"Feature","geometry":{"type":"Point","coordinates":[-121.66867,39.4262]},"properties":{"frp":7.35,"date":"2026-09-21","daynight":"D"}},{"type":"Feature","geometry":{"type":"Point","coordinates":[-121.6692,39.43116]},"properties":{"frp":7.35,"date":"2026-09-21","daynight":"D"}},{"type":"Feature","geometry":{"type":"Point","coordinates":[-117.84232,41.5986]},"properties":{"frp":6.2,"date":"2026-09-21","daynight":"D"}},{"type":"Feature","geometry":{"type":"Point","coordinates":[-117.84074,41.6041]},"properties":{"frp":17.92,"date":"2026-09-21","daynight":"D"}},{"type":"Feature","geometry":{"type":"Point","coordinates":[-117.84258,41.60476]},"properties":{"frp":11.9,"date":"2026-09-21","daynight":"D"}},{"type":"Feature","geometry":{"type":"Point","coordinates":[-121.02074,45.85765]},"properties":{"frp":1.91,"date":"2026-09-21","daynight":"D"}},{"type":"Feature","geometry":{"type":"Point","coordinates":[-116.29205,46.33583]},"properties":{"frp":23.59,"date":"2026-09-21","daynight":"D"}},{"type":"Feature","geometry":{"type":"Point","coordinates":[-116.29169,46.34257]},"properties":{"frp":20.53,"date":"2026-09-21","daynight":"D"}},{"type":"Feature","geometry":{"type":"Point","coordinates":[-116.30178,46.34258]},"properties":{"frp":20.53,"date":"2026-09-21","daynight":"D"}},{"type":"Feature","geometry":{"type":"Point","coordinates":[-117.06452,46.81193]},"properties":{"frp":7.21,"date":"2026-09-21","daynight":"D"}},{"type":"Feature","geometry":{"type":"Point","coordinates":[-117.06395,46.81291]},"properties":{"frp":9.91,"date":"2026-09-21","daynight":"D"}},{"type":"Feature","geometry":{"type":"Point","coordinates":[-117.07233,46.81845]},"properties":{"frp":9.93,"date":"2026-09-21","daynight":"D"}},{"type":"Feature","geometry":{"type":"Point","coordinates":[-117.06454,46.81846]},"properties":{"frp":9.93,"date":"2026-09-21","daynight":"D"}},{"type":"Feature","geometry":{"type":"Point","coordinates":[-117.07171,46.81939]},"properties":{"frp":12.18,"date":"2026-09-21","daynight":"D"}},{"type":"Feature","geometry":{"type":"Point","coordinates":[-117.06395,46.81944]},"properties":{"frp":17.95,"date":"2026-09-21","daynight":"D"}},{"type":"Feature","geometry":{"type":"Point","coordinates":[-117.09555,46.82494]},"properties":{"frp":14.16,"date":"2026-09-21","daynight":"D"}},{"type":"Feature","geometry":{"type":"Point","coordinates":[-117.08781,46.82495]},"properties":{"frp":11.11,"date":"2026-09-21","daynight":"D"}},{"type":"Feature","geometry":{"type":"Point","coordinates":[-117.08007,46.82497]},"properties":{"frp":11.11,"date":"2026-09-21","daynight":"D"}},{"type":"Feature","geometry":{"type":"Point","coordinates":[-117.0723,46.82498]},"properties":{"frp":9.93,"date":"2026-09-21","daynight":"D"}},{"type":"Feature","geometry":{"type":"Point","coordinates":[-117.09483,46.82576]},"properties":{"frp":10.2,"date":"2026-09-21","daynight":"D"}},{"type":"Feature","geometry":{"type":"Point","coordinates":[-117.08714,46.82582]},"properties":{"frp":10.2,"date":"2026-09-21","daynight":"D"}},{"type":"Feature","geometry":{"type":"Point","coordinates":[-117.0794,46.82587]},"properties":{"frp":12.18,"date":"2026-09-21","daynight":"D"}},{"type":"Feature","geometry":{"type":"Point","coordinates":[-117.38297,46.91388]},"properties":{"frp":179.47,"date":"2026-09-21","daynight":"D"}},{"type":"Feature","geometry":{"type":"Point","coordinates":[-117.38841,46.91418]},"properties":{"frp":185.67,"date":"2026-09-21","daynight":"D"}},{"type":"Feature","geometry":{"type":"Point","coordinates":[-117.38101,46.91424]},"properties":{"frp":95.37,"date":"2026-09-21","daynight":"D"}},{"type":"Feature","geometry":{"type":"Point","coordinates":[-115.78838,47.17643]},"properties":{"frp":14.49,"date":"2026-09-21","daynight":"D"}},{"type":"Feature","geometry":{"type":"Point","coordinates":[-115.78508,47.18282]},"properties":{"frp":37.15,"date":"2026-09-21","daynight":"D"}},{"type":"Feature","geometry":{"type":"Point","coordinates":[-115.79388,47.18293]},"properties":{"frp":26.7,"date":"2026-09-21","daynight":"D"}},{"type":"Feature","geometry":{"type":"Point","coordinates":[-115.78596,47.18331]},"properties":{"frp":14.49,"date":"2026-09-21","daynight":"D"}},{"type":"Feature","geometry":{"type":"Point","coordinates":[-115.79528,47.18339]},"properties":{"frp":14.49,"date":"2026-09-21","daynight":"D"}},{"type":"Feature","geometry":{"type":"Point","coordinates":[-117.26816,47.22424]},"properties":{"frp":9.16,"date":"2026-09-21","daynight":"D"}},{"type":"Feature","geometry":{"type":"Point","coordinates":[-117.26019,47.22425]},"properties":{"frp":11.01,"date":"2026-09-21","daynight":"D"}},{"type":"Feature","geometry":{"type":"Point","coordinates":[-117.26794,47.22454]},"properties":{"frp":7.33,"date":"2026-09-21","daynight":"D"}},{"type":"Feature","geometry":{"type":"Point","coordinates":[-117.25996,47.22459]},"properties":{"frp":7.33,"date":"2026-09-21","daynight":"D"}},{"type":"Feature","geometry":{"type":"Point","coordinates":[-123.76797,48.48391]},"properties":{"frp":8.45,"date":"2026-09-21","daynight":"D"}},{"type":"Feature","geometry":{"type":"Point","coordinates":[-123.77721,48.48611]},"properties":{"frp":84.16,"date":"2026-09-21","daynight":"D"}},{"type":"Feature","geometry":{"type":"Point","coordinates":[-123.76069,48.48699]},"properties":{"frp":65.71,"date":"2026-09-21","daynight":"D"}},{"type":"Feature","geometry":{"type":"Point","coordinates":[-123.77729,48.48826]},"properties":{"frp":8.35,"date":"2026-09-21","daynight":"D"}},{"type":"Feature","geometry":{"type":"Point","coordinates":[-123.76141,48.48919]},"properties":{"frp":73.61,"date":"2026-09-21","daynight":"D"}},{"type":"Feature","geometry":{"type":"Point","coordinates":[-123.76205,48.49181]},"properties":{"frp":65.71,"date":"2026-09-21","daynight":"D"}},{"type":"Feature","geometry":{"type":"Point","coordinates":[-123.77086,48.49353]},"properties":{"frp":73.61,"date":"2026-09-21","daynight":"D"}},{"type":"Feature","geometry":{"type":"Point","coordinates":[-123.76264,48.49401]},"properties":{"frp":73.61,"date":"2026-09-21","daynight":"D"}},{"type":"Feature","geometry":{"type":"Point","coordinates":[-123.77157,48.49619]},"properties":{"frp":7.57,"date":"2026-09-21","daynight":"D"}},{"type":"Feature","geometry":{"type":"Point","coordinates":[-123.76297,48.49665]},"properties":{"frp":6.38,"date":"2026-09-21","daynight":"D"}},{"type":"Feature","geometry":{"type":"Point","coordinates":[-114.84265,48.7222]},"properties":{"frp":5.65,"date":"2026-09-21","daynight":"D"}},{"type":"Feature","geometry":{"type":"Point","coordinates":[-114.84165,48.72358]},"properties":{"frp":5.69,"date":"2026-09-21","daynight":"D"}},{"type":"Feature","geometry":{"type":"Point","coordinates":[-121.15422,48.77713]},"properties":{"frp":46.46,"date":"2026-09-21","daynight":"D"}},{"type":"Feature","geometry":{"type":"Point","coordinates":[-121.14691,48.77737]},"properties":{"frp":46.46,"date":"2026-09-21","daynight":"D"}},{"type":"Feature","geometry":{"type":"Point","coordinates":[-121.1501,48.78279]},"properties":{"frp":46.46,"date":"2026-09-21","daynight":"D"}},{"type":"Feature","geometry":{"type":"Point","coordinates":[-121.12842,48.78352]},"properties":{"frp":54.82,"date":"2026-09-21","daynight":"D"}},{"type":"Feature","geometry":{"type":"Point","coordinates":[-121.14739,48.7884]},"properties":{"frp":5.41,"date":"2026-09-21","daynight":"D"}},{"type":"Feature","geometry":{"type":"Point","coordinates":[-121.11886,48.78937]},"properties":{"frp":3.61,"date":"2026-09-21","daynight":"D"}},{"type":"Feature","geometry":{"type":"Point","coordinates":[-121.19287,48.79785]},"properties":{"frp":6.07,"date":"2026-09-21","daynight":"D"}},{"type":"Feature","geometry":{"type":"Point","coordinates":[-121.14167,48.81069]},"properties":{"frp":13.38,"date":"2026-09-21","daynight":"D"}},{"type":"Feature","geometry":{"type":"Point","coordinates":[-121.13251,48.81101]},"properties":{"frp":17.0,"date":"2026-09-21","daynight":"D"}},{"type":"Feature","geometry":{"type":"Point","coordinates":[-121.18989,48.79784]},"properties":{"frp":9.26,"date":"2026-09-21","daynight":"D"}},{"type":"Feature","geometry":{"type":"Point","coordinates":[-120.61359,48.84182]},"properties":{"frp":7.39,"date":"2026-09-21","daynight":"D"}},{"type":"Feature","geometry":{"type":"Point","coordinates":[-120.60339,48.84209]},"properties":{"frp":12.95,"date":"2026-09-21","daynight":"D"}},{"type":"Feature","geometry":{"type":"Point","coordinates":[-124.54257,49.02638]},"properties":{"frp":9.3,"date":"2026-09-21","daynight":"D"}},{"type":"Feature","geometry":{"type":"Point","coordinates":[-124.65319,49.12058]},"properties":{"frp":15.19,"date":"2026-09-21","daynight":"D"}},{"type":"Feature","geometry":{"type":"Point","coordinates":[-118.05964,49.43439]},"properties":{"frp":14.61,"date":"2026-09-21","daynight":"D"}},{"type":"Feature","geometry":{"type":"Point","coordinates":[-118.07748,49.44064]},"properties":{"frp":34.79,"date":"2026-09-21","daynight":"D"}},{"type":"Feature","geometry":{"type":"Point","coordinates":[-118.07288,49.44065]},"properties":{"frp":67.01,"date":"2026-09-21","daynight":"D"}},{"type":"Feature","geometry":{"type":"Point","coordinates":[-118.06841,49.44068]},"properties":{"frp":67.01,"date":"2026-09-21","daynight":"D"}},{"type":"Feature","geometry":{"type":"Point","coordinates":[-118.06363,49.44069]},"properties":{"frp":14.61,"date":"2026-09-21","daynight":"D"}},{"type":"Feature","geometry":{"type":"Point","coordinates":[-118.07932,49.44695]},"properties":{"frp":26.38,"date":"2026-09-21","daynight":"D"}},{"type":"Feature","geometry":{"type":"Point","coordinates":[-118.07496,49.44697]},"properties":{"frp":37.42,"date":"2026-09-21","daynight":"D"}},{"type":"Feature","geometry":{"type":"Point","coordinates":[-118.06541,49.447]},"properties":{"frp":13.04,"date":"2026-09-21","daynight":"D"}},{"type":"Feature","geometry":{"type":"Point","coordinates":[-121.24651,49.68577]},"properties":{"frp":4.33,"date":"2026-09-21","daynight":"D"}},{"type":"Feature","geometry":{"type":"Point","coordinates":[-121.24525,49.69132]},"properties":{"frp":9.08,"date":"2026-09-21","daynight":"D"}},{"type":"Feature","geometry":{"type":"Point","coordinates":[-121.53839,49.85247]},"properties":{"frp":3.7,"date":"2026-09-21","daynight":"D"}},{"type":"Feature","geometry":{"type":"Point","coordinates":[-121.53376,49.85261]},"properties":{"frp":3.7,"date":"2026-09-21","daynight":"D"}},{"type":"Feature","geometry":{"type":"Point","coordinates":[-121.5224,49.85295]},"properties":{"frp":10.76,"date":"2026-09-21","daynight":"D"}},{"type":"Feature","geometry":{"type":"Point","coordinates":[-121.51305,49.85324]},"properties":{"frp":8.01,"date":"2026-09-21","daynight":"D"}},{"type":"Feature","geometry":{"type":"Point","coordinates":[-121.52593,49.85831]},"properties":{"frp":8.8,"date":"2026-09-21","daynight":"D"}},{"type":"Feature","geometry":{"type":"Point","coordinates":[-121.51561,49.85863]},"properties":{"frp":7.65,"date":"2026-09-21","daynight":"D"}},{"type":"Feature","geometry":{"type":"Point","coordinates":[-76.80899,36.35437]},"properties":{"frp":1.07,"date":"2026-09-21","daynight":"N"}},{"type":"Feature","geometry":{"type":"Point","coordinates":[-76.81344,36.35535]},"properties":{"frp":1.07,"date":"2026-09-21","daynight":"N"}},{"type":"Feature","geometry":{"type":"Point","coordinates":[-76.80763,36.35838]},"properties":{"frp":1.07,"date":"2026-09-21","daynight":"N"}},{"type":"Feature","geometry":{"type":"Point","coordinates":[-86.98755,37.26941]},"properties":{"frp":1.34,"date":"2026-09-21","daynight":"N"}},{"type":"Feature","geometry":{"type":"Point","coordinates":[-84.23966,38.83708]},"properties":{"frp":4.26,"date":"2026-09-21","daynight":"N"}},{"type":"Feature","geometry":{"type":"Point","coordinates":[-80.09693,42.80215]},"properties":{"frp":1.81,"date":"2026-09-21","daynight":"N"}},{"type":"Feature","geometry":{"type":"Point","coordinates":[-80.10164,42.80295]},"properties":{"frp":1.81,"date":"2026-09-21","daynight":"N"}},{"type":"Feature","geometry":{"type":"Point","coordinates":[-80.09592,42.80544]},"properties":{"frp":1.81,"date":"2026-09-21","daynight":"N"}},{"type":"Feature","geometry":{"type":"Point","coordinates":[-80.10062,42.80623]},"properties":{"frp":1.81,"date":"2026-09-21","daynight":"N"}},{"type":"Feature","geometry":{"type":"Point","coordinates":[-80.09283,42.81528]},"properties":{"frp":1.06,"date":"2026-09-21","daynight":"N"}},{"type":"Feature","geometry":{"type":"Point","coordinates":[-82.41741,42.94557]},"properties":{"frp":0.8,"date":"2026-09-21","daynight":"N"}},{"type":"Feature","geometry":{"type":"Point","coordinates":[-82.42124,42.94957]},"properties":{"frp":0.49,"date":"2026-09-21","daynight":"N"}},{"type":"Feature","geometry":{"type":"Point","coordinates":[-79.79771,43.27281]},"properties":{"frp":2.0,"date":"2026-09-21","daynight":"N"}},{"type":"Feature","geometry":{"type":"Point","coordinates":[-79.80246,43.27362]},"properties":{"frp":1.04,"date":"2026-09-21","daynight":"N"}},{"type":"Feature","geometry":{"type":"Point","coordinates":[-73.51909,45.6449]},"properties":{"frp":1.67,"date":"2026-09-21","daynight":"N"}},{"type":"Feature","geometry":{"type":"Point","coordinates":[-73.51922,45.64513]},"properties":{"frp":0.45,"date":"2026-09-21","daynight":"N"}},{"type":"Feature","geometry":{"type":"Point","coordinates":[-73.24868,45.83827]},"properties":{"frp":0.93,"date":"2026-09-21","daynight":"N"}},{"type":"Feature","geometry":{"type":"Point","coordinates":[-81.05133,46.48016]},"properties":{"frp":0.84,"date":"2026-09-21","daynight":"N"}},{"type":"Feature","geometry":{"type":"Point","coordinates":[-81.03223,46.49107]},"properties":{"frp":6.6,"date":"2026-09-21","daynight":"N"}},{"type":"Feature","geometry":{"type":"Point","coordinates":[-93.96597,29.83595]},"properties":{"frp":2.8,"date":"2026-09-21","daynight":"N"}},{"type":"Feature","geometry":{"type":"Point","coordinates":[-93.96526,29.88908]},"properties":{"frp":5.23,"date":"2026-09-21","daynight":"N"}},{"type":"Feature","geometry":{"type":"Point","coordinates":[-90.39438,29.99728]},"properties":{"frp":5.14,"date":"2026-09-21","daynight":"N"}},{"type":"Feature","geometry":{"type":"Point","coordinates":[-90.39994,29.99794]},"properties":{"frp":1.73,"date":"2026-09-21","daynight":"N"}},{"type":"Feature","geometry":{"type":"Point","coordinates":[-90.39932,30.00181]},"properties":{"frp":1.73,"date":"2026-09-21","daynight":"N"}},{"type":"Feature","geometry":{"type":"Point","coordinates":[-94.03812,30.01632]},"properties":{"frp":2.26,"date":"2026-09-21","daynight":"N"}},{"type":"Feature","geometry":{"type":"Point","coordinates":[-94.03925,30.01698]},"properties":{"frp":3.44,"date":"2026-09-21","daynight":"N"}},{"type":"Feature","geometry":{"type":"Point","coordinates":[-93.75339,30.04848]},"properties":{"frp":3.54,"date":"2026-09-21","daynight":"N"}},{"type":"Feature","geometry":{"type":"Point","coordinates":[-90.66686,30.0612]},"properties":{"frp":2.16,"date":"2026-09-21","daynight":"N"}},{"type":"Feature","geometry":{"type":"Point","coordinates":[-93.33041,30.17954]},"properties":{"frp":2.67,"date":"2026-09-21","daynight":"N"}},{"type":"Feature","geometry":{"type":"Point","coordinates":[-93.32432,30.18364]},"properties":{"frp":2.44,"date":"2026-09-21","daynight":"N"}},{"type":"Feature","geometry":{"type":"Point","coordinates":[-93.28569,30.25854]},"properties":{"frp":17.13,"date":"2026-09-21","daynight":"N"}},{"type":"Feature","geometry":{"type":"Point","coordinates":[-93.29117,30.25904]},"properties":{"frp":29.54,"date":"2026-09-21","daynight":"N"}},{"type":"Feature","geometry":{"type":"Point","coordinates":[-93.28661,30.25936]},"properties":{"frp":3.17,"date":"2026-09-21","daynight":"N"}},{"type":"Feature","geometry":{"type":"Point","coordinates":[-93.29208,30.2599]},"properties":{"frp":3.17,"date":"2026-09-21","daynight":"N"}},{"type":"Feature","geometry":{"type":"Point","coordinates":[-93.28509,30.26315]},"properties":{"frp":17.13,"date":"2026-09-21","daynight":"N"}},{"type":"Feature","geometry":{"type":"Point","coordinates":[-93.29056,30.26365]},"properties":{"frp":29.54,"date":"2026-09-21","daynight":"N"}},{"type":"Feature","geometry":{"type":"Point","coordinates":[-93.29148,30.26451]},"properties":{"frp":82.89,"date":"2026-09-21","daynight":"N"}},{"type":"Feature","geometry":{"type":"Point","coordinates":[-100.09944,30.30176]},"properties":{"frp":0.59,"date":"2026-09-21","daynight":"N"}},{"type":"Feature","geometry":{"type":"Point","coordinates":[-88.48611,30.3445]},"properties":{"frp":3.54,"date":"2026-09-21","daynight":"N"}},{"type":"Feature","geometry":{"type":"Point","coordinates":[-91.17931,30.48379]},"properties":{"frp":1.76,"date":"2026-09-21","daynight":"N"}},{"type":"Feature","geometry":{"type":"Point","coordinates":[-91.18349,30.48425]},"properties":{"frp":1.76,"date":"2026-09-21","daynight":"N"}},{"type":"Feature","geometry":{"type":"Point","coordinates":[-90.39218,30.51117]},"properties":{"frp":2.16,"date":"2026-09-21","daynight":"N"}},{"type":"Feature","geometry":{"type":"Point","coordinates":[-91.24043,30.58594]},"properties":{"frp":1.65,"date":"2026-09-21","daynight":"N"}},{"type":"Feature","geometry":{"type":"Point","coordinates":[-93.27773,30.82341]},"properties":{"frp":0.7,"date":"2026-09-21","daynight":"N"}},{"type":"Feature","geometry":{"type":"Point","coordinates":[-88.0141,30.94063]},"properties":{"frp":4.85,"date":"2026-09-21","daynight":"N"}},{"type":"Feature","geometry":{"type":"Point","coordinates":[-88.00831,30.94699]},"properties":{"frp":2.1,"date":"2026-09-21","daynight":"N"}},{"type":"Feature","geometry":{"type":"Point","coordinates":[-88.01282,30.94761]},"properties":{"frp":2.1,"date":"2026-09-21","daynight":"N"}},{"type":"Feature","geometry":{"type":"Point","coordinates":[-87.9854,31.14967]},"properties":{"frp":1.22,"date":"2026-09-21","daynight":"N"}},{"type":"Feature","geometry":{"type":"Point","coordinates":[-87.98993,31.15029]},"properties":{"frp":1.22,"date":"2026-09-21","daynight":"N"}},{"type":"Feature","geometry":{"type":"Point","coordinates":[-87.9796,31.15604]},"properties":{"frp":3.2,"date":"2026-09-21","daynight":"N"}},{"type":"Feature","geometry":{"type":"Point","coordinates":[-87.98285,31.16365]},"properties":{"frp":0.89,"date":"2026-09-21","daynight":"N"}},{"type":"Feature","geometry":{"type":"Point","coordinates":[-87.98051,31.16408]},"properties":{"frp":1.31,"date":"2026-09-21","daynight":"N"}},{"type":"Feature","geometry":{"type":"Point","coordinates":[-90.432,31.21267]},"properties":{"frp":4.24,"date":"2026-09-21","daynight":"N"}},{"type":"Feature","geometry":{"type":"Point","coordinates":[-90.43137,31.2166]},"properties":{"frp":0.78,"date":"2026-09-21","daynight":"N"}},{"type":"Feature","geometry":{"type":"Point","coordinates":[-83.70564,31.30737]},"properties":{"frp":0.74,"date":"2026-09-21","daynight":"N"}},{"type":"Feature","geometry":{"type":"Point","coordinates":[-97.59425,31.71249]},"properties":{"frp":0.69,"date":"2026-09-21","daynight":"N"}},{"type":"Feature","geometry":{"type":"Point","coordinates":[-87.27644,32.91678]},"properties":{"frp":5.22,"date":"2026-09-21","daynight":"N"}},{"type":"Feature","geometry":{"type":"Point","coordinates":[-86.75967,33.18182]},"properties":{"frp":2.1,"date":"2026-09-21","daynight":"N"}},{"type":"Feature","geometry":{"type":"Point","coordinates":[-86.78884,33.2174]},"properties":{"frp":0.77,"date":"2026-09-21","daynight":"N"}},{"type":"Feature","geometry":{"type":"Point","coordinates":[-86.79325,33.21801]},"properties":{"frp":1.14,"date":"2026-09-21","daynight":"N"}},{"type":"Feature","geometry":{"type":"Point","coordinates":[-86.81542,33.22108]},"properties":{"frp":1.78,"date":"2026-09-21","daynight":"N"}},{"type":"Feature","geometry":{"type":"Point","coordinates":[-87.51395,33.23281]},"properties":{"frp":2.45,"date":"2026-09-21","daynight":"N"}},{"type":"Feature","geometry":{"type":"Point","coordinates":[-87.50861,33.23569]},"properties":{"frp":2.86,"date":"2026-09-21","daynight":"N"}},{"type":"Feature","geometry":{"type":"Point","coordinates":[-87.50793,33.23919]},"properties":{"frp":1.6,"date":"2026-09-21","daynight":"N"}},{"type":"Feature","geometry":{"type":"Point","coordinates":[-81.05037,33.9627]},"properties":{"frp":0.94,"date":"2026-09-21","daynight":"N"}},{"type":"Feature","geometry":{"type":"Point","coordinates":[-84.79646,34.24086]},"properties":{"frp":1.08,"date":"2026-09-21","daynight":"N"}},{"type":"Feature","geometry":{"type":"Point","coordinates":[-84.80061,34.2415]},"properties":{"frp":1.06,"date":"2026-09-21","daynight":"N"}},{"type":"Feature","geometry":{"type":"Point","coordinates":[-79.88564,34.37675]},"properties":{"frp":0.7,"date":"2026-09-21","daynight":"N"}},{"type":"Feature","geometry":{"type":"Point","coordinates":[-79.89079,34.37775]},"properties":{"frp":0.7,"date":"2026-09-21","daynight":"N"}},{"type":"Feature","geometry":{"type":"Point","coordinates":[-91.68965,34.48387]},"properties":{"frp":2.05,"date":"2026-09-21","daynight":"N"}},{"type":"Feature","geometry":{"type":"Point","coordinates":[-91.69485,34.48434]},"properties":{"frp":1.87,"date":"2026-09-21","daynight":"N"}},{"type":"Feature","geometry":{"type":"Point","coordinates":[-91.69161,34.48438]},"properties":{"frp":2.96,"date":"2026-09-21","daynight":"N"}},{"type":"Feature","geometry":{"type":"Point","coordinates":[-87.84656,34.74165]},"properties":{"frp":0.64,"date":"2026-09-21","daynight":"N"}},{"type":"Feature","geometry":{"type":"Point","coordinates":[-95.81456,36.19614]},"properties":{"frp":0.92,"date":"2026-09-21","daynight":"N"}},{"type":"Feature","geometry":{"type":"Point","coordinates":[-75.63535,39.59196]},"properties":{"frp":0.8,"date":"2026-09-21","daynight":"N"}},{"type":"Feature","geometry":{"type":"Point","coordinates":[-99.94247,25.58095]},"properties":{"frp":9.18,"date":"2026-09-21","daynight":"N"}},{"type":"Feature","geometry":{"type":"Point","coordinates":[-100.30255,25.70232]},"properties":{"frp":1.22,"date":"2026-09-21","daynight":"N"}},{"type":"Feature","geometry":{"type":"Point","coordinates":[-100.30735,25.72277]},"properties":{"frp":1.39,"date":"2026-09-21","daynight":"N"}},{"type":"Feature","geometry":{"type":"Point","coordinates":[-90.36525,27.17391]},"properties":{"frp":3.97,"date":"2026-09-21","daynight":"N"}},{"type":"Feature","geometry":{"type":"Point","coordinates":[-90.02965,27.19876]},"properties":{"frp":14.44,"date":"2026-09-21","daynight":"N"}},{"type":"Feature","geometry":{"type":"Point","coordinates":[-90.71494,27.32899]},"properties":{"frp":3.51,"date":"2026-09-21","daynight":"N"}},{"type":"Feature","geometry":{"type":"Point","coordinates":[-94.91075,29.36757]},"properties":{"frp":1.88,"date":"2026-09-21","daynight":"N"}},{"type":"Feature","geometry":{"type":"Point","coordinates":[-94.92345,29.37373]},"properties":{"frp":1.8,"date":"2026-09-21","daynight":"N"}},{"type":"Feature","geometry":{"type":"Point","coordinates":[-94.93954,29.3802]},"properties":{"frp":1.3,"date":"2026-09-21","daynight":"N"}},{"type":"Feature","geometry":{"type":"Point","coordinates":[-95.00885,29.7403]},"properties":{"frp":1.5,"date":"2026-09-21","daynight":"N"}},{"type":"Feature","geometry":{"type":"Point","coordinates":[-95.00143,29.7448]},"properties":{"frp":1.5,"date":"2026-09-21","daynight":"N"}},{"type":"Feature","geometry":{"type":"Point","coordinates":[-95.01509,29.74597]},"properties":{"frp":2.91,"date":"2026-09-21","daynight":"N"}},{"type":"Feature","geometry":{"type":"Point","coordinates":[-95.00085,29.7499]},"properties":{"frp":1.5,"date":"2026-09-21","daynight":"N"}},{"type":"Feature","geometry":{"type":"Point","coordinates":[-93.88253,29.7554]},"properties":{"frp":3.33,"date":"2026-09-21","daynight":"N"}},{"type":"Feature","geometry":{"type":"Point","coordinates":[-93.87605,29.75959]},"properties":{"frp":1.86,"date":"2026-09-21","daynight":"N"}},{"type":"Feature","geometry":{"type":"Point","coordinates":[-93.88191,29.76015]},"properties":{"frp":1.86,"date":"2026-09-21","daynight":"N"}},{"type":"Feature","geometry":{"type":"Point","coordinates":[-103.7101,49.47015]},"properties":{"frp":0.72,"date":"2026-09-21","daynight":"N"}},{"type":"Feature","geometry":{"type":"Point","coordinates":[-103.70885,49.47339]},"properties":{"frp":0.43,"date":"2026-09-21","daynight":"N"}},{"type":"Feature","geometry":{"type":"Point","coordinates":[-121.30316,49.69598]},"properties":{"frp":1.11,"date":"2026-09-21","daynight":"N"}},{"type":"Feature","geometry":{"type":"Point","coordinates":[-121.30966,49.69604]},"properties":{"frp":1.11,"date":"2026-09-21","daynight":"N"}},{"type":"Feature","geometry":{"type":"Point","coordinates":[-121.54257,49.8612]},"properties":{"frp":1.13,"date":"2026-09-21","daynight":"N"}},{"type":"Feature","geometry":{"type":"Point","coordinates":[-121.54831,49.86123]},"properties":{"frp":1.13,"date":"2026-09-21","daynight":"N"}},{"type":"Feature","geometry":{"type":"Point","coordinates":[-121.54478,49.91483]},"properties":{"frp":1.03,"date":"2026-09-21","daynight":"N"}},{"type":"Feature","geometry":{"type":"Point","coordinates":[-121.54359,49.91761]},"properties":{"frp":1.42,"date":"2026-09-21","daynight":"N"}},{"type":"Feature","geometry":{"type":"Point","coordinates":[-105.02325,40.8622]},"properties":{"frp":0.79,"date":"2026-09-21","daynight":"N"}},{"type":"Feature","geometry":{"type":"Point","coordinates":[-105.02222,40.86554]},"properties":{"frp":0.79,"date":"2026-09-21","daynight":"N"}},{"type":"Feature","geometry":{"type":"Point","coordinates":[-111.5919,42.68449]},"properties":{"frp":28.12,"date":"2026-09-21","daynight":"N"}},{"type":"Feature","geometry":{"type":"Point","coordinates":[-111.59663,42.68748]},"properties":{"frp":34.77,"date":"2026-09-21","daynight":"N"}},{"type":"Feature","geometry":{"type":"Point","coordinates":[-111.59107,42.68816]},"properties":{"frp":2.8,"date":"2026-09-21","daynight":"N"}},{"type":"Feature","geometry":{"type":"Point","coordinates":[-120.22923,45.63852]},"properties":{"frp":0.62,"date":"2026-09-21","daynight":"N"}},{"type":"Feature","geometry":{"type":"Point","coordinates":[-116.99573,47.33395]},"properties":{"frp":0.95,"date":"2026-09-21","daynight":"N"}},{"type":"Feature","geometry":{"type":"Point","coordinates":[-122.34837,47.57103]},"properties":{"frp":0.99,"date":"2026-09-21","daynight":"N"}},{"type":"Feature","geometry":{"type":"Point","coordinates":[-120.84064,48.34584]},"properties":{"frp":16.12,"date":"2026-09-21","daynight":"N"}},{"type":"Feature","geometry":{"type":"Point","coordinates":[-120.84413,48.3459]},"properties":{"frp":5.31,"date":"2026-09-21","daynight":"N"}},{"type":"Feature","geometry":{"type":"Point","coordinates":[-120.84902,48.34599]},"properties":{"frp":5.31,"date":"2026-09-21","daynight":"N"}},{"type":"Feature","geometry":{"type":"Point","coordinates":[-120.83694,48.34682]},"properties":{"frp":6.68,"date":"2026-09-21","daynight":"N"}},{"type":"Feature","geometry":{"type":"Point","coordinates":[-120.84122,48.34687]},"properties":{"frp":9.43,"date":"2026-09-21","daynight":"N"}},{"type":"Feature","geometry":{"type":"Point","coordinates":[-120.84503,48.34693]},"properties":{"frp":9.43,"date":"2026-09-21","daynight":"N"}},{"type":"Feature","geometry":{"type":"Point","coordinates":[-120.85088,48.347]},"properties":{"frp":1.89,"date":"2026-09-21","daynight":"N"}},{"type":"Feature","geometry":{"type":"Point","coordinates":[-120.84143,48.35191]},"properties":{"frp":0.9,"date":"2026-09-21","daynight":"N"}},{"type":"Feature","geometry":{"type":"Point","coordinates":[-120.80274,48.36452]},"properties":{"frp":0.75,"date":"2026-09-21","daynight":"N"}},{"type":"Feature","geometry":{"type":"Point","coordinates":[-120.81232,48.37559]},"properties":{"frp":1.01,"date":"2026-09-21","daynight":"N"}},{"type":"Feature","geometry":{"type":"Point","coordinates":[-120.83262,48.37595]},"properties":{"frp":1.29,"date":"2026-09-21","daynight":"N"}},{"type":"Feature","geometry":{"type":"Point","coordinates":[-120.82755,48.37692]},"properties":{"frp":1.46,"date":"2026-09-21","daynight":"N"}},{"type":"Feature","geometry":{"type":"Point","coordinates":[-120.83423,48.37701]},"properties":{"frp":1.09,"date":"2026-09-21","daynight":"N"}},{"type":"Feature","geometry":{"type":"Point","coordinates":[-121.14346,48.77839]},"properties":{"frp":1.79,"date":"2026-09-21","daynight":"N"}},{"type":"Feature","geometry":{"type":"Point","coordinates":[-121.14864,48.77845]},"properties":{"frp":1.26,"date":"2026-09-21","daynight":"N"}},{"type":"Feature","geometry":{"type":"Point","coordinates":[-121.13466,48.78379]},"properties":{"frp":6.97,"date":"2026-09-21","daynight":"N"}},{"type":"Feature","geometry":{"type":"Point","coordinates":[-121.1391,48.78384]},"properties":{"frp":16.47,"date":"2026-09-21","daynight":"N"}},{"type":"Feature","geometry":{"type":"Point","coordinates":[-121.14381,48.78389]},"properties":{"frp":16.47,"date":"2026-09-21","daynight":"N"}},{"type":"Feature","geometry":{"type":"Point","coordinates":[-121.1497,48.78394]},"properties":{"frp":11.37,"date":"2026-09-21","daynight":"N"}},{"type":"Feature","geometry":{"type":"Point","coordinates":[-121.1561,48.784]},"properties":{"frp":11.37,"date":"2026-09-21","daynight":"N"}},{"type":"Feature","geometry":{"type":"Point","coordinates":[-121.1302,48.78434]},"properties":{"frp":6.53,"date":"2026-09-21","daynight":"N"}},{"type":"Feature","geometry":{"type":"Point","coordinates":[-121.13605,48.78442]},"properties":{"frp":6.53,"date":"2026-09-21","daynight":"N"}},{"type":"Feature","geometry":{"type":"Point","coordinates":[-121.14052,48.78448]},"properties":{"frp":10.07,"date":"2026-09-21","daynight":"N"}},{"type":"Feature","geometry":{"type":"Point","coordinates":[-121.14561,48.78455]},"properties":{"frp":10.07,"date":"2026-09-21","daynight":"N"}},{"type":"Feature","geometry":{"type":"Point","coordinates":[-121.15213,48.78464]},"properties":{"frp":9.33,"date":"2026-09-21","daynight":"N"}},{"type":"Feature","geometry":{"type":"Point","coordinates":[-121.14188,48.79]},"properties":{"frp":3.47,"date":"2026-09-21","daynight":"N"}},{"type":"Feature","geometry":{"type":"Point","coordinates":[-121.14743,48.79005]},"properties":{"frp":3.47,"date":"2026-09-21","daynight":"N"}},{"type":"Feature","geometry":{"type":"Point","coordinates":[-121.15405,48.79011]},"properties":{"frp":6.63,"date":"2026-09-21","daynight":"N"}},{"type":"Feature","geometry":{"type":"Point","coordinates":[-121.14397,48.79067]},"properties":{"frp":10.07,"date":"2026-09-21","daynight":"N"}},{"type":"Feature","geometry":{"type":"Point","coordinates":[-121.14989,48.79075]},"properties":{"frp":10.07,"date":"2026-09-21","daynight":"N"}},{"type":"Feature","geometry":{"type":"Point","coordinates":[-121.15563,48.79083]},"properties":{"frp":9.33,"date":"2026-09-21","daynight":"N"}},{"type":"Feature","geometry":{"type":"Point","coordinates":[-122.74481,48.8834]},"properties":{"frp":1.68,"date":"2026-09-21","daynight":"N"}},{"type":"Feature","geometry":{"type":"Point","coordinates":[-122.74409,48.88503]},"properties":{"frp":2.15,"date":"2026-09-21","daynight":"N"}},{"type":"Feature","geometry":{"type":"Point","coordinates":[-121.02415,48.93568]},"properties":{"frp":2.4,"date":"2026-09-21","daynight":"N"}},{"type":"Feature","geometry":{"type":"Point","coordinates":[-121.03716,48.93582]},"properties":{"frp":2.4,"date":"2026-09-21","daynight":"N"}},{"type":"Feature","geometry":{"type":"Point","coordinates":[-121.05872,48.93605]},"properties":{"frp":1.9,"date":"2026-09-21","daynight":"N"}},{"type":"Feature","geometry":{"type":"Point","coordinates":[-121.02961,48.94185]},"properties":{"frp":1.36,"date":"2026-09-21","daynight":"N"}},{"type":"Feature","geometry":{"type":"Point","coordinates":[-121.03837,48.94194]},"properties":{"frp":1.36,"date":"2026-09-21","daynight":"N"}},{"type":"Feature","geometry":{"type":"Point","coordinates":[-121.04989,48.94207]},"properties":{"frp":1.73,"date":"2026-09-21","daynight":"N"}},{"type":"Feature","geometry":{"type":"Point","coordinates":[-121.09697,49.08897]},"properties":{"frp":1.76,"date":"2026-09-21","daynight":"N"}},{"type":"Feature","geometry":{"type":"Point","coordinates":[-121.09757,49.08934]},"properties":{"frp":1.35,"date":"2026-09-21","daynight":"N"}},{"type":"Feature","geometry":{"type":"Point","coordinates":[-120.96802,49.09373]},"properties":{"frp":4.9,"date":"2026-09-21","daynight":"N"}},{"type":"Feature","geometry":{"type":"Point","coordinates":[-120.9847,49.09396]},"properties":{"frp":5.91,"date":"2026-09-21","daynight":"N"}},{"type":"Feature","geometry":{"type":"Point","coordinates":[-120.9668,49.09402]},"properties":{"frp":3.98,"date":"2026-09-21","daynight":"N"}},{"type":"Feature","geometry":{"type":"Point","coordinates":[-120.98395,49.09416]},"properties":{"frp":3.98,"date":"2026-09-21","daynight":"N"}},{"type":"Feature","geometry":{"type":"Point","coordinates":[-101.74141,33.52358]},"properties":{"frp":1.69,"date":"2026-09-21","daynight":"N"}},{"type":"Feature","geometry":{"type":"Point","coordinates":[-101.89568,35.53769]},"properties":{"frp":3.37,"date":"2026-09-21","daynight":"N"}},{"type":"Feature","geometry":{"type":"Point","coordinates":[-95.81281,36.19455]},"properties":{"frp":1.11,"date":"2026-09-21","daynight":"N"}},{"type":"Feature","geometry":{"type":"Point","coordinates":[-95.81408,36.19622]},"properties":{"frp":0.91,"date":"2026-09-21","daynight":"N"}},{"type":"Feature","geometry":{"type":"Point","coordinates":[-114.91302,36.35899]},"properties":{"frp":0.7,"date":"2026-09-21","daynight":"N"}},{"type":"Feature","geometry":{"type":"Point","coordinates":[-119.66669,37.61258]},"properties":{"frp":0.58,"date":"2026-09-21","daynight":"N"}},{"type":"Feature","geometry":{"type":"Point","coordinates":[-119.67081,37.61284]},"properties":{"frp":0.58,"date":"2026-09-21","daynight":"N"}},{"type":"Feature","geometry":{"type":"Point","coordinates":[-119.67607,37.61317]},"properties":{"frp":0.54,"date":"2026-09-21","daynight":"N"}},{"type":"Feature","geometry":{"type":"Point","coordinates":[-119.65443,37.61712]},"properties":{"frp":1.62,"date":"2026-09-21","daynight":"N"}},{"type":"Feature","geometry":{"type":"Point","coordinates":[-119.65829,37.61736]},"properties":{"frp":1.2,"date":"2026-09-21","daynight":"N"}},{"type":"Feature","geometry":{"type":"Point","coordinates":[-119.67068,37.61815]},"properties":{"frp":0.58,"date":"2026-09-21","daynight":"N"}},{"type":"Feature","geometry":{"type":"Point","coordinates":[-119.67569,37.61847]},"properties":{"frp":0.54,"date":"2026-09-21","daynight":"N"}},{"type":"Feature","geometry":{"type":"Point","coordinates":[-119.64906,37.62209]},"properties":{"frp":1.11,"date":"2026-09-21","daynight":"N"}},{"type":"Feature","geometry":{"type":"Point","coordinates":[-119.65299,37.62234]},"properties":{"frp":1.11,"date":"2026-09-21","daynight":"N"}},{"type":"Feature","geometry":{"type":"Point","coordinates":[-119.6153,37.62523]},"properties":{"frp":0.73,"date":"2026-09-21","daynight":"N"}},{"type":"Feature","geometry":{"type":"Point","coordinates":[-119.64725,37.62729]},"properties":{"frp":1.11,"date":"2026-09-21","daynight":"N"}},{"type":"Feature","geometry":{"type":"Point","coordinates":[-119.64771,37.63165]},"properties":{"frp":0.91,"date":"2026-09-21","daynight":"N"}},{"type":"Feature","geometry":{"type":"Point","coordinates":[-119.61187,37.63486]},"properties":{"frp":0.13,"date":"2026-09-21","daynight":"N"}},{"type":"Feature","geometry":{"type":"Point","coordinates":[-119.61571,37.63509]},"properties":{"frp":0.13,"date":"2026-09-21","daynight":"N"}},{"type":"Feature","geometry":{"type":"Point","coordinates":[-119.61374,37.63574]},"properties":{"frp":1.52,"date":"2026-09-21","daynight":"N"}},{"type":"Feature","geometry":{"type":"Point","coordinates":[-112.81883,38.93752]},"properties":{"frp":1.62,"date":"2026-09-21","daynight":"N"}},{"type":"Feature","geometry":{"type":"Point","coordinates":[-112.81814,38.94123]},"properties":{"frp":1.62,"date":"2026-09-21","daynight":"N"}},{"type":"Feature","geometry":{"type":"Point","coordinates":[-114.25544,40.82083]},"properties":{"frp":2.28,"date":"2026-09-21","daynight":"N"}},{"type":"Feature","geometry":{"type":"Point","coordinates":[-114.2569,40.82165]},"properties":{"frp":1.86,"date":"2026-09-21","daynight":"N"}},{"type":"Feature","geometry":{"type":"Point","coordinates":[-99.93456,25.57663]},"properties":{"frp":5.93,"date":"2026-09-21","daynight":"N"}},{"type":"Feature","geometry":{"type":"Point","coordinates":[-99.93922,25.57777]},"properties":{"frp":3.43,"date":"2026-09-21","daynight":"N"}},{"type":"Feature","geometry":{"type":"Point","coordinates":[-99.94516,25.59159]},"properties":{"frp":2.5,"date":"2026-09-21","daynight":"N"}},{"type":"Feature","geometry":{"type":"Point","coordinates":[-100.29887,25.69624]},"properties":{"frp":1.23,"date":"2026-09-21","daynight":"N"}},{"type":"Feature","geometry":{"type":"Point","coordinates":[-100.29784,25.70108]},"properties":{"frp":1.07,"date":"2026-09-21","daynight":"N"}},{"type":"Feature","geometry":{"type":"Point","coordinates":[-100.30524,25.722]},"properties":{"frp":2.53,"date":"2026-09-21","daynight":"N"}},{"type":"Feature","geometry":{"type":"Point","coordinates":[-94.92284,29.37587]},"properties":{"frp":3.92,"date":"2026-09-21","daynight":"N"}},{"type":"Feature","geometry":{"type":"Point","coordinates":[-109.63033,30.49712]},"properties":{"frp":2.02,"date":"2026-09-21","daynight":"N"}},{"type":"Feature","geometry":{"type":"Point","coordinates":[-97.59513,31.70794]},"properties":{"frp":0.76,"date":"2026-09-21","daynight":"N"}},{"type":"Feature","geometry":{"type":"Point","coordinates":[-103.90392,31.81063]},"properties":{"frp":1.7,"date":"2026-09-21","daynight":"N"}},{"type":"Feature","geometry":{"type":"Point","coordinates":[-103.90197,31.81129]},"properties":{"frp":1.56,"date":"2026-09-21","daynight":"N"}},{"type":"Feature","geometry":{"type":"Point","coordinates":[-102.58486,32.07017]},"properties":{"frp":1.18,"date":"2026-09-21","daynight":"N"}},{"type":"Feature","geometry":{"type":"Point","coordinates":[-102.58723,32.07101]},"properties":{"frp":0.92,"date":"2026-09-21","daynight":"N"}},{"type":"Feature","geometry":{"type":"Point","coordinates":[-101.93247,32.15219]},"properties":{"frp":2.52,"date":"2026-09-21","daynight":"N"}},{"type":"Feature","geometry":{"type":"Point","coordinates":[-101.93003,32.1526]},"properties":{"frp":2.13,"date":"2026-09-21","daynight":"N"}},{"type":"Feature","geometry":{"type":"Point","coordinates":[-110.85873,33.41185]},"properties":{"frp":0.66,"date":"2026-09-21","daynight":"N"}},{"type":"Feature","geometry":{"type":"Point","coordinates":[-110.86144,33.41908]},"properties":{"frp":5.65,"date":"2026-09-21","daynight":"N"}},{"type":"Feature","geometry":{"type":"Point","coordinates":[-110.86558,33.4197]},"properties":{"frp":9.26,"date":"2026-09-21","daynight":"N"}},{"type":"Feature","geometry":{"type":"Point","coordinates":[-117.3364,34.60635]},"properties":{"frp":1.64,"date":"2026-09-21","daynight":"N"}},{"type":"Feature","geometry":{"type":"Point","coordinates":[-117.33975,34.60902]},"properties":{"frp":1.76,"date":"2026-09-21","daynight":"N"}},{"type":"Feature","geometry":{"type":"Point","coordinates":[-117.10247,34.62341]},"properties":{"frp":1.51,"date":"2026-09-21","daynight":"N"}},{"type":"Feature","geometry":{"type":"Point","coordinates":[-120.22648,45.63846]},"properties":{"frp":1.0,"date":"2026-09-21","daynight":"N"}},{"type":"Feature","geometry":{"type":"Point","coordinates":[-116.99845,47.3344]},"properties":{"frp":1.93,"date":"2026-09-21","daynight":"N"}},{"type":"Feature","geometry":{"type":"Point","coordinates":[-122.34447,47.57006]},"properties":{"frp":0.78,"date":"2026-09-21","daynight":"N"}},{"type":"Feature","geometry":{"type":"Point","coordinates":[-120.84515,48.34681]},"properties":{"frp":0.89,"date":"2026-09-21","daynight":"N"}},{"type":"Feature","geometry":{"type":"Point","coordinates":[-120.85096,48.34822]},"properties":{"frp":0.89,"date":"2026-09-21","daynight":"N"}},{"type":"Feature","geometry":{"type":"Point","coordinates":[-120.8555,48.34933]},"properties":{"frp":1.7,"date":"2026-09-21","daynight":"N"}},{"type":"Feature","geometry":{"type":"Point","coordinates":[-120.8565,48.35416]},"properties":{"frp":1.7,"date":"2026-09-21","daynight":"N"}},{"type":"Feature","geometry":{"type":"Point","coordinates":[-120.86047,48.35513]},"properties":{"frp":3.15,"date":"2026-09-21","daynight":"N"}},{"type":"Feature","geometry":{"type":"Point","coordinates":[-120.85728,48.35894]},"properties":{"frp":1.74,"date":"2026-09-21","daynight":"N"}},{"type":"Feature","geometry":{"type":"Point","coordinates":[-120.86146,48.35995]},"properties":{"frp":1.74,"date":"2026-09-21","daynight":"N"}},{"type":"Feature","geometry":{"type":"Point","coordinates":[-120.78874,48.36056]},"properties":{"frp":0.58,"date":"2026-09-21","daynight":"N"}},{"type":"Feature","geometry":{"type":"Point","coordinates":[-120.85841,48.36379]},"properties":{"frp":1.74,"date":"2026-09-21","daynight":"N"}},{"type":"Feature","geometry":{"type":"Point","coordinates":[-120.85542,48.36764]},"properties":{"frp":1.18,"date":"2026-09-21","daynight":"N"}},{"type":"Feature","geometry":{"type":"Point","coordinates":[-120.85246,48.3715]},"properties":{"frp":1.18,"date":"2026-09-21","daynight":"N"}},{"type":"Feature","geometry":{"type":"Point","coordinates":[-120.80553,48.37384]},"properties":{"frp":2.21,"date":"2026-09-21","daynight":"N"}},{"type":"Feature","geometry":{"type":"Point","coordinates":[-120.84438,48.37412]},"properties":{"frp":1.66,"date":"2026-09-21","daynight":"N"}},{"type":"Feature","geometry":{"type":"Point","coordinates":[-120.81105,48.37519]},"properties":{"frp":2.21,"date":"2026-09-21","daynight":"N"}},{"type":"Feature","geometry":{"type":"Point","coordinates":[-120.83036,48.3753]},"properties":{"frp":1.4,"date":"2026-09-21","daynight":"N"}},{"type":"Feature","geometry":{"type":"Point","coordinates":[-120.81639,48.37648]},"properties":{"frp":0.65,"date":"2026-09-21","daynight":"N"}},{"type":"Feature","geometry":{"type":"Point","coordinates":[-120.82173,48.37778]},"properties":{"frp":0.65,"date":"2026-09-21","daynight":"N"}},{"type":"Feature","geometry":{"type":"Point","coordinates":[-120.82744,48.37917]},"properties":{"frp":1.48,"date":"2026-09-21","daynight":"N"}},{"type":"Feature","geometry":{"type":"Point","coordinates":[-123.77348,48.48672]},"properties":{"frp":11.73,"date":"2026-09-21","daynight":"N"}},{"type":"Feature","geometry":{"type":"Point","coordinates":[-123.77197,48.4904]},"properties":{"frp":11.73,"date":"2026-09-21","daynight":"N"}},{"type":"Feature","geometry":{"type":"Point","coordinates":[-121.14119,48.78238]},"properties":{"frp":16.0,"date":"2026-09-21","daynight":"N"}},{"type":"Feature","geometry":{"type":"Point","coordinates":[-121.14731,48.78384]},"properties":{"frp":14.7,"date":"2026-09-21","daynight":"N"}},{"type":"Feature","geometry":{"type":"Point","coordinates":[-121.13104,48.78443]},"properties":{"frp":2.87,"date":"2026-09-21","daynight":"N"}},{"type":"Feature","geometry":{"type":"Point","coordinates":[-121.13749,48.78597]},"properties":{"frp":2.87,"date":"2026-09-21","daynight":"N"}},{"type":"Feature","geometry":{"type":"Point","coordinates":[-121.12428,48.78728]},"properties":{"frp":1.4,"date":"2026-09-21","daynight":"N"}},{"type":"Feature","geometry":{"type":"Point","coordinates":[-121.14388,48.78749]},"properties":{"frp":6.9,"date":"2026-09-21","daynight":"N"}},{"type":"Feature","geometry":{"type":"Point","coordinates":[-121.14898,48.78871]},"properties":{"frp":6.9,"date":"2026-09-21","daynight":"N"}},{"type":"Feature","geometry":{"type":"Point","coordinates":[-121.13944,48.7909]},"properties":{"frp":6.9,"date":"2026-09-21","daynight":"N"}},{"type":"Feature","geometry":{"type":"Point","coordinates":[-121.19519,48.79971]},"properties":{"frp":1.37,"date":"2026-09-21","daynight":"N"}},{"type":"Feature","geometry":{"type":"Point","coordinates":[-121.13982,48.80441]},"properties":{"frp":1.02,"date":"2026-09-21","daynight":"N"}},{"type":"Feature","geometry":{"type":"Point","coordinates":[-120.66513,48.82234]},"properties":{"frp":2.14,"date":"2026-09-21","daynight":"N"}},{"type":"Feature","geometry":{"type":"Point","coordinates":[-120.66373,48.82657]},"properties":{"frp":4.16,"date":"2026-09-21","daynight":"N"}},{"type":"Feature","geometry":{"type":"Point","coordinates":[-120.66823,48.82768]},"properties":{"frp":4.16,"date":"2026-09-21","daynight":"N"}},{"type":"Feature","geometry":{"type":"Point","coordinates":[-120.66659,48.83184]},"properties":{"frp":4.16,"date":"2026-09-21","daynight":"N"}},{"type":"Feature","geometry":{"type":"Point","coordinates":[-121.22407,48.83324]},"properties":{"frp":0.81,"date":"2026-09-21","daynight":"N"}},{"type":"Feature","geometry":{"type":"Point","coordinates":[-120.61205,48.84127]},"properties":{"frp":5.8,"date":"2026-09-21","daynight":"N"}},{"type":"Feature","geometry":{"type":"Point","coordinates":[-120.61647,48.84235]},"properties":{"frp":5.8,"date":"2026-09-21","daynight":"N"}},{"type":"Feature","geometry":{"type":"Point","coordinates":[-122.7402,48.88733]},"properties":{"frp":1.09,"date":"2026-09-21","daynight":"N"}},{"type":"Feature","geometry":{"type":"Point","coordinates":[-116.60843,48.89503]},"properties":{"frp":1.43,"date":"2026-09-21","daynight":"N"}},{"type":"Feature","geometry":{"type":"Point","coordinates":[-116.60909,48.8954]},"properties":{"frp":1.42,"date":"2026-09-21","daynight":"N"}},{"type":"Feature","geometry":{"type":"Point","coordinates":[-121.04597,48.92443]},"properties":{"frp":1.77,"date":"2026-09-21","daynight":"N"}},{"type":"Feature","geometry":{"type":"Point","coordinates":[-121.0506,48.92555]},"properties":{"frp":1.77,"date":"2026-09-21","daynight":"N"}},{"type":"Feature","geometry":{"type":"Point","coordinates":[-121.04452,48.92856]},"properties":{"frp":1.04,"date":"2026-09-21","daynight":"N"}},{"type":"Feature","geometry":{"type":"Point","coordinates":[-121.02744,48.92892]},"properties":{"frp":1.53,"date":"2026-09-21","daynight":"N"}},{"type":"Feature","geometry":{"type":"Point","coordinates":[-121.0313,48.92985]},"properties":{"frp":1.53,"date":"2026-09-21","daynight":"N"}},{"type":"Feature","geometry":{"type":"Point","coordinates":[-121.02128,48.93192]},"properties":{"frp":4.1,"date":"2026-09-21","daynight":"N"}},{"type":"Feature","geometry":{"type":"Point","coordinates":[-121.02546,48.93293]},"properties":{"frp":4.21,"date":"2026-09-21","daynight":"N"}},{"type":"Feature","geometry":{"type":"Point","coordinates":[-121.02966,48.93393]},"properties":{"frp":4.21,"date":"2026-09-21","daynight":"N"}},{"type":"Feature","geometry":{"type":"Point","coordinates":[-121.0341,48.93501]},"properties":{"frp":2.11,"date":"2026-09-21","daynight":"N"}},{"type":"Feature","geometry":{"type":"Point","coordinates":[-121.01784,48.93556]},"properties":{"frp":4.1,"date":"2026-09-21","daynight":"N"}},{"type":"Feature","geometry":{"type":"Point","coordinates":[-121.02264,48.93673]},"properties":{"frp":4.21,"date":"2026-09-21","daynight":"N"}},{"type":"Feature","geometry":{"type":"Point","coordinates":[-121.02727,48.93784]},"properties":{"frp":4.21,"date":"2026-09-21","daynight":"N"}},{"type":"Feature","geometry":{"type":"Point","coordinates":[-121.03199,48.93898]},"properties":{"frp":2.11,"date":"2026-09-21","daynight":"N"}},{"type":"Feature","geometry":{"type":"Point","coordinates":[-121.04128,48.94122]},"properties":{"frp":0.87,"date":"2026-09-21","daynight":"N"}},{"type":"Feature","geometry":{"type":"Point","coordinates":[-121.02412,48.94156]},"properties":{"frp":2.85,"date":"2026-09-21","daynight":"N"}},{"type":"Feature","geometry":{"type":"Point","coordinates":[-121.02893,48.94271]},"properties":{"frp":3.38,"date":"2026-09-21","daynight":"N"}},{"type":"Feature","geometry":{"type":"Point","coordinates":[-121.03385,48.9439]},"properties":{"frp":3.38,"date":"2026-09-21","daynight":"N"}},{"type":"Feature","geometry":{"type":"Point","coordinates":[-120.98537,49.0817]},"properties":{"frp":1.02,"date":"2026-09-21","daynight":"N"}},{"type":"Feature","geometry":{"type":"Point","coordinates":[-120.98979,49.08276]},"properties":{"frp":1.02,"date":"2026-09-21","daynight":"N"}},{"type":"Feature","geometry":{"type":"Point","coordinates":[-120.99407,49.08379]},"properties":{"frp":1.99,"date":"2026-09-21","daynight":"N"}},{"type":"Feature","geometry":{"type":"Point","coordinates":[-121.07825,49.08609]},"properties":{"frp":3.39,"date":"2026-09-21","daynight":"N"}},{"type":"Feature","geometry":{"type":"Point","coordinates":[-121.0834,49.08732]},"properties":{"frp":3.39,"date":"2026-09-21","daynight":"N"}},{"type":"Feature","geometry":{"type":"Point","coordinates":[-120.96593,49.09044]},"properties":{"frp":1.18,"date":"2026-09-21","daynight":"N"}},{"type":"Feature","geometry":{"type":"Point","coordinates":[-121.08236,49.09152]},"properties":{"frp":3.39,"date":"2026-09-21","daynight":"N"}},{"type":"Feature","geometry":{"type":"Point","coordinates":[-120.97042,49.09152]},"properties":{"frp":1.37,"date":"2026-09-21","daynight":"N"}},{"type":"Feature","geometry":{"type":"Point","coordinates":[-120.97474,49.09255]},"properties":{"frp":1.37,"date":"2026-09-21","daynight":"N"}},{"type":"Feature","geometry":{"type":"Point","coordinates":[-120.95901,49.09325]},"properties":{"frp":1.29,"date":"2026-09-21","daynight":"N"}},{"type":"Feature","geometry":{"type":"Point","coordinates":[-120.97907,49.09359]},"properties":{"frp":1.36,"date":"2026-09-21","daynight":"N"}},{"type":"Feature","geometry":{"type":"Point","coordinates":[-120.96449,49.09456]},"properties":{"frp":1.29,"date":"2026-09-21","daynight":"N"}},{"type":"Feature","geometry":{"type":"Point","coordinates":[-120.9735,49.09671]},"properties":{"frp":1.98,"date":"2026-09-21","daynight":"N"}},{"type":"Feature","geometry":{"type":"Point","coordinates":[-120.97784,49.09775]},"properties":{"frp":0.93,"date":"2026-09-21","daynight":"N"}},{"type":"Feature","geometry":{"type":"Point","coordinates":[-120.97668,49.10194]},"properties":{"frp":0.93,"date":"2026-09-21","daynight":"N"}},{"type":"Feature","geometry":{"type":"Point","coordinates":[-120.9752,49.10604]},"properties":{"frp":1.5,"date":"2026-09-21","daynight":"N"}},{"type":"Feature","geometry":{"type":"Point","coordinates":[-120.98009,49.1072]},"properties":{"frp":1.5,"date":"2026-09-21","daynight":"N"}},{"type":"Feature","geometry":{"type":"Point","coordinates":[-120.97313,49.11001]},"properties":{"frp":1.5,"date":"2026-09-21","daynight":"N"}},{"type":"Feature","geometry":{"type":"Point","coordinates":[-124.65076,49.11871]},"properties":{"frp":4.26,"date":"2026-09-21","daynight":"N"}},{"type":"Feature","geometry":{"type":"Point","coordinates":[-124.65657,49.11989]},"properties":{"frp":3.31,"date":"2026-09-21","daynight":"N"}},{"type":"Feature","geometry":{"type":"Point","coordinates":[-118.06229,49.4324]},"properties":{"frp":2.02,"date":"2026-09-21","daynight":"N"}},{"type":"Feature","geometry":{"type":"Point","coordinates":[-118.06824,49.434]},"properties":{"frp":2.02,"date":"2026-09-21","daynight":"N"}},{"type":"Feature","geometry":{"type":"Point","coordinates":[-118.06126,49.4372]},"properties":{"frp":1.03,"date":"2026-09-21","daynight":"N"}},{"type":"Feature","geometry":{"type":"Point","coordinates":[-118.06758,49.43891]},"properties":{"frp":1.03,"date":"2026-09-21","daynight":"N"}},{"type":"Feature","geometry":{"type":"Point","coordinates":[-118.07314,49.44041]},"properties":{"frp":2.04,"date":"2026-09-21","daynight":"N"}},{"type":"Feature","geometry":{"type":"Point","coordinates":[-118.05982,49.44191]},"properties":{"frp":1.03,"date":"2026-09-21","daynight":"N"}},{"type":"Feature","geometry":{"type":"Point","coordinates":[-118.06683,49.44379]},"properties":{"frp":1.03,"date":"2026-09-21","daynight":"N"}},{"type":"Feature","geometry":{"type":"Point","coordinates":[-121.29972,49.69427]},"properties":{"frp":0.72,"date":"2026-09-21","daynight":"N"}},{"type":"Feature","geometry":{"type":"Point","coordinates":[-121.30548,49.69563]},"properties":{"frp":0.91,"date":"2026-09-21","daynight":"N"}},{"type":"Feature","geometry":{"type":"Point","coordinates":[-121.52835,49.85263]},"properties":{"frp":1.38,"date":"2026-09-21","daynight":"N"}},{"type":"Feature","geometry":{"type":"Point","coordinates":[-121.5335,49.85383]},"properties":{"frp":2.75,"date":"2026-09-21","daynight":"N"}},{"type":"Feature","geometry":{"type":"Point","coordinates":[-121.53882,49.85507]},"properties":{"frp":2.75,"date":"2026-09-21","daynight":"N"}},{"type":"Feature","geometry":{"type":"Point","coordinates":[-121.52707,49.85662]},"properties":{"frp":0.58,"date":"2026-09-21","daynight":"N"}},{"type":"Feature","geometry":{"type":"Point","coordinates":[-121.53838,49.85924]},"properties":{"frp":1.27,"date":"2026-09-21","daynight":"N"}},{"type":"Feature","geometry":{"type":"Point","coordinates":[-121.54449,49.86066]},"properties":{"frp":1.01,"date":"2026-09-21","daynight":"N"}},{"type":"Feature","geometry":{"type":"Point","coordinates":[-120.14225,37.03779]},"properties":{"frp":1.04,"date":"2026-09-21","daynight":"N"}},{"type":"Feature","geometry":{"type":"Point","coordinates":[-119.59058,37.59443]},"properties":{"frp":3.23,"date":"2026-09-21","daynight":"N"}},{"type":"Feature","geometry":{"type":"Point","coordinates":[-119.5957,37.59591]},"properties":{"frp":2.76,"date":"2026-09-21","daynight":"N"}},{"type":"Feature","geometry":{"type":"Point","coordinates":[-119.59016,37.59726]},"properties":{"frp":2.39,"date":"2026-09-21","daynight":"N"}},{"type":"Feature","geometry":{"type":"Point","coordinates":[-119.60143,37.59756]},"properties":{"frp":2.76,"date":"2026-09-21","daynight":"N"}},{"type":"Feature","geometry":{"type":"Point","coordinates":[-119.59528,37.59876]},"properties":{"frp":2.39,"date":"2026-09-21","daynight":"N"}},{"type":"Feature","geometry":{"type":"Point","coordinates":[-119.60052,37.60031]},"properties":{"frp":3.89,"date":"2026-09-21","daynight":"N"}},{"type":"Feature","geometry":{"type":"Point","coordinates":[-119.58945,37.60059]},"properties":{"frp":4.35,"date":"2026-09-21","daynight":"N"}},{"type":"Feature","geometry":{"type":"Point","coordinates":[-119.61593,37.60175]},"properties":{"frp":2.64,"date":"2026-09-21","daynight":"N"}},{"type":"Feature","geometry":{"type":"Point","coordinates":[-119.60551,37.60178]},"properties":{"frp":3.89,"date":"2026-09-21","daynight":"N"}},{"type":"Feature","geometry":{"type":"Point","coordinates":[-119.61016,37.60315]},"properties":{"frp":8.17,"date":"2026-09-21","daynight":"N"}},{"type":"Feature","geometry":{"type":"Point","coordinates":[-119.5889,37.60337]},"properties":{"frp":2.39,"date":"2026-09-21","daynight":"N"}},{"type":"Feature","geometry":{"type":"Point","coordinates":[-119.59946,37.60347]},"properties":{"frp":5.69,"date":"2026-09-21","daynight":"N"}},{"type":"Feature","geometry":{"type":"Point","coordinates":[-119.61451,37.60442]},"properties":{"frp":8.17,"date":"2026-09-21","daynight":"N"}},{"type":"Feature","geometry":{"type":"Point","coordinates":[-119.60407,37.6048]},"properties":{"frp":8.13,"date":"2026-09-21","daynight":"N"}},{"type":"Feature","geometry":{"type":"Point","coordinates":[-119.59398,37.60487]},"properties":{"frp":2.39,"date":"2026-09-21","daynight":"N"}},{"type":"Feature","geometry":{"type":"Point","coordinates":[-119.60869,37.60613]},"properties":{"frp":8.13,"date":"2026-09-21","daynight":"N"}},{"type":"Feature","geometry":{"type":"Point","coordinates":[-119.59868,37.60625]},"properties":{"frp":3.89,"date":"2026-09-21","daynight":"N"}},{"type":"Feature","geometry":{"type":"Point","coordinates":[-119.6131,37.6074]},"properties":{"frp":7.95,"date":"2026-09-21","daynight":"N"}},{"type":"Feature","geometry":{"type":"Point","coordinates":[-119.60331,37.60761]},"properties":{"frp":3.89,"date":"2026-09-21","daynight":"N"}},{"type":"Feature","geometry":{"type":"Point","coordinates":[-119.59243,37.60791]},"properties":{"frp":5.69,"date":"2026-09-21","daynight":"N"}},{"type":"Feature","geometry":{"type":"Point","coordinates":[-119.60784,37.60895]},"properties":{"frp":8.17,"date":"2026-09-21","daynight":"N"}},{"type":"Feature","geometry":{"type":"Point","coordinates":[-119.61214,37.61021]},"properties":{"frp":8.17,"date":"2026-09-21","daynight":"N"}},{"type":"Feature","geometry":{"type":"Point","coordinates":[-119.60207,37.61069]},"properties":{"frp":8.13,"date":"2026-09-21","daynight":"N"}},{"type":"Feature","geometry":{"type":"Point","coordinates":[-119.6066,37.612]},"properties":{"frp":8.13,"date":"2026-09-21","daynight":"N"}},{"type":"Feature","geometry":{"type":"Point","coordinates":[-119.61089,37.61323]},"properties":{"frp":7.95,"date":"2026-09-21","daynight":"N"}},{"type":"Feature","geometry":{"type":"Point","coordinates":[-119.60094,37.6134]},"properties":{"frp":11.77,"date":"2026-09-21","daynight":"N"}},{"type":"Feature","geometry":{"type":"Point","coordinates":[-119.62431,37.61379]},"properties":{"frp":3.46,"date":"2026-09-21","daynight":"N"}},{"type":"Feature","geometry":{"type":"Point","coordinates":[-119.615,37.61442]},"properties":{"frp":7.95,"date":"2026-09-21","daynight":"N"}},{"type":"Feature","geometry":{"type":"Point","coordinates":[-119.60538,37.61471]},"properties":{"frp":8.45,"date":"2026-09-21","daynight":"N"}},{"type":"Feature","geometry":{"type":"Point","coordinates":[-119.61904,37.61558]},"properties":{"frp":6.31,"date":"2026-09-21","daynight":"N"}},{"type":"Feature","geometry":{"type":"Point","coordinates":[-119.60985,37.61602]},"properties":{"frp":8.45,"date":"2026-09-21","daynight":"N"}},{"type":"Feature","geometry":{"type":"Point","coordinates":[-119.59895,37.61626]},"properties":{"frp":7.22,"date":"2026-09-21","daynight":"N"}},{"type":"Feature","geometry":{"type":"Point","coordinates":[-119.62336,37.61682]},"properties":{"frp":6.31,"date":"2026-09-21","daynight":"N"}},{"type":"Feature","geometry":{"type":"Point","coordinates":[-119.61415,37.61729]},"properties":{"frp":51.16,"date":"2026-09-21","daynight":"N"}},{"type":"Feature","geometry":{"type":"Point","coordinates":[-119.60343,37.61755]},"properties":{"frp":7.22,"date":"2026-09-21","daynight":"N"}},{"type":"Feature","geometry":{"type":"Point","coordinates":[-119.61826,37.61849]},"properties":{"frp":51.16,"date":"2026-09-21","daynight":"N"}},{"type":"Feature","geometry":{"type":"Point","coordinates":[-119.6081,37.61889]},"properties":{"frp":29.2,"date":"2026-09-21","daynight":"N"}},{"type":"Feature","geometry":{"type":"Point","coordinates":[-119.62269,37.61979]},"properties":{"frp":32.37,"date":"2026-09-21","daynight":"N"}},{"type":"Feature","geometry":{"type":"Point","coordinates":[-119.60194,37.62018]},"properties":{"frp":8.45,"date":"2026-09-21","daynight":"N"}},{"type":"Feature","geometry":{"type":"Point","coordinates":[-119.6128,37.62025]},"properties":{"frp":29.2,"date":"2026-09-21","daynight":"N"}},{"type":"Feature","geometry":{"type":"Point","coordinates":[-119.61733,37.62155]},"properties":{"frp":74.99,"date":"2026-09-21","daynight":"N"}},{"type":"Feature","geometry":{"type":"Point","coordinates":[-119.6067,37.62157]},"properties":{"frp":8.45,"date":"2026-09-21","daynight":"N"}},{"type":"Feature","geometry":{"type":"Point","coordinates":[-119.59998,37.62304]},"properties":{"frp":7.22,"date":"2026-09-21","daynight":"N"}},{"type":"Feature","geometry":{"type":"Point","coordinates":[-119.61178,37.62307]},"properties":{"frp":51.16,"date":"2026-09-21","daynight":"N"}},{"type":"Feature","geometry":{"type":"Point","coordinates":[-119.60478,37.62441]},"properties":{"frp":29.2,"date":"2026-09-21","daynight":"N"}},{"type":"Feature","geometry":{"type":"Point","coordinates":[-119.61664,37.62449]},"properties":{"frp":51.16,"date":"2026-09-21","daynight":"N"}},{"type":"Feature","geometry":{"type":"Point","coordinates":[-119.61005,37.62592]},"properties":{"frp":29.2,"date":"2026-09-21","daynight":"N"}},{"type":"Feature","geometry":{"type":"Point","coordinates":[-119.62187,37.62603]},"properties":{"frp":32.37,"date":"2026-09-21","daynight":"N"}},{"type":"Feature","geometry":{"type":"Point","coordinates":[-119.60344,37.6271]},"properties":{"frp":10.03,"date":"2026-09-21","daynight":"N"}},{"type":"Feature","geometry":{"type":"Point","coordinates":[-119.61563,37.62752]},"properties":{"frp":74.99,"date":"2026-09-21","daynight":"N"}},{"type":"Feature","geometry":{"type":"Point","coordinates":[-119.60877,37.62866]},"properties":{"frp":9.94,"date":"2026-09-21","daynight":"N"}},{"type":"Feature","geometry":{"type":"Point","coordinates":[-119.60155,37.62995]},"properties":{"frp":10.94,"date":"2026-09-21","daynight":"N"}},{"type":"Feature","geometry":{"type":"Point","coordinates":[-119.61465,37.63038]},"properties":{"frp":9.94,"date":"2026-09-21","daynight":"N"}},{"type":"Feature","geometry":{"type":"Point","coordinates":[-119.60698,37.6315]},"properties":{"frp":10.94,"date":"2026-09-21","daynight":"N"}},{"type":"Feature","geometry":{"type":"Point","coordinates":[-119.60046,37.63271]},"properties":{"frp":10.03,"date":"2026-09-21","daynight":"N"}},{"type":"Feature","geometry":{"type":"Point","coordinates":[-119.61313,37.63327]},"properties":{"frp":14.02,"date":"2026-09-21","daynight":"N"}},{"type":"Feature","geometry":{"type":"Point","coordinates":[-119.60592,37.6343]},"properties":{"frp":9.94,"date":"2026-09-21","daynight":"N"}},{"type":"Feature","geometry":{"type":"Point","coordinates":[-119.61211,37.63612]},"properties":{"frp":9.94,"date":"2026-09-21","daynight":"N"}},{"type":"Feature","geometry":{"type":"Point","coordinates":[-119.60402,37.63712]},"properties":{"frp":10.94,"date":"2026-09-21","daynight":"N"}},{"type":"Feature","geometry":{"type":"Point","coordinates":[-114.25721,40.82665]},"properties":{"frp":2.51,"date":"2026-09-21","daynight":"N"}},{"type":"Feature","geometry":{"type":"Point","coordinates":[-114.26021,40.82686]},"properties":{"frp":1.9,"date":"2026-09-21","daynight":"N"}},{"type":"Feature","geometry":{"type":"Point","coordinates":[-122.88078,42.1742]},"properties":{"frp":1.68,"date":"2026-09-21","daynight":"N"}},{"type":"Feature","geometry":{"type":"Point","coordinates":[-97.67468,26.77426]},"properties":{"frp":5.71,"date":"2026-09-21","daynight":"D"}},{"type":"Feature","geometry":{"type":"Point","coordinates":[-90.02666,27.19324]},"properties":{"frp":12.27,"date":"2026-09-21","daynight":"D"}},{"type":"Feature","geometry":{"type":"Point","coordinates":[-90.02766,27.19729]},"properties":{"frp":12.27,"date":"2026-09-21","daynight":"D"}},{"type":"Feature","geometry":{"type":"Point","coordinates":[-99.24803,29.451]},"properties":{"frp":5.84,"date":"2026-09-21","daynight":"D"}},{"type":"Feature","geometry":{"type":"Point","coordinates":[-99.24156,29.45278]},"properties":{"frp":5.84,"date":"2026-09-21","daynight":"D"}},{"type":"Feature","geometry":{"type":"Point","coordinates":[-90.39175,29.99322]},"properties":{"frp":4.39,"date":"2026-09-21","daynight":"D"}},{"type":"Feature","geometry":{"type":"Point","coordinates":[-91.76331,29.99379]},"properties":{"frp":15.98,"date":"2026-09-21","daynight":"D"}},{"type":"Feature","geometry":{"type":"Point","coordinates":[-91.75871,29.99478]},"properties":{"frp":9.86,"date":"2026-09-21","daynight":"D"}},{"type":"Feature","geometry":{"type":"Point","coordinates":[-91.76079,29.9961]},"properties":{"frp":18.67,"date":"2026-09-21","daynight":"D"}},{"type":"Feature","geometry":{"type":"Point","coordinates":[-100.09056,30.29575]},"properties":{"frp":7.34,"date":"2026-09-21","daynight":"D"}},{"type":"Feature","geometry":{"type":"Point","coordinates":[-100.09595,30.2981]},"properties":{"frp":16.09,"date":"2026-09-21","daynight":"D"}},{"type":"Feature","geometry":{"type":"Point","coordinates":[-83.65846,30.55373]},"properties":{"frp":5.74,"date":"2026-09-21","daynight":"D"}},{"type":"Feature","geometry":{"type":"Point","coordinates":[-83.65566,30.56097]},"properties":{"frp":6.5,"date":"2026-09-21","daynight":"D"}},{"type":"Feature","geometry":{"type":"Point","coordinates":[-91.24209,30.5829]},"properties":{"frp":3.81,"date":"2026-09-21","daynight":"D"}},{"type":"Feature","geometry":{"type":"Point","coordinates":[-91.30986,30.72207]},"properties":{"frp":7.04,"date":"2026-09-21","daynight":"D"}},{"type":"Feature","geometry":{"type":"Point","coordinates":[-91.3056,30.72293]},"properties":{"frp":4.43,"date":"2026-09-21","daynight":"D"}},{"type":"Feature","geometry":{"type":"Point","coordinates":[-91.30669,30.727]},"properties":{"frp":4.43,"date":"2026-09-21","daynight":"D"}},{"type":"Feature","geometry":{"type":"Point","coordinates":[-88.01224,30.93722]},"properties":{"frp":4.51,"date":"2026-09-21","daynight":"D"}},{"type":"Feature","geometry":{"type":"Point","coordinates":[-88.01555,30.93764]},"properties":{"frp":5.1,"date":"2026-09-21","daynight":"D"}},{"type":"Feature","geometry":{"type":"Point","coordinates":[-88.01307,30.94069]},"properties":{"frp":4.51,"date":"2026-09-21","daynight":"D"}},{"type":"Feature","geometry":{"type":"Point","coordinates":[-83.17765,31.01217]},"properties":{"frp":14.55,"date":"2026-09-21","daynight":"D"}},{"type":"Feature","geometry":{"type":"Point","coordinates":[-87.98486,31.15005]},"properties":{"frp":9.95,"date":"2026-09-21","daynight":"D"}},{"type":"Feature","geometry":{"type":"Point","coordinates":[-87.98122,31.15429]},"properties":{"frp":6.7,"date":"2026-09-21","daynight":"D"}},{"type":"Feature","geometry":{"type":"Point","coordinates":[-86.45097,31.20691]},"properties":{"frp":7.72,"date":"2026-09-21","daynight":"D"}},{"type":"Feature","geometry":{"type":"Point","coordinates":[-86.4558,31.20955]},"properties":{"frp":7.72,"date":"2026-09-21","daynight":"D"}},{"type":"Feature","geometry":{"type":"Point","coordinates":[-86.45171,31.21022]},"properties":{"frp":7.72,"date":"2026-09-21","daynight":"D"}},{"type":"Feature","geometry":{"type":"Point","coordinates":[-91.99286,31.21106]},"properties":{"frp":8.06,"date":"2026-09-21","daynight":"D"}},{"type":"Feature","geometry":{"type":"Point","coordinates":[-85.96477,31.21111]},"properties":{"frp":32.0,"date":"2026-09-21","daynight":"D"}},{"type":"Feature","geometry":{"type":"Point","coordinates":[-91.9883,31.21202]},"properties":{"frp":8.06,"date":"2026-09-21","daynight":"D"}},{"type":"Feature","geometry":{"type":"Point","coordinates":[-83.70543,31.30672]},"properties":{"frp":6.11,"date":"2026-09-21","daynight":"D"}},{"type":"Feature","geometry":{"type":"Point","coordinates":[-83.69717,31.30788]},"properties":{"frp":3.38,"date":"2026-09-21","daynight":"D"}},{"type":"Feature","geometry":{"type":"Point","coordinates":[-90.51772,31.44187]},"properties":{"frp":8.15,"date":"2026-09-21","daynight":"D"}},{"type":"Feature","geometry":{"type":"Point","coordinates":[-90.51875,31.44572]},"properties":{"frp":20.09,"date":"2026-09-21","daynight":"D"}},{"type":"Feature","geometry":{"type":"Point","coordinates":[-82.43617,31.74459]},"properties":{"frp":15.61,"date":"2026-09-21","daynight":"D"}},{"type":"Feature","geometry":{"type":"Point","coordinates":[-87.43085,31.99688]},"properties":{"frp":37.15,"date":"2026-09-21","daynight":"D"}},{"type":"Feature","geometry":{"type":"Point","coordinates":[-87.43591,31.99952]},"properties":{"frp":4.87,"date":"2026-09-21","daynight":"D"}},{"type":"Feature","geometry":{"type":"Point","coordinates":[-87.43165,32.00025]},"properties":{"frp":4.87,"date":"2026-09-21","daynight":"D"}},{"type":"Feature","geometry":{"type":"Point","coordinates":[-91.50163,32.22391]},"properties":{"frp":11.2,"date":"2026-09-21","daynight":"D"}},{"type":"Feature","geometry":{"type":"Point","coordinates":[-91.49747,32.22475]},"properties":{"frp":6.2,"date":"2026-09-21","daynight":"D"}},{"type":"Feature","geometry":{"type":"Point","coordinates":[-91.4986,32.22873]},"properties":{"frp":6.2,"date":"2026-09-21","daynight":"D"}},{"type":"Feature","geometry":{"type":"Point","coordinates":[-90.38968,32.42025]},"properties":{"frp":10.33,"date":"2026-09-21","daynight":"D"}},{"type":"Feature","geometry":{"type":"Point","coordinates":[-82.54471,32.54927]},"properties":{"frp":6.26,"date":"2026-09-21","daynight":"D"}},{"type":"Feature","geometry":{"type":"Point","coordinates":[-82.54534,32.55276]},"properties":{"frp":1.99,"date":"2026-09-21","daynight":"D"}},{"type":"Feature","geometry":{"type":"Point","coordinates":[-91.31676,32.56656]},"properties":{"frp":5.52,"date":"2026-09-21","daynight":"D"}},{"type":"Feature","geometry":{"type":"Point","coordinates":[-91.32188,32.56966]},"properties":{"frp":22.91,"date":"2026-09-21","daynight":"D"}},{"type":"Feature","geometry":{"type":"Point","coordinates":[-91.31786,32.57047]},"properties":{"frp":5.52,"date":"2026-09-21","daynight":"D"}},{"type":"Feature","geometry":{"type":"Point","coordinates":[-85.36738,32.89742]},"properties":{"frp":187.38,"date":"2026-09-21","daynight":"D"}},{"type":"Feature","geometry":{"type":"Point","coordinates":[-85.37622,32.89946]},"properties":{"frp":33.27,"date":"2026-09-21","daynight":"D"}},{"type":"Feature","geometry":{"type":"Point","coordinates":[-85.37215,32.90008]},"properties":{"frp":187.38,"date":"2026-09-21","daynight":"D"}},{"type":"Feature","geometry":{"type":"Point","coordinates":[-85.37307,32.90362]},"properties":{"frp":9.44,"date":"2026-09-21","daynight":"D"}},{"type":"Feature","geometry":{"type":"Point","coordinates":[-85.369,32.90424]},"properties":{"frp":9.44,"date":"2026-09-21","daynight":"D"}},{"type":"Feature","geometry":{"type":"Point","coordinates":[-87.51073,33.22929]},"properties":{"frp":3.43,"date":"2026-09-21","daynight":"D"}},{"type":"Feature","geometry":{"type":"Point","coordinates":[-87.50725,33.23335]},"properties":{"frp":3.43,"date":"2026-09-21","daynight":"D"}},{"type":"Feature","geometry":{"type":"Point","coordinates":[-82.67485,33.27049]},"properties":{"frp":15.88,"date":"2026-09-21","daynight":"D"}},{"type":"Feature","geometry":{"type":"Point","coordinates":[-82.67022,33.2711]},"properties":{"frp":21.24,"date":"2026-09-21","daynight":"D"}},{"type":"Feature","geometry":{"type":"Point","coordinates":[-82.6755,33.27399]},"properties":{"frp":15.88,"date":"2026-09-21","daynight":"D"}},{"type":"Feature","geometry":{"type":"Point","coordinates":[-82.67088,33.27459]},"properties":{"frp":21.24,"date":"2026-09-21","daynight":"D"}},{"type":"Feature","geometry":{"type":"Point","coordinates":[-85.00058,33.35011]},"properties":{"frp":5.46,"date":"2026-09-21","daynight":"D"}},{"type":"Feature","geometry":{"type":"Point","coordinates":[-84.9896,33.35852]},"properties":{"frp":3.55,"date":"2026-09-21","daynight":"D"}},{"type":"Feature","geometry":{"type":"Point","coordinates":[-88.56865,33.43845]},"properties":{"frp":4.96,"date":"2026-09-21","daynight":"D"}},{"type":"Feature","geometry":{"type":"Point","coordinates":[-84.90564,33.5101]},"properties":{"frp":3.72,"date":"2026-09-21","daynight":"D"}},{"type":"Feature","geometry":{"type":"Point","coordinates":[-84.79805,34.2388]},"properties":{"frp":4.4,"date":"2026-09-21","daynight":"D"}},{"type":"Feature","geometry":{"type":"Point","coordinates":[-87.08401,34.63888]},"properties":{"frp":8.21,"date":"2026-09-21","daynight":"D"}},{"type":"Feature","geometry":{"type":"Point","coordinates":[-87.84405,34.73906]},"properties":{"frp":2.51,"date":"2026-09-21","daynight":"D"}},{"type":"Feature","geometry":{"type":"Point","coordinates":[-80.08209,35.12294]},"properties":{"frp":41.8,"date":"2026-09-21","daynight":"D"}},{"type":"Feature","geometry":{"type":"Point","coordinates":[-80.07773,35.12338]},"properties":{"frp":41.8,"date":"2026-09-21","daynight":"D"}},{"type":"Feature","geometry":{"type":"Point","coordinates":[-76.22566,35.82724]},"properties":{"frp":3.78,"date":"2026-09-21","daynight":"D"}},{"type":"Feature","geometry":{"type":"Point","coordinates":[-76.22203,35.8275]},"properties":{"frp":3.78,"date":"2026-09-21","daynight":"D"}},{"type":"Feature","geometry":{"type":"Point","coordinates":[-76.22982,35.83207]},"properties":{"frp":4.8,"date":"2026-09-21","daynight":"D"}},{"type":"Feature","geometry":{"type":"Point","coordinates":[-76.2497,35.83897]},"properties":{"frp":3.04,"date":"2026-09-21","daynight":"D"}},{"type":"Feature","geometry":{"type":"Point","coordinates":[-76.24603,35.83922]},"properties":{"frp":3.04,"date":"2026-09-21","daynight":"D"}},{"type":"Feature","geometry":{"type":"Point","coordinates":[-76.24908,35.84093]},"properties":{"frp":5.82,"date":"2026-09-21","daynight":"D"}},{"type":"Feature","geometry":{"type":"Point","coordinates":[-100.9971,33.14799]},"properties":{"frp":9.07,"date":"2026-09-21","daynight":"D"}},{"type":"Feature","geometry":{"type":"Point","coordinates":[-100.99049,33.14993]},"properties":{"frp":9.5,"date":"2026-09-21","daynight":"D"}},{"type":"Feature","geometry":{"type":"Point","coordinates":[-100.9915,33.15094]},"properties":{"frp":13.39,"date":"2026-09-21","daynight":"D"}},{"type":"Feature","geometry":{"type":"Point","coordinates":[-91.95308,34.4048]},"properties":{"frp":5.92,"date":"2026-09-21","daynight":"D"}},{"type":"Feature","geometry":{"type":"Point","coordinates":[-91.94902,34.40564]},"properties":{"frp":10.24,"date":"2026-09-21","daynight":"D"}},{"type":"Feature","geometry":{"type":"Point","coordinates":[-92.66365,34.40588]},"properties":{"frp":60.12,"date":"2026-09-21","daynight":"D"}},{"type":"Feature","geometry":{"type":"Point","coordinates":[-91.94495,34.40647]},"properties":{"frp":10.24,"date":"2026-09-21","daynight":"D"}},{"type":"Feature","geometry":{"type":"Point","coordinates":[-91.95425,34.4087]},"properties":{"frp":5.92,"date":"2026-09-21","daynight":"D"}},{"type":"Feature","geometry":{"type":"Point","coordinates":[-91.95018,34.40954]},"properties":{"frp":10.24,"date":"2026-09-21","daynight":"D"}},{"type":"Feature","geometry":{"type":"Point","coordinates":[-92.66489,34.40993]},"properties":{"frp":9.98,"date":"2026-09-21","daynight":"D"}},{"type":"Feature","geometry":{"type":"Point","coordinates":[-90.78521,35.3784]},"properties":{"frp":64.68,"date":"2026-09-21","daynight":"D"}},{"type":"Feature","geometry":{"type":"Point","coordinates":[-90.78625,35.38204]},"properties":{"frp":64.68,"date":"2026-09-21","daynight":"D"}},{"type":"Feature","geometry":{"type":"Point","coordinates":[-90.59847,35.52452]},"properties":{"frp":21.29,"date":"2026-09-21","daynight":"D"}},{"type":"Feature","geometry":{"type":"Point","coordinates":[-90.59331,35.52551]},"properties":{"frp":21.29,"date":"2026-09-21","daynight":"D"}},{"type":"Feature","geometry":{"type":"Point","coordinates":[-90.59949,35.52811]},"properties":{"frp":21.29,"date":"2026-09-21","daynight":"D"}},{"type":"Feature","geometry":{"type":"Point","coordinates":[-89.79202,36.78604]},"properties":{"frp":6.6,"date":"2026-09-21","daynight":"D"}},{"type":"Feature","geometry":{"type":"Point","coordinates":[-89.79771,36.78862]},"properties":{"frp":15.33,"date":"2026-09-21","daynight":"D"}},{"type":"Feature","geometry":{"type":"Point","coordinates":[-89.79298,36.78948]},"properties":{"frp":15.33,"date":"2026-09-21","daynight":"D"}},{"type":"Feature","geometry":{"type":"Point","coordinates":[-89.61369,36.9889]},"properties":{"frp":19.85,"date":"2026-09-21","daynight":"D"}},{"type":"Feature","geometry":{"type":"Point","coordinates":[-89.60902,36.98972]},"properties":{"frp":19.85,"date":"2026-09-21","daynight":"D"}},{"type":"Feature","geometry":{"type":"Point","coordinates":[-89.61464,36.9923]},"properties":{"frp":19.85,"date":"2026-09-21","daynight":"D"}},{"type":"Feature","geometry":{"type":"Point","coordinates":[-89.60996,36.99313]},"properties":{"frp":19.85,"date":"2026-09-21","daynight":"D"}},{"type":"Feature","geometry":{"type":"Point","coordinates":[-87.13992,41.63531]},"properties":{"frp":3.17,"date":"2026-09-21","daynight":"D"}},{"type":"Feature","geometry":{"type":"Point","coordinates":[-87.13528,41.63597]},"properties":{"frp":5.26,"date":"2026-09-21","daynight":"D"}},{"type":"Feature","geometry":{"type":"Point","coordinates":[-87.14075,41.63861]},"properties":{"frp":3.17,"date":"2026-09-21","daynight":"D"}},{"type":"Feature","geometry":{"type":"Point","coordinates":[-87.14159,41.64191]},"properties":{"frp":2.36,"date":"2026-09-21","daynight":"D"}},{"type":"Feature","geometry":{"type":"Point","coordinates":[-87.13695,41.64258]},"properties":{"frp":3.22,"date":"2026-09-21","daynight":"D"}},{"type":"Feature","geometry":{"type":"Point","coordinates":[-98.45315,47.08533]},"properties":{"frp":4.56,"date":"2026-09-21","daynight":"D"}},{"type":"Feature","geometry":{"type":"Point","coordinates":[-98.44796,47.08652]},"properties":{"frp":9.47,"date":"2026-09-21","daynight":"D"}},{"type":"Feature","geometry":{"type":"Point","coordinates":[-98.94177,47.48859]},"properties":{"frp":4.29,"date":"2026-09-21","daynight":"D"}},{"type":"Feature","geometry":{"type":"Point","coordinates":[-98.9438,47.49256]},"properties":{"frp":3.54,"date":"2026-09-21","daynight":"D"}},{"type":"Feature","geometry":{"type":"Point","coordinates":[-94.38149,48.20193]},"properties":{"frp":12.81,"date":"2026-09-21","daynight":"D"}},{"type":"Feature","geometry":{"type":"Point","coordinates":[-94.38291,48.2053]},"properties":{"frp":5.04,"date":"2026-09-21","daynight":"D"}},{"type":"Feature","geometry":{"type":"Point","coordinates":[-97.67307,26.77151]},"properties":{"frp":6.53,"date":"2026-09-21","daynight":"D"}},{"type":"Feature","geometry":{"type":"Point","coordinates":[-97.67274,26.77654]},"properties":{"frp":2.66,"date":"2026-09-21","daynight":"D"}},{"type":"Feature","geometry":{"type":"Point","coordinates":[-99.24218,29.44946]},"properties":{"frp":6.17,"date":"2026-09-21","daynight":"D"}},{"type":"Feature","geometry":{"type":"Point","coordinates":[-99.24265,29.45495]},"properties":{"frp":6.17,"date":"2026-09-21","daynight":"D"}},{"type":"Feature","geometry":{"type":"Point","coordinates":[-97.32056,31.30539]},"properties":{"frp":9.56,"date":"2026-09-21","daynight":"D"}},{"type":"Feature","geometry":{"type":"Point","coordinates":[-97.31487,31.30568]},"properties":{"frp":9.56,"date":"2026-09-21","daynight":"D"}},{"type":"Feature","geometry":{"type":"Point","coordinates":[-97.31681,31.30705]},"properties":{"frp":17.04,"date":"2026-09-21","daynight":"D"}},{"type":"Feature","geometry":{"type":"Point","coordinates":[-110.86337,33.41742]},"properties":{"frp":2.44,"date":"2026-09-21","daynight":"D"}},{"type":"Feature","geometry":{"type":"Point","coordinates":[-121.66556,39.08794]},"properties":{"frp":9.08,"date":"2026-09-21","daynight":"D"}},{"type":"Feature","geometry":{"type":"Point","coordinates":[-121.66383,39.0904]},"properties":{"frp":4.83,"date":"2026-09-21","daynight":"D"}},{"type":"Feature","geometry":{"type":"Point","coordinates":[-121.67627,39.42901]},"properties":{"frp":13.08,"date":"2026-09-21","daynight":"D"}},{"type":"Feature","geometry":{"type":"Point","coordinates":[-121.67083,39.42912]},"properties":{"frp":18.88,"date":"2026-09-21","daynight":"D"}},{"type":"Feature","geometry":{"type":"Point","coordinates":[-121.67029,39.43079]},"properties":{"frp":26.17,"date":"2026-09-21","daynight":"D"}},{"type":"Feature","geometry":{"type":"Point","coordinates":[-122.03316,39.434]},"properties":{"frp":9.51,"date":"2026-09-21","daynight":"D"}},{"type":"Feature","geometry":{"type":"Point","coordinates":[-122.0349,39.4384]},"properties":{"frp":9.51,"date":"2026-09-21","daynight":"D"}},{"type":"Feature","geometry":{"type":"Point","coordinates":[-122.03664,39.44281]},"properties":{"frp":5.81,"date":"2026-09-21","daynight":"D"}},{"type":"Feature","geometry":{"type":"Point","coordinates":[-122.04031,39.44761]},"properties":{"frp":6.85,"date":"2026-09-21","daynight":"D"}},{"type":"Feature","geometry":{"type":"Point","coordinates":[-122.04012,39.45162]},"properties":{"frp":5.21,"date":"2026-09-21","daynight":"D"}},{"type":"Feature","geometry":{"type":"Point","coordinates":[-98.21777,47.18756]},"properties":{"frp":7.44,"date":"2026-09-21","daynight":"D"}},{"type":"Feature","geometry":{"type":"Point","coordinates":[-121.02039,45.85106]},"properties":{"frp":10.76,"date":"2026-09-21","daynight":"D"}},{"type":"Feature","geometry":{"type":"Point","coordinates":[-121.02197,45.85469]},"properties":{"frp":10.76,"date":"2026-09-21","daynight":"D"}},{"type":"Feature","geometry":{"type":"Point","coordinates":[-121.01552,45.85604]},"properties":{"frp":10.76,"date":"2026-09-21","daynight":"D"}},{"type":"Feature","geometry":{"type":"Point","coordinates":[-116.36782,46.20843]},"properties":{"frp":4.09,"date":"2026-09-21","daynight":"D"}},{"type":"Feature","geometry":{"type":"Point","coordinates":[-116.3629,46.20924]},"properties":{"frp":2.16,"date":"2026-09-21","daynight":"D"}},{"type":"Feature","geometry":{"type":"Point","coordinates":[-116.36893,46.21169]},"properties":{"frp":4.59,"date":"2026-09-21","daynight":"D"}},{"type":"Feature","geometry":{"type":"Point","coordinates":[-116.36401,46.21249]},"properties":{"frp":5.32,"date":"2026-09-21","daynight":"D"}},{"type":"Feature","geometry":{"type":"Point","coordinates":[-116.36513,46.21575]},"properties":{"frp":5.32,"date":"2026-09-21","daynight":"D"}},{"type":"Feature","geometry":{"type":"Point","coordinates":[-117.0893,46.82465]},"properties":{"frp":54.81,"date":"2026-09-21","daynight":"D"}},{"type":"Feature","geometry":{"type":"Point","coordinates":[-117.10053,46.82623]},"properties":{"frp":4.23,"date":"2026-09-21","daynight":"D"}},{"type":"Feature","geometry":{"type":"Point","coordinates":[-117.09549,46.82707]},"properties":{"frp":62.9,"date":"2026-09-21","daynight":"D"}},{"type":"Feature","geometry":{"type":"Point","coordinates":[-117.06533,46.83213]},"properties":{"frp":12.42,"date":"2026-09-21","daynight":"D"}},{"type":"Feature","geometry":{"type":"Point","coordinates":[-117.08156,46.83287]},"properties":{"frp":41.38,"date":"2026-09-21","daynight":"D"}},{"type":"Feature","geometry":{"type":"Point","coordinates":[-117.07653,46.83371]},"properties":{"frp":5.0,"date":"2026-09-21","daynight":"D"}},{"type":"Feature","geometry":{"type":"Point","coordinates":[-117.07152,46.83456]},"properties":{"frp":5.0,"date":"2026-09-21","daynight":"D"}},{"type":"Feature","geometry":{"type":"Point","coordinates":[-117.07268,46.83782]},"properties":{"frp":4.04,"date":"2026-09-21","daynight":"D"}},{"type":"Feature","geometry":{"type":"Point","coordinates":[-117.66821,46.8851]},"properties":{"frp":8.64,"date":"2026-09-21","daynight":"D"}},{"type":"Feature","geometry":{"type":"Point","coordinates":[-117.66307,46.88599]},"properties":{"frp":4.81,"date":"2026-09-21","daynight":"D"}},{"type":"Feature","geometry":{"type":"Point","coordinates":[-117.65799,46.88686]},"properties":{"frp":4.81,"date":"2026-09-21","daynight":"D"}},{"type":"Feature","geometry":{"type":"Point","coordinates":[-117.66427,46.88927]},"properties":{"frp":3.62,"date":"2026-09-21","daynight":"D"}},{"type":"Feature","geometry":{"type":"Point","coordinates":[-117.25551,46.98304]},"properties":{"frp":11.66,"date":"2026-09-21","daynight":"D"}},{"type":"Feature","geometry":{"type":"Point","coordinates":[-117.25341,46.98612]},"properties":{"frp":11.8,"date":"2026-09-21","daynight":"D"}},{"type":"Feature","geometry":{"type":"Point","coordinates":[-117.25459,46.98938]},"properties":{"frp":11.8,"date":"2026-09-21","daynight":"D"}},{"type":"Feature","geometry":{"type":"Point","coordinates":[-117.24953,46.99024]},"properties":{"frp":11.8,"date":"2026-09-21","daynight":"D"}},{"type":"Feature","geometry":{"type":"Point","coordinates":[-117.24448,46.99109]},"properties":{"frp":3.32,"date":"2026-09-21","daynight":"D"}},{"type":"Feature","geometry":{"type":"Point","coordinates":[-117.25577,46.99265]},"properties":{"frp":91.78,"date":"2026-09-21","daynight":"D"}},{"type":"Feature","geometry":{"type":"Point","coordinates":[-117.25072,46.99351]},"properties":{"frp":91.78,"date":"2026-09-21","daynight":"D"}},{"type":"Feature","geometry":{"type":"Point","coordinates":[-117.25696,46.99592]},"properties":{"frp":91.78,"date":"2026-09-21","daynight":"D"}},{"type":"Feature","geometry":{"type":"Point","coordinates":[-117.26319,46.99834]},"properties":{"frp":5.42,"date":"2026-09-21","daynight":"D"}},{"type":"Feature","geometry":{"type":"Point","coordinates":[-115.78131,47.17911]},"properties":{"frp":19.4,"date":"2026-09-21","daynight":"D"}},{"type":"Feature","geometry":{"type":"Point","coordinates":[-115.78736,47.18159]},"properties":{"frp":34.0,"date":"2026-09-21","daynight":"D"}},{"type":"Feature","geometry":{"type":"Point","coordinates":[-98.21624,47.18798]},"properties":{"frp":7.45,"date":"2026-09-21","daynight":"D"}},{"type":"Feature","geometry":{"type":"Point","coordinates":[-98.21535,47.18878]},"properties":{"frp":5.25,"date":"2026-09-21","daynight":"D"}},{"type":"Feature","geometry":{"type":"Point","coordinates":[-121.21777,47.47915]},"properties":{"frp":6.77,"date":"2026-09-21","daynight":"D"}},{"type":"Feature","geometry":{"type":"Point","coordinates":[-121.21068,47.48061]},"properties":{"frp":6.77,"date":"2026-09-21","daynight":"D"}},{"type":"Feature","geometry":{"type":"Point","coordinates":[-120.84029,48.34526]},"properties":{"frp":5.71,"date":"2026-09-21","daynight":"D"}},{"type":"Feature","geometry":{"type":"Point","coordinates":[-120.8348,48.34634]},"properties":{"frp":5.71,"date":"2026-09-21","daynight":"D"}},{"type":"Feature","geometry":{"type":"Point","coordinates":[-123.76759,48.48631]},"properties":{"frp":4.45,"date":"2026-09-21","daynight":"D"}},{"type":"Feature","geometry":{"type":"Point","coordinates":[-123.76912,48.49018]},"properties":{"frp":105.33,"date":"2026-09-21","daynight":"D"}},{"type":"Feature","geometry":{"type":"Point","coordinates":[-123.76167,48.49184]},"properties":{"frp":46.33,"date":"2026-09-21","daynight":"D"}},{"type":"Feature","geometry":{"type":"Point","coordinates":[-123.77007,48.49292]},"properties":{"frp":122.76,"date":"2026-09-21","daynight":"D"}},{"type":"Feature","geometry":{"type":"Point","coordinates":[-123.77052,48.49409]},"properties":{"frp":105.33,"date":"2026-09-21","daynight":"D"}},{"type":"Feature","geometry":{"type":"Point","coordinates":[-114.84023,48.72197]},"properties":{"frp":4.64,"date":"2026-09-21","daynight":"D"}},{"type":"Feature","geometry":{"type":"Point","coordinates":[-114.84653,48.72453]},"properties":{"frp":4.64,"date":"2026-09-21","daynight":"D"}},{"type":"Feature","geometry":{"type":"Point","coordinates":[-114.84127,48.72527]},"properties":{"frp":4.64,"date":"2026-09-21","daynight":"D"}},{"type":"Feature","geometry":{"type":"Point","coordinates":[-121.14563,48.78041]},"properties":{"frp":44.94,"date":"2026-09-21","daynight":"D"}},{"type":"Feature","geometry":{"type":"Point","coordinates":[-121.14754,48.78379]},"properties":{"frp":13.66,"date":"2026-09-21","daynight":"D"}},{"type":"Feature","geometry":{"type":"Point","coordinates":[-121.14208,48.78487]},"properties":{"frp":13.66,"date":"2026-09-21","daynight":"D"}},{"type":"Feature","geometry":{"type":"Point","coordinates":[-97.31304,49.37034]},"properties":{"frp":4.48,"date":"2026-09-21","daynight":"D"}},{"type":"Feature","geometry":{"type":"Point","coordinates":[-97.31124,49.37074]},"properties":{"frp":4.48,"date":"2026-09-21","daynight":"D"}},{"type":"Feature","geometry":{"type":"Point","coordinates":[-97.31606,49.37584]},"properties":{"frp":7.72,"date":"2026-09-21","daynight":"D"}},{"type":"Feature","geometry":{"type":"Point","coordinates":[-97.31425,49.37624]},"properties":{"frp":7.73,"date":"2026-09-21","daynight":"D"}},{"type":"Feature","geometry":{"type":"Point","coordinates":[-118.06805,49.44061]},"properties":{"frp":12.33,"date":"2026-09-21","daynight":"D"}},{"type":"Feature","geometry":{"type":"Point","coordinates":[-118.06257,49.44152]},"properties":{"frp":5.54,"date":"2026-09-21","daynight":"D"}},{"type":"Feature","geometry":{"type":"Point","coordinates":[-118.06924,49.44388]},"properties":{"frp":12.33,"date":"2026-09-21","daynight":"D"}},{"type":"Feature","geometry":{"type":"Point","coordinates":[-124.65222,49.1175]},"properties":{"frp":6.34,"date":"2026-09-21","daynight":"D"}},{"type":"Feature","geometry":{"type":"Point","coordinates":[-121.54316,49.85987]},"properties":{"frp":3.59,"date":"2026-09-21","daynight":"D"}},{"type":"Feature","geometry":{"type":"Point","coordinates":[-121.54207,49.86097]},"properties":{"frp":3.98,"date":"2026-09-21","daynight":"D"}},{"type":"Feature","geometry":{"type":"Point","coordinates":[-123.75951,48.48344]},"properties":{"frp":78.78,"date":"2026-09-21","daynight":"D"}},{"type":"Feature","geometry":{"type":"Point","coordinates":[-123.76884,48.48345]},"properties":{"frp":78.78,"date":"2026-09-21","daynight":"D"}},{"type":"Feature","geometry":{"type":"Point","coordinates":[-123.75163,48.48992]},"properties":{"frp":71.69,"date":"2026-09-21","daynight":"D"}},{"type":"Feature","geometry":{"type":"Point","coordinates":[-123.77014,48.48994]},"properties":{"frp":78.78,"date":"2026-09-21","daynight":"D"}},{"type":"Feature","geometry":{"type":"Point","coordinates":[-123.77793,48.48996]},"properties":{"frp":20.9,"date":"2026-09-21","daynight":"D"}},{"type":"Feature","geometry":{"type":"Point","coordinates":[-121.1621,48.779]},"properties":{"frp":202.57,"date":"2026-09-21","daynight":"D"}},{"type":"Feature","geometry":{"type":"Point","coordinates":[-121.12944,48.78543]},"properties":{"frp":36.71,"date":"2026-09-21","daynight":"D"}},{"type":"Feature","geometry":{"type":"Point","coordinates":[-121.14848,48.78589]},"properties":{"frp":46.25,"date":"2026-09-21","daynight":"D"}},{"type":"Feature","geometry":{"type":"Point","coordinates":[-121.11102,48.79221]},"properties":{"frp":36.71,"date":"2026-09-21","daynight":"D"}},{"type":"Feature","geometry":{"type":"Point","coordinates":[-121.19276,48.79415]},"properties":{"frp":15.75,"date":"2026-09-21","daynight":"D"}},{"type":"Feature","geometry":{"type":"Point","coordinates":[-121.12857,48.80708]},"properties":{"frp":27.86,"date":"2026-09-21","daynight":"D"}},{"type":"Feature","geometry":{"type":"Point","coordinates":[-121.13799,48.8073]},"properties":{"frp":27.86,"date":"2026-09-21","daynight":"D"}},{"type":"Feature","geometry":{"type":"Point","coordinates":[-121.13115,48.80884]},"properties":{"frp":52.49,"date":"2026-09-21","daynight":"D"}},{"type":"Feature","geometry":{"type":"Point","coordinates":[-121.14058,48.8091]},"properties":{"frp":33.17,"date":"2026-09-21","daynight":"D"}},{"type":"Feature","geometry":{"type":"Point","coordinates":[-124.54324,49.02583]},"properties":{"frp":4.92,"date":"2026-09-21","daynight":"D"}},{"type":"Feature","geometry":{"type":"Point","coordinates":[-121.0795,49.08502]},"properties":{"frp":4.94,"date":"2026-09-21","daynight":"D"}},{"type":"Feature","geometry":{"type":"Point","coordinates":[-124.65573,49.11657]},"properties":{"frp":10.78,"date":"2026-09-21","daynight":"D"}},{"type":"Feature","geometry":{"type":"Point","coordinates":[-124.65023,49.11659]},"properties":{"frp":10.41,"date":"2026-09-21","daynight":"D"}},{"type":"Feature","geometry":{"type":"Point","coordinates":[-121.24335,49.68876]},"properties":{"frp":29.07,"date":"2026-09-21","daynight":"D"}},{"type":"Feature","geometry":{"type":"Point","coordinates":[-121.24874,49.6911]},"properties":{"frp":22.26,"date":"2026-09-21","daynight":"D"}},{"type":"Feature","geometry":{"type":"Point","coordinates":[-123.75796,48.48385]},"properties":{"frp":78.79,"date":"2026-09-21","daynight":"D"}},{"type":"Feature","geometry":{"type":"Point","coordinates":[-123.76701,48.48386]},"properties":{"frp":78.79,"date":"2026-09-21","daynight":"D"}},{"type":"Feature","geometry":{"type":"Point","coordinates":[-123.74899,48.49033]},"properties":{"frp":71.7,"date":"2026-09-21","daynight":"D"}},{"type":"Feature","geometry":{"type":"Point","coordinates":[-123.76878,48.49036]},"properties":{"frp":78.79,"date":"2026-09-21","daynight":"D"}},{"type":"Feature","geometry":{"type":"Point","coordinates":[-123.77655,48.49037]},"properties":{"frp":20.91,"date":"2026-09-21","daynight":"D"}},{"type":"Feature","geometry":{"type":"Point","coordinates":[-121.15427,48.77925]},"properties":{"frp":202.58,"date":"2026-09-21","daynight":"D"}},{"type":"Feature","geometry":{"type":"Point","coordinates":[-121.12782,48.78583]},"properties":{"frp":36.71,"date":"2026-09-21","daynight":"D"}},{"type":"Feature","geometry":{"type":"Point","coordinates":[-121.14563,48.78626]},"properties":{"frp":46.25,"date":"2026-09-21","daynight":"D"}},{"type":"Feature","geometry":{"type":"Point","coordinates":[-121.10336,48.79247]},"properties":{"frp":36.71,"date":"2026-09-21","daynight":"D"}},{"type":"Feature","geometry":{"type":"Point","coordinates":[-121.19115,48.79454]},"properties":{"frp":15.76,"date":"2026-09-21","daynight":"D"}},{"type":"Feature","geometry":{"type":"Point","coordinates":[-121.12733,48.80748]},"properties":{"frp":27.86,"date":"2026-09-21","daynight":"D"}},{"type":"Feature","geometry":{"type":"Point","coordinates":[-121.1368,48.8077]},"properties":{"frp":27.86,"date":"2026-09-21","daynight":"D"}},{"type":"Feature","geometry":{"type":"Point","coordinates":[-121.13016,48.80925]},"properties":{"frp":52.49,"date":"2026-09-21","daynight":"D"}},{"type":"Feature","geometry":{"type":"Point","coordinates":[-121.13921,48.8095]},"properties":{"frp":33.18,"date":"2026-09-21","daynight":"D"}},{"type":"Feature","geometry":{"type":"Point","coordinates":[-124.54238,49.02625]},"properties":{"frp":4.92,"date":"2026-09-21","daynight":"D"}},{"type":"Feature","geometry":{"type":"Point","coordinates":[-121.0783,49.08542]},"properties":{"frp":4.95,"date":"2026-09-21","daynight":"D"}},{"type":"Feature","geometry":{"type":"Point","coordinates":[-124.65494,49.11698]},"properties":{"frp":10.79,"date":"2026-09-21","daynight":"D"}},{"type":"Feature","geometry":{"type":"Point","coordinates":[-124.64949,49.117]},"properties":{"frp":10.42,"date":"2026-09-21","daynight":"D"}},{"type":"Feature","geometry":{"type":"Point","coordinates":[-121.24223,49.68916]},"properties":{"frp":29.08,"date":"2026-09-21","daynight":"D"}},{"type":"Feature","geometry":{"type":"Point","coordinates":[-121.24739,49.6915]},"properties":{"frp":22.26,"date":"2026-09-21","daynight":"D"}},{"type":"Feature","geometry":{"type":"Point","coordinates":[-121.50635,49.8502]},"properties":{"frp":18.76,"date":"2026-09-21","daynight":"D"}},{"type":"Feature","geometry":{"type":"Point","coordinates":[-121.50545,49.85061]},"properties":{"frp":18.76,"date":"2026-09-21","daynight":"D"}},{"type":"Feature","geometry":{"type":"Point","coordinates":[-121.53082,49.85076]},"properties":{"frp":6.12,"date":"2026-09-21","daynight":"D"}},{"type":"Feature","geometry":{"type":"Point","coordinates":[-121.53001,49.85117]},"properties":{"frp":6.13,"date":"2026-09-21","daynight":"D"}},{"type":"Feature","geometry":{"type":"Point","coordinates":[-121.50748,49.85345]},"properties":{"frp":12.56,"date":"2026-09-21","daynight":"D"}},{"type":"Feature","geometry":{"type":"Point","coordinates":[-121.50664,49.85386]},"properties":{"frp":12.57,"date":"2026-09-21","daynight":"D"}},{"type":"Feature","geometry":{"type":"Point","coordinates":[-121.52411,49.8539]},"properties":{"frp":9.84,"date":"2026-09-21","daynight":"D"}},{"type":"Feature","geometry":{"type":"Point","coordinates":[-121.51323,49.85404]},"properties":{"frp":9.84,"date":"2026-09-21","daynight":"D"}}]}