{"type":"FeatureCollection","features":[{"type":"Feature","geometry":{"type":"Point","coordinates":[-73.01238,45.11178]},"properties":{"frp":0.99,"date":"2026-08-23","daynight":"N"}},{"type":"Feature","geometry":{"type":"Point","coordinates":[-73.01221,45.11249]},"properties":{"frp":1.16,"date":"2026-08-23","daynight":"N"}},{"type":"Feature","geometry":{"type":"Point","coordinates":[-80.85201,25.51489]},"properties":{"frp":2.68,"date":"2026-08-23","daynight":"N"}},{"type":"Feature","geometry":{"type":"Point","coordinates":[-80.85252,25.51981]},"properties":{"frp":2.04,"date":"2026-08-23","daynight":"N"}},{"type":"Feature","geometry":{"type":"Point","coordinates":[-80.80357,25.54101]},"properties":{"frp":2.24,"date":"2026-08-23","daynight":"N"}},{"type":"Feature","geometry":{"type":"Point","coordinates":[-80.55202,25.923]},"properties":{"frp":2.49,"date":"2026-08-23","daynight":"N"}},{"type":"Feature","geometry":{"type":"Point","coordinates":[-77.23331,25.95848]},"properties":{"frp":0.89,"date":"2026-08-23","daynight":"N"}},{"type":"Feature","geometry":{"type":"Point","coordinates":[-77.25798,25.97674]},"properties":{"frp":0.61,"date":"2026-08-23","daynight":"N"}},{"type":"Feature","geometry":{"type":"Point","coordinates":[-77.25461,25.97793]},"properties":{"frp":0.68,"date":"2026-08-23","daynight":"N"}},{"type":"Feature","geometry":{"type":"Point","coordinates":[-77.26199,25.98295]},"properties":{"frp":0.61,"date":"2026-08-23","daynight":"N"}},{"type":"Feature","geometry":{"type":"Point","coordinates":[-77.25864,25.98418]},"properties":{"frp":0.68,"date":"2026-08-23","daynight":"N"}},{"type":"Feature","geometry":{"type":"Point","coordinates":[-77.26138,25.98883]},"properties":{"frp":0.27,"date":"2026-08-23","daynight":"N"}},{"type":"Feature","geometry":{"type":"Point","coordinates":[-80.10201,42.80194]},"properties":{"frp":3.88,"date":"2026-08-23","daynight":"N"}},{"type":"Feature","geometry":{"type":"Point","coordinates":[-80.0949,42.80218]},"properties":{"frp":0.67,"date":"2026-08-23","daynight":"N"}},{"type":"Feature","geometry":{"type":"Point","coordinates":[-80.1012,42.80354]},"properties":{"frp":2.5,"date":"2026-08-23","daynight":"N"}},{"type":"Feature","geometry":{"type":"Point","coordinates":[-80.10055,42.80568]},"properties":{"frp":2.07,"date":"2026-08-23","daynight":"N"}},{"type":"Feature","geometry":{"type":"Point","coordinates":[-80.09344,42.80592]},"properties":{"frp":0.67,"date":"2026-08-23","daynight":"N"}},{"type":"Feature","geometry":{"type":"Point","coordinates":[-80.09975,42.80728]},"properties":{"frp":2.5,"date":"2026-08-23","daynight":"N"}},{"type":"Feature","geometry":{"type":"Point","coordinates":[-80.09908,42.80943]},"properties":{"frp":2.07,"date":"2026-08-23","daynight":"N"}},{"type":"Feature","geometry":{"type":"Point","coordinates":[-80.09828,42.81103]},"properties":{"frp":1.02,"date":"2026-08-23","daynight":"N"}},{"type":"Feature","geometry":{"type":"Point","coordinates":[-80.09762,42.81317]},"properties":{"frp":2.26,"date":"2026-08-23","daynight":"N"}},{"type":"Feature","geometry":{"type":"Point","coordinates":[-80.09682,42.81477]},"properties":{"frp":1.02,"date":"2026-08-23","daynight":"N"}},{"type":"Feature","geometry":{"type":"Point","coordinates":[-82.41432,42.94432]},"properties":{"frp":0.71,"date":"2026-08-23","daynight":"N"}},{"type":"Feature","geometry":{"type":"Point","coordinates":[-82.41759,42.94462]},"properties":{"frp":0.68,"date":"2026-08-23","daynight":"N"}},{"type":"Feature","geometry":{"type":"Point","coordinates":[-82.41833,42.94875]},"properties":{"frp":0.71,"date":"2026-08-23","daynight":"N"}},{"type":"Feature","geometry":{"type":"Point","coordinates":[-82.4216,42.94907]},"properties":{"frp":0.68,"date":"2026-08-23","daynight":"N"}},{"type":"Feature","geometry":{"type":"Point","coordinates":[-80.8549,43.06881]},"properties":{"frp":1.42,"date":"2026-08-23","daynight":"N"}},{"type":"Feature","geometry":{"type":"Point","coordinates":[-79.80621,43.26206]},"properties":{"frp":1.28,"date":"2026-08-23","daynight":"N"}},{"type":"Feature","geometry":{"type":"Point","coordinates":[-79.8047,43.26581]},"properties":{"frp":1.2,"date":"2026-08-23","daynight":"N"}},{"type":"Feature","geometry":{"type":"Point","coordinates":[-79.80318,43.26956]},"properties":{"frp":1.2,"date":"2026-08-23","daynight":"N"}},{"type":"Feature","geometry":{"type":"Point","coordinates":[-79.80962,43.27094]},"properties":{"frp":1.2,"date":"2026-08-23","daynight":"N"}},{"type":"Feature","geometry":{"type":"Point","coordinates":[-79.79523,43.27194]},"properties":{"frp":2.82,"date":"2026-08-23","daynight":"N"}},{"type":"Feature","geometry":{"type":"Point","coordinates":[-79.80167,43.27331]},"properties":{"frp":1.92,"date":"2026-08-23","daynight":"N"}},{"type":"Feature","geometry":{"type":"Point","coordinates":[-79.79371,43.27569]},"properties":{"frp":2.82,"date":"2026-08-23","daynight":"N"}},{"type":"Feature","geometry":{"type":"Point","coordinates":[-79.98215,43.29142]},"properties":{"frp":0.6,"date":"2026-08-23","daynight":"N"}},{"type":"Feature","geometry":{"type":"Point","coordinates":[-79.98847,43.29276]},"properties":{"frp":0.92,"date":"2026-08-23","daynight":"N"}},{"type":"Feature","geometry":{"type":"Point","coordinates":[-83.40387,45.07238]},"properties":{"frp":2.26,"date":"2026-08-23","daynight":"N"}},{"type":"Feature","geometry":{"type":"Point","coordinates":[-73.01237,45.11066]},"properties":{"frp":1.05,"date":"2026-08-23","daynight":"N"}},{"type":"Feature","geometry":{"type":"Point","coordinates":[-92.07501,46.73246]},"properties":{"frp":1.11,"date":"2026-08-23","daynight":"N"}},{"type":"Feature","geometry":{"type":"Point","coordinates":[-92.08028,46.73294]},"properties":{"frp":1.11,"date":"2026-08-23","daynight":"N"}},{"type":"Feature","geometry":{"type":"Point","coordinates":[-102.91394,48.09586]},"properties":{"frp":1.52,"date":"2026-08-23","daynight":"N"}},{"type":"Feature","geometry":{"type":"Point","coordinates":[-103.35983,48.57623]},"properties":{"frp":1.8,"date":"2026-08-23","daynight":"N"}},{"type":"Feature","geometry":{"type":"Point","coordinates":[-103.40958,48.58935]},"properties":{"frp":0.76,"date":"2026-08-23","daynight":"N"}},{"type":"Feature","geometry":{"type":"Point","coordinates":[-103.31241,48.63252]},"properties":{"frp":1.07,"date":"2026-08-23","daynight":"N"}},{"type":"Feature","geometry":{"type":"Point","coordinates":[-103.28204,48.76353]},"properties":{"frp":0.54,"date":"2026-08-23","daynight":"N"}},{"type":"Feature","geometry":{"type":"Point","coordinates":[-80.82246,36.61964]},"properties":{"frp":0.67,"date":"2026-08-23","daynight":"N"}},{"type":"Feature","geometry":{"type":"Point","coordinates":[-82.04202,37.23326]},"properties":{"frp":2.01,"date":"2026-08-23","daynight":"N"}},{"type":"Feature","geometry":{"type":"Point","coordinates":[-82.03464,37.23584]},"properties":{"frp":2.01,"date":"2026-08-23","daynight":"N"}},{"type":"Feature","geometry":{"type":"Point","coordinates":[-82.04021,37.23649]},"properties":{"frp":1.07,"date":"2026-08-23","daynight":"N"}},{"type":"Feature","geometry":{"type":"Point","coordinates":[-90.0786,37.96892]},"properties":{"frp":1.82,"date":"2026-08-23","daynight":"N"}},{"type":"Feature","geometry":{"type":"Point","coordinates":[-90.0678,37.97445]},"properties":{"frp":1.66,"date":"2026-08-23","daynight":"N"}},{"type":"Feature","geometry":{"type":"Point","coordinates":[-86.14225,38.00541]},"properties":{"frp":1.45,"date":"2026-08-23","daynight":"N"}},{"type":"Feature","geometry":{"type":"Point","coordinates":[-90.08169,38.00735]},"properties":{"frp":1.86,"date":"2026-08-23","daynight":"N"}},{"type":"Feature","geometry":{"type":"Point","coordinates":[-90.08099,38.01077]},"properties":{"frp":1.91,"date":"2026-08-23","daynight":"N"}},{"type":"Feature","geometry":{"type":"Point","coordinates":[-83.79067,38.36235]},"properties":{"frp":2.41,"date":"2026-08-23","daynight":"N"}},{"type":"Feature","geometry":{"type":"Point","coordinates":[-83.78791,38.36361]},"properties":{"frp":1.67,"date":"2026-08-23","daynight":"N"}},{"type":"Feature","geometry":{"type":"Point","coordinates":[-82.8302,38.59713]},"properties":{"frp":2.15,"date":"2026-08-23","daynight":"N"}},{"type":"Feature","geometry":{"type":"Point","coordinates":[-90.13862,38.69146]},"properties":{"frp":1.05,"date":"2026-08-23","daynight":"N"}},{"type":"Feature","geometry":{"type":"Point","coordinates":[-90.14342,38.69211]},"properties":{"frp":1.05,"date":"2026-08-23","daynight":"N"}},{"type":"Feature","geometry":{"type":"Point","coordinates":[-90.12827,38.69361]},"properties":{"frp":1.52,"date":"2026-08-23","daynight":"N"}},{"type":"Feature","geometry":{"type":"Point","coordinates":[-90.13307,38.69426]},"properties":{"frp":1.52,"date":"2026-08-23","daynight":"N"}},{"type":"Feature","geometry":{"type":"Point","coordinates":[-90.13787,38.6949]},"properties":{"frp":2.29,"date":"2026-08-23","daynight":"N"}},{"type":"Feature","geometry":{"type":"Point","coordinates":[-90.13231,38.6977]},"properties":{"frp":1.52,"date":"2026-08-23","daynight":"N"}},{"type":"Feature","geometry":{"type":"Point","coordinates":[-84.99055,38.75624]},"properties":{"frp":0.8,"date":"2026-08-23","daynight":"N"}},{"type":"Feature","geometry":{"type":"Point","coordinates":[-84.99517,38.75707]},"properties":{"frp":1.15,"date":"2026-08-23","daynight":"N"}},{"type":"Feature","geometry":{"type":"Point","coordinates":[-84.99876,38.76126]},"properties":{"frp":1.15,"date":"2026-08-23","daynight":"N"}},{"type":"Feature","geometry":{"type":"Point","coordinates":[-80.42696,38.77808]},"properties":{"frp":1.01,"date":"2026-08-23","daynight":"N"}},{"type":"Feature","geometry":{"type":"Point","coordinates":[-84.2383,38.83421]},"properties":{"frp":4.07,"date":"2026-08-23","daynight":"N"}},{"type":"Feature","geometry":{"type":"Point","coordinates":[-90.06565,38.83538]},"properties":{"frp":1.43,"date":"2026-08-23","daynight":"N"}},{"type":"Feature","geometry":{"type":"Point","coordinates":[-90.06488,38.83882]},"properties":{"frp":1.43,"date":"2026-08-23","daynight":"N"}},{"type":"Feature","geometry":{"type":"Point","coordinates":[-87.71982,38.9913]},"properties":{"frp":1.49,"date":"2026-08-23","daynight":"N"}},{"type":"Feature","geometry":{"type":"Point","coordinates":[-87.72254,38.99856]},"properties":{"frp":1.42,"date":"2026-08-23","daynight":"N"}},{"type":"Feature","geometry":{"type":"Point","coordinates":[-87.72695,38.99924]},"properties":{"frp":1.06,"date":"2026-08-23","daynight":"N"}},{"type":"Feature","geometry":{"type":"Point","coordinates":[-93.10563,39.32816]},"properties":{"frp":1.06,"date":"2026-08-23","daynight":"N"}},{"type":"Feature","geometry":{"type":"Point","coordinates":[-93.10435,39.33069]},"properties":{"frp":1.22,"date":"2026-08-23","daynight":"N"}},{"type":"Feature","geometry":{"type":"Point","coordinates":[-84.38374,39.46695]},"properties":{"frp":0.84,"date":"2026-08-23","daynight":"N"}},{"type":"Feature","geometry":{"type":"Point","coordinates":[-84.38519,39.46949]},"properties":{"frp":3.8,"date":"2026-08-23","daynight":"N"}},{"type":"Feature","geometry":{"type":"Point","coordinates":[-84.3996,39.47216]},"properties":{"frp":0.97,"date":"2026-08-23","daynight":"N"}},{"type":"Feature","geometry":{"type":"Point","coordinates":[-84.4044,39.47304]},"properties":{"frp":0.56,"date":"2026-08-23","daynight":"N"}},{"type":"Feature","geometry":{"type":"Point","coordinates":[-84.38584,39.48398]},"properties":{"frp":0.85,"date":"2026-08-23","daynight":"N"}},{"type":"Feature","geometry":{"type":"Point","coordinates":[-84.35971,39.48634]},"properties":{"frp":0.63,"date":"2026-08-23","daynight":"N"}},{"type":"Feature","geometry":{"type":"Point","coordinates":[-84.36453,39.48723]},"properties":{"frp":0.63,"date":"2026-08-23","daynight":"N"}},{"type":"Feature","geometry":{"type":"Point","coordinates":[-82.14677,39.73228]},"properties":{"frp":0.95,"date":"2026-08-23","daynight":"N"}},{"type":"Feature","geometry":{"type":"Point","coordinates":[-86.48335,39.87647]},"properties":{"frp":1.11,"date":"2026-08-23","daynight":"N"}},{"type":"Feature","geometry":{"type":"Point","coordinates":[-86.48779,39.8772]},"properties":{"frp":1.11,"date":"2026-08-23","daynight":"N"}},{"type":"Feature","geometry":{"type":"Point","coordinates":[-86.83324,39.97413]},"properties":{"frp":1.32,"date":"2026-08-23","daynight":"N"}},{"type":"Feature","geometry":{"type":"Point","coordinates":[-86.83768,39.97485]},"properties":{"frp":2.45,"date":"2026-08-23","daynight":"N"}},{"type":"Feature","geometry":{"type":"Point","coordinates":[-86.8368,39.97813]},"properties":{"frp":1.06,"date":"2026-08-23","daynight":"N"}},{"type":"Feature","geometry":{"type":"Point","coordinates":[-86.83146,39.98069]},"properties":{"frp":1.42,"date":"2026-08-23","daynight":"N"}},{"type":"Feature","geometry":{"type":"Point","coordinates":[-88.46542,40.19561]},"properties":{"frp":0.98,"date":"2026-08-23","daynight":"N"}},{"type":"Feature","geometry":{"type":"Point","coordinates":[-92.18381,40.26114]},"properties":{"frp":1.18,"date":"2026-08-23","daynight":"N"}},{"type":"Feature","geometry":{"type":"Point","coordinates":[-92.18767,40.2732]},"properties":{"frp":0.41,"date":"2026-08-23","daynight":"N"}},{"type":"Feature","geometry":{"type":"Point","coordinates":[-80.60825,40.31073]},"properties":{"frp":3.7,"date":"2026-08-23","daynight":"N"}},{"type":"Feature","geometry":{"type":"Point","coordinates":[-80.60685,40.31459]},"properties":{"frp":1.45,"date":"2026-08-23","daynight":"N"}},{"type":"Feature","geometry":{"type":"Point","coordinates":[-89.93015,40.55213]},"properties":{"frp":0.5,"date":"2026-08-23","daynight":"N"}},{"type":"Feature","geometry":{"type":"Point","coordinates":[-89.92831,40.55272]},"properties":{"frp":1.21,"date":"2026-08-23","daynight":"N"}},{"type":"Feature","geometry":{"type":"Point","coordinates":[-89.92938,40.55561]},"properties":{"frp":0.5,"date":"2026-08-23","daynight":"N"}},{"type":"Feature","geometry":{"type":"Point","coordinates":[-83.13968,40.57151]},"properties":{"frp":0.8,"date":"2026-08-23","daynight":"N"}},{"type":"Feature","geometry":{"type":"Point","coordinates":[-84.12302,40.72132]},"properties":{"frp":1.28,"date":"2026-08-23","daynight":"N"}},{"type":"Feature","geometry":{"type":"Point","coordinates":[-86.43311,40.73374]},"properties":{"frp":1.6,"date":"2026-08-23","daynight":"N"}},{"type":"Feature","geometry":{"type":"Point","coordinates":[-81.43862,40.75512]},"properties":{"frp":1.17,"date":"2026-08-23","daynight":"N"}},{"type":"Feature","geometry":{"type":"Point","coordinates":[-81.43117,40.75694]},"properties":{"frp":0.55,"date":"2026-08-23","daynight":"N"}},{"type":"Feature","geometry":{"type":"Point","coordinates":[-81.43139,40.7576]},"properties":{"frp":0.52,"date":"2026-08-23","daynight":"N"}},{"type":"Feature","geometry":{"type":"Point","coordinates":[-87.34074,40.92758]},"properties":{"frp":1.84,"date":"2026-08-23","daynight":"N"}},{"type":"Feature","geometry":{"type":"Point","coordinates":[-87.33358,40.93676]},"properties":{"frp":0.73,"date":"2026-08-23","daynight":"N"}},{"type":"Feature","geometry":{"type":"Point","coordinates":[-85.3529,41.12098]},"properties":{"frp":1.17,"date":"2026-08-23","daynight":"N"}},{"type":"Feature","geometry":{"type":"Point","coordinates":[-80.68839,41.13198]},"properties":{"frp":1.85,"date":"2026-08-23","daynight":"N"}},{"type":"Feature","geometry":{"type":"Point","coordinates":[-80.69467,41.1333]},"properties":{"frp":1.85,"date":"2026-08-23","daynight":"N"}},{"type":"Feature","geometry":{"type":"Point","coordinates":[-87.85957,41.18139]},"properties":{"frp":3.34,"date":"2026-08-23","daynight":"N"}},{"type":"Feature","geometry":{"type":"Point","coordinates":[-83.20914,41.22302]},"properties":{"frp":1.44,"date":"2026-08-23","daynight":"N"}},{"type":"Feature","geometry":{"type":"Point","coordinates":[-83.20657,41.22305]},"properties":{"frp":0.92,"date":"2026-08-23","daynight":"N"}},{"type":"Feature","geometry":{"type":"Point","coordinates":[-83.21163,41.22402]},"properties":{"frp":0.92,"date":"2026-08-23","daynight":"N"}},{"type":"Feature","geometry":{"type":"Point","coordinates":[-83.20797,41.22646]},"properties":{"frp":1.44,"date":"2026-08-23","daynight":"N"}},{"type":"Feature","geometry":{"type":"Point","coordinates":[-83.20542,41.2265]},"properties":{"frp":0.92,"date":"2026-08-23","daynight":"N"}},{"type":"Feature","geometry":{"type":"Point","coordinates":[-84.92264,41.3654]},"properties":{"frp":3.35,"date":"2026-08-23","daynight":"N"}},{"type":"Feature","geometry":{"type":"Point","coordinates":[-84.92164,41.36871]},"properties":{"frp":3.35,"date":"2026-08-23","daynight":"N"}},{"type":"Feature","geometry":{"type":"Point","coordinates":[-84.91596,41.37122]},"properties":{"frp":0.72,"date":"2026-08-23","daynight":"N"}},{"type":"Feature","geometry":{"type":"Point","coordinates":[-84.92063,41.37202]},"properties":{"frp":0.72,"date":"2026-08-23","daynight":"N"}},{"type":"Feature","geometry":{"type":"Point","coordinates":[-83.36761,41.46149]},"properties":{"frp":0.87,"date":"2026-08-23","daynight":"N"}},{"type":"Feature","geometry":{"type":"Point","coordinates":[-83.36534,41.46832]},"properties":{"frp":2.53,"date":"2026-08-23","daynight":"N"}},{"type":"Feature","geometry":{"type":"Point","coordinates":[-84.04281,41.56687]},"properties":{"frp":2.96,"date":"2026-08-23","daynight":"N"}},{"type":"Feature","geometry":{"type":"Point","coordinates":[-84.04765,41.56774]},"properties":{"frp":2.96,"date":"2026-08-23","daynight":"N"}},{"type":"Feature","geometry":{"type":"Point","coordinates":[-84.05247,41.56861]},"properties":{"frp":0.73,"date":"2026-08-23","daynight":"N"}},{"type":"Feature","geometry":{"type":"Point","coordinates":[-84.0573,41.56947]},"properties":{"frp":0.73,"date":"2026-08-23","daynight":"N"}},{"type":"Feature","geometry":{"type":"Point","coordinates":[-87.33189,41.6148]},"properties":{"frp":2.1,"date":"2026-08-23","daynight":"N"}},{"type":"Feature","geometry":{"type":"Point","coordinates":[-87.331,41.6181]},"properties":{"frp":1.16,"date":"2026-08-23","daynight":"N"}},{"type":"Feature","geometry":{"type":"Point","coordinates":[-87.33012,41.62139]},"properties":{"frp":1.16,"date":"2026-08-23","daynight":"N"}},{"type":"Feature","geometry":{"type":"Point","coordinates":[-87.14268,41.62389]},"properties":{"frp":0.72,"date":"2026-08-23","daynight":"N"}},{"type":"Feature","geometry":{"type":"Point","coordinates":[-87.1418,41.62719]},"properties":{"frp":0.72,"date":"2026-08-23","daynight":"N"}},{"type":"Feature","geometry":{"type":"Point","coordinates":[-87.14639,41.62788]},"properties":{"frp":0.72,"date":"2026-08-23","daynight":"N"}},{"type":"Feature","geometry":{"type":"Point","coordinates":[-87.12994,41.63565]},"properties":{"frp":5.57,"date":"2026-08-23","daynight":"N"}},{"type":"Feature","geometry":{"type":"Point","coordinates":[-87.13913,41.63705]},"properties":{"frp":4.76,"date":"2026-08-23","daynight":"N"}},{"type":"Feature","geometry":{"type":"Point","coordinates":[-87.14372,41.63776]},"properties":{"frp":4.76,"date":"2026-08-23","daynight":"N"}},{"type":"Feature","geometry":{"type":"Point","coordinates":[-87.13276,41.64294]},"properties":{"frp":1.32,"date":"2026-08-23","daynight":"N"}},{"type":"Feature","geometry":{"type":"Point","coordinates":[-87.13735,41.64364]},"properties":{"frp":3.25,"date":"2026-08-23","daynight":"N"}},{"type":"Feature","geometry":{"type":"Point","coordinates":[-87.14195,41.64434]},"properties":{"frp":3.25,"date":"2026-08-23","daynight":"N"}},{"type":"Feature","geometry":{"type":"Point","coordinates":[-81.28228,41.75]},"properties":{"frp":1.73,"date":"2026-08-23","daynight":"N"}},{"type":"Feature","geometry":{"type":"Point","coordinates":[-83.4249,42.08812]},"properties":{"frp":0.33,"date":"2026-08-23","daynight":"N"}},{"type":"Feature","geometry":{"type":"Point","coordinates":[-83.42378,42.0915]},"properties":{"frp":0.46,"date":"2026-08-23","daynight":"N"}},{"type":"Feature","geometry":{"type":"Point","coordinates":[-83.12791,42.27831]},"properties":{"frp":0.74,"date":"2026-08-23","daynight":"N"}},{"type":"Feature","geometry":{"type":"Point","coordinates":[-83.11044,42.2823]},"properties":{"frp":1.32,"date":"2026-08-23","daynight":"N"}},{"type":"Feature","geometry":{"type":"Point","coordinates":[-87.88313,42.4795]},"properties":{"frp":0.51,"date":"2026-08-23","daynight":"N"}},{"type":"Feature","geometry":{"type":"Point","coordinates":[-85.98361,42.81465]},"properties":{"frp":0.5,"date":"2026-08-23","daynight":"N"}},{"type":"Feature","geometry":{"type":"Point","coordinates":[-85.99658,42.82014]},"properties":{"frp":0.67,"date":"2026-08-23","daynight":"N"}},{"type":"Feature","geometry":{"type":"Point","coordinates":[-86.00124,42.82087]},"properties":{"frp":0.9,"date":"2026-08-23","daynight":"N"}},{"type":"Feature","geometry":{"type":"Point","coordinates":[-90.39552,30.00109]},"properties":{"frp":3.27,"date":"2026-08-23","daynight":"N"}},{"type":"Feature","geometry":{"type":"Point","coordinates":[-90.39948,30.00171]},"properties":{"frp":4.0,"date":"2026-08-23","daynight":"N"}},{"type":"Feature","geometry":{"type":"Point","coordinates":[-90.6675,30.0534]},"properties":{"frp":0.76,"date":"2026-08-23","daynight":"N"}},{"type":"Feature","geometry":{"type":"Point","coordinates":[-90.67148,30.05401]},"properties":{"frp":0.76,"date":"2026-08-23","daynight":"N"}},{"type":"Feature","geometry":{"type":"Point","coordinates":[-93.33399,30.14842]},"properties":{"frp":1.78,"date":"2026-08-23","daynight":"N"}},{"type":"Feature","geometry":{"type":"Point","coordinates":[-90.9884,30.18699]},"properties":{"frp":1.95,"date":"2026-08-23","daynight":"N"}},{"type":"Feature","geometry":{"type":"Point","coordinates":[-91.2382,30.32214]},"properties":{"frp":1.07,"date":"2026-08-23","daynight":"N"}},{"type":"Feature","geometry":{"type":"Point","coordinates":[-91.24163,30.32608]},"properties":{"frp":1.07,"date":"2026-08-23","daynight":"N"}},{"type":"Feature","geometry":{"type":"Point","coordinates":[-91.03445,30.474]},"properties":{"frp":1.15,"date":"2026-08-23","daynight":"N"}},{"type":"Feature","geometry":{"type":"Point","coordinates":[-91.03851,30.47461]},"properties":{"frp":1.15,"date":"2026-08-23","daynight":"N"}},{"type":"Feature","geometry":{"type":"Point","coordinates":[-91.17271,30.49453]},"properties":{"frp":1.63,"date":"2026-08-23","daynight":"N"}},{"type":"Feature","geometry":{"type":"Point","coordinates":[-91.24094,30.58208]},"properties":{"frp":1.78,"date":"2026-08-23","daynight":"N"}},{"type":"Feature","geometry":{"type":"Point","coordinates":[-91.24028,30.58542]},"properties":{"frp":1.5,"date":"2026-08-23","daynight":"N"}},{"type":"Feature","geometry":{"type":"Point","coordinates":[-88.0128,30.93811]},"properties":{"frp":2.35,"date":"2026-08-23","daynight":"N"}},{"type":"Feature","geometry":{"type":"Point","coordinates":[-88.01203,30.94147]},"properties":{"frp":2.35,"date":"2026-08-23","daynight":"N"}},{"type":"Feature","geometry":{"type":"Point","coordinates":[-88.01125,30.94482]},"properties":{"frp":3.68,"date":"2026-08-23","daynight":"N"}},{"type":"Feature","geometry":{"type":"Point","coordinates":[-87.98817,31.15188]},"properties":{"frp":3.39,"date":"2026-08-23","daynight":"N"}},{"type":"Feature","geometry":{"type":"Point","coordinates":[-87.97906,31.15379]},"properties":{"frp":1.94,"date":"2026-08-23","daynight":"N"}},{"type":"Feature","geometry":{"type":"Point","coordinates":[-103.05295,31.29596]},"properties":{"frp":0.94,"date":"2026-08-23","daynight":"N"}},{"type":"Feature","geometry":{"type":"Point","coordinates":[-103.22561,31.35639]},"properties":{"frp":3.31,"date":"2026-08-23","daynight":"N"}},{"type":"Feature","geometry":{"type":"Point","coordinates":[-103.22535,31.35835]},"properties":{"frp":2.22,"date":"2026-08-23","daynight":"N"}},{"type":"Feature","geometry":{"type":"Point","coordinates":[-101.7832,31.36131]},"properties":{"frp":0.86,"date":"2026-08-23","daynight":"N"}},{"type":"Feature","geometry":{"type":"Point","coordinates":[-101.78215,31.36506]},"properties":{"frp":1.54,"date":"2026-08-23","daynight":"N"}},{"type":"Feature","geometry":{"type":"Point","coordinates":[-101.78266,31.36719]},"properties":{"frp":0.86,"date":"2026-08-23","daynight":"N"}},{"type":"Feature","geometry":{"type":"Point","coordinates":[-102.13601,31.39776]},"properties":{"frp":0.58,"date":"2026-08-23","daynight":"N"}},{"type":"Feature","geometry":{"type":"Point","coordinates":[-102.13602,31.40214]},"properties":{"frp":0.96,"date":"2026-08-23","daynight":"N"}},{"type":"Feature","geometry":{"type":"Point","coordinates":[-103.25916,31.46268]},"properties":{"frp":0.87,"date":"2026-08-23","daynight":"N"}},{"type":"Feature","geometry":{"type":"Point","coordinates":[-103.25975,31.4638]},"properties":{"frp":0.44,"date":"2026-08-23","daynight":"N"}},{"type":"Feature","geometry":{"type":"Point","coordinates":[-103.53468,31.49649]},"properties":{"frp":1.8,"date":"2026-08-23","daynight":"N"}},{"type":"Feature","geometry":{"type":"Point","coordinates":[-101.81775,31.62384]},"properties":{"frp":1.21,"date":"2026-08-23","daynight":"N"}},{"type":"Feature","geometry":{"type":"Point","coordinates":[-101.19438,31.74099]},"properties":{"frp":1.07,"date":"2026-08-23","daynight":"N"}},{"type":"Feature","geometry":{"type":"Point","coordinates":[-103.37463,31.74919]},"properties":{"frp":1.78,"date":"2026-08-23","daynight":"N"}},{"type":"Feature","geometry":{"type":"Point","coordinates":[-103.38077,31.74947]},"properties":{"frp":1.87,"date":"2026-08-23","daynight":"N"}},{"type":"Feature","geometry":{"type":"Point","coordinates":[-103.37429,31.75483]},"properties":{"frp":2.88,"date":"2026-08-23","daynight":"N"}},{"type":"Feature","geometry":{"type":"Point","coordinates":[-103.38043,31.75514]},"properties":{"frp":2.88,"date":"2026-08-23","daynight":"N"}},{"type":"Feature","geometry":{"type":"Point","coordinates":[-103.37403,31.75563]},"properties":{"frp":2.55,"date":"2026-08-23","daynight":"N"}},{"type":"Feature","geometry":{"type":"Point","coordinates":[-103.38018,31.75591]},"properties":{"frp":3.65,"date":"2026-08-23","daynight":"N"}},{"type":"Feature","geometry":{"type":"Point","coordinates":[-91.04753,31.76464]},"properties":{"frp":0.51,"date":"2026-08-23","daynight":"N"}},{"type":"Feature","geometry":{"type":"Point","coordinates":[-91.0517,31.76524]},"properties":{"frp":0.51,"date":"2026-08-23","daynight":"N"}},{"type":"Feature","geometry":{"type":"Point","coordinates":[-102.05432,31.79724]},"properties":{"frp":2.59,"date":"2026-08-23","daynight":"N"}},{"type":"Feature","geometry":{"type":"Point","coordinates":[-102.05432,31.79888]},"properties":{"frp":1.54,"date":"2026-08-23","daynight":"N"}},{"type":"Feature","geometry":{"type":"Point","coordinates":[-102.03358,31.80197]},"properties":{"frp":2.19,"date":"2026-08-23","daynight":"N"}},{"type":"Feature","geometry":{"type":"Point","coordinates":[-102.03351,31.80373]},"properties":{"frp":0.78,"date":"2026-08-23","daynight":"N"}},{"type":"Feature","geometry":{"type":"Point","coordinates":[-101.79182,31.84335]},"properties":{"frp":1.69,"date":"2026-08-23","daynight":"N"}},{"type":"Feature","geometry":{"type":"Point","coordinates":[-101.79676,31.84365]},"properties":{"frp":1.69,"date":"2026-08-23","daynight":"N"}},{"type":"Feature","geometry":{"type":"Point","coordinates":[-102.35045,32.06066]},"properties":{"frp":1.34,"date":"2026-08-23","daynight":"N"}},{"type":"Feature","geometry":{"type":"Point","coordinates":[-102.43185,32.12677]},"properties":{"frp":1.55,"date":"2026-08-23","daynight":"N"}},{"type":"Feature","geometry":{"type":"Point","coordinates":[-101.99774,32.15176]},"properties":{"frp":1.45,"date":"2026-08-23","daynight":"N"}},{"type":"Feature","geometry":{"type":"Point","coordinates":[-101.99723,32.15776]},"properties":{"frp":1.45,"date":"2026-08-23","daynight":"N"}},{"type":"Feature","geometry":{"type":"Point","coordinates":[-102.29084,32.36475]},"properties":{"frp":0.75,"date":"2026-08-23","daynight":"N"}},{"type":"Feature","geometry":{"type":"Point","coordinates":[-101.67282,32.53328]},"properties":{"frp":0.58,"date":"2026-08-23","daynight":"N"}},{"type":"Feature","geometry":{"type":"Point","coordinates":[-80.78037,32.65273]},"properties":{"frp":2.17,"date":"2026-08-23","daynight":"N"}},{"type":"Feature","geometry":{"type":"Point","coordinates":[-80.78045,32.65465]},"properties":{"frp":1.63,"date":"2026-08-23","daynight":"N"}},{"type":"Feature","geometry":{"type":"Point","coordinates":[-103.78922,32.70018]},"properties":{"frp":0.54,"date":"2026-08-23","daynight":"N"}},{"type":"Feature","geometry":{"type":"Point","coordinates":[-79.88636,33.01419]},"properties":{"frp":4.25,"date":"2026-08-23","daynight":"N"}},{"type":"Feature","geometry":{"type":"Point","coordinates":[-79.88634,33.01543]},"properties":{"frp":3.26,"date":"2026-08-23","daynight":"N"}},{"type":"Feature","geometry":{"type":"Point","coordinates":[-93.26656,33.57431]},"properties":{"frp":0.71,"date":"2026-08-23","daynight":"N"}},{"type":"Feature","geometry":{"type":"Point","coordinates":[-93.26588,33.578]},"properties":{"frp":0.71,"date":"2026-08-23","daynight":"N"}},{"type":"Feature","geometry":{"type":"Point","coordinates":[-87.98341,33.82128]},"properties":{"frp":2.34,"date":"2026-08-23","daynight":"N"}},{"type":"Feature","geometry":{"type":"Point","coordinates":[-87.98756,33.82197]},"properties":{"frp":1.14,"date":"2026-08-23","daynight":"N"}},{"type":"Feature","geometry":{"type":"Point","coordinates":[-84.80048,34.23864]},"properties":{"frp":2.89,"date":"2026-08-23","daynight":"N"}},{"type":"Feature","geometry":{"type":"Point","coordinates":[-79.16785,34.81451]},"properties":{"frp":0.69,"date":"2026-08-23","daynight":"N"}},{"type":"Feature","geometry":{"type":"Point","coordinates":[-79.16799,34.81546]},"properties":{"frp":0.74,"date":"2026-08-23","daynight":"N"}},{"type":"Feature","geometry":{"type":"Point","coordinates":[-90.16658,35.04348]},"properties":{"frp":2.23,"date":"2026-08-23","daynight":"N"}},{"type":"Feature","geometry":{"type":"Point","coordinates":[-90.16586,35.04683]},"properties":{"frp":2.23,"date":"2026-08-23","daynight":"N"}},{"type":"Feature","geometry":{"type":"Point","coordinates":[-89.94341,35.60892]},"properties":{"frp":0.41,"date":"2026-08-23","daynight":"N"}},{"type":"Feature","geometry":{"type":"Point","coordinates":[-89.94777,35.60956]},"properties":{"frp":0.73,"date":"2026-08-23","daynight":"N"}},{"type":"Feature","geometry":{"type":"Point","coordinates":[-89.78069,35.88931]},"properties":{"frp":3.48,"date":"2026-08-23","daynight":"N"}},{"type":"Feature","geometry":{"type":"Point","coordinates":[-89.77995,35.89265]},"properties":{"frp":1.78,"date":"2026-08-23","daynight":"N"}},{"type":"Feature","geometry":{"type":"Point","coordinates":[-89.77921,35.896]},"properties":{"frp":1.78,"date":"2026-08-23","daynight":"N"}},{"type":"Feature","geometry":{"type":"Point","coordinates":[-89.78357,35.89662]},"properties":{"frp":1.43,"date":"2026-08-23","daynight":"N"}},{"type":"Feature","geometry":{"type":"Point","coordinates":[-89.77847,35.89933]},"properties":{"frp":1.25,"date":"2026-08-23","daynight":"N"}},{"type":"Feature","geometry":{"type":"Point","coordinates":[-89.71235,35.93448]},"properties":{"frp":1.29,"date":"2026-08-23","daynight":"N"}},{"type":"Feature","geometry":{"type":"Point","coordinates":[-89.71671,35.93512]},"properties":{"frp":1.29,"date":"2026-08-23","daynight":"N"}},{"type":"Feature","geometry":{"type":"Point","coordinates":[-89.71161,35.93782]},"properties":{"frp":0.89,"date":"2026-08-23","daynight":"N"}},{"type":"Feature","geometry":{"type":"Point","coordinates":[-89.71597,35.93846]},"properties":{"frp":0.89,"date":"2026-08-23","daynight":"N"}},{"type":"Feature","geometry":{"type":"Point","coordinates":[-89.71448,35.94513]},"properties":{"frp":1.4,"date":"2026-08-23","daynight":"N"}},{"type":"Feature","geometry":{"type":"Point","coordinates":[-83.95918,35.97831]},"properties":{"frp":1.45,"date":"2026-08-23","daynight":"N"}},{"type":"Feature","geometry":{"type":"Point","coordinates":[-83.95569,35.97897]},"properties":{"frp":2.21,"date":"2026-08-23","daynight":"N"}},{"type":"Feature","geometry":{"type":"Point","coordinates":[-98.94995,24.50061]},"properties":{"frp":2.23,"date":"2026-08-23","daynight":"N"}},{"type":"Feature","geometry":{"type":"Point","coordinates":[-80.84969,25.50831]},"properties":{"frp":6.12,"date":"2026-08-23","daynight":"N"}},{"type":"Feature","geometry":{"type":"Point","coordinates":[-80.84817,25.5136]},"properties":{"frp":3.81,"date":"2026-08-23","daynight":"N"}},{"type":"Feature","geometry":{"type":"Point","coordinates":[-80.8242,25.51373]},"properties":{"frp":5.05,"date":"2026-08-23","daynight":"N"}},{"type":"Feature","geometry":{"type":"Point","coordinates":[-80.8519,25.51446]},"properties":{"frp":6.55,"date":"2026-08-23","daynight":"N"}},{"type":"Feature","geometry":{"type":"Point","coordinates":[-80.82795,25.51459]},"properties":{"frp":11.44,"date":"2026-08-23","daynight":"N"}},{"type":"Feature","geometry":{"type":"Point","coordinates":[-80.85564,25.51533]},"properties":{"frp":6.55,"date":"2026-08-23","daynight":"N"}},{"type":"Feature","geometry":{"type":"Point","coordinates":[-80.82613,25.51649]},"properties":{"frp":3.62,"date":"2026-08-23","daynight":"N"}},{"type":"Feature","geometry":{"type":"Point","coordinates":[-80.82986,25.51738]},"properties":{"frp":3.62,"date":"2026-08-23","daynight":"N"}},{"type":"Feature","geometry":{"type":"Point","coordinates":[-80.86902,25.52405]},"properties":{"frp":1.51,"date":"2026-08-23","daynight":"N"}},{"type":"Feature","geometry":{"type":"Point","coordinates":[-80.81213,25.52792]},"properties":{"frp":0.95,"date":"2026-08-23","daynight":"N"}},{"type":"Feature","geometry":{"type":"Point","coordinates":[-80.8104,25.52975]},"properties":{"frp":0.76,"date":"2026-08-23","daynight":"N"}},{"type":"Feature","geometry":{"type":"Point","coordinates":[-80.80363,25.53949]},"properties":{"frp":1.94,"date":"2026-08-23","daynight":"N"}},{"type":"Feature","geometry":{"type":"Point","coordinates":[-80.80737,25.54037]},"properties":{"frp":1.94,"date":"2026-08-23","daynight":"N"}},{"type":"Feature","geometry":{"type":"Point","coordinates":[-80.79837,25.54391]},"properties":{"frp":0.38,"date":"2026-08-23","daynight":"N"}},{"type":"Feature","geometry":{"type":"Point","coordinates":[-80.80212,25.54479]},"properties":{"frp":4.48,"date":"2026-08-23","daynight":"N"}},{"type":"Feature","geometry":{"type":"Point","coordinates":[-80.80585,25.54568]},"properties":{"frp":4.48,"date":"2026-08-23","daynight":"N"}},{"type":"Feature","geometry":{"type":"Point","coordinates":[-80.78409,25.55189]},"properties":{"frp":1.23,"date":"2026-08-23","daynight":"N"}},{"type":"Feature","geometry":{"type":"Point","coordinates":[-80.78785,25.55277]},"properties":{"frp":1.23,"date":"2026-08-23","daynight":"N"}},{"type":"Feature","geometry":{"type":"Point","coordinates":[-80.78257,25.5572]},"properties":{"frp":1.23,"date":"2026-08-23","daynight":"N"}},{"type":"Feature","geometry":{"type":"Point","coordinates":[-80.78104,25.56251]},"properties":{"frp":0.91,"date":"2026-08-23","daynight":"N"}},{"type":"Feature","geometry":{"type":"Point","coordinates":[-99.93946,25.57791]},"properties":{"frp":2.79,"date":"2026-08-23","daynight":"N"}},{"type":"Feature","geometry":{"type":"Point","coordinates":[-100.92037,25.60239]},"properties":{"frp":1.71,"date":"2026-08-23","daynight":"N"}},{"type":"Feature","geometry":{"type":"Point","coordinates":[-100.92117,25.60683]},"properties":{"frp":0.25,"date":"2026-08-23","daynight":"N"}},{"type":"Feature","geometry":{"type":"Point","coordinates":[-103.44714,25.64381]},"properties":{"frp":0.53,"date":"2026-08-23","daynight":"N"}},{"type":"Feature","geometry":{"type":"Point","coordinates":[-103.45229,25.64419]},"properties":{"frp":1.23,"date":"2026-08-23","daynight":"N"}},{"type":"Feature","geometry":{"type":"Point","coordinates":[-99.45967,25.67447]},"properties":{"frp":1.68,"date":"2026-08-23","daynight":"N"}},{"type":"Feature","geometry":{"type":"Point","coordinates":[-99.45987,25.67544]},"properties":{"frp":2.63,"date":"2026-08-23","daynight":"N"}},{"type":"Feature","geometry":{"type":"Point","coordinates":[-100.29801,25.71871]},"properties":{"frp":1.53,"date":"2026-08-23","daynight":"N"}},{"type":"Feature","geometry":{"type":"Point","coordinates":[-100.30447,25.71932]},"properties":{"frp":1.59,"date":"2026-08-23","daynight":"N"}},{"type":"Feature","geometry":{"type":"Point","coordinates":[-100.30388,25.7244]},"properties":{"frp":1.59,"date":"2026-08-23","daynight":"N"}},{"type":"Feature","geometry":{"type":"Point","coordinates":[-80.54662,25.91717]},"properties":{"frp":1.11,"date":"2026-08-23","daynight":"N"}},{"type":"Feature","geometry":{"type":"Point","coordinates":[-80.54888,25.92342]},"properties":{"frp":1.02,"date":"2026-08-23","daynight":"N"}},{"type":"Feature","geometry":{"type":"Point","coordinates":[-80.5527,25.92432]},"properties":{"frp":1.53,"date":"2026-08-23","daynight":"N"}},{"type":"Feature","geometry":{"type":"Point","coordinates":[-80.52584,25.94651]},"properties":{"frp":0.69,"date":"2026-08-23","daynight":"N"}},{"type":"Feature","geometry":{"type":"Point","coordinates":[-80.52045,25.95096]},"properties":{"frp":2.8,"date":"2026-08-23","daynight":"N"}},{"type":"Feature","geometry":{"type":"Point","coordinates":[-80.52428,25.95186]},"properties":{"frp":2.8,"date":"2026-08-23","daynight":"N"}},{"type":"Feature","geometry":{"type":"Point","coordinates":[-80.51506,25.9554]},"properties":{"frp":0.9,"date":"2026-08-23","daynight":"N"}},{"type":"Feature","geometry":{"type":"Point","coordinates":[-80.51889,25.9563]},"properties":{"frp":2.8,"date":"2026-08-23","daynight":"N"}},{"type":"Feature","geometry":{"type":"Point","coordinates":[-80.52273,25.9572]},"properties":{"frp":2.8,"date":"2026-08-23","daynight":"N"}},{"type":"Feature","geometry":{"type":"Point","coordinates":[-80.52655,25.9581]},"properties":{"frp":7.85,"date":"2026-08-23","daynight":"N"}},{"type":"Feature","geometry":{"type":"Point","coordinates":[-80.50967,25.95985]},"properties":{"frp":0.46,"date":"2026-08-23","daynight":"N"}},{"type":"Feature","geometry":{"type":"Point","coordinates":[-80.5135,25.96075]},"properties":{"frp":0.46,"date":"2026-08-23","daynight":"N"}},{"type":"Feature","geometry":{"type":"Point","coordinates":[-80.51733,25.96165]},"properties":{"frp":15.27,"date":"2026-08-23","daynight":"N"}},{"type":"Feature","geometry":{"type":"Point","coordinates":[-80.52117,25.96255]},"properties":{"frp":15.27,"date":"2026-08-23","daynight":"N"}},{"type":"Feature","geometry":{"type":"Point","coordinates":[-80.52499,25.96345]},"properties":{"frp":17.94,"date":"2026-08-23","daynight":"N"}},{"type":"Feature","geometry":{"type":"Point","coordinates":[-80.76795,26.40832]},"properties":{"frp":1.36,"date":"2026-08-23","daynight":"N"}},{"type":"Feature","geometry":{"type":"Point","coordinates":[-80.77158,26.40918]},"properties":{"frp":1.63,"date":"2026-08-23","daynight":"N"}},{"type":"Feature","geometry":{"type":"Point","coordinates":[-80.76282,26.41269]},"properties":{"frp":1.24,"date":"2026-08-23","daynight":"N"}},{"type":"Feature","geometry":{"type":"Point","coordinates":[-80.76645,26.41354]},"properties":{"frp":1.24,"date":"2026-08-23","daynight":"N"}},{"type":"Feature","geometry":{"type":"Point","coordinates":[-80.77007,26.4144]},"properties":{"frp":1.57,"date":"2026-08-23","daynight":"N"}},{"type":"Feature","geometry":{"type":"Point","coordinates":[-100.783,26.92101]},"properties":{"frp":1.47,"date":"2026-08-23","daynight":"N"}},{"type":"Feature","geometry":{"type":"Point","coordinates":[-100.78716,26.92138]},"properties":{"frp":1.47,"date":"2026-08-23","daynight":"N"}},{"type":"Feature","geometry":{"type":"Point","coordinates":[-97.27269,27.88693]},"properties":{"frp":0.84,"date":"2026-08-23","daynight":"N"}},{"type":"Feature","geometry":{"type":"Point","coordinates":[-97.27208,27.89124]},"properties":{"frp":0.93,"date":"2026-08-23","daynight":"N"}},{"type":"Feature","geometry":{"type":"Point","coordinates":[-97.43712,28.05675]},"properties":{"frp":2.12,"date":"2026-08-23","daynight":"N"}},{"type":"Feature","geometry":{"type":"Point","coordinates":[-97.43651,28.06111]},"properties":{"frp":1.52,"date":"2026-08-23","daynight":"N"}},{"type":"Feature","geometry":{"type":"Point","coordinates":[-99.21182,28.42192]},"properties":{"frp":2.45,"date":"2026-08-23","daynight":"N"}},{"type":"Feature","geometry":{"type":"Point","coordinates":[-99.21184,28.42389]},"properties":{"frp":1.64,"date":"2026-08-23","daynight":"N"}},{"type":"Feature","geometry":{"type":"Point","coordinates":[-95.3293,28.92133]},"properties":{"frp":6.47,"date":"2026-08-23","daynight":"N"}},{"type":"Feature","geometry":{"type":"Point","coordinates":[-95.3287,28.92522]},"properties":{"frp":8.88,"date":"2026-08-23","daynight":"N"}},{"type":"Feature","geometry":{"type":"Point","coordinates":[-94.92274,29.37362]},"properties":{"frp":2.67,"date":"2026-08-23","daynight":"N"}},{"type":"Feature","geometry":{"type":"Point","coordinates":[-94.93888,29.37556]},"properties":{"frp":2.66,"date":"2026-08-23","daynight":"N"}},{"type":"Feature","geometry":{"type":"Point","coordinates":[-98.03415,29.57449]},"properties":{"frp":2.69,"date":"2026-08-23","daynight":"N"}},{"type":"Feature","geometry":{"type":"Point","coordinates":[-98.03447,29.5758]},"properties":{"frp":4.14,"date":"2026-08-23","daynight":"N"}},{"type":"Feature","geometry":{"type":"Point","coordinates":[-98.03353,29.5791]},"properties":{"frp":2.69,"date":"2026-08-23","daynight":"N"}},{"type":"Feature","geometry":{"type":"Point","coordinates":[-95.05109,29.62311]},"properties":{"frp":1.81,"date":"2026-08-23","daynight":"N"}},{"type":"Feature","geometry":{"type":"Point","coordinates":[-95.12693,29.7431]},"properties":{"frp":0.74,"date":"2026-08-23","daynight":"N"}},{"type":"Feature","geometry":{"type":"Point","coordinates":[-93.87803,29.75479]},"properties":{"frp":1.32,"date":"2026-08-23","daynight":"N"}},{"type":"Feature","geometry":{"type":"Point","coordinates":[-93.87955,29.7555]},"properties":{"frp":1.65,"date":"2026-08-23","daynight":"N"}},{"type":"Feature","geometry":{"type":"Point","coordinates":[-93.87254,29.75782]},"properties":{"frp":1.17,"date":"2026-08-23","daynight":"N"}},{"type":"Feature","geometry":{"type":"Point","coordinates":[-93.86924,29.75786]},"properties":{"frp":1.01,"date":"2026-08-23","daynight":"N"}},{"type":"Feature","geometry":{"type":"Point","coordinates":[-93.8774,29.75843]},"properties":{"frp":1.17,"date":"2026-08-23","daynight":"N"}},{"type":"Feature","geometry":{"type":"Point","coordinates":[-93.87408,29.7585]},"properties":{"frp":1.01,"date":"2026-08-23","daynight":"N"}},{"type":"Feature","geometry":{"type":"Point","coordinates":[-93.88227,29.75905]},"properties":{"frp":1.4,"date":"2026-08-23","daynight":"N"}},{"type":"Feature","geometry":{"type":"Point","coordinates":[-93.87894,29.75914]},"properties":{"frp":1.65,"date":"2026-08-23","daynight":"N"}},{"type":"Feature","geometry":{"type":"Point","coordinates":[-93.82148,29.79587]},"properties":{"frp":7.3,"date":"2026-08-23","daynight":"N"}},{"type":"Feature","geometry":{"type":"Point","coordinates":[-93.82086,29.7995]},"properties":{"frp":7.3,"date":"2026-08-23","daynight":"N"}},{"type":"Feature","geometry":{"type":"Point","coordinates":[-93.82569,29.80013]},"properties":{"frp":7.07,"date":"2026-08-23","daynight":"N"}},{"type":"Feature","geometry":{"type":"Point","coordinates":[-93.82024,29.80313]},"properties":{"frp":0.53,"date":"2026-08-23","daynight":"N"}},{"type":"Feature","geometry":{"type":"Point","coordinates":[-92.62212,29.81914]},"properties":{"frp":14.4,"date":"2026-08-23","daynight":"N"}},{"type":"Feature","geometry":{"type":"Point","coordinates":[-92.62648,29.81973]},"properties":{"frp":15.13,"date":"2026-08-23","daynight":"N"}},{"type":"Feature","geometry":{"type":"Point","coordinates":[-92.63085,29.82033]},"properties":{"frp":15.13,"date":"2026-08-23","daynight":"N"}},{"type":"Feature","geometry":{"type":"Point","coordinates":[-92.62585,29.82319]},"properties":{"frp":9.97,"date":"2026-08-23","daynight":"N"}},{"type":"Feature","geometry":{"type":"Point","coordinates":[-92.63021,29.82379]},"properties":{"frp":9.97,"date":"2026-08-23","daynight":"N"}},{"type":"Feature","geometry":{"type":"Point","coordinates":[-92.62958,29.82725]},"properties":{"frp":9.97,"date":"2026-08-23","daynight":"N"}},{"type":"Feature","geometry":{"type":"Point","coordinates":[-93.9645,29.83294]},"properties":{"frp":2.81,"date":"2026-08-23","daynight":"N"}},{"type":"Feature","geometry":{"type":"Point","coordinates":[-93.96387,29.8366]},"properties":{"frp":2.78,"date":"2026-08-23","daynight":"N"}},{"type":"Feature","geometry":{"type":"Point","coordinates":[-92.63577,29.84229]},"properties":{"frp":1.81,"date":"2026-08-23","daynight":"N"}},{"type":"Feature","geometry":{"type":"Point","coordinates":[-92.64014,29.84289]},"properties":{"frp":2.8,"date":"2026-08-23","daynight":"N"}},{"type":"Feature","geometry":{"type":"Point","coordinates":[-92.63514,29.84575]},"properties":{"frp":11.17,"date":"2026-08-23","daynight":"N"}},{"type":"Feature","geometry":{"type":"Point","coordinates":[-92.63951,29.84635]},"properties":{"frp":10.02,"date":"2026-08-23","daynight":"N"}},{"type":"Feature","geometry":{"type":"Point","coordinates":[-92.63014,29.8486]},"properties":{"frp":11.17,"date":"2026-08-23","daynight":"N"}},{"type":"Feature","geometry":{"type":"Point","coordinates":[-92.63451,29.84921]},"properties":{"frp":11.17,"date":"2026-08-23","daynight":"N"}},{"type":"Feature","geometry":{"type":"Point","coordinates":[-93.0386,44.76572]},"properties":{"frp":1.09,"date":"2026-08-23","daynight":"N"}},{"type":"Feature","geometry":{"type":"Point","coordinates":[-92.07552,46.72933]},"properties":{"frp":1.45,"date":"2026-08-23","daynight":"N"}},{"type":"Feature","geometry":{"type":"Point","coordinates":[-102.90919,48.09839]},"properties":{"frp":0.54,"date":"2026-08-23","daynight":"N"}},{"type":"Feature","geometry":{"type":"Point","coordinates":[-103.36152,48.57235]},"properties":{"frp":1.36,"date":"2026-08-23","daynight":"N"}},{"type":"Feature","geometry":{"type":"Point","coordinates":[-103.35972,48.57523]},"properties":{"frp":1.36,"date":"2026-08-23","daynight":"N"}},{"type":"Feature","geometry":{"type":"Point","coordinates":[-103.30903,48.63647]},"properties":{"frp":1.0,"date":"2026-08-23","daynight":"N"}},{"type":"Feature","geometry":{"type":"Point","coordinates":[-105.2384,33.56734]},"properties":{"frp":1.45,"date":"2026-08-23","daynight":"N"}},{"type":"Feature","geometry":{"type":"Point","coordinates":[-105.22391,33.56894]},"properties":{"frp":1.09,"date":"2026-08-23","daynight":"N"}},{"type":"Feature","geometry":{"type":"Point","coordinates":[-105.23814,33.57231]},"properties":{"frp":1.45,"date":"2026-08-23","daynight":"N"}},{"type":"Feature","geometry":{"type":"Point","coordinates":[-100.99757,33.84959]},"properties":{"frp":1.07,"date":"2026-08-23","daynight":"N"}},{"type":"Feature","geometry":{"type":"Point","coordinates":[-101.00285,33.85104]},"properties":{"frp":1.07,"date":"2026-08-23","daynight":"N"}},{"type":"Feature","geometry":{"type":"Point","coordinates":[-113.31213,35.51727]},"properties":{"frp":1.21,"date":"2026-08-23","daynight":"N"}},{"type":"Feature","geometry":{"type":"Point","coordinates":[-113.31632,35.51795]},"properties":{"frp":1.21,"date":"2026-08-23","daynight":"N"}},{"type":"Feature","geometry":{"type":"Point","coordinates":[-121.67382,36.21728]},"properties":{"frp":1.33,"date":"2026-08-23","daynight":"N"}},{"type":"Feature","geometry":{"type":"Point","coordinates":[-121.66447,36.22555]},"properties":{"frp":3.68,"date":"2026-08-23","daynight":"N"}},{"type":"Feature","geometry":{"type":"Point","coordinates":[-121.66444,36.2301]},"properties":{"frp":3.68,"date":"2026-08-23","daynight":"N"}},{"type":"Feature","geometry":{"type":"Point","coordinates":[-121.68401,36.23183]},"properties":{"frp":0.9,"date":"2026-08-23","daynight":"N"}},{"type":"Feature","geometry":{"type":"Point","coordinates":[-121.65699,36.234]},"properties":{"frp":1.54,"date":"2026-08-23","daynight":"N"}},{"type":"Feature","geometry":{"type":"Point","coordinates":[-121.66338,36.23456]},"properties":{"frp":1.54,"date":"2026-08-23","daynight":"N"}},{"type":"Feature","geometry":{"type":"Point","coordinates":[-121.66958,36.23511]},"properties":{"frp":6.13,"date":"2026-08-23","daynight":"N"}},{"type":"Feature","geometry":{"type":"Point","coordinates":[-121.67506,36.23559]},"properties":{"frp":6.13,"date":"2026-08-23","daynight":"N"}},{"type":"Feature","geometry":{"type":"Point","coordinates":[-121.67993,36.23603]},"properties":{"frp":2.56,"date":"2026-08-23","daynight":"N"}},{"type":"Feature","geometry":{"type":"Point","coordinates":[-121.68433,36.23642]},"properties":{"frp":2.56,"date":"2026-08-23","daynight":"N"}},{"type":"Feature","geometry":{"type":"Point","coordinates":[-121.669,36.23961]},"properties":{"frp":6.13,"date":"2026-08-23","daynight":"N"}},{"type":"Feature","geometry":{"type":"Point","coordinates":[-121.67487,36.24013]},"properties":{"frp":6.13,"date":"2026-08-23","daynight":"N"}},{"type":"Feature","geometry":{"type":"Point","coordinates":[-121.68005,36.24059]},"properties":{"frp":2.56,"date":"2026-08-23","daynight":"N"}},{"type":"Feature","geometry":{"type":"Point","coordinates":[-121.68477,36.24101]},"properties":{"frp":2.56,"date":"2026-08-23","daynight":"N"}},{"type":"Feature","geometry":{"type":"Point","coordinates":[-121.66827,36.2441]},"properties":{"frp":3.28,"date":"2026-08-23","daynight":"N"}},{"type":"Feature","geometry":{"type":"Point","coordinates":[-121.67433,36.24464]},"properties":{"frp":3.28,"date":"2026-08-23","daynight":"N"}},{"type":"Feature","geometry":{"type":"Point","coordinates":[-121.68002,36.24514]},"properties":{"frp":1.61,"date":"2026-08-23","daynight":"N"}},{"type":"Feature","geometry":{"type":"Point","coordinates":[-121.6851,36.24559]},"properties":{"frp":1.61,"date":"2026-08-23","daynight":"N"}},{"type":"Feature","geometry":{"type":"Point","coordinates":[-121.71902,36.24861]},"properties":{"frp":3.03,"date":"2026-08-23","daynight":"N"}},{"type":"Feature","geometry":{"type":"Point","coordinates":[-121.67316,36.24909]},"properties":{"frp":3.28,"date":"2026-08-23","daynight":"N"}},{"type":"Feature","geometry":{"type":"Point","coordinates":[-121.72461,36.2491]},"properties":{"frp":4.65,"date":"2026-08-23","daynight":"N"}},{"type":"Feature","geometry":{"type":"Point","coordinates":[-121.67877,36.24959]},"properties":{"frp":1.61,"date":"2026-08-23","daynight":"N"}},{"type":"Feature","geometry":{"type":"Point","coordinates":[-121.70752,36.25215]},"properties":{"frp":5.4,"date":"2026-08-23","daynight":"N"}},{"type":"Feature","geometry":{"type":"Point","coordinates":[-121.71785,36.25307]},"properties":{"frp":3.03,"date":"2026-08-23","daynight":"N"}},{"type":"Feature","geometry":{"type":"Point","coordinates":[-121.67186,36.25353]},"properties":{"frp":1.35,"date":"2026-08-23","daynight":"N"}},{"type":"Feature","geometry":{"type":"Point","coordinates":[-121.72362,36.25359]},"properties":{"frp":4.65,"date":"2026-08-23","daynight":"N"}},{"type":"Feature","geometry":{"type":"Point","coordinates":[-121.72994,36.25414]},"properties":{"frp":4.65,"date":"2026-08-23","daynight":"N"}},{"type":"Feature","geometry":{"type":"Point","coordinates":[-121.71149,36.25707]},"properties":{"frp":3.58,"date":"2026-08-23","daynight":"N"}},{"type":"Feature","geometry":{"type":"Point","coordinates":[-121.71633,36.25751]},"properties":{"frp":3.58,"date":"2026-08-23","daynight":"N"}},{"type":"Feature","geometry":{"type":"Point","coordinates":[-121.72128,36.25795]},"properties":{"frp":6.92,"date":"2026-08-23","daynight":"N"}},{"type":"Feature","geometry":{"type":"Point","coordinates":[-121.72754,36.2585]},"properties":{"frp":6.92,"date":"2026-08-23","daynight":"N"}},{"type":"Feature","geometry":{"type":"Point","coordinates":[-121.71009,36.26151]},"properties":{"frp":3.58,"date":"2026-08-23","daynight":"N"}},{"type":"Feature","geometry":{"type":"Point","coordinates":[-121.7149,36.26194]},"properties":{"frp":3.58,"date":"2026-08-23","daynight":"N"}},{"type":"Feature","geometry":{"type":"Point","coordinates":[-121.71951,36.26236]},"properties":{"frp":6.92,"date":"2026-08-23","daynight":"N"}},{"type":"Feature","geometry":{"type":"Point","coordinates":[-121.72527,36.26287]},"properties":{"frp":6.92,"date":"2026-08-23","daynight":"N"}},{"type":"Feature","geometry":{"type":"Point","coordinates":[-121.70342,36.26548]},"properties":{"frp":4.85,"date":"2026-08-23","daynight":"N"}},{"type":"Feature","geometry":{"type":"Point","coordinates":[-121.70853,36.26594]},"properties":{"frp":29.4,"date":"2026-08-23","daynight":"N"}},{"type":"Feature","geometry":{"type":"Point","coordinates":[-121.71363,36.2664]},"properties":{"frp":29.4,"date":"2026-08-23","daynight":"N"}},{"type":"Feature","geometry":{"type":"Point","coordinates":[-121.7189,36.26687]},"properties":{"frp":43.41,"date":"2026-08-23","daynight":"N"}},{"type":"Feature","geometry":{"type":"Point","coordinates":[-121.72511,36.26743]},"properties":{"frp":43.41,"date":"2026-08-23","daynight":"N"}},{"type":"Feature","geometry":{"type":"Point","coordinates":[-121.69136,36.26896]},"properties":{"frp":2.24,"date":"2026-08-23","daynight":"N"}},{"type":"Feature","geometry":{"type":"Point","coordinates":[-121.69754,36.26952]},"properties":{"frp":4.85,"date":"2026-08-23","daynight":"N"}},{"type":"Feature","geometry":{"type":"Point","coordinates":[-121.70695,36.27036]},"properties":{"frp":29.4,"date":"2026-08-23","daynight":"N"}},{"type":"Feature","geometry":{"type":"Point","coordinates":[-121.71213,36.27083]},"properties":{"frp":29.4,"date":"2026-08-23","daynight":"N"}},{"type":"Feature","geometry":{"type":"Point","coordinates":[-121.71815,36.27137]},"properties":{"frp":43.41,"date":"2026-08-23","daynight":"N"}},{"type":"Feature","geometry":{"type":"Point","coordinates":[-121.67594,36.27213]},"properties":{"frp":2.27,"date":"2026-08-23","daynight":"N"}},{"type":"Feature","geometry":{"type":"Point","coordinates":[-121.68161,36.27264]},"properties":{"frp":2.11,"date":"2026-08-23","daynight":"N"}},{"type":"Feature","geometry":{"type":"Point","coordinates":[-121.68913,36.27332]},"properties":{"frp":2.11,"date":"2026-08-23","daynight":"N"}},{"type":"Feature","geometry":{"type":"Point","coordinates":[-121.69611,36.27394]},"properties":{"frp":2.39,"date":"2026-08-23","daynight":"N"}},{"type":"Feature","geometry":{"type":"Point","coordinates":[-121.71053,36.27525]},"properties":{"frp":6.56,"date":"2026-08-23","daynight":"N"}},{"type":"Feature","geometry":{"type":"Point","coordinates":[-121.7165,36.27579]},"properties":{"frp":5.11,"date":"2026-08-23","daynight":"N"}},{"type":"Feature","geometry":{"type":"Point","coordinates":[-121.67803,36.28143]},"properties":{"frp":1.12,"date":"2026-08-23","daynight":"N"}},{"type":"Feature","geometry":{"type":"Point","coordinates":[-121.68481,36.28205]},"properties":{"frp":1.12,"date":"2026-08-23","daynight":"N"}},{"type":"Feature","geometry":{"type":"Point","coordinates":[-121.6834,36.28648]},"properties":{"frp":1.12,"date":"2026-08-23","daynight":"N"}},{"type":"Feature","geometry":{"type":"Point","coordinates":[-119.91608,39.55415]},"properties":{"frp":1.7,"date":"2026-08-23","daynight":"N"}},{"type":"Feature","geometry":{"type":"Point","coordinates":[-119.9209,39.55459]},"properties":{"frp":5.56,"date":"2026-08-23","daynight":"N"}},{"type":"Feature","geometry":{"type":"Point","coordinates":[-119.91471,39.55833]},"properties":{"frp":1.68,"date":"2026-08-23","daynight":"N"}},{"type":"Feature","geometry":{"type":"Point","coordinates":[-119.91956,39.55877]},"properties":{"frp":2.77,"date":"2026-08-23","daynight":"N"}},{"type":"Feature","geometry":{"type":"Point","coordinates":[-119.87589,39.57625]},"properties":{"frp":1.15,"date":"2026-08-23","daynight":"N"}},{"type":"Feature","geometry":{"type":"Point","coordinates":[-119.87057,39.58005]},"properties":{"frp":0.92,"date":"2026-08-23","daynight":"N"}},{"type":"Feature","geometry":{"type":"Point","coordinates":[-119.97128,39.58073]},"properties":{"frp":1.46,"date":"2026-08-23","daynight":"N"}},{"type":"Feature","geometry":{"type":"Point","coordinates":[-119.96509,39.58448]},"properties":{"frp":1.46,"date":"2026-08-23","daynight":"N"}},{"type":"Feature","geometry":{"type":"Point","coordinates":[-119.97066,39.58499]},"properties":{"frp":1.46,"date":"2026-08-23","daynight":"N"}},{"type":"Feature","geometry":{"type":"Point","coordinates":[-119.96421,39.58871]},"properties":{"frp":2.81,"date":"2026-08-23","daynight":"N"}},{"type":"Feature","geometry":{"type":"Point","coordinates":[-119.96987,39.58923]},"properties":{"frp":2.81,"date":"2026-08-23","daynight":"N"}},{"type":"Feature","geometry":{"type":"Point","coordinates":[-119.9632,39.59293]},"properties":{"frp":2.81,"date":"2026-08-23","daynight":"N"}},{"type":"Feature","geometry":{"type":"Point","coordinates":[-119.92142,39.59338]},"properties":{"frp":3.11,"date":"2026-08-23","daynight":"N"}},{"type":"Feature","geometry":{"type":"Point","coordinates":[-119.96883,39.59345]},"properties":{"frp":2.81,"date":"2026-08-23","daynight":"N"}},{"type":"Feature","geometry":{"type":"Point","coordinates":[-119.92567,39.59377]},"properties":{"frp":3.11,"date":"2026-08-23","daynight":"N"}},{"type":"Feature","geometry":{"type":"Point","coordinates":[-119.95674,39.59665]},"properties":{"frp":1.89,"date":"2026-08-23","daynight":"N"}},{"type":"Feature","geometry":{"type":"Point","coordinates":[-119.96236,39.59717]},"properties":{"frp":15.32,"date":"2026-08-23","daynight":"N"}},{"type":"Feature","geometry":{"type":"Point","coordinates":[-119.96793,39.59769]},"properties":{"frp":15.32,"date":"2026-08-23","daynight":"N"}},{"type":"Feature","geometry":{"type":"Point","coordinates":[-119.92149,39.59769]},"properties":{"frp":3.11,"date":"2026-08-23","daynight":"N"}},{"type":"Feature","geometry":{"type":"Point","coordinates":[-119.92588,39.59809]},"properties":{"frp":3.11,"date":"2026-08-23","daynight":"N"}},{"type":"Feature","geometry":{"type":"Point","coordinates":[-119.97366,39.59821]},"properties":{"frp":2.82,"date":"2026-08-23","daynight":"N"}},{"type":"Feature","geometry":{"type":"Point","coordinates":[-119.9302,39.5985]},"properties":{"frp":3.18,"date":"2026-08-23","daynight":"N"}},{"type":"Feature","geometry":{"type":"Point","coordinates":[-119.9345,39.5989]},"properties":{"frp":3.18,"date":"2026-08-23","daynight":"N"}},{"type":"Feature","geometry":{"type":"Point","coordinates":[-119.93929,39.59935]},"properties":{"frp":1.71,"date":"2026-08-23","daynight":"N"}},{"type":"Feature","geometry":{"type":"Point","coordinates":[-119.94457,39.59983]},"properties":{"frp":1.71,"date":"2026-08-23","daynight":"N"}},{"type":"Feature","geometry":{"type":"Point","coordinates":[-119.95036,39.60038]},"properties":{"frp":1.89,"date":"2026-08-23","daynight":"N"}},{"type":"Feature","geometry":{"type":"Point","coordinates":[-119.95621,39.60091]},"properties":{"frp":1.89,"date":"2026-08-23","daynight":"N"}},{"type":"Feature","geometry":{"type":"Point","coordinates":[-119.96177,39.60143]},"properties":{"frp":15.32,"date":"2026-08-23","daynight":"N"}},{"type":"Feature","geometry":{"type":"Point","coordinates":[-119.96727,39.60194]},"properties":{"frp":15.32,"date":"2026-08-23","daynight":"N"}},{"type":"Feature","geometry":{"type":"Point","coordinates":[-119.92194,39.60203]},"properties":{"frp":1.35,"date":"2026-08-23","daynight":"N"}},{"type":"Feature","geometry":{"type":"Point","coordinates":[-119.92621,39.60243]},"properties":{"frp":1.35,"date":"2026-08-23","daynight":"N"}},{"type":"Feature","geometry":{"type":"Point","coordinates":[-119.97289,39.60246]},"properties":{"frp":2.82,"date":"2026-08-23","daynight":"N"}},{"type":"Feature","geometry":{"type":"Point","coordinates":[-119.93047,39.60283]},"properties":{"frp":18.35,"date":"2026-08-23","daynight":"N"}},{"type":"Feature","geometry":{"type":"Point","coordinates":[-119.93487,39.60324]},"properties":{"frp":18.35,"date":"2026-08-23","daynight":"N"}},{"type":"Feature","geometry":{"type":"Point","coordinates":[-119.93948,39.60367]},"properties":{"frp":17.36,"date":"2026-08-23","daynight":"N"}},{"type":"Feature","geometry":{"type":"Point","coordinates":[-119.94442,39.60413]},"properties":{"frp":17.36,"date":"2026-08-23","daynight":"N"}},{"type":"Feature","geometry":{"type":"Point","coordinates":[-119.95,39.60465]},"properties":{"frp":22.08,"date":"2026-08-23","daynight":"N"}},{"type":"Feature","geometry":{"type":"Point","coordinates":[-119.95583,39.60519]},"properties":{"frp":22.08,"date":"2026-08-23","daynight":"N"}},{"type":"Feature","geometry":{"type":"Point","coordinates":[-119.96137,39.60571]},"properties":{"frp":21.39,"date":"2026-08-23","daynight":"N"}},{"type":"Feature","geometry":{"type":"Point","coordinates":[-119.96687,39.60622]},"properties":{"frp":21.39,"date":"2026-08-23","daynight":"N"}},{"type":"Feature","geometry":{"type":"Point","coordinates":[-119.97241,39.60673]},"properties":{"frp":1.41,"date":"2026-08-23","daynight":"N"}},{"type":"Feature","geometry":{"type":"Point","coordinates":[-119.92666,39.60677]},"properties":{"frp":1.35,"date":"2026-08-23","daynight":"N"}},{"type":"Feature","geometry":{"type":"Point","coordinates":[-119.93103,39.60719]},"properties":{"frp":18.35,"date":"2026-08-23","daynight":"N"}},{"type":"Feature","geometry":{"type":"Point","coordinates":[-119.93549,39.6076]},"properties":{"frp":18.35,"date":"2026-08-23","daynight":"N"}},{"type":"Feature","geometry":{"type":"Point","coordinates":[-119.94002,39.60803]},"properties":{"frp":17.36,"date":"2026-08-23","daynight":"N"}},{"type":"Feature","geometry":{"type":"Point","coordinates":[-119.9448,39.60847]},"properties":{"frp":17.36,"date":"2026-08-23","daynight":"N"}},{"type":"Feature","geometry":{"type":"Point","coordinates":[-119.95017,39.60897]},"properties":{"frp":22.08,"date":"2026-08-23","daynight":"N"}},{"type":"Feature","geometry":{"type":"Point","coordinates":[-119.95577,39.6095]},"properties":{"frp":22.08,"date":"2026-08-23","daynight":"N"}},{"type":"Feature","geometry":{"type":"Point","coordinates":[-119.9613,39.61001]},"properties":{"frp":21.39,"date":"2026-08-23","daynight":"N"}},{"type":"Feature","geometry":{"type":"Point","coordinates":[-119.96673,39.61052]},"properties":{"frp":21.39,"date":"2026-08-23","daynight":"N"}},{"type":"Feature","geometry":{"type":"Point","coordinates":[-119.97212,39.61102]},"properties":{"frp":1.41,"date":"2026-08-23","daynight":"N"}},{"type":"Feature","geometry":{"type":"Point","coordinates":[-119.92722,39.61113]},"properties":{"frp":2.42,"date":"2026-08-23","daynight":"N"}},{"type":"Feature","geometry":{"type":"Point","coordinates":[-119.93176,39.61156]},"properties":{"frp":2.16,"date":"2026-08-23","daynight":"N"}},{"type":"Feature","geometry":{"type":"Point","coordinates":[-119.93616,39.61198]},"properties":{"frp":2.16,"date":"2026-08-23","daynight":"N"}},{"type":"Feature","geometry":{"type":"Point","coordinates":[-119.94065,39.61239]},"properties":{"frp":27.26,"date":"2026-08-23","daynight":"N"}},{"type":"Feature","geometry":{"type":"Point","coordinates":[-119.94525,39.61282]},"properties":{"frp":27.26,"date":"2026-08-23","daynight":"N"}},{"type":"Feature","geometry":{"type":"Point","coordinates":[-119.95039,39.61331]},"properties":{"frp":62.93,"date":"2026-08-23","daynight":"N"}},{"type":"Feature","geometry":{"type":"Point","coordinates":[-119.95579,39.61381]},"properties":{"frp":62.93,"date":"2026-08-23","daynight":"N"}},{"type":"Feature","geometry":{"type":"Point","coordinates":[-119.96129,39.61432]},"properties":{"frp":5.45,"date":"2026-08-23","daynight":"N"}},{"type":"Feature","geometry":{"type":"Point","coordinates":[-119.96671,39.61483]},"properties":{"frp":5.45,"date":"2026-08-23","daynight":"N"}},{"type":"Feature","geometry":{"type":"Point","coordinates":[-119.97208,39.61533]},"properties":{"frp":2.35,"date":"2026-08-23","daynight":"N"}},{"type":"Feature","geometry":{"type":"Point","coordinates":[-119.93198,39.61589]},"properties":{"frp":2.16,"date":"2026-08-23","daynight":"N"}},{"type":"Feature","geometry":{"type":"Point","coordinates":[-119.93644,39.61631]},"properties":{"frp":2.16,"date":"2026-08-23","daynight":"N"}},{"type":"Feature","geometry":{"type":"Point","coordinates":[-119.94098,39.61673]},"properties":{"frp":27.26,"date":"2026-08-23","daynight":"N"}},{"type":"Feature","geometry":{"type":"Point","coordinates":[-119.94566,39.61717]},"properties":{"frp":27.26,"date":"2026-08-23","daynight":"N"}},{"type":"Feature","geometry":{"type":"Point","coordinates":[-119.95058,39.61763]},"properties":{"frp":62.93,"date":"2026-08-23","daynight":"N"}},{"type":"Feature","geometry":{"type":"Point","coordinates":[-119.95581,39.61812]},"properties":{"frp":62.93,"date":"2026-08-23","daynight":"N"}},{"type":"Feature","geometry":{"type":"Point","coordinates":[-119.96134,39.61864]},"properties":{"frp":5.45,"date":"2026-08-23","daynight":"N"}},{"type":"Feature","geometry":{"type":"Point","coordinates":[-119.9176,39.61884]},"properties":{"frp":2.26,"date":"2026-08-23","daynight":"N"}},{"type":"Feature","geometry":{"type":"Point","coordinates":[-119.96681,39.61915]},"properties":{"frp":5.45,"date":"2026-08-23","daynight":"N"}},{"type":"Feature","geometry":{"type":"Point","coordinates":[-119.92259,39.61931]},"properties":{"frp":1.14,"date":"2026-08-23","daynight":"N"}},{"type":"Feature","geometry":{"type":"Point","coordinates":[-119.92737,39.61976]},"properties":{"frp":1.14,"date":"2026-08-23","daynight":"N"}},{"type":"Feature","geometry":{"type":"Point","coordinates":[-119.932,39.6202]},"properties":{"frp":15.51,"date":"2026-08-23","daynight":"N"}},{"type":"Feature","geometry":{"type":"Point","coordinates":[-119.93661,39.62063]},"properties":{"frp":15.51,"date":"2026-08-23","daynight":"N"}},{"type":"Feature","geometry":{"type":"Point","coordinates":[-119.89185,39.62071]},"properties":{"frp":0.91,"date":"2026-08-23","daynight":"N"}},{"type":"Feature","geometry":{"type":"Point","coordinates":[-119.94125,39.62107]},"properties":{"frp":81.57,"date":"2026-08-23","daynight":"N"}},{"type":"Feature","geometry":{"type":"Point","coordinates":[-119.94596,39.62151]},"properties":{"frp":81.57,"date":"2026-08-23","daynight":"N"}},{"type":"Feature","geometry":{"type":"Point","coordinates":[-119.95078,39.62196]},"properties":{"frp":66.46,"date":"2026-08-23","daynight":"N"}},{"type":"Feature","geometry":{"type":"Point","coordinates":[-119.95593,39.62245]},"properties":{"frp":66.46,"date":"2026-08-23","daynight":"N"}},{"type":"Feature","geometry":{"type":"Point","coordinates":[-119.96146,39.62297]},"properties":{"frp":2.49,"date":"2026-08-23","daynight":"N"}},{"type":"Feature","geometry":{"type":"Point","coordinates":[-119.96689,39.62348]},"properties":{"frp":2.49,"date":"2026-08-23","daynight":"N"}},{"type":"Feature","geometry":{"type":"Point","coordinates":[-119.92223,39.62359]},"properties":{"frp":1.14,"date":"2026-08-23","daynight":"N"}},{"type":"Feature","geometry":{"type":"Point","coordinates":[-119.92704,39.62404]},"properties":{"frp":1.14,"date":"2026-08-23","daynight":"N"}},{"type":"Feature","geometry":{"type":"Point","coordinates":[-119.9318,39.62449]},"properties":{"frp":15.51,"date":"2026-08-23","daynight":"N"}},{"type":"Feature","geometry":{"type":"Point","coordinates":[-119.93654,39.62494]},"properties":{"frp":15.51,"date":"2026-08-23","daynight":"N"}},{"type":"Feature","geometry":{"type":"Point","coordinates":[-119.94617,39.62584]},"properties":{"frp":81.57,"date":"2026-08-23","daynight":"N"}},{"type":"Feature","geometry":{"type":"Point","coordinates":[-119.95111,39.62631]},"properties":{"frp":66.46,"date":"2026-08-23","daynight":"N"}},{"type":"Feature","geometry":{"type":"Point","coordinates":[-119.95629,39.62679]},"properties":{"frp":66.46,"date":"2026-08-23","daynight":"N"}},{"type":"Feature","geometry":{"type":"Point","coordinates":[-119.96162,39.6273]},"properties":{"frp":2.49,"date":"2026-08-23","daynight":"N"}},{"type":"Feature","geometry":{"type":"Point","coordinates":[-119.92655,39.6283]},"properties":{"frp":2.35,"date":"2026-08-23","daynight":"N"}},{"type":"Feature","geometry":{"type":"Point","coordinates":[-119.9314,39.62876]},"properties":{"frp":4.1,"date":"2026-08-23","daynight":"N"}},{"type":"Feature","geometry":{"type":"Point","coordinates":[-119.93632,39.62923]},"properties":{"frp":4.1,"date":"2026-08-23","daynight":"N"}},{"type":"Feature","geometry":{"type":"Point","coordinates":[-119.94124,39.62969]},"properties":{"frp":36.94,"date":"2026-08-23","daynight":"N"}},{"type":"Feature","geometry":{"type":"Point","coordinates":[-119.94622,39.63017]},"properties":{"frp":36.94,"date":"2026-08-23","daynight":"N"}},{"type":"Feature","geometry":{"type":"Point","coordinates":[-119.95129,39.63064]},"properties":{"frp":7.79,"date":"2026-08-23","daynight":"N"}},{"type":"Feature","geometry":{"type":"Point","coordinates":[-119.93068,39.633]},"properties":{"frp":4.1,"date":"2026-08-23","daynight":"N"}},{"type":"Feature","geometry":{"type":"Point","coordinates":[-119.93562,39.63347]},"properties":{"frp":4.1,"date":"2026-08-23","daynight":"N"}},{"type":"Feature","geometry":{"type":"Point","coordinates":[-119.94069,39.63395]},"properties":{"frp":36.94,"date":"2026-08-23","daynight":"N"}},{"type":"Feature","geometry":{"type":"Point","coordinates":[-119.94594,39.63445]},"properties":{"frp":36.94,"date":"2026-08-23","daynight":"N"}},{"type":"Feature","geometry":{"type":"Point","coordinates":[-94.36636,40.31324]},"properties":{"frp":0.61,"date":"2026-08-23","daynight":"N"}},{"type":"Feature","geometry":{"type":"Point","coordinates":[-94.3681,40.31511]},"properties":{"frp":0.76,"date":"2026-08-23","daynight":"N"}},{"type":"Feature","geometry":{"type":"Point","coordinates":[-112.1927,41.87606]},"properties":{"frp":0.41,"date":"2026-08-23","daynight":"N"}},{"type":"Feature","geometry":{"type":"Point","coordinates":[-112.19637,41.88005]},"properties":{"frp":1.21,"date":"2026-08-23","daynight":"N"}},{"type":"Feature","geometry":{"type":"Point","coordinates":[-121.66521,42.41247]},"properties":{"frp":2.07,"date":"2026-08-23","daynight":"N"}},{"type":"Feature","geometry":{"type":"Point","coordinates":[-121.66605,42.41739]},"properties":{"frp":2.07,"date":"2026-08-23","daynight":"N"}},{"type":"Feature","geometry":{"type":"Point","coordinates":[-111.59479,42.68465]},"properties":{"frp":2.34,"date":"2026-08-23","daynight":"N"}},{"type":"Feature","geometry":{"type":"Point","coordinates":[-111.58921,42.68719]},"properties":{"frp":4.7,"date":"2026-08-23","daynight":"N"}},{"type":"Feature","geometry":{"type":"Point","coordinates":[-111.59385,42.68792]},"properties":{"frp":6.81,"date":"2026-08-23","daynight":"N"}},{"type":"Feature","geometry":{"type":"Point","coordinates":[-115.54016,43.81647]},"properties":{"frp":2.01,"date":"2026-08-23","daynight":"N"}},{"type":"Feature","geometry":{"type":"Point","coordinates":[-115.54564,43.81712]},"properties":{"frp":1.49,"date":"2026-08-23","daynight":"N"}},{"type":"Feature","geometry":{"type":"Point","coordinates":[-115.55109,43.81776]},"properties":{"frp":1.49,"date":"2026-08-23","daynight":"N"}},{"type":"Feature","geometry":{"type":"Point","coordinates":[-115.54478,43.82074]},"properties":{"frp":1.49,"date":"2026-08-23","daynight":"N"}},{"type":"Feature","geometry":{"type":"Point","coordinates":[-115.55032,43.82138]},"properties":{"frp":1.49,"date":"2026-08-23","daynight":"N"}},{"type":"Feature","geometry":{"type":"Point","coordinates":[-115.5559,43.82204]},"properties":{"frp":4.69,"date":"2026-08-23","daynight":"N"}},{"type":"Feature","geometry":{"type":"Point","coordinates":[-115.54939,43.82499]},"properties":{"frp":1.06,"date":"2026-08-23","daynight":"N"}},{"type":"Feature","geometry":{"type":"Point","coordinates":[-115.55431,43.82928]},"properties":{"frp":3.13,"date":"2026-08-23","daynight":"N"}},{"type":"Feature","geometry":{"type":"Point","coordinates":[-115.55312,43.83287]},"properties":{"frp":1.08,"date":"2026-08-23","daynight":"N"}},{"type":"Feature","geometry":{"type":"Point","coordinates":[-115.56373,43.83783]},"properties":{"frp":1.4,"date":"2026-08-23","daynight":"N"}},{"type":"Feature","geometry":{"type":"Point","coordinates":[-115.56825,43.84209]},"properties":{"frp":1.96,"date":"2026-08-23","daynight":"N"}},{"type":"Feature","geometry":{"type":"Point","coordinates":[-115.56135,43.845]},"properties":{"frp":1.96,"date":"2026-08-23","daynight":"N"}},{"type":"Feature","geometry":{"type":"Point","coordinates":[-115.56712,43.84568]},"properties":{"frp":1.96,"date":"2026-08-23","daynight":"N"}},{"type":"Feature","geometry":{"type":"Point","coordinates":[-115.54963,43.84734]},"properties":{"frp":4.58,"date":"2026-08-23","daynight":"N"}},{"type":"Feature","geometry":{"type":"Point","coordinates":[-115.55493,43.84797]},"properties":{"frp":4.58,"date":"2026-08-23","daynight":"N"}},{"type":"Feature","geometry":{"type":"Point","coordinates":[-115.56036,43.8486]},"properties":{"frp":2.0,"date":"2026-08-23","daynight":"N"}},{"type":"Feature","geometry":{"type":"Point","coordinates":[-115.54908,43.85099]},"properties":{"frp":4.58,"date":"2026-08-23","daynight":"N"}},{"type":"Feature","geometry":{"type":"Point","coordinates":[-115.55429,43.8516]},"properties":{"frp":4.58,"date":"2026-08-23","daynight":"N"}},{"type":"Feature","geometry":{"type":"Point","coordinates":[-120.46436,44.47977]},"properties":{"frp":1.1,"date":"2026-08-23","daynight":"N"}},{"type":"Feature","geometry":{"type":"Point","coordinates":[-120.47102,44.48023]},"properties":{"frp":1.1,"date":"2026-08-23","daynight":"N"}},{"type":"Feature","geometry":{"type":"Point","coordinates":[-120.4697,44.48196]},"properties":{"frp":1.54,"date":"2026-08-23","daynight":"N"}},{"type":"Feature","geometry":{"type":"Point","coordinates":[-93.03806,44.76326]},"properties":{"frp":2.41,"date":"2026-08-23","daynight":"N"}},{"type":"Feature","geometry":{"type":"Point","coordinates":[-118.26972,44.81456]},"properties":{"frp":5.71,"date":"2026-08-23","daynight":"N"}},{"type":"Feature","geometry":{"type":"Point","coordinates":[-118.26797,44.81861]},"properties":{"frp":5.71,"date":"2026-08-23","daynight":"N"}},{"type":"Feature","geometry":{"type":"Point","coordinates":[-118.27338,44.81911]},"properties":{"frp":9.42,"date":"2026-08-23","daynight":"N"}},{"type":"Feature","geometry":{"type":"Point","coordinates":[-118.26498,44.81961]},"properties":{"frp":14.2,"date":"2026-08-23","daynight":"N"}},{"type":"Feature","geometry":{"type":"Point","coordinates":[-118.27023,44.82007]},"properties":{"frp":14.2,"date":"2026-08-23","daynight":"N"}},{"type":"Feature","geometry":{"type":"Point","coordinates":[-118.27579,44.82055]},"properties":{"frp":6.69,"date":"2026-08-23","daynight":"N"}},{"type":"Feature","geometry":{"type":"Point","coordinates":[-118.26659,44.8227]},"properties":{"frp":12.84,"date":"2026-08-23","daynight":"N"}},{"type":"Feature","geometry":{"type":"Point","coordinates":[-118.27191,44.8232]},"properties":{"frp":10.51,"date":"2026-08-23","daynight":"N"}},{"type":"Feature","geometry":{"type":"Point","coordinates":[-118.27744,44.82371]},"properties":{"frp":10.51,"date":"2026-08-23","daynight":"N"}},{"type":"Feature","geometry":{"type":"Point","coordinates":[-118.2637,44.82372]},"properties":{"frp":14.2,"date":"2026-08-23","daynight":"N"}},{"type":"Feature","geometry":{"type":"Point","coordinates":[-118.26894,44.82418]},"properties":{"frp":14.2,"date":"2026-08-23","daynight":"N"}},{"type":"Feature","geometry":{"type":"Point","coordinates":[-118.27438,44.82465]},"properties":{"frp":6.69,"date":"2026-08-23","daynight":"N"}},{"type":"Feature","geometry":{"type":"Point","coordinates":[-118.27983,44.82512]},"properties":{"frp":6.69,"date":"2026-08-23","daynight":"N"}},{"type":"Feature","geometry":{"type":"Point","coordinates":[-118.26556,44.82682]},"properties":{"frp":12.84,"date":"2026-08-23","daynight":"N"}},{"type":"Feature","geometry":{"type":"Point","coordinates":[-118.27079,44.82731]},"properties":{"frp":10.51,"date":"2026-08-23","daynight":"N"}},{"type":"Feature","geometry":{"type":"Point","coordinates":[-118.27611,44.8278]},"properties":{"frp":10.51,"date":"2026-08-23","daynight":"N"}},{"type":"Feature","geometry":{"type":"Point","coordinates":[-118.26277,44.82785]},"properties":{"frp":20.05,"date":"2026-08-23","daynight":"N"}},{"type":"Feature","geometry":{"type":"Point","coordinates":[-118.28149,44.8283]},"properties":{"frp":10.36,"date":"2026-08-23","daynight":"N"}},{"type":"Feature","geometry":{"type":"Point","coordinates":[-118.26792,44.8283]},"properties":{"frp":20.05,"date":"2026-08-23","daynight":"N"}},{"type":"Feature","geometry":{"type":"Point","coordinates":[-118.27317,44.82876]},"properties":{"frp":8.64,"date":"2026-08-23","daynight":"N"}},{"type":"Feature","geometry":{"type":"Point","coordinates":[-118.27851,44.82923]},"properties":{"frp":8.64,"date":"2026-08-23","daynight":"N"}},{"type":"Feature","geometry":{"type":"Point","coordinates":[-118.28394,44.8297]},"properties":{"frp":4.14,"date":"2026-08-23","daynight":"N"}},{"type":"Feature","geometry":{"type":"Point","coordinates":[-118.25729,44.83158]},"properties":{"frp":3.02,"date":"2026-08-23","daynight":"N"}},{"type":"Feature","geometry":{"type":"Point","coordinates":[-118.26215,44.832]},"properties":{"frp":20.05,"date":"2026-08-23","daynight":"N"}},{"type":"Feature","geometry":{"type":"Point","coordinates":[-118.26714,44.83245]},"properties":{"frp":20.05,"date":"2026-08-23","daynight":"N"}},{"type":"Feature","geometry":{"type":"Point","coordinates":[-118.27219,44.83289]},"properties":{"frp":8.64,"date":"2026-08-23","daynight":"N"}},{"type":"Feature","geometry":{"type":"Point","coordinates":[-118.27729,44.83334]},"properties":{"frp":8.64,"date":"2026-08-23","daynight":"N"}},{"type":"Feature","geometry":{"type":"Point","coordinates":[-118.28269,44.83382]},"properties":{"frp":4.14,"date":"2026-08-23","daynight":"N"}},{"type":"Feature","geometry":{"type":"Point","coordinates":[-118.25702,44.83577]},"properties":{"frp":1.72,"date":"2026-08-23","daynight":"N"}},{"type":"Feature","geometry":{"type":"Point","coordinates":[-118.26173,44.83618]},"properties":{"frp":40.05,"date":"2026-08-23","daynight":"N"}},{"type":"Feature","geometry":{"type":"Point","coordinates":[-118.26652,44.83661]},"properties":{"frp":40.05,"date":"2026-08-23","daynight":"N"}},{"type":"Feature","geometry":{"type":"Point","coordinates":[-118.27135,44.83704]},"properties":{"frp":6.34,"date":"2026-08-23","daynight":"N"}},{"type":"Feature","geometry":{"type":"Point","coordinates":[-118.27628,44.83747]},"properties":{"frp":6.34,"date":"2026-08-23","daynight":"N"}},{"type":"Feature","geometry":{"type":"Point","coordinates":[-118.28149,44.83793]},"properties":{"frp":5.05,"date":"2026-08-23","daynight":"N"}},{"type":"Feature","geometry":{"type":"Point","coordinates":[-118.2869,44.83841]},"properties":{"frp":5.05,"date":"2026-08-23","daynight":"N"}},{"type":"Feature","geometry":{"type":"Point","coordinates":[-118.26122,44.84035]},"properties":{"frp":40.05,"date":"2026-08-23","daynight":"N"}},{"type":"Feature","geometry":{"type":"Point","coordinates":[-118.26593,44.84077]},"properties":{"frp":40.05,"date":"2026-08-23","daynight":"N"}},{"type":"Feature","geometry":{"type":"Point","coordinates":[-118.27065,44.84119]},"properties":{"frp":6.34,"date":"2026-08-23","daynight":"N"}},{"type":"Feature","geometry":{"type":"Point","coordinates":[-118.27549,44.84162]},"properties":{"frp":6.34,"date":"2026-08-23","daynight":"N"}},{"type":"Feature","geometry":{"type":"Point","coordinates":[-118.28052,44.84207]},"properties":{"frp":5.05,"date":"2026-08-23","daynight":"N"}},{"type":"Feature","geometry":{"type":"Point","coordinates":[-118.28565,44.84252]},"properties":{"frp":5.05,"date":"2026-08-23","daynight":"N"}},{"type":"Feature","geometry":{"type":"Point","coordinates":[-118.19485,44.84287]},"properties":{"frp":25.67,"date":"2026-08-23","daynight":"N"}},{"type":"Feature","geometry":{"type":"Point","coordinates":[-118.24403,44.84305]},"properties":{"frp":9.3,"date":"2026-08-23","daynight":"N"}},{"type":"Feature","geometry":{"type":"Point","coordinates":[-118.20148,44.84346]},"properties":{"frp":25.67,"date":"2026-08-23","daynight":"N"}},{"type":"Feature","geometry":{"type":"Point","coordinates":[-118.24964,44.84354]},"properties":{"frp":154.4,"date":"2026-08-23","daynight":"N"}},{"type":"Feature","geometry":{"type":"Point","coordinates":[-118.25541,44.84405]},"properties":{"frp":154.4,"date":"2026-08-23","daynight":"N"}},{"type":"Feature","geometry":{"type":"Point","coordinates":[-118.26053,44.8445]},"properties":{"frp":13.55,"date":"2026-08-23","daynight":"N"}},{"type":"Feature","geometry":{"type":"Point","coordinates":[-118.26537,44.84494]},"properties":{"frp":13.55,"date":"2026-08-23","daynight":"N"}},{"type":"Feature","geometry":{"type":"Point","coordinates":[-118.27,44.84535]},"properties":{"frp":3.6,"date":"2026-08-23","daynight":"N"}},{"type":"Feature","geometry":{"type":"Point","coordinates":[-118.2748,44.84578]},"properties":{"frp":3.6,"date":"2026-08-23","daynight":"N"}},{"type":"Feature","geometry":{"type":"Point","coordinates":[-118.27975,44.84621]},"properties":{"frp":4.28,"date":"2026-08-23","daynight":"N"}},{"type":"Feature","geometry":{"type":"Point","coordinates":[-118.28458,44.84665]},"properties":{"frp":4.28,"date":"2026-08-23","daynight":"N"}},{"type":"Feature","geometry":{"type":"Point","coordinates":[-118.19312,44.84692]},"properties":{"frp":5.81,"date":"2026-08-23","daynight":"N"}},{"type":"Feature","geometry":{"type":"Point","coordinates":[-118.24277,44.84715]},"properties":{"frp":9.3,"date":"2026-08-23","daynight":"N"}},{"type":"Feature","geometry":{"type":"Point","coordinates":[-118.19994,44.84753]},"properties":{"frp":5.81,"date":"2026-08-23","daynight":"N"}},{"type":"Feature","geometry":{"type":"Point","coordinates":[-118.25942,44.84863]},"properties":{"frp":13.55,"date":"2026-08-23","daynight":"N"}},{"type":"Feature","geometry":{"type":"Point","coordinates":[-118.2646,44.84908]},"properties":{"frp":13.55,"date":"2026-08-23","daynight":"N"}},{"type":"Feature","geometry":{"type":"Point","coordinates":[-118.26951,44.84952]},"properties":{"frp":3.6,"date":"2026-08-23","daynight":"N"}},{"type":"Feature","geometry":{"type":"Point","coordinates":[-118.27437,44.84996]},"properties":{"frp":3.6,"date":"2026-08-23","daynight":"N"}},{"type":"Feature","geometry":{"type":"Point","coordinates":[-118.27914,44.85038]},"properties":{"frp":4.28,"date":"2026-08-23","daynight":"N"}},{"type":"Feature","geometry":{"type":"Point","coordinates":[-118.19176,44.85101]},"properties":{"frp":5.81,"date":"2026-08-23","daynight":"N"}},{"type":"Feature","geometry":{"type":"Point","coordinates":[-118.19824,44.85158]},"properties":{"frp":5.81,"date":"2026-08-23","daynight":"N"}},{"type":"Feature","geometry":{"type":"Point","coordinates":[-118.24686,44.85173]},"properties":{"frp":24.11,"date":"2026-08-23","daynight":"N"}},{"type":"Feature","geometry":{"type":"Point","coordinates":[-118.25213,44.85219]},"properties":{"frp":24.11,"date":"2026-08-23","daynight":"N"}},{"type":"Feature","geometry":{"type":"Point","coordinates":[-118.25787,44.8527]},"properties":{"frp":48.92,"date":"2026-08-23","daynight":"N"}},{"type":"Feature","geometry":{"type":"Point","coordinates":[-118.2636,44.85321]},"properties":{"frp":48.92,"date":"2026-08-23","daynight":"N"}},{"type":"Feature","geometry":{"type":"Point","coordinates":[-118.2457,44.85583]},"properties":{"frp":24.11,"date":"2026-08-23","daynight":"N"}},{"type":"Feature","geometry":{"type":"Point","coordinates":[-118.25079,44.85629]},"properties":{"frp":24.11,"date":"2026-08-23","daynight":"N"}},{"type":"Feature","geometry":{"type":"Point","coordinates":[-118.25613,44.85677]},"properties":{"frp":48.92,"date":"2026-08-23","daynight":"N"}},{"type":"Feature","geometry":{"type":"Point","coordinates":[-118.26201,44.85729]},"properties":{"frp":48.92,"date":"2026-08-23","daynight":"N"}},{"type":"Feature","geometry":{"type":"Point","coordinates":[-118.26762,44.85779]},"properties":{"frp":4.98,"date":"2026-08-23","daynight":"N"}},{"type":"Feature","geometry":{"type":"Point","coordinates":[-118.25465,44.86085]},"properties":{"frp":0.91,"date":"2026-08-23","daynight":"N"}},{"type":"Feature","geometry":{"type":"Point","coordinates":[-122.00249,45.00654]},"properties":{"frp":1.7,"date":"2026-08-23","daynight":"N"}},{"type":"Feature","geometry":{"type":"Point","coordinates":[-121.98238,45.00675]},"properties":{"frp":2.32,"date":"2026-08-23","daynight":"N"}},{"type":"Feature","geometry":{"type":"Point","coordinates":[-122.08305,45.12636]},"properties":{"frp":3.23,"date":"2026-08-23","daynight":"N"}},{"type":"Feature","geometry":{"type":"Point","coordinates":[-122.08883,45.12667]},"properties":{"frp":5.71,"date":"2026-08-23","daynight":"N"}},{"type":"Feature","geometry":{"type":"Point","coordinates":[-122.07581,45.13105]},"properties":{"frp":3.23,"date":"2026-08-23","daynight":"N"}},{"type":"Feature","geometry":{"type":"Point","coordinates":[-122.08356,45.13147]},"properties":{"frp":3.23,"date":"2026-08-23","daynight":"N"}},{"type":"Feature","geometry":{"type":"Point","coordinates":[-113.35088,45.47078]},"properties":{"frp":0.82,"date":"2026-08-23","daynight":"N"}},{"type":"Feature","geometry":{"type":"Point","coordinates":[-113.34444,45.47348]},"properties":{"frp":0.82,"date":"2026-08-23","daynight":"N"}},{"type":"Feature","geometry":{"type":"Point","coordinates":[-113.34386,45.4946]},"properties":{"frp":1.13,"date":"2026-08-23","daynight":"N"}},{"type":"Feature","geometry":{"type":"Point","coordinates":[-113.33752,45.4973]},"properties":{"frp":0.84,"date":"2026-08-23","daynight":"N"}},{"type":"Feature","geometry":{"type":"Point","coordinates":[-113.34303,45.49803]},"properties":{"frp":0.84,"date":"2026-08-23","daynight":"N"}},{"type":"Feature","geometry":{"type":"Point","coordinates":[-113.17014,45.51385]},"properties":{"frp":0.58,"date":"2026-08-23","daynight":"N"}},{"type":"Feature","geometry":{"type":"Point","coordinates":[-113.15186,45.51843]},"properties":{"frp":1.88,"date":"2026-08-23","daynight":"N"}},{"type":"Feature","geometry":{"type":"Point","coordinates":[-113.15089,45.52182]},"properties":{"frp":0.46,"date":"2026-08-23","daynight":"N"}},{"type":"Feature","geometry":{"type":"Point","coordinates":[-118.01507,45.57557]},"properties":{"frp":1.6,"date":"2026-08-23","daynight":"N"}},{"type":"Feature","geometry":{"type":"Point","coordinates":[-118.02053,45.57605]},"properties":{"frp":1.6,"date":"2026-08-23","daynight":"N"}},{"type":"Feature","geometry":{"type":"Point","coordinates":[-118.01392,45.57967]},"properties":{"frp":1.6,"date":"2026-08-23","daynight":"N"}},{"type":"Feature","geometry":{"type":"Point","coordinates":[-118.01955,45.58017]},"properties":{"frp":1.6,"date":"2026-08-23","daynight":"N"}},{"type":"Feature","geometry":{"type":"Point","coordinates":[-118.01817,45.58426]},"properties":{"frp":0.4,"date":"2026-08-23","daynight":"N"}},{"type":"Feature","geometry":{"type":"Point","coordinates":[-118.19806,45.59167]},"properties":{"frp":1.01,"date":"2026-08-23","daynight":"N"}},{"type":"Feature","geometry":{"type":"Point","coordinates":[-118.19741,45.59586]},"properties":{"frp":1.01,"date":"2026-08-23","daynight":"N"}},{"type":"Feature","geometry":{"type":"Point","coordinates":[-118.20823,45.5968]},"properties":{"frp":1.07,"date":"2026-08-23","daynight":"N"}},{"type":"Feature","geometry":{"type":"Point","coordinates":[-118.20765,45.601]},"properties":{"frp":1.03,"date":"2026-08-23","daynight":"N"}},{"type":"Feature","geometry":{"type":"Point","coordinates":[-118.22269,45.61081]},"properties":{"frp":0.58,"date":"2026-08-23","daynight":"N"}},{"type":"Feature","geometry":{"type":"Point","coordinates":[-120.21343,45.64765]},"properties":{"frp":1.1,"date":"2026-08-23","daynight":"N"}},{"type":"Feature","geometry":{"type":"Point","coordinates":[-118.25249,45.6901]},"properties":{"frp":0.76,"date":"2026-08-23","daynight":"N"}},{"type":"Feature","geometry":{"type":"Point","coordinates":[-118.11193,45.75837]},"properties":{"frp":3.54,"date":"2026-08-23","daynight":"N"}},{"type":"Feature","geometry":{"type":"Point","coordinates":[-118.15208,45.76202]},"properties":{"frp":0.85,"date":"2026-08-23","daynight":"N"}},{"type":"Feature","geometry":{"type":"Point","coordinates":[-118.15707,45.76246]},"properties":{"frp":1.27,"date":"2026-08-23","daynight":"N"}},{"type":"Feature","geometry":{"type":"Point","coordinates":[-118.00664,45.95763]},"properties":{"frp":0.71,"date":"2026-08-23","daynight":"N"}},{"type":"Feature","geometry":{"type":"Point","coordinates":[-118.00174,45.96141]},"properties":{"frp":1.43,"date":"2026-08-23","daynight":"N"}},{"type":"Feature","geometry":{"type":"Point","coordinates":[-117.98395,45.96401]},"properties":{"frp":0.99,"date":"2026-08-23","daynight":"N"}},{"type":"Feature","geometry":{"type":"Point","coordinates":[-117.9903,45.96459]},"properties":{"frp":0.99,"date":"2026-08-23","daynight":"N"}},{"type":"Feature","geometry":{"type":"Point","coordinates":[-117.98318,45.96471]},"properties":{"frp":0.91,"date":"2026-08-23","daynight":"N"}},{"type":"Feature","geometry":{"type":"Point","coordinates":[-117.98958,45.96526]},"properties":{"frp":1.4,"date":"2026-08-23","daynight":"N"}},{"type":"Feature","geometry":{"type":"Point","coordinates":[-118.01836,45.96714]},"properties":{"frp":2.14,"date":"2026-08-23","daynight":"N"}},{"type":"Feature","geometry":{"type":"Point","coordinates":[-118.01776,45.96767]},"properties":{"frp":4.27,"date":"2026-08-23","daynight":"N"}},{"type":"Feature","geometry":{"type":"Point","coordinates":[-118.00738,45.97038]},"properties":{"frp":4.16,"date":"2026-08-23","daynight":"N"}},{"type":"Feature","geometry":{"type":"Point","coordinates":[-118.01287,45.97087]},"properties":{"frp":4.16,"date":"2026-08-23","daynight":"N"}},{"type":"Feature","geometry":{"type":"Point","coordinates":[-118.00682,45.97095]},"properties":{"frp":2.82,"date":"2026-08-23","daynight":"N"}},{"type":"Feature","geometry":{"type":"Point","coordinates":[-118.0184,45.97138]},"properties":{"frp":3.36,"date":"2026-08-23","daynight":"N"}},{"type":"Feature","geometry":{"type":"Point","coordinates":[-118.01225,45.97142]},"properties":{"frp":4.27,"date":"2026-08-23","daynight":"N"}},{"type":"Feature","geometry":{"type":"Point","coordinates":[-117.97659,45.97177]},"properties":{"frp":1.12,"date":"2026-08-23","daynight":"N"}},{"type":"Feature","geometry":{"type":"Point","coordinates":[-118.0178,45.97189]},"properties":{"frp":4.27,"date":"2026-08-23","daynight":"N"}},{"type":"Feature","geometry":{"type":"Point","coordinates":[-118.02406,45.9719]},"properties":{"frp":3.36,"date":"2026-08-23","daynight":"N"}},{"type":"Feature","geometry":{"type":"Point","coordinates":[-118.02336,45.97237]},"properties":{"frp":2.79,"date":"2026-08-23","daynight":"N"}},{"type":"Feature","geometry":{"type":"Point","coordinates":[-117.98317,45.97238]},"properties":{"frp":1.98,"date":"2026-08-23","daynight":"N"}},{"type":"Feature","geometry":{"type":"Point","coordinates":[-117.98227,45.97306]},"properties":{"frp":1.4,"date":"2026-08-23","daynight":"N"}},{"type":"Feature","geometry":{"type":"Point","coordinates":[-118.0182,45.97559]},"properties":{"frp":3.36,"date":"2026-08-23","daynight":"N"}},{"type":"Feature","geometry":{"type":"Point","coordinates":[-118.02352,45.97608]},"properties":{"frp":3.36,"date":"2026-08-23","daynight":"N"}},{"type":"Feature","geometry":{"type":"Point","coordinates":[-118.01757,45.97609]},"properties":{"frp":5.71,"date":"2026-08-23","daynight":"N"}},{"type":"Feature","geometry":{"type":"Point","coordinates":[-118.02855,45.97653]},"properties":{"frp":1.03,"date":"2026-08-23","daynight":"N"}},{"type":"Feature","geometry":{"type":"Point","coordinates":[-118.02295,45.97655]},"properties":{"frp":26.04,"date":"2026-08-23","daynight":"N"}},{"type":"Feature","geometry":{"type":"Point","coordinates":[-118.02782,45.97698]},"properties":{"frp":26.04,"date":"2026-08-23","daynight":"N"}},{"type":"Feature","geometry":{"type":"Point","coordinates":[-117.95589,45.97922]},"properties":{"frp":1.38,"date":"2026-08-23","daynight":"N"}},{"type":"Feature","geometry":{"type":"Point","coordinates":[-118.0172,45.98028]},"properties":{"frp":5.71,"date":"2026-08-23","daynight":"N"}},{"type":"Feature","geometry":{"type":"Point","coordinates":[-118.02254,45.98074]},"properties":{"frp":26.04,"date":"2026-08-23","daynight":"N"}},{"type":"Feature","geometry":{"type":"Point","coordinates":[-118.02757,45.98118]},"properties":{"frp":26.04,"date":"2026-08-23","daynight":"N"}},{"type":"Feature","geometry":{"type":"Point","coordinates":[-118.0331,45.98166]},"properties":{"frp":8.17,"date":"2026-08-23","daynight":"N"}},{"type":"Feature","geometry":{"type":"Point","coordinates":[-118.02236,45.98495]},"properties":{"frp":3.97,"date":"2026-08-23","daynight":"N"}},{"type":"Feature","geometry":{"type":"Point","coordinates":[-118.02763,45.98541]},"properties":{"frp":3.97,"date":"2026-08-23","daynight":"N"}},{"type":"Feature","geometry":{"type":"Point","coordinates":[-117.94292,45.98652]},"properties":{"frp":3.58,"date":"2026-08-23","daynight":"N"}},{"type":"Feature","geometry":{"type":"Point","coordinates":[-117.94875,45.98702]},"properties":{"frp":0.89,"date":"2026-08-23","daynight":"N"}},{"type":"Feature","geometry":{"type":"Point","coordinates":[-117.94264,45.9907]},"properties":{"frp":3.58,"date":"2026-08-23","daynight":"N"}},{"type":"Feature","geometry":{"type":"Point","coordinates":[-117.94827,45.99119]},"properties":{"frp":0.89,"date":"2026-08-23","daynight":"N"}},{"type":"Feature","geometry":{"type":"Point","coordinates":[-115.12124,46.06579]},"properties":{"frp":0.93,"date":"2026-08-23","daynight":"N"}},{"type":"Feature","geometry":{"type":"Point","coordinates":[-115.12846,46.06662]},"properties":{"frp":1.09,"date":"2026-08-23","daynight":"N"}},{"type":"Feature","geometry":{"type":"Point","coordinates":[-115.12112,46.06953]},"properties":{"frp":0.32,"date":"2026-08-23","daynight":"N"}},{"type":"Feature","geometry":{"type":"Point","coordinates":[-115.10091,46.07472]},"properties":{"frp":1.36,"date":"2026-08-23","daynight":"N"}},{"type":"Feature","geometry":{"type":"Point","coordinates":[-115.1144,46.07627]},"properties":{"frp":0.73,"date":"2026-08-23","daynight":"N"}},{"type":"Feature","geometry":{"type":"Point","coordinates":[-115.10079,46.07846]},"properties":{"frp":1.36,"date":"2026-08-23","daynight":"N"}},{"type":"Feature","geometry":{"type":"Point","coordinates":[-115.15841,46.08509]},"properties":{"frp":1.67,"date":"2026-08-23","daynight":"N"}},{"type":"Feature","geometry":{"type":"Point","coordinates":[-119.93402,46.09267]},"properties":{"frp":2.41,"date":"2026-08-23","daynight":"N"}},{"type":"Feature","geometry":{"type":"Point","coordinates":[-119.9406,46.09315]},"properties":{"frp":2.19,"date":"2026-08-23","daynight":"N"}},{"type":"Feature","geometry":{"type":"Point","coordinates":[-119.92664,46.09677]},"properties":{"frp":2.41,"date":"2026-08-23","daynight":"N"}},{"type":"Feature","geometry":{"type":"Point","coordinates":[-119.93319,46.09724]},"properties":{"frp":2.41,"date":"2026-08-23","daynight":"N"}},{"type":"Feature","geometry":{"type":"Point","coordinates":[-119.94663,46.09822]},"properties":{"frp":2.19,"date":"2026-08-23","daynight":"N"}},{"type":"Feature","geometry":{"type":"Point","coordinates":[-119.9538,46.09874]},"properties":{"frp":2.31,"date":"2026-08-23","daynight":"N"}},{"type":"Feature","geometry":{"type":"Point","coordinates":[-119.96027,46.0992]},"properties":{"frp":2.31,"date":"2026-08-23","daynight":"N"}},{"type":"Feature","geometry":{"type":"Point","coordinates":[-119.95289,46.10331]},"properties":{"frp":3.04,"date":"2026-08-23","daynight":"N"}},{"type":"Feature","geometry":{"type":"Point","coordinates":[-119.95959,46.10379]},"properties":{"frp":3.04,"date":"2026-08-23","daynight":"N"}},{"type":"Feature","geometry":{"type":"Point","coordinates":[-119.96595,46.10425]},"properties":{"frp":2.43,"date":"2026-08-23","daynight":"N"}},{"type":"Feature","geometry":{"type":"Point","coordinates":[-117.53376,46.1063]},"properties":{"frp":1.59,"date":"2026-08-23","daynight":"N"}},{"type":"Feature","geometry":{"type":"Point","coordinates":[-119.95897,46.10838]},"properties":{"frp":3.04,"date":"2026-08-23","daynight":"N"}},{"type":"Feature","geometry":{"type":"Point","coordinates":[-119.96548,46.10886]},"properties":{"frp":2.43,"date":"2026-08-23","daynight":"N"}},{"type":"Feature","geometry":{"type":"Point","coordinates":[-117.53272,46.11035]},"properties":{"frp":1.59,"date":"2026-08-23","daynight":"N"}},{"type":"Feature","geometry":{"type":"Point","coordinates":[-117.53732,46.11078]},"properties":{"frp":1.59,"date":"2026-08-23","daynight":"N"}},{"type":"Feature","geometry":{"type":"Point","coordinates":[-119.9583,46.11297]},"properties":{"frp":1.02,"date":"2026-08-23","daynight":"N"}},{"type":"Feature","geometry":{"type":"Point","coordinates":[-115.06538,46.12165]},"properties":{"frp":1.07,"date":"2026-08-23","daynight":"N"}},{"type":"Feature","geometry":{"type":"Point","coordinates":[-120.07837,46.12167]},"properties":{"frp":2.23,"date":"2026-08-23","daynight":"N"}},{"type":"Feature","geometry":{"type":"Point","coordinates":[-115.05654,46.12441]},"properties":{"frp":1.25,"date":"2026-08-23","daynight":"N"}},{"type":"Feature","geometry":{"type":"Point","coordinates":[-120.07956,46.12464]},"properties":{"frp":4.82,"date":"2026-08-23","daynight":"N"}},{"type":"Feature","geometry":{"type":"Point","coordinates":[-115.06359,46.12521]},"properties":{"frp":1.25,"date":"2026-08-23","daynight":"N"}},{"type":"Feature","geometry":{"type":"Point","coordinates":[-120.07864,46.12636]},"properties":{"frp":2.23,"date":"2026-08-23","daynight":"N"}},{"type":"Feature","geometry":{"type":"Point","coordinates":[-115.05522,46.12801]},"properties":{"frp":1.25,"date":"2026-08-23","daynight":"N"}},{"type":"Feature","geometry":{"type":"Point","coordinates":[-119.82771,46.13521]},"properties":{"frp":4.51,"date":"2026-08-23","daynight":"N"}},{"type":"Feature","geometry":{"type":"Point","coordinates":[-119.79546,46.17897]},"properties":{"frp":1.32,"date":"2026-08-23","daynight":"N"}},{"type":"Feature","geometry":{"type":"Point","coordinates":[-119.8571,46.18343]},"properties":{"frp":0.97,"date":"2026-08-23","daynight":"N"}},{"type":"Feature","geometry":{"type":"Point","coordinates":[-119.79563,46.18359]},"properties":{"frp":1.32,"date":"2026-08-23","daynight":"N"}},{"type":"Feature","geometry":{"type":"Point","coordinates":[-115.07552,46.24922]},"properties":{"frp":2.45,"date":"2026-08-23","daynight":"N"}},{"type":"Feature","geometry":{"type":"Point","coordinates":[-115.07414,46.25282]},"properties":{"frp":2.45,"date":"2026-08-23","daynight":"N"}},{"type":"Feature","geometry":{"type":"Point","coordinates":[-115.08034,46.25352]},"properties":{"frp":1.34,"date":"2026-08-23","daynight":"N"}},{"type":"Feature","geometry":{"type":"Point","coordinates":[-115.06712,46.25578]},"properties":{"frp":1.37,"date":"2026-08-23","daynight":"N"}},{"type":"Feature","geometry":{"type":"Point","coordinates":[-115.07893,46.25712]},"properties":{"frp":0.69,"date":"2026-08-23","daynight":"N"}},{"type":"Feature","geometry":{"type":"Point","coordinates":[-115.08543,46.25786]},"properties":{"frp":0.69,"date":"2026-08-23","daynight":"N"}},{"type":"Feature","geometry":{"type":"Point","coordinates":[-115.08411,46.26147]},"properties":{"frp":0.69,"date":"2026-08-23","daynight":"N"}},{"type":"Feature","geometry":{"type":"Point","coordinates":[-115.09058,46.2622]},"properties":{"frp":6.06,"date":"2026-08-23","daynight":"N"}},{"type":"Feature","geometry":{"type":"Point","coordinates":[-115.0894,46.26582]},"properties":{"frp":1.32,"date":"2026-08-23","daynight":"N"}},{"type":"Feature","geometry":{"type":"Point","coordinates":[-115.08186,46.26872]},"properties":{"frp":1.21,"date":"2026-08-23","daynight":"N"}},{"type":"Feature","geometry":{"type":"Point","coordinates":[-115.08821,46.26944]},"properties":{"frp":1.32,"date":"2026-08-23","daynight":"N"}},{"type":"Feature","geometry":{"type":"Point","coordinates":[-115.0578,46.26973]},"properties":{"frp":1.42,"date":"2026-08-23","daynight":"N"}},{"type":"Feature","geometry":{"type":"Point","coordinates":[-115.07482,46.27167]},"properties":{"frp":1.17,"date":"2026-08-23","daynight":"N"}},{"type":"Feature","geometry":{"type":"Point","coordinates":[-115.08073,46.27235]},"properties":{"frp":1.17,"date":"2026-08-23","daynight":"N"}},{"type":"Feature","geometry":{"type":"Point","coordinates":[-115.08694,46.27305]},"properties":{"frp":0.71,"date":"2026-08-23","daynight":"N"}},{"type":"Feature","geometry":{"type":"Point","coordinates":[-115.05697,46.27338]},"properties":{"frp":1.42,"date":"2026-08-23","daynight":"N"}},{"type":"Feature","geometry":{"type":"Point","coordinates":[-115.07961,46.27597]},"properties":{"frp":1.17,"date":"2026-08-23","daynight":"N"}},{"type":"Feature","geometry":{"type":"Point","coordinates":[-115.08564,46.27666]},"properties":{"frp":0.71,"date":"2026-08-23","daynight":"N"}},{"type":"Feature","geometry":{"type":"Point","coordinates":[-115.05524,46.2807]},"properties":{"frp":0.62,"date":"2026-08-23","daynight":"N"}},{"type":"Feature","geometry":{"type":"Point","coordinates":[-115.06008,46.285]},"properties":{"frp":1.66,"date":"2026-08-23","daynight":"N"}},{"type":"Feature","geometry":{"type":"Point","coordinates":[-115.06568,46.28564]},"properties":{"frp":1.66,"date":"2026-08-23","daynight":"N"}},{"type":"Feature","geometry":{"type":"Point","coordinates":[-115.07142,46.2863]},"properties":{"frp":1.62,"date":"2026-08-23","daynight":"N"}},{"type":"Feature","geometry":{"type":"Point","coordinates":[-115.05936,46.28867]},"properties":{"frp":1.66,"date":"2026-08-23","daynight":"N"}},{"type":"Feature","geometry":{"type":"Point","coordinates":[-115.06514,46.28934]},"properties":{"frp":1.66,"date":"2026-08-23","daynight":"N"}},{"type":"Feature","geometry":{"type":"Point","coordinates":[-115.39337,46.47631]},"properties":{"frp":0.71,"date":"2026-08-23","daynight":"N"}},{"type":"Feature","geometry":{"type":"Point","coordinates":[-115.39904,46.47693]},"properties":{"frp":0.71,"date":"2026-08-23","daynight":"N"}},{"type":"Feature","geometry":{"type":"Point","coordinates":[-115.38627,46.47934]},"properties":{"frp":0.51,"date":"2026-08-23","daynight":"N"}},{"type":"Feature","geometry":{"type":"Point","coordinates":[-115.39263,46.48003]},"properties":{"frp":0.71,"date":"2026-08-23","daynight":"N"}},{"type":"Feature","geometry":{"type":"Point","coordinates":[-115.39187,46.48376]},"properties":{"frp":1.55,"date":"2026-08-23","daynight":"N"}},{"type":"Feature","geometry":{"type":"Point","coordinates":[-118.36568,46.58433]},"properties":{"frp":1.6,"date":"2026-08-23","daynight":"N"}},{"type":"Feature","geometry":{"type":"Point","coordinates":[-115.17194,46.78516]},"properties":{"frp":1.02,"date":"2026-08-23","daynight":"N"}},{"type":"Feature","geometry":{"type":"Point","coordinates":[-115.16525,46.78821]},"properties":{"frp":1.92,"date":"2026-08-23","daynight":"N"}},{"type":"Feature","geometry":{"type":"Point","coordinates":[-115.17133,46.78889]},"properties":{"frp":1.92,"date":"2026-08-23","daynight":"N"}},{"type":"Feature","geometry":{"type":"Point","coordinates":[-115.15217,46.79055]},"properties":{"frp":1.42,"date":"2026-08-23","daynight":"N"}},{"type":"Feature","geometry":{"type":"Point","coordinates":[-115.15816,46.79122]},"properties":{"frp":1.42,"date":"2026-08-23","daynight":"N"}},{"type":"Feature","geometry":{"type":"Point","coordinates":[-115.17748,46.79335]},"properties":{"frp":2.04,"date":"2026-08-23","daynight":"N"}},{"type":"Feature","geometry":{"type":"Point","coordinates":[-115.18433,46.79411]},"properties":{"frp":2.04,"date":"2026-08-23","daynight":"N"}},{"type":"Feature","geometry":{"type":"Point","coordinates":[-115.15131,46.79424]},"properties":{"frp":1.85,"date":"2026-08-23","daynight":"N"}},{"type":"Feature","geometry":{"type":"Point","coordinates":[-115.1572,46.7949]},"properties":{"frp":1.85,"date":"2026-08-23","daynight":"N"}},{"type":"Feature","geometry":{"type":"Point","coordinates":[-115.17005,46.79633]},"properties":{"frp":1.13,"date":"2026-08-23","daynight":"N"}},{"type":"Feature","geometry":{"type":"Point","coordinates":[-115.17726,46.79712]},"properties":{"frp":0.97,"date":"2026-08-23","daynight":"N"}},{"type":"Feature","geometry":{"type":"Point","coordinates":[-115.16252,46.79928]},"properties":{"frp":1.13,"date":"2026-08-23","daynight":"N"}},{"type":"Feature","geometry":{"type":"Point","coordinates":[-115.15553,46.80229]},"properties":{"frp":1.1,"date":"2026-08-23","daynight":"N"}},{"type":"Feature","geometry":{"type":"Point","coordinates":[-115.23019,46.80294]},"properties":{"frp":1.3,"date":"2026-08-23","daynight":"N"}},{"type":"Feature","geometry":{"type":"Point","coordinates":[-115.16164,46.80297]},"properties":{"frp":1.66,"date":"2026-08-23","daynight":"N"}},{"type":"Feature","geometry":{"type":"Point","coordinates":[-115.16882,46.80376]},"properties":{"frp":1.66,"date":"2026-08-23","daynight":"N"}},{"type":"Feature","geometry":{"type":"Point","coordinates":[-115.22867,46.80657]},"properties":{"frp":1.3,"date":"2026-08-23","daynight":"N"}},{"type":"Feature","geometry":{"type":"Point","coordinates":[-115.23189,46.81453]},"properties":{"frp":1.0,"date":"2026-08-23","daynight":"N"}},{"type":"Feature","geometry":{"type":"Point","coordinates":[-115.23089,46.81823]},"properties":{"frp":1.55,"date":"2026-08-23","daynight":"N"}},{"type":"Feature","geometry":{"type":"Point","coordinates":[-115.21742,46.82433]},"properties":{"frp":1.45,"date":"2026-08-23","daynight":"N"}},{"type":"Feature","geometry":{"type":"Point","coordinates":[-115.22335,46.82499]},"properties":{"frp":0.5,"date":"2026-08-23","daynight":"N"}},{"type":"Feature","geometry":{"type":"Point","coordinates":[-115.19724,46.82968]},"properties":{"frp":2.46,"date":"2026-08-23","daynight":"N"}},{"type":"Feature","geometry":{"type":"Point","coordinates":[-121.15096,47.38752]},"properties":{"frp":5.12,"date":"2026-08-23","daynight":"N"}},{"type":"Feature","geometry":{"type":"Point","coordinates":[-121.15928,47.38797]},"properties":{"frp":5.12,"date":"2026-08-23","daynight":"N"}},{"type":"Feature","geometry":{"type":"Point","coordinates":[-121.14957,47.39241]},"properties":{"frp":5.12,"date":"2026-08-23","daynight":"N"}},{"type":"Feature","geometry":{"type":"Point","coordinates":[-121.15865,47.39291]},"properties":{"frp":5.12,"date":"2026-08-23","daynight":"N"}},{"type":"Feature","geometry":{"type":"Point","coordinates":[-121.16742,47.39338]},"properties":{"frp":5.01,"date":"2026-08-23","daynight":"N"}},{"type":"Feature","geometry":{"type":"Point","coordinates":[-113.10078,47.42264]},"properties":{"frp":1.93,"date":"2026-08-23","daynight":"N"}},{"type":"Feature","geometry":{"type":"Point","coordinates":[-113.10647,47.42336]},"properties":{"frp":1.93,"date":"2026-08-23","daynight":"N"}},{"type":"Feature","geometry":{"type":"Point","coordinates":[-113.09397,47.42535]},"properties":{"frp":0.96,"date":"2026-08-23","daynight":"N"}},{"type":"Feature","geometry":{"type":"Point","coordinates":[-113.09965,47.42607]},"properties":{"frp":2.17,"date":"2026-08-23","daynight":"N"}},{"type":"Feature","geometry":{"type":"Point","coordinates":[-113.10535,47.4268]},"properties":{"frp":2.17,"date":"2026-08-23","daynight":"N"}},{"type":"Feature","geometry":{"type":"Point","coordinates":[-113.09851,47.4295]},"properties":{"frp":2.17,"date":"2026-08-23","daynight":"N"}},{"type":"Feature","geometry":{"type":"Point","coordinates":[-113.10419,47.43023]},"properties":{"frp":2.17,"date":"2026-08-23","daynight":"N"}},{"type":"Feature","geometry":{"type":"Point","coordinates":[-121.23814,47.46703]},"properties":{"frp":1.77,"date":"2026-08-23","daynight":"N"}},{"type":"Feature","geometry":{"type":"Point","coordinates":[-121.24098,47.46743]},"properties":{"frp":4.23,"date":"2026-08-23","daynight":"N"}},{"type":"Feature","geometry":{"type":"Point","coordinates":[-121.25793,47.4733]},"properties":{"frp":3.17,"date":"2026-08-23","daynight":"N"}},{"type":"Feature","geometry":{"type":"Point","coordinates":[-121.26241,47.47342]},"properties":{"frp":2.2,"date":"2026-08-23","daynight":"N"}},{"type":"Feature","geometry":{"type":"Point","coordinates":[-120.60702,47.84369]},"properties":{"frp":3.18,"date":"2026-08-23","daynight":"N"}},{"type":"Feature","geometry":{"type":"Point","coordinates":[-120.60545,47.84553]},"properties":{"frp":1.65,"date":"2026-08-23","daynight":"N"}},{"type":"Feature","geometry":{"type":"Point","coordinates":[-120.61661,47.84622]},"properties":{"frp":1.65,"date":"2026-08-23","daynight":"N"}},{"type":"Feature","geometry":{"type":"Point","coordinates":[-120.60521,47.84845]},"properties":{"frp":3.18,"date":"2026-08-23","daynight":"N"}},{"type":"Feature","geometry":{"type":"Point","coordinates":[-120.61577,47.84903]},"properties":{"frp":1.95,"date":"2026-08-23","daynight":"N"}},{"type":"Feature","geometry":{"type":"Point","coordinates":[-120.54307,47.84976]},"properties":{"frp":6.49,"date":"2026-08-23","daynight":"N"}},{"type":"Feature","geometry":{"type":"Point","coordinates":[-120.54952,47.85014]},"properties":{"frp":67.8,"date":"2026-08-23","daynight":"N"}},{"type":"Feature","geometry":{"type":"Point","coordinates":[-120.60416,47.85032]},"properties":{"frp":1.65,"date":"2026-08-23","daynight":"N"}},{"type":"Feature","geometry":{"type":"Point","coordinates":[-120.55566,47.85049]},"properties":{"frp":67.8,"date":"2026-08-23","daynight":"N"}},{"type":"Feature","geometry":{"type":"Point","coordinates":[-120.61337,47.85088]},"properties":{"frp":1.65,"date":"2026-08-23","daynight":"N"}},{"type":"Feature","geometry":{"type":"Point","coordinates":[-120.56242,47.85088]},"properties":{"frp":28.03,"date":"2026-08-23","daynight":"N"}},{"type":"Feature","geometry":{"type":"Point","coordinates":[-120.5422,47.8513]},"properties":{"frp":54.7,"date":"2026-08-23","daynight":"N"}},{"type":"Feature","geometry":{"type":"Point","coordinates":[-120.57011,47.85132]},"properties":{"frp":28.03,"date":"2026-08-23","daynight":"N"}},{"type":"Feature","geometry":{"type":"Point","coordinates":[-120.5492,47.85175]},"properties":{"frp":54.7,"date":"2026-08-23","daynight":"N"}},{"type":"Feature","geometry":{"type":"Point","coordinates":[-120.57797,47.85176]},"properties":{"frp":13.43,"date":"2026-08-23","daynight":"N"}},{"type":"Feature","geometry":{"type":"Point","coordinates":[-120.5553,47.85212]},"properties":{"frp":85.16,"date":"2026-08-23","daynight":"N"}},{"type":"Feature","geometry":{"type":"Point","coordinates":[-120.58547,47.85219]},"properties":{"frp":13.43,"date":"2026-08-23","daynight":"N"}},{"type":"Feature","geometry":{"type":"Point","coordinates":[-120.56185,47.85254]},"properties":{"frp":85.16,"date":"2026-08-23","daynight":"N"}},{"type":"Feature","geometry":{"type":"Point","coordinates":[-120.59393,47.85267]},"properties":{"frp":5.81,"date":"2026-08-23","daynight":"N"}},{"type":"Feature","geometry":{"type":"Point","coordinates":[-120.35038,47.85296]},"properties":{"frp":1.5,"date":"2026-08-23","daynight":"N"}},{"type":"Feature","geometry":{"type":"Point","coordinates":[-120.56933,47.853]},"properties":{"frp":14.38,"date":"2026-08-23","daynight":"N"}},{"type":"Feature","geometry":{"type":"Point","coordinates":[-120.60381,47.85323]},"properties":{"frp":5.81,"date":"2026-08-23","daynight":"N"}},{"type":"Feature","geometry":{"type":"Point","coordinates":[-120.57707,47.85348]},"properties":{"frp":14.38,"date":"2026-08-23","daynight":"N"}},{"type":"Feature","geometry":{"type":"Point","coordinates":[-120.34995,47.85352]},"properties":{"frp":0.35,"date":"2026-08-23","daynight":"N"}},{"type":"Feature","geometry":{"type":"Point","coordinates":[-120.61334,47.85376]},"properties":{"frp":2.31,"date":"2026-08-23","daynight":"N"}},{"type":"Feature","geometry":{"type":"Point","coordinates":[-120.58442,47.85394]},"properties":{"frp":9.3,"date":"2026-08-23","daynight":"N"}},{"type":"Feature","geometry":{"type":"Point","coordinates":[-120.59263,47.85445]},"properties":{"frp":9.3,"date":"2026-08-23","daynight":"N"}},{"type":"Feature","geometry":{"type":"Point","coordinates":[-120.54939,47.85497]},"properties":{"frp":67.8,"date":"2026-08-23","daynight":"N"}},{"type":"Feature","geometry":{"type":"Point","coordinates":[-120.60275,47.85508]},"properties":{"frp":2.0,"date":"2026-08-23","daynight":"N"}},{"type":"Feature","geometry":{"type":"Point","coordinates":[-120.55556,47.85533]},"properties":{"frp":67.8,"date":"2026-08-23","daynight":"N"}},{"type":"Feature","geometry":{"type":"Point","coordinates":[-120.61146,47.85562]},"properties":{"frp":2.0,"date":"2026-08-23","daynight":"N"}},{"type":"Feature","geometry":{"type":"Point","coordinates":[-120.56204,47.85571]},"properties":{"frp":28.03,"date":"2026-08-23","daynight":"N"}},{"type":"Feature","geometry":{"type":"Point","coordinates":[-120.56921,47.85612]},"properties":{"frp":28.03,"date":"2026-08-23","daynight":"N"}},{"type":"Feature","geometry":{"type":"Point","coordinates":[-120.46719,47.85624]},"properties":{"frp":1.78,"date":"2026-08-23","daynight":"N"}},{"type":"Feature","geometry":{"type":"Point","coordinates":[-120.57671,47.85655]},"properties":{"frp":13.43,"date":"2026-08-23","daynight":"N"}},{"type":"Feature","geometry":{"type":"Point","coordinates":[-120.58421,47.85698]},"properties":{"frp":13.43,"date":"2026-08-23","daynight":"N"}},{"type":"Feature","geometry":{"type":"Point","coordinates":[-120.56159,47.85736]},"properties":{"frp":85.16,"date":"2026-08-23","daynight":"N"}},{"type":"Feature","geometry":{"type":"Point","coordinates":[-120.59258,47.85745]},"properties":{"frp":5.81,"date":"2026-08-23","daynight":"N"}},{"type":"Feature","geometry":{"type":"Point","coordinates":[-120.35042,47.85776]},"properties":{"frp":2.38,"date":"2026-08-23","daynight":"N"}},{"type":"Feature","geometry":{"type":"Point","coordinates":[-120.5685,47.8578]},"properties":{"frp":14.38,"date":"2026-08-23","daynight":"N"}},{"type":"Feature","geometry":{"type":"Point","coordinates":[-120.60232,47.858]},"properties":{"frp":5.81,"date":"2026-08-23","daynight":"N"}},{"type":"Feature","geometry":{"type":"Point","coordinates":[-120.65286,47.85819]},"properties":{"frp":5.74,"date":"2026-08-23","daynight":"N"}},{"type":"Feature","geometry":{"type":"Point","coordinates":[-120.57581,47.85825]},"properties":{"frp":14.38,"date":"2026-08-23","daynight":"N"}},{"type":"Feature","geometry":{"type":"Point","coordinates":[-120.36083,47.85838]},"properties":{"frp":2.38,"date":"2026-08-23","daynight":"N"}},{"type":"Feature","geometry":{"type":"Point","coordinates":[-120.61121,47.85851]},"properties":{"frp":2.31,"date":"2026-08-23","daynight":"N"}},{"type":"Feature","geometry":{"type":"Point","coordinates":[-120.58333,47.85873]},"properties":{"frp":9.3,"date":"2026-08-23","daynight":"N"}},{"type":"Feature","geometry":{"type":"Point","coordinates":[-120.3686,47.85884]},"properties":{"frp":1.6,"date":"2026-08-23","daynight":"N"}},{"type":"Feature","geometry":{"type":"Point","coordinates":[-120.59173,47.85925]},"properties":{"frp":9.3,"date":"2026-08-23","daynight":"N"}},{"type":"Feature","geometry":{"type":"Point","coordinates":[-120.60125,47.85984]},"properties":{"frp":2.0,"date":"2026-08-23","daynight":"N"}},{"type":"Feature","geometry":{"type":"Point","coordinates":[-120.46651,47.85984]},"properties":{"frp":1.2,"date":"2026-08-23","daynight":"N"}},{"type":"Feature","geometry":{"type":"Point","coordinates":[-120.64338,47.8603]},"properties":{"frp":6.35,"date":"2026-08-23","daynight":"N"}},{"type":"Feature","geometry":{"type":"Point","coordinates":[-120.60984,47.86038]},"properties":{"frp":2.0,"date":"2026-08-23","daynight":"N"}},{"type":"Feature","geometry":{"type":"Point","coordinates":[-120.65274,47.86082]},"properties":{"frp":3.76,"date":"2026-08-23","daynight":"N"}},{"type":"Feature","geometry":{"type":"Point","coordinates":[-120.64181,47.86238]},"properties":{"frp":5.74,"date":"2026-08-23","daynight":"N"}},{"type":"Feature","geometry":{"type":"Point","coordinates":[-120.60088,47.86278]},"properties":{"frp":4.07,"date":"2026-08-23","daynight":"N"}},{"type":"Feature","geometry":{"type":"Point","coordinates":[-120.6514,47.86297]},"properties":{"frp":5.74,"date":"2026-08-23","daynight":"N"}},{"type":"Feature","geometry":{"type":"Point","coordinates":[-120.60947,47.86327]},"properties":{"frp":3.08,"date":"2026-08-23","daynight":"N"}},{"type":"Feature","geometry":{"type":"Point","coordinates":[-120.36749,47.86358]},"properties":{"frp":1.6,"date":"2026-08-23","daynight":"N"}},{"type":"Feature","geometry":{"type":"Point","coordinates":[-120.37404,47.86398]},"properties":{"frp":1.6,"date":"2026-08-23","daynight":"N"}},{"type":"Feature","geometry":{"type":"Point","coordinates":[-120.59975,47.86461]},"properties":{"frp":4.15,"date":"2026-08-23","daynight":"N"}},{"type":"Feature","geometry":{"type":"Point","coordinates":[-120.64133,47.86506]},"properties":{"frp":7.06,"date":"2026-08-23","daynight":"N"}},{"type":"Feature","geometry":{"type":"Point","coordinates":[-120.651,47.8656]},"properties":{"frp":10.45,"date":"2026-08-23","daynight":"N"}},{"type":"Feature","geometry":{"type":"Point","coordinates":[-120.62939,47.86647]},"properties":{"frp":0.98,"date":"2026-08-23","daynight":"N"}},{"type":"Feature","geometry":{"type":"Point","coordinates":[-120.63976,47.86712]},"properties":{"frp":6.17,"date":"2026-08-23","daynight":"N"}},{"type":"Feature","geometry":{"type":"Point","coordinates":[-120.59921,47.86754]},"properties":{"frp":4.07,"date":"2026-08-23","daynight":"N"}},{"type":"Feature","geometry":{"type":"Point","coordinates":[-120.64941,47.86772]},"properties":{"frp":6.17,"date":"2026-08-23","daynight":"N"}},{"type":"Feature","geometry":{"type":"Point","coordinates":[-120.37176,47.86865]},"properties":{"frp":3.65,"date":"2026-08-23","daynight":"N"}},{"type":"Feature","geometry":{"type":"Point","coordinates":[-120.59811,47.86936]},"properties":{"frp":4.15,"date":"2026-08-23","daynight":"N"}},{"type":"Feature","geometry":{"type":"Point","coordinates":[-120.6393,47.86981]},"properties":{"frp":7.06,"date":"2026-08-23","daynight":"N"}},{"type":"Feature","geometry":{"type":"Point","coordinates":[-120.36998,47.87335]},"properties":{"frp":3.65,"date":"2026-08-23","daynight":"N"}},{"type":"Feature","geometry":{"type":"Point","coordinates":[-120.37781,47.87383]},"properties":{"frp":5.62,"date":"2026-08-23","daynight":"N"}},{"type":"Feature","geometry":{"type":"Point","coordinates":[-120.58846,47.87663]},"properties":{"frp":2.35,"date":"2026-08-23","daynight":"N"}},{"type":"Feature","geometry":{"type":"Point","coordinates":[-120.39536,47.87968]},"properties":{"frp":1.0,"date":"2026-08-23","daynight":"N"}},{"type":"Feature","geometry":{"type":"Point","coordinates":[-120.40405,47.89465]},"properties":{"frp":1.16,"date":"2026-08-23","daynight":"N"}},{"type":"Feature","geometry":{"type":"Point","coordinates":[-120.38897,47.90817]},"properties":{"frp":1.83,"date":"2026-08-23","daynight":"N"}},{"type":"Feature","geometry":{"type":"Point","coordinates":[-120.6149,47.91219]},"properties":{"frp":3.14,"date":"2026-08-23","daynight":"N"}},{"type":"Feature","geometry":{"type":"Point","coordinates":[-120.39469,47.91334]},"properties":{"frp":1.83,"date":"2026-08-23","daynight":"N"}},{"type":"Feature","geometry":{"type":"Point","coordinates":[-120.39223,47.918]},"properties":{"frp":0.43,"date":"2026-08-23","daynight":"N"}},{"type":"Feature","geometry":{"type":"Point","coordinates":[-120.59409,47.98728]},"properties":{"frp":3.01,"date":"2026-08-23","daynight":"N"}},{"type":"Feature","geometry":{"type":"Point","coordinates":[-120.35786,47.99263]},"properties":{"frp":6.14,"date":"2026-08-23","daynight":"N"}},{"type":"Feature","geometry":{"type":"Point","coordinates":[-120.35143,47.99704]},"properties":{"frp":6.14,"date":"2026-08-23","daynight":"N"}},{"type":"Feature","geometry":{"type":"Point","coordinates":[-120.35743,47.99741]},"properties":{"frp":6.14,"date":"2026-08-23","daynight":"N"}},{"type":"Feature","geometry":{"type":"Point","coordinates":[-120.63688,48.01899]},"properties":{"frp":1.36,"date":"2026-08-23","daynight":"N"}},{"type":"Feature","geometry":{"type":"Point","coordinates":[-120.6158,48.03723]},"properties":{"frp":1.71,"date":"2026-08-23","daynight":"N"}},{"type":"Feature","geometry":{"type":"Point","coordinates":[-120.62264,48.03764]},"properties":{"frp":7.52,"date":"2026-08-23","daynight":"N"}},{"type":"Feature","geometry":{"type":"Point","coordinates":[-120.63496,48.04811]},"properties":{"frp":0.36,"date":"2026-08-23","daynight":"N"}},{"type":"Feature","geometry":{"type":"Point","coordinates":[-120.61606,48.06438]},"properties":{"frp":1.7,"date":"2026-08-23","daynight":"N"}},{"type":"Feature","geometry":{"type":"Point","coordinates":[-120.62066,48.06673]},"properties":{"frp":0.82,"date":"2026-08-23","daynight":"N"}},{"type":"Feature","geometry":{"type":"Point","coordinates":[-115.0616,48.14854]},"properties":{"frp":1.7,"date":"2026-08-23","daynight":"N"}},{"type":"Feature","geometry":{"type":"Point","coordinates":[-115.08418,48.15091]},"properties":{"frp":1.97,"date":"2026-08-23","daynight":"N"}},{"type":"Feature","geometry":{"type":"Point","coordinates":[-120.83502,48.32607]},"properties":{"frp":1.77,"date":"2026-08-23","daynight":"N"}},{"type":"Feature","geometry":{"type":"Point","coordinates":[-120.83537,48.33102]},"properties":{"frp":1.77,"date":"2026-08-23","daynight":"N"}},{"type":"Feature","geometry":{"type":"Point","coordinates":[-120.83513,48.33593]},"properties":{"frp":2.31,"date":"2026-08-23","daynight":"N"}},{"type":"Feature","geometry":{"type":"Point","coordinates":[-114.68439,48.51332]},"properties":{"frp":3.01,"date":"2026-08-23","daynight":"N"}},{"type":"Feature","geometry":{"type":"Point","coordinates":[-119.8707,48.89219]},"properties":{"frp":2.53,"date":"2026-08-23","daynight":"N"}},{"type":"Feature","geometry":{"type":"Point","coordinates":[-119.98318,49.58867]},"properties":{"frp":1.37,"date":"2026-08-23","daynight":"N"}},{"type":"Feature","geometry":{"type":"Point","coordinates":[-119.99087,49.58913]},"properties":{"frp":1.37,"date":"2026-08-23","daynight":"N"}},{"type":"Feature","geometry":{"type":"Point","coordinates":[-119.98282,49.59345]},"properties":{"frp":1.37,"date":"2026-08-23","daynight":"N"}},{"type":"Feature","geometry":{"type":"Point","coordinates":[-119.9595,49.59682]},"properties":{"frp":1.51,"date":"2026-08-23","daynight":"N"}},{"type":"Feature","geometry":{"type":"Point","coordinates":[-119.95902,49.59682]},"properties":{"frp":2.62,"date":"2026-08-23","daynight":"N"}},{"type":"Feature","geometry":{"type":"Point","coordinates":[-119.95957,49.60162]},"properties":{"frp":1.51,"date":"2026-08-23","daynight":"N"}},{"type":"Feature","geometry":{"type":"Point","coordinates":[-119.96655,49.60204]},"properties":{"frp":2.62,"date":"2026-08-23","daynight":"N"}},{"type":"Feature","geometry":{"type":"Point","coordinates":[-119.96703,49.60208]},"properties":{"frp":2.55,"date":"2026-08-23","daynight":"N"}},{"type":"Feature","geometry":{"type":"Point","coordinates":[-119.97378,49.60245]},"properties":{"frp":3.33,"date":"2026-08-23","daynight":"N"}},{"type":"Feature","geometry":{"type":"Point","coordinates":[-119.97424,49.60252]},"properties":{"frp":2.55,"date":"2026-08-23","daynight":"N"}},{"type":"Feature","geometry":{"type":"Point","coordinates":[-119.97343,49.60727]},"properties":{"frp":1.97,"date":"2026-08-23","daynight":"N"}},{"type":"Feature","geometry":{"type":"Point","coordinates":[-119.97981,49.60759]},"properties":{"frp":2.35,"date":"2026-08-23","daynight":"N"}},{"type":"Feature","geometry":{"type":"Point","coordinates":[-119.98025,49.60769]},"properties":{"frp":1.25,"date":"2026-08-23","daynight":"N"}},{"type":"Feature","geometry":{"type":"Point","coordinates":[-100.91782,25.60414]},"properties":{"frp":1.06,"date":"2026-08-23","daynight":"N"}},{"type":"Feature","geometry":{"type":"Point","coordinates":[-103.45033,25.64299]},"properties":{"frp":0.89,"date":"2026-08-23","daynight":"N"}},{"type":"Feature","geometry":{"type":"Point","coordinates":[-100.7792,26.91945]},"properties":{"frp":1.6,"date":"2026-08-23","daynight":"N"}},{"type":"Feature","geometry":{"type":"Point","coordinates":[-109.62742,30.49672]},"properties":{"frp":2.52,"date":"2026-08-23","daynight":"N"}},{"type":"Feature","geometry":{"type":"Point","coordinates":[-103.05011,31.28936]},"properties":{"frp":0.5,"date":"2026-08-23","daynight":"N"}},{"type":"Feature","geometry":{"type":"Point","coordinates":[-103.04811,31.29487]},"properties":{"frp":0.5,"date":"2026-08-23","daynight":"N"}},{"type":"Feature","geometry":{"type":"Point","coordinates":[-103.22175,31.35718]},"properties":{"frp":1.63,"date":"2026-08-23","daynight":"N"}},{"type":"Feature","geometry":{"type":"Point","coordinates":[-103.22606,31.35827]},"properties":{"frp":1.63,"date":"2026-08-23","daynight":"N"}},{"type":"Feature","geometry":{"type":"Point","coordinates":[-101.777,31.365]},"properties":{"frp":0.74,"date":"2026-08-23","daynight":"N"}},{"type":"Feature","geometry":{"type":"Point","coordinates":[-102.13425,31.40046]},"properties":{"frp":1.73,"date":"2026-08-23","daynight":"N"}},{"type":"Feature","geometry":{"type":"Point","coordinates":[-101.70365,31.42284]},"properties":{"frp":1.03,"date":"2026-08-23","daynight":"N"}},{"type":"Feature","geometry":{"type":"Point","coordinates":[-101.7029,31.42292]},"properties":{"frp":1.12,"date":"2026-08-23","daynight":"N"}},{"type":"Feature","geometry":{"type":"Point","coordinates":[-103.25912,31.45893]},"properties":{"frp":1.26,"date":"2026-08-23","daynight":"N"}},{"type":"Feature","geometry":{"type":"Point","coordinates":[-103.52885,31.49821]},"properties":{"frp":0.76,"date":"2026-08-23","daynight":"N"}},{"type":"Feature","geometry":{"type":"Point","coordinates":[-101.816,31.62278]},"properties":{"frp":0.36,"date":"2026-08-23","daynight":"N"}},{"type":"Feature","geometry":{"type":"Point","coordinates":[-101.19482,31.74]},"properties":{"frp":0.41,"date":"2026-08-23","daynight":"N"}},{"type":"Feature","geometry":{"type":"Point","coordinates":[-101.19429,31.74172]},"properties":{"frp":0.72,"date":"2026-08-23","daynight":"N"}},{"type":"Feature","geometry":{"type":"Point","coordinates":[-103.37402,31.75014]},"properties":{"frp":2.79,"date":"2026-08-23","daynight":"N"}},{"type":"Feature","geometry":{"type":"Point","coordinates":[-103.37636,31.75083]},"properties":{"frp":2.75,"date":"2026-08-23","daynight":"N"}},{"type":"Feature","geometry":{"type":"Point","coordinates":[-103.37819,31.75121]},"properties":{"frp":2.96,"date":"2026-08-23","daynight":"N"}},{"type":"Feature","geometry":{"type":"Point","coordinates":[-103.3722,31.75552]},"properties":{"frp":0.99,"date":"2026-08-23","daynight":"N"}},{"type":"Feature","geometry":{"type":"Point","coordinates":[-103.3745,31.75621]},"properties":{"frp":2.75,"date":"2026-08-23","daynight":"N"}},{"type":"Feature","geometry":{"type":"Point","coordinates":[-103.37637,31.7566]},"properties":{"frp":1.0,"date":"2026-08-23","daynight":"N"}},{"type":"Feature","geometry":{"type":"Point","coordinates":[-102.0489,31.80167]},"properties":{"frp":0.54,"date":"2026-08-23","daynight":"N"}},{"type":"Feature","geometry":{"type":"Point","coordinates":[-101.79006,31.84373]},"properties":{"frp":3.83,"date":"2026-08-23","daynight":"N"}},{"type":"Feature","geometry":{"type":"Point","coordinates":[-102.34716,32.05901]},"properties":{"frp":1.59,"date":"2026-08-23","daynight":"N"}},{"type":"Feature","geometry":{"type":"Point","coordinates":[-116.1134,32.12857]},"properties":{"frp":0.65,"date":"2026-08-23","daynight":"N"}},{"type":"Feature","geometry":{"type":"Point","coordinates":[-102.4287,32.12962]},"properties":{"frp":4.72,"date":"2026-08-23","daynight":"N"}},{"type":"Feature","geometry":{"type":"Point","coordinates":[-116.09048,32.13549]},"properties":{"frp":0.97,"date":"2026-08-23","daynight":"N"}},{"type":"Feature","geometry":{"type":"Point","coordinates":[-116.11469,32.14249]},"properties":{"frp":1.03,"date":"2026-08-23","daynight":"N"}},{"type":"Feature","geometry":{"type":"Point","coordinates":[-102.28381,32.36301]},"properties":{"frp":1.48,"date":"2026-08-23","daynight":"N"}},{"type":"Feature","geometry":{"type":"Point","coordinates":[-116.83415,32.49382]},"properties":{"frp":4.65,"date":"2026-08-23","daynight":"N"}},{"type":"Feature","geometry":{"type":"Point","coordinates":[-116.83337,32.49721]},"properties":{"frp":4.65,"date":"2026-08-23","daynight":"N"}},{"type":"Feature","geometry":{"type":"Point","coordinates":[-101.67087,32.53373]},"properties":{"frp":3.01,"date":"2026-08-23","daynight":"N"}},{"type":"Feature","geometry":{"type":"Point","coordinates":[-101.66913,32.53625]},"properties":{"frp":0.76,"date":"2026-08-23","daynight":"N"}},{"type":"Feature","geometry":{"type":"Point","coordinates":[-103.78811,32.69832]},"properties":{"frp":1.19,"date":"2026-08-23","daynight":"N"}},{"type":"Feature","geometry":{"type":"Point","coordinates":[-110.85746,33.41183]},"properties":{"frp":1.11,"date":"2026-08-23","daynight":"N"}},{"type":"Feature","geometry":{"type":"Point","coordinates":[-110.86143,33.41629]},"properties":{"frp":4.76,"date":"2026-08-23","daynight":"N"}},{"type":"Feature","geometry":{"type":"Point","coordinates":[-110.86052,33.41983]},"properties":{"frp":5.23,"date":"2026-08-23","daynight":"N"}},{"type":"Feature","geometry":{"type":"Point","coordinates":[-110.86543,33.42076]},"properties":{"frp":5.23,"date":"2026-08-23","daynight":"N"}},{"type":"Feature","geometry":{"type":"Point","coordinates":[-118.19415,34.15152]},"properties":{"frp":0.96,"date":"2026-08-23","daynight":"N"}},{"type":"Feature","geometry":{"type":"Point","coordinates":[-118.19325,34.15514]},"properties":{"frp":0.74,"date":"2026-08-23","daynight":"N"}},{"type":"Feature","geometry":{"type":"Point","coordinates":[-118.52029,34.33289]},"properties":{"frp":1.01,"date":"2026-08-23","daynight":"N"}},{"type":"Feature","geometry":{"type":"Point","coordinates":[-118.51958,34.33659]},"properties":{"frp":1.01,"date":"2026-08-23","daynight":"N"}},{"type":"Feature","geometry":{"type":"Point","coordinates":[-117.10077,34.6209]},"properties":{"frp":2.03,"date":"2026-08-23","daynight":"N"}},{"type":"Feature","geometry":{"type":"Point","coordinates":[-117.09855,34.6212]},"properties":{"frp":1.15,"date":"2026-08-23","daynight":"N"}},{"type":"Feature","geometry":{"type":"Point","coordinates":[-117.10333,34.62182]},"properties":{"frp":1.04,"date":"2026-08-23","daynight":"N"}},{"type":"Feature","geometry":{"type":"Point","coordinates":[-109.91364,39.36355]},"properties":{"frp":1.45,"date":"2026-08-23","daynight":"N"}},{"type":"Feature","geometry":{"type":"Point","coordinates":[-109.918,39.36434]},"properties":{"frp":0.92,"date":"2026-08-23","daynight":"N"}},{"type":"Feature","geometry":{"type":"Point","coordinates":[-109.90802,39.36609]},"properties":{"frp":2.97,"date":"2026-08-23","daynight":"N"}},{"type":"Feature","geometry":{"type":"Point","coordinates":[-109.9128,39.36696]},"properties":{"frp":2.97,"date":"2026-08-23","daynight":"N"}},{"type":"Feature","geometry":{"type":"Point","coordinates":[-109.91725,39.36778]},"properties":{"frp":1.97,"date":"2026-08-23","daynight":"N"}},{"type":"Feature","geometry":{"type":"Point","coordinates":[-109.9073,39.36953]},"properties":{"frp":2.97,"date":"2026-08-23","daynight":"N"}},{"type":"Feature","geometry":{"type":"Point","coordinates":[-109.91202,39.3704]},"properties":{"frp":2.97,"date":"2026-08-23","daynight":"N"}},{"type":"Feature","geometry":{"type":"Point","coordinates":[-109.91642,39.37119]},"properties":{"frp":1.97,"date":"2026-08-23","daynight":"N"}},{"type":"Feature","geometry":{"type":"Point","coordinates":[-109.9015,39.37204]},"properties":{"frp":0.71,"date":"2026-08-23","daynight":"N"}},{"type":"Feature","geometry":{"type":"Point","coordinates":[-109.90069,39.37546]},"properties":{"frp":0.71,"date":"2026-08-23","daynight":"N"}},{"type":"Feature","geometry":{"type":"Point","coordinates":[-109.92899,39.37706]},"properties":{"frp":0.91,"date":"2026-08-23","daynight":"N"}},{"type":"Feature","geometry":{"type":"Point","coordinates":[-109.92789,39.38042]},"properties":{"frp":0.91,"date":"2026-08-23","daynight":"N"}},{"type":"Feature","geometry":{"type":"Point","coordinates":[-109.90332,39.38308]},"properties":{"frp":0.84,"date":"2026-08-23","daynight":"N"}},{"type":"Feature","geometry":{"type":"Point","coordinates":[-109.90215,39.38643]},"properties":{"frp":0.88,"date":"2026-08-23","daynight":"N"}},{"type":"Feature","geometry":{"type":"Point","coordinates":[-109.9013,39.38984]},"properties":{"frp":0.88,"date":"2026-08-23","daynight":"N"}},{"type":"Feature","geometry":{"type":"Point","coordinates":[-109.9058,39.39066]},"properties":{"frp":0.88,"date":"2026-08-23","daynight":"N"}},{"type":"Feature","geometry":{"type":"Point","coordinates":[-109.88644,39.39069]},"properties":{"frp":0.43,"date":"2026-08-23","daynight":"N"}},{"type":"Feature","geometry":{"type":"Point","coordinates":[-109.91035,39.39149]},"properties":{"frp":1.71,"date":"2026-08-23","daynight":"N"}},{"type":"Feature","geometry":{"type":"Point","coordinates":[-109.8912,39.39157]},"properties":{"frp":0.74,"date":"2026-08-23","daynight":"N"}},{"type":"Feature","geometry":{"type":"Point","coordinates":[-109.90515,39.39411]},"properties":{"frp":1.69,"date":"2026-08-23","daynight":"N"}},{"type":"Feature","geometry":{"type":"Point","coordinates":[-109.90976,39.39495]},"properties":{"frp":2.2,"date":"2026-08-23","daynight":"N"}},{"type":"Feature","geometry":{"type":"Point","coordinates":[-109.91431,39.39579]},"properties":{"frp":2.2,"date":"2026-08-23","daynight":"N"}},{"type":"Feature","geometry":{"type":"Point","coordinates":[-109.89492,39.39581]},"properties":{"frp":0.74,"date":"2026-08-23","daynight":"N"}},{"type":"Feature","geometry":{"type":"Point","coordinates":[-118.26737,44.81586]},"properties":{"frp":5.55,"date":"2026-08-23","daynight":"N"}},{"type":"Feature","geometry":{"type":"Point","coordinates":[-118.25951,44.82041]},"properties":{"frp":4.58,"date":"2026-08-23","daynight":"N"}},{"type":"Feature","geometry":{"type":"Point","coordinates":[-118.26682,44.82287]},"properties":{"frp":5.55,"date":"2026-08-23","daynight":"N"}},{"type":"Feature","geometry":{"type":"Point","coordinates":[-118.27376,44.82521]},"properties":{"frp":5.55,"date":"2026-08-23","daynight":"N"}},{"type":"Feature","geometry":{"type":"Point","coordinates":[-118.28068,44.82753]},"properties":{"frp":5.53,"date":"2026-08-23","daynight":"N"}},{"type":"Feature","geometry":{"type":"Point","coordinates":[-118.26351,44.82895]},"properties":{"frp":6.45,"date":"2026-08-23","daynight":"N"}},{"type":"Feature","geometry":{"type":"Point","coordinates":[-118.271,44.83147]},"properties":{"frp":6.45,"date":"2026-08-23","daynight":"N"}},{"type":"Feature","geometry":{"type":"Point","coordinates":[-118.27856,44.83401]},"properties":{"frp":3.18,"date":"2026-08-23","daynight":"N"}},{"type":"Feature","geometry":{"type":"Point","coordinates":[-118.25759,44.83417]},"properties":{"frp":6.45,"date":"2026-08-23","daynight":"N"}},{"type":"Feature","geometry":{"type":"Point","coordinates":[-118.28539,44.83631]},"properties":{"frp":3.18,"date":"2026-08-23","daynight":"N"}},{"type":"Feature","geometry":{"type":"Point","coordinates":[-118.26624,44.83707]},"properties":{"frp":6.45,"date":"2026-08-23","daynight":"N"}},{"type":"Feature","geometry":{"type":"Point","coordinates":[-118.27507,44.84003]},"properties":{"frp":3.18,"date":"2026-08-23","daynight":"N"}},{"type":"Feature","geometry":{"type":"Point","coordinates":[-118.19114,44.84068]},"properties":{"frp":10.22,"date":"2026-08-23","daynight":"N"}},{"type":"Feature","geometry":{"type":"Point","coordinates":[-118.23754,44.84183]},"properties":{"frp":71.92,"date":"2026-08-23","daynight":"N"}},{"type":"Feature","geometry":{"type":"Point","coordinates":[-118.26031,44.84228]},"properties":{"frp":65.82,"date":"2026-08-23","daynight":"N"}},{"type":"Feature","geometry":{"type":"Point","coordinates":[-118.19676,44.84257]},"properties":{"frp":10.22,"date":"2026-08-23","daynight":"N"}},{"type":"Feature","geometry":{"type":"Point","coordinates":[-118.28297,44.84269]},"properties":{"frp":3.18,"date":"2026-08-23","daynight":"N"}},{"type":"Feature","geometry":{"type":"Point","coordinates":[-118.24482,44.84427]},"properties":{"frp":71.92,"date":"2026-08-23","daynight":"N"}},{"type":"Feature","geometry":{"type":"Point","coordinates":[-118.26996,44.84551]},"properties":{"frp":7.41,"date":"2026-08-23","daynight":"N"}},{"type":"Feature","geometry":{"type":"Point","coordinates":[-118.18462,44.8457]},"properties":{"frp":3.69,"date":"2026-08-23","daynight":"N"}},{"type":"Feature","geometry":{"type":"Point","coordinates":[-118.25116,44.8464]},"properties":{"frp":65.82,"date":"2026-08-23","daynight":"N"}},{"type":"Feature","geometry":{"type":"Point","coordinates":[-118.19069,44.84774]},"properties":{"frp":6.1,"date":"2026-08-23","daynight":"N"}},{"type":"Feature","geometry":{"type":"Point","coordinates":[-118.18947,44.84803]},"properties":{"frp":3.09,"date":"2026-08-23","daynight":"N"}},{"type":"Feature","geometry":{"type":"Point","coordinates":[-118.2784,44.84834]},"properties":{"frp":7.41,"date":"2026-08-23","daynight":"N"}},{"type":"Feature","geometry":{"type":"Point","coordinates":[-118.2356,44.84838]},"properties":{"frp":12.91,"date":"2026-08-23","daynight":"N"}},{"type":"Feature","geometry":{"type":"Point","coordinates":[-118.25765,44.84857]},"properties":{"frp":65.82,"date":"2026-08-23","daynight":"N"}},{"type":"Feature","geometry":{"type":"Point","coordinates":[-118.19567,44.84941]},"properties":{"frp":6.1,"date":"2026-08-23","daynight":"N"}},{"type":"Feature","geometry":{"type":"Point","coordinates":[-118.19451,44.84974]},"properties":{"frp":6.9,"date":"2026-08-23","daynight":"N"}},{"type":"Feature","geometry":{"type":"Point","coordinates":[-118.2424,44.85066]},"properties":{"frp":12.91,"date":"2026-08-23","daynight":"N"}},{"type":"Feature","geometry":{"type":"Point","coordinates":[-118.26443,44.85085]},"properties":{"frp":7.41,"date":"2026-08-23","daynight":"N"}},{"type":"Feature","geometry":{"type":"Point","coordinates":[-118.20028,44.85096]},"properties":{"frp":5.98,"date":"2026-08-23","daynight":"N"}},{"type":"Feature","geometry":{"type":"Point","coordinates":[-118.19923,44.85135]},"properties":{"frp":6.9,"date":"2026-08-23","daynight":"N"}},{"type":"Feature","geometry":{"type":"Point","coordinates":[-118.25005,44.85322]},"properties":{"frp":84.67,"date":"2026-08-23","daynight":"N"}},{"type":"Feature","geometry":{"type":"Point","coordinates":[-118.18822,44.85412]},"properties":{"frp":6.1,"date":"2026-08-23","daynight":"N"}},{"type":"Feature","geometry":{"type":"Point","coordinates":[-118.18667,44.85431]},"properties":{"frp":3.09,"date":"2026-08-23","daynight":"N"}},{"type":"Feature","geometry":{"type":"Point","coordinates":[-118.25695,44.85553]},"properties":{"frp":84.67,"date":"2026-08-23","daynight":"N"}},{"type":"Feature","geometry":{"type":"Point","coordinates":[-118.26314,44.85759]},"properties":{"frp":31.18,"date":"2026-08-23","daynight":"N"}},{"type":"Feature","geometry":{"type":"Point","coordinates":[-121.98463,45.0025]},"properties":{"frp":5.32,"date":"2026-08-23","daynight":"N"}},{"type":"Feature","geometry":{"type":"Point","coordinates":[-121.98861,45.00367]},"properties":{"frp":4.53,"date":"2026-08-23","daynight":"N"}},{"type":"Feature","geometry":{"type":"Point","coordinates":[-121.96977,45.00415]},"properties":{"frp":1.48,"date":"2026-08-23","daynight":"N"}},{"type":"Feature","geometry":{"type":"Point","coordinates":[-121.99229,45.00475]},"properties":{"frp":4.53,"date":"2026-08-23","daynight":"N"}},{"type":"Feature","geometry":{"type":"Point","coordinates":[-121.97311,45.00513]},"properties":{"frp":1.48,"date":"2026-08-23","daynight":"N"}},{"type":"Feature","geometry":{"type":"Point","coordinates":[-121.97644,45.00611]},"properties":{"frp":1.39,"date":"2026-08-23","daynight":"N"}},{"type":"Feature","geometry":{"type":"Point","coordinates":[-121.97993,45.00713]},"properties":{"frp":1.39,"date":"2026-08-23","daynight":"N"}},{"type":"Feature","geometry":{"type":"Point","coordinates":[-121.98385,45.00828]},"properties":{"frp":1.38,"date":"2026-08-23","daynight":"N"}},{"type":"Feature","geometry":{"type":"Point","coordinates":[-121.98774,45.00942]},"properties":{"frp":1.38,"date":"2026-08-23","daynight":"N"}},{"type":"Feature","geometry":{"type":"Point","coordinates":[-121.97632,45.01208]},"properties":{"frp":1.39,"date":"2026-08-23","daynight":"N"}},{"type":"Feature","geometry":{"type":"Point","coordinates":[-121.97506,45.01281]},"properties":{"frp":0.8,"date":"2026-08-23","daynight":"N"}},{"type":"Feature","geometry":{"type":"Point","coordinates":[-121.97981,45.0131]},"properties":{"frp":1.38,"date":"2026-08-23","daynight":"N"}},{"type":"Feature","geometry":{"type":"Point","coordinates":[-121.97845,45.01382]},"properties":{"frp":0.8,"date":"2026-08-23","daynight":"N"}},{"type":"Feature","geometry":{"type":"Point","coordinates":[-122.01371,45.017]},"properties":{"frp":0.8,"date":"2026-08-23","daynight":"N"}},{"type":"Feature","geometry":{"type":"Point","coordinates":[-122.00941,45.02174]},"properties":{"frp":0.8,"date":"2026-08-23","daynight":"N"}},{"type":"Feature","geometry":{"type":"Point","coordinates":[-121.9986,45.03056]},"properties":{"frp":0.66,"date":"2026-08-23","daynight":"N"}},{"type":"Feature","geometry":{"type":"Point","coordinates":[-122.0863,45.12942]},"properties":{"frp":1.32,"date":"2026-08-23","daynight":"N"}},{"type":"Feature","geometry":{"type":"Point","coordinates":[-121.54067,45.25813]},"properties":{"frp":1.16,"date":"2026-08-23","daynight":"N"}},{"type":"Feature","geometry":{"type":"Point","coordinates":[-121.55157,45.26139]},"properties":{"frp":1.54,"date":"2026-08-23","daynight":"N"}},{"type":"Feature","geometry":{"type":"Point","coordinates":[-121.53822,45.26349]},"properties":{"frp":0.95,"date":"2026-08-23","daynight":"N"}},{"type":"Feature","geometry":{"type":"Point","coordinates":[-118.01653,45.57718]},"properties":{"frp":0.65,"date":"2026-08-23","daynight":"N"}},{"type":"Feature","geometry":{"type":"Point","coordinates":[-120.21421,45.64737]},"properties":{"frp":0.67,"date":"2026-08-23","daynight":"N"}},{"type":"Feature","geometry":{"type":"Point","coordinates":[-120.21386,45.64771]},"properties":{"frp":0.5,"date":"2026-08-23","daynight":"N"}},{"type":"Feature","geometry":{"type":"Point","coordinates":[-118.11182,45.75809]},"properties":{"frp":2.78,"date":"2026-08-23","daynight":"N"}},{"type":"Feature","geometry":{"type":"Point","coordinates":[-118.10916,45.76075]},"properties":{"frp":1.65,"date":"2026-08-23","daynight":"N"}},{"type":"Feature","geometry":{"type":"Point","coordinates":[-118.02238,45.96573]},"properties":{"frp":2.41,"date":"2026-08-23","daynight":"N"}},{"type":"Feature","geometry":{"type":"Point","coordinates":[-118.01595,45.96727]},"properties":{"frp":4.85,"date":"2026-08-23","daynight":"N"}},{"type":"Feature","geometry":{"type":"Point","coordinates":[-118.02086,45.96893]},"properties":{"frp":9.62,"date":"2026-08-23","daynight":"N"}},{"type":"Feature","geometry":{"type":"Point","coordinates":[-118.01163,45.9692]},"properties":{"frp":5.08,"date":"2026-08-23","daynight":"N"}},{"type":"Feature","geometry":{"type":"Point","coordinates":[-118.01717,45.97104]},"properties":{"frp":5.08,"date":"2026-08-23","daynight":"N"}},{"type":"Feature","geometry":{"type":"Point","coordinates":[-118.00954,45.97216]},"properties":{"frp":1.55,"date":"2026-08-23","daynight":"N"}},{"type":"Feature","geometry":{"type":"Point","coordinates":[-118.01543,45.97416]},"properties":{"frp":4.45,"date":"2026-08-23","daynight":"N"}},{"type":"Feature","geometry":{"type":"Point","coordinates":[-117.95798,45.97598]},"properties":{"frp":0.72,"date":"2026-08-23","daynight":"N"}},{"type":"Feature","geometry":{"type":"Point","coordinates":[-117.95473,45.9785]},"properties":{"frp":1.09,"date":"2026-08-23","daynight":"N"}},{"type":"Feature","geometry":{"type":"Point","coordinates":[-118.02886,45.97869]},"properties":{"frp":2.93,"date":"2026-08-23","daynight":"N"}},{"type":"Feature","geometry":{"type":"Point","coordinates":[-118.02435,45.98046]},"properties":{"frp":9.42,"date":"2026-08-23","daynight":"N"}},{"type":"Feature","geometry":{"type":"Point","coordinates":[-118.02228,45.98352]},"properties":{"frp":2.93,"date":"2026-08-23","daynight":"N"}},{"type":"Feature","geometry":{"type":"Point","coordinates":[-117.93967,45.99103]},"properties":{"frp":0.86,"date":"2026-08-23","daynight":"N"}},{"type":"Feature","geometry":{"type":"Point","coordinates":[-119.95382,46.09461]},"properties":{"frp":6.67,"date":"2026-08-23","daynight":"N"}},{"type":"Feature","geometry":{"type":"Point","coordinates":[-119.95966,46.09642]},"properties":{"frp":6.09,"date":"2026-08-23","daynight":"N"}},{"type":"Feature","geometry":{"type":"Point","coordinates":[-119.96577,46.09833]},"properties":{"frp":6.09,"date":"2026-08-23","daynight":"N"}},{"type":"Feature","geometry":{"type":"Point","coordinates":[-119.95087,46.10011]},"properties":{"frp":0.99,"date":"2026-08-23","daynight":"N"}},{"type":"Feature","geometry":{"type":"Point","coordinates":[-119.95607,46.10173]},"properties":{"frp":1.33,"date":"2026-08-23","daynight":"N"}},{"type":"Feature","geometry":{"type":"Point","coordinates":[-119.96184,46.10352]},"properties":{"frp":1.33,"date":"2026-08-23","daynight":"N"}},{"type":"Feature","geometry":{"type":"Point","coordinates":[-119.83102,46.13311]},"properties":{"frp":1.41,"date":"2026-08-23","daynight":"N"}},{"type":"Feature","geometry":{"type":"Point","coordinates":[-119.82769,46.13852]},"properties":{"frp":0.56,"date":"2026-08-23","daynight":"N"}},{"type":"Feature","geometry":{"type":"Point","coordinates":[-119.79688,46.18049]},"properties":{"frp":1.42,"date":"2026-08-23","daynight":"N"}},{"type":"Feature","geometry":{"type":"Point","coordinates":[-119.85989,46.18083]},"properties":{"frp":0.2,"date":"2026-08-23","daynight":"N"}},{"type":"Feature","geometry":{"type":"Point","coordinates":[-115.08801,46.26236]},"properties":{"frp":1.83,"date":"2026-08-23","daynight":"N"}},{"type":"Feature","geometry":{"type":"Point","coordinates":[-115.09116,46.26375]},"properties":{"frp":1.92,"date":"2026-08-23","daynight":"N"}},{"type":"Feature","geometry":{"type":"Point","coordinates":[-118.35977,46.58583]},"properties":{"frp":0.69,"date":"2026-08-23","daynight":"N"}},{"type":"Feature","geometry":{"type":"Point","coordinates":[-118.36196,46.58593]},"properties":{"frp":0.87,"date":"2026-08-23","daynight":"N"}},{"type":"Feature","geometry":{"type":"Point","coordinates":[-120.37359,47.83521]},"properties":{"frp":0.73,"date":"2026-08-23","daynight":"N"}},{"type":"Feature","geometry":{"type":"Point","coordinates":[-120.61483,47.83825]},"properties":{"frp":2.03,"date":"2026-08-23","daynight":"N"}},{"type":"Feature","geometry":{"type":"Point","coordinates":[-120.61823,47.83926]},"properties":{"frp":2.03,"date":"2026-08-23","daynight":"N"}},{"type":"Feature","geometry":{"type":"Point","coordinates":[-120.61685,47.84287]},"properties":{"frp":2.68,"date":"2026-08-23","daynight":"N"}},{"type":"Feature","geometry":{"type":"Point","coordinates":[-120.62005,47.84383]},"properties":{"frp":2.68,"date":"2026-08-23","daynight":"N"}},{"type":"Feature","geometry":{"type":"Point","coordinates":[-120.62342,47.84485]},"properties":{"frp":4.88,"date":"2026-08-23","daynight":"N"}},{"type":"Feature","geometry":{"type":"Point","coordinates":[-120.61766,47.84498]},"properties":{"frp":2.39,"date":"2026-08-23","daynight":"N"}},{"type":"Feature","geometry":{"type":"Point","coordinates":[-120.62069,47.84589]},"properties":{"frp":4.55,"date":"2026-08-23","daynight":"N"}},{"type":"Feature","geometry":{"type":"Point","coordinates":[-120.62413,47.8469]},"properties":{"frp":4.55,"date":"2026-08-23","daynight":"N"}},{"type":"Feature","geometry":{"type":"Point","coordinates":[-120.55158,47.84696]},"properties":{"frp":5.74,"date":"2026-08-23","daynight":"N"}},{"type":"Feature","geometry":{"type":"Point","coordinates":[-120.61281,47.84758]},"properties":{"frp":1.74,"date":"2026-08-23","daynight":"N"}},{"type":"Feature","geometry":{"type":"Point","coordinates":[-120.53668,47.84842]},"properties":{"frp":2.07,"date":"2026-08-23","daynight":"N"}},{"type":"Feature","geometry":{"type":"Point","coordinates":[-120.61597,47.84853]},"properties":{"frp":2.68,"date":"2026-08-23","daynight":"N"}},{"type":"Feature","geometry":{"type":"Point","coordinates":[-120.55777,47.84882]},"properties":{"frp":15.04,"date":"2026-08-23","daynight":"N"}},{"type":"Feature","geometry":{"type":"Point","coordinates":[-120.61906,47.84946]},"properties":{"frp":2.68,"date":"2026-08-23","daynight":"N"}},{"type":"Feature","geometry":{"type":"Point","coordinates":[-120.61338,47.84961]},"properties":{"frp":2.39,"date":"2026-08-23","daynight":"N"}},{"type":"Feature","geometry":{"type":"Point","coordinates":[-120.54116,47.84977]},"properties":{"frp":5.74,"date":"2026-08-23","daynight":"N"}},{"type":"Feature","geometry":{"type":"Point","coordinates":[-120.57517,47.85016]},"properties":{"frp":1.13,"date":"2026-08-23","daynight":"N"}},{"type":"Feature","geometry":{"type":"Point","coordinates":[-120.56278,47.85032]},"properties":{"frp":15.04,"date":"2026-08-23","daynight":"N"}},{"type":"Feature","geometry":{"type":"Point","coordinates":[-120.62228,47.85042]},"properties":{"frp":4.88,"date":"2026-08-23","daynight":"N"}},{"type":"Feature","geometry":{"type":"Point","coordinates":[-120.61647,47.85053]},"properties":{"frp":2.39,"date":"2026-08-23","daynight":"N"}},{"type":"Feature","geometry":{"type":"Point","coordinates":[-120.546,47.85122]},"properties":{"frp":5.74,"date":"2026-08-23","daynight":"N"}},{"type":"Feature","geometry":{"type":"Point","coordinates":[-120.61964,47.85147]},"properties":{"frp":4.55,"date":"2026-08-23","daynight":"N"}},{"type":"Feature","geometry":{"type":"Point","coordinates":[-120.57997,47.85157]},"properties":{"frp":1.13,"date":"2026-08-23","daynight":"N"}},{"type":"Feature","geometry":{"type":"Point","coordinates":[-120.34893,47.85173]},"properties":{"frp":1.1,"date":"2026-08-23","daynight":"N"}},{"type":"Feature","geometry":{"type":"Point","coordinates":[-120.56752,47.85175]},"properties":{"frp":8.19,"date":"2026-08-23","daynight":"N"}},{"type":"Feature","geometry":{"type":"Point","coordinates":[-120.58929,47.85236]},"properties":{"frp":0.45,"date":"2026-08-23","daynight":"N"}},{"type":"Feature","geometry":{"type":"Point","coordinates":[-120.62302,47.85247]},"properties":{"frp":4.55,"date":"2026-08-23","daynight":"N"}},{"type":"Feature","geometry":{"type":"Point","coordinates":[-120.57207,47.85311]},"properties":{"frp":8.19,"date":"2026-08-23","daynight":"N"}},{"type":"Feature","geometry":{"type":"Point","coordinates":[-120.55231,47.85311]},"properties":{"frp":15.04,"date":"2026-08-23","daynight":"N"}},{"type":"Feature","geometry":{"type":"Point","coordinates":[-120.58528,47.85313]},"properties":{"frp":1.24,"date":"2026-08-23","daynight":"N"}},{"type":"Feature","geometry":{"type":"Point","coordinates":[-120.6145,47.85401]},"properties":{"frp":5.42,"date":"2026-08-23","daynight":"N"}},{"type":"Feature","geometry":{"type":"Point","coordinates":[-120.58998,47.85451]},"properties":{"frp":1.24,"date":"2026-08-23","daynight":"N"}},{"type":"Feature","geometry":{"type":"Point","coordinates":[-120.57688,47.85456]},"properties":{"frp":8.71,"date":"2026-08-23","daynight":"N"}},{"type":"Feature","geometry":{"type":"Point","coordinates":[-120.55856,47.85498]},"properties":{"frp":15.04,"date":"2026-08-23","daynight":"N"}},{"type":"Feature","geometry":{"type":"Point","coordinates":[-120.61779,47.85499]},"properties":{"frp":5.42,"date":"2026-08-23","daynight":"N"}},{"type":"Feature","geometry":{"type":"Point","coordinates":[-120.65247,47.85526]},"properties":{"frp":1.22,"date":"2026-08-23","daynight":"N"}},{"type":"Feature","geometry":{"type":"Point","coordinates":[-120.62119,47.85601]},"properties":{"frp":7.78,"date":"2026-08-23","daynight":"N"}},{"type":"Feature","geometry":{"type":"Point","coordinates":[-120.61509,47.85602]},"properties":{"frp":2.8,"date":"2026-08-23","daynight":"N"}},{"type":"Feature","geometry":{"type":"Point","coordinates":[-120.58189,47.85606]},"properties":{"frp":8.71,"date":"2026-08-23","daynight":"N"}},{"type":"Feature","geometry":{"type":"Point","coordinates":[-120.61841,47.85699]},"properties":{"frp":3.09,"date":"2026-08-23","daynight":"N"}},{"type":"Feature","geometry":{"type":"Point","coordinates":[-120.58678,47.85753]},"properties":{"frp":3.64,"date":"2026-08-23","daynight":"N"}},{"type":"Feature","geometry":{"type":"Point","coordinates":[-120.62186,47.85802]},"properties":{"frp":3.09,"date":"2026-08-23","daynight":"N"}},{"type":"Feature","geometry":{"type":"Point","coordinates":[-120.56923,47.85818]},"properties":{"frp":8.19,"date":"2026-08-23","daynight":"N"}},{"type":"Feature","geometry":{"type":"Point","coordinates":[-120.64953,47.8586]},"properties":{"frp":1.98,"date":"2026-08-23","daynight":"N"}},{"type":"Feature","geometry":{"type":"Point","coordinates":[-120.35271,47.85884]},"properties":{"frp":2.27,"date":"2026-08-23","daynight":"N"}},{"type":"Feature","geometry":{"type":"Point","coordinates":[-120.37283,47.85888]},"properties":{"frp":1.2,"date":"2026-08-23","daynight":"N"}},{"type":"Feature","geometry":{"type":"Point","coordinates":[-120.64611,47.85927]},"properties":{"frp":1.6,"date":"2026-08-23","daynight":"N"}},{"type":"Feature","geometry":{"type":"Point","coordinates":[-120.65364,47.85984]},"properties":{"frp":2.02,"date":"2026-08-23","daynight":"N"}},{"type":"Feature","geometry":{"type":"Point","coordinates":[-120.35603,47.85984]},"properties":{"frp":2.27,"date":"2026-08-23","daynight":"N"}},{"type":"Feature","geometry":{"type":"Point","coordinates":[-120.65018,47.86047]},"properties":{"frp":1.22,"date":"2026-08-23","daynight":"N"}},{"type":"Feature","geometry":{"type":"Point","coordinates":[-120.63988,47.86162]},"properties":{"frp":1.08,"date":"2026-08-23","daynight":"N"}},{"type":"Feature","geometry":{"type":"Point","coordinates":[-120.65434,47.86169]},"properties":{"frp":1.22,"date":"2026-08-23","daynight":"N"}},{"type":"Feature","geometry":{"type":"Point","coordinates":[-120.64378,47.86279]},"properties":{"frp":4.09,"date":"2026-08-23","daynight":"N"}},{"type":"Feature","geometry":{"type":"Point","coordinates":[-120.64059,47.86353]},"properties":{"frp":2.56,"date":"2026-08-23","daynight":"N"}},{"type":"Feature","geometry":{"type":"Point","coordinates":[-120.6477,47.86396]},"properties":{"frp":4.09,"date":"2026-08-23","daynight":"N"}},{"type":"Feature","geometry":{"type":"Point","coordinates":[-120.37029,47.8641]},"properties":{"frp":0.99,"date":"2026-08-23","daynight":"N"}},{"type":"Feature","geometry":{"type":"Point","coordinates":[-120.64452,47.86469]},"properties":{"frp":2.56,"date":"2026-08-23","daynight":"N"}},{"type":"Feature","geometry":{"type":"Point","coordinates":[-120.63068,47.86477]},"properties":{"frp":1.49,"date":"2026-08-23","daynight":"N"}},{"type":"Feature","geometry":{"type":"Point","coordinates":[-120.65164,47.86514]},"properties":{"frp":4.77,"date":"2026-08-23","daynight":"N"}},{"type":"Feature","geometry":{"type":"Point","coordinates":[-120.64848,47.86585]},"properties":{"frp":7.29,"date":"2026-08-23","daynight":"N"}},{"type":"Feature","geometry":{"type":"Point","coordinates":[-120.63441,47.86589]},"properties":{"frp":1.08,"date":"2026-08-23","daynight":"N"}},{"type":"Feature","geometry":{"type":"Point","coordinates":[-120.3764,47.86591]},"properties":{"frp":0.99,"date":"2026-08-23","daynight":"N"}},{"type":"Feature","geometry":{"type":"Point","coordinates":[-120.59655,47.86637]},"properties":{"frp":0.85,"date":"2026-08-23","daynight":"N"}},{"type":"Feature","geometry":{"type":"Point","coordinates":[-120.63142,47.86671]},"properties":{"frp":0.71,"date":"2026-08-23","daynight":"N"}},{"type":"Feature","geometry":{"type":"Point","coordinates":[-120.63827,47.86705]},"properties":{"frp":1.08,"date":"2026-08-23","daynight":"N"}},{"type":"Feature","geometry":{"type":"Point","coordinates":[-120.63505,47.86778]},"properties":{"frp":0.71,"date":"2026-08-23","daynight":"N"}},{"type":"Feature","geometry":{"type":"Point","coordinates":[-120.64226,47.86824]},"properties":{"frp":4.09,"date":"2026-08-23","daynight":"N"}},{"type":"Feature","geometry":{"type":"Point","coordinates":[-120.36912,47.86971]},"properties":{"frp":0.99,"date":"2026-08-23","daynight":"N"}},{"type":"Feature","geometry":{"type":"Point","coordinates":[-120.64303,47.87013]},"properties":{"frp":2.56,"date":"2026-08-23","daynight":"N"}},{"type":"Feature","geometry":{"type":"Point","coordinates":[-120.37486,47.87142]},"properties":{"frp":0.99,"date":"2026-08-23","daynight":"N"}},{"type":"Feature","geometry":{"type":"Point","coordinates":[-120.37939,47.87277]},"properties":{"frp":1.19,"date":"2026-08-23","daynight":"N"}},{"type":"Feature","geometry":{"type":"Point","coordinates":[-120.38358,47.87402]},"properties":{"frp":1.19,"date":"2026-08-23","daynight":"N"}},{"type":"Feature","geometry":{"type":"Point","coordinates":[-120.38757,47.87521]},"properties":{"frp":0.57,"date":"2026-08-23","daynight":"N"}},{"type":"Feature","geometry":{"type":"Point","coordinates":[-120.39139,47.87635]},"properties":{"frp":0.57,"date":"2026-08-23","daynight":"N"}},{"type":"Feature","geometry":{"type":"Point","coordinates":[-120.39193,47.88247]},"properties":{"frp":0.8,"date":"2026-08-23","daynight":"N"}},{"type":"Feature","geometry":{"type":"Point","coordinates":[-120.6144,47.88943]},"properties":{"frp":0.77,"date":"2026-08-23","daynight":"N"}},{"type":"Feature","geometry":{"type":"Point","coordinates":[-120.38978,47.8903]},"properties":{"frp":1.27,"date":"2026-08-23","daynight":"N"}},{"type":"Feature","geometry":{"type":"Point","coordinates":[-120.38178,47.89137]},"properties":{"frp":1.09,"date":"2026-08-23","daynight":"N"}},{"type":"Feature","geometry":{"type":"Point","coordinates":[-120.60778,47.89336]},"properties":{"frp":0.77,"date":"2026-08-23","daynight":"N"}},{"type":"Feature","geometry":{"type":"Point","coordinates":[-120.38031,47.89342]},"properties":{"frp":1.71,"date":"2026-08-23","daynight":"N"}},{"type":"Feature","geometry":{"type":"Point","coordinates":[-120.38889,47.89349]},"properties":{"frp":2.03,"date":"2026-08-23","daynight":"N"}},{"type":"Feature","geometry":{"type":"Point","coordinates":[-120.61141,47.89445]},"properties":{"frp":0.77,"date":"2026-08-23","daynight":"N"}},{"type":"Feature","geometry":{"type":"Point","coordinates":[-120.38725,47.89551]},"properties":{"frp":1.27,"date":"2026-08-23","daynight":"N"}},{"type":"Feature","geometry":{"type":"Point","coordinates":[-120.40098,47.89708]},"properties":{"frp":0.52,"date":"2026-08-23","daynight":"N"}},{"type":"Feature","geometry":{"type":"Point","coordinates":[-120.6149,47.90728]},"properties":{"frp":0.87,"date":"2026-08-23","daynight":"N"}},{"type":"Feature","geometry":{"type":"Point","coordinates":[-120.39291,47.90918]},"properties":{"frp":0.72,"date":"2026-08-23","daynight":"N"}},{"type":"Feature","geometry":{"type":"Point","coordinates":[-120.39754,47.91057]},"properties":{"frp":0.72,"date":"2026-08-23","daynight":"N"}},{"type":"Feature","geometry":{"type":"Point","coordinates":[-120.60868,47.91133]},"properties":{"frp":1.82,"date":"2026-08-23","daynight":"N"}},{"type":"Feature","geometry":{"type":"Point","coordinates":[-120.39342,47.91268]},"properties":{"frp":1.77,"date":"2026-08-23","daynight":"N"}},{"type":"Feature","geometry":{"type":"Point","coordinates":[-120.39773,47.91395]},"properties":{"frp":1.21,"date":"2026-08-23","daynight":"N"}},{"type":"Feature","geometry":{"type":"Point","coordinates":[-120.39223,47.91494]},"properties":{"frp":1.97,"date":"2026-08-23","daynight":"N"}},{"type":"Feature","geometry":{"type":"Point","coordinates":[-120.40151,47.91507]},"properties":{"frp":1.21,"date":"2026-08-23","daynight":"N"}},{"type":"Feature","geometry":{"type":"Point","coordinates":[-120.39614,47.91611]},"properties":{"frp":1.97,"date":"2026-08-23","daynight":"N"}},{"type":"Feature","geometry":{"type":"Point","coordinates":[-120.39994,47.91726]},"properties":{"frp":2.0,"date":"2026-08-23","daynight":"N"}},{"type":"Feature","geometry":{"type":"Point","coordinates":[-120.40394,47.91846]},"properties":{"frp":2.0,"date":"2026-08-23","daynight":"N"}},{"type":"Feature","geometry":{"type":"Point","coordinates":[-120.39493,47.92171]},"properties":{"frp":1.97,"date":"2026-08-23","daynight":"N"}},{"type":"Feature","geometry":{"type":"Point","coordinates":[-120.59532,47.98777]},"properties":{"frp":0.66,"date":"2026-08-23","daynight":"N"}},{"type":"Feature","geometry":{"type":"Point","coordinates":[-120.34852,47.99121]},"properties":{"frp":0.64,"date":"2026-08-23","daynight":"N"}},{"type":"Feature","geometry":{"type":"Point","coordinates":[-120.35538,47.99324]},"properties":{"frp":0.76,"date":"2026-08-23","daynight":"N"}},{"type":"Feature","geometry":{"type":"Point","coordinates":[-120.35104,47.99536]},"properties":{"frp":1.29,"date":"2026-08-23","daynight":"N"}},{"type":"Feature","geometry":{"type":"Point","coordinates":[-120.34898,47.9973]},"properties":{"frp":0.77,"date":"2026-08-23","daynight":"N"}},{"type":"Feature","geometry":{"type":"Point","coordinates":[-120.6404,48.01886]},"properties":{"frp":0.78,"date":"2026-08-23","daynight":"N"}},{"type":"Feature","geometry":{"type":"Point","coordinates":[-120.62222,48.03694]},"properties":{"frp":1.6,"date":"2026-08-23","daynight":"N"}},{"type":"Feature","geometry":{"type":"Point","coordinates":[-120.8139,48.05276]},"properties":{"frp":2.03,"date":"2026-08-23","daynight":"N"}},{"type":"Feature","geometry":{"type":"Point","coordinates":[-120.81686,48.05365]},"properties":{"frp":2.03,"date":"2026-08-23","daynight":"N"}},{"type":"Feature","geometry":{"type":"Point","coordinates":[-120.81992,48.05455]},"properties":{"frp":7.62,"date":"2026-08-23","daynight":"N"}},{"type":"Feature","geometry":{"type":"Point","coordinates":[-120.80601,48.05625]},"properties":{"frp":1.63,"date":"2026-08-23","daynight":"N"}},{"type":"Feature","geometry":{"type":"Point","coordinates":[-120.809,48.05714]},"properties":{"frp":1.63,"date":"2026-08-23","daynight":"N"}},{"type":"Feature","geometry":{"type":"Point","coordinates":[-120.812,48.05803]},"properties":{"frp":2.03,"date":"2026-08-23","daynight":"N"}},{"type":"Feature","geometry":{"type":"Point","coordinates":[-120.81503,48.05892]},"properties":{"frp":2.03,"date":"2026-08-23","daynight":"N"}},{"type":"Feature","geometry":{"type":"Point","coordinates":[-120.8099,48.06322]},"properties":{"frp":1.87,"date":"2026-08-23","daynight":"N"}},{"type":"Feature","geometry":{"type":"Point","coordinates":[-120.60569,48.08392]},"properties":{"frp":0.92,"date":"2026-08-23","daynight":"N"}},{"type":"Feature","geometry":{"type":"Point","coordinates":[-120.8139,48.33102]},"properties":{"frp":1.37,"date":"2026-08-23","daynight":"N"}},{"type":"Feature","geometry":{"type":"Point","coordinates":[-114.68142,48.51389]},"properties":{"frp":1.04,"date":"2026-08-23","daynight":"N"}},{"type":"Feature","geometry":{"type":"Point","coordinates":[-121.66496,36.2182]},"properties":{"frp":1.74,"date":"2026-08-23","daynight":"N"}},{"type":"Feature","geometry":{"type":"Point","coordinates":[-121.66145,36.2324]},"properties":{"frp":2.8,"date":"2026-08-23","daynight":"N"}},{"type":"Feature","geometry":{"type":"Point","coordinates":[-121.68612,36.2326]},"properties":{"frp":2.08,"date":"2026-08-23","daynight":"N"}},{"type":"Feature","geometry":{"type":"Point","coordinates":[-121.66782,36.23443]},"properties":{"frp":1.9,"date":"2026-08-23","daynight":"N"}},{"type":"Feature","geometry":{"type":"Point","coordinates":[-121.67513,36.23676]},"properties":{"frp":1.9,"date":"2026-08-23","daynight":"N"}},{"type":"Feature","geometry":{"type":"Point","coordinates":[-121.67366,36.24268]},"properties":{"frp":2.16,"date":"2026-08-23","daynight":"N"}},{"type":"Feature","geometry":{"type":"Point","coordinates":[-121.67142,36.24323]},"properties":{"frp":1.9,"date":"2026-08-23","daynight":"N"}},{"type":"Feature","geometry":{"type":"Point","coordinates":[-121.68111,36.24509]},"properties":{"frp":2.16,"date":"2026-08-23","daynight":"N"}},{"type":"Feature","geometry":{"type":"Point","coordinates":[-121.6785,36.24548]},"properties":{"frp":3.81,"date":"2026-08-23","daynight":"N"}},{"type":"Feature","geometry":{"type":"Point","coordinates":[-121.72129,36.25145]},"properties":{"frp":1.27,"date":"2026-08-23","daynight":"N"}},{"type":"Feature","geometry":{"type":"Point","coordinates":[-121.72797,36.25357]},"properties":{"frp":2.39,"date":"2026-08-23","daynight":"N"}},{"type":"Feature","geometry":{"type":"Point","coordinates":[-121.71035,36.2556]},"properties":{"frp":1.27,"date":"2026-08-23","daynight":"N"}},{"type":"Feature","geometry":{"type":"Point","coordinates":[-121.71365,36.25562]},"properties":{"frp":1.68,"date":"2026-08-23","daynight":"N"}},{"type":"Feature","geometry":{"type":"Point","coordinates":[-121.72471,36.2592]},"properties":{"frp":2.84,"date":"2026-08-23","daynight":"N"}},{"type":"Feature","geometry":{"type":"Point","coordinates":[-121.72311,36.25964]},"properties":{"frp":1.27,"date":"2026-08-23","daynight":"N"}},{"type":"Feature","geometry":{"type":"Point","coordinates":[-121.7108,36.26337]},"properties":{"frp":3.33,"date":"2026-08-23","daynight":"N"}},{"type":"Feature","geometry":{"type":"Point","coordinates":[-121.71419,36.26344]},"properties":{"frp":1.68,"date":"2026-08-23","daynight":"N"}},{"type":"Feature","geometry":{"type":"Point","coordinates":[-121.72338,36.26641]},"properties":{"frp":2.84,"date":"2026-08-23","daynight":"N"}},{"type":"Feature","geometry":{"type":"Point","coordinates":[-121.72148,36.26674]},"properties":{"frp":3.33,"date":"2026-08-23","daynight":"N"}},{"type":"Feature","geometry":{"type":"Point","coordinates":[-121.69872,36.26716]},"properties":{"frp":2.87,"date":"2026-08-23","daynight":"N"}},{"type":"Feature","geometry":{"type":"Point","coordinates":[-121.70303,36.26748]},"properties":{"frp":2.89,"date":"2026-08-23","daynight":"N"}},{"type":"Feature","geometry":{"type":"Point","coordinates":[-121.71416,36.27108]},"properties":{"frp":2.89,"date":"2026-08-23","daynight":"N"}},{"type":"Feature","geometry":{"type":"Point","coordinates":[-121.71207,36.27138]},"properties":{"frp":3.33,"date":"2026-08-23","daynight":"N"}},{"type":"Feature","geometry":{"type":"Point","coordinates":[-121.72044,36.27311]},"properties":{"frp":7.47,"date":"2026-08-23","daynight":"N"}},{"type":"Feature","geometry":{"type":"Point","coordinates":[-121.71889,36.27354]},"properties":{"frp":3.33,"date":"2026-08-23","daynight":"N"}},{"type":"Feature","geometry":{"type":"Point","coordinates":[-121.70297,36.27511]},"properties":{"frp":2.89,"date":"2026-08-23","daynight":"N"}},{"type":"Feature","geometry":{"type":"Point","coordinates":[-121.7145,36.27882]},"properties":{"frp":2.89,"date":"2026-08-23","daynight":"N"}},{"type":"Feature","geometry":{"type":"Point","coordinates":[-121.71274,36.27921]},"properties":{"frp":2.56,"date":"2026-08-23","daynight":"N"}},{"type":"Feature","geometry":{"type":"Point","coordinates":[-119.92213,39.5563]},"properties":{"frp":2.22,"date":"2026-08-23","daynight":"N"}},{"type":"Feature","geometry":{"type":"Point","coordinates":[-119.87103,39.57779]},"properties":{"frp":1.61,"date":"2026-08-23","daynight":"N"}},{"type":"Feature","geometry":{"type":"Point","coordinates":[-119.87392,39.57834]},"properties":{"frp":1.31,"date":"2026-08-23","daynight":"N"}},{"type":"Feature","geometry":{"type":"Point","coordinates":[-119.96804,39.5867]},"properties":{"frp":5.19,"date":"2026-08-23","daynight":"N"}},{"type":"Feature","geometry":{"type":"Point","coordinates":[-119.96958,39.58735]},"properties":{"frp":10.06,"date":"2026-08-23","daynight":"N"}},{"type":"Feature","geometry":{"type":"Point","coordinates":[-119.91869,39.59342]},"properties":{"frp":4.71,"date":"2026-08-23","daynight":"N"}},{"type":"Feature","geometry":{"type":"Point","coordinates":[-119.96587,39.59362]},"properties":{"frp":5.19,"date":"2026-08-23","daynight":"N"}},{"type":"Feature","geometry":{"type":"Point","coordinates":[-119.96754,39.59431]},"properties":{"frp":6.81,"date":"2026-08-23","daynight":"N"}},{"type":"Feature","geometry":{"type":"Point","coordinates":[-119.92258,39.5946]},"properties":{"frp":7.24,"date":"2026-08-23","daynight":"N"}},{"type":"Feature","geometry":{"type":"Point","coordinates":[-119.93136,39.59755]},"properties":{"frp":4.71,"date":"2026-08-23","daynight":"N"}},{"type":"Feature","geometry":{"type":"Point","coordinates":[-119.9566,39.5982]},"properties":{"frp":5.96,"date":"2026-08-23","daynight":"N"}},{"type":"Feature","geometry":{"type":"Point","coordinates":[-119.93445,39.59856]},"properties":{"frp":4.92,"date":"2026-08-23","daynight":"N"}},{"type":"Feature","geometry":{"type":"Point","coordinates":[-119.95819,39.59883]},"properties":{"frp":5.58,"date":"2026-08-23","daynight":"N"}},{"type":"Feature","geometry":{"type":"Point","coordinates":[-119.96294,39.60028]},"properties":{"frp":5.96,"date":"2026-08-23","daynight":"N"}},{"type":"Feature","geometry":{"type":"Point","coordinates":[-119.94061,39.60059]},"properties":{"frp":5.53,"date":"2026-08-23","daynight":"N"}},{"type":"Feature","geometry":{"type":"Point","coordinates":[-119.96461,39.60098]},"properties":{"frp":6.81,"date":"2026-08-23","daynight":"N"}},{"type":"Feature","geometry":{"type":"Point","coordinates":[-119.9425,39.60125]},"properties":{"frp":4.92,"date":"2026-08-23","daynight":"N"}},{"type":"Feature","geometry":{"type":"Point","coordinates":[-119.9217,39.60197]},"properties":{"frp":4.92,"date":"2026-08-23","daynight":"N"}},{"type":"Feature","geometry":{"type":"Point","coordinates":[-119.96944,39.60242]},"properties":{"frp":7.03,"date":"2026-08-23","daynight":"N"}},{"type":"Feature","geometry":{"type":"Point","coordinates":[-119.95286,39.60461]},"properties":{"frp":5.96,"date":"2026-08-23","daynight":"N"}},{"type":"Feature","geometry":{"type":"Point","coordinates":[-119.95434,39.60521]},"properties":{"frp":9.14,"date":"2026-08-23","daynight":"N"}},{"type":"Feature","geometry":{"type":"Point","coordinates":[-119.93312,39.60578]},"properties":{"frp":4.92,"date":"2026-08-23","daynight":"N"}},{"type":"Feature","geometry":{"type":"Point","coordinates":[-119.95875,39.60654]},"properties":{"frp":5.96,"date":"2026-08-23","daynight":"N"}},{"type":"Feature","geometry":{"type":"Point","coordinates":[-119.96032,39.6072]},"properties":{"frp":7.03,"date":"2026-08-23","daynight":"N"}},{"type":"Feature","geometry":{"type":"Point","coordinates":[-119.96499,39.60859]},"properties":{"frp":7.03,"date":"2026-08-23","daynight":"N"}},{"type":"Feature","geometry":{"type":"Point","coordinates":[-119.94193,39.60872]},"properties":{"frp":9.14,"date":"2026-08-23","daynight":"N"}},{"type":"Feature","geometry":{"type":"Point","coordinates":[-119.96661,39.60931]},"properties":{"frp":7.03,"date":"2026-08-23","daynight":"N"}},{"type":"Feature","geometry":{"type":"Point","coordinates":[-119.94901,39.61108]},"properties":{"frp":9.14,"date":"2026-08-23","daynight":"N"}},{"type":"Feature","geometry":{"type":"Point","coordinates":[-119.9552,39.61314]},"properties":{"frp":7.03,"date":"2026-08-23","daynight":"N"}},{"type":"Feature","geometry":{"type":"Point","coordinates":[-119.96127,39.61517]},"properties":{"frp":7.03,"date":"2026-08-23","daynight":"N"}},{"type":"Feature","geometry":{"type":"Point","coordinates":[-119.94041,39.61587]},"properties":{"frp":6.45,"date":"2026-08-23","daynight":"N"}},{"type":"Feature","geometry":{"type":"Point","coordinates":[-119.9489,39.6187]},"properties":{"frp":3.26,"date":"2026-08-23","daynight":"N"}},{"type":"Feature","geometry":{"type":"Point","coordinates":[-119.95598,39.62105]},"properties":{"frp":3.26,"date":"2026-08-23","daynight":"N"}},{"type":"Feature","geometry":{"type":"Point","coordinates":[-119.88892,39.62173]},"properties":{"frp":1.79,"date":"2026-08-23","daynight":"N"}},{"type":"Feature","geometry":{"type":"Point","coordinates":[-119.94051,39.62356]},"properties":{"frp":3.26,"date":"2026-08-23","daynight":"N"}},{"type":"Feature","geometry":{"type":"Point","coordinates":[-119.94862,39.62626]},"properties":{"frp":3.26,"date":"2026-08-23","daynight":"N"}},{"type":"Feature","geometry":{"type":"Point","coordinates":[-119.93402,39.62906]},"properties":{"frp":3.25,"date":"2026-08-23","daynight":"N"}},{"type":"Feature","geometry":{"type":"Point","coordinates":[-121.66689,42.4148]},"properties":{"frp":0.88,"date":"2026-08-23","daynight":"N"}},{"type":"Feature","geometry":{"type":"Point","coordinates":[-79.88602,33.01481]},"properties":{"frp":5.28,"date":"2026-08-23","daynight":"D"}},{"type":"Feature","geometry":{"type":"Point","coordinates":[-80.6049,40.31036]},"properties":{"frp":4.99,"date":"2026-08-23","daynight":"D"}},{"type":"Feature","geometry":{"type":"Point","coordinates":[-84.92023,41.36843]},"properties":{"frp":7.49,"date":"2026-08-23","daynight":"D"}},{"type":"Feature","geometry":{"type":"Point","coordinates":[-81.67725,41.45032]},"properties":{"frp":4.21,"date":"2026-08-23","daynight":"D"}},{"type":"Feature","geometry":{"type":"Point","coordinates":[-81.67503,41.4572]},"properties":{"frp":3.74,"date":"2026-08-23","daynight":"D"}},{"type":"Feature","geometry":{"type":"Point","coordinates":[-81.67284,41.46407]},"properties":{"frp":3.74,"date":"2026-08-23","daynight":"D"}},{"type":"Feature","geometry":{"type":"Point","coordinates":[-87.13018,41.63719]},"properties":{"frp":11.13,"date":"2026-08-23","daynight":"D"}},{"type":"Feature","geometry":{"type":"Point","coordinates":[-87.13115,41.63973]},"properties":{"frp":12.41,"date":"2026-08-23","daynight":"D"}},{"type":"Feature","geometry":{"type":"Point","coordinates":[-98.89186,24.03541]},"properties":{"frp":5.33,"date":"2026-08-23","daynight":"D"}},{"type":"Feature","geometry":{"type":"Point","coordinates":[-98.29631,24.22298]},"properties":{"frp":21.86,"date":"2026-08-23","daynight":"D"}},{"type":"Feature","geometry":{"type":"Point","coordinates":[-98.29257,24.22383]},"properties":{"frp":21.86,"date":"2026-08-23","daynight":"D"}},{"type":"Feature","geometry":{"type":"Point","coordinates":[-98.29398,24.22919]},"properties":{"frp":6.65,"date":"2026-08-23","daynight":"D"}},{"type":"Feature","geometry":{"type":"Point","coordinates":[-98.29025,24.23004]},"properties":{"frp":8.55,"date":"2026-08-23","daynight":"D"}},{"type":"Feature","geometry":{"type":"Point","coordinates":[-98.29539,24.23454]},"properties":{"frp":6.65,"date":"2026-08-23","daynight":"D"}},{"type":"Feature","geometry":{"type":"Point","coordinates":[-98.29166,24.23539]},"properties":{"frp":8.55,"date":"2026-08-23","daynight":"D"}},{"type":"Feature","geometry":{"type":"Point","coordinates":[-98.28794,24.23624]},"properties":{"frp":8.55,"date":"2026-08-23","daynight":"D"}},{"type":"Feature","geometry":{"type":"Point","coordinates":[-98.30054,24.23904]},"properties":{"frp":32.92,"date":"2026-08-23","daynight":"D"}},{"type":"Feature","geometry":{"type":"Point","coordinates":[-98.29681,24.23989]},"properties":{"frp":32.92,"date":"2026-08-23","daynight":"D"}},{"type":"Feature","geometry":{"type":"Point","coordinates":[-98.29308,24.24074]},"properties":{"frp":43.11,"date":"2026-08-23","daynight":"D"}},{"type":"Feature","geometry":{"type":"Point","coordinates":[-98.28562,24.24244]},"properties":{"frp":25.45,"date":"2026-08-23","daynight":"D"}},{"type":"Feature","geometry":{"type":"Point","coordinates":[-98.29823,24.24524]},"properties":{"frp":32.92,"date":"2026-08-23","daynight":"D"}},{"type":"Feature","geometry":{"type":"Point","coordinates":[-98.29449,24.2461]},"properties":{"frp":43.11,"date":"2026-08-23","daynight":"D"}},{"type":"Feature","geometry":{"type":"Point","coordinates":[-98.29076,24.24695]},"properties":{"frp":43.11,"date":"2026-08-23","daynight":"D"}},{"type":"Feature","geometry":{"type":"Point","coordinates":[-98.28703,24.24779]},"properties":{"frp":25.45,"date":"2026-08-23","daynight":"D"}},{"type":"Feature","geometry":{"type":"Point","coordinates":[-98.39137,24.26395]},"properties":{"frp":9.04,"date":"2026-08-23","daynight":"D"}},{"type":"Feature","geometry":{"type":"Point","coordinates":[-98.3874,24.26484]},"properties":{"frp":19.99,"date":"2026-08-23","daynight":"D"}},{"type":"Feature","geometry":{"type":"Point","coordinates":[-98.94884,24.49716]},"properties":{"frp":4.59,"date":"2026-08-23","daynight":"D"}},{"type":"Feature","geometry":{"type":"Point","coordinates":[-77.26157,25.98372]},"properties":{"frp":3.95,"date":"2026-08-23","daynight":"D"}},{"type":"Feature","geometry":{"type":"Point","coordinates":[-80.77271,26.40865]},"properties":{"frp":4.83,"date":"2026-08-23","daynight":"D"}},{"type":"Feature","geometry":{"type":"Point","coordinates":[-80.76797,26.41381]},"properties":{"frp":7.6,"date":"2026-08-23","daynight":"D"}},{"type":"Feature","geometry":{"type":"Point","coordinates":[-80.76266,26.41433]},"properties":{"frp":7.6,"date":"2026-08-23","daynight":"D"}},{"type":"Feature","geometry":{"type":"Point","coordinates":[-99.93664,25.57479]},"properties":{"frp":1.67,"date":"2026-08-23","daynight":"D"}},{"type":"Feature","geometry":{"type":"Point","coordinates":[-95.33032,28.92462]},"properties":{"frp":12.03,"date":"2026-08-23","daynight":"D"}},{"type":"Feature","geometry":{"type":"Point","coordinates":[-93.96319,29.83394]},"properties":{"frp":4.44,"date":"2026-08-23","daynight":"D"}},{"type":"Feature","geometry":{"type":"Point","coordinates":[-92.63737,29.85036]},"properties":{"frp":6.52,"date":"2026-08-23","daynight":"D"}},{"type":"Feature","geometry":{"type":"Point","coordinates":[-91.24076,30.58458]},"properties":{"frp":5.43,"date":"2026-08-23","daynight":"D"}},{"type":"Feature","geometry":{"type":"Point","coordinates":[-82.24786,30.62175]},"properties":{"frp":3.35,"date":"2026-08-23","daynight":"D"}},{"type":"Feature","geometry":{"type":"Point","coordinates":[-82.25105,30.62436]},"properties":{"frp":33.09,"date":"2026-08-23","daynight":"D"}},{"type":"Feature","geometry":{"type":"Point","coordinates":[-82.24599,30.62484]},"properties":{"frp":33.09,"date":"2026-08-23","daynight":"D"}},{"type":"Feature","geometry":{"type":"Point","coordinates":[-82.24656,30.6293]},"properties":{"frp":33.09,"date":"2026-08-23","daynight":"D"}},{"type":"Feature","geometry":{"type":"Point","coordinates":[-84.80147,30.95399]},"properties":{"frp":7.26,"date":"2026-08-23","daynight":"D"}},{"type":"Feature","geometry":{"type":"Point","coordinates":[-84.80763,30.95719]},"properties":{"frp":7.26,"date":"2026-08-23","daynight":"D"}},{"type":"Feature","geometry":{"type":"Point","coordinates":[-84.80207,30.95785]},"properties":{"frp":7.26,"date":"2026-08-23","daynight":"D"}},{"type":"Feature","geometry":{"type":"Point","coordinates":[-87.98684,31.14842]},"properties":{"frp":10.34,"date":"2026-08-23","daynight":"D"}},{"type":"Feature","geometry":{"type":"Point","coordinates":[-86.68243,31.43783]},"properties":{"frp":26.52,"date":"2026-08-23","daynight":"D"}},{"type":"Feature","geometry":{"type":"Point","coordinates":[-86.68773,31.44077]},"properties":{"frp":193.15,"date":"2026-08-23","daynight":"D"}},{"type":"Feature","geometry":{"type":"Point","coordinates":[-86.68372,31.44492]},"properties":{"frp":43.84,"date":"2026-08-23","daynight":"D"}},{"type":"Feature","geometry":{"type":"Point","coordinates":[-86.69364,31.44726]},"properties":{"frp":62.38,"date":"2026-08-23","daynight":"D"}},{"type":"Feature","geometry":{"type":"Point","coordinates":[-86.68898,31.44786]},"properties":{"frp":62.38,"date":"2026-08-23","daynight":"D"}},{"type":"Feature","geometry":{"type":"Point","coordinates":[-86.68432,31.44846]},"properties":{"frp":43.84,"date":"2026-08-23","daynight":"D"}},{"type":"Feature","geometry":{"type":"Point","coordinates":[-101.81742,31.62497]},"properties":{"frp":2.04,"date":"2026-08-23","daynight":"D"}},{"type":"Feature","geometry":{"type":"Point","coordinates":[-98.82414,31.77849]},"properties":{"frp":71.39,"date":"2026-08-23","daynight":"D"}},{"type":"Feature","geometry":{"type":"Point","coordinates":[-98.81818,31.77987]},"properties":{"frp":153.99,"date":"2026-08-23","daynight":"D"}},{"type":"Feature","geometry":{"type":"Point","coordinates":[-98.83157,31.78178]},"properties":{"frp":71.39,"date":"2026-08-23","daynight":"D"}},{"type":"Feature","geometry":{"type":"Point","coordinates":[-98.8137,31.78589]},"properties":{"frp":153.99,"date":"2026-08-23","daynight":"D"}},{"type":"Feature","geometry":{"type":"Point","coordinates":[-98.82697,31.78783]},"properties":{"frp":33.11,"date":"2026-08-23","daynight":"D"}},{"type":"Feature","geometry":{"type":"Point","coordinates":[-98.82094,31.78921]},"properties":{"frp":54.36,"date":"2026-08-23","daynight":"D"}},{"type":"Feature","geometry":{"type":"Point","coordinates":[-98.81514,31.79054]},"properties":{"frp":54.36,"date":"2026-08-23","daynight":"D"}},{"type":"Feature","geometry":{"type":"Point","coordinates":[-102.05092,31.7981]},"properties":{"frp":0.9,"date":"2026-08-23","daynight":"D"}},{"type":"Feature","geometry":{"type":"Point","coordinates":[-101.79438,31.84005]},"properties":{"frp":5.41,"date":"2026-08-23","daynight":"D"}},{"type":"Feature","geometry":{"type":"Point","coordinates":[-101.8144,31.93924]},"properties":{"frp":1.63,"date":"2026-08-23","daynight":"D"}},{"type":"Feature","geometry":{"type":"Point","coordinates":[-101.81631,31.94468]},"properties":{"frp":4.95,"date":"2026-08-23","daynight":"D"}},{"type":"Feature","geometry":{"type":"Point","coordinates":[-101.81203,31.94578]},"properties":{"frp":5.68,"date":"2026-08-23","daynight":"D"}},{"type":"Feature","geometry":{"type":"Point","coordinates":[-101.93023,32.15461]},"properties":{"frp":5.03,"date":"2026-08-23","daynight":"D"}},{"type":"Feature","geometry":{"type":"Point","coordinates":[-101.99654,32.15549]},"properties":{"frp":1.51,"date":"2026-08-23","daynight":"D"}},{"type":"Feature","geometry":{"type":"Point","coordinates":[-91.46796,32.32256]},"properties":{"frp":19.96,"date":"2026-08-23","daynight":"D"}},{"type":"Feature","geometry":{"type":"Point","coordinates":[-91.46873,32.3259]},"properties":{"frp":9.08,"date":"2026-08-23","daynight":"D"}},{"type":"Feature","geometry":{"type":"Point","coordinates":[-80.78268,32.65282]},"properties":{"frp":8.64,"date":"2026-08-23","daynight":"D"}},{"type":"Feature","geometry":{"type":"Point","coordinates":[-80.78381,32.6529]},"properties":{"frp":9.34,"date":"2026-08-23","daynight":"D"}},{"type":"Feature","geometry":{"type":"Point","coordinates":[-80.77711,32.65342]},"properties":{"frp":9.34,"date":"2026-08-23","daynight":"D"}},{"type":"Feature","geometry":{"type":"Point","coordinates":[-80.7832,32.65782]},"properties":{"frp":8.64,"date":"2026-08-23","daynight":"D"}},{"type":"Feature","geometry":{"type":"Point","coordinates":[-82.97846,32.93924]},"properties":{"frp":6.04,"date":"2026-08-23","daynight":"D"}},{"type":"Feature","geometry":{"type":"Point","coordinates":[-82.97906,32.94362]},"properties":{"frp":6.04,"date":"2026-08-23","daynight":"D"}},{"type":"Feature","geometry":{"type":"Point","coordinates":[-89.51176,33.36718]},"properties":{"frp":12.3,"date":"2026-08-23","daynight":"D"}},{"type":"Feature","geometry":{"type":"Point","coordinates":[-93.26701,33.5745]},"properties":{"frp":3.02,"date":"2026-08-23","daynight":"D"}},{"type":"Feature","geometry":{"type":"Point","coordinates":[-93.26246,33.57531]},"properties":{"frp":3.02,"date":"2026-08-23","daynight":"D"}},{"type":"Feature","geometry":{"type":"Point","coordinates":[-88.26566,34.77496]},"properties":{"frp":63.47,"date":"2026-08-23","daynight":"D"}},{"type":"Feature","geometry":{"type":"Point","coordinates":[-100.98607,33.82534]},"properties":{"frp":4.05,"date":"2026-08-23","daynight":"D"}},{"type":"Feature","geometry":{"type":"Point","coordinates":[-100.98086,33.83204]},"properties":{"frp":3.93,"date":"2026-08-23","daynight":"D"}},{"type":"Feature","geometry":{"type":"Point","coordinates":[-100.99641,33.84447]},"properties":{"frp":9.37,"date":"2026-08-23","daynight":"D"}},{"type":"Feature","geometry":{"type":"Point","coordinates":[-100.98241,33.8479]},"properties":{"frp":8.69,"date":"2026-08-23","daynight":"D"}},{"type":"Feature","geometry":{"type":"Point","coordinates":[-100.99974,33.85449]},"properties":{"frp":7.17,"date":"2026-08-23","daynight":"D"}},{"type":"Feature","geometry":{"type":"Point","coordinates":[-89.94475,35.6097]},"properties":{"frp":16.7,"date":"2026-08-23","daynight":"D"}},{"type":"Feature","geometry":{"type":"Point","coordinates":[-90.45057,35.77327]},"properties":{"frp":5.01,"date":"2026-08-23","daynight":"D"}},{"type":"Feature","geometry":{"type":"Point","coordinates":[-90.45131,35.77658]},"properties":{"frp":35.76,"date":"2026-08-23","daynight":"D"}},{"type":"Feature","geometry":{"type":"Point","coordinates":[-90.44279,35.77784]},"properties":{"frp":11.95,"date":"2026-08-23","daynight":"D"}},{"type":"Feature","geometry":{"type":"Point","coordinates":[-90.43854,35.77847]},"properties":{"frp":9.45,"date":"2026-08-23","daynight":"D"}},{"type":"Feature","geometry":{"type":"Point","coordinates":[-90.44353,35.78115]},"properties":{"frp":11.95,"date":"2026-08-23","daynight":"D"}},{"type":"Feature","geometry":{"type":"Point","coordinates":[-90.43927,35.78178]},"properties":{"frp":9.45,"date":"2026-08-23","daynight":"D"}},{"type":"Feature","geometry":{"type":"Point","coordinates":[-104.244,35.80663]},"properties":{"frp":17.07,"date":"2026-08-23","daynight":"D"}},{"type":"Feature","geometry":{"type":"Point","coordinates":[-104.24062,35.80709]},"properties":{"frp":12.63,"date":"2026-08-23","daynight":"D"}},{"type":"Feature","geometry":{"type":"Point","coordinates":[-104.23933,35.80793]},"properties":{"frp":26.69,"date":"2026-08-23","daynight":"D"}},{"type":"Feature","geometry":{"type":"Point","coordinates":[-104.23589,35.80837]},"properties":{"frp":12.63,"date":"2026-08-23","daynight":"D"}},{"type":"Feature","geometry":{"type":"Point","coordinates":[-104.24201,35.8129]},"properties":{"frp":12.63,"date":"2026-08-23","daynight":"D"}},{"type":"Feature","geometry":{"type":"Point","coordinates":[-104.24084,35.81371]},"properties":{"frp":26.69,"date":"2026-08-23","daynight":"D"}},{"type":"Feature","geometry":{"type":"Point","coordinates":[-104.23737,35.81416]},"properties":{"frp":12.63,"date":"2026-08-23","daynight":"D"}},{"type":"Feature","geometry":{"type":"Point","coordinates":[-89.78013,35.89104]},"properties":{"frp":3.61,"date":"2026-08-23","daynight":"D"}},{"type":"Feature","geometry":{"type":"Point","coordinates":[-89.71318,35.93502]},"properties":{"frp":5.99,"date":"2026-08-23","daynight":"D"}},{"type":"Feature","geometry":{"type":"Point","coordinates":[-98.11494,36.07042]},"properties":{"frp":18.89,"date":"2026-08-23","daynight":"D"}},{"type":"Feature","geometry":{"type":"Point","coordinates":[-97.77454,37.0666]},"properties":{"frp":5.21,"date":"2026-08-23","daynight":"D"}},{"type":"Feature","geometry":{"type":"Point","coordinates":[-97.77029,37.0675]},"properties":{"frp":2.43,"date":"2026-08-23","daynight":"D"}},{"type":"Feature","geometry":{"type":"Point","coordinates":[-84.24055,38.83307]},"properties":{"frp":2.43,"date":"2026-08-23","daynight":"D"}},{"type":"Feature","geometry":{"type":"Point","coordinates":[-89.45255,39.45624]},"properties":{"frp":9.38,"date":"2026-08-23","daynight":"D"}},{"type":"Feature","geometry":{"type":"Point","coordinates":[-84.38723,39.48344]},"properties":{"frp":3.05,"date":"2026-08-23","daynight":"D"}},{"type":"Feature","geometry":{"type":"Point","coordinates":[-86.83923,39.97696]},"properties":{"frp":2.32,"date":"2026-08-23","daynight":"D"}},{"type":"Feature","geometry":{"type":"Point","coordinates":[-85.34854,41.11689]},"properties":{"frp":2.66,"date":"2026-08-23","daynight":"D"}},{"type":"Feature","geometry":{"type":"Point","coordinates":[-85.3492,41.12113]},"properties":{"frp":6.09,"date":"2026-08-23","daynight":"D"}},{"type":"Feature","geometry":{"type":"Point","coordinates":[-87.85877,41.17972]},"properties":{"frp":4.53,"date":"2026-08-23","daynight":"D"}},{"type":"Feature","geometry":{"type":"Point","coordinates":[-84.92036,41.36659]},"properties":{"frp":3.34,"date":"2026-08-23","daynight":"D"}},{"type":"Feature","geometry":{"type":"Point","coordinates":[-81.67676,41.46396]},"properties":{"frp":5.41,"date":"2026-08-23","daynight":"D"}},{"type":"Feature","geometry":{"type":"Point","coordinates":[-87.32928,41.61302]},"properties":{"frp":6.44,"date":"2026-08-23","daynight":"D"}},{"type":"Feature","geometry":{"type":"Point","coordinates":[-87.32848,41.61623]},"properties":{"frp":6.12,"date":"2026-08-23","daynight":"D"}},{"type":"Feature","geometry":{"type":"Point","coordinates":[-87.32999,41.61689]},"properties":{"frp":6.44,"date":"2026-08-23","daynight":"D"}},{"type":"Feature","geometry":{"type":"Point","coordinates":[-87.32918,41.62009]},"properties":{"frp":6.12,"date":"2026-08-23","daynight":"D"}},{"type":"Feature","geometry":{"type":"Point","coordinates":[-87.13396,41.63288]},"properties":{"frp":7.66,"date":"2026-08-23","daynight":"D"}},{"type":"Feature","geometry":{"type":"Point","coordinates":[-87.14239,41.63579]},"properties":{"frp":5.95,"date":"2026-08-23","daynight":"D"}},{"type":"Feature","geometry":{"type":"Point","coordinates":[-87.14116,41.6361]},"properties":{"frp":4.03,"date":"2026-08-23","daynight":"D"}},{"type":"Feature","geometry":{"type":"Point","coordinates":[-87.13466,41.63678]},"properties":{"frp":4.03,"date":"2026-08-23","daynight":"D"}},{"type":"Feature","geometry":{"type":"Point","coordinates":[-87.14184,41.63999]},"properties":{"frp":4.03,"date":"2026-08-23","daynight":"D"}},{"type":"Feature","geometry":{"type":"Point","coordinates":[-87.13656,41.64034]},"properties":{"frp":6.54,"date":"2026-08-23","daynight":"D"}},{"type":"Feature","geometry":{"type":"Point","coordinates":[-87.13532,41.64068]},"properties":{"frp":4.03,"date":"2026-08-23","daynight":"D"}},{"type":"Feature","geometry":{"type":"Point","coordinates":[-87.13721,41.64425]},"properties":{"frp":6.54,"date":"2026-08-23","daynight":"D"}},{"type":"Feature","geometry":{"type":"Point","coordinates":[-87.46298,41.66982]},"properties":{"frp":5.36,"date":"2026-08-23","daynight":"D"}},{"type":"Feature","geometry":{"type":"Point","coordinates":[-87.45666,41.67049]},"properties":{"frp":6.22,"date":"2026-08-23","daynight":"D"}},{"type":"Feature","geometry":{"type":"Point","coordinates":[-87.46368,41.67367]},"properties":{"frp":5.36,"date":"2026-08-23","daynight":"D"}},{"type":"Feature","geometry":{"type":"Point","coordinates":[-109.90741,39.36894]},"properties":{"frp":22.26,"date":"2026-08-23","daynight":"D"}},{"type":"Feature","geometry":{"type":"Point","coordinates":[-111.59676,42.68148]},"properties":{"frp":16.1,"date":"2026-08-23","daynight":"D"}},{"type":"Feature","geometry":{"type":"Point","coordinates":[-111.58887,42.68414]},"properties":{"frp":31.75,"date":"2026-08-23","daynight":"D"}},{"type":"Feature","geometry":{"type":"Point","coordinates":[-95.99693,44.26857]},"properties":{"frp":3.37,"date":"2026-08-23","daynight":"D"}},{"type":"Feature","geometry":{"type":"Point","coordinates":[-94.73998,45.32027]},"properties":{"frp":6.97,"date":"2026-08-23","daynight":"D"}},{"type":"Feature","geometry":{"type":"Point","coordinates":[-115.16702,46.08431]},"properties":{"frp":18.08,"date":"2026-08-23","daynight":"D"}},{"type":"Feature","geometry":{"type":"Point","coordinates":[-115.16646,46.08533]},"properties":{"frp":25.65,"date":"2026-08-23","daynight":"D"}},{"type":"Feature","geometry":{"type":"Point","coordinates":[-115.15678,46.08808]},"properties":{"frp":18.08,"date":"2026-08-23","daynight":"D"}},{"type":"Feature","geometry":{"type":"Point","coordinates":[-115.15632,46.089]},"properties":{"frp":23.6,"date":"2026-08-23","daynight":"D"}},{"type":"Feature","geometry":{"type":"Point","coordinates":[-115.09464,46.26098]},"properties":{"frp":21.59,"date":"2026-08-23","daynight":"D"}},{"type":"Feature","geometry":{"type":"Point","coordinates":[-115.08348,46.26506]},"properties":{"frp":25.31,"date":"2026-08-23","daynight":"D"}},{"type":"Feature","geometry":{"type":"Point","coordinates":[-96.63286,48.53658]},"properties":{"frp":5.05,"date":"2026-08-23","daynight":"D"}},{"type":"Feature","geometry":{"type":"Point","coordinates":[-96.63407,48.53986]},"properties":{"frp":5.77,"date":"2026-08-23","daynight":"D"}},{"type":"Feature","geometry":{"type":"Point","coordinates":[-96.63528,48.54312]},"properties":{"frp":5.77,"date":"2026-08-23","daynight":"D"}},{"type":"Feature","geometry":{"type":"Point","coordinates":[-116.67069,48.62197]},"properties":{"frp":9.77,"date":"2026-08-23","daynight":"D"}},{"type":"Feature","geometry":{"type":"Point","coordinates":[-116.67079,48.62463]},"properties":{"frp":8.65,"date":"2026-08-23","daynight":"D"}},{"type":"Feature","geometry":{"type":"Point","coordinates":[-98.88863,24.03783]},"properties":{"frp":5.0,"date":"2026-08-23","daynight":"D"}},{"type":"Feature","geometry":{"type":"Point","coordinates":[-98.29365,24.21634]},"properties":{"frp":8.1,"date":"2026-08-23","daynight":"D"}},{"type":"Feature","geometry":{"type":"Point","coordinates":[-98.29499,24.22217]},"properties":{"frp":11.26,"date":"2026-08-23","daynight":"D"}},{"type":"Feature","geometry":{"type":"Point","coordinates":[-98.29414,24.22358]},"properties":{"frp":15.3,"date":"2026-08-23","daynight":"D"}},{"type":"Feature","geometry":{"type":"Point","coordinates":[-98.28756,24.2299]},"properties":{"frp":11.26,"date":"2026-08-23","daynight":"D"}},{"type":"Feature","geometry":{"type":"Point","coordinates":[-98.28671,24.23126]},"properties":{"frp":16.3,"date":"2026-08-23","daynight":"D"}},{"type":"Feature","geometry":{"type":"Point","coordinates":[-98.29585,24.23665]},"properties":{"frp":8.81,"date":"2026-08-23","daynight":"D"}},{"type":"Feature","geometry":{"type":"Point","coordinates":[-98.28798,24.23714]},"properties":{"frp":8.81,"date":"2026-08-23","daynight":"D"}},{"type":"Feature","geometry":{"type":"Point","coordinates":[-98.29506,24.23805]},"properties":{"frp":9.99,"date":"2026-08-23","daynight":"D"}},{"type":"Feature","geometry":{"type":"Point","coordinates":[-98.28716,24.23851]},"properties":{"frp":23.29,"date":"2026-08-23","daynight":"D"}},{"type":"Feature","geometry":{"type":"Point","coordinates":[-98.29626,24.24389]},"properties":{"frp":8.81,"date":"2026-08-23","daynight":"D"}},{"type":"Feature","geometry":{"type":"Point","coordinates":[-98.30337,24.24484]},"properties":{"frp":9.99,"date":"2026-08-23","daynight":"D"}},{"type":"Feature","geometry":{"type":"Point","coordinates":[-98.39071,24.26872]},"properties":{"frp":7.19,"date":"2026-08-23","daynight":"D"}},{"type":"Feature","geometry":{"type":"Point","coordinates":[-98.94616,24.49681]},"properties":{"frp":15.07,"date":"2026-08-23","daynight":"D"}},{"type":"Feature","geometry":{"type":"Point","coordinates":[-98.94511,24.4983]},"properties":{"frp":7.67,"date":"2026-08-23","daynight":"D"}},{"type":"Feature","geometry":{"type":"Point","coordinates":[-111.57124,25.05119]},"properties":{"frp":45.89,"date":"2026-08-23","daynight":"D"}},{"type":"Feature","geometry":{"type":"Point","coordinates":[-99.93586,25.5763]},"properties":{"frp":4.12,"date":"2026-08-23","daynight":"D"}},{"type":"Feature","geometry":{"type":"Point","coordinates":[-99.92944,25.57673]},"properties":{"frp":9.46,"date":"2026-08-23","daynight":"D"}},{"type":"Feature","geometry":{"type":"Point","coordinates":[-99.93295,25.57928]},"properties":{"frp":8.31,"date":"2026-08-23","daynight":"D"}},{"type":"Feature","geometry":{"type":"Point","coordinates":[-115.71799,31.16229]},"properties":{"frp":22.54,"date":"2026-08-23","daynight":"D"}},{"type":"Feature","geometry":{"type":"Point","coordinates":[-103.22469,31.35798]},"properties":{"frp":5.53,"date":"2026-08-23","daynight":"D"}},{"type":"Feature","geometry":{"type":"Point","coordinates":[-101.78929,31.84269]},"properties":{"frp":4.52,"date":"2026-08-23","daynight":"D"}},{"type":"Feature","geometry":{"type":"Point","coordinates":[-116.10033,32.12337]},"properties":{"frp":13.35,"date":"2026-08-23","daynight":"D"}},{"type":"Feature","geometry":{"type":"Point","coordinates":[-116.10924,32.12538]},"properties":{"frp":104.74,"date":"2026-08-23","daynight":"D"}},{"type":"Feature","geometry":{"type":"Point","coordinates":[-116.10661,32.13263]},"properties":{"frp":12.19,"date":"2026-08-23","daynight":"D"}},{"type":"Feature","geometry":{"type":"Point","coordinates":[-116.09843,32.13391]},"properties":{"frp":27.34,"date":"2026-08-23","daynight":"D"}},{"type":"Feature","geometry":{"type":"Point","coordinates":[-116.09437,32.13456]},"properties":{"frp":14.08,"date":"2026-08-23","daynight":"D"}},{"type":"Feature","geometry":{"type":"Point","coordinates":[-116.10733,32.13593]},"properties":{"frp":12.19,"date":"2026-08-23","daynight":"D"}},{"type":"Feature","geometry":{"type":"Point","coordinates":[-116.11166,32.13778]},"properties":{"frp":25.23,"date":"2026-08-23","daynight":"D"}},{"type":"Feature","geometry":{"type":"Point","coordinates":[-116.09509,32.13786]},"properties":{"frp":14.08,"date":"2026-08-23","daynight":"D"}},{"type":"Feature","geometry":{"type":"Point","coordinates":[-116.1035,32.13908]},"properties":{"frp":13.09,"date":"2026-08-23","daynight":"D"}},{"type":"Feature","geometry":{"type":"Point","coordinates":[-116.09942,32.13974]},"properties":{"frp":13.09,"date":"2026-08-23","daynight":"D"}},{"type":"Feature","geometry":{"type":"Point","coordinates":[-116.11713,32.14374]},"properties":{"frp":12.47,"date":"2026-08-23","daynight":"D"}},{"type":"Feature","geometry":{"type":"Point","coordinates":[-101.93095,32.15414]},"properties":{"frp":1.19,"date":"2026-08-23","daynight":"D"}},{"type":"Feature","geometry":{"type":"Point","coordinates":[-101.99582,32.15728]},"properties":{"frp":6.36,"date":"2026-08-23","daynight":"D"}},{"type":"Feature","geometry":{"type":"Point","coordinates":[-100.98419,33.82487]},"properties":{"frp":8.29,"date":"2026-08-23","daynight":"D"}},{"type":"Feature","geometry":{"type":"Point","coordinates":[-100.98762,33.82695]},"properties":{"frp":7.26,"date":"2026-08-23","daynight":"D"}},{"type":"Feature","geometry":{"type":"Point","coordinates":[-100.99576,33.84687]},"properties":{"frp":14.35,"date":"2026-08-23","daynight":"D"}},{"type":"Feature","geometry":{"type":"Point","coordinates":[-100.98132,33.84737]},"properties":{"frp":16.34,"date":"2026-08-23","daynight":"D"}},{"type":"Feature","geometry":{"type":"Point","coordinates":[-121.67262,36.2173]},"properties":{"frp":17.35,"date":"2026-08-23","daynight":"D"}},{"type":"Feature","geometry":{"type":"Point","coordinates":[-121.66746,36.21832]},"properties":{"frp":17.35,"date":"2026-08-23","daynight":"D"}},{"type":"Feature","geometry":{"type":"Point","coordinates":[-121.66228,36.21935]},"properties":{"frp":8.3,"date":"2026-08-23","daynight":"D"}},{"type":"Feature","geometry":{"type":"Point","coordinates":[-121.64738,36.23019]},"properties":{"frp":28.82,"date":"2026-08-23","daynight":"D"}},{"type":"Feature","geometry":{"type":"Point","coordinates":[-121.69497,36.23263]},"properties":{"frp":4.52,"date":"2026-08-23","daynight":"D"}},{"type":"Feature","geometry":{"type":"Point","coordinates":[-121.65462,36.23271]},"properties":{"frp":28.82,"date":"2026-08-23","daynight":"D"}},{"type":"Feature","geometry":{"type":"Point","coordinates":[-121.68956,36.2337]},"properties":{"frp":15.43,"date":"2026-08-23","daynight":"D"}},{"type":"Feature","geometry":{"type":"Point","coordinates":[-121.64874,36.23387]},"properties":{"frp":28.82,"date":"2026-08-23","daynight":"D"}},{"type":"Feature","geometry":{"type":"Point","coordinates":[-121.67153,36.24516]},"properties":{"frp":12.8,"date":"2026-08-23","daynight":"D"}},{"type":"Feature","geometry":{"type":"Point","coordinates":[-121.66556,36.24633]},"properties":{"frp":12.8,"date":"2026-08-23","daynight":"D"}},{"type":"Feature","geometry":{"type":"Point","coordinates":[-121.67247,36.24892]},"properties":{"frp":15.16,"date":"2026-08-23","daynight":"D"}},{"type":"Feature","geometry":{"type":"Point","coordinates":[-121.66639,36.25011]},"properties":{"frp":15.16,"date":"2026-08-23","daynight":"D"}},{"type":"Feature","geometry":{"type":"Point","coordinates":[-121.67329,36.25271]},"properties":{"frp":15.16,"date":"2026-08-23","daynight":"D"}},{"type":"Feature","geometry":{"type":"Point","coordinates":[-121.72832,36.25375]},"properties":{"frp":30.2,"date":"2026-08-23","daynight":"D"}},{"type":"Feature","geometry":{"type":"Point","coordinates":[-121.6673,36.25388]},"properties":{"frp":15.16,"date":"2026-08-23","daynight":"D"}},{"type":"Feature","geometry":{"type":"Point","coordinates":[-121.67401,36.25651]},"properties":{"frp":4.2,"date":"2026-08-23","daynight":"D"}},{"type":"Feature","geometry":{"type":"Point","coordinates":[-121.70368,36.26994]},"properties":{"frp":6.66,"date":"2026-08-23","daynight":"D"}},{"type":"Feature","geometry":{"type":"Point","coordinates":[-121.70176,36.27081]},"properties":{"frp":28.83,"date":"2026-08-23","daynight":"D"}},{"type":"Feature","geometry":{"type":"Point","coordinates":[-121.67845,36.27108]},"properties":{"frp":12.02,"date":"2026-08-23","daynight":"D"}},{"type":"Feature","geometry":{"type":"Point","coordinates":[-121.7196,36.27127]},"properties":{"frp":8.47,"date":"2026-08-23","daynight":"D"}},{"type":"Feature","geometry":{"type":"Point","coordinates":[-121.71557,36.27151]},"properties":{"frp":12.46,"date":"2026-08-23","daynight":"D"}},{"type":"Feature","geometry":{"type":"Point","coordinates":[-121.67628,36.27183]},"properties":{"frp":6.8,"date":"2026-08-23","daynight":"D"}},{"type":"Feature","geometry":{"type":"Point","coordinates":[-121.71332,36.2725]},"properties":{"frp":12.55,"date":"2026-08-23","daynight":"D"}},{"type":"Feature","geometry":{"type":"Point","coordinates":[-121.70438,36.27376]},"properties":{"frp":7.47,"date":"2026-08-23","daynight":"D"}},{"type":"Feature","geometry":{"type":"Point","coordinates":[-121.71638,36.2753]},"properties":{"frp":12.46,"date":"2026-08-23","daynight":"D"}},{"type":"Feature","geometry":{"type":"Point","coordinates":[-121.6971,36.27567]},"properties":{"frp":19.24,"date":"2026-08-23","daynight":"D"}},{"type":"Feature","geometry":{"type":"Point","coordinates":[-121.69322,36.276]},"properties":{"frp":33.18,"date":"2026-08-23","daynight":"D"}},{"type":"Feature","geometry":{"type":"Point","coordinates":[-121.71404,36.2763]},"properties":{"frp":12.55,"date":"2026-08-23","daynight":"D"}},{"type":"Feature","geometry":{"type":"Point","coordinates":[-121.71035,36.27652]},"properties":{"frp":7.47,"date":"2026-08-23","daynight":"D"}},{"type":"Feature","geometry":{"type":"Point","coordinates":[-121.71735,36.27907]},"properties":{"frp":5.43,"date":"2026-08-23","daynight":"D"}},{"type":"Feature","geometry":{"type":"Point","coordinates":[-121.71111,36.28032]},"properties":{"frp":17.19,"date":"2026-08-23","daynight":"D"}},{"type":"Feature","geometry":{"type":"Point","coordinates":[-121.68153,39.13241]},"properties":{"frp":11.0,"date":"2026-08-23","daynight":"D"}},{"type":"Feature","geometry":{"type":"Point","coordinates":[-121.68394,39.13281]},"properties":{"frp":10.74,"date":"2026-08-23","daynight":"D"}},{"type":"Feature","geometry":{"type":"Point","coordinates":[-112.04069,39.91762]},"properties":{"frp":145.47,"date":"2026-08-23","daynight":"D"}},{"type":"Feature","geometry":{"type":"Point","coordinates":[-121.66677,42.41338]},"properties":{"frp":7.38,"date":"2026-08-23","daynight":"D"}},{"type":"Feature","geometry":{"type":"Point","coordinates":[-121.66195,42.41425]},"properties":{"frp":7.38,"date":"2026-08-23","daynight":"D"}},{"type":"Feature","geometry":{"type":"Point","coordinates":[-121.66333,42.41759]},"properties":{"frp":7.38,"date":"2026-08-23","daynight":"D"}},{"type":"Feature","geometry":{"type":"Point","coordinates":[-111.59345,42.68468]},"properties":{"frp":7.94,"date":"2026-08-23","daynight":"D"}},{"type":"Feature","geometry":{"type":"Point","coordinates":[-115.55041,43.81849]},"properties":{"frp":28.7,"date":"2026-08-23","daynight":"D"}},{"type":"Feature","geometry":{"type":"Point","coordinates":[-115.55127,43.82199]},"properties":{"frp":28.7,"date":"2026-08-23","daynight":"D"}},{"type":"Feature","geometry":{"type":"Point","coordinates":[-115.5577,43.82483]},"properties":{"frp":9.86,"date":"2026-08-23","daynight":"D"}},{"type":"Feature","geometry":{"type":"Point","coordinates":[-115.55849,43.82834]},"properties":{"frp":9.86,"date":"2026-08-23","daynight":"D"}},{"type":"Feature","geometry":{"type":"Point","coordinates":[-115.553,43.82901]},"properties":{"frp":9.86,"date":"2026-08-23","daynight":"D"}},{"type":"Feature","geometry":{"type":"Point","coordinates":[-115.55945,43.83184]},"properties":{"frp":166.58,"date":"2026-08-23","daynight":"D"}},{"type":"Feature","geometry":{"type":"Point","coordinates":[-115.55408,43.83249]},"properties":{"frp":166.58,"date":"2026-08-23","daynight":"D"}},{"type":"Feature","geometry":{"type":"Point","coordinates":[-115.55518,43.83598]},"properties":{"frp":166.58,"date":"2026-08-23","daynight":"D"}},{"type":"Feature","geometry":{"type":"Point","coordinates":[-115.56146,43.83882]},"properties":{"frp":31.11,"date":"2026-08-23","daynight":"D"}},{"type":"Feature","geometry":{"type":"Point","coordinates":[-115.56366,43.84578]},"properties":{"frp":12.15,"date":"2026-08-23","daynight":"D"}},{"type":"Feature","geometry":{"type":"Point","coordinates":[-115.55813,43.84645]},"properties":{"frp":12.15,"date":"2026-08-23","daynight":"D"}},{"type":"Feature","geometry":{"type":"Point","coordinates":[-115.55234,43.84716]},"properties":{"frp":16.35,"date":"2026-08-23","daynight":"D"}},{"type":"Feature","geometry":{"type":"Point","coordinates":[-115.55312,43.85068]},"properties":{"frp":16.35,"date":"2026-08-23","daynight":"D"}},{"type":"Feature","geometry":{"type":"Point","coordinates":[-115.547,43.85143]},"properties":{"frp":16.35,"date":"2026-08-23","daynight":"D"}},{"type":"Feature","geometry":{"type":"Point","coordinates":[-115.55388,43.8542]},"properties":{"frp":4.27,"date":"2026-08-23","daynight":"D"}},{"type":"Feature","geometry":{"type":"Point","coordinates":[-118.26868,44.81551]},"properties":{"frp":8.28,"date":"2026-08-23","daynight":"D"}},{"type":"Feature","geometry":{"type":"Point","coordinates":[-118.26381,44.8162]},"properties":{"frp":8.28,"date":"2026-08-23","daynight":"D"}},{"type":"Feature","geometry":{"type":"Point","coordinates":[-118.26975,44.81878]},"properties":{"frp":19.98,"date":"2026-08-23","daynight":"D"}},{"type":"Feature","geometry":{"type":"Point","coordinates":[-118.26486,44.81948]},"properties":{"frp":19.98,"date":"2026-08-23","daynight":"D"}},{"type":"Feature","geometry":{"type":"Point","coordinates":[-118.26,44.82018]},"properties":{"frp":15.27,"date":"2026-08-23","daynight":"D"}},{"type":"Feature","geometry":{"type":"Point","coordinates":[-118.27076,44.82208]},"properties":{"frp":19.98,"date":"2026-08-23","daynight":"D"}},{"type":"Feature","geometry":{"type":"Point","coordinates":[-118.26587,44.82278]},"properties":{"frp":19.98,"date":"2026-08-23","daynight":"D"}},{"type":"Feature","geometry":{"type":"Point","coordinates":[-118.26099,44.82348]},"properties":{"frp":15.27,"date":"2026-08-23","daynight":"D"}},{"type":"Feature","geometry":{"type":"Point","coordinates":[-118.27658,44.82468]},"properties":{"frp":11.88,"date":"2026-08-23","daynight":"D"}},{"type":"Feature","geometry":{"type":"Point","coordinates":[-118.25109,44.8249]},"properties":{"frp":1.38,"date":"2026-08-23","daynight":"D"}},{"type":"Feature","geometry":{"type":"Point","coordinates":[-118.26685,44.82608]},"properties":{"frp":20.12,"date":"2026-08-23","daynight":"D"}},{"type":"Feature","geometry":{"type":"Point","coordinates":[-118.26194,44.82679]},"properties":{"frp":56.34,"date":"2026-08-23","daynight":"D"}},{"type":"Feature","geometry":{"type":"Point","coordinates":[-118.28244,44.82728]},"properties":{"frp":11.88,"date":"2026-08-23","daynight":"D"}},{"type":"Feature","geometry":{"type":"Point","coordinates":[-118.257,44.82749]},"properties":{"frp":56.34,"date":"2026-08-23","daynight":"D"}},{"type":"Feature","geometry":{"type":"Point","coordinates":[-118.27758,44.82798]},"properties":{"frp":11.88,"date":"2026-08-23","daynight":"D"}},{"type":"Feature","geometry":{"type":"Point","coordinates":[-118.26288,44.83009]},"properties":{"frp":56.34,"date":"2026-08-23","daynight":"D"}},{"type":"Feature","geometry":{"type":"Point","coordinates":[-118.28342,44.83058]},"properties":{"frp":4.87,"date":"2026-08-23","daynight":"D"}},{"type":"Feature","geometry":{"type":"Point","coordinates":[-118.25792,44.8308]},"properties":{"frp":56.34,"date":"2026-08-23","daynight":"D"}},{"type":"Feature","geometry":{"type":"Point","coordinates":[-118.26379,44.8334]},"properties":{"frp":180.07,"date":"2026-08-23","daynight":"D"}},{"type":"Feature","geometry":{"type":"Point","coordinates":[-118.23823,44.83363]},"properties":{"frp":14.32,"date":"2026-08-23","daynight":"D"}},{"type":"Feature","geometry":{"type":"Point","coordinates":[-118.28441,44.83388]},"properties":{"frp":4.87,"date":"2026-08-23","daynight":"D"}},{"type":"Feature","geometry":{"type":"Point","coordinates":[-118.2588,44.83412]},"properties":{"frp":180.07,"date":"2026-08-23","daynight":"D"}},{"type":"Feature","geometry":{"type":"Point","coordinates":[-118.27955,44.83457]},"properties":{"frp":4.87,"date":"2026-08-23","daynight":"D"}},{"type":"Feature","geometry":{"type":"Point","coordinates":[-118.24891,44.83554]},"properties":{"frp":141.43,"date":"2026-08-23","daynight":"D"}},{"type":"Feature","geometry":{"type":"Point","coordinates":[-118.2822,44.83591]},"properties":{"frp":6.4,"date":"2026-08-23","daynight":"D"}},{"type":"Feature","geometry":{"type":"Point","coordinates":[-118.2697,44.83599]},"properties":{"frp":5.88,"date":"2026-08-23","daynight":"D"}},{"type":"Feature","geometry":{"type":"Point","coordinates":[-118.24403,44.83624]},"properties":{"frp":28.21,"date":"2026-08-23","daynight":"D"}},{"type":"Feature","geometry":{"type":"Point","coordinates":[-118.23917,44.83693]},"properties":{"frp":28.21,"date":"2026-08-23","daynight":"D"}},{"type":"Feature","geometry":{"type":"Point","coordinates":[-118.26737,44.83801]},"properties":{"frp":13.74,"date":"2026-08-23","daynight":"D"}},{"type":"Feature","geometry":{"type":"Point","coordinates":[-118.24986,44.83884]},"properties":{"frp":141.43,"date":"2026-08-23","daynight":"D"}},{"type":"Feature","geometry":{"type":"Point","coordinates":[-118.25736,44.83942]},"properties":{"frp":99.47,"date":"2026-08-23","daynight":"D"}},{"type":"Feature","geometry":{"type":"Point","coordinates":[-118.24504,44.83953]},"properties":{"frp":28.21,"date":"2026-08-23","daynight":"D"}},{"type":"Feature","geometry":{"type":"Point","coordinates":[-118.27827,44.8399]},"properties":{"frp":6.4,"date":"2026-08-23","daynight":"D"}},{"type":"Feature","geometry":{"type":"Point","coordinates":[-118.25244,44.84012]},"properties":{"frp":64.55,"date":"2026-08-23","daynight":"D"}},{"type":"Feature","geometry":{"type":"Point","coordinates":[-118.24015,44.84023]},"properties":{"frp":28.21,"date":"2026-08-23","daynight":"D"}},{"type":"Feature","geometry":{"type":"Point","coordinates":[-118.27332,44.84061]},"properties":{"frp":13.74,"date":"2026-08-23","daynight":"D"}},{"type":"Feature","geometry":{"type":"Point","coordinates":[-118.24765,44.84081]},"properties":{"frp":64.55,"date":"2026-08-23","daynight":"D"}},{"type":"Feature","geometry":{"type":"Point","coordinates":[-118.24279,44.8415]},"properties":{"frp":45.44,"date":"2026-08-23","daynight":"D"}},{"type":"Feature","geometry":{"type":"Point","coordinates":[-118.23049,44.84161]},"properties":{"frp":22.76,"date":"2026-08-23","daynight":"D"}},{"type":"Feature","geometry":{"type":"Point","coordinates":[-118.28905,44.84182]},"properties":{"frp":85.69,"date":"2026-08-23","daynight":"D"}},{"type":"Feature","geometry":{"type":"Point","coordinates":[-118.23791,44.84219]},"properties":{"frp":45.44,"date":"2026-08-23","daynight":"D"}},{"type":"Feature","geometry":{"type":"Point","coordinates":[-118.28415,44.84251]},"properties":{"frp":48.95,"date":"2026-08-23","daynight":"D"}},{"type":"Feature","geometry":{"type":"Point","coordinates":[-118.25833,44.84273]},"properties":{"frp":99.47,"date":"2026-08-23","daynight":"D"}},{"type":"Feature","geometry":{"type":"Point","coordinates":[-118.23308,44.84287]},"properties":{"frp":71.72,"date":"2026-08-23","daynight":"D"}},{"type":"Feature","geometry":{"type":"Point","coordinates":[-118.19529,44.84319]},"properties":{"frp":5.32,"date":"2026-08-23","daynight":"D"}},{"type":"Feature","geometry":{"type":"Point","coordinates":[-118.27922,44.84321]},"properties":{"frp":48.95,"date":"2026-08-23","daynight":"D"}},{"type":"Feature","geometry":{"type":"Point","coordinates":[-118.25343,44.84342]},"properties":{"frp":64.55,"date":"2026-08-23","daynight":"D"}},{"type":"Feature","geometry":{"type":"Point","coordinates":[-118.22829,44.84356]},"properties":{"frp":71.72,"date":"2026-08-23","daynight":"D"}},{"type":"Feature","geometry":{"type":"Point","coordinates":[-118.24863,44.8441]},"properties":{"frp":64.55,"date":"2026-08-23","daynight":"D"}},{"type":"Feature","geometry":{"type":"Point","coordinates":[-118.2438,44.84479]},"properties":{"frp":45.44,"date":"2026-08-23","daynight":"D"}},{"type":"Feature","geometry":{"type":"Point","coordinates":[-118.26424,44.84533]},"properties":{"frp":12.36,"date":"2026-08-23","daynight":"D"}},{"type":"Feature","geometry":{"type":"Point","coordinates":[-118.23887,44.84549]},"properties":{"frp":45.44,"date":"2026-08-23","daynight":"D"}},{"type":"Feature","geometry":{"type":"Point","coordinates":[-118.23407,44.84618]},"properties":{"frp":71.72,"date":"2026-08-23","daynight":"D"}},{"type":"Feature","geometry":{"type":"Point","coordinates":[-118.19626,44.84649]},"properties":{"frp":5.32,"date":"2026-08-23","daynight":"D"}},{"type":"Feature","geometry":{"type":"Point","coordinates":[-118.28017,44.84651]},"properties":{"frp":48.95,"date":"2026-08-23","daynight":"D"}},{"type":"Feature","geometry":{"type":"Point","coordinates":[-118.25443,44.84672]},"properties":{"frp":12.86,"date":"2026-08-23","daynight":"D"}},{"type":"Feature","geometry":{"type":"Point","coordinates":[-118.22929,44.84686]},"properties":{"frp":71.72,"date":"2026-08-23","daynight":"D"}},{"type":"Feature","geometry":{"type":"Point","coordinates":[-118.24963,44.8474]},"properties":{"frp":12.86,"date":"2026-08-23","daynight":"D"}},{"type":"Feature","geometry":{"type":"Point","coordinates":[-118.27022,44.84792]},"properties":{"frp":12.58,"date":"2026-08-23","daynight":"D"}},{"type":"Feature","geometry":{"type":"Point","coordinates":[-118.2448,44.8481]},"properties":{"frp":24.94,"date":"2026-08-23","daynight":"D"}},{"type":"Feature","geometry":{"type":"Point","coordinates":[-118.26522,44.84863]},"properties":{"frp":12.36,"date":"2026-08-23","daynight":"D"}},{"type":"Feature","geometry":{"type":"Point","coordinates":[-118.23986,44.84879]},"properties":{"frp":24.94,"date":"2026-08-23","daynight":"D"}},{"type":"Feature","geometry":{"type":"Point","coordinates":[-118.25546,44.85002]},"properties":{"frp":12.86,"date":"2026-08-23","daynight":"D"}},{"type":"Feature","geometry":{"type":"Point","coordinates":[-118.25064,44.85071]},"properties":{"frp":12.86,"date":"2026-08-23","daynight":"D"}},{"type":"Feature","geometry":{"type":"Point","coordinates":[-118.27109,44.85123]},"properties":{"frp":66.52,"date":"2026-08-23","daynight":"D"}},{"type":"Feature","geometry":{"type":"Point","coordinates":[-118.24577,44.8514]},"properties":{"frp":24.94,"date":"2026-08-23","daynight":"D"}},{"type":"Feature","geometry":{"type":"Point","coordinates":[-118.19501,44.85171]},"properties":{"frp":14.9,"date":"2026-08-23","daynight":"D"}},{"type":"Feature","geometry":{"type":"Point","coordinates":[-118.24084,44.85209]},"properties":{"frp":24.94,"date":"2026-08-23","daynight":"D"}},{"type":"Feature","geometry":{"type":"Point","coordinates":[-118.19025,44.85239]},"properties":{"frp":14.9,"date":"2026-08-23","daynight":"D"}},{"type":"Feature","geometry":{"type":"Point","coordinates":[-118.26128,44.85263]},"properties":{"frp":14.67,"date":"2026-08-23","daynight":"D"}},{"type":"Feature","geometry":{"type":"Point","coordinates":[-118.25648,44.85332]},"properties":{"frp":18.02,"date":"2026-08-23","daynight":"D"}},{"type":"Feature","geometry":{"type":"Point","coordinates":[-118.25166,44.854]},"properties":{"frp":18.02,"date":"2026-08-23","daynight":"D"}},{"type":"Feature","geometry":{"type":"Point","coordinates":[-118.24675,44.8547]},"properties":{"frp":10.21,"date":"2026-08-23","daynight":"D"}},{"type":"Feature","geometry":{"type":"Point","coordinates":[-118.26228,44.85593]},"properties":{"frp":14.67,"date":"2026-08-23","daynight":"D"}},{"type":"Feature","geometry":{"type":"Point","coordinates":[-118.25751,44.85662]},"properties":{"frp":18.02,"date":"2026-08-23","daynight":"D"}},{"type":"Feature","geometry":{"type":"Point","coordinates":[-118.25266,44.8573]},"properties":{"frp":18.02,"date":"2026-08-23","daynight":"D"}},{"type":"Feature","geometry":{"type":"Point","coordinates":[-118.26334,44.85922]},"properties":{"frp":20.05,"date":"2026-08-23","daynight":"D"}},{"type":"Feature","geometry":{"type":"Point","coordinates":[-118.25851,44.85991]},"properties":{"frp":25.16,"date":"2026-08-23","daynight":"D"}},{"type":"Feature","geometry":{"type":"Point","coordinates":[-118.26917,44.86184]},"properties":{"frp":20.05,"date":"2026-08-23","daynight":"D"}},{"type":"Feature","geometry":{"type":"Point","coordinates":[-121.98684,45.00172]},"properties":{"frp":28.49,"date":"2026-08-23","daynight":"D"}},{"type":"Feature","geometry":{"type":"Point","coordinates":[-121.9819,45.00259]},"properties":{"frp":16.11,"date":"2026-08-23","daynight":"D"}},{"type":"Feature","geometry":{"type":"Point","coordinates":[-121.99341,45.00412]},"properties":{"frp":24.35,"date":"2026-08-23","daynight":"D"}},{"type":"Feature","geometry":{"type":"Point","coordinates":[-122.01257,45.01872]},"properties":{"frp":5.09,"date":"2026-08-23","daynight":"D"}},{"type":"Feature","geometry":{"type":"Point","coordinates":[-122.00758,45.01961]},"properties":{"frp":5.05,"date":"2026-08-23","daynight":"D"}},{"type":"Feature","geometry":{"type":"Point","coordinates":[-121.99837,45.02478]},"properties":{"frp":3.38,"date":"2026-08-23","daynight":"D"}},{"type":"Feature","geometry":{"type":"Point","coordinates":[-121.99928,45.02816]},"properties":{"frp":4.35,"date":"2026-08-23","daynight":"D"}},{"type":"Feature","geometry":{"type":"Point","coordinates":[-122.00021,45.03154]},"properties":{"frp":4.35,"date":"2026-08-23","daynight":"D"}},{"type":"Feature","geometry":{"type":"Point","coordinates":[-122.08553,45.12612]},"properties":{"frp":2.38,"date":"2026-08-23","daynight":"D"}},{"type":"Feature","geometry":{"type":"Point","coordinates":[-122.08093,45.12693]},"properties":{"frp":2.38,"date":"2026-08-23","daynight":"D"}},{"type":"Feature","geometry":{"type":"Point","coordinates":[-122.08686,45.12943]},"properties":{"frp":7.26,"date":"2026-08-23","daynight":"D"}},{"type":"Feature","geometry":{"type":"Point","coordinates":[-122.08212,45.13027]},"properties":{"frp":7.26,"date":"2026-08-23","daynight":"D"}},{"type":"Feature","geometry":{"type":"Point","coordinates":[-122.0894,45.13607]},"properties":{"frp":3.7,"date":"2026-08-23","daynight":"D"}},{"type":"Feature","geometry":{"type":"Point","coordinates":[-122.08453,45.13692]},"properties":{"frp":3.7,"date":"2026-08-23","daynight":"D"}},{"type":"Feature","geometry":{"type":"Point","coordinates":[-122.09067,45.13939]},"properties":{"frp":3.7,"date":"2026-08-23","daynight":"D"}},{"type":"Feature","geometry":{"type":"Point","coordinates":[-113.34567,45.45913]},"properties":{"frp":6.07,"date":"2026-08-23","daynight":"D"}},{"type":"Feature","geometry":{"type":"Point","coordinates":[-113.34729,45.49492]},"properties":{"frp":74.38,"date":"2026-08-23","daynight":"D"}},{"type":"Feature","geometry":{"type":"Point","coordinates":[-113.33369,45.49625]},"properties":{"frp":47.25,"date":"2026-08-23","daynight":"D"}},{"type":"Feature","geometry":{"type":"Point","coordinates":[-113.35403,45.49826]},"properties":{"frp":129.68,"date":"2026-08-23","daynight":"D"}},{"type":"Feature","geometry":{"type":"Point","coordinates":[-113.34765,45.49889]},"properties":{"frp":129.68,"date":"2026-08-23","daynight":"D"}},{"type":"Feature","geometry":{"type":"Point","coordinates":[-113.34119,45.49952]},"properties":{"frp":8.73,"date":"2026-08-23","daynight":"D"}},{"type":"Feature","geometry":{"type":"Point","coordinates":[-113.33424,45.5002]},"properties":{"frp":8.73,"date":"2026-08-23","daynight":"D"}},{"type":"Feature","geometry":{"type":"Point","coordinates":[-113.16697,45.51247]},"properties":{"frp":7.72,"date":"2026-08-23","daynight":"D"}},{"type":"Feature","geometry":{"type":"Point","coordinates":[-113.14719,45.51437]},"properties":{"frp":8.11,"date":"2026-08-23","daynight":"D"}},{"type":"Feature","geometry":{"type":"Point","coordinates":[-113.15454,45.5177]},"properties":{"frp":19.44,"date":"2026-08-23","daynight":"D"}},{"type":"Feature","geometry":{"type":"Point","coordinates":[-113.14812,45.51831]},"properties":{"frp":19.44,"date":"2026-08-23","daynight":"D"}},{"type":"Feature","geometry":{"type":"Point","coordinates":[-113.14882,45.52228]},"properties":{"frp":19.44,"date":"2026-08-23","daynight":"D"}},{"type":"Feature","geometry":{"type":"Point","coordinates":[-113.35787,45.52483]},"properties":{"frp":178.21,"date":"2026-08-23","daynight":"D"}},{"type":"Feature","geometry":{"type":"Point","coordinates":[-113.35124,45.52546]},"properties":{"frp":74.19,"date":"2026-08-23","daynight":"D"}},{"type":"Feature","geometry":{"type":"Point","coordinates":[-113.35766,45.52588]},"properties":{"frp":233.73,"date":"2026-08-23","daynight":"D"}},{"type":"Feature","geometry":{"type":"Point","coordinates":[-113.35101,45.52654]},"properties":{"frp":233.73,"date":"2026-08-23","daynight":"D"}},{"type":"Feature","geometry":{"type":"Point","coordinates":[-113.35881,45.52874]},"properties":{"frp":178.21,"date":"2026-08-23","daynight":"D"}},{"type":"Feature","geometry":{"type":"Point","coordinates":[-113.35204,45.52938]},"properties":{"frp":74.19,"date":"2026-08-23","daynight":"D"}},{"type":"Feature","geometry":{"type":"Point","coordinates":[-118.19506,45.58858]},"properties":{"frp":8.38,"date":"2026-08-23","daynight":"D"}},{"type":"Feature","geometry":{"type":"Point","coordinates":[-118.196,45.5919]},"properties":{"frp":8.38,"date":"2026-08-23","daynight":"D"}},{"type":"Feature","geometry":{"type":"Point","coordinates":[-118.19693,45.59523]},"properties":{"frp":4.5,"date":"2026-08-23","daynight":"D"}},{"type":"Feature","geometry":{"type":"Point","coordinates":[-118.20974,45.60381]},"properties":{"frp":3.45,"date":"2026-08-23","daynight":"D"}},{"type":"Feature","geometry":{"type":"Point","coordinates":[-118.21862,45.60746]},"properties":{"frp":4.03,"date":"2026-08-23","daynight":"D"}},{"type":"Feature","geometry":{"type":"Point","coordinates":[-114.65092,45.7118]},"properties":{"frp":4.79,"date":"2026-08-23","daynight":"D"}},{"type":"Feature","geometry":{"type":"Point","coordinates":[-118.10531,45.75211]},"properties":{"frp":6.13,"date":"2026-08-23","daynight":"D"}},{"type":"Feature","geometry":{"type":"Point","coordinates":[-118.01621,45.96704]},"properties":{"frp":8.6,"date":"2026-08-23","daynight":"D"}},{"type":"Feature","geometry":{"type":"Point","coordinates":[-118.01693,45.97041]},"properties":{"frp":11.39,"date":"2026-08-23","daynight":"D"}},{"type":"Feature","geometry":{"type":"Point","coordinates":[-118.02996,45.97906]},"properties":{"frp":7.46,"date":"2026-08-23","daynight":"D"}},{"type":"Feature","geometry":{"type":"Point","coordinates":[-118.02469,45.97979]},"properties":{"frp":11.03,"date":"2026-08-23","daynight":"D"}},{"type":"Feature","geometry":{"type":"Point","coordinates":[-118.01944,45.9805]},"properties":{"frp":11.03,"date":"2026-08-23","daynight":"D"}},{"type":"Feature","geometry":{"type":"Point","coordinates":[-118.02552,45.98314]},"properties":{"frp":18.31,"date":"2026-08-23","daynight":"D"}},{"type":"Feature","geometry":{"type":"Point","coordinates":[-118.02029,45.98386]},"properties":{"frp":18.31,"date":"2026-08-23","daynight":"D"}},{"type":"Feature","geometry":{"type":"Point","coordinates":[-117.94337,45.98736]},"properties":{"frp":4.59,"date":"2026-08-23","daynight":"D"}},{"type":"Feature","geometry":{"type":"Point","coordinates":[-117.93822,45.98806]},"properties":{"frp":4.59,"date":"2026-08-23","daynight":"D"}},{"type":"Feature","geometry":{"type":"Point","coordinates":[-117.95924,45.98869]},"properties":{"frp":7.63,"date":"2026-08-23","daynight":"D"}},{"type":"Feature","geometry":{"type":"Point","coordinates":[-115.12307,46.06583]},"properties":{"frp":40.11,"date":"2026-08-23","daynight":"D"}},{"type":"Feature","geometry":{"type":"Point","coordinates":[-115.09922,46.07225]},"properties":{"frp":19.08,"date":"2026-08-23","daynight":"D"}},{"type":"Feature","geometry":{"type":"Point","coordinates":[-115.10527,46.07533]},"properties":{"frp":22.91,"date":"2026-08-23","daynight":"D"}},{"type":"Feature","geometry":{"type":"Point","coordinates":[-115.09933,46.076]},"properties":{"frp":19.08,"date":"2026-08-23","daynight":"D"}},{"type":"Feature","geometry":{"type":"Point","coordinates":[-115.16178,46.08402]},"properties":{"frp":20.08,"date":"2026-08-23","daynight":"D"}},{"type":"Feature","geometry":{"type":"Point","coordinates":[-115.15533,46.08475]},"properties":{"frp":20.08,"date":"2026-08-23","daynight":"D"}},{"type":"Feature","geometry":{"type":"Point","coordinates":[-115.16341,46.08758]},"properties":{"frp":10.34,"date":"2026-08-23","daynight":"D"}},{"type":"Feature","geometry":{"type":"Point","coordinates":[-115.15701,46.08831]},"properties":{"frp":10.34,"date":"2026-08-23","daynight":"D"}},{"type":"Feature","geometry":{"type":"Point","coordinates":[-115.16005,46.09007]},"properties":{"frp":18.91,"date":"2026-08-23","daynight":"D"}},{"type":"Feature","geometry":{"type":"Point","coordinates":[-115.16498,46.09115]},"properties":{"frp":10.34,"date":"2026-08-23","daynight":"D"}},{"type":"Feature","geometry":{"type":"Point","coordinates":[-115.15871,46.09186]},"properties":{"frp":10.34,"date":"2026-08-23","daynight":"D"}},{"type":"Feature","geometry":{"type":"Point","coordinates":[-115.16164,46.09365]},"properties":{"frp":18.91,"date":"2026-08-23","daynight":"D"}},{"type":"Feature","geometry":{"type":"Point","coordinates":[-115.07442,46.09386]},"properties":{"frp":4.77,"date":"2026-08-23","daynight":"D"}},{"type":"Feature","geometry":{"type":"Point","coordinates":[-115.15711,46.09791]},"properties":{"frp":238.71,"date":"2026-08-23","daynight":"D"}},{"type":"Feature","geometry":{"type":"Point","coordinates":[-115.04826,46.12102]},"properties":{"frp":4.38,"date":"2026-08-23","daynight":"D"}},{"type":"Feature","geometry":{"type":"Point","coordinates":[-115.07185,46.12222]},"properties":{"frp":3.69,"date":"2026-08-23","daynight":"D"}},{"type":"Feature","geometry":{"type":"Point","coordinates":[-115.05597,46.12395]},"properties":{"frp":32.55,"date":"2026-08-23","daynight":"D"}},{"type":"Feature","geometry":{"type":"Point","coordinates":[-115.04952,46.12466]},"properties":{"frp":32.55,"date":"2026-08-23","daynight":"D"}},{"type":"Feature","geometry":{"type":"Point","coordinates":[-115.08313,46.25858]},"properties":{"frp":11.93,"date":"2026-08-23","daynight":"D"}},{"type":"Feature","geometry":{"type":"Point","coordinates":[-115.09013,46.26158]},"properties":{"frp":34.47,"date":"2026-08-23","daynight":"D"}},{"type":"Feature","geometry":{"type":"Point","coordinates":[-115.09122,46.26522]},"properties":{"frp":137.6,"date":"2026-08-23","daynight":"D"}},{"type":"Feature","geometry":{"type":"Point","coordinates":[-115.08253,46.27747]},"properties":{"frp":14.27,"date":"2026-08-23","daynight":"D"}},{"type":"Feature","geometry":{"type":"Point","coordinates":[-115.07081,46.28631]},"properties":{"frp":4.39,"date":"2026-08-23","daynight":"D"}},{"type":"Feature","geometry":{"type":"Point","coordinates":[-115.06445,46.29078]},"properties":{"frp":10.57,"date":"2026-08-23","daynight":"D"}},{"type":"Feature","geometry":{"type":"Point","coordinates":[-118.7877,46.32454]},"properties":{"frp":13.07,"date":"2026-08-23","daynight":"D"}},{"type":"Feature","geometry":{"type":"Point","coordinates":[-118.7887,46.32785]},"properties":{"frp":13.07,"date":"2026-08-23","daynight":"D"}},{"type":"Feature","geometry":{"type":"Point","coordinates":[-115.39391,46.47989]},"properties":{"frp":6.76,"date":"2026-08-23","daynight":"D"}},{"type":"Feature","geometry":{"type":"Point","coordinates":[-115.39479,46.48352]},"properties":{"frp":7.58,"date":"2026-08-23","daynight":"D"}},{"type":"Feature","geometry":{"type":"Point","coordinates":[-115.2304,46.80112]},"properties":{"frp":27.57,"date":"2026-08-23","daynight":"D"}},{"type":"Feature","geometry":{"type":"Point","coordinates":[-115.23159,46.80476]},"properties":{"frp":27.57,"date":"2026-08-23","daynight":"D"}},{"type":"Feature","geometry":{"type":"Point","coordinates":[-117.25784,46.81082]},"properties":{"frp":88.98,"date":"2026-08-23","daynight":"D"}},{"type":"Feature","geometry":{"type":"Point","coordinates":[-117.25253,46.8115]},"properties":{"frp":88.98,"date":"2026-08-23","daynight":"D"}},{"type":"Feature","geometry":{"type":"Point","coordinates":[-117.24726,46.81217]},"properties":{"frp":53.67,"date":"2026-08-23","daynight":"D"}},{"type":"Feature","geometry":{"type":"Point","coordinates":[-117.25499,46.81277]},"properties":{"frp":138.51,"date":"2026-08-23","daynight":"D"}},{"type":"Feature","geometry":{"type":"Point","coordinates":[-117.24439,46.81411]},"properties":{"frp":167.38,"date":"2026-08-23","daynight":"D"}},{"type":"Feature","geometry":{"type":"Point","coordinates":[-117.25343,46.81494]},"properties":{"frp":88.98,"date":"2026-08-23","daynight":"D"}},{"type":"Feature","geometry":{"type":"Point","coordinates":[-117.24812,46.81562]},"properties":{"frp":53.67,"date":"2026-08-23","daynight":"D"}},{"type":"Feature","geometry":{"type":"Point","coordinates":[-117.24277,46.8163]},"properties":{"frp":53.67,"date":"2026-08-23","daynight":"D"}},{"type":"Feature","geometry":{"type":"Point","coordinates":[-121.14687,47.38502]},"properties":{"frp":12.53,"date":"2026-08-23","daynight":"D"}},{"type":"Feature","geometry":{"type":"Point","coordinates":[-121.15304,47.38748]},"properties":{"frp":12.53,"date":"2026-08-23","daynight":"D"}},{"type":"Feature","geometry":{"type":"Point","coordinates":[-121.14796,47.38829]},"properties":{"frp":12.53,"date":"2026-08-23","daynight":"D"}},{"type":"Feature","geometry":{"type":"Point","coordinates":[-121.14293,47.3891]},"properties":{"frp":5.29,"date":"2026-08-23","daynight":"D"}},{"type":"Feature","geometry":{"type":"Point","coordinates":[-121.15415,47.39074]},"properties":{"frp":3.08,"date":"2026-08-23","daynight":"D"}},{"type":"Feature","geometry":{"type":"Point","coordinates":[-121.1491,47.39155]},"properties":{"frp":3.08,"date":"2026-08-23","daynight":"D"}},{"type":"Feature","geometry":{"type":"Point","coordinates":[-121.14404,47.39236]},"properties":{"frp":3.39,"date":"2026-08-23","daynight":"D"}},{"type":"Feature","geometry":{"type":"Point","coordinates":[-113.09471,47.41708]},"properties":{"frp":106.21,"date":"2026-08-23","daynight":"D"}},{"type":"Feature","geometry":{"type":"Point","coordinates":[-113.08955,47.41754]},"properties":{"frp":0.0,"date":"2026-08-23","daynight":"D"}},{"type":"Feature","geometry":{"type":"Point","coordinates":[-113.07931,47.41845]},"properties":{"frp":358.48,"date":"2026-08-23","daynight":"D"}},{"type":"Feature","geometry":{"type":"Point","coordinates":[-113.10078,47.42067]},"properties":{"frp":106.21,"date":"2026-08-23","daynight":"D"}},{"type":"Feature","geometry":{"type":"Point","coordinates":[-113.08017,47.4225]},"properties":{"frp":358.48,"date":"2026-08-23","daynight":"D"}},{"type":"Feature","geometry":{"type":"Point","coordinates":[-113.06525,47.42382]},"properties":{"frp":101.03,"date":"2026-08-23","daynight":"D"}},{"type":"Feature","geometry":{"type":"Point","coordinates":[-113.10188,47.42471]},"properties":{"frp":147.24,"date":"2026-08-23","daynight":"D"}},{"type":"Feature","geometry":{"type":"Point","coordinates":[-113.09681,47.42516]},"properties":{"frp":147.24,"date":"2026-08-23","daynight":"D"}},{"type":"Feature","geometry":{"type":"Point","coordinates":[-113.06585,47.42791]},"properties":{"frp":104.17,"date":"2026-08-23","daynight":"D"}},{"type":"Feature","geometry":{"type":"Point","coordinates":[-113.061,47.42834]},"properties":{"frp":7.24,"date":"2026-08-23","daynight":"D"}},{"type":"Feature","geometry":{"type":"Point","coordinates":[-113.10303,47.42874]},"properties":{"frp":147.24,"date":"2026-08-23","daynight":"D"}},{"type":"Feature","geometry":{"type":"Point","coordinates":[-113.05593,47.42879]},"properties":{"frp":7.24,"date":"2026-08-23","daynight":"D"}},{"type":"Feature","geometry":{"type":"Point","coordinates":[-113.09297,47.42964]},"properties":{"frp":0.0,"date":"2026-08-23","daynight":"D"}},{"type":"Feature","geometry":{"type":"Point","coordinates":[-113.08797,47.43008]},"properties":{"frp":0.0,"date":"2026-08-23","daynight":"D"}},{"type":"Feature","geometry":{"type":"Point","coordinates":[-113.08275,47.43055]},"properties":{"frp":0.0,"date":"2026-08-23","daynight":"D"}},{"type":"Feature","geometry":{"type":"Point","coordinates":[-113.07734,47.43103]},"properties":{"frp":0.0,"date":"2026-08-23","daynight":"D"}},{"type":"Feature","geometry":{"type":"Point","coordinates":[-113.11942,47.43141]},"properties":{"frp":7.43,"date":"2026-08-23","daynight":"D"}},{"type":"Feature","geometry":{"type":"Point","coordinates":[-113.07177,47.43153]},"properties":{"frp":104.17,"date":"2026-08-23","daynight":"D"}},{"type":"Feature","geometry":{"type":"Point","coordinates":[-113.11411,47.43188]},"properties":{"frp":9.19,"date":"2026-08-23","daynight":"D"}},{"type":"Feature","geometry":{"type":"Point","coordinates":[-113.10418,47.43277]},"properties":{"frp":5.78,"date":"2026-08-23","daynight":"D"}},{"type":"Feature","geometry":{"type":"Point","coordinates":[-113.09917,47.43322]},"properties":{"frp":5.78,"date":"2026-08-23","daynight":"D"}},{"type":"Feature","geometry":{"type":"Point","coordinates":[-113.11134,47.4404]},"properties":{"frp":5.46,"date":"2026-08-23","daynight":"D"}},{"type":"Feature","geometry":{"type":"Point","coordinates":[-121.06059,47.4573]},"properties":{"frp":28.67,"date":"2026-08-23","daynight":"D"}},{"type":"Feature","geometry":{"type":"Point","coordinates":[-121.05568,47.4581]},"properties":{"frp":28.67,"date":"2026-08-23","daynight":"D"}},{"type":"Feature","geometry":{"type":"Point","coordinates":[-121.05672,47.46136]},"properties":{"frp":32.72,"date":"2026-08-23","daynight":"D"}},{"type":"Feature","geometry":{"type":"Point","coordinates":[-121.23661,47.46604]},"properties":{"frp":4.6,"date":"2026-08-23","daynight":"D"}},{"type":"Feature","geometry":{"type":"Point","coordinates":[-121.23161,47.46685]},"properties":{"frp":6.83,"date":"2026-08-23","daynight":"D"}},{"type":"Feature","geometry":{"type":"Point","coordinates":[-121.24281,47.4685]},"properties":{"frp":4.6,"date":"2026-08-23","daynight":"D"}},{"type":"Feature","geometry":{"type":"Point","coordinates":[-121.23779,47.46931]},"properties":{"frp":4.6,"date":"2026-08-23","daynight":"D"}},{"type":"Feature","geometry":{"type":"Point","coordinates":[-120.62025,47.83979]},"properties":{"frp":5.35,"date":"2026-08-23","daynight":"D"}},{"type":"Feature","geometry":{"type":"Point","coordinates":[-120.61521,47.84056]},"properties":{"frp":5.35,"date":"2026-08-23","daynight":"D"}},{"type":"Feature","geometry":{"type":"Point","coordinates":[-120.55452,47.84983]},"properties":{"frp":4.25,"date":"2026-08-23","daynight":"D"}},{"type":"Feature","geometry":{"type":"Point","coordinates":[-120.61855,47.85035]},"properties":{"frp":13.19,"date":"2026-08-23","daynight":"D"}},{"type":"Feature","geometry":{"type":"Point","coordinates":[-120.54941,47.85062]},"properties":{"frp":12.38,"date":"2026-08-23","daynight":"D"}},{"type":"Feature","geometry":{"type":"Point","coordinates":[-120.577,47.85326]},"properties":{"frp":2.62,"date":"2026-08-23","daynight":"D"}},{"type":"Feature","geometry":{"type":"Point","coordinates":[-120.55051,47.85389]},"properties":{"frp":4.33,"date":"2026-08-23","daynight":"D"}},{"type":"Feature","geometry":{"type":"Point","coordinates":[-120.57195,47.85403]},"properties":{"frp":5.68,"date":"2026-08-23","daynight":"D"}},{"type":"Feature","geometry":{"type":"Point","coordinates":[-120.56687,47.85481]},"properties":{"frp":5.68,"date":"2026-08-23","daynight":"D"}},{"type":"Feature","geometry":{"type":"Point","coordinates":[-120.5567,47.85637]},"properties":{"frp":8.73,"date":"2026-08-23","daynight":"D"}},{"type":"Feature","geometry":{"type":"Point","coordinates":[-120.57306,47.8573]},"properties":{"frp":3.85,"date":"2026-08-23","daynight":"D"}},{"type":"Feature","geometry":{"type":"Point","coordinates":[-120.64964,47.85872]},"properties":{"frp":8.14,"date":"2026-08-23","daynight":"D"}},{"type":"Feature","geometry":{"type":"Point","coordinates":[-120.64457,47.8595]},"properties":{"frp":65.05,"date":"2026-08-23","daynight":"D"}},{"type":"Feature","geometry":{"type":"Point","coordinates":[-120.63448,47.86106]},"properties":{"frp":34.05,"date":"2026-08-23","daynight":"D"}},{"type":"Feature","geometry":{"type":"Point","coordinates":[-120.62942,47.86184]},"properties":{"frp":34.05,"date":"2026-08-23","daynight":"D"}},{"type":"Feature","geometry":{"type":"Point","coordinates":[-120.65074,47.86199]},"properties":{"frp":8.14,"date":"2026-08-23","daynight":"D"}},{"type":"Feature","geometry":{"type":"Point","coordinates":[-120.64568,47.86277]},"properties":{"frp":65.05,"date":"2026-08-23","daynight":"D"}},{"type":"Feature","geometry":{"type":"Point","coordinates":[-120.63558,47.86433]},"properties":{"frp":34.05,"date":"2026-08-23","daynight":"D"}},{"type":"Feature","geometry":{"type":"Point","coordinates":[-120.63052,47.86511]},"properties":{"frp":34.05,"date":"2026-08-23","daynight":"D"}},{"type":"Feature","geometry":{"type":"Point","coordinates":[-120.6468,47.86604]},"properties":{"frp":10.76,"date":"2026-08-23","daynight":"D"}},{"type":"Feature","geometry":{"type":"Point","coordinates":[-120.64175,47.86682]},"properties":{"frp":10.76,"date":"2026-08-23","daynight":"D"}},{"type":"Feature","geometry":{"type":"Point","coordinates":[-120.63669,47.8676]},"properties":{"frp":6.68,"date":"2026-08-23","daynight":"D"}},{"type":"Feature","geometry":{"type":"Point","coordinates":[-120.63781,47.87086]},"properties":{"frp":6.68,"date":"2026-08-23","daynight":"D"}},{"type":"Feature","geometry":{"type":"Point","coordinates":[-120.38805,47.87862]},"properties":{"frp":13.7,"date":"2026-08-23","daynight":"D"}},{"type":"Feature","geometry":{"type":"Point","coordinates":[-120.38912,47.8819]},"properties":{"frp":13.7,"date":"2026-08-23","daynight":"D"}},{"type":"Feature","geometry":{"type":"Point","coordinates":[-120.59568,47.88765]},"properties":{"frp":4.91,"date":"2026-08-23","daynight":"D"}},{"type":"Feature","geometry":{"type":"Point","coordinates":[-120.39583,47.8974]},"properties":{"frp":16.43,"date":"2026-08-23","daynight":"D"}},{"type":"Feature","geometry":{"type":"Point","coordinates":[-120.60847,47.90973]},"properties":{"frp":11.56,"date":"2026-08-23","daynight":"D"}},{"type":"Feature","geometry":{"type":"Point","coordinates":[-120.39528,47.91124]},"properties":{"frp":6.36,"date":"2026-08-23","daynight":"D"}},{"type":"Feature","geometry":{"type":"Point","coordinates":[-120.39023,47.912]},"properties":{"frp":6.36,"date":"2026-08-23","daynight":"D"}},{"type":"Feature","geometry":{"type":"Point","coordinates":[-120.39137,47.91526]},"properties":{"frp":6.36,"date":"2026-08-23","daynight":"D"}},{"type":"Feature","geometry":{"type":"Point","coordinates":[-120.81867,48.0547]},"properties":{"frp":14.92,"date":"2026-08-23","daynight":"D"}},{"type":"Feature","geometry":{"type":"Point","coordinates":[-120.8198,48.05796]},"properties":{"frp":7.37,"date":"2026-08-23","daynight":"D"}},{"type":"Feature","geometry":{"type":"Point","coordinates":[-115.05801,48.14397]},"properties":{"frp":4.87,"date":"2026-08-23","daynight":"D"}},{"type":"Feature","geometry":{"type":"Point","coordinates":[-115.05842,48.14455]},"properties":{"frp":4.45,"date":"2026-08-23","daynight":"D"}},{"type":"Feature","geometry":{"type":"Point","coordinates":[-115.05859,48.14777]},"properties":{"frp":4.87,"date":"2026-08-23","daynight":"D"}},{"type":"Feature","geometry":{"type":"Point","coordinates":[-115.05896,48.14836]},"properties":{"frp":4.45,"date":"2026-08-23","daynight":"D"}},{"type":"Feature","geometry":{"type":"Point","coordinates":[-115.085,48.15277]},"properties":{"frp":5.15,"date":"2026-08-23","daynight":"D"}},{"type":"Feature","geometry":{"type":"Point","coordinates":[-119.85351,48.87931]},"properties":{"frp":2.77,"date":"2026-08-23","daynight":"D"}},{"type":"Feature","geometry":{"type":"Point","coordinates":[-116.57055,48.90319]},"properties":{"frp":2.98,"date":"2026-08-23","daynight":"D"}},{"type":"Feature","geometry":{"type":"Point","coordinates":[-116.56457,48.90387]},"properties":{"frp":2.98,"date":"2026-08-23","daynight":"D"}},{"type":"Feature","geometry":{"type":"Point","coordinates":[-119.97549,49.60565]},"properties":{"frp":3.53,"date":"2026-08-23","daynight":"D"}},{"type":"Feature","geometry":{"type":"Point","coordinates":[-83.79095,38.36601]},"properties":{"frp":1.04,"date":"2026-08-23","daynight":"N"}},{"type":"Feature","geometry":{"type":"Point","coordinates":[-82.83443,38.59991]},"properties":{"frp":0.88,"date":"2026-08-23","daynight":"N"}},{"type":"Feature","geometry":{"type":"Point","coordinates":[-84.99447,38.75741]},"properties":{"frp":1.0,"date":"2026-08-23","daynight":"N"}},{"type":"Feature","geometry":{"type":"Point","coordinates":[-85.00322,38.76442]},"properties":{"frp":1.95,"date":"2026-08-23","daynight":"N"}},{"type":"Feature","geometry":{"type":"Point","coordinates":[-85.00032,38.7645]},"properties":{"frp":2.56,"date":"2026-08-23","daynight":"N"}},{"type":"Feature","geometry":{"type":"Point","coordinates":[-84.38688,39.47066]},"properties":{"frp":0.9,"date":"2026-08-23","daynight":"N"}},{"type":"Feature","geometry":{"type":"Point","coordinates":[-84.40202,39.47096]},"properties":{"frp":1.77,"date":"2026-08-23","daynight":"N"}},{"type":"Feature","geometry":{"type":"Point","coordinates":[-84.40205,39.47382]},"properties":{"frp":1.52,"date":"2026-08-23","daynight":"N"}},{"type":"Feature","geometry":{"type":"Point","coordinates":[-84.37891,39.48019]},"properties":{"frp":2.07,"date":"2026-08-23","daynight":"N"}},{"type":"Feature","geometry":{"type":"Point","coordinates":[-84.37875,39.48393]},"properties":{"frp":2.32,"date":"2026-08-23","daynight":"N"}},{"type":"Feature","geometry":{"type":"Point","coordinates":[-84.36344,39.48666]},"properties":{"frp":1.24,"date":"2026-08-23","daynight":"N"}},{"type":"Feature","geometry":{"type":"Point","coordinates":[-82.15395,39.73162]},"properties":{"frp":0.74,"date":"2026-08-23","daynight":"N"}},{"type":"Feature","geometry":{"type":"Point","coordinates":[-82.15327,39.73602]},"properties":{"frp":0.74,"date":"2026-08-23","daynight":"N"}},{"type":"Feature","geometry":{"type":"Point","coordinates":[-80.6104,40.31071]},"properties":{"frp":1.82,"date":"2026-08-23","daynight":"N"}},{"type":"Feature","geometry":{"type":"Point","coordinates":[-83.13997,40.57115]},"properties":{"frp":1.03,"date":"2026-08-23","daynight":"N"}},{"type":"Feature","geometry":{"type":"Point","coordinates":[-83.14104,40.57311]},"properties":{"frp":1.26,"date":"2026-08-23","daynight":"N"}},{"type":"Feature","geometry":{"type":"Point","coordinates":[-84.12821,40.71965]},"properties":{"frp":1.12,"date":"2026-08-23","daynight":"N"}},{"type":"Feature","geometry":{"type":"Point","coordinates":[-84.12824,40.72276]},"properties":{"frp":1.27,"date":"2026-08-23","daynight":"N"}},{"type":"Feature","geometry":{"type":"Point","coordinates":[-81.44398,40.75323]},"properties":{"frp":0.79,"date":"2026-08-23","daynight":"N"}},{"type":"Feature","geometry":{"type":"Point","coordinates":[-81.44333,40.75788]},"properties":{"frp":0.53,"date":"2026-08-23","daynight":"N"}},{"type":"Feature","geometry":{"type":"Point","coordinates":[-81.4327,40.75864]},"properties":{"frp":0.78,"date":"2026-08-23","daynight":"N"}},{"type":"Feature","geometry":{"type":"Point","coordinates":[-83.21045,41.22351]},"properties":{"frp":1.89,"date":"2026-08-23","daynight":"N"}},{"type":"Feature","geometry":{"type":"Point","coordinates":[-83.20918,41.2287]},"properties":{"frp":1.34,"date":"2026-08-23","daynight":"N"}},{"type":"Feature","geometry":{"type":"Point","coordinates":[-84.92762,41.36739]},"properties":{"frp":2.48,"date":"2026-08-23","daynight":"N"}},{"type":"Feature","geometry":{"type":"Point","coordinates":[-84.91811,41.36805]},"properties":{"frp":2.22,"date":"2026-08-23","daynight":"N"}},{"type":"Feature","geometry":{"type":"Point","coordinates":[-84.92664,41.36813]},"properties":{"frp":2.22,"date":"2026-08-23","daynight":"N"}},{"type":"Feature","geometry":{"type":"Point","coordinates":[-83.3723,41.45995]},"properties":{"frp":1.17,"date":"2026-08-23","daynight":"N"}},{"type":"Feature","geometry":{"type":"Point","coordinates":[-83.37206,41.46641]},"properties":{"frp":1.17,"date":"2026-08-23","daynight":"N"}},{"type":"Feature","geometry":{"type":"Point","coordinates":[-84.04647,41.56712]},"properties":{"frp":1.2,"date":"2026-08-23","daynight":"N"}},{"type":"Feature","geometry":{"type":"Point","coordinates":[-84.04649,41.57024]},"properties":{"frp":2.37,"date":"2026-08-23","daynight":"N"}},{"type":"Feature","geometry":{"type":"Point","coordinates":[-81.28445,41.75208]},"properties":{"frp":1.08,"date":"2026-08-23","daynight":"N"}},{"type":"Feature","geometry":{"type":"Point","coordinates":[-83.11793,42.28604]},"properties":{"frp":0.84,"date":"2026-08-23","daynight":"N"}},{"type":"Feature","geometry":{"type":"Point","coordinates":[-80.10158,42.8008]},"properties":{"frp":2.0,"date":"2026-08-23","daynight":"N"}},{"type":"Feature","geometry":{"type":"Point","coordinates":[-80.10655,42.80101]},"properties":{"frp":2.41,"date":"2026-08-23","daynight":"N"}},{"type":"Feature","geometry":{"type":"Point","coordinates":[-80.09989,42.80182]},"properties":{"frp":1.18,"date":"2026-08-23","daynight":"N"}},{"type":"Feature","geometry":{"type":"Point","coordinates":[-80.10487,42.80205]},"properties":{"frp":1.18,"date":"2026-08-23","daynight":"N"}},{"type":"Feature","geometry":{"type":"Point","coordinates":[-80.09605,42.80615]},"properties":{"frp":2.0,"date":"2026-08-23","daynight":"N"}},{"type":"Feature","geometry":{"type":"Point","coordinates":[-80.10103,42.80635]},"properties":{"frp":2.0,"date":"2026-08-23","daynight":"N"}},{"type":"Feature","geometry":{"type":"Point","coordinates":[-80.10049,42.8119]},"properties":{"frp":1.24,"date":"2026-08-23","daynight":"N"}},{"type":"Feature","geometry":{"type":"Point","coordinates":[-80.09502,42.81725]},"properties":{"frp":1.24,"date":"2026-08-23","daynight":"N"}},{"type":"Feature","geometry":{"type":"Point","coordinates":[-80.85976,43.06723]},"properties":{"frp":0.37,"date":"2026-08-23","daynight":"N"}},{"type":"Feature","geometry":{"type":"Point","coordinates":[-79.98608,43.29342]},"properties":{"frp":1.1,"date":"2026-08-23","daynight":"N"}},{"type":"Feature","geometry":{"type":"Point","coordinates":[-83.4099,45.07039]},"properties":{"frp":2.97,"date":"2026-08-23","daynight":"N"}},{"type":"Feature","geometry":{"type":"Point","coordinates":[-83.40952,45.07545]},"properties":{"frp":2.52,"date":"2026-08-23","daynight":"N"}},{"type":"Feature","geometry":{"type":"Point","coordinates":[-80.78141,32.65369]},"properties":{"frp":1.0,"date":"2026-08-23","daynight":"N"}},{"type":"Feature","geometry":{"type":"Point","coordinates":[-80.7852,32.65397]},"properties":{"frp":0.7,"date":"2026-08-23","daynight":"N"}},{"type":"Feature","geometry":{"type":"Point","coordinates":[-79.88396,33.01422]},"properties":{"frp":3.59,"date":"2026-08-23","daynight":"N"}},{"type":"Feature","geometry":{"type":"Point","coordinates":[-79.16883,34.81751]},"properties":{"frp":0.39,"date":"2026-08-23","daynight":"N"}},{"type":"Feature","geometry":{"type":"Point","coordinates":[-80.82684,36.62086]},"properties":{"frp":0.36,"date":"2026-08-23","daynight":"N"}},{"type":"Feature","geometry":{"type":"Point","coordinates":[-80.82608,36.62148]},"properties":{"frp":0.37,"date":"2026-08-23","daynight":"N"}},{"type":"Feature","geometry":{"type":"Point","coordinates":[-82.03927,37.23538]},"properties":{"frp":1.0,"date":"2026-08-23","daynight":"N"}},{"type":"Feature","geometry":{"type":"Point","coordinates":[-80.85168,25.50922]},"properties":{"frp":3.64,"date":"2026-08-23","daynight":"N"}},{"type":"Feature","geometry":{"type":"Point","coordinates":[-80.84608,25.51079]},"properties":{"frp":2.91,"date":"2026-08-23","daynight":"N"}},{"type":"Feature","geometry":{"type":"Point","coordinates":[-80.85203,25.5114]},"properties":{"frp":2.91,"date":"2026-08-23","daynight":"N"}},{"type":"Feature","geometry":{"type":"Point","coordinates":[-80.82763,25.51383]},"properties":{"frp":2.18,"date":"2026-08-23","daynight":"N"}},{"type":"Feature","geometry":{"type":"Point","coordinates":[-80.85107,25.5141]},"properties":{"frp":2.8,"date":"2026-08-23","daynight":"N"}},{"type":"Feature","geometry":{"type":"Point","coordinates":[-80.85143,25.51628]},"properties":{"frp":2.31,"date":"2026-08-23","daynight":"N"}},{"type":"Feature","geometry":{"type":"Point","coordinates":[-80.82663,25.51669]},"properties":{"frp":3.07,"date":"2026-08-23","daynight":"N"}},{"type":"Feature","geometry":{"type":"Point","coordinates":[-80.85045,25.51898]},"properties":{"frp":2.8,"date":"2026-08-23","daynight":"N"}},{"type":"Feature","geometry":{"type":"Point","coordinates":[-80.85642,25.51955]},"properties":{"frp":2.8,"date":"2026-08-23","daynight":"N"}},{"type":"Feature","geometry":{"type":"Point","coordinates":[-80.84486,25.52054]},"properties":{"frp":2.31,"date":"2026-08-23","daynight":"N"}},{"type":"Feature","geometry":{"type":"Point","coordinates":[-80.86838,25.5207]},"properties":{"frp":1.24,"date":"2026-08-23","daynight":"N"}},{"type":"Feature","geometry":{"type":"Point","coordinates":[-80.85082,25.52115]},"properties":{"frp":2.31,"date":"2026-08-23","daynight":"N"}},{"type":"Feature","geometry":{"type":"Point","coordinates":[-80.86871,25.523]},"properties":{"frp":1.26,"date":"2026-08-23","daynight":"N"}},{"type":"Feature","geometry":{"type":"Point","coordinates":[-80.84984,25.52386]},"properties":{"frp":0.82,"date":"2026-08-23","daynight":"N"}},{"type":"Feature","geometry":{"type":"Point","coordinates":[-80.8129,25.53015]},"properties":{"frp":0.81,"date":"2026-08-23","daynight":"N"}},{"type":"Feature","geometry":{"type":"Point","coordinates":[-80.7992,25.54358]},"properties":{"frp":1.76,"date":"2026-08-23","daynight":"N"}},{"type":"Feature","geometry":{"type":"Point","coordinates":[-80.80513,25.54417]},"properties":{"frp":1.76,"date":"2026-08-23","daynight":"N"}},{"type":"Feature","geometry":{"type":"Point","coordinates":[-80.79205,25.55272]},"properties":{"frp":1.09,"date":"2026-08-23","daynight":"N"}},{"type":"Feature","geometry":{"type":"Point","coordinates":[-80.78553,25.557]},"properties":{"frp":1.13,"date":"2026-08-23","daynight":"N"}},{"type":"Feature","geometry":{"type":"Point","coordinates":[-80.55305,25.92134]},"properties":{"frp":0.82,"date":"2026-08-23","daynight":"N"}},{"type":"Feature","geometry":{"type":"Point","coordinates":[-80.55244,25.92614]},"properties":{"frp":0.82,"date":"2026-08-23","daynight":"N"}},{"type":"Feature","geometry":{"type":"Point","coordinates":[-77.22478,25.95624]},"properties":{"frp":1.3,"date":"2026-08-23","daynight":"N"}},{"type":"Feature","geometry":{"type":"Point","coordinates":[-77.22601,25.95634]},"properties":{"frp":1.78,"date":"2026-08-23","daynight":"N"}},{"type":"Feature","geometry":{"type":"Point","coordinates":[-77.23029,25.95689]},"properties":{"frp":1.27,"date":"2026-08-23","daynight":"N"}},{"type":"Feature","geometry":{"type":"Point","coordinates":[-80.52501,25.9575]},"properties":{"frp":1.15,"date":"2026-08-23","daynight":"N"}},{"type":"Feature","geometry":{"type":"Point","coordinates":[-80.53079,25.95808]},"properties":{"frp":2.22,"date":"2026-08-23","daynight":"N"}},{"type":"Feature","geometry":{"type":"Point","coordinates":[-77.23519,25.96146]},"properties":{"frp":1.27,"date":"2026-08-23","daynight":"N"}},{"type":"Feature","geometry":{"type":"Point","coordinates":[-77.24011,25.96603]},"properties":{"frp":0.87,"date":"2026-08-23","daynight":"N"}},{"type":"Feature","geometry":{"type":"Point","coordinates":[-77.24133,25.96623]},"properties":{"frp":1.95,"date":"2026-08-23","daynight":"N"}},{"type":"Feature","geometry":{"type":"Point","coordinates":[-77.24563,25.96669]},"properties":{"frp":0.87,"date":"2026-08-23","daynight":"N"}},{"type":"Feature","geometry":{"type":"Point","coordinates":[-77.24503,25.9706]},"properties":{"frp":0.87,"date":"2026-08-23","daynight":"N"}},{"type":"Feature","geometry":{"type":"Point","coordinates":[-77.24625,25.97083]},"properties":{"frp":2.53,"date":"2026-08-23","daynight":"N"}},{"type":"Feature","geometry":{"type":"Point","coordinates":[-77.25055,25.97126]},"properties":{"frp":0.69,"date":"2026-08-23","daynight":"N"}},{"type":"Feature","geometry":{"type":"Point","coordinates":[-77.25546,25.97584]},"properties":{"frp":1.13,"date":"2026-08-23","daynight":"N"}},{"type":"Feature","geometry":{"type":"Point","coordinates":[-77.25486,25.97975]},"properties":{"frp":1.13,"date":"2026-08-23","daynight":"N"}},{"type":"Feature","geometry":{"type":"Point","coordinates":[-77.2598,25.98433]},"properties":{"frp":1.54,"date":"2026-08-23","daynight":"N"}},{"type":"Feature","geometry":{"type":"Point","coordinates":[-77.25919,25.98825]},"properties":{"frp":1.54,"date":"2026-08-23","daynight":"N"}},{"type":"Feature","geometry":{"type":"Point","coordinates":[-80.76579,26.41226]},"properties":{"frp":4.08,"date":"2026-08-23","daynight":"N"}},{"type":"Feature","geometry":{"type":"Point","coordinates":[-80.77188,26.41285]},"properties":{"frp":3.7,"date":"2026-08-23","daynight":"N"}},{"type":"Feature","geometry":{"type":"Point","coordinates":[-80.60822,40.312]},"properties":{"frp":2.2,"date":"2026-08-23","daynight":"N"}},{"type":"Feature","geometry":{"type":"Point","coordinates":[-84.12173,40.72072]},"properties":{"frp":1.38,"date":"2026-08-23","daynight":"N"}},{"type":"Feature","geometry":{"type":"Point","coordinates":[-81.44163,40.75123]},"properties":{"frp":1.0,"date":"2026-08-23","daynight":"N"}},{"type":"Feature","geometry":{"type":"Point","coordinates":[-81.43893,40.75391]},"properties":{"frp":1.67,"date":"2026-08-23","daynight":"N"}},{"type":"Feature","geometry":{"type":"Point","coordinates":[-81.43925,40.75613]},"properties":{"frp":1.0,"date":"2026-08-23","daynight":"N"}},{"type":"Feature","geometry":{"type":"Point","coordinates":[-85.35318,41.12105]},"properties":{"frp":1.44,"date":"2026-08-23","daynight":"N"}},{"type":"Feature","geometry":{"type":"Point","coordinates":[-80.68996,41.13458]},"properties":{"frp":0.83,"date":"2026-08-23","daynight":"N"}},{"type":"Feature","geometry":{"type":"Point","coordinates":[-83.20946,41.22389]},"properties":{"frp":2.33,"date":"2026-08-23","daynight":"N"}},{"type":"Feature","geometry":{"type":"Point","coordinates":[-84.9192,41.36602]},"properties":{"frp":2.2,"date":"2026-08-23","daynight":"N"}},{"type":"Feature","geometry":{"type":"Point","coordinates":[-84.92439,41.36722]},"properties":{"frp":3.45,"date":"2026-08-23","daynight":"N"}},{"type":"Feature","geometry":{"type":"Point","coordinates":[-84.91752,41.37016]},"properties":{"frp":2.2,"date":"2026-08-23","daynight":"N"}},{"type":"Feature","geometry":{"type":"Point","coordinates":[-83.36501,41.45861]},"properties":{"frp":1.05,"date":"2026-08-23","daynight":"N"}},{"type":"Feature","geometry":{"type":"Point","coordinates":[-83.36536,41.45919]},"properties":{"frp":0.77,"date":"2026-08-23","daynight":"N"}},{"type":"Feature","geometry":{"type":"Point","coordinates":[-83.36718,41.46897]},"properties":{"frp":2.4,"date":"2026-08-23","daynight":"N"}},{"type":"Feature","geometry":{"type":"Point","coordinates":[-83.36752,41.46952]},"properties":{"frp":1.81,"date":"2026-08-23","daynight":"N"}},{"type":"Feature","geometry":{"type":"Point","coordinates":[-84.04555,41.56665]},"properties":{"frp":2.44,"date":"2026-08-23","daynight":"N"}},{"type":"Feature","geometry":{"type":"Point","coordinates":[-84.05682,41.56937]},"properties":{"frp":1.82,"date":"2026-08-23","daynight":"N"}},{"type":"Feature","geometry":{"type":"Point","coordinates":[-87.14064,41.63591]},"properties":{"frp":2.35,"date":"2026-08-23","daynight":"N"}},{"type":"Feature","geometry":{"type":"Point","coordinates":[-87.13309,41.63835]},"properties":{"frp":2.33,"date":"2026-08-23","daynight":"N"}},{"type":"Feature","geometry":{"type":"Point","coordinates":[-87.13923,41.63963]},"properties":{"frp":2.33,"date":"2026-08-23","daynight":"N"}},{"type":"Feature","geometry":{"type":"Point","coordinates":[-87.13165,41.64207]},"properties":{"frp":2.33,"date":"2026-08-23","daynight":"N"}},{"type":"Feature","geometry":{"type":"Point","coordinates":[-87.13779,41.64335]},"properties":{"frp":2.33,"date":"2026-08-23","daynight":"N"}},{"type":"Feature","geometry":{"type":"Point","coordinates":[-81.28507,41.7503]},"properties":{"frp":1.31,"date":"2026-08-23","daynight":"N"}},{"type":"Feature","geometry":{"type":"Point","coordinates":[-83.42249,42.08952]},"properties":{"frp":0.57,"date":"2026-08-23","daynight":"N"}},{"type":"Feature","geometry":{"type":"Point","coordinates":[-83.11031,42.28144]},"properties":{"frp":1.79,"date":"2026-08-23","daynight":"N"}},{"type":"Feature","geometry":{"type":"Point","coordinates":[-87.88152,42.4807]},"properties":{"frp":0.5,"date":"2026-08-23","daynight":"N"}},{"type":"Feature","geometry":{"type":"Point","coordinates":[-87.88612,42.48147]},"properties":{"frp":0.3,"date":"2026-08-23","daynight":"N"}},{"type":"Feature","geometry":{"type":"Point","coordinates":[-80.10161,42.80152]},"properties":{"frp":1.82,"date":"2026-08-23","daynight":"N"}},{"type":"Feature","geometry":{"type":"Point","coordinates":[-80.10567,42.80265]},"properties":{"frp":2.15,"date":"2026-08-23","daynight":"N"}},{"type":"Feature","geometry":{"type":"Point","coordinates":[-80.09507,42.80534]},"properties":{"frp":1.82,"date":"2026-08-23","daynight":"N"}},{"type":"Feature","geometry":{"type":"Point","coordinates":[-80.09914,42.80647]},"properties":{"frp":1.82,"date":"2026-08-23","daynight":"N"}},{"type":"Feature","geometry":{"type":"Point","coordinates":[-80.09666,42.81141]},"properties":{"frp":0.97,"date":"2026-08-23","daynight":"N"}},{"type":"Feature","geometry":{"type":"Point","coordinates":[-80.10075,42.81253]},"properties":{"frp":0.94,"date":"2026-08-23","daynight":"N"}},{"type":"Feature","geometry":{"type":"Point","coordinates":[-80.09414,42.81634]},"properties":{"frp":0.97,"date":"2026-08-23","daynight":"N"}},{"type":"Feature","geometry":{"type":"Point","coordinates":[-85.99798,42.81968]},"properties":{"frp":1.28,"date":"2026-08-23","daynight":"N"}},{"type":"Feature","geometry":{"type":"Point","coordinates":[-82.41394,42.94583]},"properties":{"frp":1.46,"date":"2026-08-23","daynight":"N"}},{"type":"Feature","geometry":{"type":"Point","coordinates":[-82.42026,42.94743]},"properties":{"frp":1.46,"date":"2026-08-23","daynight":"N"}},{"type":"Feature","geometry":{"type":"Point","coordinates":[-80.85902,43.0674]},"properties":{"frp":0.51,"date":"2026-08-23","daynight":"N"}},{"type":"Feature","geometry":{"type":"Point","coordinates":[-80.8567,43.07215]},"properties":{"frp":1.05,"date":"2026-08-23","daynight":"N"}},{"type":"Feature","geometry":{"type":"Point","coordinates":[-79.80991,43.26096]},"properties":{"frp":0.53,"date":"2026-08-23","daynight":"N"}},{"type":"Feature","geometry":{"type":"Point","coordinates":[-79.81124,43.2623]},"properties":{"frp":0.72,"date":"2026-08-23","daynight":"N"}},{"type":"Feature","geometry":{"type":"Point","coordinates":[-79.80459,43.26609]},"properties":{"frp":0.84,"date":"2026-08-23","daynight":"N"}},{"type":"Feature","geometry":{"type":"Point","coordinates":[-79.8087,43.26724]},"properties":{"frp":1.2,"date":"2026-08-23","daynight":"N"}},{"type":"Feature","geometry":{"type":"Point","coordinates":[-79.80202,43.27102]},"properties":{"frp":0.84,"date":"2026-08-23","daynight":"N"}},{"type":"Feature","geometry":{"type":"Point","coordinates":[-79.80615,43.27217]},"properties":{"frp":1.2,"date":"2026-08-23","daynight":"N"}},{"type":"Feature","geometry":{"type":"Point","coordinates":[-79.79527,43.27478]},"properties":{"frp":1.67,"date":"2026-08-23","daynight":"N"}},{"type":"Feature","geometry":{"type":"Point","coordinates":[-79.98352,43.29163]},"properties":{"frp":0.46,"date":"2026-08-23","daynight":"N"}},{"type":"Feature","geometry":{"type":"Point","coordinates":[-79.98758,43.29274]},"properties":{"frp":0.46,"date":"2026-08-23","daynight":"N"}},{"type":"Feature","geometry":{"type":"Point","coordinates":[-79.98418,43.29383]},"properties":{"frp":0.94,"date":"2026-08-23","daynight":"N"}},{"type":"Feature","geometry":{"type":"Point","coordinates":[-93.04112,44.76211]},"properties":{"frp":1.07,"date":"2026-08-23","daynight":"N"}},{"type":"Feature","geometry":{"type":"Point","coordinates":[-93.04016,44.7654]},"properties":{"frp":1.07,"date":"2026-08-23","daynight":"N"}},{"type":"Feature","geometry":{"type":"Point","coordinates":[-83.40298,45.07196]},"properties":{"frp":2.79,"date":"2026-08-23","daynight":"N"}},{"type":"Feature","geometry":{"type":"Point","coordinates":[-92.07695,46.73212]},"properties":{"frp":1.7,"date":"2026-08-23","daynight":"N"}},{"type":"Feature","geometry":{"type":"Point","coordinates":[-102.91397,48.09749]},"properties":{"frp":1.03,"date":"2026-08-23","daynight":"N"}},{"type":"Feature","geometry":{"type":"Point","coordinates":[-103.35934,48.57589]},"properties":{"frp":0.94,"date":"2026-08-23","daynight":"N"}},{"type":"Feature","geometry":{"type":"Point","coordinates":[-103.36426,48.57609]},"properties":{"frp":0.96,"date":"2026-08-23","daynight":"N"}},{"type":"Feature","geometry":{"type":"Point","coordinates":[-103.402,48.58815]},"properties":{"frp":0.54,"date":"2026-08-23","daynight":"N"}},{"type":"Feature","geometry":{"type":"Point","coordinates":[-103.40681,48.58834]},"properties":{"frp":0.54,"date":"2026-08-23","daynight":"N"}},{"type":"Feature","geometry":{"type":"Point","coordinates":[-103.30975,48.63683]},"properties":{"frp":0.78,"date":"2026-08-23","daynight":"N"}},{"type":"Feature","geometry":{"type":"Point","coordinates":[-103.28147,48.7668]},"properties":{"frp":0.51,"date":"2026-08-23","daynight":"N"}},{"type":"Feature","geometry":{"type":"Point","coordinates":[-103.28139,48.76704]},"properties":{"frp":0.6,"date":"2026-08-23","daynight":"N"}},{"type":"Feature","geometry":{"type":"Point","coordinates":[-79.88747,33.01242]},"properties":{"frp":4.0,"date":"2026-08-23","daynight":"N"}},{"type":"Feature","geometry":{"type":"Point","coordinates":[-79.88383,33.01515]},"properties":{"frp":4.18,"date":"2026-08-23","daynight":"N"}},{"type":"Feature","geometry":{"type":"Point","coordinates":[-87.98422,33.82221]},"properties":{"frp":3.43,"date":"2026-08-23","daynight":"N"}},{"type":"Feature","geometry":{"type":"Point","coordinates":[-84.79732,34.2411]},"properties":{"frp":1.08,"date":"2026-08-23","daynight":"N"}},{"type":"Feature","geometry":{"type":"Point","coordinates":[-90.16518,35.04686]},"properties":{"frp":1.11,"date":"2026-08-23","daynight":"N"}},{"type":"Feature","geometry":{"type":"Point","coordinates":[-90.16409,35.05055]},"properties":{"frp":1.11,"date":"2026-08-23","daynight":"N"}},{"type":"Feature","geometry":{"type":"Point","coordinates":[-89.77765,35.89136]},"properties":{"frp":15.3,"date":"2026-08-23","daynight":"N"}},{"type":"Feature","geometry":{"type":"Point","coordinates":[-89.7832,35.89246]},"properties":{"frp":12.49,"date":"2026-08-23","daynight":"N"}},{"type":"Feature","geometry":{"type":"Point","coordinates":[-89.78136,35.89248]},"properties":{"frp":26.72,"date":"2026-08-23","daynight":"N"}},{"type":"Feature","geometry":{"type":"Point","coordinates":[-89.71433,35.93798]},"properties":{"frp":4.18,"date":"2026-08-23","daynight":"N"}},{"type":"Feature","geometry":{"type":"Point","coordinates":[-89.71207,35.94541]},"properties":{"frp":2.65,"date":"2026-08-23","daynight":"N"}},{"type":"Feature","geometry":{"type":"Point","coordinates":[-83.95695,35.98012]},"properties":{"frp":1.08,"date":"2026-08-23","daynight":"N"}},{"type":"Feature","geometry":{"type":"Point","coordinates":[-80.82565,36.61835]},"properties":{"frp":0.28,"date":"2026-08-23","daynight":"N"}},{"type":"Feature","geometry":{"type":"Point","coordinates":[-90.07647,37.96607]},"properties":{"frp":1.98,"date":"2026-08-23","daynight":"N"}},{"type":"Feature","geometry":{"type":"Point","coordinates":[-90.06794,37.97567]},"properties":{"frp":1.07,"date":"2026-08-23","daynight":"N"}},{"type":"Feature","geometry":{"type":"Point","coordinates":[-86.14318,38.00265]},"properties":{"frp":1.34,"date":"2026-08-23","daynight":"N"}},{"type":"Feature","geometry":{"type":"Point","coordinates":[-86.14151,38.00684]},"properties":{"frp":1.34,"date":"2026-08-23","daynight":"N"}},{"type":"Feature","geometry":{"type":"Point","coordinates":[-90.07981,38.00796]},"properties":{"frp":2.64,"date":"2026-08-23","daynight":"N"}},{"type":"Feature","geometry":{"type":"Point","coordinates":[-86.14664,38.00803]},"properties":{"frp":2.6,"date":"2026-08-23","daynight":"N"}},{"type":"Feature","geometry":{"type":"Point","coordinates":[-83.7877,38.3615]},"properties":{"frp":1.4,"date":"2026-08-23","daynight":"N"}},{"type":"Feature","geometry":{"type":"Point","coordinates":[-82.82977,38.59764]},"properties":{"frp":0.87,"date":"2026-08-23","daynight":"N"}},{"type":"Feature","geometry":{"type":"Point","coordinates":[-82.83345,38.59859]},"properties":{"frp":0.87,"date":"2026-08-23","daynight":"N"}},{"type":"Feature","geometry":{"type":"Point","coordinates":[-90.13832,38.69206]},"properties":{"frp":1.5,"date":"2026-08-23","daynight":"N"}},{"type":"Feature","geometry":{"type":"Point","coordinates":[-90.14339,38.69303]},"properties":{"frp":2.03,"date":"2026-08-23","daynight":"N"}},{"type":"Feature","geometry":{"type":"Point","coordinates":[-90.12707,38.69363]},"properties":{"frp":1.2,"date":"2026-08-23","daynight":"N"}},{"type":"Feature","geometry":{"type":"Point","coordinates":[-90.13216,38.69459]},"properties":{"frp":1.42,"date":"2026-08-23","daynight":"N"}},{"type":"Feature","geometry":{"type":"Point","coordinates":[-90.13724,38.69556]},"properties":{"frp":1.42,"date":"2026-08-23","daynight":"N"}},{"type":"Feature","geometry":{"type":"Point","coordinates":[-90.13107,38.69809]},"properties":{"frp":1.42,"date":"2026-08-23","daynight":"N"}},{"type":"Feature","geometry":{"type":"Point","coordinates":[-85.00263,38.76185]},"properties":{"frp":1.79,"date":"2026-08-23","daynight":"N"}},{"type":"Feature","geometry":{"type":"Point","coordinates":[-80.42735,38.77609]},"properties":{"frp":0.61,"date":"2026-08-23","daynight":"N"}},{"type":"Feature","geometry":{"type":"Point","coordinates":[-80.42869,38.77998]},"properties":{"frp":0.65,"date":"2026-08-23","daynight":"N"}},{"type":"Feature","geometry":{"type":"Point","coordinates":[-84.23779,38.83454]},"properties":{"frp":3.51,"date":"2026-08-23","daynight":"N"}},{"type":"Feature","geometry":{"type":"Point","coordinates":[-90.06349,38.83541]},"properties":{"frp":1.48,"date":"2026-08-23","daynight":"N"}},{"type":"Feature","geometry":{"type":"Point","coordinates":[-84.24427,38.83613]},"properties":{"frp":3.51,"date":"2026-08-23","daynight":"N"}},{"type":"Feature","geometry":{"type":"Point","coordinates":[-90.06239,38.83891]},"properties":{"frp":1.48,"date":"2026-08-23","daynight":"N"}},{"type":"Feature","geometry":{"type":"Point","coordinates":[-87.7177,38.98905]},"properties":{"frp":0.64,"date":"2026-08-23","daynight":"N"}},{"type":"Feature","geometry":{"type":"Point","coordinates":[-87.72648,38.99914]},"properties":{"frp":1.6,"date":"2026-08-23","daynight":"N"}},{"type":"Feature","geometry":{"type":"Point","coordinates":[-87.72758,38.99935]},"properties":{"frp":2.61,"date":"2026-08-23","daynight":"N"}},{"type":"Feature","geometry":{"type":"Point","coordinates":[-93.10725,39.32947]},"properties":{"frp":0.96,"date":"2026-08-23","daynight":"N"}},{"type":"Feature","geometry":{"type":"Point","coordinates":[-109.92566,39.36429]},"properties":{"frp":2.9,"date":"2026-08-23","daynight":"N"}},{"type":"Feature","geometry":{"type":"Point","coordinates":[-109.91878,39.36871]},"properties":{"frp":8.85,"date":"2026-08-23","daynight":"N"}},{"type":"Feature","geometry":{"type":"Point","coordinates":[-109.91626,39.37093]},"properties":{"frp":4.42,"date":"2026-08-23","daynight":"N"}},{"type":"Feature","geometry":{"type":"Point","coordinates":[-109.90354,39.37516]},"properties":{"frp":1.74,"date":"2026-08-23","daynight":"N"}},{"type":"Feature","geometry":{"type":"Point","coordinates":[-109.9189,39.37547]},"properties":{"frp":1.74,"date":"2026-08-23","daynight":"N"}},{"type":"Feature","geometry":{"type":"Point","coordinates":[-109.91955,39.37774]},"properties":{"frp":4.42,"date":"2026-08-23","daynight":"N"}},{"type":"Feature","geometry":{"type":"Point","coordinates":[-84.38338,39.4686]},"properties":{"frp":3.05,"date":"2026-08-23","daynight":"N"}},{"type":"Feature","geometry":{"type":"Point","coordinates":[-84.38395,39.46899]},"properties":{"frp":5.69,"date":"2026-08-23","daynight":"N"}},{"type":"Feature","geometry":{"type":"Point","coordinates":[-84.38924,39.47004]},"properties":{"frp":2.51,"date":"2026-08-23","daynight":"N"}},{"type":"Feature","geometry":{"type":"Point","coordinates":[-84.40106,39.47295]},"properties":{"frp":1.13,"date":"2026-08-23","daynight":"N"}},{"type":"Feature","geometry":{"type":"Point","coordinates":[-84.40171,39.47325]},"properties":{"frp":1.63,"date":"2026-08-23","daynight":"N"}},{"type":"Feature","geometry":{"type":"Point","coordinates":[-84.36612,39.479]},"properties":{"frp":1.22,"date":"2026-08-23","daynight":"N"}},{"type":"Feature","geometry":{"type":"Point","coordinates":[-84.36663,39.47946]},"properties":{"frp":1.03,"date":"2026-08-23","daynight":"N"}},{"type":"Feature","geometry":{"type":"Point","coordinates":[-84.36254,39.48788]},"properties":{"frp":1.48,"date":"2026-08-23","daynight":"N"}},{"type":"Feature","geometry":{"type":"Point","coordinates":[-82.14938,39.73153]},"properties":{"frp":0.68,"date":"2026-08-23","daynight":"N"}},{"type":"Feature","geometry":{"type":"Point","coordinates":[-86.48322,39.87715]},"properties":{"frp":1.45,"date":"2026-08-23","daynight":"N"}},{"type":"Feature","geometry":{"type":"Point","coordinates":[-86.48785,39.87818]},"properties":{"frp":1.38,"date":"2026-08-23","daynight":"N"}},{"type":"Feature","geometry":{"type":"Point","coordinates":[-86.83384,39.97592]},"properties":{"frp":2.05,"date":"2026-08-23","daynight":"N"}},{"type":"Feature","geometry":{"type":"Point","coordinates":[-86.83826,39.97689]},"properties":{"frp":2.05,"date":"2026-08-23","daynight":"N"}},{"type":"Feature","geometry":{"type":"Point","coordinates":[-86.83239,39.97982]},"properties":{"frp":2.05,"date":"2026-08-23","daynight":"N"}},{"type":"Feature","geometry":{"type":"Point","coordinates":[-88.46441,40.19651]},"properties":{"frp":0.64,"date":"2026-08-23","daynight":"N"}},{"type":"Feature","geometry":{"type":"Point","coordinates":[-92.18341,40.26142]},"properties":{"frp":0.54,"date":"2026-08-23","daynight":"N"}},{"type":"Feature","geometry":{"type":"Point","coordinates":[-92.18793,40.26218]},"properties":{"frp":0.58,"date":"2026-08-23","daynight":"N"}},{"type":"Feature","geometry":{"type":"Point","coordinates":[-92.18962,40.27279]},"properties":{"frp":0.46,"date":"2026-08-23","daynight":"N"}},{"type":"Feature","geometry":{"type":"Point","coordinates":[-94.36747,40.31475]},"properties":{"frp":2.09,"date":"2026-08-23","daynight":"N"}},{"type":"Feature","geometry":{"type":"Point","coordinates":[-89.9289,40.55289]},"properties":{"frp":1.34,"date":"2026-08-23","daynight":"N"}},{"type":"Feature","geometry":{"type":"Point","coordinates":[-89.92629,40.55366]},"properties":{"frp":1.2,"date":"2026-08-23","daynight":"N"}},{"type":"Feature","geometry":{"type":"Point","coordinates":[-86.43378,40.73255]},"properties":{"frp":0.58,"date":"2026-08-23","daynight":"N"}},{"type":"Feature","geometry":{"type":"Point","coordinates":[-86.43224,40.73645]},"properties":{"frp":0.74,"date":"2026-08-23","daynight":"N"}},{"type":"Feature","geometry":{"type":"Point","coordinates":[-87.3414,40.9264]},"properties":{"frp":1.46,"date":"2026-08-23","daynight":"N"}},{"type":"Feature","geometry":{"type":"Point","coordinates":[-87.34079,40.92804]},"properties":{"frp":1.97,"date":"2026-08-23","daynight":"N"}},{"type":"Feature","geometry":{"type":"Point","coordinates":[-87.86017,41.18211]},"properties":{"frp":4.49,"date":"2026-08-23","daynight":"N"}},{"type":"Feature","geometry":{"type":"Point","coordinates":[-97.27124,27.88618]},"properties":{"frp":0.81,"date":"2026-08-23","daynight":"N"}},{"type":"Feature","geometry":{"type":"Point","coordinates":[-97.27059,27.88947]},"properties":{"frp":1.75,"date":"2026-08-23","daynight":"N"}},{"type":"Feature","geometry":{"type":"Point","coordinates":[-97.44671,28.05661]},"properties":{"frp":1.26,"date":"2026-08-23","daynight":"N"}},{"type":"Feature","geometry":{"type":"Point","coordinates":[-97.43829,28.0587]},"properties":{"frp":4.29,"date":"2026-08-23","daynight":"N"}},{"type":"Feature","geometry":{"type":"Point","coordinates":[-99.20803,28.42379]},"properties":{"frp":1.22,"date":"2026-08-23","daynight":"N"}},{"type":"Feature","geometry":{"type":"Point","coordinates":[-95.32765,28.9228]},"properties":{"frp":5.42,"date":"2026-08-23","daynight":"N"}},{"type":"Feature","geometry":{"type":"Point","coordinates":[-95.33167,28.92348]},"properties":{"frp":5.55,"date":"2026-08-23","daynight":"N"}},{"type":"Feature","geometry":{"type":"Point","coordinates":[-95.33095,28.92681]},"properties":{"frp":5.55,"date":"2026-08-23","daynight":"N"}},{"type":"Feature","geometry":{"type":"Point","coordinates":[-94.90958,29.36844]},"properties":{"frp":2.47,"date":"2026-08-23","daynight":"N"}},{"type":"Feature","geometry":{"type":"Point","coordinates":[-94.92112,29.37387]},"properties":{"frp":3.11,"date":"2026-08-23","daynight":"N"}},{"type":"Feature","geometry":{"type":"Point","coordinates":[-94.93748,29.37666]},"properties":{"frp":2.69,"date":"2026-08-23","daynight":"N"}},{"type":"Feature","geometry":{"type":"Point","coordinates":[-94.94157,29.37735]},"properties":{"frp":1.8,"date":"2026-08-23","daynight":"N"}},{"type":"Feature","geometry":{"type":"Point","coordinates":[-98.03342,29.57518]},"properties":{"frp":3.15,"date":"2026-08-23","daynight":"N"}},{"type":"Feature","geometry":{"type":"Point","coordinates":[-98.03278,29.57852]},"properties":{"frp":3.15,"date":"2026-08-23","daynight":"N"}},{"type":"Feature","geometry":{"type":"Point","coordinates":[-95.05128,29.6236]},"properties":{"frp":0.56,"date":"2026-08-23","daynight":"N"}},{"type":"Feature","geometry":{"type":"Point","coordinates":[-95.12641,29.7399]},"properties":{"frp":2.95,"date":"2026-08-23","daynight":"N"}},{"type":"Feature","geometry":{"type":"Point","coordinates":[-95.12313,29.74162]},"properties":{"frp":2.89,"date":"2026-08-23","daynight":"N"}},{"type":"Feature","geometry":{"type":"Point","coordinates":[-93.87598,29.75595]},"properties":{"frp":1.65,"date":"2026-08-23","daynight":"N"}},{"type":"Feature","geometry":{"type":"Point","coordinates":[-93.88033,29.75674]},"properties":{"frp":1.65,"date":"2026-08-23","daynight":"N"}},{"type":"Feature","geometry":{"type":"Point","coordinates":[-93.87083,29.7586]},"properties":{"frp":1.85,"date":"2026-08-23","daynight":"N"}},{"type":"Feature","geometry":{"type":"Point","coordinates":[-93.82106,29.79622]},"properties":{"frp":6.6,"date":"2026-08-23","daynight":"N"}},{"type":"Feature","geometry":{"type":"Point","coordinates":[-93.82542,29.797]},"properties":{"frp":6.6,"date":"2026-08-23","daynight":"N"}},{"type":"Feature","geometry":{"type":"Point","coordinates":[-93.82462,29.80044]},"properties":{"frp":6.6,"date":"2026-08-23","daynight":"N"}},{"type":"Feature","geometry":{"type":"Point","coordinates":[-92.61882,29.81762]},"properties":{"frp":6.22,"date":"2026-08-23","daynight":"N"}},{"type":"Feature","geometry":{"type":"Point","coordinates":[-92.62366,29.81852]},"properties":{"frp":16.86,"date":"2026-08-23","daynight":"N"}},{"type":"Feature","geometry":{"type":"Point","coordinates":[-92.6285,29.81942]},"properties":{"frp":16.86,"date":"2026-08-23","daynight":"N"}},{"type":"Feature","geometry":{"type":"Point","coordinates":[-92.62761,29.82303]},"properties":{"frp":16.86,"date":"2026-08-23","daynight":"N"}},{"type":"Feature","geometry":{"type":"Point","coordinates":[-92.63245,29.82393]},"properties":{"frp":10.7,"date":"2026-08-23","daynight":"N"}},{"type":"Feature","geometry":{"type":"Point","coordinates":[-92.63156,29.82753]},"properties":{"frp":3.51,"date":"2026-08-23","daynight":"N"}},{"type":"Feature","geometry":{"type":"Point","coordinates":[-93.96119,29.83545]},"properties":{"frp":2.23,"date":"2026-08-23","daynight":"N"}},{"type":"Feature","geometry":{"type":"Point","coordinates":[-93.96551,29.83621]},"properties":{"frp":2.39,"date":"2026-08-23","daynight":"N"}},{"type":"Feature","geometry":{"type":"Point","coordinates":[-92.63503,29.84383]},"properties":{"frp":7.02,"date":"2026-08-23","daynight":"N"}},{"type":"Feature","geometry":{"type":"Point","coordinates":[-92.63985,29.84475]},"properties":{"frp":11.34,"date":"2026-08-23","daynight":"N"}},{"type":"Feature","geometry":{"type":"Point","coordinates":[-92.63193,29.84643]},"properties":{"frp":6.06,"date":"2026-08-23","daynight":"N"}},{"type":"Feature","geometry":{"type":"Point","coordinates":[-92.63676,29.84733]},"properties":{"frp":34.09,"date":"2026-08-23","daynight":"N"}},{"type":"Feature","geometry":{"type":"Point","coordinates":[-92.63414,29.84743]},"properties":{"frp":27.48,"date":"2026-08-23","daynight":"N"}},{"type":"Feature","geometry":{"type":"Point","coordinates":[-92.63896,29.84835]},"properties":{"frp":5.91,"date":"2026-08-23","daynight":"N"}},{"type":"Feature","geometry":{"type":"Point","coordinates":[-90.39576,29.99625]},"properties":{"frp":1.77,"date":"2026-08-23","daynight":"N"}},{"type":"Feature","geometry":{"type":"Point","coordinates":[-90.39466,30.00027]},"properties":{"frp":2.31,"date":"2026-08-23","daynight":"N"}},{"type":"Feature","geometry":{"type":"Point","coordinates":[-90.39877,30.00112]},"properties":{"frp":1.7,"date":"2026-08-23","daynight":"N"}},{"type":"Feature","geometry":{"type":"Point","coordinates":[-90.40289,30.00196]},"properties":{"frp":1.7,"date":"2026-08-23","daynight":"N"}},{"type":"Feature","geometry":{"type":"Point","coordinates":[-90.67059,30.05269]},"properties":{"frp":2.47,"date":"2026-08-23","daynight":"N"}},{"type":"Feature","geometry":{"type":"Point","coordinates":[-93.33411,30.14659]},"properties":{"frp":6.87,"date":"2026-08-23","daynight":"N"}},{"type":"Feature","geometry":{"type":"Point","coordinates":[-90.9878,30.18636]},"properties":{"frp":2.35,"date":"2026-08-23","daynight":"N"}},{"type":"Feature","geometry":{"type":"Point","coordinates":[-90.98848,30.18661]},"properties":{"frp":2.81,"date":"2026-08-23","daynight":"N"}},{"type":"Feature","geometry":{"type":"Point","coordinates":[-91.23627,30.32117]},"properties":{"frp":1.94,"date":"2026-08-23","daynight":"N"}},{"type":"Feature","geometry":{"type":"Point","coordinates":[-91.03312,30.47662]},"properties":{"frp":0.73,"date":"2026-08-23","daynight":"N"}},{"type":"Feature","geometry":{"type":"Point","coordinates":[-91.03875,30.47775]},"properties":{"frp":0.73,"date":"2026-08-23","daynight":"N"}},{"type":"Feature","geometry":{"type":"Point","coordinates":[-91.17799,30.48534]},"properties":{"frp":3.09,"date":"2026-08-23","daynight":"N"}},{"type":"Feature","geometry":{"type":"Point","coordinates":[-109.63178,30.49362]},"properties":{"frp":4.37,"date":"2026-08-23","daynight":"N"}},{"type":"Feature","geometry":{"type":"Point","coordinates":[-109.62865,30.49642]},"properties":{"frp":4.72,"date":"2026-08-23","daynight":"N"}},{"type":"Feature","geometry":{"type":"Point","coordinates":[-109.63451,30.49676]},"properties":{"frp":6.6,"date":"2026-08-23","daynight":"N"}},{"type":"Feature","geometry":{"type":"Point","coordinates":[-91.17494,30.49679]},"properties":{"frp":1.64,"date":"2026-08-23","daynight":"N"}},{"type":"Feature","geometry":{"type":"Point","coordinates":[-109.63139,30.49992]},"properties":{"frp":4.37,"date":"2026-08-23","daynight":"N"}},{"type":"Feature","geometry":{"type":"Point","coordinates":[-91.24323,30.58424]},"properties":{"frp":4.02,"date":"2026-08-23","daynight":"N"}},{"type":"Feature","geometry":{"type":"Point","coordinates":[-88.01609,30.94104]},"properties":{"frp":3.82,"date":"2026-08-23","daynight":"N"}},{"type":"Feature","geometry":{"type":"Point","coordinates":[-88.00934,30.94432]},"properties":{"frp":3.07,"date":"2026-08-23","daynight":"N"}},{"type":"Feature","geometry":{"type":"Point","coordinates":[-87.98601,31.14088]},"properties":{"frp":1.44,"date":"2026-08-23","daynight":"N"}},{"type":"Feature","geometry":{"type":"Point","coordinates":[-87.98466,31.14536]},"properties":{"frp":2.71,"date":"2026-08-23","daynight":"N"}},{"type":"Feature","geometry":{"type":"Point","coordinates":[-87.98869,31.15105]},"properties":{"frp":2.71,"date":"2026-08-23","daynight":"N"}},{"type":"Feature","geometry":{"type":"Point","coordinates":[-87.98196,31.15432]},"properties":{"frp":2.29,"date":"2026-08-23","daynight":"N"}},{"type":"Feature","geometry":{"type":"Point","coordinates":[-103.05334,31.29161]},"properties":{"frp":1.22,"date":"2026-08-23","daynight":"N"}},{"type":"Feature","geometry":{"type":"Point","coordinates":[-103.22411,31.35736]},"properties":{"frp":2.86,"date":"2026-08-23","daynight":"N"}},{"type":"Feature","geometry":{"type":"Point","coordinates":[-101.78185,31.36603]},"properties":{"frp":1.48,"date":"2026-08-23","daynight":"N"}},{"type":"Feature","geometry":{"type":"Point","coordinates":[-102.13325,31.4006]},"properties":{"frp":2.25,"date":"2026-08-23","daynight":"N"}},{"type":"Feature","geometry":{"type":"Point","coordinates":[-101.70571,31.42049]},"properties":{"frp":0.78,"date":"2026-08-23","daynight":"N"}},{"type":"Feature","geometry":{"type":"Point","coordinates":[-101.70665,31.42235]},"properties":{"frp":0.77,"date":"2026-08-23","daynight":"N"}},{"type":"Feature","geometry":{"type":"Point","coordinates":[-103.53011,31.4956]},"properties":{"frp":0.68,"date":"2026-08-23","daynight":"N"}},{"type":"Feature","geometry":{"type":"Point","coordinates":[-101.81821,31.62563]},"properties":{"frp":0.76,"date":"2026-08-23","daynight":"N"}},{"type":"Feature","geometry":{"type":"Point","coordinates":[-101.19752,31.74149]},"properties":{"frp":1.99,"date":"2026-08-23","daynight":"N"}},{"type":"Feature","geometry":{"type":"Point","coordinates":[-103.37694,31.75159]},"properties":{"frp":2.54,"date":"2026-08-23","daynight":"N"}},{"type":"Feature","geometry":{"type":"Point","coordinates":[-103.37629,31.75599]},"properties":{"frp":2.54,"date":"2026-08-23","daynight":"N"}},{"type":"Feature","geometry":{"type":"Point","coordinates":[-91.04788,31.76403]},"properties":{"frp":3.91,"date":"2026-08-23","daynight":"N"}},{"type":"Feature","geometry":{"type":"Point","coordinates":[-91.05331,31.76512]},"properties":{"frp":2.14,"date":"2026-08-23","daynight":"N"}},{"type":"Feature","geometry":{"type":"Point","coordinates":[-102.05299,31.80025]},"properties":{"frp":2.22,"date":"2026-08-23","daynight":"N"}},{"type":"Feature","geometry":{"type":"Point","coordinates":[-101.79584,31.84201]},"properties":{"frp":1.13,"date":"2026-08-23","daynight":"N"}},{"type":"Feature","geometry":{"type":"Point","coordinates":[-102.34982,32.05841]},"properties":{"frp":1.37,"date":"2026-08-23","daynight":"N"}},{"type":"Feature","geometry":{"type":"Point","coordinates":[-102.42988,32.13042]},"properties":{"frp":2.2,"date":"2026-08-23","daynight":"N"}},{"type":"Feature","geometry":{"type":"Point","coordinates":[-102.4344,32.13091]},"properties":{"frp":1.88,"date":"2026-08-23","daynight":"N"}},{"type":"Feature","geometry":{"type":"Point","coordinates":[-102.00032,32.15371]},"properties":{"frp":2.55,"date":"2026-08-23","daynight":"N"}},{"type":"Feature","geometry":{"type":"Point","coordinates":[-101.93099,32.15446]},"properties":{"frp":0.86,"date":"2026-08-23","daynight":"N"}},{"type":"Feature","geometry":{"type":"Point","coordinates":[-101.9997,32.15779]},"properties":{"frp":2.55,"date":"2026-08-23","daynight":"N"}},{"type":"Feature","geometry":{"type":"Point","coordinates":[-102.28702,32.36485]},"properties":{"frp":1.24,"date":"2026-08-23","daynight":"N"}},{"type":"Feature","geometry":{"type":"Point","coordinates":[-101.67373,32.53504]},"properties":{"frp":1.57,"date":"2026-08-23","daynight":"N"}},{"type":"Feature","geometry":{"type":"Point","coordinates":[-103.7898,32.69987]},"properties":{"frp":0.72,"date":"2026-08-23","daynight":"N"}},{"type":"Feature","geometry":{"type":"Point","coordinates":[-105.22517,33.57037]},"properties":{"frp":0.65,"date":"2026-08-23","daynight":"N"}},{"type":"Feature","geometry":{"type":"Point","coordinates":[-105.2375,33.57136]},"properties":{"frp":0.97,"date":"2026-08-23","daynight":"N"}},{"type":"Feature","geometry":{"type":"Point","coordinates":[-93.26401,33.57376]},"properties":{"frp":2.05,"date":"2026-08-23","daynight":"N"}},{"type":"Feature","geometry":{"type":"Point","coordinates":[-93.26492,33.57789]},"properties":{"frp":0.93,"date":"2026-08-23","daynight":"N"}},{"type":"Feature","geometry":{"type":"Point","coordinates":[-98.94746,24.49954]},"properties":{"frp":4.63,"date":"2026-08-23","daynight":"N"}},{"type":"Feature","geometry":{"type":"Point","coordinates":[-98.94678,24.50285]},"properties":{"frp":1.08,"date":"2026-08-23","daynight":"N"}},{"type":"Feature","geometry":{"type":"Point","coordinates":[-99.93824,25.57945]},"properties":{"frp":1.83,"date":"2026-08-23","daynight":"N"}},{"type":"Feature","geometry":{"type":"Point","coordinates":[-99.93697,25.59298]},"properties":{"frp":2.46,"date":"2026-08-23","daynight":"N"}},{"type":"Feature","geometry":{"type":"Point","coordinates":[-100.91702,25.60507]},"properties":{"frp":1.32,"date":"2026-08-23","daynight":"N"}},{"type":"Feature","geometry":{"type":"Point","coordinates":[-100.92149,25.60569]},"properties":{"frp":1.32,"date":"2026-08-23","daynight":"N"}},{"type":"Feature","geometry":{"type":"Point","coordinates":[-103.45049,25.64468]},"properties":{"frp":3.5,"date":"2026-08-23","daynight":"N"}},{"type":"Feature","geometry":{"type":"Point","coordinates":[-99.46126,25.67528]},"properties":{"frp":2.52,"date":"2026-08-23","daynight":"N"}},{"type":"Feature","geometry":{"type":"Point","coordinates":[-100.2971,25.71768]},"properties":{"frp":11.31,"date":"2026-08-23","daynight":"N"}},{"type":"Feature","geometry":{"type":"Point","coordinates":[-100.30501,25.72234]},"properties":{"frp":3.68,"date":"2026-08-23","daynight":"N"}},{"type":"Feature","geometry":{"type":"Point","coordinates":[-100.78107,26.91948]},"properties":{"frp":3.01,"date":"2026-08-23","daynight":"N"}},{"type":"Feature","geometry":{"type":"Point","coordinates":[-100.78585,26.9201]},"properties":{"frp":1.83,"date":"2026-08-23","daynight":"N"}},{"type":"Feature","geometry":{"type":"Point","coordinates":[-115.0884,46.26459]},"properties":{"frp":1.94,"date":"2026-08-23","daynight":"N"}},{"type":"Feature","geometry":{"type":"Point","coordinates":[-115.09335,46.26544]},"properties":{"frp":1.94,"date":"2026-08-23","daynight":"N"}},{"type":"Feature","geometry":{"type":"Point","coordinates":[-115.08239,46.26702]},"properties":{"frp":0.72,"date":"2026-08-23","daynight":"N"}},{"type":"Feature","geometry":{"type":"Point","coordinates":[-115.08732,46.26786]},"properties":{"frp":0.73,"date":"2026-08-23","daynight":"N"}},{"type":"Feature","geometry":{"type":"Point","coordinates":[-115.05467,46.26917]},"properties":{"frp":1.26,"date":"2026-08-23","daynight":"N"}},{"type":"Feature","geometry":{"type":"Point","coordinates":[-115.07627,46.26943]},"properties":{"frp":0.72,"date":"2026-08-23","daynight":"N"}},{"type":"Feature","geometry":{"type":"Point","coordinates":[-115.08127,46.27029]},"properties":{"frp":0.72,"date":"2026-08-23","daynight":"N"}},{"type":"Feature","geometry":{"type":"Point","coordinates":[-115.08624,46.27114]},"properties":{"frp":0.73,"date":"2026-08-23","daynight":"N"}},{"type":"Feature","geometry":{"type":"Point","coordinates":[-115.05348,46.27243]},"properties":{"frp":1.26,"date":"2026-08-23","daynight":"N"}},{"type":"Feature","geometry":{"type":"Point","coordinates":[-115.07512,46.2727]},"properties":{"frp":0.82,"date":"2026-08-23","daynight":"N"}},{"type":"Feature","geometry":{"type":"Point","coordinates":[-115.08018,46.27356]},"properties":{"frp":0.82,"date":"2026-08-23","daynight":"N"}},{"type":"Feature","geometry":{"type":"Point","coordinates":[-115.08517,46.27443]},"properties":{"frp":1.8,"date":"2026-08-23","daynight":"N"}},{"type":"Feature","geometry":{"type":"Point","coordinates":[-115.07907,46.27684]},"properties":{"frp":0.82,"date":"2026-08-23","daynight":"N"}},{"type":"Feature","geometry":{"type":"Point","coordinates":[-115.05505,46.2831]},"properties":{"frp":0.42,"date":"2026-08-23","daynight":"N"}},{"type":"Feature","geometry":{"type":"Point","coordinates":[-115.06017,46.28399]},"properties":{"frp":1.4,"date":"2026-08-23","daynight":"N"}},{"type":"Feature","geometry":{"type":"Point","coordinates":[-115.06532,46.28487]},"properties":{"frp":1.4,"date":"2026-08-23","daynight":"N"}},{"type":"Feature","geometry":{"type":"Point","coordinates":[-115.07041,46.28574]},"properties":{"frp":1.62,"date":"2026-08-23","daynight":"N"}},{"type":"Feature","geometry":{"type":"Point","coordinates":[-115.05896,46.28724]},"properties":{"frp":1.4,"date":"2026-08-23","daynight":"N"}},{"type":"Feature","geometry":{"type":"Point","coordinates":[-115.06406,46.28812]},"properties":{"frp":1.4,"date":"2026-08-23","daynight":"N"}},{"type":"Feature","geometry":{"type":"Point","coordinates":[-115.39438,46.47521]},"properties":{"frp":0.35,"date":"2026-08-23","daynight":"N"}},{"type":"Feature","geometry":{"type":"Point","coordinates":[-115.39949,46.47607]},"properties":{"frp":0.35,"date":"2026-08-23","daynight":"N"}},{"type":"Feature","geometry":{"type":"Point","coordinates":[-115.39322,46.47846]},"properties":{"frp":0.99,"date":"2026-08-23","daynight":"N"}},{"type":"Feature","geometry":{"type":"Point","coordinates":[-115.38705,46.48088]},"properties":{"frp":0.62,"date":"2026-08-23","daynight":"N"}},{"type":"Feature","geometry":{"type":"Point","coordinates":[-115.40848,46.48101]},"properties":{"frp":0.93,"date":"2026-08-23","daynight":"N"}},{"type":"Feature","geometry":{"type":"Point","coordinates":[-115.39203,46.48172]},"properties":{"frp":0.99,"date":"2026-08-23","daynight":"N"}},{"type":"Feature","geometry":{"type":"Point","coordinates":[-115.39087,46.48497]},"properties":{"frp":0.4,"date":"2026-08-23","daynight":"N"}},{"type":"Feature","geometry":{"type":"Point","coordinates":[-115.3959,46.48581]},"properties":{"frp":0.4,"date":"2026-08-23","daynight":"N"}},{"type":"Feature","geometry":{"type":"Point","coordinates":[-115.16973,46.78487]},"properties":{"frp":0.66,"date":"2026-08-23","daynight":"N"}},{"type":"Feature","geometry":{"type":"Point","coordinates":[-115.16347,46.78727]},"properties":{"frp":1.67,"date":"2026-08-23","daynight":"N"}},{"type":"Feature","geometry":{"type":"Point","coordinates":[-115.1685,46.78812]},"properties":{"frp":0.66,"date":"2026-08-23","daynight":"N"}},{"type":"Feature","geometry":{"type":"Point","coordinates":[-115.17355,46.78896]},"properties":{"frp":0.66,"date":"2026-08-23","daynight":"N"}},{"type":"Feature","geometry":{"type":"Point","coordinates":[-115.16021,46.78996]},"properties":{"frp":1.39,"date":"2026-08-23","daynight":"N"}},{"type":"Feature","geometry":{"type":"Point","coordinates":[-115.14893,46.79148]},"properties":{"frp":1.51,"date":"2026-08-23","daynight":"N"}},{"type":"Feature","geometry":{"type":"Point","coordinates":[-115.15401,46.79235]},"properties":{"frp":1.51,"date":"2026-08-23","daynight":"N"}},{"type":"Feature","geometry":{"type":"Point","coordinates":[-115.1752,46.7925]},"properties":{"frp":1.08,"date":"2026-08-23","daynight":"N"}},{"type":"Feature","geometry":{"type":"Point","coordinates":[-115.15907,46.79322]},"properties":{"frp":1.39,"date":"2026-08-23","daynight":"N"}},{"type":"Feature","geometry":{"type":"Point","coordinates":[-115.1801,46.79332]},"properties":{"frp":1.22,"date":"2026-08-23","daynight":"N"}},{"type":"Feature","geometry":{"type":"Point","coordinates":[-115.18501,46.79415]},"properties":{"frp":1.22,"date":"2026-08-23","daynight":"N"}},{"type":"Feature","geometry":{"type":"Point","coordinates":[-115.14774,46.79473]},"properties":{"frp":1.06,"date":"2026-08-23","daynight":"N"}},{"type":"Feature","geometry":{"type":"Point","coordinates":[-115.16907,46.79491]},"properties":{"frp":1.08,"date":"2026-08-23","daynight":"N"}},{"type":"Feature","geometry":{"type":"Point","coordinates":[-115.17396,46.79573]},"properties":{"frp":1.08,"date":"2026-08-23","daynight":"N"}},{"type":"Feature","geometry":{"type":"Point","coordinates":[-115.17882,46.79655]},"properties":{"frp":1.22,"date":"2026-08-23","daynight":"N"}},{"type":"Feature","geometry":{"type":"Point","coordinates":[-115.16295,46.79733]},"properties":{"frp":0.89,"date":"2026-08-23","daynight":"N"}},{"type":"Feature","geometry":{"type":"Point","coordinates":[-115.16785,46.79816]},"properties":{"frp":0.62,"date":"2026-08-23","daynight":"N"}},{"type":"Feature","geometry":{"type":"Point","coordinates":[-115.16176,46.80058]},"properties":{"frp":0.89,"date":"2026-08-23","daynight":"N"}},{"type":"Feature","geometry":{"type":"Point","coordinates":[-115.16669,46.80141]},"properties":{"frp":0.62,"date":"2026-08-23","daynight":"N"}},{"type":"Feature","geometry":{"type":"Point","coordinates":[-115.22947,46.80166]},"properties":{"frp":1.24,"date":"2026-08-23","daynight":"N"}},{"type":"Feature","geometry":{"type":"Point","coordinates":[-115.15554,46.80297]},"properties":{"frp":1.22,"date":"2026-08-23","daynight":"N"}},{"type":"Feature","geometry":{"type":"Point","coordinates":[-115.16058,46.80383]},"properties":{"frp":1.22,"date":"2026-08-23","daynight":"N"}},{"type":"Feature","geometry":{"type":"Point","coordinates":[-115.16551,46.80466]},"properties":{"frp":0.89,"date":"2026-08-23","daynight":"N"}},{"type":"Feature","geometry":{"type":"Point","coordinates":[-115.22838,46.80493]},"properties":{"frp":1.24,"date":"2026-08-23","daynight":"N"}},{"type":"Feature","geometry":{"type":"Point","coordinates":[-115.22737,46.80822]},"properties":{"frp":0.62,"date":"2026-08-23","daynight":"N"}},{"type":"Feature","geometry":{"type":"Point","coordinates":[-115.23026,46.81562]},"properties":{"frp":1.11,"date":"2026-08-23","daynight":"N"}},{"type":"Feature","geometry":{"type":"Point","coordinates":[-115.22909,46.81887]},"properties":{"frp":1.11,"date":"2026-08-23","daynight":"N"}},{"type":"Feature","geometry":{"type":"Point","coordinates":[-115.22166,46.82451]},"properties":{"frp":0.76,"date":"2026-08-23","daynight":"N"}},{"type":"Feature","geometry":{"type":"Point","coordinates":[-115.19804,46.83087]},"properties":{"frp":2.01,"date":"2026-08-23","daynight":"N"}},{"type":"Feature","geometry":{"type":"Point","coordinates":[-121.15145,47.38426]},"properties":{"frp":4.43,"date":"2026-08-23","daynight":"N"}},{"type":"Feature","geometry":{"type":"Point","coordinates":[-121.15778,47.38498]},"properties":{"frp":4.43,"date":"2026-08-23","daynight":"N"}},{"type":"Feature","geometry":{"type":"Point","coordinates":[-121.15003,47.38784]},"properties":{"frp":4.43,"date":"2026-08-23","daynight":"N"}},{"type":"Feature","geometry":{"type":"Point","coordinates":[-121.15657,47.38858]},"properties":{"frp":4.43,"date":"2026-08-23","daynight":"N"}},{"type":"Feature","geometry":{"type":"Point","coordinates":[-121.16272,47.38928]},"properties":{"frp":1.35,"date":"2026-08-23","daynight":"N"}},{"type":"Feature","geometry":{"type":"Point","coordinates":[-121.14886,47.39144]},"properties":{"frp":2.9,"date":"2026-08-23","daynight":"N"}},{"type":"Feature","geometry":{"type":"Point","coordinates":[-121.15562,47.39221]},"properties":{"frp":2.9,"date":"2026-08-23","daynight":"N"}},{"type":"Feature","geometry":{"type":"Point","coordinates":[-121.17492,47.39816]},"properties":{"frp":2.27,"date":"2026-08-23","daynight":"N"}},{"type":"Feature","geometry":{"type":"Point","coordinates":[-121.18118,47.39887]},"properties":{"frp":2.27,"date":"2026-08-23","daynight":"N"}},{"type":"Feature","geometry":{"type":"Point","coordinates":[-121.17439,47.40185]},"properties":{"frp":1.45,"date":"2026-08-23","daynight":"N"}},{"type":"Feature","geometry":{"type":"Point","coordinates":[-121.18043,47.40253]},"properties":{"frp":1.45,"date":"2026-08-23","daynight":"N"}},{"type":"Feature","geometry":{"type":"Point","coordinates":[-121.17953,47.40618]},"properties":{"frp":1.45,"date":"2026-08-23","daynight":"N"}},{"type":"Feature","geometry":{"type":"Point","coordinates":[-121.17869,47.40983]},"properties":{"frp":2.15,"date":"2026-08-23","daynight":"N"}},{"type":"Feature","geometry":{"type":"Point","coordinates":[-121.18353,47.41342]},"properties":{"frp":2.25,"date":"2026-08-23","daynight":"N"}},{"type":"Feature","geometry":{"type":"Point","coordinates":[-121.19003,47.41413]},"properties":{"frp":2.0,"date":"2026-08-23","daynight":"N"}},{"type":"Feature","geometry":{"type":"Point","coordinates":[-121.1842,47.41421]},"properties":{"frp":1.8,"date":"2026-08-23","daynight":"N"}},{"type":"Feature","geometry":{"type":"Point","coordinates":[-121.19071,47.41495]},"properties":{"frp":1.8,"date":"2026-08-23","daynight":"N"}},{"type":"Feature","geometry":{"type":"Point","coordinates":[-113.09837,47.42432]},"properties":{"frp":3.13,"date":"2026-08-23","daynight":"N"}},{"type":"Feature","geometry":{"type":"Point","coordinates":[-113.10371,47.42532]},"properties":{"frp":3.13,"date":"2026-08-23","daynight":"N"}},{"type":"Feature","geometry":{"type":"Point","coordinates":[-113.10899,47.42631]},"properties":{"frp":0.9,"date":"2026-08-23","daynight":"N"}},{"type":"Feature","geometry":{"type":"Point","coordinates":[-113.09718,47.42769]},"properties":{"frp":3.13,"date":"2026-08-23","daynight":"N"}},{"type":"Feature","geometry":{"type":"Point","coordinates":[-113.10251,47.42868]},"properties":{"frp":3.13,"date":"2026-08-23","daynight":"N"}},{"type":"Feature","geometry":{"type":"Point","coordinates":[-113.10131,47.43204]},"properties":{"frp":0.43,"date":"2026-08-23","daynight":"N"}},{"type":"Feature","geometry":{"type":"Point","coordinates":[-121.05758,47.4554]},"properties":{"frp":0.75,"date":"2026-08-23","daynight":"N"}},{"type":"Feature","geometry":{"type":"Point","coordinates":[-121.0563,47.45899]},"properties":{"frp":1.71,"date":"2026-08-23","daynight":"N"}},{"type":"Feature","geometry":{"type":"Point","coordinates":[-121.27008,47.46049]},"properties":{"frp":1.56,"date":"2026-08-23","daynight":"N"}},{"type":"Feature","geometry":{"type":"Point","coordinates":[-121.26942,47.46418]},"properties":{"frp":1.56,"date":"2026-08-23","daynight":"N"}},{"type":"Feature","geometry":{"type":"Point","coordinates":[-121.23727,47.46436]},"properties":{"frp":9.51,"date":"2026-08-23","daynight":"N"}},{"type":"Feature","geometry":{"type":"Point","coordinates":[-121.25069,47.46585]},"properties":{"frp":3.26,"date":"2026-08-23","daynight":"N"}},{"type":"Feature","geometry":{"type":"Point","coordinates":[-121.23663,47.46804]},"properties":{"frp":9.51,"date":"2026-08-23","daynight":"N"}},{"type":"Feature","geometry":{"type":"Point","coordinates":[-121.24297,47.46875]},"properties":{"frp":3.26,"date":"2026-08-23","daynight":"N"}},{"type":"Feature","geometry":{"type":"Point","coordinates":[-121.24968,47.4695]},"properties":{"frp":3.26,"date":"2026-08-23","daynight":"N"}},{"type":"Feature","geometry":{"type":"Point","coordinates":[-121.25623,47.47023]},"properties":{"frp":1.44,"date":"2026-08-23","daynight":"N"}},{"type":"Feature","geometry":{"type":"Point","coordinates":[-121.23594,47.47173]},"properties":{"frp":2.58,"date":"2026-08-23","daynight":"N"}},{"type":"Feature","geometry":{"type":"Point","coordinates":[-121.2422,47.47242]},"properties":{"frp":3.65,"date":"2026-08-23","daynight":"N"}},{"type":"Feature","geometry":{"type":"Point","coordinates":[-121.24878,47.47316]},"properties":{"frp":3.65,"date":"2026-08-23","daynight":"N"}},{"type":"Feature","geometry":{"type":"Point","coordinates":[-121.25538,47.47389]},"properties":{"frp":1.83,"date":"2026-08-23","daynight":"N"}},{"type":"Feature","geometry":{"type":"Point","coordinates":[-121.24152,47.4761]},"properties":{"frp":3.65,"date":"2026-08-23","daynight":"N"}},{"type":"Feature","geometry":{"type":"Point","coordinates":[-120.37695,47.8378]},"properties":{"frp":0.57,"date":"2026-08-23","daynight":"N"}},{"type":"Feature","geometry":{"type":"Point","coordinates":[-120.55239,47.84751]},"properties":{"frp":39.85,"date":"2026-08-23","daynight":"N"}},{"type":"Feature","geometry":{"type":"Point","coordinates":[-120.55804,47.84817]},"properties":{"frp":39.85,"date":"2026-08-23","daynight":"N"}},{"type":"Feature","geometry":{"type":"Point","coordinates":[-120.54011,47.84975]},"properties":{"frp":9.34,"date":"2026-08-23","daynight":"N"}},{"type":"Feature","geometry":{"type":"Point","coordinates":[-120.35944,47.85036]},"properties":{"frp":0.64,"date":"2026-08-23","daynight":"N"}},{"type":"Feature","geometry":{"type":"Point","coordinates":[-120.54617,47.85046]},"properties":{"frp":9.34,"date":"2026-08-23","daynight":"N"}},{"type":"Feature","geometry":{"type":"Point","coordinates":[-120.5517,47.85112]},"properties":{"frp":39.85,"date":"2026-08-23","daynight":"N"}},{"type":"Feature","geometry":{"type":"Point","coordinates":[-120.55732,47.85178]},"properties":{"frp":39.85,"date":"2026-08-23","daynight":"N"}},{"type":"Feature","geometry":{"type":"Point","coordinates":[-120.56313,47.85246]},"properties":{"frp":5.32,"date":"2026-08-23","daynight":"N"}},{"type":"Feature","geometry":{"type":"Point","coordinates":[-120.35162,47.85309]},"properties":{"frp":3.22,"date":"2026-08-23","daynight":"N"}},{"type":"Feature","geometry":{"type":"Point","coordinates":[-120.56924,47.85317]},"properties":{"frp":5.32,"date":"2026-08-23","daynight":"N"}},{"type":"Feature","geometry":{"type":"Point","coordinates":[-120.57538,47.85389]},"properties":{"frp":2.58,"date":"2026-08-23","daynight":"N"}},{"type":"Feature","geometry":{"type":"Point","coordinates":[-120.5453,47.85404]},"properties":{"frp":3.24,"date":"2026-08-23","daynight":"N"}},{"type":"Feature","geometry":{"type":"Point","coordinates":[-120.58141,47.8546]},"properties":{"frp":2.58,"date":"2026-08-23","daynight":"N"}},{"type":"Feature","geometry":{"type":"Point","coordinates":[-120.55103,47.85472]},"properties":{"frp":12.03,"date":"2026-08-23","daynight":"N"}},{"type":"Feature","geometry":{"type":"Point","coordinates":[-120.55659,47.85538]},"properties":{"frp":12.03,"date":"2026-08-23","daynight":"N"}},{"type":"Feature","geometry":{"type":"Point","coordinates":[-120.56233,47.85605]},"properties":{"frp":4.16,"date":"2026-08-23","daynight":"N"}},{"type":"Feature","geometry":{"type":"Point","coordinates":[-120.35075,47.85665]},"properties":{"frp":3.22,"date":"2026-08-23","daynight":"N"}},{"type":"Feature","geometry":{"type":"Point","coordinates":[-120.56826,47.85675]},"properties":{"frp":4.16,"date":"2026-08-23","daynight":"N"}},{"type":"Feature","geometry":{"type":"Point","coordinates":[-120.57429,47.85745]},"properties":{"frp":1.63,"date":"2026-08-23","daynight":"N"}},{"type":"Feature","geometry":{"type":"Point","coordinates":[-120.3576,47.85748]},"properties":{"frp":3.22,"date":"2026-08-23","daynight":"N"}},{"type":"Feature","geometry":{"type":"Point","coordinates":[-120.58031,47.85815]},"properties":{"frp":1.63,"date":"2026-08-23","daynight":"N"}},{"type":"Feature","geometry":{"type":"Point","coordinates":[-120.36411,47.85826]},"properties":{"frp":2.29,"date":"2026-08-23","daynight":"N"}},{"type":"Feature","geometry":{"type":"Point","coordinates":[-120.35102,47.85847]},"properties":{"frp":5.28,"date":"2026-08-23","daynight":"N"}},{"type":"Feature","geometry":{"type":"Point","coordinates":[-120.46105,47.85881]},"properties":{"frp":1.86,"date":"2026-08-23","daynight":"N"}},{"type":"Feature","geometry":{"type":"Point","coordinates":[-120.35786,47.85925]},"properties":{"frp":1.88,"date":"2026-08-23","daynight":"N"}},{"type":"Feature","geometry":{"type":"Point","coordinates":[-120.36427,47.85999]},"properties":{"frp":1.88,"date":"2026-08-23","daynight":"N"}},{"type":"Feature","geometry":{"type":"Point","coordinates":[-120.37008,47.86067]},"properties":{"frp":1.66,"date":"2026-08-23","daynight":"N"}},{"type":"Feature","geometry":{"type":"Point","coordinates":[-120.36898,47.86251]},"properties":{"frp":2.61,"date":"2026-08-23","daynight":"N"}},{"type":"Feature","geometry":{"type":"Point","coordinates":[-120.37468,47.86319]},"properties":{"frp":1.21,"date":"2026-08-23","daynight":"N"}},{"type":"Feature","geometry":{"type":"Point","coordinates":[-120.36893,47.8642]},"properties":{"frp":1.66,"date":"2026-08-23","daynight":"N"}},{"type":"Feature","geometry":{"type":"Point","coordinates":[-120.37463,47.86487]},"properties":{"frp":1.66,"date":"2026-08-23","daynight":"N"}},{"type":"Feature","geometry":{"type":"Point","coordinates":[-120.36771,47.86602]},"properties":{"frp":2.61,"date":"2026-08-23","daynight":"N"}},{"type":"Feature","geometry":{"type":"Point","coordinates":[-120.37333,47.86669]},"properties":{"frp":1.21,"date":"2026-08-23","daynight":"N"}},{"type":"Feature","geometry":{"type":"Point","coordinates":[-120.36761,47.86772]},"properties":{"frp":3.53,"date":"2026-08-23","daynight":"N"}},{"type":"Feature","geometry":{"type":"Point","coordinates":[-120.37323,47.86838]},"properties":{"frp":3.53,"date":"2026-08-23","daynight":"N"}},{"type":"Feature","geometry":{"type":"Point","coordinates":[-120.37928,47.86909]},"properties":{"frp":0.77,"date":"2026-08-23","daynight":"N"}},{"type":"Feature","geometry":{"type":"Point","coordinates":[-120.38551,47.86981]},"properties":{"frp":0.77,"date":"2026-08-23","daynight":"N"}},{"type":"Feature","geometry":{"type":"Point","coordinates":[-120.37192,47.8719]},"properties":{"frp":3.53,"date":"2026-08-23","daynight":"N"}},{"type":"Feature","geometry":{"type":"Point","coordinates":[-120.37807,47.87262]},"properties":{"frp":0.77,"date":"2026-08-23","daynight":"N"}},{"type":"Feature","geometry":{"type":"Point","coordinates":[-120.38446,47.87335]},"properties":{"frp":0.77,"date":"2026-08-23","daynight":"N"}},{"type":"Feature","geometry":{"type":"Point","coordinates":[-120.37074,47.87543]},"properties":{"frp":1.62,"date":"2026-08-23","daynight":"N"}},{"type":"Feature","geometry":{"type":"Point","coordinates":[-120.37694,47.87614]},"properties":{"frp":0.7,"date":"2026-08-23","daynight":"N"}},{"type":"Feature","geometry":{"type":"Point","coordinates":[-120.38332,47.87689]},"properties":{"frp":0.7,"date":"2026-08-23","daynight":"N"}},{"type":"Feature","geometry":{"type":"Point","coordinates":[-120.38985,47.87764]},"properties":{"frp":0.98,"date":"2026-08-23","daynight":"N"}},{"type":"Feature","geometry":{"type":"Point","coordinates":[-120.3965,47.87841]},"properties":{"frp":0.98,"date":"2026-08-23","daynight":"N"}},{"type":"Feature","geometry":{"type":"Point","coordinates":[-120.389,47.88121]},"properties":{"frp":0.98,"date":"2026-08-23","daynight":"N"}},{"type":"Feature","geometry":{"type":"Point","coordinates":[-120.3867,47.89194]},"properties":{"frp":1.01,"date":"2026-08-23","daynight":"N"}},{"type":"Feature","geometry":{"type":"Point","coordinates":[-120.39972,47.89346]},"properties":{"frp":1.11,"date":"2026-08-23","daynight":"N"}},{"type":"Feature","geometry":{"type":"Point","coordinates":[-120.3856,47.89548]},"properties":{"frp":1.01,"date":"2026-08-23","daynight":"N"}},{"type":"Feature","geometry":{"type":"Point","coordinates":[-120.39863,47.897]},"properties":{"frp":1.11,"date":"2026-08-23","daynight":"N"}},{"type":"Feature","geometry":{"type":"Point","coordinates":[-120.40482,47.89772]},"properties":{"frp":1.11,"date":"2026-08-23","daynight":"N"}},{"type":"Feature","geometry":{"type":"Point","coordinates":[-120.38823,47.9068]},"properties":{"frp":1.1,"date":"2026-08-23","daynight":"N"}},{"type":"Feature","geometry":{"type":"Point","coordinates":[-120.3945,47.90754]},"properties":{"frp":1.45,"date":"2026-08-23","daynight":"N"}},{"type":"Feature","geometry":{"type":"Point","coordinates":[-120.61136,47.91063]},"properties":{"frp":1.96,"date":"2026-08-23","daynight":"N"}},{"type":"Feature","geometry":{"type":"Point","coordinates":[-120.39291,47.91102]},"properties":{"frp":1.45,"date":"2026-08-23","daynight":"N"}},{"type":"Feature","geometry":{"type":"Point","coordinates":[-120.39925,47.91176]},"properties":{"frp":1.45,"date":"2026-08-23","daynight":"N"}},{"type":"Feature","geometry":{"type":"Point","coordinates":[-120.3914,47.91452]},"properties":{"frp":2.2,"date":"2026-08-23","daynight":"N"}},{"type":"Feature","geometry":{"type":"Point","coordinates":[-120.39796,47.91528]},"properties":{"frp":2.2,"date":"2026-08-23","daynight":"N"}},{"type":"Feature","geometry":{"type":"Point","coordinates":[-120.38983,47.918]},"properties":{"frp":2.2,"date":"2026-08-23","daynight":"N"}},{"type":"Feature","geometry":{"type":"Point","coordinates":[-120.39674,47.91881]},"properties":{"frp":2.2,"date":"2026-08-23","daynight":"N"}},{"type":"Feature","geometry":{"type":"Point","coordinates":[-120.39521,47.92231]},"properties":{"frp":0.86,"date":"2026-08-23","daynight":"N"}},{"type":"Feature","geometry":{"type":"Point","coordinates":[-120.5961,47.98644]},"properties":{"frp":2.63,"date":"2026-08-23","daynight":"N"}},{"type":"Feature","geometry":{"type":"Point","coordinates":[-120.3561,47.99287]},"properties":{"frp":0.68,"date":"2026-08-23","daynight":"N"}},{"type":"Feature","geometry":{"type":"Point","coordinates":[-120.34976,47.99578]},"properties":{"frp":6.76,"date":"2026-08-23","daynight":"N"}},{"type":"Feature","geometry":{"type":"Point","coordinates":[-120.35529,47.99644]},"properties":{"frp":6.76,"date":"2026-08-23","daynight":"N"}},{"type":"Feature","geometry":{"type":"Point","coordinates":[-120.36101,47.9971]},"properties":{"frp":2.13,"date":"2026-08-23","daynight":"N"}},{"type":"Feature","geometry":{"type":"Point","coordinates":[-120.63835,48.01799]},"properties":{"frp":0.96,"date":"2026-08-23","daynight":"N"}},{"type":"Feature","geometry":{"type":"Point","coordinates":[-120.61616,48.0377]},"properties":{"frp":3.77,"date":"2026-08-23","daynight":"N"}},{"type":"Feature","geometry":{"type":"Point","coordinates":[-120.62202,48.03837]},"properties":{"frp":3.77,"date":"2026-08-23","daynight":"N"}},{"type":"Feature","geometry":{"type":"Point","coordinates":[-120.62105,48.04196]},"properties":{"frp":0.61,"date":"2026-08-23","daynight":"N"}},{"type":"Feature","geometry":{"type":"Point","coordinates":[-120.63189,48.04691]},"properties":{"frp":2.16,"date":"2026-08-23","daynight":"N"}},{"type":"Feature","geometry":{"type":"Point","coordinates":[-120.6164,48.06362]},"properties":{"frp":1.48,"date":"2026-08-23","daynight":"N"}},{"type":"Feature","geometry":{"type":"Point","coordinates":[-120.60977,48.08136]},"properties":{"frp":1.47,"date":"2026-08-23","daynight":"N"}},{"type":"Feature","geometry":{"type":"Point","coordinates":[-120.60208,48.08416]},"properties":{"frp":1.49,"date":"2026-08-23","daynight":"N"}},{"type":"Feature","geometry":{"type":"Point","coordinates":[-120.60841,48.08489]},"properties":{"frp":1.49,"date":"2026-08-23","daynight":"N"}},{"type":"Feature","geometry":{"type":"Point","coordinates":[-115.06183,48.14706]},"properties":{"frp":0.9,"date":"2026-08-23","daynight":"N"}},{"type":"Feature","geometry":{"type":"Point","coordinates":[-115.07687,48.14954]},"properties":{"frp":0.63,"date":"2026-08-23","daynight":"N"}},{"type":"Feature","geometry":{"type":"Point","coordinates":[-115.06059,48.1503]},"properties":{"frp":0.67,"date":"2026-08-23","daynight":"N"}},{"type":"Feature","geometry":{"type":"Point","coordinates":[-115.08189,48.15037]},"properties":{"frp":0.73,"date":"2026-08-23","daynight":"N"}},{"type":"Feature","geometry":{"type":"Point","coordinates":[-115.0869,48.1512]},"properties":{"frp":0.73,"date":"2026-08-23","daynight":"N"}},{"type":"Feature","geometry":{"type":"Point","coordinates":[-115.05932,48.15353]},"properties":{"frp":0.67,"date":"2026-08-23","daynight":"N"}},{"type":"Feature","geometry":{"type":"Point","coordinates":[-115.0807,48.15361]},"properties":{"frp":0.72,"date":"2026-08-23","daynight":"N"}},{"type":"Feature","geometry":{"type":"Point","coordinates":[-115.08571,48.15444]},"properties":{"frp":0.72,"date":"2026-08-23","daynight":"N"}},{"type":"Feature","geometry":{"type":"Point","coordinates":[-115.09072,48.15527]},"properties":{"frp":0.51,"date":"2026-08-23","daynight":"N"}},{"type":"Feature","geometry":{"type":"Point","coordinates":[-115.06564,48.16489]},"properties":{"frp":0.44,"date":"2026-08-23","daynight":"N"}},{"type":"Feature","geometry":{"type":"Point","coordinates":[-120.81812,48.32871]},"properties":{"frp":1.18,"date":"2026-08-23","daynight":"N"}},{"type":"Feature","geometry":{"type":"Point","coordinates":[-120.82639,48.32965]},"properties":{"frp":2.32,"date":"2026-08-23","daynight":"N"}},{"type":"Feature","geometry":{"type":"Point","coordinates":[-120.83378,48.3305]},"properties":{"frp":2.32,"date":"2026-08-23","daynight":"N"}},{"type":"Feature","geometry":{"type":"Point","coordinates":[-120.81722,48.33234]},"properties":{"frp":4.28,"date":"2026-08-23","daynight":"N"}},{"type":"Feature","geometry":{"type":"Point","coordinates":[-120.82531,48.33327]},"properties":{"frp":10.17,"date":"2026-08-23","daynight":"N"}},{"type":"Feature","geometry":{"type":"Point","coordinates":[-120.8329,48.33413]},"properties":{"frp":10.17,"date":"2026-08-23","daynight":"N"}},{"type":"Feature","geometry":{"type":"Point","coordinates":[-120.81639,48.33598]},"properties":{"frp":4.28,"date":"2026-08-23","daynight":"N"}},{"type":"Feature","geometry":{"type":"Point","coordinates":[-120.82424,48.33689]},"properties":{"frp":10.17,"date":"2026-08-23","daynight":"N"}},{"type":"Feature","geometry":{"type":"Point","coordinates":[-120.83202,48.33778]},"properties":{"frp":10.17,"date":"2026-08-23","daynight":"N"}},{"type":"Feature","geometry":{"type":"Point","coordinates":[-120.80796,48.33875]},"properties":{"frp":1.12,"date":"2026-08-23","daynight":"N"}},{"type":"Feature","geometry":{"type":"Point","coordinates":[-120.81534,48.3396]},"properties":{"frp":1.12,"date":"2026-08-23","daynight":"N"}},{"type":"Feature","geometry":{"type":"Point","coordinates":[-120.82305,48.34048]},"properties":{"frp":0.92,"date":"2026-08-23","daynight":"N"}},{"type":"Feature","geometry":{"type":"Point","coordinates":[-120.83103,48.3414]},"properties":{"frp":0.92,"date":"2026-08-23","daynight":"N"}},{"type":"Feature","geometry":{"type":"Point","coordinates":[-120.81413,48.34266]},"properties":{"frp":0.97,"date":"2026-08-23","daynight":"N"}},{"type":"Feature","geometry":{"type":"Point","coordinates":[-120.81406,48.34319]},"properties":{"frp":1.12,"date":"2026-08-23","daynight":"N"}},{"type":"Feature","geometry":{"type":"Point","coordinates":[-120.82182,48.34349]},"properties":{"frp":0.97,"date":"2026-08-23","daynight":"N"}},{"type":"Feature","geometry":{"type":"Point","coordinates":[-120.82175,48.34407]},"properties":{"frp":0.92,"date":"2026-08-23","daynight":"N"}},{"type":"Feature","geometry":{"type":"Point","coordinates":[-120.83015,48.34438]},"properties":{"frp":1.29,"date":"2026-08-23","daynight":"N"}},{"type":"Feature","geometry":{"type":"Point","coordinates":[-120.83006,48.34503]},"properties":{"frp":0.92,"date":"2026-08-23","daynight":"N"}},{"type":"Feature","geometry":{"type":"Point","coordinates":[-120.8208,48.34711]},"properties":{"frp":0.97,"date":"2026-08-23","daynight":"N"}},{"type":"Feature","geometry":{"type":"Point","coordinates":[-120.8208,48.3477]},"properties":{"frp":1.45,"date":"2026-08-23","daynight":"N"}},{"type":"Feature","geometry":{"type":"Point","coordinates":[-120.82939,48.34803]},"properties":{"frp":1.29,"date":"2026-08-23","daynight":"N"}},{"type":"Feature","geometry":{"type":"Point","coordinates":[-120.82938,48.3487]},"properties":{"frp":1.45,"date":"2026-08-23","daynight":"N"}},{"type":"Feature","geometry":{"type":"Point","coordinates":[-120.82024,48.35078]},"properties":{"frp":0.71,"date":"2026-08-23","daynight":"N"}},{"type":"Feature","geometry":{"type":"Point","coordinates":[-114.68638,48.51167]},"properties":{"frp":6.4,"date":"2026-08-23","daynight":"N"}},{"type":"Feature","geometry":{"type":"Point","coordinates":[-114.68509,48.5149]},"properties":{"frp":1.81,"date":"2026-08-23","daynight":"N"}},{"type":"Feature","geometry":{"type":"Point","coordinates":[-116.66089,48.6279]},"properties":{"frp":0.85,"date":"2026-08-23","daynight":"N"}},{"type":"Feature","geometry":{"type":"Point","coordinates":[-116.56768,48.90456]},"properties":{"frp":1.79,"date":"2026-08-23","daynight":"N"}},{"type":"Feature","geometry":{"type":"Point","coordinates":[-116.56669,48.90784]},"properties":{"frp":2.36,"date":"2026-08-23","daynight":"N"}},{"type":"Feature","geometry":{"type":"Point","coordinates":[-119.9873,49.58537]},"properties":{"frp":0.77,"date":"2026-08-23","daynight":"N"}},{"type":"Feature","geometry":{"type":"Point","coordinates":[-119.98648,49.58897]},"properties":{"frp":2.3,"date":"2026-08-23","daynight":"N"}},{"type":"Feature","geometry":{"type":"Point","coordinates":[-119.98553,49.59255]},"properties":{"frp":2.3,"date":"2026-08-23","daynight":"N"}},{"type":"Feature","geometry":{"type":"Point","coordinates":[-119.95859,49.59681]},"properties":{"frp":1.77,"date":"2026-08-23","daynight":"N"}},{"type":"Feature","geometry":{"type":"Point","coordinates":[-119.97118,49.59827]},"properties":{"frp":1.96,"date":"2026-08-23","daynight":"N"}},{"type":"Feature","geometry":{"type":"Point","coordinates":[-119.9641,49.60114]},"properties":{"frp":3.73,"date":"2026-08-23","daynight":"N"}},{"type":"Feature","geometry":{"type":"Point","coordinates":[-119.97034,49.60186]},"properties":{"frp":1.54,"date":"2026-08-23","daynight":"N"}},{"type":"Feature","geometry":{"type":"Point","coordinates":[-119.97646,49.60257]},"properties":{"frp":1.54,"date":"2026-08-23","daynight":"N"}},{"type":"Feature","geometry":{"type":"Point","coordinates":[-119.97544,49.60614]},"properties":{"frp":1.54,"date":"2026-08-23","daynight":"N"}},{"type":"Feature","geometry":{"type":"Point","coordinates":[-109.90912,39.36533]},"properties":{"frp":2.76,"date":"2026-08-23","daynight":"N"}},{"type":"Feature","geometry":{"type":"Point","coordinates":[-109.90808,39.36562]},"properties":{"frp":5.9,"date":"2026-08-23","daynight":"N"}},{"type":"Feature","geometry":{"type":"Point","coordinates":[-109.91476,39.36668]},"properties":{"frp":3.86,"date":"2026-08-23","daynight":"N"}},{"type":"Feature","geometry":{"type":"Point","coordinates":[-109.91395,39.36706]},"properties":{"frp":5.9,"date":"2026-08-23","daynight":"N"}},{"type":"Feature","geometry":{"type":"Point","coordinates":[-109.91927,39.36776]},"properties":{"frp":3.86,"date":"2026-08-23","daynight":"N"}},{"type":"Feature","geometry":{"type":"Point","coordinates":[-109.91854,39.36818]},"properties":{"frp":4.43,"date":"2026-08-23","daynight":"N"}},{"type":"Feature","geometry":{"type":"Point","coordinates":[-109.90866,39.37005]},"properties":{"frp":2.76,"date":"2026-08-23","daynight":"N"}},{"type":"Feature","geometry":{"type":"Point","coordinates":[-109.90765,39.37036]},"properties":{"frp":0.74,"date":"2026-08-23","daynight":"N"}},{"type":"Feature","geometry":{"type":"Point","coordinates":[-109.91388,39.3713]},"properties":{"frp":3.86,"date":"2026-08-23","daynight":"N"}},{"type":"Feature","geometry":{"type":"Point","coordinates":[-109.91299,39.37166]},"properties":{"frp":0.74,"date":"2026-08-23","daynight":"N"}},{"type":"Feature","geometry":{"type":"Point","coordinates":[-109.92647,39.37914]},"properties":{"frp":1.7,"date":"2026-08-23","daynight":"N"}},{"type":"Feature","geometry":{"type":"Point","coordinates":[-109.92537,39.37952]},"properties":{"frp":1.92,"date":"2026-08-23","daynight":"N"}},{"type":"Feature","geometry":{"type":"Point","coordinates":[-109.90263,39.38366]},"properties":{"frp":1.89,"date":"2026-08-23","daynight":"N"}},{"type":"Feature","geometry":{"type":"Point","coordinates":[-109.90078,39.38805]},"properties":{"frp":1.47,"date":"2026-08-23","daynight":"N"}},{"type":"Feature","geometry":{"type":"Point","coordinates":[-109.90551,39.3892]},"properties":{"frp":1.47,"date":"2026-08-23","daynight":"N"}},{"type":"Feature","geometry":{"type":"Point","coordinates":[-109.88913,39.39005]},"properties":{"frp":1.43,"date":"2026-08-23","daynight":"N"}},{"type":"Feature","geometry":{"type":"Point","coordinates":[-109.91051,39.39042]},"properties":{"frp":1.96,"date":"2026-08-23","daynight":"N"}},{"type":"Feature","geometry":{"type":"Point","coordinates":[-109.90534,39.394]},"properties":{"frp":1.47,"date":"2026-08-23","daynight":"N"}},{"type":"Feature","geometry":{"type":"Point","coordinates":[-109.91073,39.39531]},"properties":{"frp":1.96,"date":"2026-08-23","daynight":"N"}},{"type":"Feature","geometry":{"type":"Point","coordinates":[-109.91567,39.39651]},"properties":{"frp":1.96,"date":"2026-08-23","daynight":"N"}},{"type":"Feature","geometry":{"type":"Point","coordinates":[-112.19083,41.87787]},"properties":{"frp":1.43,"date":"2026-08-23","daynight":"N"}},{"type":"Feature","geometry":{"type":"Point","coordinates":[-112.19724,41.87923]},"properties":{"frp":1.43,"date":"2026-08-23","daynight":"N"}},{"type":"Feature","geometry":{"type":"Point","coordinates":[-121.66355,42.41483]},"properties":{"frp":7.38,"date":"2026-08-23","daynight":"N"}},{"type":"Feature","geometry":{"type":"Point","coordinates":[-121.66882,42.41548]},"properties":{"frp":1.22,"date":"2026-08-23","daynight":"N"}},{"type":"Feature","geometry":{"type":"Point","coordinates":[-121.66317,42.41838]},"properties":{"frp":1.28,"date":"2026-08-23","daynight":"N"}},{"type":"Feature","geometry":{"type":"Point","coordinates":[-121.67368,42.41968]},"properties":{"frp":0.69,"date":"2026-08-23","daynight":"N"}},{"type":"Feature","geometry":{"type":"Point","coordinates":[-121.66798,42.42258]},"properties":{"frp":0.69,"date":"2026-08-23","daynight":"N"}},{"type":"Feature","geometry":{"type":"Point","coordinates":[-121.67318,42.42323]},"properties":{"frp":0.69,"date":"2026-08-23","daynight":"N"}},{"type":"Feature","geometry":{"type":"Point","coordinates":[-111.58604,42.68575]},"properties":{"frp":1.51,"date":"2026-08-23","daynight":"N"}},{"type":"Feature","geometry":{"type":"Point","coordinates":[-111.5925,42.68716]},"properties":{"frp":5.66,"date":"2026-08-23","daynight":"N"}},{"type":"Feature","geometry":{"type":"Point","coordinates":[-115.54037,43.81559]},"properties":{"frp":0.91,"date":"2026-08-23","daynight":"N"}},{"type":"Feature","geometry":{"type":"Point","coordinates":[-115.54426,43.81977]},"properties":{"frp":1.86,"date":"2026-08-23","daynight":"N"}},{"type":"Feature","geometry":{"type":"Point","coordinates":[-115.54923,43.82064]},"properties":{"frp":1.86,"date":"2026-08-23","daynight":"N"}},{"type":"Feature","geometry":{"type":"Point","coordinates":[-115.55415,43.82152]},"properties":{"frp":1.75,"date":"2026-08-23","daynight":"N"}},{"type":"Feature","geometry":{"type":"Point","coordinates":[-115.55914,43.82239]},"properties":{"frp":1.75,"date":"2026-08-23","daynight":"N"}},{"type":"Feature","geometry":{"type":"Point","coordinates":[-115.54816,43.82395]},"properties":{"frp":1.86,"date":"2026-08-23","daynight":"N"}},{"type":"Feature","geometry":{"type":"Point","coordinates":[-115.55305,43.82481]},"properties":{"frp":1.75,"date":"2026-08-23","daynight":"N"}},{"type":"Feature","geometry":{"type":"Point","coordinates":[-115.55684,43.82896]},"properties":{"frp":3.11,"date":"2026-08-23","daynight":"N"}},{"type":"Feature","geometry":{"type":"Point","coordinates":[-115.55585,43.83228]},"properties":{"frp":3.11,"date":"2026-08-23","daynight":"N"}},{"type":"Feature","geometry":{"type":"Point","coordinates":[-115.56458,43.8373]},"properties":{"frp":0.79,"date":"2026-08-23","daynight":"N"}},{"type":"Feature","geometry":{"type":"Point","coordinates":[-115.56361,43.84062]},"properties":{"frp":0.79,"date":"2026-08-23","daynight":"N"}},{"type":"Feature","geometry":{"type":"Point","coordinates":[-115.56264,43.84394]},"properties":{"frp":1.72,"date":"2026-08-23","daynight":"N"}},{"type":"Feature","geometry":{"type":"Point","coordinates":[-115.5675,43.8448]},"properties":{"frp":2.18,"date":"2026-08-23","daynight":"N"}},{"type":"Feature","geometry":{"type":"Point","coordinates":[-115.56162,43.84725]},"properties":{"frp":1.72,"date":"2026-08-23","daynight":"N"}},{"type":"Feature","geometry":{"type":"Point","coordinates":[-115.55044,43.84878]},"properties":{"frp":1.64,"date":"2026-08-23","daynight":"N"}},{"type":"Feature","geometry":{"type":"Point","coordinates":[-115.55552,43.84967]},"properties":{"frp":7.04,"date":"2026-08-23","daynight":"N"}},{"type":"Feature","geometry":{"type":"Point","coordinates":[-115.54921,43.85205]},"properties":{"frp":1.64,"date":"2026-08-23","daynight":"N"}},{"type":"Feature","geometry":{"type":"Point","coordinates":[-120.46533,44.47826]},"properties":{"frp":0.6,"date":"2026-08-23","daynight":"N"}},{"type":"Feature","geometry":{"type":"Point","coordinates":[-120.4706,44.47894]},"properties":{"frp":0.6,"date":"2026-08-23","daynight":"N"}},{"type":"Feature","geometry":{"type":"Point","coordinates":[-120.46955,44.48235]},"properties":{"frp":1.02,"date":"2026-08-23","daynight":"N"}},{"type":"Feature","geometry":{"type":"Point","coordinates":[-118.26896,44.81598]},"properties":{"frp":12.8,"date":"2026-08-23","daynight":"N"}},{"type":"Feature","geometry":{"type":"Point","coordinates":[-118.26306,44.81853]},"properties":{"frp":3.68,"date":"2026-08-23","daynight":"N"}},{"type":"Feature","geometry":{"type":"Point","coordinates":[-118.26787,44.81925]},"properties":{"frp":12.8,"date":"2026-08-23","daynight":"N"}},{"type":"Feature","geometry":{"type":"Point","coordinates":[-118.27273,44.81997]},"properties":{"frp":12.8,"date":"2026-08-23","daynight":"N"}},{"type":"Feature","geometry":{"type":"Point","coordinates":[-118.26201,44.8218]},"properties":{"frp":4.25,"date":"2026-08-23","daynight":"N"}},{"type":"Feature","geometry":{"type":"Point","coordinates":[-118.26685,44.82252]},"properties":{"frp":25.06,"date":"2026-08-23","daynight":"N"}},{"type":"Feature","geometry":{"type":"Point","coordinates":[-118.27169,44.82323]},"properties":{"frp":25.06,"date":"2026-08-23","daynight":"N"}},{"type":"Feature","geometry":{"type":"Point","coordinates":[-118.26585,44.82579]},"properties":{"frp":25.06,"date":"2026-08-23","daynight":"N"}},{"type":"Feature","geometry":{"type":"Point","coordinates":[-118.2707,44.82651]},"properties":{"frp":25.06,"date":"2026-08-23","daynight":"N"}},{"type":"Feature","geometry":{"type":"Point","coordinates":[-118.27556,44.82723]},"properties":{"frp":21.51,"date":"2026-08-23","daynight":"N"}},{"type":"Feature","geometry":{"type":"Point","coordinates":[-118.28043,44.82795]},"properties":{"frp":21.51,"date":"2026-08-23","daynight":"N"}},{"type":"Feature","geometry":{"type":"Point","coordinates":[-118.26006,44.82836]},"properties":{"frp":6.5,"date":"2026-08-23","daynight":"N"}},{"type":"Feature","geometry":{"type":"Point","coordinates":[-118.2853,44.82867]},"properties":{"frp":1.55,"date":"2026-08-23","daynight":"N"}},{"type":"Feature","geometry":{"type":"Point","coordinates":[-118.26488,44.82907]},"properties":{"frp":19.55,"date":"2026-08-23","daynight":"N"}},{"type":"Feature","geometry":{"type":"Point","coordinates":[-118.26971,44.82979]},"properties":{"frp":19.55,"date":"2026-08-23","daynight":"N"}},{"type":"Feature","geometry":{"type":"Point","coordinates":[-118.27456,44.8305]},"properties":{"frp":8.27,"date":"2026-08-23","daynight":"N"}},{"type":"Feature","geometry":{"type":"Point","coordinates":[-118.2794,44.83122]},"properties":{"frp":8.27,"date":"2026-08-23","daynight":"N"}},{"type":"Feature","geometry":{"type":"Point","coordinates":[-118.25912,44.83164]},"properties":{"frp":6.5,"date":"2026-08-23","daynight":"N"}},{"type":"Feature","geometry":{"type":"Point","coordinates":[-118.28429,44.83194]},"properties":{"frp":12.73,"date":"2026-08-23","daynight":"N"}},{"type":"Feature","geometry":{"type":"Point","coordinates":[-118.26393,44.83236]},"properties":{"frp":19.55,"date":"2026-08-23","daynight":"N"}},{"type":"Feature","geometry":{"type":"Point","coordinates":[-118.26875,44.83307]},"properties":{"frp":19.55,"date":"2026-08-23","daynight":"N"}},{"type":"Feature","geometry":{"type":"Point","coordinates":[-118.27357,44.83378]},"properties":{"frp":8.27,"date":"2026-08-23","daynight":"N"}},{"type":"Feature","geometry":{"type":"Point","coordinates":[-118.25344,44.83422]},"properties":{"frp":4.57,"date":"2026-08-23","daynight":"N"}},{"type":"Feature","geometry":{"type":"Point","coordinates":[-118.2784,44.8345]},"properties":{"frp":8.27,"date":"2026-08-23","daynight":"N"}},{"type":"Feature","geometry":{"type":"Point","coordinates":[-118.25824,44.83493]},"properties":{"frp":4.57,"date":"2026-08-23","daynight":"N"}},{"type":"Feature","geometry":{"type":"Point","coordinates":[-118.28328,44.83522]},"properties":{"frp":12.73,"date":"2026-08-23","daynight":"N"}},{"type":"Feature","geometry":{"type":"Point","coordinates":[-118.26302,44.83564]},"properties":{"frp":50.92,"date":"2026-08-23","daynight":"N"}},{"type":"Feature","geometry":{"type":"Point","coordinates":[-118.26781,44.83635]},"properties":{"frp":50.92,"date":"2026-08-23","daynight":"N"}},{"type":"Feature","geometry":{"type":"Point","coordinates":[-118.27259,44.83706]},"properties":{"frp":5.24,"date":"2026-08-23","daynight":"N"}},{"type":"Feature","geometry":{"type":"Point","coordinates":[-118.25249,44.83751]},"properties":{"frp":4.57,"date":"2026-08-23","daynight":"N"}},{"type":"Feature","geometry":{"type":"Point","coordinates":[-118.2774,44.83777]},"properties":{"frp":5.24,"date":"2026-08-23","daynight":"N"}},{"type":"Feature","geometry":{"type":"Point","coordinates":[-118.25732,44.83822]},"properties":{"frp":4.57,"date":"2026-08-23","daynight":"N"}},{"type":"Feature","geometry":{"type":"Point","coordinates":[-118.28225,44.83849]},"properties":{"frp":5.04,"date":"2026-08-23","daynight":"N"}},{"type":"Feature","geometry":{"type":"Point","coordinates":[-118.26209,44.83893]},"properties":{"frp":50.92,"date":"2026-08-23","daynight":"N"}},{"type":"Feature","geometry":{"type":"Point","coordinates":[-118.26687,44.83964]},"properties":{"frp":50.92,"date":"2026-08-23","daynight":"N"}},{"type":"Feature","geometry":{"type":"Point","coordinates":[-118.24658,44.84005]},"properties":{"frp":1.68,"date":"2026-08-23","daynight":"N"}},{"type":"Feature","geometry":{"type":"Point","coordinates":[-118.27165,44.84034]},"properties":{"frp":5.24,"date":"2026-08-23","daynight":"N"}},{"type":"Feature","geometry":{"type":"Point","coordinates":[-118.25149,44.84078]},"properties":{"frp":2.12,"date":"2026-08-23","daynight":"N"}},{"type":"Feature","geometry":{"type":"Point","coordinates":[-118.27644,44.84105]},"properties":{"frp":5.24,"date":"2026-08-23","daynight":"N"}},{"type":"Feature","geometry":{"type":"Point","coordinates":[-118.25636,44.8415]},"properties":{"frp":2.12,"date":"2026-08-23","daynight":"N"}},{"type":"Feature","geometry":{"type":"Point","coordinates":[-118.28127,44.84177]},"properties":{"frp":5.04,"date":"2026-08-23","daynight":"N"}},{"type":"Feature","geometry":{"type":"Point","coordinates":[-118.19007,44.84191]},"properties":{"frp":23.73,"date":"2026-08-23","daynight":"N"}},{"type":"Feature","geometry":{"type":"Point","coordinates":[-118.26118,44.84222]},"properties":{"frp":13.23,"date":"2026-08-23","daynight":"N"}},{"type":"Feature","geometry":{"type":"Point","coordinates":[-118.2407,44.8426]},"properties":{"frp":1.68,"date":"2026-08-23","daynight":"N"}},{"type":"Feature","geometry":{"type":"Point","coordinates":[-118.19499,44.84265]},"properties":{"frp":23.73,"date":"2026-08-23","daynight":"N"}},{"type":"Feature","geometry":{"type":"Point","coordinates":[-118.26594,44.84292]},"properties":{"frp":13.23,"date":"2026-08-23","daynight":"N"}},{"type":"Feature","geometry":{"type":"Point","coordinates":[-118.24554,44.84332]},"properties":{"frp":1.68,"date":"2026-08-23","daynight":"N"}},{"type":"Feature","geometry":{"type":"Point","coordinates":[-118.19997,44.8434]},"properties":{"frp":1.6,"date":"2026-08-23","daynight":"N"}},{"type":"Feature","geometry":{"type":"Point","coordinates":[-118.27071,44.84362]},"properties":{"frp":3.42,"date":"2026-08-23","daynight":"N"}},{"type":"Feature","geometry":{"type":"Point","coordinates":[-118.25047,44.84405]},"properties":{"frp":2.12,"date":"2026-08-23","daynight":"N"}},{"type":"Feature","geometry":{"type":"Point","coordinates":[-118.27549,44.84433]},"properties":{"frp":3.42,"date":"2026-08-23","daynight":"N"}},{"type":"Feature","geometry":{"type":"Point","coordinates":[-118.25537,44.84478]},"properties":{"frp":2.12,"date":"2026-08-23","daynight":"N"}},{"type":"Feature","geometry":{"type":"Point","coordinates":[-118.28031,44.84504]},"properties":{"frp":5.66,"date":"2026-08-23","daynight":"N"}},{"type":"Feature","geometry":{"type":"Point","coordinates":[-118.18896,44.84517]},"properties":{"frp":17.89,"date":"2026-08-23","daynight":"N"}},{"type":"Feature","geometry":{"type":"Point","coordinates":[-118.2602,44.8455]},"properties":{"frp":13.23,"date":"2026-08-23","daynight":"N"}},{"type":"Feature","geometry":{"type":"Point","coordinates":[-118.2851,44.84575]},"properties":{"frp":5.66,"date":"2026-08-23","daynight":"N"}},{"type":"Feature","geometry":{"type":"Point","coordinates":[-118.23972,44.84588]},"properties":{"frp":63.65,"date":"2026-08-23","daynight":"N"}},{"type":"Feature","geometry":{"type":"Point","coordinates":[-118.19394,44.84591]},"properties":{"frp":17.89,"date":"2026-08-23","daynight":"N"}},{"type":"Feature","geometry":{"type":"Point","coordinates":[-118.26501,44.84621]},"properties":{"frp":13.23,"date":"2026-08-23","daynight":"N"}},{"type":"Feature","geometry":{"type":"Point","coordinates":[-118.24451,44.84658]},"properties":{"frp":63.65,"date":"2026-08-23","daynight":"N"}},{"type":"Feature","geometry":{"type":"Point","coordinates":[-118.19894,44.84665]},"properties":{"frp":5.78,"date":"2026-08-23","daynight":"N"}},{"type":"Feature","geometry":{"type":"Point","coordinates":[-118.26977,44.84691]},"properties":{"frp":3.42,"date":"2026-08-23","daynight":"N"}},{"type":"Feature","geometry":{"type":"Point","coordinates":[-118.27456,44.84762]},"properties":{"frp":3.42,"date":"2026-08-23","daynight":"N"}},{"type":"Feature","geometry":{"type":"Point","coordinates":[-118.25432,44.84804]},"properties":{"frp":0.0,"date":"2026-08-23","daynight":"N"}},{"type":"Feature","geometry":{"type":"Point","coordinates":[-118.27937,44.84833]},"properties":{"frp":5.66,"date":"2026-08-23","daynight":"N"}},{"type":"Feature","geometry":{"type":"Point","coordinates":[-118.18794,44.84843]},"properties":{"frp":17.89,"date":"2026-08-23","daynight":"N"}},{"type":"Feature","geometry":{"type":"Point","coordinates":[-118.25919,44.84877]},"properties":{"frp":42.34,"date":"2026-08-23","daynight":"N"}},{"type":"Feature","geometry":{"type":"Point","coordinates":[-118.23869,44.84915]},"properties":{"frp":63.65,"date":"2026-08-23","daynight":"N"}},{"type":"Feature","geometry":{"type":"Point","coordinates":[-118.19289,44.84917]},"properties":{"frp":17.89,"date":"2026-08-23","daynight":"N"}},{"type":"Feature","geometry":{"type":"Point","coordinates":[-118.26405,44.84949]},"properties":{"frp":42.34,"date":"2026-08-23","daynight":"N"}},{"type":"Feature","geometry":{"type":"Point","coordinates":[-118.24352,44.84986]},"properties":{"frp":63.65,"date":"2026-08-23","daynight":"N"}},{"type":"Feature","geometry":{"type":"Point","coordinates":[-118.19788,44.84992]},"properties":{"frp":5.78,"date":"2026-08-23","daynight":"N"}},{"type":"Feature","geometry":{"type":"Point","coordinates":[-118.26887,44.8502]},"properties":{"frp":2.71,"date":"2026-08-23","daynight":"N"}},{"type":"Feature","geometry":{"type":"Point","coordinates":[-118.24837,44.85059]},"properties":{"frp":0.0,"date":"2026-08-23","daynight":"N"}},{"type":"Feature","geometry":{"type":"Point","coordinates":[-118.27366,44.85091]},"properties":{"frp":2.71,"date":"2026-08-23","daynight":"N"}},{"type":"Feature","geometry":{"type":"Point","coordinates":[-118.18697,44.8517]},"properties":{"frp":3.22,"date":"2026-08-23","daynight":"N"}},{"type":"Feature","geometry":{"type":"Point","coordinates":[-118.25814,44.85204]},"properties":{"frp":42.34,"date":"2026-08-23","daynight":"N"}},{"type":"Feature","geometry":{"type":"Point","coordinates":[-118.23769,44.85242]},"properties":{"frp":0.74,"date":"2026-08-23","daynight":"N"}},{"type":"Feature","geometry":{"type":"Point","coordinates":[-118.19187,44.85244]},"properties":{"frp":3.22,"date":"2026-08-23","daynight":"N"}},{"type":"Feature","geometry":{"type":"Point","coordinates":[-118.26305,44.85276]},"properties":{"frp":42.34,"date":"2026-08-23","daynight":"N"}},{"type":"Feature","geometry":{"type":"Point","coordinates":[-118.24253,44.85314]},"properties":{"frp":0.74,"date":"2026-08-23","daynight":"N"}},{"type":"Feature","geometry":{"type":"Point","coordinates":[-118.19682,44.85318]},"properties":{"frp":2.9,"date":"2026-08-23","daynight":"N"}},{"type":"Feature","geometry":{"type":"Point","coordinates":[-118.24735,44.85385]},"properties":{"frp":2.36,"date":"2026-08-23","daynight":"N"}},{"type":"Feature","geometry":{"type":"Point","coordinates":[-118.2522,44.85457]},"properties":{"frp":2.36,"date":"2026-08-23","daynight":"N"}},{"type":"Feature","geometry":{"type":"Point","coordinates":[-118.25707,44.85529]},"properties":{"frp":18.69,"date":"2026-08-23","daynight":"N"}},{"type":"Feature","geometry":{"type":"Point","coordinates":[-118.23664,44.85568]},"properties":{"frp":0.74,"date":"2026-08-23","daynight":"N"}},{"type":"Feature","geometry":{"type":"Point","coordinates":[-118.26201,44.85603]},"properties":{"frp":18.69,"date":"2026-08-23","daynight":"N"}},{"type":"Feature","geometry":{"type":"Point","coordinates":[-118.24152,44.85641]},"properties":{"frp":0.74,"date":"2026-08-23","daynight":"N"}},{"type":"Feature","geometry":{"type":"Point","coordinates":[-118.2669,44.85675]},"properties":{"frp":1.58,"date":"2026-08-23","daynight":"N"}},{"type":"Feature","geometry":{"type":"Point","coordinates":[-118.24637,44.85712]},"properties":{"frp":2.36,"date":"2026-08-23","daynight":"N"}},{"type":"Feature","geometry":{"type":"Point","coordinates":[-118.25117,44.85784]},"properties":{"frp":2.36,"date":"2026-08-23","daynight":"N"}},{"type":"Feature","geometry":{"type":"Point","coordinates":[-118.26092,44.85929]},"properties":{"frp":18.69,"date":"2026-08-23","daynight":"N"}},{"type":"Feature","geometry":{"type":"Point","coordinates":[-118.26582,44.86001]},"properties":{"frp":1.58,"date":"2026-08-23","daynight":"N"}},{"type":"Feature","geometry":{"type":"Point","coordinates":[-118.24535,44.8604]},"properties":{"frp":0.7,"date":"2026-08-23","daynight":"N"}},{"type":"Feature","geometry":{"type":"Point","coordinates":[-118.25019,44.86111]},"properties":{"frp":0.7,"date":"2026-08-23","daynight":"N"}},{"type":"Feature","geometry":{"type":"Point","coordinates":[-121.98957,45.00347]},"properties":{"frp":5.29,"date":"2026-08-23","daynight":"N"}},{"type":"Feature","geometry":{"type":"Point","coordinates":[-121.99615,45.00423]},"properties":{"frp":5.29,"date":"2026-08-23","daynight":"N"}},{"type":"Feature","geometry":{"type":"Point","coordinates":[-121.983,45.00647]},"properties":{"frp":1.98,"date":"2026-08-23","daynight":"N"}},{"type":"Feature","geometry":{"type":"Point","coordinates":[-121.98936,45.0072]},"properties":{"frp":2.12,"date":"2026-08-23","daynight":"N"}},{"type":"Feature","geometry":{"type":"Point","coordinates":[-121.99584,45.00795]},"properties":{"frp":2.12,"date":"2026-08-23","daynight":"N"}},{"type":"Feature","geometry":{"type":"Point","coordinates":[-122.01323,45.01746]},"properties":{"frp":1.08,"date":"2026-08-23","daynight":"N"}},{"type":"Feature","geometry":{"type":"Point","coordinates":[-121.53559,45.25941]},"properties":{"frp":0.64,"date":"2026-08-23","daynight":"N"}},{"type":"Feature","geometry":{"type":"Point","coordinates":[-121.54188,45.26015]},"properties":{"frp":0.64,"date":"2026-08-23","daynight":"N"}},{"type":"Feature","geometry":{"type":"Point","coordinates":[-121.54856,45.26093]},"properties":{"frp":1.43,"date":"2026-08-23","daynight":"N"}},{"type":"Feature","geometry":{"type":"Point","coordinates":[-113.34316,45.49454]},"properties":{"frp":1.4,"date":"2026-08-23","daynight":"N"}},{"type":"Feature","geometry":{"type":"Point","coordinates":[-113.3418,45.49791]},"properties":{"frp":1.4,"date":"2026-08-23","daynight":"N"}},{"type":"Feature","geometry":{"type":"Point","coordinates":[-113.14967,45.51587]},"properties":{"frp":1.0,"date":"2026-08-23","daynight":"N"}},{"type":"Feature","geometry":{"type":"Point","coordinates":[-118.01712,45.57719]},"properties":{"frp":2.14,"date":"2026-08-23","daynight":"N"}},{"type":"Feature","geometry":{"type":"Point","coordinates":[-118.01609,45.58046]},"properties":{"frp":2.14,"date":"2026-08-23","daynight":"N"}},{"type":"Feature","geometry":{"type":"Point","coordinates":[-118.02106,45.5812]},"properties":{"frp":2.14,"date":"2026-08-23","daynight":"N"}},{"type":"Feature","geometry":{"type":"Point","coordinates":[-118.01504,45.58374]},"properties":{"frp":0.41,"date":"2026-08-23","daynight":"N"}},{"type":"Feature","geometry":{"type":"Point","coordinates":[-118.02499,45.58521]},"properties":{"frp":0.49,"date":"2026-08-23","daynight":"N"}},{"type":"Feature","geometry":{"type":"Point","coordinates":[-118.19804,45.59005]},"properties":{"frp":1.03,"date":"2026-08-23","daynight":"N"}},{"type":"Feature","geometry":{"type":"Point","coordinates":[-118.19708,45.59334]},"properties":{"frp":1.03,"date":"2026-08-23","daynight":"N"}},{"type":"Feature","geometry":{"type":"Point","coordinates":[-118.20203,45.59406]},"properties":{"frp":1.03,"date":"2026-08-23","daynight":"N"}},{"type":"Feature","geometry":{"type":"Point","coordinates":[-118.19611,45.59663]},"properties":{"frp":1.21,"date":"2026-08-23","daynight":"N"}},{"type":"Feature","geometry":{"type":"Point","coordinates":[-118.20602,45.59808]},"properties":{"frp":0.78,"date":"2026-08-23","daynight":"N"}},{"type":"Feature","geometry":{"type":"Point","coordinates":[-118.21098,45.5988]},"properties":{"frp":0.78,"date":"2026-08-23","daynight":"N"}},{"type":"Feature","geometry":{"type":"Point","coordinates":[-118.14879,45.6]},"properties":{"frp":0.88,"date":"2026-08-23","daynight":"N"}},{"type":"Feature","geometry":{"type":"Point","coordinates":[-118.20011,45.60065]},"properties":{"frp":1.21,"date":"2026-08-23","daynight":"N"}},{"type":"Feature","geometry":{"type":"Point","coordinates":[-118.20507,45.60138]},"properties":{"frp":0.78,"date":"2026-08-23","daynight":"N"}},{"type":"Feature","geometry":{"type":"Point","coordinates":[-118.13793,45.60185]},"properties":{"frp":0.43,"date":"2026-08-23","daynight":"N"}},{"type":"Feature","geometry":{"type":"Point","coordinates":[-118.21001,45.6021]},"properties":{"frp":0.78,"date":"2026-08-23","daynight":"N"}},{"type":"Feature","geometry":{"type":"Point","coordinates":[-118.14291,45.60258]},"properties":{"frp":0.49,"date":"2026-08-23","daynight":"N"}},{"type":"Feature","geometry":{"type":"Point","coordinates":[-118.14198,45.60587]},"properties":{"frp":0.49,"date":"2026-08-23","daynight":"N"}},{"type":"Feature","geometry":{"type":"Point","coordinates":[-118.17739,45.60763]},"properties":{"frp":1.04,"date":"2026-08-23","daynight":"N"}},{"type":"Feature","geometry":{"type":"Point","coordinates":[-118.18739,45.6091]},"properties":{"frp":1.02,"date":"2026-08-23","daynight":"N"}},{"type":"Feature","geometry":{"type":"Point","coordinates":[-118.22298,45.61087]},"properties":{"frp":1.11,"date":"2026-08-23","daynight":"N"}},{"type":"Feature","geometry":{"type":"Point","coordinates":[-118.14998,45.61392]},"properties":{"frp":0.92,"date":"2026-08-23","daynight":"N"}},{"type":"Feature","geometry":{"type":"Point","coordinates":[-118.16233,45.61832]},"properties":{"frp":0.74,"date":"2026-08-23","daynight":"N"}},{"type":"Feature","geometry":{"type":"Point","coordinates":[-118.16718,45.61903]},"properties":{"frp":0.74,"date":"2026-08-23","daynight":"N"}},{"type":"Feature","geometry":{"type":"Point","coordinates":[-118.16629,45.62233]},"properties":{"frp":0.74,"date":"2026-08-23","daynight":"N"}},{"type":"Feature","geometry":{"type":"Point","coordinates":[-118.17517,45.62706]},"properties":{"frp":0.36,"date":"2026-08-23","daynight":"N"}},{"type":"Feature","geometry":{"type":"Point","coordinates":[-120.22641,45.63622]},"properties":{"frp":0.52,"date":"2026-08-23","daynight":"N"}},{"type":"Feature","geometry":{"type":"Point","coordinates":[-120.2129,45.64521]},"properties":{"frp":0.8,"date":"2026-08-23","daynight":"N"}},{"type":"Feature","geometry":{"type":"Point","coordinates":[-118.24497,45.68872]},"properties":{"frp":0.79,"date":"2026-08-23","daynight":"N"}},{"type":"Feature","geometry":{"type":"Point","coordinates":[-118.24993,45.68944]},"properties":{"frp":0.79,"date":"2026-08-23","daynight":"N"}},{"type":"Feature","geometry":{"type":"Point","coordinates":[-118.10918,45.75411]},"properties":{"frp":1.78,"date":"2026-08-23","daynight":"N"}},{"type":"Feature","geometry":{"type":"Point","coordinates":[-118.10815,45.75739]},"properties":{"frp":1.78,"date":"2026-08-23","daynight":"N"}},{"type":"Feature","geometry":{"type":"Point","coordinates":[-118.11322,45.75813]},"properties":{"frp":4.19,"date":"2026-08-23","daynight":"N"}},{"type":"Feature","geometry":{"type":"Point","coordinates":[-118.15425,45.76066]},"properties":{"frp":0.72,"date":"2026-08-23","daynight":"N"}},{"type":"Feature","geometry":{"type":"Point","coordinates":[-118.10712,45.76068]},"properties":{"frp":0.83,"date":"2026-08-23","daynight":"N"}},{"type":"Feature","geometry":{"type":"Point","coordinates":[-118.11219,45.76142]},"properties":{"frp":3.87,"date":"2026-08-23","daynight":"N"}},{"type":"Feature","geometry":{"type":"Point","coordinates":[-118.12231,45.76289]},"properties":{"frp":0.62,"date":"2026-08-23","daynight":"N"}},{"type":"Feature","geometry":{"type":"Point","coordinates":[-118.15328,45.76396]},"properties":{"frp":0.72,"date":"2026-08-23","daynight":"N"}},{"type":"Feature","geometry":{"type":"Point","coordinates":[-118.15817,45.76467]},"properties":{"frp":0.72,"date":"2026-08-23","daynight":"N"}},{"type":"Feature","geometry":{"type":"Point","coordinates":[-118.00306,45.95687]},"properties":{"frp":1.07,"date":"2026-08-23","daynight":"N"}},{"type":"Feature","geometry":{"type":"Point","coordinates":[-118.00806,45.9576]},"properties":{"frp":0.99,"date":"2026-08-23","daynight":"N"}},{"type":"Feature","geometry":{"type":"Point","coordinates":[-117.98115,45.96053]},"properties":{"frp":0.77,"date":"2026-08-23","daynight":"N"}},{"type":"Feature","geometry":{"type":"Point","coordinates":[-117.98624,45.96128]},"properties":{"frp":0.99,"date":"2026-08-23","daynight":"N"}},{"type":"Feature","geometry":{"type":"Point","coordinates":[-117.99644,45.96276]},"properties":{"frp":0.68,"date":"2026-08-23","daynight":"N"}},{"type":"Feature","geometry":{"type":"Point","coordinates":[-118.0014,45.96349]},"properties":{"frp":0.68,"date":"2026-08-23","daynight":"N"}},{"type":"Feature","geometry":{"type":"Point","coordinates":[-117.98019,45.96382]},"properties":{"frp":0.77,"date":"2026-08-23","daynight":"N"}},{"type":"Feature","geometry":{"type":"Point","coordinates":[-117.98531,45.96457]},"properties":{"frp":0.99,"date":"2026-08-23","daynight":"N"}},{"type":"Feature","geometry":{"type":"Point","coordinates":[-117.99039,45.96532]},"properties":{"frp":0.99,"date":"2026-08-23","daynight":"N"}},{"type":"Feature","geometry":{"type":"Point","coordinates":[-117.96903,45.96562]},"properties":{"frp":1.1,"date":"2026-08-23","daynight":"N"}},{"type":"Feature","geometry":{"type":"Point","coordinates":[-118.01635,45.96567]},"properties":{"frp":4.15,"date":"2026-08-23","daynight":"N"}},{"type":"Feature","geometry":{"type":"Point","coordinates":[-118.02145,45.96641]},"properties":{"frp":4.15,"date":"2026-08-23","daynight":"N"}},{"type":"Feature","geometry":{"type":"Point","coordinates":[-118.0005,45.96679]},"properties":{"frp":0.68,"date":"2026-08-23","daynight":"N"}},{"type":"Feature","geometry":{"type":"Point","coordinates":[-117.98436,45.96786]},"properties":{"frp":0.61,"date":"2026-08-23","daynight":"N"}},{"type":"Feature","geometry":{"type":"Point","coordinates":[-117.98946,45.96861]},"properties":{"frp":0.61,"date":"2026-08-23","daynight":"N"}},{"type":"Feature","geometry":{"type":"Point","coordinates":[-118.0155,45.96898]},"properties":{"frp":4.15,"date":"2026-08-23","daynight":"N"}},{"type":"Feature","geometry":{"type":"Point","coordinates":[-118.02053,45.96971]},"properties":{"frp":4.15,"date":"2026-08-23","daynight":"N"}},{"type":"Feature","geometry":{"type":"Point","coordinates":[-117.97828,45.97041]},"properties":{"frp":1.8,"date":"2026-08-23","daynight":"N"}},{"type":"Feature","geometry":{"type":"Point","coordinates":[-118.00461,45.97082]},"properties":{"frp":3.33,"date":"2026-08-23","daynight":"N"}},{"type":"Feature","geometry":{"type":"Point","coordinates":[-117.98339,45.97115]},"properties":{"frp":0.61,"date":"2026-08-23","daynight":"N"}},{"type":"Feature","geometry":{"type":"Point","coordinates":[-118.00961,45.97155]},"properties":{"frp":3.33,"date":"2026-08-23","daynight":"N"}},{"type":"Feature","geometry":{"type":"Point","coordinates":[-117.9885,45.9719]},"properties":{"frp":0.61,"date":"2026-08-23","daynight":"N"}},{"type":"Feature","geometry":{"type":"Point","coordinates":[-117.96703,45.97219]},"properties":{"frp":0.51,"date":"2026-08-23","daynight":"N"}},{"type":"Feature","geometry":{"type":"Point","coordinates":[-118.01463,45.97228]},"properties":{"frp":6.02,"date":"2026-08-23","daynight":"N"}},{"type":"Feature","geometry":{"type":"Point","coordinates":[-117.97215,45.97294]},"properties":{"frp":0.96,"date":"2026-08-23","daynight":"N"}},{"type":"Feature","geometry":{"type":"Point","coordinates":[-118.01962,45.97301]},"properties":{"frp":6.02,"date":"2026-08-23","daynight":"N"}},{"type":"Feature","geometry":{"type":"Point","coordinates":[-117.97727,45.97369]},"properties":{"frp":0.96,"date":"2026-08-23","daynight":"N"}},{"type":"Feature","geometry":{"type":"Point","coordinates":[-118.0246,45.97374]},"properties":{"frp":2.33,"date":"2026-08-23","daynight":"N"}},{"type":"Feature","geometry":{"type":"Point","coordinates":[-117.961,45.97474]},"properties":{"frp":0.51,"date":"2026-08-23","daynight":"N"}},{"type":"Feature","geometry":{"type":"Point","coordinates":[-117.96608,45.97549]},"properties":{"frp":0.51,"date":"2026-08-23","daynight":"N"}},{"type":"Feature","geometry":{"type":"Point","coordinates":[-117.97116,45.97623]},"properties":{"frp":0.96,"date":"2026-08-23","daynight":"N"}},{"type":"Feature","geometry":{"type":"Point","coordinates":[-118.01869,45.97631]},"properties":{"frp":6.02,"date":"2026-08-23","daynight":"N"}},{"type":"Feature","geometry":{"type":"Point","coordinates":[-118.02367,45.97703]},"properties":{"frp":2.33,"date":"2026-08-23","daynight":"N"}},{"type":"Feature","geometry":{"type":"Point","coordinates":[-117.95498,45.97729]},"properties":{"frp":0.91,"date":"2026-08-23","daynight":"N"}},{"type":"Feature","geometry":{"type":"Point","coordinates":[-118.02853,45.97775]},"properties":{"frp":2.33,"date":"2026-08-23","daynight":"N"}},{"type":"Feature","geometry":{"type":"Point","coordinates":[-117.96004,45.97803]},"properties":{"frp":0.53,"date":"2026-08-23","daynight":"N"}},{"type":"Feature","geometry":{"type":"Point","coordinates":[-118.01776,45.97961]},"properties":{"frp":8.67,"date":"2026-08-23","daynight":"N"}},{"type":"Feature","geometry":{"type":"Point","coordinates":[-117.94898,45.97984]},"properties":{"frp":0.91,"date":"2026-08-23","daynight":"N"}},{"type":"Feature","geometry":{"type":"Point","coordinates":[-118.02274,45.98033]},"properties":{"frp":35.32,"date":"2026-08-23","daynight":"N"}},{"type":"Feature","geometry":{"type":"Point","coordinates":[-117.95399,45.98058]},"properties":{"frp":0.91,"date":"2026-08-23","daynight":"N"}},{"type":"Feature","geometry":{"type":"Point","coordinates":[-118.02763,45.98105]},"properties":{"frp":35.32,"date":"2026-08-23","daynight":"N"}},{"type":"Feature","geometry":{"type":"Point","coordinates":[-118.0168,45.9829]},"properties":{"frp":8.67,"date":"2026-08-23","daynight":"N"}},{"type":"Feature","geometry":{"type":"Point","coordinates":[-118.02182,45.98364]},"properties":{"frp":35.32,"date":"2026-08-23","daynight":"N"}},{"type":"Feature","geometry":{"type":"Point","coordinates":[-118.02677,45.98436]},"properties":{"frp":35.32,"date":"2026-08-23","daynight":"N"}},{"type":"Feature","geometry":{"type":"Point","coordinates":[-117.94199,45.98567]},"properties":{"frp":0.92,"date":"2026-08-23","daynight":"N"}},{"type":"Feature","geometry":{"type":"Point","coordinates":[-117.947,45.98641]},"properties":{"frp":1.51,"date":"2026-08-23","daynight":"N"}},{"type":"Feature","geometry":{"type":"Point","coordinates":[-118.02089,45.98693]},"properties":{"frp":0.76,"date":"2026-08-23","daynight":"N"}},{"type":"Feature","geometry":{"type":"Point","coordinates":[-117.94104,45.98896]},"properties":{"frp":10.49,"date":"2026-08-23","daynight":"N"}},{"type":"Feature","geometry":{"type":"Point","coordinates":[-117.94604,45.9897]},"properties":{"frp":1.19,"date":"2026-08-23","daynight":"N"}},{"type":"Feature","geometry":{"type":"Point","coordinates":[-115.11546,46.06264]},"properties":{"frp":0.55,"date":"2026-08-23","daynight":"N"}},{"type":"Feature","geometry":{"type":"Point","coordinates":[-115.1237,46.06752]},"properties":{"frp":6.58,"date":"2026-08-23","daynight":"N"}},{"type":"Feature","geometry":{"type":"Point","coordinates":[-115.09545,46.07307]},"properties":{"frp":1.58,"date":"2026-08-23","daynight":"N"}},{"type":"Feature","geometry":{"type":"Point","coordinates":[-115.10038,46.07392]},"properties":{"frp":1.58,"date":"2026-08-23","daynight":"N"}},{"type":"Feature","geometry":{"type":"Point","coordinates":[-115.10522,46.07475]},"properties":{"frp":0.69,"date":"2026-08-23","daynight":"N"}},{"type":"Feature","geometry":{"type":"Point","coordinates":[-115.12582,46.07483]},"properties":{"frp":0.63,"date":"2026-08-23","daynight":"N"}},{"type":"Feature","geometry":{"type":"Point","coordinates":[-115.11004,46.07558]},"properties":{"frp":0.69,"date":"2026-08-23","daynight":"N"}},{"type":"Feature","geometry":{"type":"Point","coordinates":[-115.09414,46.07631]},"properties":{"frp":0.78,"date":"2026-08-23","daynight":"N"}},{"type":"Feature","geometry":{"type":"Point","coordinates":[-115.11486,46.07641]},"properties":{"frp":1.05,"date":"2026-08-23","daynight":"N"}},{"type":"Feature","geometry":{"type":"Point","coordinates":[-115.09905,46.07716]},"properties":{"frp":0.78,"date":"2026-08-23","daynight":"N"}},{"type":"Feature","geometry":{"type":"Point","coordinates":[-115.09773,46.0804]},"properties":{"frp":0.78,"date":"2026-08-23","daynight":"N"}},{"type":"Feature","geometry":{"type":"Point","coordinates":[-115.15907,46.08401]},"properties":{"frp":0.82,"date":"2026-08-23","daynight":"N"}},{"type":"Feature","geometry":{"type":"Point","coordinates":[-115.15808,46.08731]},"properties":{"frp":0.63,"date":"2026-08-23","daynight":"N"}},{"type":"Feature","geometry":{"type":"Point","coordinates":[-119.93526,46.09455]},"properties":{"frp":3.14,"date":"2026-08-23","daynight":"N"}},{"type":"Feature","geometry":{"type":"Point","coordinates":[-119.9407,46.09524]},"properties":{"frp":1.3,"date":"2026-08-23","daynight":"N"}},{"type":"Feature","geometry":{"type":"Point","coordinates":[-119.94621,46.09594]},"properties":{"frp":1.3,"date":"2026-08-23","daynight":"N"}},{"type":"Feature","geometry":{"type":"Point","coordinates":[-119.92889,46.09729]},"properties":{"frp":1.06,"date":"2026-08-23","daynight":"N"}},{"type":"Feature","geometry":{"type":"Point","coordinates":[-119.95728,46.09734]},"properties":{"frp":0.92,"date":"2026-08-23","daynight":"N"}},{"type":"Feature","geometry":{"type":"Point","coordinates":[-119.95084,46.10009]},"properties":{"frp":1.48,"date":"2026-08-23","daynight":"N"}},{"type":"Feature","geometry":{"type":"Point","coordinates":[-119.95636,46.10079]},"properties":{"frp":1.48,"date":"2026-08-23","daynight":"N"}},{"type":"Feature","geometry":{"type":"Point","coordinates":[-119.96174,46.10147]},"properties":{"frp":2.19,"date":"2026-08-23","daynight":"N"}},{"type":"Feature","geometry":{"type":"Point","coordinates":[-119.96087,46.10492]},"properties":{"frp":2.19,"date":"2026-08-23","daynight":"N"}},{"type":"Feature","geometry":{"type":"Point","coordinates":[-119.95997,46.10837]},"properties":{"frp":0.82,"date":"2026-08-23","daynight":"N"}},{"type":"Feature","geometry":{"type":"Point","coordinates":[-117.53369,46.10929]},"properties":{"frp":3.68,"date":"2026-08-23","daynight":"N"}},{"type":"Feature","geometry":{"type":"Point","coordinates":[-119.95906,46.11182]},"properties":{"frp":0.82,"date":"2026-08-23","daynight":"N"}},{"type":"Feature","geometry":{"type":"Point","coordinates":[-115.06078,46.12188]},"properties":{"frp":0.85,"date":"2026-08-23","daynight":"N"}},{"type":"Feature","geometry":{"type":"Point","coordinates":[-115.06554,46.1227]},"properties":{"frp":0.85,"date":"2026-08-23","daynight":"N"}},{"type":"Feature","geometry":{"type":"Point","coordinates":[-120.07504,46.12296]},"properties":{"frp":1.95,"date":"2026-08-23","daynight":"N"}},{"type":"Feature","geometry":{"type":"Point","coordinates":[-115.07029,46.12351]},"properties":{"frp":1.38,"date":"2026-08-23","daynight":"N"}},{"type":"Feature","geometry":{"type":"Point","coordinates":[-120.08056,46.12365]},"properties":{"frp":2.42,"date":"2026-08-23","daynight":"N"}},{"type":"Feature","geometry":{"type":"Point","coordinates":[-115.05495,46.12435]},"properties":{"frp":2.4,"date":"2026-08-23","daynight":"N"}},{"type":"Feature","geometry":{"type":"Point","coordinates":[-115.0598,46.12519]},"properties":{"frp":0.69,"date":"2026-08-23","daynight":"N"}},{"type":"Feature","geometry":{"type":"Point","coordinates":[-115.06458,46.12601]},"properties":{"frp":0.69,"date":"2026-08-23","daynight":"N"}},{"type":"Feature","geometry":{"type":"Point","coordinates":[-120.0799,46.12714]},"properties":{"frp":2.42,"date":"2026-08-23","daynight":"N"}},{"type":"Feature","geometry":{"type":"Point","coordinates":[-119.82888,46.13424]},"properties":{"frp":6.47,"date":"2026-08-23","daynight":"N"}},{"type":"Feature","geometry":{"type":"Point","coordinates":[-119.79323,46.17778]},"properties":{"frp":2.43,"date":"2026-08-23","daynight":"N"}},{"type":"Feature","geometry":{"type":"Point","coordinates":[-119.79881,46.1785]},"properties":{"frp":1.84,"date":"2026-08-23","daynight":"N"}},{"type":"Feature","geometry":{"type":"Point","coordinates":[-119.7925,46.18124]},"properties":{"frp":1.05,"date":"2026-08-23","daynight":"N"}},{"type":"Feature","geometry":{"type":"Point","coordinates":[-119.7981,46.18195]},"properties":{"frp":0.99,"date":"2026-08-23","daynight":"N"}},{"type":"Feature","geometry":{"type":"Point","coordinates":[-119.86031,46.18278]},"properties":{"frp":1.2,"date":"2026-08-23","daynight":"N"}},{"type":"Feature","geometry":{"type":"Point","coordinates":[-115.07178,46.25132]},"properties":{"frp":1.8,"date":"2026-08-23","daynight":"N"}},{"type":"Feature","geometry":{"type":"Point","coordinates":[-115.07676,46.25218]},"properties":{"frp":1.8,"date":"2026-08-23","daynight":"N"}},{"type":"Feature","geometry":{"type":"Point","coordinates":[-115.08173,46.25304]},"properties":{"frp":0.66,"date":"2026-08-23","daynight":"N"}},{"type":"Feature","geometry":{"type":"Point","coordinates":[-115.06563,46.25372]},"properties":{"frp":0.5,"date":"2026-08-23","daynight":"N"}},{"type":"Feature","geometry":{"type":"Point","coordinates":[-115.07069,46.2546]},"properties":{"frp":1.8,"date":"2026-08-23","daynight":"N"}},{"type":"Feature","geometry":{"type":"Point","coordinates":[-115.07572,46.25547]},"properties":{"frp":1.8,"date":"2026-08-23","daynight":"N"}},{"type":"Feature","geometry":{"type":"Point","coordinates":[-115.08071,46.25633]},"properties":{"frp":0.66,"date":"2026-08-23","daynight":"N"}},{"type":"Feature","geometry":{"type":"Point","coordinates":[-115.08562,46.25717]},"properties":{"frp":0.66,"date":"2026-08-23","daynight":"N"}},{"type":"Feature","geometry":{"type":"Point","coordinates":[-115.08456,46.26046]},"properties":{"frp":1.14,"date":"2026-08-23","daynight":"N"}},{"type":"Feature","geometry":{"type":"Point","coordinates":[-115.08948,46.26131]},"properties":{"frp":1.94,"date":"2026-08-23","daynight":"N"}},{"type":"Feature","geometry":{"type":"Point","coordinates":[-115.09447,46.26216]},"properties":{"frp":1.94,"date":"2026-08-23","daynight":"N"}},{"type":"Feature","geometry":{"type":"Point","coordinates":[-118.36319,46.5847]},"properties":{"frp":1.45,"date":"2026-08-23","daynight":"N"}},{"type":"Feature","geometry":{"type":"Point","coordinates":[-116.83278,32.49698]},"properties":{"frp":7.97,"date":"2026-08-23","daynight":"N"}},{"type":"Feature","geometry":{"type":"Point","coordinates":[-116.83791,32.49797]},"properties":{"frp":7.97,"date":"2026-08-23","daynight":"N"}},{"type":"Feature","geometry":{"type":"Point","coordinates":[-110.86031,33.41936]},"properties":{"frp":21.01,"date":"2026-08-23","daynight":"N"}},{"type":"Feature","geometry":{"type":"Point","coordinates":[-110.86388,33.42023]},"properties":{"frp":21.01,"date":"2026-08-23","daynight":"N"}},{"type":"Feature","geometry":{"type":"Point","coordinates":[-110.86747,33.4211]},"properties":{"frp":13.3,"date":"2026-08-23","daynight":"N"}},{"type":"Feature","geometry":{"type":"Point","coordinates":[-105.24266,33.57475]},"properties":{"frp":1.03,"date":"2026-08-23","daynight":"N"}},{"type":"Feature","geometry":{"type":"Point","coordinates":[-118.19431,34.154]},"properties":{"frp":1.64,"date":"2026-08-23","daynight":"N"}},{"type":"Feature","geometry":{"type":"Point","coordinates":[-118.51873,34.33538]},"properties":{"frp":1.87,"date":"2026-08-23","daynight":"N"}},{"type":"Feature","geometry":{"type":"Point","coordinates":[-117.10245,34.62318]},"properties":{"frp":2.34,"date":"2026-08-23","daynight":"N"}},{"type":"Feature","geometry":{"type":"Point","coordinates":[-113.31713,35.51744]},"properties":{"frp":1.84,"date":"2026-08-23","daynight":"N"}},{"type":"Feature","geometry":{"type":"Point","coordinates":[-121.6734,36.21562]},"properties":{"frp":2.17,"date":"2026-08-23","daynight":"N"}},{"type":"Feature","geometry":{"type":"Point","coordinates":[-121.67773,36.21625]},"properties":{"frp":0.66,"date":"2026-08-23","daynight":"N"}},{"type":"Feature","geometry":{"type":"Point","coordinates":[-121.66415,36.21773]},"properties":{"frp":2.98,"date":"2026-08-23","daynight":"N"}},{"type":"Feature","geometry":{"type":"Point","coordinates":[-121.66542,36.21997]},"properties":{"frp":0.88,"date":"2026-08-23","daynight":"N"}},{"type":"Feature","geometry":{"type":"Point","coordinates":[-121.66426,36.22667]},"properties":{"frp":4.11,"date":"2026-08-23","daynight":"N"}},{"type":"Feature","geometry":{"type":"Point","coordinates":[-121.65908,36.22937]},"properties":{"frp":4.11,"date":"2026-08-23","daynight":"N"}},{"type":"Feature","geometry":{"type":"Point","coordinates":[-121.66359,36.23002]},"properties":{"frp":4.11,"date":"2026-08-23","daynight":"N"}},{"type":"Feature","geometry":{"type":"Point","coordinates":[-121.65828,36.2327]},"properties":{"frp":1.06,"date":"2026-08-23","daynight":"N"}},{"type":"Feature","geometry":{"type":"Point","coordinates":[-121.68503,36.2331]},"properties":{"frp":2.34,"date":"2026-08-23","daynight":"N"}},{"type":"Feature","geometry":{"type":"Point","coordinates":[-121.66277,36.23335]},"properties":{"frp":1.06,"date":"2026-08-23","daynight":"N"}},{"type":"Feature","geometry":{"type":"Point","coordinates":[-121.66727,36.23398]},"properties":{"frp":2.16,"date":"2026-08-23","daynight":"N"}},{"type":"Feature","geometry":{"type":"Point","coordinates":[-121.67169,36.23462]},"properties":{"frp":2.16,"date":"2026-08-23","daynight":"N"}},{"type":"Feature","geometry":{"type":"Point","coordinates":[-121.67603,36.23524]},"properties":{"frp":8.58,"date":"2026-08-23","daynight":"N"}},{"type":"Feature","geometry":{"type":"Point","coordinates":[-121.68028,36.23586]},"properties":{"frp":8.58,"date":"2026-08-23","daynight":"N"}},{"type":"Feature","geometry":{"type":"Point","coordinates":[-121.68446,36.23646]},"properties":{"frp":1.95,"date":"2026-08-23","daynight":"N"}},{"type":"Feature","geometry":{"type":"Point","coordinates":[-121.66196,36.23667]},"properties":{"frp":1.06,"date":"2026-08-23","daynight":"N"}},{"type":"Feature","geometry":{"type":"Point","coordinates":[-121.66649,36.23732]},"properties":{"frp":2.16,"date":"2026-08-23","daynight":"N"}},{"type":"Feature","geometry":{"type":"Point","coordinates":[-121.671,36.23796]},"properties":{"frp":2.16,"date":"2026-08-23","daynight":"N"}},{"type":"Feature","geometry":{"type":"Point","coordinates":[-121.67539,36.23859]},"properties":{"frp":8.58,"date":"2026-08-23","daynight":"N"}},{"type":"Feature","geometry":{"type":"Point","coordinates":[-121.6797,36.23921]},"properties":{"frp":8.58,"date":"2026-08-23","daynight":"N"}},{"type":"Feature","geometry":{"type":"Point","coordinates":[-121.68393,36.23981]},"properties":{"frp":1.95,"date":"2026-08-23","daynight":"N"}},{"type":"Feature","geometry":{"type":"Point","coordinates":[-121.66573,36.24065]},"properties":{"frp":3.61,"date":"2026-08-23","daynight":"N"}},{"type":"Feature","geometry":{"type":"Point","coordinates":[-121.67024,36.24129]},"properties":{"frp":3.61,"date":"2026-08-23","daynight":"N"}},{"type":"Feature","geometry":{"type":"Point","coordinates":[-121.67468,36.24193]},"properties":{"frp":2.84,"date":"2026-08-23","daynight":"N"}},{"type":"Feature","geometry":{"type":"Point","coordinates":[-121.67908,36.24256]},"properties":{"frp":2.84,"date":"2026-08-23","daynight":"N"}},{"type":"Feature","geometry":{"type":"Point","coordinates":[-121.68336,36.24317]},"properties":{"frp":1.38,"date":"2026-08-23","daynight":"N"}},{"type":"Feature","geometry":{"type":"Point","coordinates":[-121.66949,36.24463]},"properties":{"frp":3.61,"date":"2026-08-23","daynight":"N"}},{"type":"Feature","geometry":{"type":"Point","coordinates":[-121.67394,36.24527]},"properties":{"frp":2.84,"date":"2026-08-23","daynight":"N"}},{"type":"Feature","geometry":{"type":"Point","coordinates":[-121.67838,36.2459]},"properties":{"frp":2.84,"date":"2026-08-23","daynight":"N"}},{"type":"Feature","geometry":{"type":"Point","coordinates":[-121.68273,36.24652]},"properties":{"frp":1.38,"date":"2026-08-23","daynight":"N"}},{"type":"Feature","geometry":{"type":"Point","coordinates":[-121.67313,36.2486]},"properties":{"frp":1.53,"date":"2026-08-23","daynight":"N"}},{"type":"Feature","geometry":{"type":"Point","coordinates":[-121.67753,36.24923]},"properties":{"frp":1.53,"date":"2026-08-23","daynight":"N"}},{"type":"Feature","geometry":{"type":"Point","coordinates":[-121.70477,36.24968]},"properties":{"frp":3.6,"date":"2026-08-23","daynight":"N"}},{"type":"Feature","geometry":{"type":"Point","coordinates":[-121.6819,36.24985]},"properties":{"frp":1.88,"date":"2026-08-23","daynight":"N"}},{"type":"Feature","geometry":{"type":"Point","coordinates":[-121.70918,36.25031]},"properties":{"frp":5.05,"date":"2026-08-23","daynight":"N"}},{"type":"Feature","geometry":{"type":"Point","coordinates":[-121.71788,36.25156]},"properties":{"frp":6.06,"date":"2026-08-23","daynight":"N"}},{"type":"Feature","geometry":{"type":"Point","coordinates":[-121.67232,36.25192]},"properties":{"frp":1.53,"date":"2026-08-23","daynight":"N"}},{"type":"Feature","geometry":{"type":"Point","coordinates":[-121.72227,36.25218]},"properties":{"frp":6.06,"date":"2026-08-23","daynight":"N"}},{"type":"Feature","geometry":{"type":"Point","coordinates":[-121.72677,36.25282]},"properties":{"frp":3.89,"date":"2026-08-23","daynight":"N"}},{"type":"Feature","geometry":{"type":"Point","coordinates":[-121.70409,36.25303]},"properties":{"frp":3.39,"date":"2026-08-23","daynight":"N"}},{"type":"Feature","geometry":{"type":"Point","coordinates":[-121.70845,36.25365]},"properties":{"frp":2.44,"date":"2026-08-23","daynight":"N"}},{"type":"Feature","geometry":{"type":"Point","coordinates":[-121.72139,36.2555]},"properties":{"frp":2.61,"date":"2026-08-23","daynight":"N"}},{"type":"Feature","geometry":{"type":"Point","coordinates":[-121.72587,36.25615]},"properties":{"frp":3.95,"date":"2026-08-23","daynight":"N"}},{"type":"Feature","geometry":{"type":"Point","coordinates":[-121.70762,36.25698]},"properties":{"frp":2.44,"date":"2026-08-23","daynight":"N"}},{"type":"Feature","geometry":{"type":"Point","coordinates":[-121.71191,36.2576]},"properties":{"frp":2.44,"date":"2026-08-23","daynight":"N"}},{"type":"Feature","geometry":{"type":"Point","coordinates":[-121.71617,36.25821]},"properties":{"frp":2.61,"date":"2026-08-23","daynight":"N"}},{"type":"Feature","geometry":{"type":"Point","coordinates":[-121.72041,36.25882]},"properties":{"frp":2.61,"date":"2026-08-23","daynight":"N"}},{"type":"Feature","geometry":{"type":"Point","coordinates":[-121.72486,36.25945]},"properties":{"frp":3.95,"date":"2026-08-23","daynight":"N"}},{"type":"Feature","geometry":{"type":"Point","coordinates":[-121.71109,36.26093]},"properties":{"frp":2.73,"date":"2026-08-23","daynight":"N"}},{"type":"Feature","geometry":{"type":"Point","coordinates":[-121.71531,36.26153]},"properties":{"frp":6.57,"date":"2026-08-23","daynight":"N"}},{"type":"Feature","geometry":{"type":"Point","coordinates":[-121.71953,36.26214]},"properties":{"frp":6.57,"date":"2026-08-23","daynight":"N"}},{"type":"Feature","geometry":{"type":"Point","coordinates":[-121.72393,36.26277]},"properties":{"frp":7.61,"date":"2026-08-23","daynight":"N"}},{"type":"Feature","geometry":{"type":"Point","coordinates":[-121.70589,36.26363]},"properties":{"frp":2.73,"date":"2026-08-23","daynight":"N"}},{"type":"Feature","geometry":{"type":"Point","coordinates":[-121.7102,36.26425]},"properties":{"frp":2.73,"date":"2026-08-23","daynight":"N"}},{"type":"Feature","geometry":{"type":"Point","coordinates":[-121.7145,36.26487]},"properties":{"frp":6.57,"date":"2026-08-23","daynight":"N"}},{"type":"Feature","geometry":{"type":"Point","coordinates":[-121.71877,36.26548]},"properties":{"frp":6.57,"date":"2026-08-23","daynight":"N"}},{"type":"Feature","geometry":{"type":"Point","coordinates":[-121.6965,36.26573]},"properties":{"frp":1.76,"date":"2026-08-23","daynight":"N"}},{"type":"Feature","geometry":{"type":"Point","coordinates":[-121.72321,36.26611]},"properties":{"frp":7.61,"date":"2026-08-23","daynight":"N"}},{"type":"Feature","geometry":{"type":"Point","coordinates":[-121.70501,36.26695]},"properties":{"frp":7.11,"date":"2026-08-23","daynight":"N"}},{"type":"Feature","geometry":{"type":"Point","coordinates":[-121.70933,36.26757]},"properties":{"frp":7.11,"date":"2026-08-23","daynight":"N"}},{"type":"Feature","geometry":{"type":"Point","coordinates":[-121.71365,36.26819]},"properties":{"frp":26.43,"date":"2026-08-23","daynight":"N"}},{"type":"Feature","geometry":{"type":"Point","coordinates":[-121.71806,36.26882]},"properties":{"frp":26.43,"date":"2026-08-23","daynight":"N"}},{"type":"Feature","geometry":{"type":"Point","coordinates":[-121.69566,36.26905]},"properties":{"frp":1.76,"date":"2026-08-23","daynight":"N"}},{"type":"Feature","geometry":{"type":"Point","coordinates":[-121.72256,36.26947]},"properties":{"frp":11.38,"date":"2026-08-23","daynight":"N"}},{"type":"Feature","geometry":{"type":"Point","coordinates":[-121.69994,36.26966]},"properties":{"frp":1.76,"date":"2026-08-23","daynight":"N"}},{"type":"Feature","geometry":{"type":"Point","coordinates":[-121.67662,36.26977]},"properties":{"frp":0.94,"date":"2026-08-23","daynight":"N"}},{"type":"Feature","geometry":{"type":"Point","coordinates":[-121.70844,36.27089]},"properties":{"frp":7.11,"date":"2026-08-23","daynight":"N"}},{"type":"Feature","geometry":{"type":"Point","coordinates":[-121.71278,36.27151]},"properties":{"frp":26.43,"date":"2026-08-23","daynight":"N"}},{"type":"Feature","geometry":{"type":"Point","coordinates":[-121.6902,36.27172]},"properties":{"frp":2.56,"date":"2026-08-23","daynight":"N"}},{"type":"Feature","geometry":{"type":"Point","coordinates":[-121.71726,36.27215]},"properties":{"frp":26.43,"date":"2026-08-23","daynight":"N"}},{"type":"Feature","geometry":{"type":"Point","coordinates":[-121.69479,36.27237]},"properties":{"frp":4.26,"date":"2026-08-23","daynight":"N"}},{"type":"Feature","geometry":{"type":"Point","coordinates":[-121.69911,36.27299]},"properties":{"frp":4.26,"date":"2026-08-23","daynight":"N"}},{"type":"Feature","geometry":{"type":"Point","coordinates":[-121.6757,36.27308]},"properties":{"frp":0.94,"date":"2026-08-23","daynight":"N"}},{"type":"Feature","geometry":{"type":"Point","coordinates":[-121.7076,36.27422]},"properties":{"frp":3.31,"date":"2026-08-23","daynight":"N"}},{"type":"Feature","geometry":{"type":"Point","coordinates":[-121.71189,36.27483]},"properties":{"frp":90.22,"date":"2026-08-23","daynight":"N"}},{"type":"Feature","geometry":{"type":"Point","coordinates":[-121.71639,36.27547]},"properties":{"frp":90.22,"date":"2026-08-23","daynight":"N"}},{"type":"Feature","geometry":{"type":"Point","coordinates":[-121.67914,36.27702]},"properties":{"frp":1.03,"date":"2026-08-23","daynight":"N"}},{"type":"Feature","geometry":{"type":"Point","coordinates":[-121.71101,36.27815]},"properties":{"frp":90.22,"date":"2026-08-23","daynight":"N"}},{"type":"Feature","geometry":{"type":"Point","coordinates":[-121.71552,36.2788]},"properties":{"frp":90.22,"date":"2026-08-23","daynight":"N"}},{"type":"Feature","geometry":{"type":"Point","coordinates":[-121.71027,36.28149]},"properties":{"frp":0.45,"date":"2026-08-23","daynight":"N"}},{"type":"Feature","geometry":{"type":"Point","coordinates":[-121.67748,36.28366]},"properties":{"frp":1.53,"date":"2026-08-23","daynight":"N"}},{"type":"Feature","geometry":{"type":"Point","coordinates":[-121.70947,36.28482]},"properties":{"frp":0.45,"date":"2026-08-23","daynight":"N"}},{"type":"Feature","geometry":{"type":"Point","coordinates":[-119.92234,39.55196]},"properties":{"frp":0.42,"date":"2026-08-23","daynight":"N"}},{"type":"Feature","geometry":{"type":"Point","coordinates":[-119.91924,39.5547]},"properties":{"frp":1.91,"date":"2026-08-23","daynight":"N"}},{"type":"Feature","geometry":{"type":"Point","coordinates":[-119.92367,39.55537]},"properties":{"frp":1.12,"date":"2026-08-23","daynight":"N"}},{"type":"Feature","geometry":{"type":"Point","coordinates":[-119.91393,39.55732]},"properties":{"frp":1.91,"date":"2026-08-23","daynight":"N"}},{"type":"Feature","geometry":{"type":"Point","coordinates":[-119.91836,39.55798]},"properties":{"frp":1.91,"date":"2026-08-23","daynight":"N"}},{"type":"Feature","geometry":{"type":"Point","coordinates":[-119.92277,39.55865]},"properties":{"frp":1.12,"date":"2026-08-23","daynight":"N"}},{"type":"Feature","geometry":{"type":"Point","coordinates":[-119.8717,39.57827]},"properties":{"frp":1.31,"date":"2026-08-23","daynight":"N"}},{"type":"Feature","geometry":{"type":"Point","coordinates":[-119.96841,39.57909]},"properties":{"frp":0.96,"date":"2026-08-23","daynight":"N"}},{"type":"Feature","geometry":{"type":"Point","coordinates":[-119.96759,39.58237]},"properties":{"frp":7.37,"date":"2026-08-23","daynight":"N"}},{"type":"Feature","geometry":{"type":"Point","coordinates":[-119.97208,39.58304]},"properties":{"frp":5.04,"date":"2026-08-23","daynight":"N"}},{"type":"Feature","geometry":{"type":"Point","coordinates":[-119.96675,39.58566]},"properties":{"frp":7.37,"date":"2026-08-23","daynight":"N"}},{"type":"Feature","geometry":{"type":"Point","coordinates":[-119.92894,39.58685]},"properties":{"frp":1.28,"date":"2026-08-23","daynight":"N"}},{"type":"Feature","geometry":{"type":"Point","coordinates":[-119.96137,39.58828]},"properties":{"frp":4.1,"date":"2026-08-23","daynight":"N"}},{"type":"Feature","geometry":{"type":"Point","coordinates":[-119.96592,39.58894]},"properties":{"frp":4.1,"date":"2026-08-23","daynight":"N"}},{"type":"Feature","geometry":{"type":"Point","coordinates":[-119.92384,39.58949]},"properties":{"frp":2.7,"date":"2026-08-23","daynight":"N"}},{"type":"Feature","geometry":{"type":"Point","coordinates":[-119.92819,39.59015]},"properties":{"frp":2.7,"date":"2026-08-23","daynight":"N"}},{"type":"Feature","geometry":{"type":"Point","coordinates":[-119.96505,39.59223]},"properties":{"frp":4.1,"date":"2026-08-23","daynight":"N"}},{"type":"Feature","geometry":{"type":"Point","coordinates":[-119.9231,39.59278]},"properties":{"frp":2.7,"date":"2026-08-23","daynight":"N"}},{"type":"Feature","geometry":{"type":"Point","coordinates":[-119.92745,39.59344]},"properties":{"frp":2.7,"date":"2026-08-23","daynight":"N"}},{"type":"Feature","geometry":{"type":"Point","coordinates":[-119.93184,39.5941]},"properties":{"frp":0.75,"date":"2026-08-23","daynight":"N"}},{"type":"Feature","geometry":{"type":"Point","coordinates":[-119.91798,39.59542]},"properties":{"frp":1.05,"date":"2026-08-23","daynight":"N"}},{"type":"Feature","geometry":{"type":"Point","coordinates":[-119.9642,39.59551]},"properties":{"frp":11.94,"date":"2026-08-23","daynight":"N"}},{"type":"Feature","geometry":{"type":"Point","coordinates":[-119.92234,39.59608]},"properties":{"frp":3.69,"date":"2026-08-23","daynight":"N"}},{"type":"Feature","geometry":{"type":"Point","coordinates":[-119.96873,39.59618]},"properties":{"frp":15.22,"date":"2026-08-23","daynight":"N"}},{"type":"Feature","geometry":{"type":"Point","coordinates":[-119.92673,39.59674]},"properties":{"frp":3.69,"date":"2026-08-23","daynight":"N"}},{"type":"Feature","geometry":{"type":"Point","coordinates":[-119.9311,39.59739]},"properties":{"frp":2.38,"date":"2026-08-23","daynight":"N"}},{"type":"Feature","geometry":{"type":"Point","coordinates":[-119.93549,39.59805]},"properties":{"frp":2.38,"date":"2026-08-23","daynight":"N"}},{"type":"Feature","geometry":{"type":"Point","coordinates":[-119.95885,39.59813]},"properties":{"frp":11.94,"date":"2026-08-23","daynight":"N"}},{"type":"Feature","geometry":{"type":"Point","coordinates":[-119.93993,39.59872]},"properties":{"frp":1.23,"date":"2026-08-23","daynight":"N"}},{"type":"Feature","geometry":{"type":"Point","coordinates":[-119.91726,39.59872]},"properties":{"frp":1.05,"date":"2026-08-23","daynight":"N"}},{"type":"Feature","geometry":{"type":"Point","coordinates":[-119.96338,39.59879]},"properties":{"frp":11.94,"date":"2026-08-23","daynight":"N"}},{"type":"Feature","geometry":{"type":"Point","coordinates":[-119.92165,39.59938]},"properties":{"frp":3.69,"date":"2026-08-23","daynight":"N"}},{"type":"Feature","geometry":{"type":"Point","coordinates":[-119.96789,39.59946]},"properties":{"frp":15.22,"date":"2026-08-23","daynight":"N"}},{"type":"Feature","geometry":{"type":"Point","coordinates":[-119.92603,39.60003]},"properties":{"frp":3.69,"date":"2026-08-23","daynight":"N"}},{"type":"Feature","geometry":{"type":"Point","coordinates":[-119.9304,39.60069]},"properties":{"frp":2.38,"date":"2026-08-23","daynight":"N"}},{"type":"Feature","geometry":{"type":"Point","coordinates":[-119.93476,39.60135]},"properties":{"frp":2.38,"date":"2026-08-23","daynight":"N"}},{"type":"Feature","geometry":{"type":"Point","coordinates":[-119.95805,39.60141]},"properties":{"frp":19.5,"date":"2026-08-23","daynight":"N"}},{"type":"Feature","geometry":{"type":"Point","coordinates":[-119.93919,39.60201]},"properties":{"frp":1.23,"date":"2026-08-23","daynight":"N"}},{"type":"Feature","geometry":{"type":"Point","coordinates":[-119.96256,39.60209]},"properties":{"frp":19.5,"date":"2026-08-23","daynight":"N"}},{"type":"Feature","geometry":{"type":"Point","coordinates":[-119.94366,39.60268]},"properties":{"frp":1.23,"date":"2026-08-23","daynight":"N"}},{"type":"Feature","geometry":{"type":"Point","coordinates":[-119.92097,39.60268]},"properties":{"frp":0.69,"date":"2026-08-23","daynight":"N"}},{"type":"Feature","geometry":{"type":"Point","coordinates":[-119.96707,39.60276]},"properties":{"frp":12.69,"date":"2026-08-23","daynight":"N"}},{"type":"Feature","geometry":{"type":"Point","coordinates":[-119.92532,39.60334]},"properties":{"frp":0.69,"date":"2026-08-23","daynight":"N"}},{"type":"Feature","geometry":{"type":"Point","coordinates":[-119.92968,39.60399]},"properties":{"frp":16.21,"date":"2026-08-23","daynight":"N"}},{"type":"Feature","geometry":{"type":"Point","coordinates":[-119.95271,39.60403]},"properties":{"frp":6.51,"date":"2026-08-23","daynight":"N"}},{"type":"Feature","geometry":{"type":"Point","coordinates":[-119.93408,39.60465]},"properties":{"frp":16.21,"date":"2026-08-23","daynight":"N"}},{"type":"Feature","geometry":{"type":"Point","coordinates":[-119.95724,39.6047]},"properties":{"frp":19.5,"date":"2026-08-23","daynight":"N"}},{"type":"Feature","geometry":{"type":"Point","coordinates":[-119.93849,39.60531]},"properties":{"frp":16.76,"date":"2026-08-23","daynight":"N"}},{"type":"Feature","geometry":{"type":"Point","coordinates":[-119.96178,39.60537]},"properties":{"frp":19.5,"date":"2026-08-23","daynight":"N"}},{"type":"Feature","geometry":{"type":"Point","coordinates":[-119.94292,39.60597]},"properties":{"frp":16.76,"date":"2026-08-23","daynight":"N"}},{"type":"Feature","geometry":{"type":"Point","coordinates":[-119.96628,39.60604]},"properties":{"frp":12.69,"date":"2026-08-23","daynight":"N"}},{"type":"Feature","geometry":{"type":"Point","coordinates":[-119.94741,39.60664]},"properties":{"frp":14.86,"date":"2026-08-23","daynight":"N"}},{"type":"Feature","geometry":{"type":"Point","coordinates":[-119.92902,39.6073]},"properties":{"frp":16.21,"date":"2026-08-23","daynight":"N"}},{"type":"Feature","geometry":{"type":"Point","coordinates":[-119.95194,39.60732]},"properties":{"frp":14.86,"date":"2026-08-23","daynight":"N"}},{"type":"Feature","geometry":{"type":"Point","coordinates":[-119.93341,39.60796]},"properties":{"frp":16.21,"date":"2026-08-23","daynight":"N"}},{"type":"Feature","geometry":{"type":"Point","coordinates":[-119.95648,39.60799]},"properties":{"frp":36.54,"date":"2026-08-23","daynight":"N"}},{"type":"Feature","geometry":{"type":"Point","coordinates":[-119.93782,39.60862]},"properties":{"frp":16.76,"date":"2026-08-23","daynight":"N"}},{"type":"Feature","geometry":{"type":"Point","coordinates":[-119.96099,39.60867]},"properties":{"frp":36.54,"date":"2026-08-23","daynight":"N"}},{"type":"Feature","geometry":{"type":"Point","coordinates":[-119.94223,39.60928]},"properties":{"frp":16.76,"date":"2026-08-23","daynight":"N"}},{"type":"Feature","geometry":{"type":"Point","coordinates":[-119.96551,39.60934]},"properties":{"frp":0.8,"date":"2026-08-23","daynight":"N"}},{"type":"Feature","geometry":{"type":"Point","coordinates":[-119.94667,39.60994]},"properties":{"frp":14.86,"date":"2026-08-23","daynight":"N"}},{"type":"Feature","geometry":{"type":"Point","coordinates":[-119.95121,39.61061]},"properties":{"frp":14.86,"date":"2026-08-23","daynight":"N"}},{"type":"Feature","geometry":{"type":"Point","coordinates":[-119.93275,39.61126]},"properties":{"frp":1.14,"date":"2026-08-23","daynight":"N"}},{"type":"Feature","geometry":{"type":"Point","coordinates":[-119.95572,39.61129]},"properties":{"frp":36.54,"date":"2026-08-23","daynight":"N"}},{"type":"Feature","geometry":{"type":"Point","coordinates":[-119.96024,39.61196]},"properties":{"frp":36.54,"date":"2026-08-23","daynight":"N"}},{"type":"Feature","geometry":{"type":"Point","coordinates":[-119.94155,39.61258]},"properties":{"frp":11.56,"date":"2026-08-23","daynight":"N"}},{"type":"Feature","geometry":{"type":"Point","coordinates":[-119.96474,39.61264]},"properties":{"frp":0.8,"date":"2026-08-23","daynight":"N"}},{"type":"Feature","geometry":{"type":"Point","coordinates":[-119.94596,39.61324]},"properties":{"frp":75.03,"date":"2026-08-23","daynight":"N"}},{"type":"Feature","geometry":{"type":"Point","coordinates":[-119.95045,39.61391]},"properties":{"frp":75.03,"date":"2026-08-23","daynight":"N"}},{"type":"Feature","geometry":{"type":"Point","coordinates":[-119.93204,39.61456]},"properties":{"frp":1.14,"date":"2026-08-23","daynight":"N"}},{"type":"Feature","geometry":{"type":"Point","coordinates":[-119.95496,39.61458]},"properties":{"frp":12.34,"date":"2026-08-23","daynight":"N"}},{"type":"Feature","geometry":{"type":"Point","coordinates":[-119.95947,39.61526]},"properties":{"frp":12.34,"date":"2026-08-23","daynight":"N"}},{"type":"Feature","geometry":{"type":"Point","coordinates":[-119.94084,39.61588]},"properties":{"frp":11.56,"date":"2026-08-23","daynight":"N"}},{"type":"Feature","geometry":{"type":"Point","coordinates":[-119.94527,39.61655]},"properties":{"frp":75.03,"date":"2026-08-23","daynight":"N"}},{"type":"Feature","geometry":{"type":"Point","coordinates":[-119.94972,39.61721]},"properties":{"frp":75.03,"date":"2026-08-23","daynight":"N"}},{"type":"Feature","geometry":{"type":"Point","coordinates":[-119.9542,39.61788]},"properties":{"frp":12.34,"date":"2026-08-23","daynight":"N"}},{"type":"Feature","geometry":{"type":"Point","coordinates":[-119.88964,39.61844]},"properties":{"frp":0.76,"date":"2026-08-23","daynight":"N"}},{"type":"Feature","geometry":{"type":"Point","coordinates":[-119.93571,39.61852]},"properties":{"frp":2.03,"date":"2026-08-23","daynight":"N"}},{"type":"Feature","geometry":{"type":"Point","coordinates":[-119.95872,39.61855]},"properties":{"frp":12.34,"date":"2026-08-23","daynight":"N"}},{"type":"Feature","geometry":{"type":"Point","coordinates":[-119.8941,39.61911]},"properties":{"frp":0.76,"date":"2026-08-23","daynight":"N"}},{"type":"Feature","geometry":{"type":"Point","coordinates":[-119.91724,39.61917]},"properties":{"frp":1.37,"date":"2026-08-23","daynight":"N"}},{"type":"Feature","geometry":{"type":"Point","coordinates":[-119.94013,39.61918]},"properties":{"frp":2.03,"date":"2026-08-23","daynight":"N"}},{"type":"Feature","geometry":{"type":"Point","coordinates":[-119.9217,39.61983]},"properties":{"frp":1.37,"date":"2026-08-23","daynight":"N"}},{"type":"Feature","geometry":{"type":"Point","coordinates":[-119.94456,39.61985]},"properties":{"frp":24.23,"date":"2026-08-23","daynight":"N"}},{"type":"Feature","geometry":{"type":"Point","coordinates":[-119.949,39.62051]},"properties":{"frp":24.23,"date":"2026-08-23","daynight":"N"}},{"type":"Feature","geometry":{"type":"Point","coordinates":[-119.95345,39.62117]},"properties":{"frp":14.66,"date":"2026-08-23","daynight":"N"}},{"type":"Feature","geometry":{"type":"Point","coordinates":[-119.88883,39.62173]},"properties":{"frp":0.76,"date":"2026-08-23","daynight":"N"}},{"type":"Feature","geometry":{"type":"Point","coordinates":[-119.93498,39.62182]},"properties":{"frp":2.03,"date":"2026-08-23","daynight":"N"}},{"type":"Feature","geometry":{"type":"Point","coordinates":[-119.95795,39.62185]},"properties":{"frp":14.66,"date":"2026-08-23","daynight":"N"}},{"type":"Feature","geometry":{"type":"Point","coordinates":[-119.8933,39.6224]},"properties":{"frp":0.76,"date":"2026-08-23","daynight":"N"}},{"type":"Feature","geometry":{"type":"Point","coordinates":[-119.93939,39.62248]},"properties":{"frp":2.03,"date":"2026-08-23","daynight":"N"}},{"type":"Feature","geometry":{"type":"Point","coordinates":[-119.94382,39.62314]},"properties":{"frp":24.23,"date":"2026-08-23","daynight":"N"}},{"type":"Feature","geometry":{"type":"Point","coordinates":[-119.94829,39.62381]},"properties":{"frp":24.23,"date":"2026-08-23","daynight":"N"}},{"type":"Feature","geometry":{"type":"Point","coordinates":[-119.95274,39.62448]},"properties":{"frp":14.66,"date":"2026-08-23","daynight":"N"}},{"type":"Feature","geometry":{"type":"Point","coordinates":[-119.9342,39.62512]},"properties":{"frp":16.55,"date":"2026-08-23","daynight":"N"}},{"type":"Feature","geometry":{"type":"Point","coordinates":[-119.95723,39.62515]},"properties":{"frp":14.66,"date":"2026-08-23","daynight":"N"}},{"type":"Feature","geometry":{"type":"Point","coordinates":[-119.93865,39.62578]},"properties":{"frp":16.55,"date":"2026-08-23","daynight":"N"}},{"type":"Feature","geometry":{"type":"Point","coordinates":[-119.94309,39.62645]},"properties":{"frp":8.63,"date":"2026-08-23","daynight":"N"}},{"type":"Feature","geometry":{"type":"Point","coordinates":[-119.94755,39.62711]},"properties":{"frp":8.63,"date":"2026-08-23","daynight":"N"}},{"type":"Feature","geometry":{"type":"Point","coordinates":[-119.95201,39.62778]},"properties":{"frp":0.94,"date":"2026-08-23","daynight":"N"}},{"type":"Feature","geometry":{"type":"Point","coordinates":[-119.93343,39.62841]},"properties":{"frp":16.55,"date":"2026-08-23","daynight":"N"}},{"type":"Feature","geometry":{"type":"Point","coordinates":[-119.93787,39.62908]},"properties":{"frp":16.55,"date":"2026-08-23","daynight":"N"}},{"type":"Feature","geometry":{"type":"Point","coordinates":[-119.94234,39.62974]},"properties":{"frp":8.63,"date":"2026-08-23","daynight":"N"}},{"type":"Feature","geometry":{"type":"Point","coordinates":[-119.94679,39.63041]},"properties":{"frp":8.63,"date":"2026-08-23","daynight":"N"}},{"type":"Feature","geometry":{"type":"Point","coordinates":[-119.93706,39.63237]},"properties":{"frp":0.83,"date":"2026-08-23","daynight":"N"}},{"type":"Feature","geometry":{"type":"Point","coordinates":[-119.94152,39.63303]},"properties":{"frp":0.39,"date":"2026-08-23","daynight":"N"}},{"type":"Feature","geometry":{"type":"Point","coordinates":[-119.94601,39.6337]},"properties":{"frp":0.39,"date":"2026-08-23","daynight":"N"}},{"type":"Feature","geometry":{"type":"Point","coordinates":[-109.63136,30.49682]},"properties":{"frp":1.51,"date":"2026-08-23","daynight":"N"}},{"type":"Feature","geometry":{"type":"Point","coordinates":[-109.63184,30.49907]},"properties":{"frp":1.55,"date":"2026-08-23","daynight":"N"}},{"type":"Feature","geometry":{"type":"Point","coordinates":[-120.37412,47.83964]},"properties":{"frp":1.24,"date":"2026-08-23","daynight":"N"}},{"type":"Feature","geometry":{"type":"Point","coordinates":[-120.37233,47.84033]},"properties":{"frp":1.1,"date":"2026-08-23","daynight":"N"}},{"type":"Feature","geometry":{"type":"Point","coordinates":[-120.62072,47.84154]},"properties":{"frp":1.53,"date":"2026-08-23","daynight":"N"}},{"type":"Feature","geometry":{"type":"Point","coordinates":[-120.62081,47.84444]},"properties":{"frp":5.21,"date":"2026-08-23","daynight":"N"}},{"type":"Feature","geometry":{"type":"Point","coordinates":[-120.54752,47.84867]},"properties":{"frp":20.9,"date":"2026-08-23","daynight":"N"}},{"type":"Feature","geometry":{"type":"Point","coordinates":[-120.61504,47.85015]},"properties":{"frp":7.55,"date":"2026-08-23","daynight":"N"}},{"type":"Feature","geometry":{"type":"Point","coordinates":[-120.61976,47.8519]},"properties":{"frp":5.21,"date":"2026-08-23","daynight":"N"}},{"type":"Feature","geometry":{"type":"Point","coordinates":[-120.56064,47.85353]},"properties":{"frp":20.9,"date":"2026-08-23","daynight":"N"}},{"type":"Feature","geometry":{"type":"Point","coordinates":[-120.62573,47.85412]},"properties":{"frp":5.21,"date":"2026-08-23","daynight":"N"}},{"type":"Feature","geometry":{"type":"Point","coordinates":[-120.56998,47.857]},"properties":{"frp":12.36,"date":"2026-08-23","daynight":"N"}},{"type":"Feature","geometry":{"type":"Point","coordinates":[-120.35767,47.85731]},"properties":{"frp":3.82,"date":"2026-08-23","daynight":"N"}},{"type":"Feature","geometry":{"type":"Point","coordinates":[-120.35591,47.85801]},"properties":{"frp":4.16,"date":"2026-08-23","daynight":"N"}},{"type":"Feature","geometry":{"type":"Point","coordinates":[-120.619,47.85947]},"properties":{"frp":2.82,"date":"2026-08-23","daynight":"N"}},{"type":"Feature","geometry":{"type":"Point","coordinates":[-120.37464,47.87148]},"properties":{"frp":3.17,"date":"2026-08-23","daynight":"N"}},{"type":"Feature","geometry":{"type":"Point","coordinates":[-120.3725,47.87217]},"properties":{"frp":1.0,"date":"2026-08-23","daynight":"N"}},{"type":"Feature","geometry":{"type":"Point","coordinates":[-120.38024,47.87507]},"properties":{"frp":1.0,"date":"2026-08-23","daynight":"N"}},{"type":"Feature","geometry":{"type":"Point","coordinates":[-120.38859,47.87664]},"properties":{"frp":1.28,"date":"2026-08-23","daynight":"N"}},{"type":"Feature","geometry":{"type":"Point","coordinates":[-120.39272,47.87976]},"properties":{"frp":1.62,"date":"2026-08-23","daynight":"N"}},{"type":"Feature","geometry":{"type":"Point","coordinates":[-120.38871,47.89411]},"properties":{"frp":2.66,"date":"2026-08-23","daynight":"N"}},{"type":"Feature","geometry":{"type":"Point","coordinates":[-120.39407,47.91194]},"properties":{"frp":2.29,"date":"2026-08-23","daynight":"N"}},{"type":"Feature","geometry":{"type":"Point","coordinates":[-120.61348,47.91233]},"properties":{"frp":1.55,"date":"2026-08-23","daynight":"N"}},{"type":"Feature","geometry":{"type":"Point","coordinates":[-120.61079,47.91403]},"properties":{"frp":0.7,"date":"2026-08-23","daynight":"N"}},{"type":"Feature","geometry":{"type":"Point","coordinates":[-120.40106,47.91455]},"properties":{"frp":2.78,"date":"2026-08-23","daynight":"N"}},{"type":"Feature","geometry":{"type":"Point","coordinates":[-120.39317,47.91952]},"properties":{"frp":2.29,"date":"2026-08-23","daynight":"N"}},{"type":"Feature","geometry":{"type":"Point","coordinates":[-120.39931,47.92181]},"properties":{"frp":2.78,"date":"2026-08-23","daynight":"N"}},{"type":"Feature","geometry":{"type":"Point","coordinates":[-120.62577,48.03703]},"properties":{"frp":1.42,"date":"2026-08-23","daynight":"N"}},{"type":"Feature","geometry":{"type":"Point","coordinates":[-120.62423,48.04013]},"properties":{"frp":1.42,"date":"2026-08-23","daynight":"N"}},{"type":"Feature","geometry":{"type":"Point","coordinates":[-120.81973,48.05397]},"properties":{"frp":12.65,"date":"2026-08-23","daynight":"N"}},{"type":"Feature","geometry":{"type":"Point","coordinates":[-120.81593,48.06804]},"properties":{"frp":4.13,"date":"2026-08-23","daynight":"N"}},{"type":"Feature","geometry":{"type":"Point","coordinates":[-120.82196,48.07026]},"properties":{"frp":4.63,"date":"2026-08-23","daynight":"N"}},{"type":"Feature","geometry":{"type":"Point","coordinates":[-121.99052,45.00127]},"properties":{"frp":2.71,"date":"2026-08-23","daynight":"N"}},{"type":"Feature","geometry":{"type":"Point","coordinates":[-121.99107,45.00328]},"properties":{"frp":6.06,"date":"2026-08-23","daynight":"N"}},{"type":"Feature","geometry":{"type":"Point","coordinates":[-121.9768,45.00426]},"properties":{"frp":2.71,"date":"2026-08-23","daynight":"N"}},{"type":"Feature","geometry":{"type":"Point","coordinates":[-121.98274,45.00645]},"properties":{"frp":2.71,"date":"2026-08-23","daynight":"N"}},{"type":"Feature","geometry":{"type":"Point","coordinates":[-121.98907,45.00878]},"properties":{"frp":5.0,"date":"2026-08-23","daynight":"N"}},{"type":"Feature","geometry":{"type":"Point","coordinates":[-77.25534,25.97509]},"properties":{"frp":4.86,"date":"2026-08-23","daynight":"D"}},{"type":"Feature","geometry":{"type":"Point","coordinates":[-77.25823,25.97925]},"properties":{"frp":7.06,"date":"2026-08-23","daynight":"D"}},{"type":"Feature","geometry":{"type":"Point","coordinates":[-77.25652,25.97963]},"properties":{"frp":4.86,"date":"2026-08-23","daynight":"D"}},{"type":"Feature","geometry":{"type":"Point","coordinates":[-77.26289,25.98308]},"properties":{"frp":18.11,"date":"2026-08-23","daynight":"D"}},{"type":"Feature","geometry":{"type":"Point","coordinates":[-77.25939,25.98378]},"properties":{"frp":7.06,"date":"2026-08-23","daynight":"D"}},{"type":"Feature","geometry":{"type":"Point","coordinates":[-77.26056,25.98832]},"properties":{"frp":5.92,"date":"2026-08-23","daynight":"D"}},{"type":"Feature","geometry":{"type":"Point","coordinates":[-80.8485,25.50486]},"properties":{"frp":4.94,"date":"2026-08-23","daynight":"D"}},{"type":"Feature","geometry":{"type":"Point","coordinates":[-80.8364,25.50652]},"properties":{"frp":1.83,"date":"2026-08-23","daynight":"D"}},{"type":"Feature","geometry":{"type":"Point","coordinates":[-80.83543,25.50802]},"properties":{"frp":2.65,"date":"2026-08-23","daynight":"D"}},{"type":"Feature","geometry":{"type":"Point","coordinates":[-80.85553,25.50805]},"properties":{"frp":7.46,"date":"2026-08-23","daynight":"D"}},{"type":"Feature","geometry":{"type":"Point","coordinates":[-80.85449,25.50944]},"properties":{"frp":5.88,"date":"2026-08-23","daynight":"D"}},{"type":"Feature","geometry":{"type":"Point","coordinates":[-80.86048,25.51403]},"properties":{"frp":5.88,"date":"2026-08-23","daynight":"D"}},{"type":"Feature","geometry":{"type":"Point","coordinates":[-80.81422,25.53121]},"properties":{"frp":7.21,"date":"2026-08-23","daynight":"D"}},{"type":"Feature","geometry":{"type":"Point","coordinates":[-80.80988,25.53226]},"properties":{"frp":7.32,"date":"2026-08-23","daynight":"D"}},{"type":"Feature","geometry":{"type":"Point","coordinates":[-80.81583,25.53684]},"properties":{"frp":7.21,"date":"2026-08-23","daynight":"D"}},{"type":"Feature","geometry":{"type":"Point","coordinates":[-80.81149,25.53788]},"properties":{"frp":7.32,"date":"2026-08-23","daynight":"D"}},{"type":"Feature","geometry":{"type":"Point","coordinates":[-80.76477,26.40754]},"properties":{"frp":6.27,"date":"2026-08-23","daynight":"D"}},{"type":"Feature","geometry":{"type":"Point","coordinates":[-80.76931,26.41029]},"properties":{"frp":4.24,"date":"2026-08-23","daynight":"D"}},{"type":"Feature","geometry":{"type":"Point","coordinates":[-80.78366,32.65303]},"properties":{"frp":2.28,"date":"2026-08-23","daynight":"D"}},{"type":"Feature","geometry":{"type":"Point","coordinates":[-89.45274,39.45578]},"properties":{"frp":3.13,"date":"2026-08-23","daynight":"D"}},{"type":"Feature","geometry":{"type":"Point","coordinates":[-84.38552,39.4838]},"properties":{"frp":2.51,"date":"2026-08-23","daynight":"D"}},{"type":"Feature","geometry":{"type":"Point","coordinates":[-88.46365,40.19352]},"properties":{"frp":2.89,"date":"2026-08-23","daynight":"D"}},{"type":"Feature","geometry":{"type":"Point","coordinates":[-80.60562,40.30935]},"properties":{"frp":3.63,"date":"2026-08-23","daynight":"D"}},{"type":"Feature","geometry":{"type":"Point","coordinates":[-84.92016,41.36653]},"properties":{"frp":5.94,"date":"2026-08-23","daynight":"D"}},{"type":"Feature","geometry":{"type":"Point","coordinates":[-81.67474,41.46227]},"properties":{"frp":6.25,"date":"2026-08-23","daynight":"D"}},{"type":"Feature","geometry":{"type":"Point","coordinates":[-87.1276,41.6361]},"properties":{"frp":3.47,"date":"2026-08-23","daynight":"D"}},{"type":"Feature","geometry":{"type":"Point","coordinates":[-87.1391,41.63876]},"properties":{"frp":5.76,"date":"2026-08-23","daynight":"D"}},{"type":"Feature","geometry":{"type":"Point","coordinates":[-87.13466,41.64001]},"properties":{"frp":5.76,"date":"2026-08-23","daynight":"D"}},{"type":"Feature","geometry":{"type":"Point","coordinates":[-87.42665,41.67138]},"properties":{"frp":3.26,"date":"2026-08-23","daynight":"D"}},{"type":"Feature","geometry":{"type":"Point","coordinates":[-87.42205,41.67268]},"properties":{"frp":7.19,"date":"2026-08-23","daynight":"D"}},{"type":"Feature","geometry":{"type":"Point","coordinates":[-87.4642,41.6727]},"properties":{"frp":4.81,"date":"2026-08-23","daynight":"D"}},{"type":"Feature","geometry":{"type":"Point","coordinates":[-82.42098,42.94865]},"properties":{"frp":3.81,"date":"2026-08-23","daynight":"D"}},{"type":"Feature","geometry":{"type":"Point","coordinates":[-98.89467,24.03701]},"properties":{"frp":12.42,"date":"2026-08-23","daynight":"D"}},{"type":"Feature","geometry":{"type":"Point","coordinates":[-98.29363,24.22247]},"properties":{"frp":22.22,"date":"2026-08-23","daynight":"D"}},{"type":"Feature","geometry":{"type":"Point","coordinates":[-98.29103,24.22392]},"properties":{"frp":16.25,"date":"2026-08-23","daynight":"D"}},{"type":"Feature","geometry":{"type":"Point","coordinates":[-98.29046,24.23065]},"properties":{"frp":45.55,"date":"2026-08-23","daynight":"D"}},{"type":"Feature","geometry":{"type":"Point","coordinates":[-98.2926,24.23124]},"properties":{"frp":29.57,"date":"2026-08-23","daynight":"D"}},{"type":"Feature","geometry":{"type":"Point","coordinates":[-98.28786,24.23208]},"properties":{"frp":27.83,"date":"2026-08-23","daynight":"D"}},{"type":"Feature","geometry":{"type":"Point","coordinates":[-98.28729,24.23883]},"properties":{"frp":76.12,"date":"2026-08-23","daynight":"D"}},{"type":"Feature","geometry":{"type":"Point","coordinates":[-98.38638,24.26273]},"properties":{"frp":33.56,"date":"2026-08-23","daynight":"D"}},{"type":"Feature","geometry":{"type":"Point","coordinates":[-98.39199,24.26553]},"properties":{"frp":60.68,"date":"2026-08-23","daynight":"D"}},{"type":"Feature","geometry":{"type":"Point","coordinates":[-98.38712,24.26641]},"properties":{"frp":60.68,"date":"2026-08-23","daynight":"D"}},{"type":"Feature","geometry":{"type":"Point","coordinates":[-95.3273,28.92131]},"properties":{"frp":9.7,"date":"2026-08-23","daynight":"D"}},{"type":"Feature","geometry":{"type":"Point","coordinates":[-95.32795,28.9246]},"properties":{"frp":9.7,"date":"2026-08-23","daynight":"D"}},{"type":"Feature","geometry":{"type":"Point","coordinates":[-94.94133,29.3764]},"properties":{"frp":2.95,"date":"2026-08-23","daynight":"D"}},{"type":"Feature","geometry":{"type":"Point","coordinates":[-95.04878,29.62203]},"properties":{"frp":3.16,"date":"2026-08-23","daynight":"D"}},{"type":"Feature","geometry":{"type":"Point","coordinates":[-92.63895,29.82208]},"properties":{"frp":38.68,"date":"2026-08-23","daynight":"D"}},{"type":"Feature","geometry":{"type":"Point","coordinates":[-92.63954,29.82561]},"properties":{"frp":51.77,"date":"2026-08-23","daynight":"D"}},{"type":"Feature","geometry":{"type":"Point","coordinates":[-92.63853,29.84741]},"properties":{"frp":13.77,"date":"2026-08-23","daynight":"D"}},{"type":"Feature","geometry":{"type":"Point","coordinates":[-92.63513,29.85507]},"properties":{"frp":5.33,"date":"2026-08-23","daynight":"D"}},{"type":"Feature","geometry":{"type":"Point","coordinates":[-93.33466,30.14616]},"properties":{"frp":5.45,"date":"2026-08-23","daynight":"D"}},{"type":"Feature","geometry":{"type":"Point","coordinates":[-82.2492,30.62391]},"properties":{"frp":13.39,"date":"2026-08-23","daynight":"D"}},{"type":"Feature","geometry":{"type":"Point","coordinates":[-84.80492,30.95477]},"properties":{"frp":15.48,"date":"2026-08-23","daynight":"D"}},{"type":"Feature","geometry":{"type":"Point","coordinates":[-86.69283,31.43709]},"properties":{"frp":29.84,"date":"2026-08-23","daynight":"D"}},{"type":"Feature","geometry":{"type":"Point","coordinates":[-86.68936,31.43737]},"properties":{"frp":77.14,"date":"2026-08-23","daynight":"D"}},{"type":"Feature","geometry":{"type":"Point","coordinates":[-86.68594,31.43765]},"properties":{"frp":77.14,"date":"2026-08-23","daynight":"D"}},{"type":"Feature","geometry":{"type":"Point","coordinates":[-86.68252,31.43792]},"properties":{"frp":42.7,"date":"2026-08-23","daynight":"D"}},{"type":"Feature","geometry":{"type":"Point","coordinates":[-86.69338,31.44213]},"properties":{"frp":29.84,"date":"2026-08-23","daynight":"D"}},{"type":"Feature","geometry":{"type":"Point","coordinates":[-86.68312,31.44297]},"properties":{"frp":42.7,"date":"2026-08-23","daynight":"D"}},{"type":"Feature","geometry":{"type":"Point","coordinates":[-86.69393,31.44718]},"properties":{"frp":7.72,"date":"2026-08-23","daynight":"D"}},{"type":"Feature","geometry":{"type":"Point","coordinates":[-86.69051,31.44746]},"properties":{"frp":15.67,"date":"2026-08-23","daynight":"D"}},{"type":"Feature","geometry":{"type":"Point","coordinates":[-86.68707,31.44773]},"properties":{"frp":15.67,"date":"2026-08-23","daynight":"D"}},{"type":"Feature","geometry":{"type":"Point","coordinates":[-86.68365,31.44802]},"properties":{"frp":11.49,"date":"2026-08-23","daynight":"D"}},{"type":"Feature","geometry":{"type":"Point","coordinates":[-98.81613,31.78474]},"properties":{"frp":34.47,"date":"2026-08-23","daynight":"D"}},{"type":"Feature","geometry":{"type":"Point","coordinates":[-101.92885,32.15247]},"properties":{"frp":10.23,"date":"2026-08-23","daynight":"D"}},{"type":"Feature","geometry":{"type":"Point","coordinates":[-101.99668,32.15529]},"properties":{"frp":8.78,"date":"2026-08-23","daynight":"D"}},{"type":"Feature","geometry":{"type":"Point","coordinates":[-91.46906,32.3227]},"properties":{"frp":7.67,"date":"2026-08-23","daynight":"D"}},{"type":"Feature","geometry":{"type":"Point","coordinates":[-80.78172,32.65421]},"properties":{"frp":7.42,"date":"2026-08-23","daynight":"D"}},{"type":"Feature","geometry":{"type":"Point","coordinates":[-90.96721,32.74003]},"properties":{"frp":29.13,"date":"2026-08-23","daynight":"D"}},{"type":"Feature","geometry":{"type":"Point","coordinates":[-90.96114,32.74069]},"properties":{"frp":29.13,"date":"2026-08-23","daynight":"D"}},{"type":"Feature","geometry":{"type":"Point","coordinates":[-90.96171,32.74466]},"properties":{"frp":29.13,"date":"2026-08-23","daynight":"D"}},{"type":"Feature","geometry":{"type":"Point","coordinates":[-82.98126,32.93756]},"properties":{"frp":3.85,"date":"2026-08-23","daynight":"D"}},{"type":"Feature","geometry":{"type":"Point","coordinates":[-89.51014,33.36626]},"properties":{"frp":28.33,"date":"2026-08-23","daynight":"D"}},{"type":"Feature","geometry":{"type":"Point","coordinates":[-89.51251,33.36708]},"properties":{"frp":34.74,"date":"2026-08-23","daynight":"D"}},{"type":"Feature","geometry":{"type":"Point","coordinates":[-110.8616,33.41335]},"properties":{"frp":5.37,"date":"2026-08-23","daynight":"D"}},{"type":"Feature","geometry":{"type":"Point","coordinates":[-110.86393,33.41898]},"properties":{"frp":9.07,"date":"2026-08-23","daynight":"D"}},{"type":"Feature","geometry":{"type":"Point","coordinates":[-93.26402,33.57442]},"properties":{"frp":5.45,"date":"2026-08-23","daynight":"D"}},{"type":"Feature","geometry":{"type":"Point","coordinates":[-100.98444,33.82497]},"properties":{"frp":9.51,"date":"2026-08-23","daynight":"D"}},{"type":"Feature","geometry":{"type":"Point","coordinates":[-100.98022,33.84834]},"properties":{"frp":11.56,"date":"2026-08-23","daynight":"D"}},{"type":"Feature","geometry":{"type":"Point","coordinates":[-84.79801,34.23539]},"properties":{"frp":4.88,"date":"2026-08-23","daynight":"D"}},{"type":"Feature","geometry":{"type":"Point","coordinates":[-91.38437,34.26907]},"properties":{"frp":6.62,"date":"2026-08-23","daynight":"D"}},{"type":"Feature","geometry":{"type":"Point","coordinates":[-91.39112,34.27238]},"properties":{"frp":10.36,"date":"2026-08-23","daynight":"D"}},{"type":"Feature","geometry":{"type":"Point","coordinates":[-91.38498,34.27303]},"properties":{"frp":10.36,"date":"2026-08-23","daynight":"D"}},{"type":"Feature","geometry":{"type":"Point","coordinates":[-91.38558,34.27699]},"properties":{"frp":10.36,"date":"2026-08-23","daynight":"D"}},{"type":"Feature","geometry":{"type":"Point","coordinates":[-88.26834,34.76989]},"properties":{"frp":12.72,"date":"2026-08-23","daynight":"D"}},{"type":"Feature","geometry":{"type":"Point","coordinates":[-88.26893,34.77465]},"properties":{"frp":7.23,"date":"2026-08-23","daynight":"D"}},{"type":"Feature","geometry":{"type":"Point","coordinates":[-88.26276,34.77514]},"properties":{"frp":7.23,"date":"2026-08-23","daynight":"D"}},{"type":"Feature","geometry":{"type":"Point","coordinates":[-89.94409,35.60876]},"properties":{"frp":6.39,"date":"2026-08-23","daynight":"D"}},{"type":"Feature","geometry":{"type":"Point","coordinates":[-98.1183,36.07198]},"properties":{"frp":4.12,"date":"2026-08-23","daynight":"D"}},{"type":"Feature","geometry":{"type":"Point","coordinates":[-98.11407,36.07265]},"properties":{"frp":4.12,"date":"2026-08-23","daynight":"D"}},{"type":"Feature","geometry":{"type":"Point","coordinates":[-104.23952,35.81179]},"properties":{"frp":33.39,"date":"2026-08-23","daynight":"D"}},{"type":"Feature","geometry":{"type":"Point","coordinates":[-104.23457,35.81186]},"properties":{"frp":55.3,"date":"2026-08-23","daynight":"D"}},{"type":"Feature","geometry":{"type":"Point","coordinates":[-104.23515,35.8127]},"properties":{"frp":33.39,"date":"2026-08-23","daynight":"D"}},{"type":"Feature","geometry":{"type":"Point","coordinates":[-104.23585,35.81588]},"properties":{"frp":20.64,"date":"2026-08-23","daynight":"D"}},{"type":"Feature","geometry":{"type":"Point","coordinates":[-97.76829,37.05626]},"properties":{"frp":4.17,"date":"2026-08-23","daynight":"D"}},{"type":"Feature","geometry":{"type":"Point","coordinates":[-89.45066,39.4527]},"properties":{"frp":3.61,"date":"2026-08-23","daynight":"D"}},{"type":"Feature","geometry":{"type":"Point","coordinates":[-86.83741,39.97214]},"properties":{"frp":4.05,"date":"2026-08-23","daynight":"D"}},{"type":"Feature","geometry":{"type":"Point","coordinates":[-88.46677,40.19457]},"properties":{"frp":4.34,"date":"2026-08-23","daynight":"D"}},{"type":"Feature","geometry":{"type":"Point","coordinates":[-87.85626,41.18133]},"properties":{"frp":2.09,"date":"2026-08-23","daynight":"D"}},{"type":"Feature","geometry":{"type":"Point","coordinates":[-84.0427,41.56358]},"properties":{"frp":6.52,"date":"2026-08-23","daynight":"D"}},{"type":"Feature","geometry":{"type":"Point","coordinates":[-84.04465,41.56599]},"properties":{"frp":5.33,"date":"2026-08-23","daynight":"D"}},{"type":"Feature","geometry":{"type":"Point","coordinates":[-87.13538,41.63418]},"properties":{"frp":4.21,"date":"2026-08-23","daynight":"D"}},{"type":"Feature","geometry":{"type":"Point","coordinates":[-87.13077,41.6344]},"properties":{"frp":6.56,"date":"2026-08-23","daynight":"D"}},{"type":"Feature","geometry":{"type":"Point","coordinates":[-87.14032,41.6394]},"properties":{"frp":3.85,"date":"2026-08-23","daynight":"D"}},{"type":"Feature","geometry":{"type":"Point","coordinates":[-87.13573,41.63962]},"properties":{"frp":3.85,"date":"2026-08-23","daynight":"D"}},{"type":"Feature","geometry":{"type":"Point","coordinates":[-87.13113,41.63984]},"properties":{"frp":4.19,"date":"2026-08-23","daynight":"D"}},{"type":"Feature","geometry":{"type":"Point","coordinates":[-87.4643,41.66954]},"properties":{"frp":6.86,"date":"2026-08-23","daynight":"D"}},{"type":"Feature","geometry":{"type":"Point","coordinates":[-87.451,41.67017]},"properties":{"frp":7.12,"date":"2026-08-23","daynight":"D"}},{"type":"Feature","geometry":{"type":"Point","coordinates":[-87.42518,41.68213]},"properties":{"frp":12.08,"date":"2026-08-23","daynight":"D"}},{"type":"Feature","geometry":{"type":"Point","coordinates":[-115.55632,43.8181]},"properties":{"frp":30.83,"date":"2026-08-23","daynight":"D"}},{"type":"Feature","geometry":{"type":"Point","coordinates":[-115.55625,43.81874]},"properties":{"frp":26.32,"date":"2026-08-23","daynight":"D"}},{"type":"Feature","geometry":{"type":"Point","coordinates":[-115.55215,43.81939]},"properties":{"frp":24.52,"date":"2026-08-23","daynight":"D"}},{"type":"Feature","geometry":{"type":"Point","coordinates":[-115.55202,43.82002]},"properties":{"frp":26.32,"date":"2026-08-23","daynight":"D"}},{"type":"Feature","geometry":{"type":"Point","coordinates":[-115.55959,43.82355]},"properties":{"frp":10.07,"date":"2026-08-23","daynight":"D"}},{"type":"Feature","geometry":{"type":"Point","coordinates":[-115.55492,43.82499]},"properties":{"frp":10.94,"date":"2026-08-23","daynight":"D"}},{"type":"Feature","geometry":{"type":"Point","coordinates":[-115.55145,43.8325]},"properties":{"frp":10.94,"date":"2026-08-23","daynight":"D"}},{"type":"Feature","geometry":{"type":"Point","coordinates":[-115.55908,43.83661]},"properties":{"frp":16.56,"date":"2026-08-23","daynight":"D"}},{"type":"Feature","geometry":{"type":"Point","coordinates":[-115.56055,43.84261]},"properties":{"frp":16.56,"date":"2026-08-23","daynight":"D"}},{"type":"Feature","geometry":{"type":"Point","coordinates":[-115.55094,43.84555]},"properties":{"frp":20.41,"date":"2026-08-23","daynight":"D"}},{"type":"Feature","geometry":{"type":"Point","coordinates":[-115.55367,43.85116]},"properties":{"frp":27.6,"date":"2026-08-23","daynight":"D"}},{"type":"Feature","geometry":{"type":"Point","coordinates":[-95.99752,44.26883]},"properties":{"frp":3.36,"date":"2026-08-23","daynight":"D"}},{"type":"Feature","geometry":{"type":"Point","coordinates":[-95.99928,44.26969]},"properties":{"frp":3.16,"date":"2026-08-23","daynight":"D"}},{"type":"Feature","geometry":{"type":"Point","coordinates":[-118.26374,44.81811]},"properties":{"frp":15.65,"date":"2026-08-23","daynight":"D"}},{"type":"Feature","geometry":{"type":"Point","coordinates":[-118.26627,44.82039]},"properties":{"frp":20.21,"date":"2026-08-23","daynight":"D"}},{"type":"Feature","geometry":{"type":"Point","coordinates":[-118.27285,44.82222]},"properties":{"frp":33.9,"date":"2026-08-23","daynight":"D"}},{"type":"Feature","geometry":{"type":"Point","coordinates":[-118.25877,44.8229]},"properties":{"frp":20.21,"date":"2026-08-23","daynight":"D"}},{"type":"Feature","geometry":{"type":"Point","coordinates":[-118.2528,44.82489]},"properties":{"frp":30.25,"date":"2026-08-23","daynight":"D"}},{"type":"Feature","geometry":{"type":"Point","coordinates":[-118.25883,44.82682]},"properties":{"frp":48.52,"date":"2026-08-23","daynight":"D"}},{"type":"Feature","geometry":{"type":"Point","coordinates":[-118.25325,44.82866]},"properties":{"frp":48.52,"date":"2026-08-23","daynight":"D"}},{"type":"Feature","geometry":{"type":"Point","coordinates":[-118.26221,44.82887]},"properties":{"frp":36.29,"date":"2026-08-23","daynight":"D"}},{"type":"Feature","geometry":{"type":"Point","coordinates":[-118.24799,44.83038]},"properties":{"frp":39.57,"date":"2026-08-23","daynight":"D"}},{"type":"Feature","geometry":{"type":"Point","coordinates":[-118.25664,44.83073]},"properties":{"frp":53.09,"date":"2026-08-23","daynight":"D"}},{"type":"Feature","geometry":{"type":"Point","coordinates":[-118.26253,44.83271]},"properties":{"frp":48.52,"date":"2026-08-23","daynight":"D"}},{"type":"Feature","geometry":{"type":"Point","coordinates":[-118.24071,44.83277]},"properties":{"frp":39.57,"date":"2026-08-23","daynight":"D"}},{"type":"Feature","geometry":{"type":"Point","coordinates":[-118.2574,44.83439]},"properties":{"frp":48.52,"date":"2026-08-23","daynight":"D"}},{"type":"Feature","geometry":{"type":"Point","coordinates":[-118.26595,44.83475]},"properties":{"frp":36.29,"date":"2026-08-23","daynight":"D"}},{"type":"Feature","geometry":{"type":"Point","coordinates":[-118.24461,44.83475]},"properties":{"frp":29.06,"date":"2026-08-23","daynight":"D"}},{"type":"Feature","geometry":{"type":"Point","coordinates":[-118.23272,44.83538]},"properties":{"frp":25.88,"date":"2026-08-23","daynight":"D"}},{"type":"Feature","geometry":{"type":"Point","coordinates":[-118.2515,44.83633]},"properties":{"frp":39.57,"date":"2026-08-23","daynight":"D"}},{"type":"Feature","geometry":{"type":"Point","coordinates":[-118.26063,44.83652]},"properties":{"frp":53.09,"date":"2026-08-23","daynight":"D"}},{"type":"Feature","geometry":{"type":"Point","coordinates":[-118.25517,44.83834]},"properties":{"frp":53.09,"date":"2026-08-23","daynight":"D"}},{"type":"Feature","geometry":{"type":"Point","coordinates":[-118.24338,44.83898]},"properties":{"frp":39.57,"date":"2026-08-23","daynight":"D"}},{"type":"Feature","geometry":{"type":"Point","coordinates":[-118.29105,44.84063]},"properties":{"frp":33.6,"date":"2026-08-23","daynight":"D"}},{"type":"Feature","geometry":{"type":"Point","coordinates":[-118.2467,44.84116]},"properties":{"frp":29.06,"date":"2026-08-23","daynight":"D"}},{"type":"Feature","geometry":{"type":"Point","coordinates":[-118.2351,44.84169]},"properties":{"frp":25.88,"date":"2026-08-23","daynight":"D"}},{"type":"Feature","geometry":{"type":"Point","coordinates":[-118.26402,44.84251]},"properties":{"frp":26.76,"date":"2026-08-23","daynight":"D"}},{"type":"Feature","geometry":{"type":"Point","coordinates":[-118.28394,44.84299]},"properties":{"frp":33.6,"date":"2026-08-23","daynight":"D"}},{"type":"Feature","geometry":{"type":"Point","coordinates":[-118.23896,44.84374]},"properties":{"frp":29.06,"date":"2026-08-23","daynight":"D"}},{"type":"Feature","geometry":{"type":"Point","coordinates":[-118.27789,44.84501]},"properties":{"frp":37.46,"date":"2026-08-23","daynight":"D"}},{"type":"Feature","geometry":{"type":"Point","coordinates":[-118.24919,44.84744]},"properties":{"frp":26.44,"date":"2026-08-23","daynight":"D"}},{"type":"Feature","geometry":{"type":"Point","coordinates":[-118.24143,44.85003]},"properties":{"frp":26.44,"date":"2026-08-23","daynight":"D"}},{"type":"Feature","geometry":{"type":"Point","coordinates":[-118.25083,44.85401]},"properties":{"frp":26.44,"date":"2026-08-23","daynight":"D"}},{"type":"Feature","geometry":{"type":"Point","coordinates":[-118.2705,44.85458]},"properties":{"frp":22.93,"date":"2026-08-23","daynight":"D"}},{"type":"Feature","geometry":{"type":"Point","coordinates":[-94.73806,45.3177]},"properties":{"frp":3.05,"date":"2026-08-23","daynight":"D"}},{"type":"Feature","geometry":{"type":"Point","coordinates":[-94.73883,45.32154]},"properties":{"frp":3.05,"date":"2026-08-23","daynight":"D"}},{"type":"Feature","geometry":{"type":"Point","coordinates":[-113.33882,45.49389]},"properties":{"frp":4.02,"date":"2026-08-23","daynight":"D"}},{"type":"Feature","geometry":{"type":"Point","coordinates":[-118.14832,45.76163]},"properties":{"frp":5.76,"date":"2026-08-23","daynight":"D"}},{"type":"Feature","geometry":{"type":"Point","coordinates":[-118.01595,45.97696]},"properties":{"frp":15.63,"date":"2026-08-23","daynight":"D"}},{"type":"Feature","geometry":{"type":"Point","coordinates":[-118.03116,45.97883]},"properties":{"frp":14.83,"date":"2026-08-23","daynight":"D"}},{"type":"Feature","geometry":{"type":"Point","coordinates":[-118.02101,45.98213]},"properties":{"frp":15.63,"date":"2026-08-23","daynight":"D"}},{"type":"Feature","geometry":{"type":"Point","coordinates":[-118.01441,45.98428]},"properties":{"frp":15.63,"date":"2026-08-23","daynight":"D"}},{"type":"Feature","geometry":{"type":"Point","coordinates":[-115.15158,46.07963]},"properties":{"frp":2.77,"date":"2026-08-23","daynight":"D"}},{"type":"Feature","geometry":{"type":"Point","coordinates":[-115.16212,46.08249]},"properties":{"frp":26.03,"date":"2026-08-23","daynight":"D"}},{"type":"Feature","geometry":{"type":"Point","coordinates":[-115.15751,46.08383]},"properties":{"frp":26.03,"date":"2026-08-23","daynight":"D"}},{"type":"Feature","geometry":{"type":"Point","coordinates":[-115.15276,46.08522]},"properties":{"frp":13.27,"date":"2026-08-23","daynight":"D"}},{"type":"Feature","geometry":{"type":"Point","coordinates":[-115.16689,46.08702]},"properties":{"frp":34.2,"date":"2026-08-23","daynight":"D"}},{"type":"Feature","geometry":{"type":"Point","coordinates":[-115.16162,46.08855]},"properties":{"frp":26.03,"date":"2026-08-23","daynight":"D"}},{"type":"Feature","geometry":{"type":"Point","coordinates":[-115.1571,46.08987]},"properties":{"frp":26.03,"date":"2026-08-23","daynight":"D"}},{"type":"Feature","geometry":{"type":"Point","coordinates":[-115.08875,46.26021]},"properties":{"frp":4.56,"date":"2026-08-23","daynight":"D"}},{"type":"Feature","geometry":{"type":"Point","coordinates":[-115.08652,46.26481]},"properties":{"frp":81.43,"date":"2026-08-23","daynight":"D"}},{"type":"Feature","geometry":{"type":"Point","coordinates":[-115.08527,46.26708]},"properties":{"frp":36.25,"date":"2026-08-23","daynight":"D"}},{"type":"Feature","geometry":{"type":"Point","coordinates":[-115.06483,46.28881]},"properties":{"frp":5.85,"date":"2026-08-23","daynight":"D"}},{"type":"Feature","geometry":{"type":"Point","coordinates":[-115.19568,46.82879]},"properties":{"frp":4.4,"date":"2026-08-23","daynight":"D"}},{"type":"Feature","geometry":{"type":"Point","coordinates":[-96.62968,48.53941]},"properties":{"frp":5.67,"date":"2026-08-23","daynight":"D"}},{"type":"Feature","geometry":{"type":"Point","coordinates":[-96.63715,48.5424]},"properties":{"frp":5.67,"date":"2026-08-23","daynight":"D"}},{"type":"Feature","geometry":{"type":"Point","coordinates":[-119.96143,46.1091]},"properties":{"frp":6.95,"date":"2026-08-23","daynight":"D"}},{"type":"Feature","geometry":{"type":"Point","coordinates":[-119.96547,46.11511]},"properties":{"frp":7.56,"date":"2026-08-23","daynight":"D"}},{"type":"Feature","geometry":{"type":"Point","coordinates":[-121.0592,47.45322]},"properties":{"frp":17.06,"date":"2026-08-23","daynight":"D"}},{"type":"Feature","geometry":{"type":"Point","coordinates":[-121.05441,47.45492]},"properties":{"frp":17.06,"date":"2026-08-23","daynight":"D"}},{"type":"Feature","geometry":{"type":"Point","coordinates":[-121.05836,47.46098]},"properties":{"frp":17.06,"date":"2026-08-23","daynight":"D"}},{"type":"Feature","geometry":{"type":"Point","coordinates":[-120.54858,47.84803]},"properties":{"frp":4.97,"date":"2026-08-23","daynight":"D"}},{"type":"Feature","geometry":{"type":"Point","coordinates":[-120.54307,47.84993]},"properties":{"frp":4.97,"date":"2026-08-23","daynight":"D"}},{"type":"Feature","geometry":{"type":"Point","coordinates":[-120.55696,47.85234]},"properties":{"frp":43.95,"date":"2026-08-23","daynight":"D"}},{"type":"Feature","geometry":{"type":"Point","coordinates":[-120.55214,47.85401]},"properties":{"frp":19.02,"date":"2026-08-23","daynight":"D"}},{"type":"Feature","geometry":{"type":"Point","coordinates":[-120.35204,47.99181]},"properties":{"frp":4.17,"date":"2026-08-23","daynight":"D"}},{"type":"Feature","geometry":{"type":"Point","coordinates":[-116.66982,48.62003]},"properties":{"frp":3.4,"date":"2026-08-23","daynight":"D"}},{"type":"Feature","geometry":{"type":"Point","coordinates":[-116.65745,48.62373]},"properties":{"frp":3.16,"date":"2026-08-23","daynight":"D"}},{"type":"Feature","geometry":{"type":"Point","coordinates":[-111.57259,25.04855]},"properties":{"frp":67.47,"date":"2026-08-23","daynight":"D"}},{"type":"Feature","geometry":{"type":"Point","coordinates":[-111.577,25.04882]},"properties":{"frp":39.33,"date":"2026-08-23","daynight":"D"}},{"type":"Feature","geometry":{"type":"Point","coordinates":[-111.57124,25.04941]},"properties":{"frp":39.33,"date":"2026-08-23","daynight":"D"}},{"type":"Feature","geometry":{"type":"Point","coordinates":[-115.71637,31.15751]},"properties":{"frp":12.61,"date":"2026-08-23","daynight":"D"}},{"type":"Feature","geometry":{"type":"Point","coordinates":[-115.71613,31.15829]},"properties":{"frp":11.99,"date":"2026-08-23","daynight":"D"}},{"type":"Feature","geometry":{"type":"Point","coordinates":[-115.71682,31.16156]},"properties":{"frp":12.61,"date":"2026-08-23","daynight":"D"}},{"type":"Feature","geometry":{"type":"Point","coordinates":[-115.71291,31.162]},"properties":{"frp":12.61,"date":"2026-08-23","daynight":"D"}},{"type":"Feature","geometry":{"type":"Point","coordinates":[-115.79814,31.23121]},"properties":{"frp":34.39,"date":"2026-08-23","daynight":"D"}},{"type":"Feature","geometry":{"type":"Point","coordinates":[-115.79415,31.23165]},"properties":{"frp":27.63,"date":"2026-08-23","daynight":"D"}},{"type":"Feature","geometry":{"type":"Point","coordinates":[-115.79491,31.23564]},"properties":{"frp":27.63,"date":"2026-08-23","daynight":"D"}},{"type":"Feature","geometry":{"type":"Point","coordinates":[-116.10391,32.11526]},"properties":{"frp":1.51,"date":"2026-08-23","daynight":"D"}},{"type":"Feature","geometry":{"type":"Point","coordinates":[-116.09999,32.11568]},"properties":{"frp":1.51,"date":"2026-08-23","daynight":"D"}},{"type":"Feature","geometry":{"type":"Point","coordinates":[-116.10453,32.11925]},"properties":{"frp":1.51,"date":"2026-08-23","daynight":"D"}},{"type":"Feature","geometry":{"type":"Point","coordinates":[-116.10066,32.11967]},"properties":{"frp":1.51,"date":"2026-08-23","daynight":"D"}},{"type":"Feature","geometry":{"type":"Point","coordinates":[-116.09674,32.12009]},"properties":{"frp":6.37,"date":"2026-08-23","daynight":"D"}},{"type":"Feature","geometry":{"type":"Point","coordinates":[-116.11283,32.12241]},"properties":{"frp":55.46,"date":"2026-08-23","daynight":"D"}},{"type":"Feature","geometry":{"type":"Point","coordinates":[-116.10896,32.12283]},"properties":{"frp":55.46,"date":"2026-08-23","daynight":"D"}},{"type":"Feature","geometry":{"type":"Point","coordinates":[-116.11744,32.12597]},"properties":{"frp":5.68,"date":"2026-08-23","daynight":"D"}},{"type":"Feature","geometry":{"type":"Point","coordinates":[-116.10559,32.12725]},"properties":{"frp":43.21,"date":"2026-08-23","daynight":"D"}},{"type":"Feature","geometry":{"type":"Point","coordinates":[-116.11411,32.13038]},"properties":{"frp":5.2,"date":"2026-08-23","daynight":"D"}},{"type":"Feature","geometry":{"type":"Point","coordinates":[-116.1101,32.13081]},"properties":{"frp":5.2,"date":"2026-08-23","daynight":"D"}},{"type":"Feature","geometry":{"type":"Point","coordinates":[-116.10618,32.13124]},"properties":{"frp":9.42,"date":"2026-08-23","daynight":"D"}},{"type":"Feature","geometry":{"type":"Point","coordinates":[-116.11902,32.1339]},"properties":{"frp":14.94,"date":"2026-08-23","daynight":"D"}},{"type":"Feature","geometry":{"type":"Point","coordinates":[-116.11487,32.13435]},"properties":{"frp":5.2,"date":"2026-08-23","daynight":"D"}},{"type":"Feature","geometry":{"type":"Point","coordinates":[-116.11984,32.13787]},"properties":{"frp":3.82,"date":"2026-08-23","daynight":"D"}},{"type":"Feature","geometry":{"type":"Point","coordinates":[-116.12057,32.14183]},"properties":{"frp":3.82,"date":"2026-08-23","daynight":"D"}},{"type":"Feature","geometry":{"type":"Point","coordinates":[-116.12121,32.14582]},"properties":{"frp":1.7,"date":"2026-08-23","daynight":"D"}},{"type":"Feature","geometry":{"type":"Point","coordinates":[-116.08105,32.15019]},"properties":{"frp":8.45,"date":"2026-08-23","daynight":"D"}},{"type":"Feature","geometry":{"type":"Point","coordinates":[-116.07696,32.15063]},"properties":{"frp":44.89,"date":"2026-08-23","daynight":"D"}},{"type":"Feature","geometry":{"type":"Point","coordinates":[-116.08565,32.15375]},"properties":{"frp":8.45,"date":"2026-08-23","daynight":"D"}},{"type":"Feature","geometry":{"type":"Point","coordinates":[-116.12234,32.1538]},"properties":{"frp":14.62,"date":"2026-08-23","daynight":"D"}},{"type":"Feature","geometry":{"type":"Point","coordinates":[-116.11838,32.15423]},"properties":{"frp":12.08,"date":"2026-08-23","daynight":"D"}},{"type":"Feature","geometry":{"type":"Point","coordinates":[-116.11445,32.15467]},"properties":{"frp":12.08,"date":"2026-08-23","daynight":"D"}},{"type":"Feature","geometry":{"type":"Point","coordinates":[-116.10637,32.15554]},"properties":{"frp":7.19,"date":"2026-08-23","daynight":"D"}},{"type":"Feature","geometry":{"type":"Point","coordinates":[-116.10232,32.15599]},"properties":{"frp":19.89,"date":"2026-08-23","daynight":"D"}},{"type":"Feature","geometry":{"type":"Point","coordinates":[-116.09827,32.15643]},"properties":{"frp":19.89,"date":"2026-08-23","daynight":"D"}},{"type":"Feature","geometry":{"type":"Point","coordinates":[-116.12286,32.1578]},"properties":{"frp":14.62,"date":"2026-08-23","daynight":"D"}},{"type":"Feature","geometry":{"type":"Point","coordinates":[-116.11499,32.15865]},"properties":{"frp":12.08,"date":"2026-08-23","daynight":"D"}},{"type":"Feature","geometry":{"type":"Point","coordinates":[-116.11105,32.15909]},"properties":{"frp":7.19,"date":"2026-08-23","daynight":"D"}},{"type":"Feature","geometry":{"type":"Point","coordinates":[-116.10699,32.15953]},"properties":{"frp":7.19,"date":"2026-08-23","daynight":"D"}},{"type":"Feature","geometry":{"type":"Point","coordinates":[-116.10291,32.15998]},"properties":{"frp":19.89,"date":"2026-08-23","daynight":"D"}},{"type":"Feature","geometry":{"type":"Point","coordinates":[-116.1035,32.16397]},"properties":{"frp":7.82,"date":"2026-08-23","daynight":"D"}},{"type":"Feature","geometry":{"type":"Point","coordinates":[-121.66483,36.21519]},"properties":{"frp":7.54,"date":"2026-08-23","daynight":"D"}},{"type":"Feature","geometry":{"type":"Point","coordinates":[-121.67422,36.21728]},"properties":{"frp":70.31,"date":"2026-08-23","daynight":"D"}},{"type":"Feature","geometry":{"type":"Point","coordinates":[-121.66535,36.21855]},"properties":{"frp":7.92,"date":"2026-08-23","daynight":"D"}},{"type":"Feature","geometry":{"type":"Point","coordinates":[-121.66214,36.22586]},"properties":{"frp":5.42,"date":"2026-08-23","daynight":"D"}},{"type":"Feature","geometry":{"type":"Point","coordinates":[-121.65784,36.22647]},"properties":{"frp":22.7,"date":"2026-08-23","daynight":"D"}},{"type":"Feature","geometry":{"type":"Point","coordinates":[-121.6536,36.22707]},"properties":{"frp":22.7,"date":"2026-08-23","daynight":"D"}},{"type":"Feature","geometry":{"type":"Point","coordinates":[-121.66277,36.22919]},"properties":{"frp":5.42,"date":"2026-08-23","daynight":"D"}},{"type":"Feature","geometry":{"type":"Point","coordinates":[-121.65855,36.22979]},"properties":{"frp":22.7,"date":"2026-08-23","daynight":"D"}},{"type":"Feature","geometry":{"type":"Point","coordinates":[-121.65434,36.23038]},"properties":{"frp":22.7,"date":"2026-08-23","daynight":"D"}},{"type":"Feature","geometry":{"type":"Point","coordinates":[-121.65008,36.23099]},"properties":{"frp":37.52,"date":"2026-08-23","daynight":"D"}},{"type":"Feature","geometry":{"type":"Point","coordinates":[-121.69083,36.23202]},"properties":{"frp":8.94,"date":"2026-08-23","daynight":"D"}},{"type":"Feature","geometry":{"type":"Point","coordinates":[-121.68638,36.23267]},"properties":{"frp":7.41,"date":"2026-08-23","daynight":"D"}},{"type":"Feature","geometry":{"type":"Point","coordinates":[-121.67062,36.2452]},"properties":{"frp":24.57,"date":"2026-08-23","daynight":"D"}},{"type":"Feature","geometry":{"type":"Point","coordinates":[-121.66635,36.2458]},"properties":{"frp":24.57,"date":"2026-08-23","daynight":"D"}},{"type":"Feature","geometry":{"type":"Point","coordinates":[-121.67138,36.24851]},"properties":{"frp":24.57,"date":"2026-08-23","daynight":"D"}},{"type":"Feature","geometry":{"type":"Point","coordinates":[-121.66711,36.24912]},"properties":{"frp":24.57,"date":"2026-08-23","daynight":"D"}},{"type":"Feature","geometry":{"type":"Point","coordinates":[-121.66286,36.24972]},"properties":{"frp":9.42,"date":"2026-08-23","daynight":"D"}},{"type":"Feature","geometry":{"type":"Point","coordinates":[-121.72428,36.25032]},"properties":{"frp":9.7,"date":"2026-08-23","daynight":"D"}},{"type":"Feature","geometry":{"type":"Point","coordinates":[-121.67088,36.251]},"properties":{"frp":16.87,"date":"2026-08-23","daynight":"D"}},{"type":"Feature","geometry":{"type":"Point","coordinates":[-121.725,36.25364]},"properties":{"frp":9.7,"date":"2026-08-23","daynight":"D"}},{"type":"Feature","geometry":{"type":"Point","coordinates":[-121.67166,36.25431]},"properties":{"frp":16.87,"date":"2026-08-23","daynight":"D"}},{"type":"Feature","geometry":{"type":"Point","coordinates":[-121.72165,36.25753]},"properties":{"frp":23.19,"date":"2026-08-23","daynight":"D"}},{"type":"Feature","geometry":{"type":"Point","coordinates":[-121.72256,36.26083]},"properties":{"frp":23.19,"date":"2026-08-23","daynight":"D"}},{"type":"Feature","geometry":{"type":"Point","coordinates":[-121.7233,36.26414]},"properties":{"frp":4.4,"date":"2026-08-23","daynight":"D"}},{"type":"Feature","geometry":{"type":"Point","coordinates":[-121.72395,36.26747]},"properties":{"frp":4.4,"date":"2026-08-23","daynight":"D"}},{"type":"Feature","geometry":{"type":"Point","coordinates":[-121.71968,36.26807]},"properties":{"frp":5.61,"date":"2026-08-23","daynight":"D"}},{"type":"Feature","geometry":{"type":"Point","coordinates":[-121.71535,36.26869]},"properties":{"frp":5.61,"date":"2026-08-23","daynight":"D"}},{"type":"Feature","geometry":{"type":"Point","coordinates":[-121.70224,36.27054]},"properties":{"frp":16.15,"date":"2026-08-23","daynight":"D"}},{"type":"Feature","geometry":{"type":"Point","coordinates":[-121.6759,36.27084]},"properties":{"frp":4.92,"date":"2026-08-23","daynight":"D"}},{"type":"Feature","geometry":{"type":"Point","coordinates":[-121.69775,36.27117]},"properties":{"frp":16.15,"date":"2026-08-23","daynight":"D"}},{"type":"Feature","geometry":{"type":"Point","coordinates":[-121.72035,36.2714]},"properties":{"frp":15.03,"date":"2026-08-23","daynight":"D"}},{"type":"Feature","geometry":{"type":"Point","coordinates":[-121.69347,36.27177]},"properties":{"frp":7.27,"date":"2026-08-23","daynight":"D"}},{"type":"Feature","geometry":{"type":"Point","coordinates":[-121.71613,36.272]},"properties":{"frp":15.03,"date":"2026-08-23","daynight":"D"}},{"type":"Feature","geometry":{"type":"Point","coordinates":[-121.68933,36.27236]},"properties":{"frp":7.27,"date":"2026-08-23","daynight":"D"}},{"type":"Feature","geometry":{"type":"Point","coordinates":[-121.6852,36.27295]},"properties":{"frp":8.23,"date":"2026-08-23","daynight":"D"}},{"type":"Feature","geometry":{"type":"Point","coordinates":[-121.6986,36.27447]},"properties":{"frp":19.25,"date":"2026-08-23","daynight":"D"}},{"type":"Feature","geometry":{"type":"Point","coordinates":[-121.69429,36.27508]},"properties":{"frp":7.7,"date":"2026-08-23","daynight":"D"}},{"type":"Feature","geometry":{"type":"Point","coordinates":[-121.71692,36.27531]},"properties":{"frp":15.03,"date":"2026-08-23","daynight":"D"}},{"type":"Feature","geometry":{"type":"Point","coordinates":[-121.69013,36.27567]},"properties":{"frp":7.7,"date":"2026-08-23","daynight":"D"}},{"type":"Feature","geometry":{"type":"Point","coordinates":[-121.71268,36.2759]},"properties":{"frp":10.33,"date":"2026-08-23","daynight":"D"}},{"type":"Feature","geometry":{"type":"Point","coordinates":[-121.70831,36.27652]},"properties":{"frp":10.33,"date":"2026-08-23","daynight":"D"}},{"type":"Feature","geometry":{"type":"Point","coordinates":[-121.69093,36.27898]},"properties":{"frp":7.7,"date":"2026-08-23","daynight":"D"}},{"type":"Feature","geometry":{"type":"Point","coordinates":[-121.71351,36.27921]},"properties":{"frp":10.15,"date":"2026-08-23","daynight":"D"}},{"type":"Feature","geometry":{"type":"Point","coordinates":[-121.70915,36.27983]},"properties":{"frp":10.15,"date":"2026-08-23","daynight":"D"}},{"type":"Feature","geometry":{"type":"Point","coordinates":[-121.70992,36.28313]},"properties":{"frp":10.15,"date":"2026-08-23","daynight":"D"}},{"type":"Feature","geometry":{"type":"Point","coordinates":[-121.68275,39.13246]},"properties":{"frp":10.84,"date":"2026-08-23","daynight":"D"}},{"type":"Feature","geometry":{"type":"Point","coordinates":[-119.97089,39.58269]},"properties":{"frp":21.58,"date":"2026-08-23","daynight":"D"}},{"type":"Feature","geometry":{"type":"Point","coordinates":[-119.96637,39.58691]},"properties":{"frp":62.3,"date":"2026-08-23","daynight":"D"}},{"type":"Feature","geometry":{"type":"Point","coordinates":[-119.96712,39.5905]},"properties":{"frp":62.3,"date":"2026-08-23","daynight":"D"}},{"type":"Feature","geometry":{"type":"Point","coordinates":[-119.92397,39.59193]},"properties":{"frp":27.87,"date":"2026-08-23","daynight":"D"}},{"type":"Feature","geometry":{"type":"Point","coordinates":[-119.9679,39.59409]},"properties":{"frp":94.12,"date":"2026-08-23","daynight":"D"}},{"type":"Feature","geometry":{"type":"Point","coordinates":[-119.96277,39.5947]},"properties":{"frp":6.67,"date":"2026-08-23","daynight":"D"}},{"type":"Feature","geometry":{"type":"Point","coordinates":[-119.92439,39.59558]},"properties":{"frp":27.87,"date":"2026-08-23","daynight":"D"}},{"type":"Feature","geometry":{"type":"Point","coordinates":[-119.96863,39.59769]},"properties":{"frp":94.12,"date":"2026-08-23","daynight":"D"}},{"type":"Feature","geometry":{"type":"Point","coordinates":[-119.96345,39.59831]},"properties":{"frp":6.67,"date":"2026-08-23","daynight":"D"}},{"type":"Feature","geometry":{"type":"Point","coordinates":[-119.95824,39.59893]},"properties":{"frp":6.67,"date":"2026-08-23","daynight":"D"}},{"type":"Feature","geometry":{"type":"Point","coordinates":[-119.96928,39.6013]},"properties":{"frp":153.0,"date":"2026-08-23","daynight":"D"}},{"type":"Feature","geometry":{"type":"Point","coordinates":[-119.95885,39.60255]},"properties":{"frp":53.25,"date":"2026-08-23","daynight":"D"}},{"type":"Feature","geometry":{"type":"Point","coordinates":[-119.96461,39.60555]},"properties":{"frp":53.25,"date":"2026-08-23","daynight":"D"}},{"type":"Feature","geometry":{"type":"Point","coordinates":[-119.95932,39.60618]},"properties":{"frp":53.25,"date":"2026-08-23","daynight":"D"}},{"type":"Feature","geometry":{"type":"Point","coordinates":[-119.96125,39.60696]},"properties":{"frp":99.91,"date":"2026-08-23","daynight":"D"}},{"type":"Feature","geometry":{"type":"Point","coordinates":[-119.95598,39.60757]},"properties":{"frp":99.91,"date":"2026-08-23","daynight":"D"}},{"type":"Feature","geometry":{"type":"Point","coordinates":[-119.94337,39.60808]},"properties":{"frp":9.7,"date":"2026-08-23","daynight":"D"}},{"type":"Feature","geometry":{"type":"Point","coordinates":[-119.967,39.60998]},"properties":{"frp":84.38,"date":"2026-08-23","daynight":"D"}},{"type":"Feature","geometry":{"type":"Point","coordinates":[-119.95444,39.61045]},"properties":{"frp":30.61,"date":"2026-08-23","daynight":"D"}},{"type":"Feature","geometry":{"type":"Point","coordinates":[-119.95638,39.6112]},"properties":{"frp":99.91,"date":"2026-08-23","daynight":"D"}},{"type":"Feature","geometry":{"type":"Point","coordinates":[-119.94347,39.61176]},"properties":{"frp":48.91,"date":"2026-08-23","daynight":"D"}},{"type":"Feature","geometry":{"type":"Point","coordinates":[-119.94554,39.61245]},"properties":{"frp":100.26,"date":"2026-08-23","daynight":"D"}},{"type":"Feature","geometry":{"type":"Point","coordinates":[-119.96545,39.61283]},"properties":{"frp":85.74,"date":"2026-08-23","daynight":"D"}},{"type":"Feature","geometry":{"type":"Point","coordinates":[-119.96011,39.61347]},"properties":{"frp":85.74,"date":"2026-08-23","daynight":"D"}},{"type":"Feature","geometry":{"type":"Point","coordinates":[-119.95481,39.6141]},"properties":{"frp":30.61,"date":"2026-08-23","daynight":"D"}},{"type":"Feature","geometry":{"type":"Point","coordinates":[-119.95676,39.61485]},"properties":{"frp":49.97,"date":"2026-08-23","daynight":"D"}},{"type":"Feature","geometry":{"type":"Point","coordinates":[-119.95135,39.61547]},"properties":{"frp":12.3,"date":"2026-08-23","daynight":"D"}},{"type":"Feature","geometry":{"type":"Point","coordinates":[-112.03388,39.91254]},"properties":{"frp":24.64,"date":"2026-08-23","daynight":"D"}},{"type":"Feature","geometry":{"type":"Point","coordinates":[-112.0407,39.9177]},"properties":{"frp":24.64,"date":"2026-08-23","daynight":"D"}},{"type":"Feature","geometry":{"type":"Point","coordinates":[-112.03451,39.91801]},"properties":{"frp":24.64,"date":"2026-08-23","daynight":"D"}},{"type":"Feature","geometry":{"type":"Point","coordinates":[-121.66499,42.41197]},"properties":{"frp":8.25,"date":"2026-08-23","daynight":"D"}},{"type":"Feature","geometry":{"type":"Point","coordinates":[-121.66547,42.4155]},"properties":{"frp":8.25,"date":"2026-08-23","daynight":"D"}},{"type":"Feature","geometry":{"type":"Point","coordinates":[-115.54914,43.81816]},"properties":{"frp":18.89,"date":"2026-08-23","daynight":"D"}},{"type":"Feature","geometry":{"type":"Point","coordinates":[-115.54106,43.81869]},"properties":{"frp":18.89,"date":"2026-08-23","daynight":"D"}},{"type":"Feature","geometry":{"type":"Point","coordinates":[-115.55763,43.82234]},"properties":{"frp":9.5,"date":"2026-08-23","daynight":"D"}},{"type":"Feature","geometry":{"type":"Point","coordinates":[-115.55794,43.82709]},"properties":{"frp":9.5,"date":"2026-08-23","daynight":"D"}},{"type":"Feature","geometry":{"type":"Point","coordinates":[-115.55892,43.83178]},"properties":{"frp":59.4,"date":"2026-08-23","daynight":"D"}},{"type":"Feature","geometry":{"type":"Point","coordinates":[-115.55227,43.83223]},"properties":{"frp":47.81,"date":"2026-08-23","daynight":"D"}},{"type":"Feature","geometry":{"type":"Point","coordinates":[-115.56751,43.83596]},"properties":{"frp":59.4,"date":"2026-08-23","daynight":"D"}},{"type":"Feature","geometry":{"type":"Point","coordinates":[-115.56034,43.83645]},"properties":{"frp":59.4,"date":"2026-08-23","daynight":"D"}},{"type":"Feature","geometry":{"type":"Point","coordinates":[-115.55364,43.8369]},"properties":{"frp":47.81,"date":"2026-08-23","daynight":"D"}},{"type":"Feature","geometry":{"type":"Point","coordinates":[-115.56889,43.84063]},"properties":{"frp":11.38,"date":"2026-08-23","daynight":"D"}},{"type":"Feature","geometry":{"type":"Point","coordinates":[-115.56344,43.84575]},"properties":{"frp":11.38,"date":"2026-08-23","daynight":"D"}},{"type":"Feature","geometry":{"type":"Point","coordinates":[-115.55592,43.84627]},"properties":{"frp":30.93,"date":"2026-08-23","daynight":"D"}},{"type":"Feature","geometry":{"type":"Point","coordinates":[-118.27008,44.81722]},"properties":{"frp":14.18,"date":"2026-08-23","daynight":"D"}},{"type":"Feature","geometry":{"type":"Point","coordinates":[-118.26488,44.81768]},"properties":{"frp":14.18,"date":"2026-08-23","daynight":"D"}},{"type":"Feature","geometry":{"type":"Point","coordinates":[-118.25975,44.81813]},"properties":{"frp":8.28,"date":"2026-08-23","daynight":"D"}},{"type":"Feature","geometry":{"type":"Point","coordinates":[-118.27153,44.8213]},"properties":{"frp":14.18,"date":"2026-08-23","daynight":"D"}},{"type":"Feature","geometry":{"type":"Point","coordinates":[-118.2664,44.82176]},"properties":{"frp":14.18,"date":"2026-08-23","daynight":"D"}},{"type":"Feature","geometry":{"type":"Point","coordinates":[-118.26118,44.82222]},"properties":{"frp":8.28,"date":"2026-08-23","daynight":"D"}},{"type":"Feature","geometry":{"type":"Point","coordinates":[-118.27438,44.82231]},"properties":{"frp":14.69,"date":"2026-08-23","daynight":"D"}},{"type":"Feature","geometry":{"type":"Point","coordinates":[-118.2693,44.82273]},"properties":{"frp":10.84,"date":"2026-08-23","daynight":"D"}},{"type":"Feature","geometry":{"type":"Point","coordinates":[-118.26405,44.82317]},"properties":{"frp":10.84,"date":"2026-08-23","daynight":"D"}},{"type":"Feature","geometry":{"type":"Point","coordinates":[-118.2587,44.82362]},"properties":{"frp":76.48,"date":"2026-08-23","daynight":"D"}},{"type":"Feature","geometry":{"type":"Point","coordinates":[-118.25309,44.82408]},"properties":{"frp":76.48,"date":"2026-08-23","daynight":"D"}},{"type":"Feature","geometry":{"type":"Point","coordinates":[-118.27767,44.82497]},"properties":{"frp":9.64,"date":"2026-08-23","daynight":"D"}},{"type":"Feature","geometry":{"type":"Point","coordinates":[-118.27262,44.82542]},"properties":{"frp":6.32,"date":"2026-08-23","daynight":"D"}},{"type":"Feature","geometry":{"type":"Point","coordinates":[-118.26744,44.82588]},"properties":{"frp":6.32,"date":"2026-08-23","daynight":"D"}},{"type":"Feature","geometry":{"type":"Point","coordinates":[-118.28059,44.826]},"properties":{"frp":14.69,"date":"2026-08-23","daynight":"D"}},{"type":"Feature","geometry":{"type":"Point","coordinates":[-118.26205,44.82636]},"properties":{"frp":64.23,"date":"2026-08-23","daynight":"D"}},{"type":"Feature","geometry":{"type":"Point","coordinates":[-118.27549,44.82643]},"properties":{"frp":14.69,"date":"2026-08-23","daynight":"D"}},{"type":"Feature","geometry":{"type":"Point","coordinates":[-118.25642,44.82687]},"properties":{"frp":64.23,"date":"2026-08-23","daynight":"D"}},{"type":"Feature","geometry":{"type":"Point","coordinates":[-118.26497,44.82731]},"properties":{"frp":10.84,"date":"2026-08-23","daynight":"D"}},{"type":"Feature","geometry":{"type":"Point","coordinates":[-118.25038,44.8274]},"properties":{"frp":64.37,"date":"2026-08-23","daynight":"D"}},{"type":"Feature","geometry":{"type":"Point","coordinates":[-118.25944,44.82777]},"properties":{"frp":76.48,"date":"2026-08-23","daynight":"D"}},{"type":"Feature","geometry":{"type":"Point","coordinates":[-118.27885,44.82908]},"properties":{"frp":9.64,"date":"2026-08-23","daynight":"D"}},{"type":"Feature","geometry":{"type":"Point","coordinates":[-118.27367,44.82954]},"properties":{"frp":6.32,"date":"2026-08-23","daynight":"D"}},{"type":"Feature","geometry":{"type":"Point","coordinates":[-118.2683,44.83002]},"properties":{"frp":6.32,"date":"2026-08-23","daynight":"D"}},{"type":"Feature","geometry":{"type":"Point","coordinates":[-118.28175,44.83012]},"properties":{"frp":7.6,"date":"2026-08-23","daynight":"D"}},{"type":"Feature","geometry":{"type":"Point","coordinates":[-118.26277,44.83052]},"properties":{"frp":64.23,"date":"2026-08-23","daynight":"D"}},{"type":"Feature","geometry":{"type":"Point","coordinates":[-118.25693,44.83104]},"properties":{"frp":64.23,"date":"2026-08-23","daynight":"D"}},{"type":"Feature","geometry":{"type":"Point","coordinates":[-118.26575,44.83146]},"properties":{"frp":99.32,"date":"2026-08-23","daynight":"D"}},{"type":"Feature","geometry":{"type":"Point","coordinates":[-118.25086,44.83159]},"properties":{"frp":64.37,"date":"2026-08-23","daynight":"D"}},{"type":"Feature","geometry":{"type":"Point","coordinates":[-118.25996,44.83195]},"properties":{"frp":151.2,"date":"2026-08-23","daynight":"D"}},{"type":"Feature","geometry":{"type":"Point","coordinates":[-118.24031,44.83252]},"properties":{"frp":9.64,"date":"2026-08-23","daynight":"D"}},{"type":"Feature","geometry":{"type":"Point","coordinates":[-118.23801,44.83378]},"properties":{"frp":26.42,"date":"2026-08-23","daynight":"D"}},{"type":"Feature","geometry":{"type":"Point","coordinates":[-118.28283,44.83424]},"properties":{"frp":7.6,"date":"2026-08-23","daynight":"D"}},{"type":"Feature","geometry":{"type":"Point","coordinates":[-118.25434,44.83664]},"properties":{"frp":151.2,"date":"2026-08-23","daynight":"D"}},{"type":"Feature","geometry":{"type":"Point","coordinates":[-118.24912,44.83707]},"properties":{"frp":22.58,"date":"2026-08-23","daynight":"D"}},{"type":"Feature","geometry":{"type":"Point","coordinates":[-118.24411,44.8375]},"properties":{"frp":22.58,"date":"2026-08-23","daynight":"D"}},{"type":"Feature","geometry":{"type":"Point","coordinates":[-118.23898,44.83793]},"properties":{"frp":26.42,"date":"2026-08-23","daynight":"D"}},{"type":"Feature","geometry":{"type":"Point","coordinates":[-118.27867,44.83881]},"properties":{"frp":44.06,"date":"2026-08-23","daynight":"D"}},{"type":"Feature","geometry":{"type":"Point","coordinates":[-118.26702,44.83979]},"properties":{"frp":20.94,"date":"2026-08-23","daynight":"D"}},{"type":"Feature","geometry":{"type":"Point","coordinates":[-118.24532,44.84162]},"properties":{"frp":128.76,"date":"2026-08-23","daynight":"D"}},{"type":"Feature","geometry":{"type":"Point","coordinates":[-118.19254,44.84182]},"properties":{"frp":6.17,"date":"2026-08-23","daynight":"D"}},{"type":"Feature","geometry":{"type":"Point","coordinates":[-118.2401,44.84206]},"properties":{"frp":30.42,"date":"2026-08-23","daynight":"D"}},{"type":"Feature","geometry":{"type":"Point","coordinates":[-118.23505,44.84248]},"properties":{"frp":30.42,"date":"2026-08-23","daynight":"D"}},{"type":"Feature","geometry":{"type":"Point","coordinates":[-118.2795,44.84295]},"properties":{"frp":44.06,"date":"2026-08-23","daynight":"D"}},{"type":"Feature","geometry":{"type":"Point","coordinates":[-118.22544,44.84329]},"properties":{"frp":73.12,"date":"2026-08-23","daynight":"D"}},{"type":"Feature","geometry":{"type":"Point","coordinates":[-118.26168,44.84446]},"properties":{"frp":25.14,"date":"2026-08-23","daynight":"D"}},{"type":"Feature","geometry":{"type":"Point","coordinates":[-118.25622,44.84492]},"properties":{"frp":25.14,"date":"2026-08-23","daynight":"D"}},{"type":"Feature","geometry":{"type":"Point","coordinates":[-118.25133,44.84533]},"properties":{"frp":128.76,"date":"2026-08-23","daynight":"D"}},{"type":"Feature","geometry":{"type":"Point","coordinates":[-118.19805,44.84558]},"properties":{"frp":11.41,"date":"2026-08-23","daynight":"D"}},{"type":"Feature","geometry":{"type":"Point","coordinates":[-118.24656,44.84573]},"properties":{"frp":128.76,"date":"2026-08-23","daynight":"D"}},{"type":"Feature","geometry":{"type":"Point","coordinates":[-118.2915,44.84615]},"properties":{"frp":13.11,"date":"2026-08-23","daynight":"D"}},{"type":"Feature","geometry":{"type":"Point","coordinates":[-118.2412,44.84618]},"properties":{"frp":30.42,"date":"2026-08-23","daynight":"D"}},{"type":"Feature","geometry":{"type":"Point","coordinates":[-118.28619,44.8466]},"properties":{"frp":21.6,"date":"2026-08-23","daynight":"D"}},{"type":"Feature","geometry":{"type":"Point","coordinates":[-118.23607,44.84662]},"properties":{"frp":30.42,"date":"2026-08-23","daynight":"D"}},{"type":"Feature","geometry":{"type":"Point","coordinates":[-118.23148,44.847]},"properties":{"frp":73.12,"date":"2026-08-23","daynight":"D"}},{"type":"Feature","geometry":{"type":"Point","coordinates":[-118.22668,44.84741]},"properties":{"frp":73.12,"date":"2026-08-23","daynight":"D"}},{"type":"Feature","geometry":{"type":"Point","coordinates":[-118.25748,44.84903]},"properties":{"frp":7.0,"date":"2026-08-23","daynight":"D"}},{"type":"Feature","geometry":{"type":"Point","coordinates":[-118.25259,44.84945]},"properties":{"frp":13.63,"date":"2026-08-23","daynight":"D"}},{"type":"Feature","geometry":{"type":"Point","coordinates":[-118.24763,44.84986]},"properties":{"frp":13.63,"date":"2026-08-23","daynight":"D"}},{"type":"Feature","geometry":{"type":"Point","coordinates":[-118.19473,44.85009]},"properties":{"frp":11.41,"date":"2026-08-23","daynight":"D"}},{"type":"Feature","geometry":{"type":"Point","coordinates":[-118.24233,44.85032]},"properties":{"frp":17.35,"date":"2026-08-23","daynight":"D"}},{"type":"Feature","geometry":{"type":"Point","coordinates":[-118.27485,44.85178]},"properties":{"frp":66.52,"date":"2026-08-23","daynight":"D"}},{"type":"Feature","geometry":{"type":"Point","coordinates":[-118.26362,44.85273]},"properties":{"frp":7.0,"date":"2026-08-23","daynight":"D"}},{"type":"Feature","geometry":{"type":"Point","coordinates":[-118.25404,44.85355]},"properties":{"frp":13.63,"date":"2026-08-23","daynight":"D"}},{"type":"Feature","geometry":{"type":"Point","coordinates":[-118.24886,44.85398]},"properties":{"frp":13.63,"date":"2026-08-23","daynight":"D"}},{"type":"Feature","geometry":{"type":"Point","coordinates":[-118.26489,44.85684]},"properties":{"frp":22.88,"date":"2026-08-23","daynight":"D"}},{"type":"Feature","geometry":{"type":"Point","coordinates":[-118.26011,44.85725]},"properties":{"frp":22.88,"date":"2026-08-23","daynight":"D"}},{"type":"Feature","geometry":{"type":"Point","coordinates":[-118.25533,44.85766]},"properties":{"frp":18.56,"date":"2026-08-23","daynight":"D"}},{"type":"Feature","geometry":{"type":"Point","coordinates":[-118.27134,44.86051]},"properties":{"frp":10.42,"date":"2026-08-23","daynight":"D"}},{"type":"Feature","geometry":{"type":"Point","coordinates":[-118.26635,44.86094]},"properties":{"frp":22.88,"date":"2026-08-23","daynight":"D"}},{"type":"Feature","geometry":{"type":"Point","coordinates":[-121.98767,44.99926]},"properties":{"frp":14.17,"date":"2026-08-23","daynight":"D"}},{"type":"Feature","geometry":{"type":"Point","coordinates":[-121.99339,45.00222]},"properties":{"frp":7.48,"date":"2026-08-23","daynight":"D"}},{"type":"Feature","geometry":{"type":"Point","coordinates":[-121.98785,45.00287]},"properties":{"frp":10.39,"date":"2026-08-23","daynight":"D"}},{"type":"Feature","geometry":{"type":"Point","coordinates":[-121.98209,45.00354]},"properties":{"frp":10.39,"date":"2026-08-23","daynight":"D"}},{"type":"Feature","geometry":{"type":"Point","coordinates":[-121.99371,45.00581]},"properties":{"frp":7.48,"date":"2026-08-23","daynight":"D"}},{"type":"Feature","geometry":{"type":"Point","coordinates":[-121.99953,45.03058]},"properties":{"frp":7.98,"date":"2026-08-23","daynight":"D"}},{"type":"Feature","geometry":{"type":"Point","coordinates":[-122.08745,45.12815]},"properties":{"frp":7.41,"date":"2026-08-23","daynight":"D"}},{"type":"Feature","geometry":{"type":"Point","coordinates":[-122.08089,45.12893]},"properties":{"frp":8.07,"date":"2026-08-23","daynight":"D"}},{"type":"Feature","geometry":{"type":"Point","coordinates":[-122.08852,45.13529]},"properties":{"frp":8.54,"date":"2026-08-23","daynight":"D"}},{"type":"Feature","geometry":{"type":"Point","coordinates":[-121.54634,45.25805]},"properties":{"frp":3.19,"date":"2026-08-23","daynight":"D"}},{"type":"Feature","geometry":{"type":"Point","coordinates":[-118.19797,45.59224]},"properties":{"frp":6.73,"date":"2026-08-23","daynight":"D"}},{"type":"Feature","geometry":{"type":"Point","coordinates":[-118.22238,45.60731]},"properties":{"frp":4.34,"date":"2026-08-23","daynight":"D"}},{"type":"Feature","geometry":{"type":"Point","coordinates":[-114.64777,45.70855]},"properties":{"frp":7.65,"date":"2026-08-23","daynight":"D"}},{"type":"Feature","geometry":{"type":"Point","coordinates":[-114.64805,45.70956]},"properties":{"frp":7.35,"date":"2026-08-23","daynight":"D"}},{"type":"Feature","geometry":{"type":"Point","coordinates":[-118.01714,45.96519]},"properties":{"frp":8.84,"date":"2026-08-23","daynight":"D"}},{"type":"Feature","geometry":{"type":"Point","coordinates":[-117.96933,45.97335]},"properties":{"frp":4.37,"date":"2026-08-23","daynight":"D"}},{"type":"Feature","geometry":{"type":"Point","coordinates":[-118.023,45.98203]},"properties":{"frp":13.0,"date":"2026-08-23","daynight":"D"}},{"type":"Feature","geometry":{"type":"Point","coordinates":[-117.95949,45.98716]},"properties":{"frp":7.72,"date":"2026-08-23","daynight":"D"}},{"type":"Feature","geometry":{"type":"Point","coordinates":[-115.12623,46.06515]},"properties":{"frp":27.69,"date":"2026-08-23","daynight":"D"}},{"type":"Feature","geometry":{"type":"Point","coordinates":[-115.11993,46.0655]},"properties":{"frp":18.52,"date":"2026-08-23","daynight":"D"}},{"type":"Feature","geometry":{"type":"Point","coordinates":[-115.10356,46.07138]},"properties":{"frp":13.61,"date":"2026-08-23","daynight":"D"}},{"type":"Feature","geometry":{"type":"Point","coordinates":[-115.09514,46.07185]},"properties":{"frp":13.61,"date":"2026-08-23","daynight":"D"}},{"type":"Feature","geometry":{"type":"Point","coordinates":[-115.10162,46.07647]},"properties":{"frp":13.61,"date":"2026-08-23","daynight":"D"}},{"type":"Feature","geometry":{"type":"Point","coordinates":[-115.15975,46.08314]},"properties":{"frp":21.23,"date":"2026-08-23","daynight":"D"}},{"type":"Feature","geometry":{"type":"Point","coordinates":[-115.16319,46.0879]},"properties":{"frp":15.22,"date":"2026-08-23","daynight":"D"}},{"type":"Feature","geometry":{"type":"Point","coordinates":[-115.07957,46.09266]},"properties":{"frp":21.59,"date":"2026-08-23","daynight":"D"}},{"type":"Feature","geometry":{"type":"Point","coordinates":[-115.07162,46.09311]},"properties":{"frp":21.59,"date":"2026-08-23","daynight":"D"}},{"type":"Feature","geometry":{"type":"Point","coordinates":[-115.15796,46.09315]},"properties":{"frp":15.22,"date":"2026-08-23","daynight":"D"}},{"type":"Feature","geometry":{"type":"Point","coordinates":[-115.15076,46.0948]},"properties":{"frp":212.84,"date":"2026-08-23","daynight":"D"}},{"type":"Feature","geometry":{"type":"Point","coordinates":[-115.05122,46.11917]},"properties":{"frp":5.11,"date":"2026-08-23","daynight":"D"}},{"type":"Feature","geometry":{"type":"Point","coordinates":[-115.05183,46.11985]},"properties":{"frp":59.63,"date":"2026-08-23","daynight":"D"}},{"type":"Feature","geometry":{"type":"Point","coordinates":[-115.07093,46.12304]},"properties":{"frp":10.36,"date":"2026-08-23","daynight":"D"}},{"type":"Feature","geometry":{"type":"Point","coordinates":[-115.0714,46.12381]},"properties":{"frp":8.13,"date":"2026-08-23","daynight":"D"}},{"type":"Feature","geometry":{"type":"Point","coordinates":[-115.05315,46.12405]},"properties":{"frp":90.34,"date":"2026-08-23","daynight":"D"}},{"type":"Feature","geometry":{"type":"Point","coordinates":[-115.04156,46.12473]},"properties":{"frp":26.03,"date":"2026-08-23","daynight":"D"}},{"type":"Feature","geometry":{"type":"Point","coordinates":[-115.05367,46.12474]},"properties":{"frp":59.63,"date":"2026-08-23","daynight":"D"}},{"type":"Feature","geometry":{"type":"Point","coordinates":[-115.08861,46.25839]},"properties":{"frp":8.94,"date":"2026-08-23","daynight":"D"}},{"type":"Feature","geometry":{"type":"Point","coordinates":[-115.0815,46.25877]},"properties":{"frp":8.64,"date":"2026-08-23","daynight":"D"}},{"type":"Feature","geometry":{"type":"Point","coordinates":[-115.09007,46.26329]},"properties":{"frp":117.39,"date":"2026-08-23","daynight":"D"}},{"type":"Feature","geometry":{"type":"Point","coordinates":[-115.08546,46.27351]},"properties":{"frp":13.05,"date":"2026-08-23","daynight":"D"}},{"type":"Feature","geometry":{"type":"Point","coordinates":[-118.78692,46.32786]},"properties":{"frp":6.46,"date":"2026-08-23","daynight":"D"}},{"type":"Feature","geometry":{"type":"Point","coordinates":[-115.39054,46.48251]},"properties":{"frp":12.55,"date":"2026-08-23","daynight":"D"}},{"type":"Feature","geometry":{"type":"Point","coordinates":[-115.22893,46.8032]},"properties":{"frp":46.83,"date":"2026-08-23","daynight":"D"}},{"type":"Feature","geometry":{"type":"Point","coordinates":[-117.25614,46.80832]},"properties":{"frp":31.88,"date":"2026-08-23","daynight":"D"}},{"type":"Feature","geometry":{"type":"Point","coordinates":[-117.25025,46.80875]},"properties":{"frp":67.74,"date":"2026-08-23","daynight":"D"}},{"type":"Feature","geometry":{"type":"Point","coordinates":[-117.24432,46.80918]},"properties":{"frp":67.74,"date":"2026-08-23","daynight":"D"}},{"type":"Feature","geometry":{"type":"Point","coordinates":[-117.23778,46.80966]},"properties":{"frp":126.76,"date":"2026-08-23","daynight":"D"}},{"type":"Feature","geometry":{"type":"Point","coordinates":[-117.23098,46.81015]},"properties":{"frp":126.76,"date":"2026-08-23","daynight":"D"}},{"type":"Feature","geometry":{"type":"Point","coordinates":[-117.25677,46.8128]},"properties":{"frp":31.88,"date":"2026-08-23","daynight":"D"}},{"type":"Feature","geometry":{"type":"Point","coordinates":[-117.25088,46.81323]},"properties":{"frp":67.74,"date":"2026-08-23","daynight":"D"}},{"type":"Feature","geometry":{"type":"Point","coordinates":[-117.2319,46.81462]},"properties":{"frp":126.76,"date":"2026-08-23","daynight":"D"}},{"type":"Feature","geometry":{"type":"Point","coordinates":[-117.24211,46.81584]},"properties":{"frp":99.26,"date":"2026-08-23","daynight":"D"}},{"type":"Feature","geometry":{"type":"Point","coordinates":[-117.23563,46.81628]},"properties":{"frp":70.63,"date":"2026-08-23","daynight":"D"}},{"type":"Feature","geometry":{"type":"Point","coordinates":[-121.15096,47.38665]},"properties":{"frp":11.68,"date":"2026-08-23","daynight":"D"}},{"type":"Feature","geometry":{"type":"Point","coordinates":[-121.14485,47.38727]},"properties":{"frp":16.96,"date":"2026-08-23","daynight":"D"}},{"type":"Feature","geometry":{"type":"Point","coordinates":[-121.152,47.39038]},"properties":{"frp":11.68,"date":"2026-08-23","daynight":"D"}},{"type":"Feature","geometry":{"type":"Point","coordinates":[-121.14582,47.39101]},"properties":{"frp":16.96,"date":"2026-08-23","daynight":"D"}},{"type":"Feature","geometry":{"type":"Point","coordinates":[-113.05724,47.40823]},"properties":{"frp":5.28,"date":"2026-08-23","daynight":"D"}},{"type":"Feature","geometry":{"type":"Point","coordinates":[-113.05312,47.40836]},"properties":{"frp":5.28,"date":"2026-08-23","daynight":"D"}},{"type":"Feature","geometry":{"type":"Point","coordinates":[-113.08516,47.41282]},"properties":{"frp":30.19,"date":"2026-08-23","daynight":"D"}},{"type":"Feature","geometry":{"type":"Point","coordinates":[-113.08043,47.41298]},"properties":{"frp":30.19,"date":"2026-08-23","daynight":"D"}},{"type":"Feature","geometry":{"type":"Point","coordinates":[-113.02843,47.4147]},"properties":{"frp":12.58,"date":"2026-08-23","daynight":"D"}},{"type":"Feature","geometry":{"type":"Point","coordinates":[-113.02071,47.41496]},"properties":{"frp":8.43,"date":"2026-08-23","daynight":"D"}},{"type":"Feature","geometry":{"type":"Point","coordinates":[-113.09058,47.41816]},"properties":{"frp":96.12,"date":"2026-08-23","daynight":"D"}},{"type":"Feature","geometry":{"type":"Point","coordinates":[-113.08556,47.41833]},"properties":{"frp":30.19,"date":"2026-08-23","daynight":"D"}},{"type":"Feature","geometry":{"type":"Point","coordinates":[-113.08064,47.4185]},"properties":{"frp":30.19,"date":"2026-08-23","daynight":"D"}},{"type":"Feature","geometry":{"type":"Point","coordinates":[-113.07128,47.41881]},"properties":{"frp":31.51,"date":"2026-08-23","daynight":"D"}},{"type":"Feature","geometry":{"type":"Point","coordinates":[-113.06693,47.41896]},"properties":{"frp":20.63,"date":"2026-08-23","daynight":"D"}},{"type":"Feature","geometry":{"type":"Point","coordinates":[-113.03432,47.42004]},"properties":{"frp":12.58,"date":"2026-08-23","daynight":"D"}},{"type":"Feature","geometry":{"type":"Point","coordinates":[-113.01651,47.42064]},"properties":{"frp":8.43,"date":"2026-08-23","daynight":"D"}},{"type":"Feature","geometry":{"type":"Point","coordinates":[-113.004,47.42105]},"properties":{"frp":16.02,"date":"2026-08-23","daynight":"D"}},{"type":"Feature","geometry":{"type":"Point","coordinates":[-113.06256,47.42463]},"properties":{"frp":369.25,"date":"2026-08-23","daynight":"D"}},{"type":"Feature","geometry":{"type":"Point","coordinates":[-113.05808,47.42478]},"properties":{"frp":32.84,"date":"2026-08-23","daynight":"D"}},{"type":"Feature","geometry":{"type":"Point","coordinates":[-113.0535,47.42494]},"properties":{"frp":32.84,"date":"2026-08-23","daynight":"D"}},{"type":"Feature","geometry":{"type":"Point","coordinates":[-113.04892,47.42509]},"properties":{"frp":13.8,"date":"2026-08-23","daynight":"D"}},{"type":"Feature","geometry":{"type":"Point","coordinates":[-113.03268,47.42563]},"properties":{"frp":9.21,"date":"2026-08-23","daynight":"D"}},{"type":"Feature","geometry":{"type":"Point","coordinates":[-113.02851,47.42577]},"properties":{"frp":9.21,"date":"2026-08-23","daynight":"D"}},{"type":"Feature","geometry":{"type":"Point","coordinates":[-113.06281,47.43015]},"properties":{"frp":369.25,"date":"2026-08-23","daynight":"D"}},{"type":"Feature","geometry":{"type":"Point","coordinates":[-113.05821,47.43031]},"properties":{"frp":32.84,"date":"2026-08-23","daynight":"D"}},{"type":"Feature","geometry":{"type":"Point","coordinates":[-113.05329,47.43047]},"properties":{"frp":32.84,"date":"2026-08-23","daynight":"D"}},{"type":"Feature","geometry":{"type":"Point","coordinates":[-113.04832,47.43064]},"properties":{"frp":13.8,"date":"2026-08-23","daynight":"D"}},{"type":"Feature","geometry":{"type":"Point","coordinates":[-113.10452,47.43423]},"properties":{"frp":9.63,"date":"2026-08-23","daynight":"D"}},{"type":"Feature","geometry":{"type":"Point","coordinates":[-113.08041,47.43507]},"properties":{"frp":26.57,"date":"2026-08-23","daynight":"D"}},{"type":"Feature","geometry":{"type":"Point","coordinates":[-113.07416,47.43528]},"properties":{"frp":26.57,"date":"2026-08-23","daynight":"D"}},{"type":"Feature","geometry":{"type":"Point","coordinates":[-113.06837,47.43548]},"properties":{"frp":29.24,"date":"2026-08-23","daynight":"D"}},{"type":"Feature","geometry":{"type":"Point","coordinates":[-113.06389,47.43563]},"properties":{"frp":29.24,"date":"2026-08-23","daynight":"D"}},{"type":"Feature","geometry":{"type":"Point","coordinates":[-113.05989,47.43577]},"properties":{"frp":14.81,"date":"2026-08-23","daynight":"D"}},{"type":"Feature","geometry":{"type":"Point","coordinates":[-113.05582,47.43591]},"properties":{"frp":14.81,"date":"2026-08-23","daynight":"D"}},{"type":"Feature","geometry":{"type":"Point","coordinates":[-113.03135,47.43674]},"properties":{"frp":16.69,"date":"2026-08-23","daynight":"D"}},{"type":"Feature","geometry":{"type":"Point","coordinates":[-113.08731,47.44035]},"properties":{"frp":14.59,"date":"2026-08-23","daynight":"D"}},{"type":"Feature","geometry":{"type":"Point","coordinates":[-113.06023,47.44129]},"properties":{"frp":14.81,"date":"2026-08-23","daynight":"D"}},{"type":"Feature","geometry":{"type":"Point","coordinates":[-113.0563,47.44142]},"properties":{"frp":14.81,"date":"2026-08-23","daynight":"D"}},{"type":"Feature","geometry":{"type":"Point","coordinates":[-113.06551,47.44663]},"properties":{"frp":7.78,"date":"2026-08-23","daynight":"D"}},{"type":"Feature","geometry":{"type":"Point","coordinates":[-121.06185,47.45696]},"properties":{"frp":9.71,"date":"2026-08-23","daynight":"D"}},{"type":"Feature","geometry":{"type":"Point","coordinates":[-121.06177,47.45752]},"properties":{"frp":10.51,"date":"2026-08-23","daynight":"D"}},{"type":"Feature","geometry":{"type":"Point","coordinates":[-121.23456,47.46646]},"properties":{"frp":10.41,"date":"2026-08-23","daynight":"D"}},{"type":"Feature","geometry":{"type":"Point","coordinates":[-120.61983,47.83737]},"properties":{"frp":23.08,"date":"2026-08-23","daynight":"D"}},{"type":"Feature","geometry":{"type":"Point","coordinates":[-120.62103,47.8412]},"properties":{"frp":23.08,"date":"2026-08-23","daynight":"D"}},{"type":"Feature","geometry":{"type":"Point","coordinates":[-120.62215,47.84504]},"properties":{"frp":21.14,"date":"2026-08-23","daynight":"D"}},{"type":"Feature","geometry":{"type":"Point","coordinates":[-120.55404,47.84756]},"properties":{"frp":4.49,"date":"2026-08-23","daynight":"D"}},{"type":"Feature","geometry":{"type":"Point","coordinates":[-120.62331,47.84887]},"properties":{"frp":21.14,"date":"2026-08-23","daynight":"D"}},{"type":"Feature","geometry":{"type":"Point","coordinates":[-120.61759,47.84942]},"properties":{"frp":10.25,"date":"2026-08-23","daynight":"D"}},{"type":"Feature","geometry":{"type":"Point","coordinates":[-120.56269,47.8507]},"properties":{"frp":60.85,"date":"2026-08-23","daynight":"D"}},{"type":"Feature","geometry":{"type":"Point","coordinates":[-120.55468,47.85146]},"properties":{"frp":60.85,"date":"2026-08-23","daynight":"D"}},{"type":"Feature","geometry":{"type":"Point","coordinates":[-120.546,47.85228]},"properties":{"frp":5.6,"date":"2026-08-23","daynight":"D"}},{"type":"Feature","geometry":{"type":"Point","coordinates":[-120.57083,47.85388]},"properties":{"frp":16.69,"date":"2026-08-23","daynight":"D"}},{"type":"Feature","geometry":{"type":"Point","coordinates":[-120.55531,47.85535]},"properties":{"frp":60.85,"date":"2026-08-23","daynight":"D"}},{"type":"Feature","geometry":{"type":"Point","coordinates":[-120.65247,47.85791]},"properties":{"frp":9.62,"date":"2026-08-23","daynight":"D"}},{"type":"Feature","geometry":{"type":"Point","coordinates":[-120.64581,47.85855]},"properties":{"frp":93.51,"date":"2026-08-23","daynight":"D"}},{"type":"Feature","geometry":{"type":"Point","coordinates":[-120.62684,47.86038]},"properties":{"frp":161.52,"date":"2026-08-23","daynight":"D"}},{"type":"Feature","geometry":{"type":"Point","coordinates":[-120.64687,47.86239]},"properties":{"frp":93.51,"date":"2026-08-23","daynight":"D"}},{"type":"Feature","geometry":{"type":"Point","coordinates":[-120.6405,47.86301]},"properties":{"frp":93.51,"date":"2026-08-23","daynight":"D"}},{"type":"Feature","geometry":{"type":"Point","coordinates":[-120.37502,47.86436]},"properties":{"frp":6.65,"date":"2026-08-23","daynight":"D"}},{"type":"Feature","geometry":{"type":"Point","coordinates":[-120.62207,47.86478]},"properties":{"frp":19.75,"date":"2026-08-23","daynight":"D"}},{"type":"Feature","geometry":{"type":"Point","coordinates":[-120.369,47.8689]},"properties":{"frp":13.14,"date":"2026-08-23","daynight":"D"}},{"type":"Feature","geometry":{"type":"Point","coordinates":[-120.38638,47.87924]},"properties":{"frp":11.74,"date":"2026-08-23","daynight":"D"}},{"type":"Feature","geometry":{"type":"Point","coordinates":[-120.39476,47.89439]},"properties":{"frp":14.63,"date":"2026-08-23","daynight":"D"}},{"type":"Feature","geometry":{"type":"Point","coordinates":[-120.61281,47.9091]},"properties":{"frp":6.13,"date":"2026-08-23","daynight":"D"}},{"type":"Feature","geometry":{"type":"Point","coordinates":[-120.606,47.90976]},"properties":{"frp":8.86,"date":"2026-08-23","daynight":"D"}},{"type":"Feature","geometry":{"type":"Point","coordinates":[-120.38823,47.91493]},"properties":{"frp":19.36,"date":"2026-08-23","daynight":"D"}},{"type":"Feature","geometry":{"type":"Point","coordinates":[-120.39103,47.92263]},"properties":{"frp":6.98,"date":"2026-08-23","daynight":"D"}},{"type":"Feature","geometry":{"type":"Point","coordinates":[-120.81641,48.05263]},"properties":{"frp":13.68,"date":"2026-08-23","daynight":"D"}},{"type":"Feature","geometry":{"type":"Point","coordinates":[-120.81719,48.05648]},"properties":{"frp":11.89,"date":"2026-08-23","daynight":"D"}},{"type":"Feature","geometry":{"type":"Point","coordinates":[-120.81897,48.06416]},"properties":{"frp":11.46,"date":"2026-08-23","daynight":"D"}},{"type":"Feature","geometry":{"type":"Point","coordinates":[-115.0572,48.1422]},"properties":{"frp":4.15,"date":"2026-08-23","daynight":"D"}},{"type":"Feature","geometry":{"type":"Point","coordinates":[-115.06168,48.14707]},"properties":{"frp":4.19,"date":"2026-08-23","daynight":"D"}},{"type":"Feature","geometry":{"type":"Point","coordinates":[-115.08292,48.15114]},"properties":{"frp":4.53,"date":"2026-08-23","daynight":"D"}},{"type":"Feature","geometry":{"type":"Point","coordinates":[-120.82823,48.32898]},"properties":{"frp":32.61,"date":"2026-08-23","daynight":"D"}},{"type":"Feature","geometry":{"type":"Point","coordinates":[-120.82258,48.32953]},"properties":{"frp":32.61,"date":"2026-08-23","daynight":"D"}},{"type":"Feature","geometry":{"type":"Point","coordinates":[-120.8226,48.33062]},"properties":{"frp":42.77,"date":"2026-08-23","daynight":"D"}},{"type":"Feature","geometry":{"type":"Point","coordinates":[-120.82879,48.33286]},"properties":{"frp":58.55,"date":"2026-08-23","daynight":"D"}},{"type":"Feature","geometry":{"type":"Point","coordinates":[-120.82886,48.33395]},"properties":{"frp":80.65,"date":"2026-08-23","daynight":"D"}},{"type":"Feature","geometry":{"type":"Point","coordinates":[-114.68218,48.51066]},"properties":{"frp":6.99,"date":"2026-08-23","daynight":"D"}},{"type":"Feature","geometry":{"type":"Point","coordinates":[-119.86627,48.88903]},"properties":{"frp":3.4,"date":"2026-08-23","daynight":"D"}}]}